dataset,model,n_budget,instance_idx,M,method,allocation,explor_share_realized,n_exploration,n_estimation,spearman_mean,spearman_std,kendall_mean,top3_mean,top5_mean,mse,mse_ratio_b2,kendall_per_run,kendall_std,mse_ci_lower,mse_ci_upper,mse_norm,mse_norm_std,mse_per_run,mse_std,n_coal_final,spearman_ci_lower,spearman_ci_upper,spearman_per_run,time_mean,time_std,top3_per_run,top3_std,top5_per_run,top5_std,variance
california,ridge,5000,0,8,abc_shap,A0,0.9922,4961.0,39.0,1.0,0.0,0.9999999999999998,1.0,1.0,1.7499527502965594e-14,495.5400741071985,"[0.9999999999999998, 0.9999999999999998, 0.9999999999999998, 0.9999999999999998, 0.9999999999999998, 0.9999999999999998, 0.9999999999999998, 0.9999999999999998, 0.9999999999999998, 0.9999999999999998, 0.9999999999999998, 0.9999999999999998, 0.9999999999999998, 0.9999999999999998, 0.9999999999999998, 0.9999999999999998, 0.9999999999999998, 0.9999999999999998, 0.9999999999999998, 0.9999999999999998, 0.9999999999999998, 0.9999999999999998, 0.9999999999999998, 0.9999999999999998, 0.9999999999999998, 0.9999999999999998, 0.9999999999999998, 0.9999999999999998, 0.9999999999999998, 0.9999999999999998]",0.0,7.331333666136926e-15,3.124599891289914e-14,2.1874409378706997e-15,4.421519033139782e-15,"[1.0148764830868838e-15, 4.4757711838753695e-15, 2.5400697815555045e-14, 2.2668022318643908e-15, 1.1250840173228466e-14, 1.2402456761039972e-14, 2.67372075540145e-15, 7.059469787531921e-15, 3.711496542656904e-15, 7.794678716071134e-15, 6.6854179886206065e-15, 2.43176997422662e-14, 1.3357315491311095e-14, 1.1236666435217028e-13, 5.287878484232684e-15, 1.4121551492189314e-14, 8.314057374783935e-15, 3.1910856873519832e-15, 3.219280817219242e-15, 1.747470428156758e-13, 4.4966238670840855e-15, 6.677684661665544e-15, 2.8295041679120666e-15, 7.861647811246462e-15, 3.840645857567816e-15, 1.2038985837298422e-14, 5.040182064305081e-15, 1.0153363403138e-15, 3.1416121491524934e-14, 6.110288293917029e-15]",3.537215226511825e-14,4961.0,1.0,1.0,"[1.0, 1.0, 1.0, 1.0, 1.0, 1.0, 1.0, 1.0, 1.0, 1.0, 1.0, 1.0, 1.0, 1.0, 1.0, 1.0, 1.0, 1.0, 1.0, 1.0, 1.0, 1.0, 1.0, 1.0, 1.0, 1.0, 1.0, 1.0, 1.0, 1.0]",1.452339143313778,0.3079293507644575,"[1.0, 1.0, 1.0, 1.0, 1.0, 1.0, 1.0, 1.0, 1.0, 1.0, 1.0, 1.0, 1.0, 1.0, 1.0, 1.0, 1.0, 1.0, 1.0, 1.0, 1.0, 1.0, 1.0, 1.0, 1.0, 1.0, 1.0, 1.0, 1.0, 1.0]",0.0,"[1.0, 1.0, 1.0, 1.0, 1.0, 1.0, 1.0, 1.0, 1.0, 1.0, 1.0, 1.0, 1.0, 1.0, 1.0, 1.0, 1.0, 1.0, 1.0, 1.0, 1.0, 1.0, 1.0, 1.0, 1.0, 1.0, 1.0, 1.0, 1.0, 1.0]",0.0,2.1656059788137094e-15
california,ridge,5000,0,8,b1_uniform,A0,0.0,0.0,5000.0,1.0,0.0,0.9999999999999998,1.0,1.0,3.912267923035538e-16,11.078502183442968,"[0.9999999999999998, 0.9999999999999998, 0.9999999999999998, 0.9999999999999998, 0.9999999999999998, 0.9999999999999998, 0.9999999999999998, 0.9999999999999998, 0.9999999999999998, 0.9999999999999998, 0.9999999999999998, 0.9999999999999998, 0.9999999999999998, 0.9999999999999998, 0.9999999999999998, 0.9999999999999998, 0.9999999999999998, 0.9999999999999998, 0.9999999999999998, 0.9999999999999998, 0.9999999999999998, 0.9999999999999998, 0.9999999999999998, 0.9999999999999998, 0.9999999999999998, 0.9999999999999998, 0.9999999999999998, 0.9999999999999998, 0.9999999999999998, 0.9999999999999998]",0.0,3.216217952930576e-16,4.733700367792704e-16,4.890334903794424e-17,2.5819761936238415e-17,"[4.0777099874569527e-16, 4.2577096223433846e-16, 1.2587401596708737e-16, 5.791476819057051e-16, 4.0350071400704665e-16, 1.170119492112918e-16, 2.0145958100738344e-16, 5.416474176368787e-16, 2.706845154176081e-16, 3.8848539997210654e-16, 4.822971144089091e-16, 4.806959642763227e-16, 5.736805462091744e-16, 3.7123447967842573e-16, 1.1649528124515887e-16, 3.504054241839963e-16, 5.254677299035187e-16, 4.415832442111099e-16, 3.988242808065147e-16, 3.5203916858270513e-16, 1.1197738127281265e-15, 1.7817272592579907e-16, 3.7984691181664304e-16, 3.920490869779916e-16, 2.8642051930709947e-16, 2.966503044371138e-16, 1.868797741641476e-16, 8.336383286920076e-16, 2.991856614527191e-16, 2.101101739939881e-16]",2.0655809548990727e-16,5000.0,1.0,1.0,"[1.0, 1.0, 1.0, 1.0, 1.0, 1.0, 1.0, 1.0, 1.0, 1.0, 1.0, 1.0, 1.0, 1.0, 1.0, 1.0, 1.0, 1.0, 1.0, 1.0, 1.0, 1.0, 1.0, 1.0, 1.0, 1.0, 1.0, 1.0, 1.0, 1.0]",0.5881785566840941,0.1158794166471213,"[1.0, 1.0, 1.0, 1.0, 1.0, 1.0, 1.0, 1.0, 1.0, 1.0, 1.0, 1.0, 1.0, 1.0, 1.0, 1.0, 1.0, 1.0, 1.0, 1.0, 1.0, 1.0, 1.0, 1.0, 1.0, 1.0, 1.0, 1.0, 1.0, 1.0]",0.0,"[1.0, 1.0, 1.0, 1.0, 1.0, 1.0, 1.0, 1.0, 1.0, 1.0, 1.0, 1.0, 1.0, 1.0, 1.0, 1.0, 1.0, 1.0, 1.0, 1.0, 1.0, 1.0, 1.0, 1.0, 1.0, 1.0, 1.0, 1.0, 1.0, 1.0]",0.0,2.1090360571638485e-17
california,ridge,5000,0,8,b2_stratified,A0,0.0,0.0,5000.0,1.0,0.0,0.9999999999999998,1.0,1.0,3.5314051107761635e-17,1.0,"[0.9999999999999998, 0.9999999999999998, 0.9999999999999998, 0.9999999999999998, 0.9999999999999998, 0.9999999999999998, 0.9999999999999998, 0.9999999999999998, 0.9999999999999998, 0.9999999999999998, 0.9999999999999998, 0.9999999999999998, 0.9999999999999998, 0.9999999999999998, 0.9999999999999998, 0.9999999999999998, 0.9999999999999998, 0.9999999999999998, 0.9999999999999998, 0.9999999999999998, 0.9999999999999998, 0.9999999999999998, 0.9999999999999998, 0.9999999999999998, 0.9999999999999998, 0.9999999999999998, 0.9999999999999998, 0.9999999999999998, 0.9999999999999998, 0.9999999999999998]",0.0,2.864007617994867e-17,4.2910889353409947e-17,4.414256388470205e-18,2.46573960821979e-18,"[1.7284071974438577e-17, 1.9696248396736764e-17, 3.3980729649456046e-17, 7.540433236276288e-17, 3.2774555112591677e-17, 2.555747358717868e-17, 8.12328104471365e-17, 1.4222557770138846e-17, 1.490680034331832e-17, 1.5923208008800512e-17, 1.947150462640077e-17, 7.589698409214715e-18, 1.3497051779732314e-17, 4.918742907134727e-17, 5.196291984492733e-17, 4.2252052871207395e-17, 6.182447801880515e-17, 4.691250034342899e-17, 3.984231498670628e-17, 3.641859369179367e-17, 7.956497411343985e-17, 5.682180655999579e-17, 2.2811050829911307e-17, 2.720190035463063e-17, 3.774280730771393e-17, 2.119303672342898e-17, 2.2807614690698614e-17, 3.0782012910511887e-17, 3.733331588676755e-17, 2.322168255962802e-17]",1.972591686575832e-17,5000.0,1.0,1.0,"[1.0, 1.0, 1.0, 1.0, 1.0, 1.0, 1.0, 1.0, 1.0, 1.0, 1.0, 1.0, 1.0, 1.0, 1.0, 1.0, 1.0, 1.0, 1.0, 1.0, 1.0, 1.0, 1.0, 1.0, 1.0, 1.0, 1.0, 1.0, 1.0, 1.0]",0.6203679000027478,0.1287411547456633,"[1.0, 1.0, 1.0, 1.0, 1.0, 1.0, 1.0, 1.0, 1.0, 1.0, 1.0, 1.0, 1.0, 1.0, 1.0, 1.0, 1.0, 1.0, 1.0, 1.0, 1.0, 1.0, 1.0, 1.0, 1.0, 1.0, 1.0, 1.0, 1.0, 1.0]",0.0,"[1.0, 1.0, 1.0, 1.0, 1.0, 1.0, 1.0, 1.0, 1.0, 1.0, 1.0, 1.0, 1.0, 1.0, 1.0, 1.0, 1.0, 1.0, 1.0, 1.0, 1.0, 1.0, 1.0, 1.0, 1.0, 1.0, 1.0, 1.0, 1.0, 1.0]",0.0,4.044316286959373e-18
california,ridge,5000,0,8,b3_is,A0,0.0,0.0,5000.0,1.0,0.0,0.9999999999999998,1.0,1.0,1.7029096941376822e-16,4.8221873184167245,"[0.9999999999999998, 0.9999999999999998, 0.9999999999999998, 0.9999999999999998, 0.9999999999999998, 0.9999999999999998, 0.9999999999999998, 0.9999999999999998, 0.9999999999999998, 0.9999999999999998, 0.9999999999999998, 0.9999999999999998, 0.9999999999999998, 0.9999999999999998, 0.9999999999999998, 0.9999999999999998, 0.9999999999999998, 0.9999999999999998, 0.9999999999999998, 0.9999999999999998, 0.9999999999999998, 0.9999999999999998, 0.9999999999999998, 0.9999999999999998, 0.9999999999999998, 0.9999999999999998, 0.9999999999999998, 0.9999999999999998, 0.9999999999999998, 0.9999999999999998]",0.0,1.5516159790248334e-16,1.850197931641419e-16,2.1286371176721028e-17,5.447126179907498e-18,"[1.9465920282954772e-16, 1.5436032194287248e-16, 1.5474559675131702e-16, 1.7178711580408272e-16, 1.246009277298913e-16, 1.019043468222835e-16, 2.1073295269514657e-16, 1.405767643080185e-16, 2.0507410219426229e-16, 1.9786377322940427e-16, 2.0076069338730952e-16, 2.1809783214401698e-16, 1.8327074057154053e-16, 1.6807022335063576e-16, 1.9649094675630855e-16, 1.9186061251855437e-16, 2.383647233578075e-16, 1.4688111744932432e-16, 1.2899317382535633e-16, 2.7582285643549876e-16, 1.3559773553203194e-16, 1.6704548181494951e-16, 6.999414495906e-17, 1.329972397442291e-16, 2.2894184832008036e-16, 1.1341531102815963e-16, 1.7448603977120083e-16, 1.2884378753558043e-16, 1.5485362526283177e-16, 1.976358443417451e-16]",4.357700943925999e-17,5000.0,1.0,1.0,"[1.0, 1.0, 1.0, 1.0, 1.0, 1.0, 1.0, 1.0, 1.0, 1.0, 1.0, 1.0, 1.0, 1.0, 1.0, 1.0, 1.0, 1.0, 1.0, 1.0, 1.0, 1.0, 1.0, 1.0, 1.0, 1.0, 1.0, 1.0, 1.0, 1.0]",0.8035549333474289,0.2011061017213531,"[1.0, 1.0, 1.0, 1.0, 1.0, 1.0, 1.0, 1.0, 1.0, 1.0, 1.0, 1.0, 1.0, 1.0, 1.0, 1.0, 1.0, 1.0, 1.0, 1.0, 1.0, 1.0, 1.0, 1.0, 1.0, 1.0, 1.0, 1.0, 1.0, 1.0]",0.0,"[1.0, 1.0, 1.0, 1.0, 1.0, 1.0, 1.0, 1.0, 1.0, 1.0, 1.0, 1.0, 1.0, 1.0, 1.0, 1.0, 1.0, 1.0, 1.0, 1.0, 1.0, 1.0, 1.0, 1.0, 1.0, 1.0, 1.0, 1.0, 1.0, 1.0]",0.0,2.616627397170869e-18
california,ridge,5000,0,8,b4_antithetic,A0,0.0,0.0,5000.0,1.0,0.0,0.9999999999999998,1.0,1.0,3.6530598071687527e-16,10.344493742791949,"[0.9999999999999998, 0.9999999999999998, 0.9999999999999998, 0.9999999999999998, 0.9999999999999998, 0.9999999999999998, 0.9999999999999998, 0.9999999999999998, 0.9999999999999998, 0.9999999999999998, 0.9999999999999998, 0.9999999999999998, 0.9999999999999998, 0.9999999999999998, 0.9999999999999998, 0.9999999999999998, 0.9999999999999998, 0.9999999999999998, 0.9999999999999998, 0.9999999999999998, 0.9999999999999998, 0.9999999999999998, 0.9999999999999998, 0.9999999999999998, 0.9999999999999998, 0.9999999999999998, 0.9999999999999998, 0.9999999999999998, 0.9999999999999998, 0.9999999999999998]",0.0,3.151369591650293e-16,4.194602645891334e-16,4.566324758960941e-17,1.822540931460588e-17,"[3.4082226335692306e-16, 3.6832876046794745e-16, 3.2084405186646414e-16, 6.542621570200303e-16, 2.2810674134498035e-16, 4.931434576448439e-16, 3.0750101390415277e-16, 1.740482416846497e-16, 2.291442415443435e-16, 6.272975394053861e-16, 3.374639181087856e-16, 5.303506880097388e-16, 4.4201484990722505e-16, 3.435090197807481e-16, 2.0762368076765703e-16, 1.402738640727429e-16, 2.9571563801680664e-16, 3.2047567498825906e-16, 1.5580439849105994e-16, 3.592802827311623e-16, 4.582893884583321e-16, 5.941424054669801e-16, 3.9739727925433264e-16, 5.799408906666022e-16, 2.1469819303212311e-16, 6.143584043178847e-16, 3.367229061523134e-16, 4.118311038069523e-16, 2.5344958507321076e-16, 2.223387821636181e-16]",1.4580327451684703e-16,5000.0,1.0,1.0,"[1.0, 1.0, 1.0, 1.0, 1.0, 1.0, 1.0, 1.0, 1.0, 1.0, 1.0, 1.0, 1.0, 1.0, 1.0, 1.0, 1.0, 1.0, 1.0, 1.0, 1.0, 1.0, 1.0, 1.0, 1.0, 1.0, 1.0, 1.0, 1.0, 1.0]",0.6041542666731402,0.1527972570810074,"[1.0, 1.0, 1.0, 1.0, 1.0, 1.0, 1.0, 1.0, 1.0, 1.0, 1.0, 1.0, 1.0, 1.0, 1.0, 1.0, 1.0, 1.0, 1.0, 1.0, 1.0, 1.0, 1.0, 1.0, 1.0, 1.0, 1.0, 1.0, 1.0, 1.0]",0.0,"[1.0, 1.0, 1.0, 1.0, 1.0, 1.0, 1.0, 1.0, 1.0, 1.0, 1.0, 1.0, 1.0, 1.0, 1.0, 1.0, 1.0, 1.0, 1.0, 1.0, 1.0, 1.0, 1.0, 1.0, 1.0, 1.0, 1.0, 1.0, 1.0, 1.0]",0.0,1.772268569677999e-17
california,ridge,5000,1,8,abc_shap,A0,0.9922,4961.0,39.0,1.0,0.0,0.9999999999999998,1.0,1.0,8.464321934406813e-15,272.69265507535243,"[0.9999999999999998, 0.9999999999999998, 0.9999999999999998, 0.9999999999999998, 0.9999999999999998, 0.9999999999999998, 0.9999999999999998, 0.9999999999999998, 0.9999999999999998, 0.9999999999999998, 0.9999999999999998, 0.9999999999999998, 0.9999999999999998, 0.9999999999999998, 0.9999999999999998, 0.9999999999999998, 0.9999999999999998, 0.9999999999999998, 0.9999999999999998, 0.9999999999999998, 0.9999999999999998, 0.9999999999999998, 0.9999999999999998, 0.9999999999999998, 0.9999999999999998, 0.9999999999999998, 0.9999999999999998, 0.9999999999999998, 0.9999999999999998, 0.9999999999999998]",0.0,5.479605502696604e-15,1.167493555121909e-14,1.0580402418008516e-15,1.0927571863072787e-15,"[3.328927339192849e-14, 2.947577414782735e-15, 2.58246932273434e-14, 3.315083778882429e-15, 2.9736464467197242e-15, 5.3707608703900834e-15, 4.199055032852118e-15, 2.2332058776392783e-15, 1.719206159458016e-15, 2.060532986615616e-14, 3.010735105006033e-14, 4.1334808110348444e-15, 2.2901551653922313e-15, 4.078502727123953e-15, 4.089476853273671e-15, 3.1481459104499596e-15, 1.9066482964502173e-15, 3.0568891000079758e-15, 9.95501266686572e-15, 9.44288116443296e-16, 1.1291523887419355e-14, 1.3169973089408014e-15, 1.856846988577501e-14, 1.8205303876704406e-14, 9.610715044199978e-15, 3.907884348052188e-15, 6.156727732566178e-15, 6.814868860174491e-15, 4.127403462526354e-15, 7.741980862590938e-15]",8.742057490458232e-15,4961.0,1.0,1.0,"[1.0, 1.0, 1.0, 1.0, 1.0, 1.0, 1.0, 1.0, 1.0, 1.0, 1.0, 1.0, 1.0, 1.0, 1.0, 1.0, 1.0, 1.0, 1.0, 1.0, 1.0, 1.0, 1.0, 1.0, 1.0, 1.0, 1.0, 1.0, 1.0, 1.0]",1.7090846499971424,0.2369187491370078,"[1.0, 1.0, 1.0, 1.0, 1.0, 1.0, 1.0, 1.0, 1.0, 1.0, 1.0, 1.0, 1.0, 1.0, 1.0, 1.0, 1.0, 1.0, 1.0, 1.0, 1.0, 1.0, 1.0, 1.0, 1.0, 1.0, 1.0, 1.0, 1.0, 1.0]",0.0,"[1.0, 1.0, 1.0, 1.0, 1.0, 1.0, 1.0, 1.0, 1.0, 1.0, 1.0, 1.0, 1.0, 1.0, 1.0, 1.0, 1.0, 1.0, 1.0, 1.0, 1.0, 1.0, 1.0, 1.0, 1.0, 1.0, 1.0, 1.0, 1.0, 1.0]",0.0,8.945332612729789e-16
california,ridge,5000,1,8,b1_uniform,A0,0.0,0.0,5000.0,1.0,0.0,0.9999999999999998,1.0,1.0,2.844983433585134e-16,9.165602302957444,"[0.9999999999999998, 0.9999999999999998, 0.9999999999999998, 0.9999999999999998, 0.9999999999999998, 0.9999999999999998, 0.9999999999999998, 0.9999999999999998, 0.9999999999999998, 0.9999999999999998, 0.9999999999999998, 0.9999999999999998, 0.9999999999999998, 0.9999999999999998, 0.9999999999999998, 0.9999999999999998, 0.9999999999999998, 0.9999999999999998, 0.9999999999999998, 0.9999999999999998, 0.9999999999999998, 0.9999999999999998, 0.9999999999999998, 0.9999999999999998, 0.9999999999999998, 0.9999999999999998, 0.9999999999999998, 0.9999999999999998, 0.9999999999999998, 0.9999999999999998]",0.0,2.423052547094532e-16,3.2601838572769994e-16,3.556229291981418e-17,1.460866730707939e-17,"[8.776658635860133e-17, 2.0234868622686203e-16, 1.430126829192301e-16, 6.312242569760704e-17, 2.0132460199527449e-16, 2.495839195557288e-16, 3.5441154980926984e-16, 3.18486976873768e-16, 3.814032753515832e-16, 2.0748247988058854e-16, 2.7174191318428833e-16, 3.19563622463855e-16, 2.55161933453005e-16, 3.126708893797915e-16, 2.5752812927786865e-16, 2.769582104778301e-16, 1.5925730963849082e-16, 1.5577760824452387e-16, 4.5172309208778715e-16, 3.133849453777842e-16, 2.9463422756705574e-16, 1.5484374662934147e-16, 2.891514702328537e-16, 3.3196145323857705e-16, 4.922108224657644e-16, 3.2982606816539367e-16, 1.970611722714366e-16, 4.643094662011782e-16, 5.460295127711552e-16, 4.522115229589094e-16]",1.1686933845663511e-16,5000.0,1.0,1.0,"[1.0, 1.0, 1.0, 1.0, 1.0, 1.0, 1.0, 1.0, 1.0, 1.0, 1.0, 1.0, 1.0, 1.0, 1.0, 1.0, 1.0, 1.0, 1.0, 1.0, 1.0, 1.0, 1.0, 1.0, 1.0, 1.0, 1.0, 1.0, 1.0, 1.0]",0.7069957666719954,0.1304288027425953,"[1.0, 1.0, 1.0, 1.0, 1.0, 1.0, 1.0, 1.0, 1.0, 1.0, 1.0, 1.0, 1.0, 1.0, 1.0, 1.0, 1.0, 1.0, 1.0, 1.0, 1.0, 1.0, 1.0, 1.0, 1.0, 1.0, 1.0, 1.0, 1.0, 1.0]",0.0,"[1.0, 1.0, 1.0, 1.0, 1.0, 1.0, 1.0, 1.0, 1.0, 1.0, 1.0, 1.0, 1.0, 1.0, 1.0, 1.0, 1.0, 1.0, 1.0, 1.0, 1.0, 1.0, 1.0, 1.0, 1.0, 1.0, 1.0, 1.0, 1.0, 1.0]",0.0,1.4298050695570186e-17
california,ridge,5000,1,8,b2_stratified,A0,0.0,0.0,5000.0,1.0,0.0,0.9999999999999998,1.0,1.0,3.1039787016147865e-17,1.0,"[0.9999999999999998, 0.9999999999999998, 0.9999999999999998, 0.9999999999999998, 0.9999999999999998, 0.9999999999999998, 0.9999999999999998, 0.9999999999999998, 0.9999999999999998, 0.9999999999999998, 0.9999999999999998, 0.9999999999999998, 0.9999999999999998, 0.9999999999999998, 0.9999999999999998, 0.9999999999999998, 0.9999999999999998, 0.9999999999999998, 0.9999999999999998, 0.9999999999999998, 0.9999999999999998, 0.9999999999999998, 0.9999999999999998, 0.9999999999999998, 0.9999999999999998, 0.9999999999999998, 0.9999999999999998, 0.9999999999999998, 0.9999999999999998, 0.9999999999999998]",0.0,2.6672731386156014e-17,3.549628570298946e-17,3.879973377018483e-18,1.5888597495337889e-18,"[3.0757927738825405e-17, 2.6337146516701712e-17, 2.703463926356634e-17, 2.995933434748977e-17, 2.1557953951631758e-17, 1.2993697797798995e-17, 2.5529894075450815e-17, 4.4701818779039237e-17, 2.4409926729537925e-17, 3.9323709627487093e-17, 2.144191497258166e-17, 2.6204353195890755e-17, 3.090095398620655e-17, 1.7644104562608946e-17, 1.1926463234624262e-17, 3.296458335625052e-17, 2.2563692441369683e-17, 2.4567105225476657e-17, 2.6325759438550915e-17, 3.045281054898835e-17, 3.8906911010966753e-17, 4.406972917665029e-17, 5.282309331575891e-17, 5.4177974972782864e-17, 8.377326846402825e-18, 3.923496348061633e-17, 3.557532597504342e-17, 6.751133703803882e-17, 2.479866732738726e-17, 3.8120491550711116e-17]",1.2710877996270312e-17,5000.0,1.0,1.0,"[1.0, 1.0, 1.0, 1.0, 1.0, 1.0, 1.0, 1.0, 1.0, 1.0, 1.0, 1.0, 1.0, 1.0, 1.0, 1.0, 1.0, 1.0, 1.0, 1.0, 1.0, 1.0, 1.0, 1.0, 1.0, 1.0, 1.0, 1.0, 1.0, 1.0]",0.7045273633440956,0.1021047901307423,"[1.0, 1.0, 1.0, 1.0, 1.0, 1.0, 1.0, 1.0, 1.0, 1.0, 1.0, 1.0, 1.0, 1.0, 1.0, 1.0, 1.0, 1.0, 1.0, 1.0, 1.0, 1.0, 1.0, 1.0, 1.0, 1.0, 1.0, 1.0, 1.0, 1.0]",0.0,"[1.0, 1.0, 1.0, 1.0, 1.0, 1.0, 1.0, 1.0, 1.0, 1.0, 1.0, 1.0, 1.0, 1.0, 1.0, 1.0, 1.0, 1.0, 1.0, 1.0, 1.0, 1.0, 1.0, 1.0, 1.0, 1.0, 1.0, 1.0, 1.0, 1.0]",0.0,3.668050012691404e-18
california,ridge,5000,1,8,b3_is,A0,0.0,0.0,5000.0,1.0,0.0,0.9999999999999998,1.0,1.0,2.485519735371829e-16,8.007528318666568,"[0.9999999999999998, 0.9999999999999998, 0.9999999999999998, 0.9999999999999998, 0.9999999999999998, 0.9999999999999998, 0.9999999999999998, 0.9999999999999998, 0.9999999999999998, 0.9999999999999998, 0.9999999999999998, 0.9999999999999998, 0.9999999999999998, 0.9999999999999998, 0.9999999999999998, 0.9999999999999998, 0.9999999999999998, 0.9999999999999998, 0.9999999999999998, 0.9999999999999998, 0.9999999999999998, 0.9999999999999998, 0.9999999999999998, 0.9999999999999998, 0.9999999999999998, 0.9999999999999998, 0.9999999999999998, 0.9999999999999998, 0.9999999999999998, 0.9999999999999998]",0.0,2.2776789409766607e-16,2.7080500259405516e-16,3.106899669214786e-17,7.432200452855203e-18,"[2.026195058013568e-16, 2.5000030121294603e-16, 3.803080800841521e-16, 2.0068516572237965e-16, 1.825397011553265e-16, 2.2286629073973143e-16, 1.932194587090198e-16, 2.3299431031712187e-16, 2.982680367875631e-16, 1.915096774794281e-16, 1.8937527273138974e-16, 3.0417287203010726e-16, 2.958199079519805e-16, 3.116455573276791e-16, 2.577999030886839e-16, 2.659880348544463e-16, 2.7274275340825985e-16, 2.6138486515941285e-16, 1.7016393718899412e-16, 2.8065079383962243e-16, 2.014830589243547e-16, 2.81523832183427e-16, 3.459127246945213e-16, 1.189521523401943e-16, 3.8023896881419615e-16, 2.3648623132331995e-16, 2.086943868764258e-16, 2.4283998665887895e-16, 2.479842247174329e-16, 2.2768921399313487e-16]",5.945760362284162e-17,5000.0,1.0,1.0,"[1.0, 1.0, 1.0, 1.0, 1.0, 1.0, 1.0, 1.0, 1.0, 1.0, 1.0, 1.0, 1.0, 1.0, 1.0, 1.0, 1.0, 1.0, 1.0, 1.0, 1.0, 1.0, 1.0, 1.0, 1.0, 1.0, 1.0, 1.0, 1.0, 1.0]",0.834395209987027,0.0750476705032913,"[1.0, 1.0, 1.0, 1.0, 1.0, 1.0, 1.0, 1.0, 1.0, 1.0, 1.0, 1.0, 1.0, 1.0, 1.0, 1.0, 1.0, 1.0, 1.0, 1.0, 1.0, 1.0, 1.0, 1.0, 1.0, 1.0, 1.0, 1.0, 1.0, 1.0]",0.0,"[1.0, 1.0, 1.0, 1.0, 1.0, 1.0, 1.0, 1.0, 1.0, 1.0, 1.0, 1.0, 1.0, 1.0, 1.0, 1.0, 1.0, 1.0, 1.0, 1.0, 1.0, 1.0, 1.0, 1.0, 1.0, 1.0, 1.0, 1.0, 1.0, 1.0]",0.0,2.273914564727253e-18
california,ridge,5000,1,8,b4_antithetic,A0,0.0,0.0,5000.0,1.0,0.0,0.9999999999999998,1.0,1.0,4.822439368759554e-16,15.536315910449936,"[0.9999999999999998, 0.9999999999999998, 0.9999999999999998, 0.9999999999999998, 0.9999999999999998, 0.9999999999999998, 0.9999999999999998, 0.9999999999999998, 0.9999999999999998, 0.9999999999999998, 0.9999999999999998, 0.9999999999999998, 0.9999999999999998, 0.9999999999999998, 0.9999999999999998, 0.9999999999999998, 0.9999999999999998, 0.9999999999999998, 0.9999999999999998, 0.9999999999999998, 0.9999999999999998, 0.9999999999999998, 0.9999999999999998, 0.9999999999999998, 0.9999999999999998, 0.9999999999999998, 0.9999999999999998, 0.9999999999999998, 0.9999999999999998, 0.9999999999999998]",0.0,4.2920596757616784e-16,5.4052579960815e-16,6.028049210949443e-17,1.9731527499789144e-17,"[5.695768989306905e-16, 1.547825278486386e-16, 4.026366199132932e-16, 5.409535395120889e-16, 2.6387412242386864e-16, 4.76896716482579e-16, 6.646347091361842e-16, 3.5242952840816776e-16, 4.920732549432682e-16, 5.164614414649304e-16, 3.73871726269899e-16, 5.797504641334085e-16, 2.8597346565918244e-16, 5.176955552928963e-16, 5.204986200790449e-16, 4.925220692798332e-16, 5.525556475365026e-16, 7.087220108082882e-16, 4.981632954701069e-16, 2.824501521479821e-16, 3.49103464044826e-16, 5.682981129750946e-16, 8.245781194214985e-16, 5.621481519967789e-16, 8.707653680122952e-16, 5.616791581885984e-16, 3.1955914802422663e-16, 4.411854695898761e-16, 3.90095083216277e-16, 3.333836650683374e-16]",1.5785221999831315e-16,5000.0,1.0,1.0,"[1.0, 1.0, 1.0, 1.0, 1.0, 1.0, 1.0, 1.0, 1.0, 1.0, 1.0, 1.0, 1.0, 1.0, 1.0, 1.0, 1.0, 1.0, 1.0, 1.0, 1.0, 1.0, 1.0, 1.0, 1.0, 1.0, 1.0, 1.0, 1.0, 1.0]",0.653575209970586,0.0780582652128309,"[1.0, 1.0, 1.0, 1.0, 1.0, 1.0, 1.0, 1.0, 1.0, 1.0, 1.0, 1.0, 1.0, 1.0, 1.0, 1.0, 1.0, 1.0, 1.0, 1.0, 1.0, 1.0, 1.0, 1.0, 1.0, 1.0, 1.0, 1.0, 1.0, 1.0]",0.0,"[1.0, 1.0, 1.0, 1.0, 1.0, 1.0, 1.0, 1.0, 1.0, 1.0, 1.0, 1.0, 1.0, 1.0, 1.0, 1.0, 1.0, 1.0, 1.0, 1.0, 1.0, 1.0, 1.0, 1.0, 1.0, 1.0, 1.0, 1.0, 1.0, 1.0]",0.0,1.2529486038617977e-17
california,ridge,5000,2,8,abc_shap,A0,0.9922,4961.0,39.0,1.0,0.0,0.9999999999999998,1.0,1.0,6.592352706517828e-15,270.79463764064286,"[0.9999999999999998, 0.9999999999999998, 0.9999999999999998, 0.9999999999999998, 0.9999999999999998, 0.9999999999999998, 0.9999999999999998, 0.9999999999999998, 0.9999999999999998, 0.9999999999999998, 0.9999999999999998, 0.9999999999999998, 0.9999999999999998, 0.9999999999999998, 0.9999999999999998, 0.9999999999999998, 0.9999999999999998, 0.9999999999999998, 0.9999999999999998, 0.9999999999999998, 0.9999999999999998, 0.9999999999999998, 0.9999999999999998, 0.9999999999999998, 0.9999999999999998, 0.9999999999999998, 0.9999999999999998, 0.9999999999999998, 0.9999999999999998, 0.9999999999999998]",0.0,4.383430301218675e-15,9.131523137662012e-15,8.240440883147286e-16,8.258060656443705e-16,"[2.2106816894859573e-14, 8.749069495308453e-15, 5.156526106264432e-16, 1.0193519563610164e-14, 8.911441031459469e-16, 7.309735113559e-16, 6.837561033486314e-15, 1.0736525343098904e-15, 1.0088060841474258e-15, 2.7504095153274917e-14, 3.360354300048904e-15, 5.698112122094712e-15, 6.224765812556681e-15, 5.0183692997613984e-15, 1.461048807418441e-14, 2.247712332614534e-15, 1.1325663905651783e-15, 9.161689021139233e-15, 2.7345318377159277e-15, 5.661445452878008e-16, 3.005350412662652e-15, 4.871443736546111e-15, 1.2514594199497584e-15, 3.964721354232854e-15, 1.5038275312945564e-14, 1.4638545554339012e-14, 1.2983085887654732e-14, 2.4902146325605942e-15, 6.875237949146872e-15, 2.2862222154028716e-15]",6.606448525154964e-15,4961.0,1.0,1.0,"[1.0, 1.0, 1.0, 1.0, 1.0, 1.0, 1.0, 1.0, 1.0, 1.0, 1.0, 1.0, 1.0, 1.0, 1.0, 1.0, 1.0, 1.0, 1.0, 1.0, 1.0, 1.0, 1.0, 1.0, 1.0, 1.0, 1.0, 1.0, 1.0, 1.0]",1.6329898733024797,0.2331908748479656,"[1.0, 1.0, 1.0, 1.0, 1.0, 1.0, 1.0, 1.0, 1.0, 1.0, 1.0, 1.0, 1.0, 1.0, 1.0, 1.0, 1.0, 1.0, 1.0, 1.0, 1.0, 1.0, 1.0, 1.0, 1.0, 1.0, 1.0, 1.0, 1.0, 1.0]",0.0,"[1.0, 1.0, 1.0, 1.0, 1.0, 1.0, 1.0, 1.0, 1.0, 1.0, 1.0, 1.0, 1.0, 1.0, 1.0, 1.0, 1.0, 1.0, 1.0, 1.0, 1.0, 1.0, 1.0, 1.0, 1.0, 1.0, 1.0, 1.0, 1.0, 1.0]",0.0,7.652311186400661e-16
california,ridge,5000,2,8,b1_uniform,A0,0.0,0.0,5000.0,1.0,0.0,0.9999999999999998,1.0,1.0,2.9070704002918153e-16,11.941398021142604,"[0.9999999999999998, 0.9999999999999998, 0.9999999999999998, 0.9999999999999998, 0.9999999999999998, 0.9999999999999998, 0.9999999999999998, 0.9999999999999998, 0.9999999999999998, 0.9999999999999998, 0.9999999999999998, 0.9999999999999998, 0.9999999999999998, 0.9999999999999998, 0.9999999999999998, 0.9999999999999998, 0.9999999999999998, 0.9999999999999998, 0.9999999999999998, 0.9999999999999998, 0.9999999999999998, 0.9999999999999998, 0.9999999999999998, 0.9999999999999998, 0.9999999999999998, 0.9999999999999998, 0.9999999999999998, 0.9999999999999998, 0.9999999999999998, 0.9999999999999998]",0.0,2.3986006087323787e-16,3.479403527466729e-16,3.633838000364769e-17,1.8632546017500872e-17,"[2.7493054157838225e-16, 8.702071148704585e-17, 2.5726471522644765e-16, 2.5720779848150183e-17, 2.6233777787369277e-16, 4.4164642240940903e-16, 1.1470820817523081e-16, 1.1275425492275115e-16, 2.5627602488840445e-16, 1.2661271711072784e-16, 1.7157635298894002e-16, 4.37037938113648e-16, 1.4495121403742662e-16, 2.797607831523004e-16, 2.8523021615686645e-16, 4.4056892528946676e-16, 1.3979554916019982e-16, 3.2218791670175633e-16, 3.1838344143699403e-16, 3.823073040883419e-16, 2.4801607667111436e-16, 3.312549220929567e-16, 5.575074156504163e-16, 4.784321016749609e-16, 1.215298837232712e-16, 6.169880216962148e-16, 3.8246621737564414e-16, 5.571463631894113e-16, 2.434388124172797e-16, 3.0335959173799383e-16]",1.4906036814000698e-16,5000.0,1.0,1.0,"[1.0, 1.0, 1.0, 1.0, 1.0, 1.0, 1.0, 1.0, 1.0, 1.0, 1.0, 1.0, 1.0, 1.0, 1.0, 1.0, 1.0, 1.0, 1.0, 1.0, 1.0, 1.0, 1.0, 1.0, 1.0, 1.0, 1.0, 1.0, 1.0, 1.0]",0.6728074533476804,0.083322466641958,"[1.0, 1.0, 1.0, 1.0, 1.0, 1.0, 1.0, 1.0, 1.0, 1.0, 1.0, 1.0, 1.0, 1.0, 1.0, 1.0, 1.0, 1.0, 1.0, 1.0, 1.0, 1.0, 1.0, 1.0, 1.0, 1.0, 1.0, 1.0, 1.0, 1.0]",0.0,"[1.0, 1.0, 1.0, 1.0, 1.0, 1.0, 1.0, 1.0, 1.0, 1.0, 1.0, 1.0, 1.0, 1.0, 1.0, 1.0, 1.0, 1.0, 1.0, 1.0, 1.0, 1.0, 1.0, 1.0, 1.0, 1.0, 1.0, 1.0, 1.0, 1.0]",0.0,1.5233345353644056e-17
california,ridge,5000,2,8,b2_stratified,A0,0.0,0.0,5000.0,1.0,0.0,0.9999999999999998,1.0,1.0,2.434447285941529e-17,1.0,"[0.9999999999999998, 0.9999999999999998, 0.9999999999999998, 0.9999999999999998, 0.9999999999999998, 0.9999999999999998, 0.9999999999999998, 0.9999999999999998, 0.9999999999999998, 0.9999999999999998, 0.9999999999999998, 0.9999999999999998, 0.9999999999999998, 0.9999999999999998, 0.9999999999999998, 0.9999999999999998, 0.9999999999999998, 0.9999999999999998, 0.9999999999999998, 0.9999999999999998, 0.9999999999999998, 0.9999999999999998, 0.9999999999999998, 0.9999999999999998, 0.9999999999999998, 0.9999999999999998, 0.9999999999999998, 0.9999999999999998, 0.9999999999999998, 0.9999999999999998]",0.0,1.9922542254163508e-17,2.968662513582355e-17,3.0430591074269113e-18,1.6058666038209657e-18,"[1.5121684830370628e-17, 2.796385703497441e-17, 4.888376468538465e-17, 3.117092934572382e-17, 8.817489752737573e-18, 2.5363814709167796e-18, 1.376394855362201e-17, 2.0137875355276253e-17, 1.495976329661742e-17, 1.7431238743583876e-17, 3.1728364161199446e-17, 3.133658330221366e-17, 9.597555723611786e-18, 2.5839510322256428e-17, 5.55410409443639e-17, 2.482091621477906e-17, 2.370555743907079e-17, 5.918626536734231e-17, 3.28556132323214e-17, 2.7715024000485773e-17, 1.2148319521437358e-17, 1.5994564372440248e-17, 2.455624616543426e-17, 3.15958854965768e-17, 2.0222558995395307e-17, 1.8693747095658322e-17, 2.6942675370387056e-17, 2.6417187785402998e-17, 2.3500513124736314e-17, 7.14912407813788e-18]",1.2846932830567724e-17,5000.0,1.0,1.0,"[1.0, 1.0, 1.0, 1.0, 1.0, 1.0, 1.0, 1.0, 1.0, 1.0, 1.0, 1.0, 1.0, 1.0, 1.0, 1.0, 1.0, 1.0, 1.0, 1.0, 1.0, 1.0, 1.0, 1.0, 1.0, 1.0, 1.0, 1.0, 1.0, 1.0]",0.6944255199904243,0.0983771780880431,"[1.0, 1.0, 1.0, 1.0, 1.0, 1.0, 1.0, 1.0, 1.0, 1.0, 1.0, 1.0, 1.0, 1.0, 1.0, 1.0, 1.0, 1.0, 1.0, 1.0, 1.0, 1.0, 1.0, 1.0, 1.0, 1.0, 1.0, 1.0, 1.0, 1.0]",0.0,"[1.0, 1.0, 1.0, 1.0, 1.0, 1.0, 1.0, 1.0, 1.0, 1.0, 1.0, 1.0, 1.0, 1.0, 1.0, 1.0, 1.0, 1.0, 1.0, 1.0, 1.0, 1.0, 1.0, 1.0, 1.0, 1.0, 1.0, 1.0, 1.0, 1.0]",0.0,2.754277196886519e-18
california,ridge,5000,2,8,b3_is,A0,0.0,0.0,5000.0,1.0,0.0,0.9999999999999998,1.0,1.0,1.1422684105789411e-16,4.692105748911979,"[0.9999999999999998, 0.9999999999999998, 0.9999999999999998, 0.9999999999999998, 0.9999999999999998, 0.9999999999999998, 0.9999999999999998, 0.9999999999999998, 0.9999999999999998, 0.9999999999999998, 0.9999999999999998, 0.9999999999999998, 0.9999999999999998, 0.9999999999999998, 0.9999999999999998, 0.9999999999999998, 0.9999999999999998, 0.9999999999999998, 0.9999999999999998, 0.9999999999999998, 0.9999999999999998, 0.9999999999999998, 0.9999999999999998, 0.9999999999999998, 0.9999999999999998, 0.9999999999999998, 0.9999999999999998, 0.9999999999999998, 0.9999999999999998, 0.9999999999999998]",0.0,9.79555334455281e-17,1.3215744599143958e-16,1.4278355132236764e-17,5.7935507263241645e-18,"[8.121220216464446e-17, 7.9469014617485e-17, 1.3619656898853544e-16, 2.0461343301491814e-16, 6.028048555243233e-17, 4.43044087305284e-17, 1.5070030333899717e-16, 5.965155427696296e-17, 1.7671439223501402e-16, 6.698930655706039e-17, 1.0657071694375905e-16, 3.8731496360005314e-17, 2.0214740678600055e-16, 1.1976646365524493e-16, 1.0711657468440381e-16, 1.38576523797718e-16, 1.450439510062102e-16, 1.3988030744769296e-16, 2.0190178342767438e-16, 1.4212152486027013e-16, 8.499967188669913e-17, 7.655468895395132e-17, 1.4432834350096943e-16, 7.385792430820051e-17, 8.656055915964771e-17, 1.209009584197478e-16, 8.530283500446161e-17, 1.7174147798831864e-16, 9.754249602028289e-17, 8.302785804898632e-17]",4.634840581059331e-17,5000.0,1.0,1.0,"[1.0, 1.0, 1.0, 1.0, 1.0, 1.0, 1.0, 1.0, 1.0, 1.0, 1.0, 1.0, 1.0, 1.0, 1.0, 1.0, 1.0, 1.0, 1.0, 1.0, 1.0, 1.0, 1.0, 1.0, 1.0, 1.0, 1.0, 1.0, 1.0, 1.0]",0.8476628966707115,0.0994818049819666,"[1.0, 1.0, 1.0, 1.0, 1.0, 1.0, 1.0, 1.0, 1.0, 1.0, 1.0, 1.0, 1.0, 1.0, 1.0, 1.0, 1.0, 1.0, 1.0, 1.0, 1.0, 1.0, 1.0, 1.0, 1.0, 1.0, 1.0, 1.0, 1.0, 1.0]",0.0,"[1.0, 1.0, 1.0, 1.0, 1.0, 1.0, 1.0, 1.0, 1.0, 1.0, 1.0, 1.0, 1.0, 1.0, 1.0, 1.0, 1.0, 1.0, 1.0, 1.0, 1.0, 1.0, 1.0, 1.0, 1.0, 1.0, 1.0, 1.0, 1.0, 1.0]",0.0,2.626608897174773e-18
california,ridge,5000,2,8,b4_antithetic,A0,0.0,0.0,5000.0,1.0,0.0,0.9999999999999998,1.0,1.0,2.901248772035178e-16,11.917484468812855,"[0.9999999999999998, 0.9999999999999998, 0.9999999999999998, 0.9999999999999998, 0.9999999999999998, 0.9999999999999998, 0.9999999999999998, 0.9999999999999998, 0.9999999999999998, 0.9999999999999998, 0.9999999999999998, 0.9999999999999998, 0.9999999999999998, 0.9999999999999998, 0.9999999999999998, 0.9999999999999998, 0.9999999999999998, 0.9999999999999998, 0.9999999999999998, 0.9999999999999998, 0.9999999999999998, 0.9999999999999998, 0.9999999999999998, 0.9999999999999998, 0.9999999999999998, 0.9999999999999998, 0.9999999999999998, 0.9999999999999998, 0.9999999999999998, 0.9999999999999998]",0.0,2.4053564097936673e-16,3.364472598125393e-16,3.626560965043973e-17,1.7340699190180292e-17,"[1.7943747543682988e-16, 2.0427059392273496e-16, 5.239105170035349e-16, 4.787273976051821e-16, 2.3673121042786813e-16, 8.462639928331267e-17, 5.31700148358436e-16, 2.2592411762125865e-16, 3.5522606761285476e-16, 2.4854557069374526e-16, 2.4630665033180827e-16, 4.210400542488763e-16, 1.808367378540681e-16, 3.705098604223271e-16, 2.314708011996831e-16, 2.8980306821103966e-16, 9.97039875854216e-17, 2.1200648090703566e-16, 1.5123903280748982e-16, 2.984928194558016e-16, 2.9057543886208334e-16, 7.343670074139319e-17, 2.6769702194794585e-16, 3.48932367598338e-16, 4.799351935678005e-16, 2.3052286128564485e-16, 6.805737083971749e-16, 2.0098791241848041e-16, 2.6899831065347634e-16, 2.91577809643888e-16]",1.3872559352144234e-16,5000.0,1.0,1.0,"[1.0, 1.0, 1.0, 1.0, 1.0, 1.0, 1.0, 1.0, 1.0, 1.0, 1.0, 1.0, 1.0, 1.0, 1.0, 1.0, 1.0, 1.0, 1.0, 1.0, 1.0, 1.0, 1.0, 1.0, 1.0, 1.0, 1.0, 1.0, 1.0, 1.0]",0.654109173337929,0.1154576538367231,"[1.0, 1.0, 1.0, 1.0, 1.0, 1.0, 1.0, 1.0, 1.0, 1.0, 1.0, 1.0, 1.0, 1.0, 1.0, 1.0, 1.0, 1.0, 1.0, 1.0, 1.0, 1.0, 1.0, 1.0, 1.0, 1.0, 1.0, 1.0, 1.0, 1.0]",0.0,"[1.0, 1.0, 1.0, 1.0, 1.0, 1.0, 1.0, 1.0, 1.0, 1.0, 1.0, 1.0, 1.0, 1.0, 1.0, 1.0, 1.0, 1.0, 1.0, 1.0, 1.0, 1.0, 1.0, 1.0, 1.0, 1.0, 1.0, 1.0, 1.0, 1.0]",0.0,1.4962788837089117e-17
california,ridge,5000,3,8,abc_shap,A0,0.9922,4961.0,39.0,1.0,0.0,0.9999999999999998,1.0,1.0,2.0206461742702173e-14,1783.9086360379083,"[0.9999999999999998, 0.9999999999999998, 0.9999999999999998, 0.9999999999999998, 0.9999999999999998, 0.9999999999999998, 0.9999999999999998, 0.9999999999999998, 0.9999999999999998, 0.9999999999999998, 0.9999999999999998, 0.9999999999999998, 0.9999999999999998, 0.9999999999999998, 0.9999999999999998, 0.9999999999999998, 0.9999999999999998, 0.9999999999999998, 0.9999999999999998, 0.9999999999999998, 0.9999999999999998, 0.9999999999999998, 0.9999999999999998, 0.9999999999999998, 0.9999999999999998, 0.9999999999999998, 0.9999999999999998, 0.9999999999999998, 0.9999999999999998, 0.9999999999999998]",0.0,1.3629240945498523e-14,2.8434110823181804e-14,2.525807717837772e-15,2.7212738526964065e-15,"[1.9534431991959526e-14, 7.924463058776223e-16, 9.080397627522535e-14, 6.936905765330696e-15, 2.049636850407144e-14, 1.8675798120921978e-14, 1.884049941080247e-14, 1.4477460387246045e-14, 1.0269529045715556e-14, 8.177026388171214e-15, 3.3959767124193408e-15, 1.7593106428272056e-15, 2.050466967488856e-14, 5.30358748559517e-15, 7.335717788828516e-15, 4.437297897594966e-14, 3.741683152676712e-15, 2.1503801899798576e-14, 1.0655252067575237e-14, 5.247994803189753e-14, 8.634626136104712e-14, 3.582985552811922e-15, 7.26060359151016e-15, 1.4201742961617929e-14, 2.3985378015785182e-14, 3.3807369994412943e-14, 8.386753055178777e-15, 1.1828493676780274e-14, 2.6415726140995147e-14, 1.0321169303147313e-14]",2.177019082157125e-14,4961.0,1.0,1.0,"[1.0, 1.0, 1.0, 1.0, 1.0, 1.0, 1.0, 1.0, 1.0, 1.0, 1.0, 1.0, 1.0, 1.0, 1.0, 1.0, 1.0, 1.0, 1.0, 1.0, 1.0, 1.0, 1.0, 1.0, 1.0, 1.0, 1.0, 1.0, 1.0, 1.0]",1.6114229100135466,0.1976359423766897,"[1.0, 1.0, 1.0, 1.0, 1.0, 1.0, 1.0, 1.0, 1.0, 1.0, 1.0, 1.0, 1.0, 1.0, 1.0, 1.0, 1.0, 1.0, 1.0, 1.0, 1.0, 1.0, 1.0, 1.0, 1.0, 1.0, 1.0, 1.0, 1.0, 1.0]",0.0,"[1.0, 1.0, 1.0, 1.0, 1.0, 1.0, 1.0, 1.0, 1.0, 1.0, 1.0, 1.0, 1.0, 1.0, 1.0, 1.0, 1.0, 1.0, 1.0, 1.0, 1.0, 1.0, 1.0, 1.0, 1.0, 1.0, 1.0, 1.0, 1.0, 1.0]",0.0,2.192657058393064e-15
california,ridge,5000,3,8,b1_uniform,A0,0.0,0.0,5000.0,1.0,0.0,0.9999999999999998,1.0,1.0,1.0353030853345955e-16,9.14007676535504,"[0.9999999999999998, 0.9999999999999998, 0.9999999999999998, 0.9999999999999998, 0.9999999999999998, 0.9999999999999998, 0.9999999999999998, 0.9999999999999998, 0.9999999999999998, 0.9999999999999998, 0.9999999999999998, 0.9999999999999998, 0.9999999999999998, 0.9999999999999998, 0.9999999999999998, 0.9999999999999998, 0.9999999999999998, 0.9999999999999998, 0.9999999999999998, 0.9999999999999998, 0.9999999999999998, 0.9999999999999998, 0.9999999999999998, 0.9999999999999998, 0.9999999999999998, 0.9999999999999998, 0.9999999999999998, 0.9999999999999998, 0.9999999999999998, 0.9999999999999998]",0.0,8.871556013882594e-17,1.1946406723957404e-16,1.2941288566682444e-17,5.5007663658155576e-18,"[1.0382322415762412e-16, 1.3282257903128234e-16, 1.4466234428613254e-16, 9.920768893103935e-17, 9.409789044938149e-17, 7.595116690047965e-17, 7.42358066053539e-17, 6.079534450401534e-17, 7.408486160321267e-17, 1.6141157536538214e-16, 4.589523749488071e-17, 9.448825440091882e-17, 1.7668090362800094e-16, 5.796932857389693e-17, 1.8019467299245776e-16, 1.545313504345825e-16, 9.23547799092614e-17, 6.25663346940003e-17, 1.1064406088302383e-16, 2.0394878940991502e-16, 4.2236179696901836e-17, 6.94743611662623e-17, 8.821835285078557e-17, 1.6024484099934808e-16, 1.0088102692302522e-16, 1.222810575915931e-16, 7.059263347417708e-17, 2.648212655849971e-17, 1.3015777732494423e-16, 9.49747051634076e-17]",4.400613092652445e-17,5000.0,1.0,1.0,"[1.0, 1.0, 1.0, 1.0, 1.0, 1.0, 1.0, 1.0, 1.0, 1.0, 1.0, 1.0, 1.0, 1.0, 1.0, 1.0, 1.0, 1.0, 1.0, 1.0, 1.0, 1.0, 1.0, 1.0, 1.0, 1.0, 1.0, 1.0, 1.0, 1.0]",0.6669491699663922,0.0798507160669867,"[1.0, 1.0, 1.0, 1.0, 1.0, 1.0, 1.0, 1.0, 1.0, 1.0, 1.0, 1.0, 1.0, 1.0, 1.0, 1.0, 1.0, 1.0, 1.0, 1.0, 1.0, 1.0, 1.0, 1.0, 1.0, 1.0, 1.0, 1.0, 1.0, 1.0]",0.0,"[1.0, 1.0, 1.0, 1.0, 1.0, 1.0, 1.0, 1.0, 1.0, 1.0, 1.0, 1.0, 1.0, 1.0, 1.0, 1.0, 1.0, 1.0, 1.0, 1.0, 1.0, 1.0, 1.0, 1.0, 1.0, 1.0, 1.0, 1.0, 1.0, 1.0]",0.0,7.377763968683917e-18
california,ridge,5000,3,8,b2_stratified,A0,0.0,0.0,5000.0,1.0,0.0,0.9999999999999998,1.0,1.0,1.1327072101394762e-17,1.0,"[0.9999999999999998, 0.9999999999999998, 0.9999999999999998, 0.9999999999999998, 0.9999999999999998, 0.9999999999999998, 0.9999999999999998, 0.9999999999999998, 0.9999999999999998, 0.9999999999999998, 0.9999999999999998, 0.9999999999999998, 0.9999999999999998, 0.9999999999999998, 0.9999999999999998, 0.9999999999999998, 0.9999999999999998, 0.9999999999999998, 0.9999999999999998, 0.9999999999999998, 0.9999999999999998, 0.9999999999999998, 0.9999999999999998, 0.9999999999999998, 0.9999999999999998, 0.9999999999999998, 0.9999999999999998, 0.9999999999999998, 0.9999999999999998, 0.9999999999999998]",0.0,9.659964050267853e-18,1.2907585081967096e-17,1.4158840126743453e-18,5.467503724161556e-19,"[9.82798373537839e-18, 1.80633010361901e-17, 9.148622965071019e-18, 1.5092940215038207e-17, 1.4639835719767612e-17, 1.0500731591201782e-17, 1.2489399440567022e-17, 1.2295099004526951e-17, 1.0757977316129817e-17, 5.038390068896119e-18, 1.5123029039092454e-17, 1.2021096651990688e-17, 1.1585817318139981e-17, 1.0309809257605945e-17, 3.465284949960406e-18, 1.5660209992893288e-17, 1.542911565453874e-17, 1.3744931585029329e-17, 3.2582767082522603e-18, 9.285243674132506e-18, 1.2482192596835674e-17, 5.7546606328351846e-18, 4.04050790490841e-18, 1.545269613137967e-17, 9.096201502889255e-18, 1.9969149399032102e-17, 1.5568971829018604e-17, 1.616312141860409e-17, 6.606543758584852e-18, 6.94102194335242e-18]",4.374002979329245e-18,5000.0,1.0,1.0,"[1.0, 1.0, 1.0, 1.0, 1.0, 1.0, 1.0, 1.0, 1.0, 1.0, 1.0, 1.0, 1.0, 1.0, 1.0, 1.0, 1.0, 1.0, 1.0, 1.0, 1.0, 1.0, 1.0, 1.0, 1.0, 1.0, 1.0, 1.0, 1.0, 1.0]",0.6677308033375691,0.075049840640199,"[1.0, 1.0, 1.0, 1.0, 1.0, 1.0, 1.0, 1.0, 1.0, 1.0, 1.0, 1.0, 1.0, 1.0, 1.0, 1.0, 1.0, 1.0, 1.0, 1.0, 1.0, 1.0, 1.0, 1.0, 1.0, 1.0, 1.0, 1.0, 1.0, 1.0]",0.0,"[1.0, 1.0, 1.0, 1.0, 1.0, 1.0, 1.0, 1.0, 1.0, 1.0, 1.0, 1.0, 1.0, 1.0, 1.0, 1.0, 1.0, 1.0, 1.0, 1.0, 1.0, 1.0, 1.0, 1.0, 1.0, 1.0, 1.0, 1.0, 1.0, 1.0]",0.0,1.1422765359117772e-18
california,ridge,5000,3,8,b3_is,A0,0.0,0.0,5000.0,1.0,0.0,0.9999999999999998,1.0,1.0,7.357824608222352e-17,6.495786856796245,"[0.9999999999999998, 0.9999999999999998, 0.9999999999999998, 0.9999999999999998, 0.9999999999999998, 0.9999999999999998, 0.9999999999999998, 0.9999999999999998, 0.9999999999999998, 0.9999999999999998, 0.9999999999999998, 0.9999999999999998, 0.9999999999999998, 0.9999999999999998, 0.9999999999999998, 0.9999999999999998, 0.9999999999999998, 0.9999999999999998, 0.9999999999999998, 0.9999999999999998, 0.9999999999999998, 0.9999999999999998, 0.9999999999999998, 0.9999999999999998, 0.9999999999999998, 0.9999999999999998, 0.9999999999999998, 0.9999999999999998, 0.9999999999999998, 0.9999999999999998]",0.0,6.776714564708351e-17,7.923555967097449e-17,9.19728076027794e-18,2.072666733287571e-18,"[7.351239093123875e-17, 6.343710896078406e-17, 4.537904068038105e-17, 7.54680585442703e-17, 9.821941759569377e-17, 4.649923860326327e-17, 9.828916867868874e-17, 4.892868270851166e-17, 6.811160121112188e-17, 4.9691595621108046e-17, 9.656285088370962e-17, 8.26321530118667e-17, 9.813898031559733e-17, 9.371860960666758e-17, 6.616435312249249e-17, 1.110273133590999e-16, 7.238357200963462e-17, 6.938339300802344e-17, 7.103044558277405e-17, 6.191627875711057e-17, 8.150240551398732e-17, 6.341159305680097e-17, 6.990768835860147e-17, 8.780773601463543e-17, 7.39582918603986e-17, 6.357723743442465e-17, 7.790659610661604e-17, 8.009280920003156e-17, 5.996293462660162e-17, 5.872583710257049e-17]",1.6581333866300567e-17,5000.0,1.0,1.0,"[1.0, 1.0, 1.0, 1.0, 1.0, 1.0, 1.0, 1.0, 1.0, 1.0, 1.0, 1.0, 1.0, 1.0, 1.0, 1.0, 1.0, 1.0, 1.0, 1.0, 1.0, 1.0, 1.0, 1.0, 1.0, 1.0, 1.0, 1.0, 1.0, 1.0]",0.841663756625106,0.0928863096608492,"[1.0, 1.0, 1.0, 1.0, 1.0, 1.0, 1.0, 1.0, 1.0, 1.0, 1.0, 1.0, 1.0, 1.0, 1.0, 1.0, 1.0, 1.0, 1.0, 1.0, 1.0, 1.0, 1.0, 1.0, 1.0, 1.0, 1.0, 1.0, 1.0, 1.0]",0.0,"[1.0, 1.0, 1.0, 1.0, 1.0, 1.0, 1.0, 1.0, 1.0, 1.0, 1.0, 1.0, 1.0, 1.0, 1.0, 1.0, 1.0, 1.0, 1.0, 1.0, 1.0, 1.0, 1.0, 1.0, 1.0, 1.0, 1.0, 1.0, 1.0, 1.0]",0.0,1.068934445682e-18
california,ridge,5000,3,8,b4_antithetic,A0,0.0,0.0,5000.0,1.0,0.0,0.9999999999999998,1.0,1.0,1.3779809818436554e-16,12.165376626091904,"[0.9999999999999998, 0.9999999999999998, 0.9999999999999998, 0.9999999999999998, 0.9999999999999998, 0.9999999999999998, 0.9999999999999998, 0.9999999999999998, 0.9999999999999998, 0.9999999999999998, 0.9999999999999998, 0.9999999999999998, 0.9999999999999998, 0.9999999999999998, 0.9999999999999998, 0.9999999999999998, 0.9999999999999998, 0.9999999999999998, 0.9999999999999998, 0.9999999999999998, 0.9999999999999998, 0.9999999999999998, 0.9999999999999998, 0.9999999999999998, 0.9999999999999998, 0.9999999999999998, 0.9999999999999998, 0.9999999999999998, 0.9999999999999998, 0.9999999999999998]",0.0,1.2076507565985078e-16,1.527134679098449e-16,1.7224762273045693e-17,5.497284069201265e-18,"[1.1385206128799883e-16, 1.336807171907283e-16, 1.1367756606102388e-16, 9.624035166137199e-17, 1.6416746867903067e-16, 1.878005763322493e-16, 1.1941288387299473e-16, 2.4809338291562975e-16, 1.5220267351283363e-16, 1.7927965090604697e-16, 1.455925188137323e-16, 1.5198471141627763e-16, 1.129785083157996e-16, 7.488514210628239e-17, 9.510839668896603e-17, 2.23239903893486e-16, 1.4994044177309655e-16, 8.233329317720638e-17, 1.0526714961323497e-16, 6.770888955102884e-17, 1.6819943328458363e-16, 1.6529469619275953e-16, 1.744767035674233e-16, 9.274618536634226e-17, 1.0686223380712728e-16, 9.057921855986602e-17, 1.7632910853028785e-16, 9.436198090427054e-17, 1.8201818388329484e-16, 1.6562891366599212e-16]",4.3978272553610117e-17,5000.0,1.0,1.0,"[1.0, 1.0, 1.0, 1.0, 1.0, 1.0, 1.0, 1.0, 1.0, 1.0, 1.0, 1.0, 1.0, 1.0, 1.0, 1.0, 1.0, 1.0, 1.0, 1.0, 1.0, 1.0, 1.0, 1.0, 1.0, 1.0, 1.0, 1.0, 1.0, 1.0]",0.6422016400067757,0.0688045574900068,"[1.0, 1.0, 1.0, 1.0, 1.0, 1.0, 1.0, 1.0, 1.0, 1.0, 1.0, 1.0, 1.0, 1.0, 1.0, 1.0, 1.0, 1.0, 1.0, 1.0, 1.0, 1.0, 1.0, 1.0, 1.0, 1.0, 1.0, 1.0, 1.0, 1.0]",0.0,"[1.0, 1.0, 1.0, 1.0, 1.0, 1.0, 1.0, 1.0, 1.0, 1.0, 1.0, 1.0, 1.0, 1.0, 1.0, 1.0, 1.0, 1.0, 1.0, 1.0, 1.0, 1.0, 1.0, 1.0, 1.0, 1.0, 1.0, 1.0, 1.0, 1.0]",0.0,7.527599431760037e-18
california,ridge,5000,4,8,abc_shap,A0,0.9922,4961.0,39.0,1.0,0.0,0.9999999999999998,1.0,1.0,1.878507708167353e-13,372.6055744913333,"[0.9999999999999998, 0.9999999999999998, 0.9999999999999998, 0.9999999999999998, 0.9999999999999998, 0.9999999999999998, 0.9999999999999998, 0.9999999999999998, 0.9999999999999998, 0.9999999999999998, 0.9999999999999998, 0.9999999999999998, 0.9999999999999998, 0.9999999999999998, 0.9999999999999998, 0.9999999999999998, 0.9999999999999998, 0.9999999999999998, 0.9999999999999998, 0.9999999999999998, 0.9999999999999998, 0.9999999999999998, 0.9999999999999998, 0.9999999999999998, 0.9999999999999998, 0.9999999999999998, 0.9999999999999998, 0.9999999999999998, 0.9999999999999998, 0.9999999999999998]",0.0,1.1396469071691308e-13,2.848546419662225e-13,2.3481346352091908e-14,2.9649416213849466e-14,"[5.299364958469284e-13, 4.4632355204453833e-14, 6.382158994674577e-14, 4.2749130468133184e-14, 1.4437220774065386e-13, 4.899878733804912e-13, 7.351765984352759e-14, 3.273774315738405e-13, 5.6143525788044735e-14, 1.2531295780553832e-13, 3.477752939050554e-13, 1.0205341167454879e-13, 5.87516015389215e-14, 2.0614361251847773e-13, 5.930084452826116e-14, 9.165937563820433e-14, 1.0596489983623331e-13, 7.214250952973917e-14, 9.645982402413204e-14, 1.2623132504974351e-13, 1.4669349013038762e-13, 1.9204243840598363e-13, 3.1376299472620407e-14, 5.0434750039880146e-14, 2.568046253068638e-13, 1.2220567834620862e-12, 3.1047640085491046e-14, 4.549089792939922e-13, 1.4577943369272988e-14, 7.124624909380637e-14]",2.3719532971079573e-13,4961.0,1.0,1.0,"[1.0, 1.0, 1.0, 1.0, 1.0, 1.0, 1.0, 1.0, 1.0, 1.0, 1.0, 1.0, 1.0, 1.0, 1.0, 1.0, 1.0, 1.0, 1.0, 1.0, 1.0, 1.0, 1.0, 1.0, 1.0, 1.0, 1.0, 1.0, 1.0, 1.0]",1.5542241666621217,0.16186562599638,"[1.0, 1.0, 1.0, 1.0, 1.0, 1.0, 1.0, 1.0, 1.0, 1.0, 1.0, 1.0, 1.0, 1.0, 1.0, 1.0, 1.0, 1.0, 1.0, 1.0, 1.0, 1.0, 1.0, 1.0, 1.0, 1.0, 1.0, 1.0, 1.0, 1.0]",0.0,"[1.0, 1.0, 1.0, 1.0, 1.0, 1.0, 1.0, 1.0, 1.0, 1.0, 1.0, 1.0, 1.0, 1.0, 1.0, 1.0, 1.0, 1.0, 1.0, 1.0, 1.0, 1.0, 1.0, 1.0, 1.0, 1.0, 1.0, 1.0, 1.0, 1.0]",0.0,2.24452505519813e-14
california,ridge,5000,4,8,b1_uniform,A0,0.0,0.0,5000.0,1.0,0.0,0.9999999999999998,1.0,1.0,4.4101088609381706e-15,8.747534750881067,"[0.9999999999999998, 0.9999999999999998, 0.9999999999999998, 0.9999999999999998, 0.9999999999999998, 0.9999999999999998, 0.9999999999999998, 0.9999999999999998, 0.9999999999999998, 0.9999999999999998, 0.9999999999999998, 0.9999999999999998, 0.9999999999999998, 0.9999999999999998, 0.9999999999999998, 0.9999999999999998, 0.9999999999999998, 0.9999999999999998, 0.9999999999999998, 0.9999999999999998, 0.9999999999999998, 0.9999999999999998, 0.9999999999999998, 0.9999999999999998, 0.9999999999999998, 0.9999999999999998, 0.9999999999999998, 0.9999999999999998, 0.9999999999999998, 0.9999999999999998]",0.0,3.841290398602114e-15,5.064947222105375e-15,5.512636076172714e-16,2.20717492373345e-16,"[2.658670413069563e-15, 2.621006751226037e-15, 4.7667009500188575e-15, 3.4648075325361555e-15, 4.576886217370205e-15, 3.32152449948754e-15, 5.027035902434016e-15, 2.811111850789927e-15, 4.815323526714918e-15, 6.9554621397304194e-15, 2.2780041806735105e-15, 7.99932032320805e-15, 7.240242039872186e-16, 3.9821601087687585e-15, 4.595270533898227e-15, 3.1914546792334715e-15, 1.917256671263197e-15, 3.069829752810032e-15, 4.564367387192861e-15, 5.765647514134913e-15, 3.818995695520117e-15, 5.944343003831221e-15, 6.165541665643015e-15, 7.31600393012945e-15, 3.624746186042581e-15, 5.5408124502765704e-15, 4.972062039358083e-15, 8.180081129128753e-15, 2.9492838636712795e-15, 4.685530725996211e-15]",1.7657399389867602e-15,5000.0,1.0,1.0,"[1.0, 1.0, 1.0, 1.0, 1.0, 1.0, 1.0, 1.0, 1.0, 1.0, 1.0, 1.0, 1.0, 1.0, 1.0, 1.0, 1.0, 1.0, 1.0, 1.0, 1.0, 1.0, 1.0, 1.0, 1.0, 1.0, 1.0, 1.0, 1.0, 1.0]",0.6488510999906187,0.0732541638238056,"[1.0, 1.0, 1.0, 1.0, 1.0, 1.0, 1.0, 1.0, 1.0, 1.0, 1.0, 1.0, 1.0, 1.0, 1.0, 1.0, 1.0, 1.0, 1.0, 1.0, 1.0, 1.0, 1.0, 1.0, 1.0, 1.0, 1.0, 1.0, 1.0, 1.0]",0.0,"[1.0, 1.0, 1.0, 1.0, 1.0, 1.0, 1.0, 1.0, 1.0, 1.0, 1.0, 1.0, 1.0, 1.0, 1.0, 1.0, 1.0, 1.0, 1.0, 1.0, 1.0, 1.0, 1.0, 1.0, 1.0, 1.0, 1.0, 1.0, 1.0, 1.0]",0.0,2.509517981100678e-16
california,ridge,5000,4,8,b2_stratified,A0,0.0,0.0,5000.0,1.0,0.0,0.9999999999999998,1.0,1.0,5.041544831238283e-16,1.0,"[0.9999999999999998, 0.9999999999999998, 0.9999999999999998, 0.9999999999999998, 0.9999999999999998, 0.9999999999999998, 0.9999999999999998, 0.9999999999999998, 0.9999999999999998, 0.9999999999999998, 0.9999999999999998, 0.9999999999999998, 0.9999999999999998, 0.9999999999999998, 0.9999999999999998, 0.9999999999999998, 0.9999999999999998, 0.9999999999999998, 0.9999999999999998, 0.9999999999999998, 0.9999999999999998, 0.9999999999999998, 0.9999999999999998, 0.9999999999999998, 0.9999999999999998, 0.9999999999999998, 0.9999999999999998, 0.9999999999999998, 0.9999999999999998, 0.9999999999999998]",0.0,4.267008320214467e-16,5.871378106419542e-16,6.301931039047853e-17,2.7921874948375544e-17,"[8.07613643191704e-16, 6.967801467376463e-16, 5.599139941347638e-16, 5.539193773423081e-16, 4.4136507302663744e-16, 5.130931345520761e-16, 5.325126489498072e-16, 1.0273523484274267e-15, 9.441157001759525e-16, 2.2709650945675747e-16, 6.350084217876124e-16, 5.573218249973365e-16, 6.101280475499841e-16, 5.958764862895346e-16, 5.273794948125827e-16, 1.8324737286023876e-16, 3.170182178268936e-16, 2.9927248255553574e-16, 2.61759408841663e-16, 3.876194887445833e-16, 5.268544198819887e-16, 4.569115796924664e-16, 3.521799697723904e-16, 2.1213863169450023e-16, 6.978677691799277e-16, 4.090635436758311e-16, 4.555032284221999e-17, 5.706740941692123e-16, 3.282137661875746e-16, 8.467865743576936e-16]",2.2337499958700435e-16,5000.0,1.0,1.0,"[1.0, 1.0, 1.0, 1.0, 1.0, 1.0, 1.0, 1.0, 1.0, 1.0, 1.0, 1.0, 1.0, 1.0, 1.0, 1.0, 1.0, 1.0, 1.0, 1.0, 1.0, 1.0, 1.0, 1.0, 1.0, 1.0, 1.0, 1.0, 1.0, 1.0]",0.6487880133402845,0.0827878094714147,"[1.0, 1.0, 1.0, 1.0, 1.0, 1.0, 1.0, 1.0, 1.0, 1.0, 1.0, 1.0, 1.0, 1.0, 1.0, 1.0, 1.0, 1.0, 1.0, 1.0, 1.0, 1.0, 1.0, 1.0, 1.0, 1.0, 1.0, 1.0, 1.0, 1.0]",0.0,"[1.0, 1.0, 1.0, 1.0, 1.0, 1.0, 1.0, 1.0, 1.0, 1.0, 1.0, 1.0, 1.0, 1.0, 1.0, 1.0, 1.0, 1.0, 1.0, 1.0, 1.0, 1.0, 1.0, 1.0, 1.0, 1.0, 1.0, 1.0, 1.0, 1.0]",0.0,5.244614394251308e-17
california,ridge,5000,4,8,b3_is,A0,0.0,0.0,5000.0,1.0,0.0,0.9999999999999998,1.0,1.0,1.743463456282297e-15,3.4581929044436857,"[0.9999999999999998, 0.9999999999999998, 0.9999999999999998, 0.9999999999999998, 0.9999999999999998, 0.9999999999999998, 0.9999999999999998, 0.9999999999999998, 0.9999999999999998, 0.9999999999999998, 0.9999999999999998, 0.9999999999999998, 0.9999999999999998, 0.9999999999999998, 0.9999999999999998, 0.9999999999999998, 0.9999999999999998, 0.9999999999999998, 0.9999999999999998, 0.9999999999999998, 0.9999999999999998, 0.9999999999999998, 0.9999999999999998, 0.9999999999999998, 0.9999999999999998, 0.9999999999999998, 0.9999999999999998, 0.9999999999999998, 0.9999999999999998, 0.9999999999999998]",0.0,1.5657459509590728e-15,1.9343387084975403e-15,2.1793293203528716e-16,6.763592550639583e-17,"[1.477537606255395e-15, 1.3162058426206532e-15, 2.417585923588796e-15, 1.4272839277237402e-15, 1.3728928183488017e-15, 1.9146985652289436e-15, 1.3586217626153426e-15, 1.5168871631552697e-15, 1.870277381846829e-15, 2.04884828619368e-15, 1.5438111194009437e-15, 1.811893555933912e-15, 1.6323800939723788e-15, 3.0631814374262273e-15, 1.5545690816070677e-15, 1.208281925041168e-15, 1.7022667980713295e-15, 7.266906847629523e-16, 1.3685256333182031e-15, 2.250513585383997e-15, 1.6461352759800112e-15, 1.9071028912067955e-15, 2.2834052079952834e-15, 2.361722876754637e-15, 1.2659932134278017e-15, 2.94445427378315e-15, 1.3687484939396274e-15, 2.5496172181932296e-15, 8.984355340519534e-16, 1.495335510640805e-15]",5.410874040511666e-16,5000.0,1.0,1.0,"[1.0, 1.0, 1.0, 1.0, 1.0, 1.0, 1.0, 1.0, 1.0, 1.0, 1.0, 1.0, 1.0, 1.0, 1.0, 1.0, 1.0, 1.0, 1.0, 1.0, 1.0, 1.0, 1.0, 1.0, 1.0, 1.0, 1.0, 1.0, 1.0, 1.0]",0.8171429666768139,0.1162516000811148,"[1.0, 1.0, 1.0, 1.0, 1.0, 1.0, 1.0, 1.0, 1.0, 1.0, 1.0, 1.0, 1.0, 1.0, 1.0, 1.0, 1.0, 1.0, 1.0, 1.0, 1.0, 1.0, 1.0, 1.0, 1.0, 1.0, 1.0, 1.0, 1.0, 1.0]",0.0,"[1.0, 1.0, 1.0, 1.0, 1.0, 1.0, 1.0, 1.0, 1.0, 1.0, 1.0, 1.0, 1.0, 1.0, 1.0, 1.0, 1.0, 1.0, 1.0, 1.0, 1.0, 1.0, 1.0, 1.0, 1.0, 1.0, 1.0, 1.0, 1.0, 1.0]",0.0,3.579834110306868e-17
california,ridge,5000,4,8,b4_antithetic,A0,0.0,0.0,5000.0,1.0,0.0,0.9999999999999998,1.0,1.0,4.137273312482328e-15,8.20636025459313,"[0.9999999999999998, 0.9999999999999998, 0.9999999999999998, 0.9999999999999998, 0.9999999999999998, 0.9999999999999998, 0.9999999999999998, 0.9999999999999998, 0.9999999999999998, 0.9999999999999998, 0.9999999999999998, 0.9999999999999998, 0.9999999999999998, 0.9999999999999998, 0.9999999999999998, 0.9999999999999998, 0.9999999999999998, 0.9999999999999998, 0.9999999999999998, 0.9999999999999998, 0.9999999999999998, 0.9999999999999998, 0.9999999999999998, 0.9999999999999998, 0.9999999999999998, 0.9999999999999998, 0.9999999999999998, 0.9999999999999998, 0.9999999999999998, 0.9999999999999998]",0.0,3.598751806594001e-15,4.687261035803295e-15,5.17159164060291e-16,1.96156354742542e-16,"[3.032412069127505e-15, 3.383163451843761e-15, 2.504672603819772e-15, 2.924189840043669e-15, 7.492543009369689e-15, 5.402680368119333e-15, 3.410694991394548e-15, 4.3331881710561775e-15, 4.732512225499827e-15, 7.0688028716544925e-15, 5.253543406321651e-15, 3.0160155197531213e-15, 6.2950030328530994e-15, 6.568945864385484e-15, 3.1190891375752582e-15, 2.306167568856516e-15, 3.846952028606256e-15, 2.4418178776690354e-15, 6.6821908870035304e-15, 3.760622190610257e-15, 4.228601803435454e-15, 5.4396831290619405e-15, 4.690594583947034e-15, 2.580912270396425e-15, 5.104247138627342e-15, 1.0418879576077119e-15, 3.364386428154187e-15, 4.0194914645114205e-15, 3.562778853482182e-15, 2.510408629683156e-15]",1.5692508379403357e-15,5000.0,1.0,1.0,"[1.0, 1.0, 1.0, 1.0, 1.0, 1.0, 1.0, 1.0, 1.0, 1.0, 1.0, 1.0, 1.0, 1.0, 1.0, 1.0, 1.0, 1.0, 1.0, 1.0, 1.0, 1.0, 1.0, 1.0, 1.0, 1.0, 1.0, 1.0, 1.0, 1.0]",0.6095820933658008,0.0698827503169823,"[1.0, 1.0, 1.0, 1.0, 1.0, 1.0, 1.0, 1.0, 1.0, 1.0, 1.0, 1.0, 1.0, 1.0, 1.0, 1.0, 1.0, 1.0, 1.0, 1.0, 1.0, 1.0, 1.0, 1.0, 1.0, 1.0, 1.0, 1.0, 1.0, 1.0]",0.0,"[1.0, 1.0, 1.0, 1.0, 1.0, 1.0, 1.0, 1.0, 1.0, 1.0, 1.0, 1.0, 1.0, 1.0, 1.0, 1.0, 1.0, 1.0, 1.0, 1.0, 1.0, 1.0, 1.0, 1.0, 1.0, 1.0, 1.0, 1.0, 1.0, 1.0]",0.0,2.1182647306782511e-16
california,ridge,5000,5,8,abc_shap,A0,0.9922,4961.0,39.0,1.0,0.0,0.9999999999999998,1.0,1.0,3.618883385832396e-14,250.74894691105573,"[0.9999999999999998, 0.9999999999999998, 0.9999999999999998, 0.9999999999999998, 0.9999999999999998, 0.9999999999999998, 0.9999999999999998, 0.9999999999999998, 0.9999999999999998, 0.9999999999999998, 0.9999999999999998, 0.9999999999999998, 0.9999999999999998, 0.9999999999999998, 0.9999999999999998, 0.9999999999999998, 0.9999999999999998, 0.9999999999999998, 0.9999999999999998, 0.9999999999999998, 0.9999999999999998, 0.9999999999999998, 0.9999999999999998, 0.9999999999999998, 0.9999999999999998, 0.9999999999999998, 0.9999999999999998, 0.9999999999999998, 0.9999999999999998, 0.9999999999999998]",0.0,2.476205539549754e-14,4.870105656232904e-14,4.523604232290495e-15,4.431040383055946e-15,"[1.8171378298395796e-14, 1.0729643402228276e-14, 3.539658503199644e-14, 3.566147639855437e-14, 1.778351780712385e-14, 1.836193542164085e-13, 1.4077944503460683e-14, 6.241604641885015e-14, 1.9113742350054905e-14, 1.7596111778259516e-14, 1.875483169737418e-14, 4.141581059068972e-14, 3.054713285807284e-14, 1.5112297195743402e-14, 1.3919991025206464e-14, 1.7808849305872748e-14, 4.6306239739095687e-14, 9.938729787411596e-14, 2.7955449824488628e-14, 1.6789297410033775e-14, 3.695721357722008e-14, 8.729906921619516e-14, 2.1603197797086067e-14, 1.3748277475162097e-14, 4.019225617051414e-14, 2.104604562283947e-14, 1.2347622223146378e-14, 5.8082901576819704e-15, 2.8761914701272326e-14, 7.533813108257546e-14]",3.544832306444757e-14,4961.0,1.0,1.0,"[1.0, 1.0, 1.0, 1.0, 1.0, 1.0, 1.0, 1.0, 1.0, 1.0, 1.0, 1.0, 1.0, 1.0, 1.0, 1.0, 1.0, 1.0, 1.0, 1.0, 1.0, 1.0, 1.0, 1.0, 1.0, 1.0, 1.0, 1.0, 1.0, 1.0]",1.7583088299958036,0.2247012380986924,"[1.0, 1.0, 1.0, 1.0, 1.0, 1.0, 1.0, 1.0, 1.0, 1.0, 1.0, 1.0, 1.0, 1.0, 1.0, 1.0, 1.0, 1.0, 1.0, 1.0, 1.0, 1.0, 1.0, 1.0, 1.0, 1.0, 1.0, 1.0, 1.0, 1.0]",0.0,"[1.0, 1.0, 1.0, 1.0, 1.0, 1.0, 1.0, 1.0, 1.0, 1.0, 1.0, 1.0, 1.0, 1.0, 1.0, 1.0, 1.0, 1.0, 1.0, 1.0, 1.0, 1.0, 1.0, 1.0, 1.0, 1.0, 1.0, 1.0, 1.0, 1.0]",0.0,4.159643895509554e-15
california,ridge,5000,5,8,b1_uniform,A0,0.0,0.0,5000.0,1.0,0.0,0.9999999999999998,1.0,1.0,1.2452181790105417e-15,8.627996919817207,"[0.9999999999999998, 0.9999999999999998, 0.9999999999999998, 0.9999999999999998, 0.9999999999999998, 0.9999999999999998, 0.9999999999999998, 0.9999999999999998, 0.9999999999999998, 0.9999999999999998, 0.9999999999999998, 0.9999999999999998, 0.9999999999999998, 0.9999999999999998, 0.9999999999999998, 0.9999999999999998, 0.9999999999999998, 0.9999999999999998, 0.9999999999999998, 0.9999999999999998, 0.9999999999999998, 0.9999999999999998, 0.9999999999999998, 0.9999999999999998, 0.9999999999999998, 0.9999999999999998, 0.9999999999999998, 0.9999999999999998, 0.9999999999999998, 0.9999999999999998]",0.0,1.0431165747628044e-15,1.4740432701049469e-15,1.5565227237631771e-16,7.338616954623034e-17,"[1.4183054475530653e-15, 6.670683652871221e-16, 6.547177042627008e-16, 1.2153812544842272e-15, 1.3743930367734201e-15, 1.1216514717001746e-15, 2.752795341919282e-15, 1.429051079524891e-15, 9.502535173665387e-16, 1.2182075296405938e-15, 1.0553888649713545e-15, 2.0882778476967175e-15, 1.9262415209959156e-15, 4.684201025329739e-16, 8.935359884807038e-16, 1.0240918843483623e-15, 1.6688603061637763e-15, 1.6610858044321504e-15, 8.801680524852763e-16, 9.849569079930289e-16, 1.1847865192615543e-15, 1.5494081729233913e-15, 9.043437275884253e-16, 3.719355859230967e-16, 1.2144185684321697e-15, 1.840087675572258e-15, 2.7699990267037844e-15, 8.97367089578897e-16, 5.008600789749623e-16, 6.704868967454316e-16]",5.870893563698427e-16,5000.0,1.0,1.0,"[1.0, 1.0, 1.0, 1.0, 1.0, 1.0, 1.0, 1.0, 1.0, 1.0, 1.0, 1.0, 1.0, 1.0, 1.0, 1.0, 1.0, 1.0, 1.0, 1.0, 1.0, 1.0, 1.0, 1.0, 1.0, 1.0, 1.0, 1.0, 1.0, 1.0]",0.7099188499851152,0.0901814028878204,"[1.0, 1.0, 1.0, 1.0, 1.0, 1.0, 1.0, 1.0, 1.0, 1.0, 1.0, 1.0, 1.0, 1.0, 1.0, 1.0, 1.0, 1.0, 1.0, 1.0, 1.0, 1.0, 1.0, 1.0, 1.0, 1.0, 1.0, 1.0, 1.0, 1.0]",0.0,"[1.0, 1.0, 1.0, 1.0, 1.0, 1.0, 1.0, 1.0, 1.0, 1.0, 1.0, 1.0, 1.0, 1.0, 1.0, 1.0, 1.0, 1.0, 1.0, 1.0, 1.0, 1.0, 1.0, 1.0, 1.0, 1.0, 1.0, 1.0, 1.0, 1.0]",0.0,5.801125136988211e-17
california,ridge,5000,5,8,b2_stratified,A0,0.0,0.0,5000.0,1.0,0.0,0.9999999999999998,1.0,1.0,1.4432297444966204e-16,1.0,"[0.9999999999999998, 0.9999999999999998, 0.9999999999999998, 0.9999999999999998, 0.9999999999999998, 0.9999999999999998, 0.9999999999999998, 0.9999999999999998, 0.9999999999999998, 0.9999999999999998, 0.9999999999999998, 0.9999999999999998, 0.9999999999999998, 0.9999999999999998, 0.9999999999999998, 0.9999999999999998, 0.9999999999999998, 0.9999999999999998, 0.9999999999999998, 0.9999999999999998, 0.9999999999999998, 0.9999999999999998, 0.9999999999999998, 0.9999999999999998, 0.9999999999999998, 0.9999999999999998, 0.9999999999999998, 0.9999999999999998, 0.9999999999999998, 0.9999999999999998]",0.0,1.217235319335322e-16,1.6737002547872918e-16,1.8040371806207758e-17,8.289887794827862e-18,"[1.9957040269501234e-16, 1.399568653805105e-16, 8.401206058711973e-17, 2.5320533370614045e-16, 6.399580353593586e-17, 3.3340907113609057e-17, 1.3652242208754095e-16, 4.162109710736219e-17, 1.8893065894647984e-16, 6.077711343338089e-17, 2.5170718928370805e-16, 1.2643211389085778e-16, 1.1628176661591204e-16, 2.266585996193439e-16, 1.1270635639531232e-16, 8.786194531204432e-17, 1.8063185519725075e-16, 2.1916560697483666e-16, 1.2565726674057295e-16, 1.6906425231640108e-16, 2.717022397888543e-16, 1.3215948087057776e-16, 1.5857893693672408e-16, 2.0173433473242527e-16, 5.573318537447759e-17, 1.1271215198436856e-16, 1.4515075921756122e-16, 2.257118643219494e-16, 1.538625504377428e-16, 5.42441128858479e-17]",6.63191023586229e-17,5000.0,1.0,1.0,"[1.0, 1.0, 1.0, 1.0, 1.0, 1.0, 1.0, 1.0, 1.0, 1.0, 1.0, 1.0, 1.0, 1.0, 1.0, 1.0, 1.0, 1.0, 1.0, 1.0, 1.0, 1.0, 1.0, 1.0, 1.0, 1.0, 1.0, 1.0, 1.0, 1.0]",0.7269618733320385,0.1059828804251999,"[1.0, 1.0, 1.0, 1.0, 1.0, 1.0, 1.0, 1.0, 1.0, 1.0, 1.0, 1.0, 1.0, 1.0, 1.0, 1.0, 1.0, 1.0, 1.0, 1.0, 1.0, 1.0, 1.0, 1.0, 1.0, 1.0, 1.0, 1.0, 1.0, 1.0]",0.0,"[1.0, 1.0, 1.0, 1.0, 1.0, 1.0, 1.0, 1.0, 1.0, 1.0, 1.0, 1.0, 1.0, 1.0, 1.0, 1.0, 1.0, 1.0, 1.0, 1.0, 1.0, 1.0, 1.0, 1.0, 1.0, 1.0, 1.0, 1.0, 1.0, 1.0]",0.0,1.5859114839590814e-17
california,ridge,5000,5,8,b3_is,A0,0.0,0.0,5000.0,1.0,0.0,0.9999999999999998,1.0,1.0,3.538609128042745e-16,2.4518682084652887,"[0.9999999999999998, 0.9999999999999998, 0.9999999999999998, 0.9999999999999998, 0.9999999999999998, 0.9999999999999998, 0.9999999999999998, 0.9999999999999998, 0.9999999999999998, 0.9999999999999998, 0.9999999999999998, 0.9999999999999998, 0.9999999999999998, 0.9999999999999998, 0.9999999999999998, 0.9999999999999998, 0.9999999999999998, 0.9999999999999998, 0.9999999999999998, 0.9999999999999998, 0.9999999999999998, 0.9999999999999998, 0.9999999999999998, 0.9999999999999998, 0.9999999999999998, 0.9999999999999998, 0.9999999999999998, 0.9999999999999998, 0.9999999999999998, 0.9999999999999998]",0.0,3.1803770974429557e-16,3.8726148052116913e-16,4.423261410053432e-17,1.2170672586355253e-17,"[3.192796033475211e-16, 2.375690860269494e-16, 3.8858420052285107e-16, 5.081128061379744e-16, 3.186630307087113e-16, 4.630332535267539e-16, 2.9143409136961723e-16, 4.338996141028438e-16, 2.8683218150822526e-16, 2.445402489232564e-16, 4.2972198373735544e-16, 4.590991292479073e-16, 2.21566284445199e-16, 2.7219066013738843e-16, 2.3864252443885016e-16, 4.1854369770907897e-16, 3.6669872596579807e-16, 4.476826882846992e-16, 2.492826118978204e-16, 3.89957284153739e-16, 4.816722883742228e-16, 2.048951137752678e-16, 3.713273424223688e-16, 3.684166693812339e-16, 2.1922199455275854e-16, 3.171786888379643e-16, 4.762104850788725e-16, 5.62887965008466e-16, 3.6336667344686647e-16, 2.6531645705767453e-16]",9.736538069084202e-17,5000.0,1.0,1.0,"[1.0, 1.0, 1.0, 1.0, 1.0, 1.0, 1.0, 1.0, 1.0, 1.0, 1.0, 1.0, 1.0, 1.0, 1.0, 1.0, 1.0, 1.0, 1.0, 1.0, 1.0, 1.0, 1.0, 1.0, 1.0, 1.0, 1.0, 1.0, 1.0, 1.0]",0.9086004933342338,0.1521513045318238,"[1.0, 1.0, 1.0, 1.0, 1.0, 1.0, 1.0, 1.0, 1.0, 1.0, 1.0, 1.0, 1.0, 1.0, 1.0, 1.0, 1.0, 1.0, 1.0, 1.0, 1.0, 1.0, 1.0, 1.0, 1.0, 1.0, 1.0, 1.0, 1.0, 1.0]",0.0,"[1.0, 1.0, 1.0, 1.0, 1.0, 1.0, 1.0, 1.0, 1.0, 1.0, 1.0, 1.0, 1.0, 1.0, 1.0, 1.0, 1.0, 1.0, 1.0, 1.0, 1.0, 1.0, 1.0, 1.0, 1.0, 1.0, 1.0, 1.0, 1.0, 1.0]",0.0,8.393316465964063e-18
california,ridge,5000,5,8,b4_antithetic,A0,0.0,0.0,5000.0,1.0,0.0,0.9999999999999998,1.0,1.0,7.590005998298924e-16,5.259042108327818,"[0.9999999999999998, 0.9999999999999998, 0.9999999999999998, 0.9999999999999998, 0.9999999999999998, 0.9999999999999998, 0.9999999999999998, 0.9999999999999998, 0.9999999999999998, 0.9999999999999998, 0.9999999999999998, 0.9999999999999998, 0.9999999999999998, 0.9999999999999998, 0.9999999999999998, 0.9999999999999998, 0.9999999999999998, 0.9999999999999998, 0.9999999999999998, 0.9999999999999998, 0.9999999999999998, 0.9999999999999998, 0.9999999999999998, 0.9999999999999998, 0.9999999999999998, 0.9999999999999998, 0.9999999999999998, 0.9999999999999998, 0.9999999999999998, 0.9999999999999998]",0.0,6.26621191097749e-16,8.985345095028737e-16,9.487507497873655e-17,4.939572280048082e-17,"[1.9540051155853746e-16, 6.007638677001227e-16, 5.991312518570428e-16, 1.088573276002587e-15, 9.30129849353534e-16, 5.089405064497153e-16, 6.87780752935462e-16, 1.3437929615380312e-15, 5.772021586869179e-16, 9.45136316375953e-16, 5.474337972528445e-16, 4.752046923337431e-16, 5.03619671859069e-16, 5.170069235220021e-16, 7.170419485604618e-16, 5.792105587245161e-16, 1.6591212508409664e-15, 8.638891151219994e-16, 1.4771060076716705e-15, 8.14512433052894e-16, 1.0037953484775214e-15, 2.1098962729946332e-16, 4.492105678331262e-16, 3.7928637108271333e-16, 3.0229963691005256e-16, 9.542717539543924e-16, 1.5941058481818878e-15, 1.3399224469467496e-15, 3.879940036910159e-16, 5.171445391217783e-16]",3.951657824038465e-16,5000.0,1.0,1.0,"[1.0, 1.0, 1.0, 1.0, 1.0, 1.0, 1.0, 1.0, 1.0, 1.0, 1.0, 1.0, 1.0, 1.0, 1.0, 1.0, 1.0, 1.0, 1.0, 1.0, 1.0, 1.0, 1.0, 1.0, 1.0, 1.0, 1.0, 1.0, 1.0, 1.0]",0.6837951099888111,0.0932236565358304,"[1.0, 1.0, 1.0, 1.0, 1.0, 1.0, 1.0, 1.0, 1.0, 1.0, 1.0, 1.0, 1.0, 1.0, 1.0, 1.0, 1.0, 1.0, 1.0, 1.0, 1.0, 1.0, 1.0, 1.0, 1.0, 1.0, 1.0, 1.0, 1.0, 1.0]",0.0,"[1.0, 1.0, 1.0, 1.0, 1.0, 1.0, 1.0, 1.0, 1.0, 1.0, 1.0, 1.0, 1.0, 1.0, 1.0, 1.0, 1.0, 1.0, 1.0, 1.0, 1.0, 1.0, 1.0, 1.0, 1.0, 1.0, 1.0, 1.0, 1.0, 1.0]",0.0,6.532933686073583e-17
california,ridge,5000,6,8,abc_shap,A0,0.9922,4961.0,39.0,1.0,0.0,0.9999999999999998,1.0,1.0,3.2965879173305535e-14,894.9437476151328,"[0.9999999999999998, 0.9999999999999998, 0.9999999999999998, 0.9999999999999998, 0.9999999999999998, 0.9999999999999998, 0.9999999999999998, 0.9999999999999998, 0.9999999999999998, 0.9999999999999998, 0.9999999999999998, 0.9999999999999998, 0.9999999999999998, 0.9999999999999998, 0.9999999999999998, 0.9999999999999998, 0.9999999999999998, 0.9999999999999998, 0.9999999999999998, 0.9999999999999998, 0.9999999999999998, 0.9999999999999998, 0.9999999999999998, 0.9999999999999998, 0.9999999999999998, 0.9999999999999998, 0.9999999999999998, 0.9999999999999998, 0.9999999999999998, 0.9999999999999998]",0.0,1.6114274669748595e-14,5.5610594547012594e-14,4.120734896663191e-15,6.8152522283225954e-15,"[2.7709541455017812e-15, 1.1608237778336552e-14, 2.7056815010717902e-14, 2.0892392515040695e-13, 1.7357136384852027e-14, 1.3886810636733705e-14, 1.0966204065220025e-13, 1.681155955613631e-14, 2.375094248815464e-14, 6.601091925073797e-15, 1.6088351387398399e-15, 1.7081632092536553e-14, 1.288976422316621e-14, 6.6770827077437524e-15, 1.4969051034352638e-14, 1.1628003449483462e-15, 1.7754233675907852e-14, 2.2376757597703725e-14, 1.158221266072908e-14, 8.759134102120659e-14, 3.9525332557795955e-15, 3.6131497817164264e-14, 6.84578343918147e-15, 2.277862581529694e-13, 1.8552516883305345e-14, 1.728281960741683e-14, 1.802272463308279e-14, 1.1299088413207235e-14, 7.729540837622054e-15, 9.250387934288413e-15]",5.452201782658076e-14,4961.0,1.0,1.0,"[1.0, 1.0, 1.0, 1.0, 1.0, 1.0, 1.0, 1.0, 1.0, 1.0, 1.0, 1.0, 1.0, 1.0, 1.0, 1.0, 1.0, 1.0, 1.0, 1.0, 1.0, 1.0, 1.0, 1.0, 1.0, 1.0, 1.0, 1.0, 1.0, 1.0]",1.7488579399650916,0.2912644140612048,"[1.0, 1.0, 1.0, 1.0, 1.0, 1.0, 1.0, 1.0, 1.0, 1.0, 1.0, 1.0, 1.0, 1.0, 1.0, 1.0, 1.0, 1.0, 1.0, 1.0, 1.0, 1.0, 1.0, 1.0, 1.0, 1.0, 1.0, 1.0, 1.0, 1.0]",0.0,"[1.0, 1.0, 1.0, 1.0, 1.0, 1.0, 1.0, 1.0, 1.0, 1.0, 1.0, 1.0, 1.0, 1.0, 1.0, 1.0, 1.0, 1.0, 1.0, 1.0, 1.0, 1.0, 1.0, 1.0, 1.0, 1.0, 1.0, 1.0, 1.0, 1.0]",0.0,3.956923965216822e-15
california,ridge,5000,6,8,b1_uniform,A0,0.0,0.0,5000.0,1.0,0.0,0.9999999999999998,1.0,1.0,3.525512166058862e-16,9.570911346148376,"[0.9999999999999998, 0.9999999999999998, 0.9999999999999998, 0.9999999999999998, 0.9999999999999998, 0.9999999999999998, 0.9999999999999998, 0.9999999999999998, 0.9999999999999998, 0.9999999999999998, 0.9999999999999998, 0.9999999999999998, 0.9999999999999998, 0.9999999999999998, 0.9999999999999998, 0.9999999999999998, 0.9999999999999998, 0.9999999999999998, 0.9999999999999998, 0.9999999999999998, 0.9999999999999998, 0.9999999999999998, 0.9999999999999998, 0.9999999999999998, 0.9999999999999998, 0.9999999999999998, 0.9999999999999998, 0.9999999999999998, 0.9999999999999998, 0.9999999999999998]",0.0,3.0414110574025524e-16,4.0302155695092974e-16,4.406890207573578e-17,1.7530512231651058e-17,"[3.2055059032096087e-16, 6.365696652177276e-16, 1.8154144663775992e-16, 3.435577704928782e-16, 2.119785139191583e-16, 3.263193509950979e-16, 5.291510535727561e-16, 5.730518110099846e-16, 1.406069277429751e-16, 2.1523428480200996e-16, 3.6688552818447908e-16, 3.194778499859074e-16, 4.073072069222527e-16, 4.672909230722195e-16, 1.7204056634913842e-16, 3.321895953833311e-16, 4.05670019412056e-16, 4.3772875072227083e-16, 1.7231908922035304e-16, 2.7428349361111374e-16, 3.8726344301749993e-16, 4.920789007839862e-16, 4.787238542259902e-16, 3.547968922881923e-16, 3.151721009778004e-16, 1.6912459357397494e-16, 1.3126062355712499e-16, 4.568730223081636e-16, 3.1670473131154967e-16, 6.407838985578764e-16]",1.4024409785320847e-16,5000.0,1.0,1.0,"[1.0, 1.0, 1.0, 1.0, 1.0, 1.0, 1.0, 1.0, 1.0, 1.0, 1.0, 1.0, 1.0, 1.0, 1.0, 1.0, 1.0, 1.0, 1.0, 1.0, 1.0, 1.0, 1.0, 1.0, 1.0, 1.0, 1.0, 1.0, 1.0, 1.0]",0.7379815833487858,0.1483980339003144,"[1.0, 1.0, 1.0, 1.0, 1.0, 1.0, 1.0, 1.0, 1.0, 1.0, 1.0, 1.0, 1.0, 1.0, 1.0, 1.0, 1.0, 1.0, 1.0, 1.0, 1.0, 1.0, 1.0, 1.0, 1.0, 1.0, 1.0, 1.0, 1.0, 1.0]",0.0,"[1.0, 1.0, 1.0, 1.0, 1.0, 1.0, 1.0, 1.0, 1.0, 1.0, 1.0, 1.0, 1.0, 1.0, 1.0, 1.0, 1.0, 1.0, 1.0, 1.0, 1.0, 1.0, 1.0, 1.0, 1.0, 1.0, 1.0, 1.0, 1.0, 1.0]",0.0,1.7790334787604298e-17
california,ridge,5000,6,8,b2_stratified,A0,0.0,0.0,5000.0,1.0,0.0,0.9999999999999998,1.0,1.0,3.6835699742194724e-17,1.0,"[0.9999999999999998, 0.9999999999999998, 0.9999999999999998, 0.9999999999999998, 0.9999999999999998, 0.9999999999999998, 0.9999999999999998, 0.9999999999999998, 0.9999999999999998, 0.9999999999999998, 0.9999999999999998, 0.9999999999999998, 0.9999999999999998, 0.9999999999999998, 0.9999999999999998, 0.9999999999999998, 0.9999999999999998, 0.9999999999999998, 0.9999999999999998, 0.9999999999999998, 0.9999999999999998, 0.9999999999999998, 0.9999999999999998, 0.9999999999999998, 0.9999999999999998, 0.9999999999999998, 0.9999999999999998, 0.9999999999999998, 0.9999999999999998, 0.9999999999999998]",0.0,3.115969548487792e-17,4.283400056660676e-17,4.604462467774341e-18,2.0623584826740485e-18,"[5.1485263067094456e-17, 2.08526852039375e-17, 3.346792464990356e-17, 3.460375298562184e-17, 4.9551114727172784e-17, 2.765233262013433e-17, 6.514350668633606e-17, 6.056959993367651e-17, 1.3955935695335015e-17, 6.431292930802356e-17, 1.7412342328819368e-17, 4.098402409455096e-17, 4.0776477861538804e-17, 1.7354778186400533e-17, 1.929492424629461e-17, 4.394613659777176e-17, 3.3799255176276584e-17, 4.185347122560082e-17, 3.5423104448021945e-17, 1.1551622138323539e-17, 4.3745628710575006e-17, 1.532985259798555e-17, 4.5293666724854425e-17, 3.286127024812599e-17, 4.3497789608952e-17, 7.560005308797303e-17, 3.620742844298988e-17, 4.947797236544289e-17, 1.3884574685214102e-17, 2.5181574612894334e-17]",1.6498867861392388e-17,5000.0,1.0,1.0,"[1.0, 1.0, 1.0, 1.0, 1.0, 1.0, 1.0, 1.0, 1.0, 1.0, 1.0, 1.0, 1.0, 1.0, 1.0, 1.0, 1.0, 1.0, 1.0, 1.0, 1.0, 1.0, 1.0, 1.0, 1.0, 1.0, 1.0, 1.0, 1.0, 1.0]",0.7468055866969129,0.1245684123302762,"[1.0, 1.0, 1.0, 1.0, 1.0, 1.0, 1.0, 1.0, 1.0, 1.0, 1.0, 1.0, 1.0, 1.0, 1.0, 1.0, 1.0, 1.0, 1.0, 1.0, 1.0, 1.0, 1.0, 1.0, 1.0, 1.0, 1.0, 1.0, 1.0, 1.0]",0.0,"[1.0, 1.0, 1.0, 1.0, 1.0, 1.0, 1.0, 1.0, 1.0, 1.0, 1.0, 1.0, 1.0, 1.0, 1.0, 1.0, 1.0, 1.0, 1.0, 1.0, 1.0, 1.0, 1.0, 1.0, 1.0, 1.0, 1.0, 1.0, 1.0, 1.0]",0.0,4.3014599440047155e-18
california,ridge,5000,6,8,b3_is,A0,0.0,0.0,5000.0,1.0,0.0,0.9999999999999998,1.0,1.0,1.1012359882095488e-16,2.989588893157634,"[0.9999999999999998, 0.9999999999999998, 0.9999999999999998, 0.9999999999999998, 0.9999999999999998, 0.9999999999999998, 0.9999999999999998, 0.9999999999999998, 0.9999999999999998, 0.9999999999999998, 0.9999999999999998, 0.9999999999999998, 0.9999999999999998, 0.9999999999999998, 0.9999999999999998, 0.9999999999999998, 0.9999999999999998, 0.9999999999999998, 0.9999999999999998, 0.9999999999999998, 0.9999999999999998, 0.9999999999999998, 0.9999999999999998, 0.9999999999999998, 0.9999999999999998, 0.9999999999999998, 0.9999999999999998, 0.9999999999999998, 0.9999999999999998, 0.9999999999999998]",0.0,9.926043429809366e-17,1.214485088237476e-16,1.3765449852619358e-17,3.771474732225654e-18,"[1.1867226830020655e-16, 1.0349100236863935e-16, 1.319376100264586e-16, 6.974679226717936e-17, 1.2343009082737605e-16, 1.047864575754652e-16, 1.7271356155475427e-16, 1.2599779964369313e-16, 5.429672516831726e-17, 1.2062032375554383e-16, 1.3818014996505532e-16, 8.137429034265868e-17, 8.800924885646003e-17, 1.393659001246265e-16, 1.5685726908417651e-16, 1.2005683833833646e-16, 1.2414703529093646e-16, 9.451557692385636e-17, 8.283585735600081e-17, 7.598444838317108e-17, 5.760508712579188e-17, 1.287750458160636e-16, 9.006384368247859e-17, 1.2114574346021585e-16, 9.262794850345124e-17, 1.685510913621464e-16, 1.3886678143519275e-16, 6.967994728385195e-17, 1.0127169030806053e-16, 1.0810153949848077e-16]",3.0171797857805227e-17,5000.0,1.0,1.0,"[1.0, 1.0, 1.0, 1.0, 1.0, 1.0, 1.0, 1.0, 1.0, 1.0, 1.0, 1.0, 1.0, 1.0, 1.0, 1.0, 1.0, 1.0, 1.0, 1.0, 1.0, 1.0, 1.0, 1.0, 1.0, 1.0, 1.0, 1.0, 1.0, 1.0]",0.9131829633377492,0.1680048460836465,"[1.0, 1.0, 1.0, 1.0, 1.0, 1.0, 1.0, 1.0, 1.0, 1.0, 1.0, 1.0, 1.0, 1.0, 1.0, 1.0, 1.0, 1.0, 1.0, 1.0, 1.0, 1.0, 1.0, 1.0, 1.0, 1.0, 1.0, 1.0, 1.0, 1.0]",0.0,"[1.0, 1.0, 1.0, 1.0, 1.0, 1.0, 1.0, 1.0, 1.0, 1.0, 1.0, 1.0, 1.0, 1.0, 1.0, 1.0, 1.0, 1.0, 1.0, 1.0, 1.0, 1.0, 1.0, 1.0, 1.0, 1.0, 1.0, 1.0, 1.0, 1.0]",0.0,2.7658351772394927e-18
california,ridge,5000,6,8,b4_antithetic,A0,0.0,0.0,5000.0,1.0,0.0,0.9999999999999998,1.0,1.0,2.6723552333501257e-16,7.254796982420247,"[0.9999999999999998, 0.9999999999999998, 0.9999999999999998, 0.9999999999999998, 0.9999999999999998, 0.9999999999999998, 0.9999999999999998, 0.9999999999999998, 0.9999999999999998, 0.9999999999999998, 0.9999999999999998, 0.9999999999999998, 0.9999999999999998, 0.9999999999999998, 0.9999999999999998, 0.9999999999999998, 0.9999999999999998, 0.9999999999999998, 0.9999999999999998, 0.9999999999999998, 0.9999999999999998, 0.9999999999999998, 0.9999999999999998, 0.9999999999999998, 0.9999999999999998, 0.9999999999999998, 0.9999999999999998, 0.9999999999999998, 0.9999999999999998, 0.9999999999999998]",0.0,2.1872583079164114e-16,3.2544924776941965e-16,3.340444041687657e-17,1.8247736636891378e-17,"[4.2778088762359667e-16, 2.131231994608885e-16, 1.2022132101968944e-16, 2.653599325824765e-16, 1.1608202950814696e-16, 1.3447691088031417e-16, 1.539040016592073e-16, 1.9713225650365586e-16, 5.956535068490047e-16, 3.357326792738768e-16, 1.3918312293521255e-16, 1.9525087382787448e-16, 6.53704183574226e-16, 2.152237607005614e-16, 1.5475067464650246e-16, 3.617180912199242e-16, 1.7012751789867915e-16, 2.0146825781482716e-16, 4.1153711203052586e-16, 2.3869935222270507e-16, 5.491550891008481e-16, 3.410036773716212e-16, 2.179129836951317e-16, 7.959412550522758e-17, 3.0609195722476096e-16, 3.108220434854382e-16, 1.0596756612187568e-16, 1.2610486615277455e-16, 2.885370640045163e-16, 3.907466551562872e-16]",1.4598189309513103e-16,5000.0,1.0,1.0,"[1.0, 1.0, 1.0, 1.0, 1.0, 1.0, 1.0, 1.0, 1.0, 1.0, 1.0, 1.0, 1.0, 1.0, 1.0, 1.0, 1.0, 1.0, 1.0, 1.0, 1.0, 1.0, 1.0, 1.0, 1.0, 1.0, 1.0, 1.0, 1.0, 1.0]",0.6948242199840025,0.1247027686455076,"[1.0, 1.0, 1.0, 1.0, 1.0, 1.0, 1.0, 1.0, 1.0, 1.0, 1.0, 1.0, 1.0, 1.0, 1.0, 1.0, 1.0, 1.0, 1.0, 1.0, 1.0, 1.0, 1.0, 1.0, 1.0, 1.0, 1.0, 1.0, 1.0, 1.0]",0.0,"[1.0, 1.0, 1.0, 1.0, 1.0, 1.0, 1.0, 1.0, 1.0, 1.0, 1.0, 1.0, 1.0, 1.0, 1.0, 1.0, 1.0, 1.0, 1.0, 1.0, 1.0, 1.0, 1.0, 1.0, 1.0, 1.0, 1.0, 1.0, 1.0, 1.0]",0.0,1.6935880058425738e-17
california,ridge,5000,7,8,abc_shap,A0,0.9922,4961.0,39.0,1.0,0.0,0.9999999999999998,1.0,1.0,1.5485214166354586e-14,1239.3213172854555,"[0.9999999999999998, 0.9999999999999998, 0.9999999999999998, 0.9999999999999998, 0.9999999999999998, 0.9999999999999998, 0.9999999999999998, 0.9999999999999998, 0.9999999999999998, 0.9999999999999998, 0.9999999999999998, 0.9999999999999998, 0.9999999999999998, 0.9999999999999998, 0.9999999999999998, 0.9999999999999998, 0.9999999999999998, 0.9999999999999998, 0.9999999999999998, 0.9999999999999998, 0.9999999999999998, 0.9999999999999998, 0.9999999999999998, 0.9999999999999998, 0.9999999999999998, 0.9999999999999998, 0.9999999999999998, 0.9999999999999998, 0.9999999999999998, 0.9999999999999998]",0.0,6.571488117096638e-15,3.0394283090829687e-14,1.9356517707943237e-15,4.884479786704778e-15,"[7.0470191753036066e-15, 2.1595995394514805e-15, 3.6460362262320424e-15, 7.762110750548422e-15, 1.3245230924170645e-14, 1.258955515046688e-14, 5.541900543151909e-15, 3.067254518433596e-15, 1.88228497803957e-14, 5.790654818752448e-15, 3.865627371590712e-15, 1.6817476802324295e-14, 1.61855935326868e-14, 1.0485632236625763e-14, 4.0004130200411826e-15, 1.5689581275595303e-15, 1.8052379526420874e-15, 2.5687191601290827e-15, 7.192594549892378e-15, 2.2263181684560367e-13, 1.475436299803791e-14, 2.6405997539333224e-15, 7.0602658496343454e-15, 3.875948633941302e-15, 1.8818794814009246e-14, 3.0578815360241442e-15, 5.19626937291634e-15, 3.2628545434390914e-14, 6.442075738174384e-15, 3.2873998335734213e-15]",3.907583829363823e-14,4961.0,1.0,1.0,"[1.0, 1.0, 1.0, 1.0, 1.0, 1.0, 1.0, 1.0, 1.0, 1.0, 1.0, 1.0, 1.0, 1.0, 1.0, 1.0, 1.0, 1.0, 1.0, 1.0, 1.0, 1.0, 1.0, 1.0, 1.0, 1.0, 1.0, 1.0, 1.0, 1.0]",1.6451912867060552,0.1685458577524745,"[1.0, 1.0, 1.0, 1.0, 1.0, 1.0, 1.0, 1.0, 1.0, 1.0, 1.0, 1.0, 1.0, 1.0, 1.0, 1.0, 1.0, 1.0, 1.0, 1.0, 1.0, 1.0, 1.0, 1.0, 1.0, 1.0, 1.0, 1.0, 1.0, 1.0]",0.0,"[1.0, 1.0, 1.0, 1.0, 1.0, 1.0, 1.0, 1.0, 1.0, 1.0, 1.0, 1.0, 1.0, 1.0, 1.0, 1.0, 1.0, 1.0, 1.0, 1.0, 1.0, 1.0, 1.0, 1.0, 1.0, 1.0, 1.0, 1.0, 1.0, 1.0]",0.0,1.7493915065562965e-15
california,ridge,5000,7,8,b1_uniform,A0,0.0,0.0,5000.0,1.0,0.0,0.9999999999999998,1.0,1.0,8.456900043119499e-17,6.768273521435964,"[0.9999999999999998, 0.9999999999999998, 0.9999999999999998, 0.9999999999999998, 0.9999999999999998, 0.9999999999999998, 0.9999999999999998, 0.9999999999999998, 0.9999999999999998, 0.9999999999999998, 0.9999999999999998, 0.9999999999999998, 0.9999999999999998, 0.9999999999999998, 0.9999999999999998, 0.9999999999999998, 0.9999999999999998, 0.9999999999999998, 0.9999999999999998, 0.9999999999999998, 0.9999999999999998, 0.9999999999999998, 0.9999999999999998, 0.9999999999999998, 0.9999999999999998, 0.9999999999999998, 0.9999999999999998, 0.9999999999999998, 0.9999999999999998, 0.9999999999999998]",0.0,7.032835054369006e-17,9.790633119087431e-17,1.0571125053899375e-17,5.047746211797633e-18,"[1.330484772226241e-16, 1.1635159123849492e-16, 1.1177959294604798e-16, 3.2104467154239446e-17, 7.554429272672282e-17, 1.6498273906282883e-16, 1.1964791851605357e-16, 1.4502322263161873e-16, 1.6465894840865847e-16, 4.814028782891818e-17, 8.169840232798399e-17, 6.092736189964281e-17, 4.92967407178358e-17, 4.847004591023673e-17, 1.8302730829088804e-17, 1.1023907390512397e-16, 2.1477459584365032e-17, 7.747433107279454e-17, 7.738338871154302e-17, 7.434694048517128e-17, 3.252551335099663e-17, 1.2826552576543297e-16, 8.262256362181017e-17, 9.892451585223821e-17, 4.172131042918823e-17, 6.601745850642412e-17, 5.910409630841451e-17, 8.280326918423191e-17, 1.376509479112639e-16, 7.653679882585594e-17]",4.0381969694381066e-17,5000.0,1.0,1.0,"[1.0, 1.0, 1.0, 1.0, 1.0, 1.0, 1.0, 1.0, 1.0, 1.0, 1.0, 1.0, 1.0, 1.0, 1.0, 1.0, 1.0, 1.0, 1.0, 1.0, 1.0, 1.0, 1.0, 1.0, 1.0, 1.0, 1.0, 1.0, 1.0, 1.0]",0.6973743167007342,0.1464969936490675,"[1.0, 1.0, 1.0, 1.0, 1.0, 1.0, 1.0, 1.0, 1.0, 1.0, 1.0, 1.0, 1.0, 1.0, 1.0, 1.0, 1.0, 1.0, 1.0, 1.0, 1.0, 1.0, 1.0, 1.0, 1.0, 1.0, 1.0, 1.0, 1.0, 1.0]",0.0,"[1.0, 1.0, 1.0, 1.0, 1.0, 1.0, 1.0, 1.0, 1.0, 1.0, 1.0, 1.0, 1.0, 1.0, 1.0, 1.0, 1.0, 1.0, 1.0, 1.0, 1.0, 1.0, 1.0, 1.0, 1.0, 1.0, 1.0, 1.0, 1.0, 1.0]",0.0,6.5872921366080934e-18
california,ridge,5000,7,8,b2_stratified,A0,0.0,0.0,5000.0,1.0,0.0,0.9999999999999998,1.0,1.0,1.2494914716929576e-17,1.0,"[0.9999999999999998, 0.9999999999999998, 0.9999999999999998, 0.9999999999999998, 0.9999999999999998, 0.9999999999999998, 0.9999999999999998, 0.9999999999999998, 0.9999999999999998, 0.9999999999999998, 0.9999999999999998, 0.9999999999999998, 0.9999999999999998, 0.9999999999999998, 0.9999999999999998, 0.9999999999999998, 0.9999999999999998, 0.9999999999999998, 0.9999999999999998, 0.9999999999999998, 0.9999999999999998, 0.9999999999999998, 0.9999999999999998, 0.9999999999999998, 0.9999999999999998, 0.9999999999999998, 0.9999999999999998, 0.9999999999999998, 0.9999999999999998, 0.9999999999999998]",0.0,1.024973941502399e-17,1.4829986135770178e-17,1.5618643396161968e-18,7.9987311186146635e-19,"[3.536761099774692e-18, 1.6013885163533572e-17, 1.606460000624416e-17, 1.2294350225065919e-17, 1.4792400964087797e-17, 8.39666569213616e-18, 1.689223984574836e-17, 1.3110694878417428e-17, 5.3520821811735485e-18, 2.996233604069896e-17, 8.37470272810956e-18, 1.2802690509427683e-17, 1.9248098858503786e-17, 1.27526400306853e-17, 2.854839125656004e-18, 3.561900353757778e-18, 3.817496542851841e-18, 1.1625395434377958e-17, 1.466267514921207e-17, 1.659148161933053e-17, 1.7721830416270685e-17, 2.5989265241145002e-17, 2.067528337797751e-17, 6.783715714055344e-18, 6.321921611990972e-18, 1.4539150938164304e-17, 7.609840177092465e-18, 1.2537539249044298e-17, 1.1449854733455804e-17, 8.511103599897653e-18]",6.39898489489173e-18,5000.0,1.0,1.0,"[1.0, 1.0, 1.0, 1.0, 1.0, 1.0, 1.0, 1.0, 1.0, 1.0, 1.0, 1.0, 1.0, 1.0, 1.0, 1.0, 1.0, 1.0, 1.0, 1.0, 1.0, 1.0, 1.0, 1.0, 1.0, 1.0, 1.0, 1.0, 1.0, 1.0]",0.7120485466672107,0.1291368306824802,"[1.0, 1.0, 1.0, 1.0, 1.0, 1.0, 1.0, 1.0, 1.0, 1.0, 1.0, 1.0, 1.0, 1.0, 1.0, 1.0, 1.0, 1.0, 1.0, 1.0, 1.0, 1.0, 1.0, 1.0, 1.0, 1.0, 1.0, 1.0, 1.0, 1.0]",0.0,"[1.0, 1.0, 1.0, 1.0, 1.0, 1.0, 1.0, 1.0, 1.0, 1.0, 1.0, 1.0, 1.0, 1.0, 1.0, 1.0, 1.0, 1.0, 1.0, 1.0, 1.0, 1.0, 1.0, 1.0, 1.0, 1.0, 1.0, 1.0, 1.0, 1.0]",0.0,1.4415611170095096e-18
california,ridge,5000,7,8,b3_is,A0,0.0,0.0,5000.0,1.0,0.0,0.9999999999999998,1.0,1.0,2.2791067278100254e-17,1.8240274379160224,"[0.9999999999999998, 0.9999999999999998, 0.9999999999999998, 0.9999999999999998, 0.9999999999999998, 0.9999999999999998, 0.9999999999999998, 0.9999999999999998, 0.9999999999999998, 0.9999999999999998, 0.9999999999999998, 0.9999999999999998, 0.9999999999999998, 0.9999999999999998, 0.9999999999999998, 0.9999999999999998, 0.9999999999999998, 0.9999999999999998, 0.9999999999999998, 0.9999999999999998, 0.9999999999999998, 0.9999999999999998, 0.9999999999999998, 0.9999999999999998, 0.9999999999999998, 0.9999999999999998, 0.9999999999999998, 0.9999999999999998, 0.9999999999999998, 0.9999999999999998]",0.0,1.9352011162948682e-17,2.661792747770344e-17,2.8488834097625322e-18,1.2405140157568656e-18,"[1.3989567098839215e-17, 1.9270769226603018e-17, 1.3427708012765966e-17, 1.3933150847049916e-17, 2.3177681456418832e-17, 3.8369870141240184e-17, 2.32077037159569e-17, 2.6694195947260994e-17, 2.00916978976787e-17, 2.0515076930969953e-17, 1.4531849060327387e-17, 3.731104103847139e-17, 2.234673743951491e-17, 3.653179700657496e-17, 1.437134548109593e-17, 7.340873832886502e-18, 3.0243700080712345e-17, 2.5790985964431715e-17, 4.166443233012537e-17, 1.6601230193451757e-17, 1.8374523682738517e-17, 6.968729959496943e-18, 1.8145153611358164e-17, 4.7868566675238473e-17, 2.107866889008659e-17, 1.7432707371301503e-17, 2.9877068606447606e-17, 1.8500711674567044e-17, 1.3803818773917323e-17, 3.2270655395479574e-17]",9.924112126054925e-18,5000.0,1.0,1.0,"[1.0, 1.0, 1.0, 1.0, 1.0, 1.0, 1.0, 1.0, 1.0, 1.0, 1.0, 1.0, 1.0, 1.0, 1.0, 1.0, 1.0, 1.0, 1.0, 1.0, 1.0, 1.0, 1.0, 1.0, 1.0, 1.0, 1.0, 1.0, 1.0, 1.0]",0.8497277733093749,0.1078727472667033,"[1.0, 1.0, 1.0, 1.0, 1.0, 1.0, 1.0, 1.0, 1.0, 1.0, 1.0, 1.0, 1.0, 1.0, 1.0, 1.0, 1.0, 1.0, 1.0, 1.0, 1.0, 1.0, 1.0, 1.0, 1.0, 1.0, 1.0, 1.0, 1.0, 1.0]",0.0,"[1.0, 1.0, 1.0, 1.0, 1.0, 1.0, 1.0, 1.0, 1.0, 1.0, 1.0, 1.0, 1.0, 1.0, 1.0, 1.0, 1.0, 1.0, 1.0, 1.0, 1.0, 1.0, 1.0, 1.0, 1.0, 1.0, 1.0, 1.0, 1.0, 1.0]",0.0,8.883486610968449e-19
california,ridge,5000,7,8,b4_antithetic,A0,0.0,0.0,5000.0,1.0,0.0,0.9999999999999998,1.0,1.0,7.788405269258324e-17,6.233260046749803,"[0.9999999999999998, 0.9999999999999998, 0.9999999999999998, 0.9999999999999998, 0.9999999999999998, 0.9999999999999998, 0.9999999999999998, 0.9999999999999998, 0.9999999999999998, 0.9999999999999998, 0.9999999999999998, 0.9999999999999998, 0.9999999999999998, 0.9999999999999998, 0.9999999999999998, 0.9999999999999998, 0.9999999999999998, 0.9999999999999998, 0.9999999999999998, 0.9999999999999998, 0.9999999999999998, 0.9999999999999998, 0.9999999999999998, 0.9999999999999998, 0.9999999999999998, 0.9999999999999998, 0.9999999999999998, 0.9999999999999998, 0.9999999999999998, 0.9999999999999998]",0.0,6.446494253498502e-17,9.209176084238368e-17,9.735506586572905e-18,4.898575176850092e-18,"[1.3086629652315228e-16, 2.4327669881745772e-17, 1.3988225530266508e-16, 9.254839619388212e-17, 3.168316525760089e-17, 5.812888152598627e-17, 8.583323936585306e-17, 5.601134034967654e-17, 8.540572566792568e-17, 5.588257603843448e-17, 5.872859234897428e-17, 8.812617005581541e-17, 3.1712771516437446e-17, 4.2047871089813734e-17, 3.794864983915334e-17, 9.197909120230759e-17, 8.971146891761871e-17, 1.1461895337059626e-16, 7.527189780656108e-17, 1.8094578018900558e-16, 6.642537601165574e-17, 5.233130340408647e-17, 1.4479339812287004e-16, 1.3570635645785337e-16, 8.976239683032198e-17, 1.0566004695919833e-16, 4.0399595846053394e-17, 3.333620248221689e-17, 3.6698642999943564e-17, 5.974746922009221e-17]",3.9188601414800735e-17,5000.0,1.0,1.0,"[1.0, 1.0, 1.0, 1.0, 1.0, 1.0, 1.0, 1.0, 1.0, 1.0, 1.0, 1.0, 1.0, 1.0, 1.0, 1.0, 1.0, 1.0, 1.0, 1.0, 1.0, 1.0, 1.0, 1.0, 1.0, 1.0, 1.0, 1.0, 1.0, 1.0]",0.6659251133523261,0.0873879838371286,"[1.0, 1.0, 1.0, 1.0, 1.0, 1.0, 1.0, 1.0, 1.0, 1.0, 1.0, 1.0, 1.0, 1.0, 1.0, 1.0, 1.0, 1.0, 1.0, 1.0, 1.0, 1.0, 1.0, 1.0, 1.0, 1.0, 1.0, 1.0, 1.0, 1.0]",0.0,"[1.0, 1.0, 1.0, 1.0, 1.0, 1.0, 1.0, 1.0, 1.0, 1.0, 1.0, 1.0, 1.0, 1.0, 1.0, 1.0, 1.0, 1.0, 1.0, 1.0, 1.0, 1.0, 1.0, 1.0, 1.0, 1.0, 1.0, 1.0, 1.0, 1.0]",0.0,5.773564255154439e-18
california,ridge,5000,8,8,abc_shap,A0,0.9922,4961.0,39.0,1.0,0.0,0.9999999999999998,1.0,1.0,4.55670392285562e-13,211.1695158570092,"[0.9999999999999998, 0.9999999999999998, 0.9999999999999998, 0.9999999999999998, 0.9999999999999998, 0.9999999999999998, 0.9999999999999998, 0.9999999999999998, 0.9999999999999998, 0.9999999999999998, 0.9999999999999998, 0.9999999999999998, 0.9999999999999998, 0.9999999999999998, 0.9999999999999998, 0.9999999999999998, 0.9999999999999998, 0.9999999999999998, 0.9999999999999998, 0.9999999999999998, 0.9999999999999998, 0.9999999999999998, 0.9999999999999998, 0.9999999999999998, 0.9999999999999998, 0.9999999999999998, 0.9999999999999998, 0.9999999999999998, 0.9999999999999998, 0.9999999999999998]",0.0,3.239998511814388e-13,6.226659859759332e-13,5.695879903569525e-14,5.3760531079904455e-14,"[1.001499350957683e-12, 3.1535959929533325e-13, 2.3073878338860937e-13, 1.1485449452414796e-12, 4.762630654490817e-13, 3.402201639364342e-13, 3.9711225516288985e-13, 4.3481738187782146e-13, 5.960210553130789e-14, 1.8173501891480732e-12, 5.217459041685027e-13, 1.2931230272533398e-13, 1.2364547139096958e-13, 4.019969495183987e-14, 3.4463945414579805e-13, 5.197470098641938e-13, 8.970262884312812e-13, 4.876820218487078e-13, 4.927796300420375e-13, 3.4618070239083833e-13, 3.606273906602578e-13, 1.5220829601296783e-13, 2.4957553914791996e-13, 8.104828796135914e-14, 1.6196498176407298e-12, 1.1649262183888796e-13, 6.394102016806713e-14, 3.3170415171423863e-13, 9.53182202485581e-14, 4.750801032256552e-13]",4.3008424863923574e-13,4961.0,1.0,1.0,"[1.0, 1.0, 1.0, 1.0, 1.0, 1.0, 1.0, 1.0, 1.0, 1.0, 1.0, 1.0, 1.0, 1.0, 1.0, 1.0, 1.0, 1.0, 1.0, 1.0, 1.0, 1.0, 1.0, 1.0, 1.0, 1.0, 1.0, 1.0, 1.0, 1.0]",1.4359034633031116,0.1849730361647603,"[1.0, 1.0, 1.0, 1.0, 1.0, 1.0, 1.0, 1.0, 1.0, 1.0, 1.0, 1.0, 1.0, 1.0, 1.0, 1.0, 1.0, 1.0, 1.0, 1.0, 1.0, 1.0, 1.0, 1.0, 1.0, 1.0, 1.0, 1.0, 1.0, 1.0]",0.0,"[1.0, 1.0, 1.0, 1.0, 1.0, 1.0, 1.0, 1.0, 1.0, 1.0, 1.0, 1.0, 1.0, 1.0, 1.0, 1.0, 1.0, 1.0, 1.0, 1.0, 1.0, 1.0, 1.0, 1.0, 1.0, 1.0, 1.0, 1.0, 1.0, 1.0]",0.0,5.506821820424535e-14
california,ridge,5000,8,8,b1_uniform,A0,0.0,0.0,5000.0,1.0,0.0,0.9999999999999998,1.0,1.0,1.5391441186314e-14,7.132794315103763,"[0.9999999999999998, 0.9999999999999998, 0.9999999999999998, 0.9999999999999998, 0.9999999999999998, 0.9999999999999998, 0.9999999999999998, 0.9999999999999998, 0.9999999999999998, 0.9999999999999998, 0.9999999999999998, 0.9999999999999998, 0.9999999999999998, 0.9999999999999998, 0.9999999999999998, 0.9999999999999998, 0.9999999999999998, 0.9999999999999998, 0.9999999999999998, 0.9999999999999998, 0.9999999999999998, 0.9999999999999998, 0.9999999999999998, 0.9999999999999998, 0.9999999999999998, 0.9999999999999998, 0.9999999999999998, 0.9999999999999998, 0.9999999999999998, 0.9999999999999998]",0.0,1.3111528830692391e-14,1.7601220650819385e-14,1.9239301482892503e-15,7.871422992856264e-16,"[9.274321284345471e-15, 1.1400260801082009e-14, 6.50968977687948e-15, 1.2085398015827251e-14, 2.141854895497559e-14, 8.221254241207031e-15, 1.9425502082431772e-14, 1.5475513885934368e-14, 1.9147010704665495e-14, 1.7466066243208435e-14, 1.6066482735630512e-14, 2.7787616197769266e-15, 1.5620751372100237e-14, 2.5551719870941844e-15, 2.0745542623068118e-14, 2.462336958716716e-14, 1.722419665082075e-14, 1.73570799852085e-14, 1.3774467466559263e-14, 3.0145242085454974e-14, 1.098253406859713e-14, 1.9209681422298247e-14, 1.9429938389340906e-14, 7.63910091000906e-15, 1.9108961096841894e-14, 1.6605820105029884e-14, 1.9867515203831416e-14, 1.2730523706359953e-14, 2.4396407694028385e-14, 1.0458120889645564e-14]",6.297138394285011e-15,5000.0,1.0,1.0,"[1.0, 1.0, 1.0, 1.0, 1.0, 1.0, 1.0, 1.0, 1.0, 1.0, 1.0, 1.0, 1.0, 1.0, 1.0, 1.0, 1.0, 1.0, 1.0, 1.0, 1.0, 1.0, 1.0, 1.0, 1.0, 1.0, 1.0, 1.0, 1.0, 1.0]",0.5860249233354504,0.0752688796297336,"[1.0, 1.0, 1.0, 1.0, 1.0, 1.0, 1.0, 1.0, 1.0, 1.0, 1.0, 1.0, 1.0, 1.0, 1.0, 1.0, 1.0, 1.0, 1.0, 1.0, 1.0, 1.0, 1.0, 1.0, 1.0, 1.0, 1.0, 1.0, 1.0, 1.0]",0.0,"[1.0, 1.0, 1.0, 1.0, 1.0, 1.0, 1.0, 1.0, 1.0, 1.0, 1.0, 1.0, 1.0, 1.0, 1.0, 1.0, 1.0, 1.0, 1.0, 1.0, 1.0, 1.0, 1.0, 1.0, 1.0, 1.0, 1.0, 1.0, 1.0, 1.0]",0.0,1.0116230624037502e-15
california,ridge,5000,8,8,b2_stratified,A0,0.0,0.0,5000.0,1.0,0.0,0.9999999999999998,1.0,1.0,2.157841724627117e-15,1.0,"[0.9999999999999998, 0.9999999999999998, 0.9999999999999998, 0.9999999999999998, 0.9999999999999998, 0.9999999999999998, 0.9999999999999998, 0.9999999999999998, 0.9999999999999998, 0.9999999999999998, 0.9999999999999998, 0.9999999999999998, 0.9999999999999998, 0.9999999999999998, 0.9999999999999998, 0.9999999999999998, 0.9999999999999998, 0.9999999999999998, 0.9999999999999998, 0.9999999999999998, 0.9999999999999998, 0.9999999999999998, 0.9999999999999998, 0.9999999999999998, 0.9999999999999998, 0.9999999999999998, 0.9999999999999998, 0.9999999999999998, 0.9999999999999998, 0.9999999999999998]",0.0,1.7548068546695692e-15,2.6107209962660943e-15,2.697302155783896e-16,1.466548671154315e-16,"[5.668425472571968e-15, 1.786944786762018e-15, 1.243315120188994e-15, 1.4633344402850342e-15, 5.416225684323117e-15, 7.695198805620481e-16, 2.257090648895858e-15, 8.785028184872461e-16, 1.6537199403073033e-15, 2.3503460171180146e-15, 2.7322590609904627e-15, 1.2932262587912704e-15, 8.664803623402886e-16, 1.918573383698355e-15, 2.4785664690564934e-15, 2.168589826446138e-15, 1.1130010809150532e-15, 2.5434498366454396e-15, 1.488418866232998e-15, 1.812280838107348e-15, 3.678401636410782e-15, 2.4854800845018054e-15, 1.374190298188613e-15, 2.1832243498722475e-15, 3.642583910441935e-15, 1.8978002388964054e-15, 1.873519689169742e-15, 2.9964929500787474e-15, 2.03074986542213e-15, 6.705379231056661e-16]",1.173238936923452e-15,5000.0,1.0,1.0,"[1.0, 1.0, 1.0, 1.0, 1.0, 1.0, 1.0, 1.0, 1.0, 1.0, 1.0, 1.0, 1.0, 1.0, 1.0, 1.0, 1.0, 1.0, 1.0, 1.0, 1.0, 1.0, 1.0, 1.0, 1.0, 1.0, 1.0, 1.0, 1.0, 1.0]",0.6033163200054938,0.063687165083983,"[1.0, 1.0, 1.0, 1.0, 1.0, 1.0, 1.0, 1.0, 1.0, 1.0, 1.0, 1.0, 1.0, 1.0, 1.0, 1.0, 1.0, 1.0, 1.0, 1.0, 1.0, 1.0, 1.0, 1.0, 1.0, 1.0, 1.0, 1.0, 1.0, 1.0]",0.0,"[1.0, 1.0, 1.0, 1.0, 1.0, 1.0, 1.0, 1.0, 1.0, 1.0, 1.0, 1.0, 1.0, 1.0, 1.0, 1.0, 1.0, 1.0, 1.0, 1.0, 1.0, 1.0, 1.0, 1.0, 1.0, 1.0, 1.0, 1.0, 1.0, 1.0]",0.0,2.4141070002273086e-16
california,ridge,5000,8,8,b3_is,A0,0.0,0.0,5000.0,1.0,0.0,0.9999999999999998,1.0,1.0,5.519507589463302e-15,2.557883428830765,"[0.9999999999999998, 0.9999999999999998, 0.9999999999999998, 0.9999999999999998, 0.9999999999999998, 0.9999999999999998, 0.9999999999999998, 0.9999999999999998, 0.9999999999999998, 0.9999999999999998, 0.9999999999999998, 0.9999999999999998, 0.9999999999999998, 0.9999999999999998, 0.9999999999999998, 0.9999999999999998, 0.9999999999999998, 0.9999999999999998, 0.9999999999999998, 0.9999999999999998, 0.9999999999999998, 0.9999999999999998, 0.9999999999999998, 0.9999999999999998, 0.9999999999999998, 0.9999999999999998, 0.9999999999999998, 0.9999999999999998, 0.9999999999999998, 0.9999999999999998]",0.0,4.934293165265728e-15,6.059748050568117e-15,6.899384486829127e-16,1.9544208801934916e-16,"[6.449095235486133e-15, 5.456039303986338e-15, 5.507526295669706e-15, 4.0617983289978226e-15, 2.6433283131366267e-15, 3.941949961115044e-15, 5.025448508170786e-15, 6.618748282935254e-15, 5.380390951094781e-15, 4.557630561506381e-15, 6.376848833343256e-15, 7.252499393921482e-15, 3.530351582498713e-15, 6.3553877958265145e-15, 5.236997557381999e-15, 5.89080381747671e-15, 4.898118076927599e-15, 6.822516536540511e-15, 5.538134498744942e-15, 5.270969650604335e-15, 2.367268657794997e-15, 9.818066024810315e-15, 6.645409765292426e-15, 5.8446350542567995e-15, 5.361770109611475e-15, 2.60991873446567e-15, 7.538285283399653e-15, 7.282235125573859e-15, 6.335242403820596e-15, 4.967813039508335e-15]",1.5635367041547929e-15,5000.0,1.0,1.0,"[1.0, 1.0, 1.0, 1.0, 1.0, 1.0, 1.0, 1.0, 1.0, 1.0, 1.0, 1.0, 1.0, 1.0, 1.0, 1.0, 1.0, 1.0, 1.0, 1.0, 1.0, 1.0, 1.0, 1.0, 1.0, 1.0, 1.0, 1.0, 1.0, 1.0]",0.7693492766702548,0.110543883335994,"[1.0, 1.0, 1.0, 1.0, 1.0, 1.0, 1.0, 1.0, 1.0, 1.0, 1.0, 1.0, 1.0, 1.0, 1.0, 1.0, 1.0, 1.0, 1.0, 1.0, 1.0, 1.0, 1.0, 1.0, 1.0, 1.0, 1.0, 1.0, 1.0, 1.0]",0.0,"[1.0, 1.0, 1.0, 1.0, 1.0, 1.0, 1.0, 1.0, 1.0, 1.0, 1.0, 1.0, 1.0, 1.0, 1.0, 1.0, 1.0, 1.0, 1.0, 1.0, 1.0, 1.0, 1.0, 1.0, 1.0, 1.0, 1.0, 1.0, 1.0, 1.0]",0.0,1.271271018751241e-16
california,ridge,5000,8,8,b4_antithetic,A0,0.0,0.0,5000.0,1.0,0.0,0.9999999999999998,1.0,1.0,1.5402627942233662e-14,7.137978548864742,"[0.9999999999999998, 0.9999999999999998, 0.9999999999999998, 0.9999999999999998, 0.9999999999999998, 0.9999999999999998, 0.9999999999999998, 0.9999999999999998, 0.9999999999999998, 0.9999999999999998, 0.9999999999999998, 0.9999999999999998, 0.9999999999999998, 0.9999999999999998, 0.9999999999999998, 0.9999999999999998, 0.9999999999999998, 0.9999999999999998, 0.9999999999999998, 0.9999999999999998, 0.9999999999999998, 0.9999999999999998, 0.9999999999999998, 0.9999999999999998, 0.9999999999999998, 0.9999999999999998, 0.9999999999999998, 0.9999999999999998, 0.9999999999999998, 0.9999999999999998]",0.0,1.2719690337003421e-14,1.795652218217193e-14,1.9253284927792078e-15,8.985671154057497e-16,"[2.648488699212444e-14, 9.976945577601965e-15, 1.9284467488274168e-14, 1.1582627891850802e-14, 1.3071286104378882e-14, 8.687756788593345e-15, 1.1028615324905637e-14, 8.166839377242151e-15, 1.8640752418607156e-14, 2.8206303006446455e-14, 2.213013040994276e-14, 2.143364843756845e-14, 9.167170632927864e-15, 1.758480426098581e-14, 8.919120637828186e-15, 7.162765084325151e-15, 5.405107735503557e-15, 5.85005258649312e-15, 1.5187167916732653e-14, 2.5271349586312868e-14, 8.217085019624887e-15, 1.9220624409411922e-14, 1.9844525103272637e-14, 1.434395423310672e-14, 1.2629382901337283e-14, 1.7083914955941977e-14, 1.2464426575519614e-14, 3.513585978793488e-14, 2.0049276286711516e-14, 9.847990735502916e-15]",7.188536923245997e-15,5000.0,1.0,1.0,"[1.0, 1.0, 1.0, 1.0, 1.0, 1.0, 1.0, 1.0, 1.0, 1.0, 1.0, 1.0, 1.0, 1.0, 1.0, 1.0, 1.0, 1.0, 1.0, 1.0, 1.0, 1.0, 1.0, 1.0, 1.0, 1.0, 1.0, 1.0, 1.0, 1.0]",0.5775180333138754,0.0746632502766308,"[1.0, 1.0, 1.0, 1.0, 1.0, 1.0, 1.0, 1.0, 1.0, 1.0, 1.0, 1.0, 1.0, 1.0, 1.0, 1.0, 1.0, 1.0, 1.0, 1.0, 1.0, 1.0, 1.0, 1.0, 1.0, 1.0, 1.0, 1.0, 1.0, 1.0]",0.0,"[1.0, 1.0, 1.0, 1.0, 1.0, 1.0, 1.0, 1.0, 1.0, 1.0, 1.0, 1.0, 1.0, 1.0, 1.0, 1.0, 1.0, 1.0, 1.0, 1.0, 1.0, 1.0, 1.0, 1.0, 1.0, 1.0, 1.0, 1.0, 1.0, 1.0]",0.0,8.373639446576952e-16
california,ridge,5000,9,8,abc_shap,A0,0.9922,4961.0,39.0,1.0,0.0,0.9999999999999998,1.0,1.0,8.885990146868978e-14,582.4287483971035,"[0.9999999999999998, 0.9999999999999998, 0.9999999999999998, 0.9999999999999998, 0.9999999999999998, 0.9999999999999998, 0.9999999999999998, 0.9999999999999998, 0.9999999999999998, 0.9999999999999998, 0.9999999999999998, 0.9999999999999998, 0.9999999999999998, 0.9999999999999998, 0.9999999999999998, 0.9999999999999998, 0.9999999999999998, 0.9999999999999998, 0.9999999999999998, 0.9999999999999998, 0.9999999999999998, 0.9999999999999998, 0.9999999999999998, 0.9999999999999998, 0.9999999999999998, 0.9999999999999998, 0.9999999999999998, 0.9999999999999998, 0.9999999999999998, 0.9999999999999998]",0.0,3.9112675204861625e-14,1.6243598162481217e-13,1.110748768358622e-14,2.3548700977941e-14,"[2.145235588303746e-14, 3.6830357276965124e-14, 7.754123114981812e-15, 1.6607890022269372e-14, 2.8605530354773936e-14, 2.1155528454519242e-14, 1.6120697122776985e-14, 2.0869571575234985e-14, 1.6646607109683882e-14, 5.739239401557396e-14, 1.0309787546857306e-12, 2.1943110190261616e-13, 6.669366230230732e-14, 8.049752254529206e-14, 9.513595511142285e-15, 7.181102648838517e-15, 3.611794447954496e-14, 3.384587301039996e-13, 1.0826084099325798e-14, 3.5086860445481986e-14, 7.633130792966338e-14, 3.764102608779775e-14, 1.9200029806241266e-14, 8.140975986734282e-14, 1.7806941117140368e-13, 6.590961400074655e-14, 2.816579269317631e-14, 3.7846879983106396e-14, 2.5586846492831436e-14, 3.7415962374287843e-14]",1.8838960782352802e-13,4961.0,1.0,1.0,"[1.0, 1.0, 1.0, 1.0, 1.0, 1.0, 1.0, 1.0, 1.0, 1.0, 1.0, 1.0, 1.0, 1.0, 1.0, 1.0, 1.0, 1.0, 1.0, 1.0, 1.0, 1.0, 1.0, 1.0, 1.0, 1.0, 1.0, 1.0, 1.0, 1.0]",1.6788683799949164,0.3187165131339588,"[1.0, 1.0, 1.0, 1.0, 1.0, 1.0, 1.0, 1.0, 1.0, 1.0, 1.0, 1.0, 1.0, 1.0, 1.0, 1.0, 1.0, 1.0, 1.0, 1.0, 1.0, 1.0, 1.0, 1.0, 1.0, 1.0, 1.0, 1.0, 1.0, 1.0]",0.0,"[1.0, 1.0, 1.0, 1.0, 1.0, 1.0, 1.0, 1.0, 1.0, 1.0, 1.0, 1.0, 1.0, 1.0, 1.0, 1.0, 1.0, 1.0, 1.0, 1.0, 1.0, 1.0, 1.0, 1.0, 1.0, 1.0, 1.0, 1.0, 1.0, 1.0]",0.0,1.0234203439587244e-14
california,ridge,5000,9,8,b1_uniform,A0,0.0,0.0,5000.0,1.0,0.0,0.9999999999999998,1.0,1.0,8.739310538593067e-16,5.7281469084679015,"[0.9999999999999998, 0.9999999999999998, 0.9999999999999998, 0.9999999999999998, 0.9999999999999998, 0.9999999999999998, 0.9999999999999998, 0.9999999999999998, 0.9999999999999998, 0.9999999999999998, 0.9999999999999998, 0.9999999999999998, 0.9999999999999998, 0.9999999999999998, 0.9999999999999998, 0.9999999999999998, 0.9999999999999998, 0.9999999999999998, 0.9999999999999998, 0.9999999999999998, 0.9999999999999998, 0.9999999999999998, 0.9999999999999998, 0.9999999999999998, 0.9999999999999998, 0.9999999999999998, 0.9999999999999998, 0.9999999999999998, 0.9999999999999998, 0.9999999999999998]",0.0,7.377986716288972e-16,1.0249570980796145e-15,1.0924138173241333e-16,5.055615235405837e-17,"[8.505630312279713e-16, 6.209639936640577e-16, 1.195564249390686e-15, 2.2641216389008535e-16, 5.250590296698527e-16, 1.4727959392340314e-15, 7.596615740556021e-16, 1.485308515465344e-15, 9.186115881588553e-16, 3.216665239084928e-16, 7.910568388427449e-16, 3.313952772774409e-16, 1.376126103586751e-15, 1.1645477983156717e-15, 1.613510100331552e-15, 9.19822976984943e-16, 1.8827468273074066e-15, 7.433865205909769e-16, 7.030424714347521e-16, 4.886465680430649e-16, 6.913212256262846e-16, 1.224151025606506e-15, 1.0873978607353484e-15, 4.457081377945635e-16, 6.978733133747971e-16, 1.0159614753897511e-15, 5.329379735155001e-16, 9.65139603369423e-16, 4.913402408157568e-16, 6.752126681709911e-16]",4.044492188324669e-16,5000.0,1.0,1.0,"[1.0, 1.0, 1.0, 1.0, 1.0, 1.0, 1.0, 1.0, 1.0, 1.0, 1.0, 1.0, 1.0, 1.0, 1.0, 1.0, 1.0, 1.0, 1.0, 1.0, 1.0, 1.0, 1.0, 1.0, 1.0, 1.0, 1.0, 1.0, 1.0, 1.0]",0.6891967332999532,0.1097552721768786,"[1.0, 1.0, 1.0, 1.0, 1.0, 1.0, 1.0, 1.0, 1.0, 1.0, 1.0, 1.0, 1.0, 1.0, 1.0, 1.0, 1.0, 1.0, 1.0, 1.0, 1.0, 1.0, 1.0, 1.0, 1.0, 1.0, 1.0, 1.0, 1.0, 1.0]",0.0,"[1.0, 1.0, 1.0, 1.0, 1.0, 1.0, 1.0, 1.0, 1.0, 1.0, 1.0, 1.0, 1.0, 1.0, 1.0, 1.0, 1.0, 1.0, 1.0, 1.0, 1.0, 1.0, 1.0, 1.0, 1.0, 1.0, 1.0, 1.0, 1.0, 1.0]",0.0,7.20655600766874e-17
california,ridge,5000,9,8,b2_stratified,A0,0.0,0.0,5000.0,1.0,0.0,0.9999999999999998,1.0,1.0,1.5256784922317152e-16,1.0,"[0.9999999999999998, 0.9999999999999998, 0.9999999999999998, 0.9999999999999998, 0.9999999999999998, 0.9999999999999998, 0.9999999999999998, 0.9999999999999998, 0.9999999999999998, 0.9999999999999998, 0.9999999999999998, 0.9999999999999998, 0.9999999999999998, 0.9999999999999998, 0.9999999999999998, 0.9999999999999998, 0.9999999999999998, 0.9999999999999998, 0.9999999999999998, 0.9999999999999998, 0.9999999999999998, 0.9999999999999998, 0.9999999999999998, 0.9999999999999998, 0.9999999999999998, 0.9999999999999998, 0.9999999999999998, 0.9999999999999998, 0.9999999999999998, 0.9999999999999998]",0.0,1.2381368603402262e-16,1.886438840247574e-16,1.9070981152896443e-17,1.205014401218878e-17,"[9.70614817525875e-17, 9.383241018836812e-17, 1.3884178908855615e-16, 1.4062597902910687e-16, 1.249681785221373e-16, 1.0320996091481952e-16, 9.721482634342602e-17, 1.5767198284971564e-16, 1.6820629551543622e-16, 1.3978031198961332e-16, 1.2242218315334878e-16, 3.315438851441133e-17, 2.9004632763016246e-16, 1.658904879803509e-16, 7.265651379533928e-17, 1.6028924210029362e-16, 1.6635606854480714e-16, 2.2594744038003667e-16, 9.674320034774097e-17, 5.789735646233609e-16, 1.1742924320493797e-16, 1.5568209134653403e-16, 3.842940722152781e-17, 1.1849378292980146e-16, 1.0130016913268533e-16, 2.1204040672565935e-16, 2.4499173532934745e-16, 1.8225021918290348e-16, 1.29962845838675e-16, 1.0256294251945364e-16]",9.640115209751024e-17,5000.0,1.0,1.0,"[1.0, 1.0, 1.0, 1.0, 1.0, 1.0, 1.0, 1.0, 1.0, 1.0, 1.0, 1.0, 1.0, 1.0, 1.0, 1.0, 1.0, 1.0, 1.0, 1.0, 1.0, 1.0, 1.0, 1.0, 1.0, 1.0, 1.0, 1.0, 1.0, 1.0]",0.7106741233495996,0.1339570819071429,"[1.0, 1.0, 1.0, 1.0, 1.0, 1.0, 1.0, 1.0, 1.0, 1.0, 1.0, 1.0, 1.0, 1.0, 1.0, 1.0, 1.0, 1.0, 1.0, 1.0, 1.0, 1.0, 1.0, 1.0, 1.0, 1.0, 1.0, 1.0, 1.0, 1.0]",0.0,"[1.0, 1.0, 1.0, 1.0, 1.0, 1.0, 1.0, 1.0, 1.0, 1.0, 1.0, 1.0, 1.0, 1.0, 1.0, 1.0, 1.0, 1.0, 1.0, 1.0, 1.0, 1.0, 1.0, 1.0, 1.0, 1.0, 1.0, 1.0, 1.0, 1.0]",0.0,1.5674353065935774e-17
california,ridge,5000,9,8,b3_is,A0,0.0,0.0,5000.0,1.0,0.0,0.9999999999999998,1.0,1.0,2.449943282315039e-16,1.6058057413730322,"[0.9999999999999998, 0.9999999999999998, 0.9999999999999998, 0.9999999999999998, 0.9999999999999998, 0.9999999999999998, 0.9999999999999998, 0.9999999999999998, 0.9999999999999998, 0.9999999999999998, 0.9999999999999998, 0.9999999999999998, 0.9999999999999998, 0.9999999999999998, 0.9999999999999998, 0.9999999999999998, 0.9999999999999998, 0.9999999999999998, 0.9999999999999998, 0.9999999999999998, 0.9999999999999998, 0.9999999999999998, 0.9999999999999998, 0.9999999999999998, 0.9999999999999998, 0.9999999999999998, 0.9999999999999998, 0.9999999999999998, 0.9999999999999998, 0.9999999999999998]",0.0,2.117295452538812e-16,2.773854018804784e-16,3.0624291028937986e-17,1.1916294916350373e-17,"[1.9462896601305661e-16, 1.9188905939612584e-16, 2.835134712450388e-16, 2.246440006168399e-16, 1.8361648806295373e-16, 3.7197939517158843e-16, 1.43450940173231e-16, 2.7554654277836835e-16, 1.9083305292943017e-16, 4.373265149306831e-16, 2.574047885264474e-16, 2.1258715598383161e-16, 2.291622818348529e-16, 2.0541655652972541e-16, 3.9611747396228136e-16, 1.398874050248832e-16, 3.15237528307272e-16, 5.403519684753877e-17, 1.3762147400716305e-16, 1.8948499434158036e-16, 1.8436558372845814e-16, 8.751552779441042e-17, 3.259114736844771e-16, 3.491008098659121e-16, 2.547667959351332e-16, 4.0972725657130655e-16, 3.0769678051113354e-16, 3.893585121948273e-16, 1.966671872898562e-16, 2.103366326867118e-16]",9.533035933080298e-17,5000.0,1.0,1.0,"[1.0, 1.0, 1.0, 1.0, 1.0, 1.0, 1.0, 1.0, 1.0, 1.0, 1.0, 1.0, 1.0, 1.0, 1.0, 1.0, 1.0, 1.0, 1.0, 1.0, 1.0, 1.0, 1.0, 1.0, 1.0, 1.0, 1.0, 1.0, 1.0, 1.0]",0.8981398399919271,0.1592297534243757,"[1.0, 1.0, 1.0, 1.0, 1.0, 1.0, 1.0, 1.0, 1.0, 1.0, 1.0, 1.0, 1.0, 1.0, 1.0, 1.0, 1.0, 1.0, 1.0, 1.0, 1.0, 1.0, 1.0, 1.0, 1.0, 1.0, 1.0, 1.0, 1.0, 1.0]",0.0,"[1.0, 1.0, 1.0, 1.0, 1.0, 1.0, 1.0, 1.0, 1.0, 1.0, 1.0, 1.0, 1.0, 1.0, 1.0, 1.0, 1.0, 1.0, 1.0, 1.0, 1.0, 1.0, 1.0, 1.0, 1.0, 1.0, 1.0, 1.0, 1.0, 1.0]",0.0,9.002790654263294e-18
california,ridge,5000,9,8,b4_antithetic,A0,0.0,0.0,5000.0,1.0,0.0,0.9999999999999998,1.0,1.0,1.0365014690510409e-15,6.793708335855734,"[0.9999999999999998, 0.9999999999999998, 0.9999999999999998, 0.9999999999999998, 0.9999999999999998, 0.9999999999999998, 0.9999999999999998, 0.9999999999999998, 0.9999999999999998, 0.9999999999999998, 0.9999999999999998, 0.9999999999999998, 0.9999999999999998, 0.9999999999999998, 0.9999999999999998, 0.9999999999999998, 0.9999999999999998, 0.9999999999999998, 0.9999999999999998, 0.9999999999999998, 0.9999999999999998, 0.9999999999999998, 0.9999999999999998, 0.9999999999999998, 0.9999999999999998, 0.9999999999999998, 0.9999999999999998, 0.9999999999999998, 0.9999999999999998, 0.9999999999999998]",0.0,8.447424093214339e-16,1.265532984256499e-15,1.295626836313801e-16,7.515179983812836e-17,"[1.006051411193314e-15, 4.544170507419138e-16, 3.6681820509992688e-16, 7.301082549055905e-16, 1.2710465676855626e-15, 7.520150058297688e-16, 7.224697027965734e-16, 5.936188629075025e-16, 7.128218841012133e-16, 6.4390906206757605e-16, 4.3262092872450416e-16, 8.528612252984789e-16, 1.2920433264370815e-15, 4.2817963574368945e-16, 1.0421155625312287e-15, 2.5145101292798283e-15, 9.42960971926741e-16, 1.4923531205945111e-15, 5.243885274807752e-16, 1.1357448951614354e-15, 1.3140393042395117e-15, 1.2638209424253652e-15, 6.643577063015791e-16, 1.8079860418269592e-15, 5.42005594790633e-16, 1.4640813432741647e-15, 3.0177327858062026e-15, 1.0220090128285963e-15, 1.5682753787850788e-15, 5.19681630745927e-16]",6.01214398705027e-16,5000.0,1.0,1.0,"[1.0, 1.0, 1.0, 1.0, 1.0, 1.0, 1.0, 1.0, 1.0, 1.0, 1.0, 1.0, 1.0, 1.0, 1.0, 1.0, 1.0, 1.0, 1.0, 1.0, 1.0, 1.0, 1.0, 1.0, 1.0, 1.0, 1.0, 1.0, 1.0, 1.0]",0.6475001766812056,0.0888724748102548,"[1.0, 1.0, 1.0, 1.0, 1.0, 1.0, 1.0, 1.0, 1.0, 1.0, 1.0, 1.0, 1.0, 1.0, 1.0, 1.0, 1.0, 1.0, 1.0, 1.0, 1.0, 1.0, 1.0, 1.0, 1.0, 1.0, 1.0, 1.0, 1.0, 1.0]",0.0,"[1.0, 1.0, 1.0, 1.0, 1.0, 1.0, 1.0, 1.0, 1.0, 1.0, 1.0, 1.0, 1.0, 1.0, 1.0, 1.0, 1.0, 1.0, 1.0, 1.0, 1.0, 1.0, 1.0, 1.0, 1.0, 1.0, 1.0, 1.0, 1.0, 1.0]",0.0,6.79158970040803e-17
california,rf,5000,0,8,abc_shap,A0,0.9922,4961.0,39.0,0.8404761904761905,0.0980054296859178,0.7238095238095238,0.888888888888889,0.8066666666666669,0.0449132650027887,266.9585929057349,"[0.9285714285714285, 0.7142857142857142, 0.5714285714285714, 0.5714285714285714, 0.5714285714285714, 0.6428571428571428, 0.7142857142857142, 0.7857142857142856, 0.6428571428571428, 0.5714285714285714, 0.9285714285714285, 0.8571428571428571, 0.7857142857142856, 0.8571428571428571, 0.8571428571428571, 0.7857142857142856, 0.7857142857142856, 0.8571428571428571, 0.8571428571428571, 0.7142857142857142, 0.6428571428571428, 0.7142857142857142, 0.7857142857142856, 0.7857142857142856, 0.6428571428571428, 0.5714285714285714, 0.4999999999999999, 0.6428571428571428, 0.7142857142857142, 0.7142857142857142]",0.1147806742208947,0.0342203860786637,0.0579536494457624,0.0056141581253485,0.004251869385373,"[0.02189309635976679, 0.03974103052869072, 0.025643727588174924, 0.1893075747898301, 0.05127919471230133, 0.05710361012686502, 0.05606642167478149, 0.049943603893305356, 0.04121438478377765, 0.09302153412414932, 0.012413570946223614, 0.04120170451056978, 0.03728358769859395, 0.10928569868951961, 0.01989268972943441, 0.03916678592927975, 0.0209094387689136, 0.016440460551797254, 0.027091278189516566, 0.020230466047542146, 0.02932091438033914, 0.027623184457162334, 0.043697428174583795, 0.052995987909625265, 0.042152154281845405, 0.028874396865077562, 0.0183061118339817, 0.028821064657624018, 0.05781006474430156, 0.04866678313608761]",0.0340149550829847,4961.0,0.8047619047619048,0.8761904761904762,"[0.9761904761904763, 0.8095238095238096, 0.7142857142857144, 0.6190476190476191, 0.7142857142857144, 0.7619047619047621, 0.880952380952381, 0.9285714285714287, 0.7619047619047621, 0.7142857142857144, 0.9761904761904763, 0.9523809523809524, 0.9047619047619048, 0.9523809523809524, 0.9285714285714287, 0.9285714285714287, 0.8571428571428572, 0.9523809523809524, 0.9523809523809524, 0.8095238095238096, 0.7857142857142858, 0.880952380952381, 0.8571428571428572, 0.9047619047619048, 0.7857142857142858, 0.7619047619047621, 0.6666666666666669, 0.7380952380952381, 0.880952380952381, 0.8571428571428572]",154.6877917400018,8.596998435766334,"[1.0, 1.0, 1.0, 0.6666666666666666, 1.0, 1.0, 1.0, 0.6666666666666666, 0.6666666666666666, 0.6666666666666666, 1.0, 1.0, 1.0, 0.6666666666666666, 1.0, 0.6666666666666666, 1.0, 0.6666666666666666, 0.6666666666666666, 1.0, 1.0, 1.0, 1.0, 1.0, 1.0, 1.0, 1.0, 1.0, 0.6666666666666666, 0.6666666666666666]",0.1571348402636772,"[0.8, 0.8, 0.6, 0.8, 0.6, 0.8, 1.0, 0.8, 0.8, 0.8, 1.0, 0.8, 1.0, 1.0, 0.8, 0.8, 0.8, 0.8, 1.0, 0.8, 0.8, 0.8, 0.8, 0.8, 0.8, 0.6, 0.6, 0.6, 1.0, 0.8]",0.120922380981447,0.0054188409650253
california,rf,5000,0,8,b1_uniform,A0,0.0,0.0,5000.0,0.9761904761904762,0.0221654603869348,0.9333333333333332,1.0,0.9333333333333332,0.0018725508951446,11.13019844095402,"[0.9285714285714285, 0.8571428571428571, 0.9285714285714285, 0.8571428571428571, 0.9285714285714285, 0.9285714285714285, 0.9285714285714285, 0.9999999999999998, 0.9285714285714285, 0.9999999999999998, 0.8571428571428571, 0.9999999999999998, 0.9285714285714285, 0.9285714285714285, 0.9285714285714285, 0.9999999999999998, 0.9285714285714285, 0.9999999999999998, 0.9999999999999998, 0.9285714285714285, 0.8571428571428571, 0.9285714285714285, 0.8571428571428571, 0.9999999999999998, 0.9285714285714285, 0.9285714285714285, 0.7857142857142856, 0.9999999999999998, 0.9285714285714285, 0.9999999999999998]",0.0551230328704295,0.0016520515249282,0.0021047726976877,0.000234068861893,7.969434506832976e-05,"[0.001981132635302647, 0.002055463835604919, 0.0013106967556079563, 0.0011481588160110194, 0.0022876477348841096, 0.002000504755772334, 0.0015985716449995, 0.0018689406462419622, 0.002313370604972789, 0.0015311499572312015, 0.00324370563765435, 0.00263265420136593, 0.0011765557098495415, 0.0021809634137230026, 0.0019851825760875373, 0.0013702012494190008, 0.0017962407614505985, 0.0015617452084447701, 0.002180763689943982, 0.001280985561184428, 0.003022875121987576, 0.001125953462641238, 0.0012867683336638292, 0.0034019890268856046, 0.0010761594809845394, 0.0018283235906012987, 0.002729165800751935, 0.0016747150554612075, 0.0015536124280449784, 0.0009723291575661422]",0.0006375547605466,5000.0,0.9682539682539684,0.9833531746031748,"[0.9761904761904763, 0.9523809523809524, 0.9761904761904763, 0.9523809523809524, 0.9761904761904763, 0.9761904761904763, 0.9761904761904763, 1.0, 0.9761904761904763, 1.0, 0.9285714285714287, 1.0, 0.9761904761904763, 0.9761904761904763, 0.9761904761904763, 1.0, 0.9761904761904763, 1.0, 1.0, 0.9761904761904763, 0.9523809523809524, 0.9761904761904763, 0.9523809523809524, 1.0, 0.9761904761904763, 0.9761904761904763, 0.9047619047619048, 1.0, 0.9761904761904763, 1.0]",68.55035488333864,2.292247096428417,"[1.0, 1.0, 1.0, 1.0, 1.0, 1.0, 1.0, 1.0, 1.0, 1.0, 1.0, 1.0, 1.0, 1.0, 1.0, 1.0, 1.0, 1.0, 1.0, 1.0, 1.0, 1.0, 1.0, 1.0, 1.0, 1.0, 1.0, 1.0, 1.0, 1.0]",0.0,"[1.0, 0.8, 0.8, 0.8, 1.0, 0.8, 0.8, 1.0, 1.0, 1.0, 0.8, 1.0, 1.0, 1.0, 1.0, 1.0, 1.0, 1.0, 1.0, 1.0, 1.0, 0.8, 0.8, 1.0, 1.0, 1.0, 0.8, 1.0, 0.8, 1.0]",0.0942809041582063,3.1977011197661067e-05
california,rf,5000,0,8,b2_stratified,A0,0.0,0.0,5000.0,0.9944444444444446,0.0100702996352773,0.9833333333333332,1.0,1.0,0.0001682405668756,1.0,"[0.9999999999999998, 0.9999999999999998, 0.9285714285714285, 0.9285714285714285, 0.9285714285714285, 0.9999999999999998, 0.9999999999999998, 0.9999999999999998, 0.9999999999999998, 0.9999999999999998, 0.9999999999999998, 0.9999999999999998, 0.9999999999999998, 0.9999999999999998, 0.9999999999999998, 0.9285714285714285, 0.9999999999999998, 0.9285714285714285, 0.9999999999999998, 0.9285714285714285, 0.9999999999999998, 0.9999999999999998, 0.9285714285714285, 0.9999999999999998, 0.9999999999999998, 0.9999999999999998, 0.9999999999999998, 0.9999999999999998, 0.9999999999999998, 0.9999999999999998]",0.0302108989058321,0.0001290421852069,0.0002131556191681,2.103007085945719e-05,1.4187337655379454e-05,"[0.00037267744558149734, 0.00010637676976886994, 0.0002996690375019302, 0.00021298495109981015, 0.00013554317129200815, 0.00016882671687469935, 7.669447297975003e-05, 0.00010666422133600873, 0.0001813079788971027, 3.0086784678202466e-05, 0.00013543724578661488, 7.431314480361598e-05, 6.425071972670185e-05, 0.00020349652322241207, 0.0005542621753200154, 0.00025127027691037055, 0.00018347510706042547, 0.0002268024375412863, 6.862241302735728e-05, 9.477438293625281e-05, 0.0002195597184857954, 0.00034980013876018075, 0.00014517588705888017, 3.171838484768664e-05, 0.00010582302156335129, 8.378316538425265e-05, 0.00026559902297530226, 0.00012707878999335595, 5.746565760299258e-05, 0.00011367724325299647]",0.000113498701243,5000.0,0.9904761904761904,0.9976190476190476,"[1.0, 1.0, 0.9761904761904763, 0.9761904761904763, 0.9761904761904763, 1.0, 1.0, 1.0, 1.0, 1.0, 1.0, 1.0, 1.0, 1.0, 1.0, 0.9761904761904763, 1.0, 0.9761904761904763, 1.0, 0.9761904761904763, 1.0, 1.0, 0.9761904761904763, 1.0, 1.0, 1.0, 1.0, 1.0, 1.0, 1.0]",69.53571279665145,3.226474325333766,"[1.0, 1.0, 1.0, 1.0, 1.0, 1.0, 1.0, 1.0, 1.0, 1.0, 1.0, 1.0, 1.0, 1.0, 1.0, 1.0, 1.0, 1.0, 1.0, 1.0, 1.0, 1.0, 1.0, 1.0, 1.0, 1.0, 1.0, 1.0, 1.0, 1.0]",0.0,"[1.0, 1.0, 1.0, 1.0, 1.0, 1.0, 1.0, 1.0, 1.0, 1.0, 1.0, 1.0, 1.0, 1.0, 1.0, 1.0, 1.0, 1.0, 1.0, 1.0, 1.0, 1.0, 1.0, 1.0, 1.0, 1.0, 1.0, 1.0, 1.0, 1.0]",0.0,1.9061958127962307e-05
california,rf,5000,0,8,b3_is,A0,0.0,0.0,5000.0,0.996031746031746,0.0088732856249991,0.988095238095238,1.0,1.0,0.00023606390736,1.4031330953284693,"[0.9999999999999998, 0.9999999999999998, 0.9999999999999998, 0.9999999999999998, 0.9999999999999998, 0.9999999999999998, 0.9285714285714285, 0.9999999999999998, 0.9285714285714285, 0.9999999999999998, 0.9285714285714285, 0.9999999999999998, 0.9999999999999998, 0.9999999999999998, 0.9999999999999998, 0.9999999999999998, 0.9285714285714285, 0.9999999999999998, 0.9999999999999998, 0.9999999999999998, 0.9999999999999998, 0.9999999999999998, 0.9285714285714285, 0.9999999999999998, 0.9999999999999998, 0.9999999999999998, 0.9999999999999998, 0.9999999999999998, 0.9999999999999998, 0.9999999999999998]",0.0266198568749974,0.0001894792870524,0.0002896390069372,2.9507988420007213e-05,1.7640136042914066e-05,"[0.0002975741112502473, 0.0003007446679691285, 9.410105171585016e-05, 0.00041801647658019106, 6.344360699359294e-05, 0.00019439631812044413, 0.00019894438487179708, 0.00020695963663734464, 8.201651019850715e-05, 0.0001396018627348217, 0.00017106996773146656, 0.00010130962863457094, 0.0001895387334798357, 0.0003395253856627524, 0.0001784719189700018, 0.00021488028382833492, 0.0002380670796998338, 0.00022897150774539923, 0.0004087410755621722, 0.0002820491408898724, 8.569648226634246e-05, 0.0006255223245927628, 0.0002430568046348526, 0.00012805866128797884, 0.00026325833460594, 0.00015422445772786826, 8.099519745629858e-05, 0.00039608478833915, 0.00013863653615566577, 0.0006179602844587076]",0.0001411210883433,5000.0,0.9928571428571428,0.9992063492063492,"[1.0, 1.0, 1.0, 1.0, 1.0, 1.0, 0.9761904761904763, 1.0, 0.9761904761904763, 1.0, 0.9761904761904763, 1.0, 1.0, 1.0, 1.0, 1.0, 0.9761904761904763, 1.0, 1.0, 1.0, 1.0, 1.0, 0.9761904761904763, 1.0, 1.0, 1.0, 1.0, 1.0, 1.0, 1.0]",69.92073760331454,2.564303144413445,"[1.0, 1.0, 1.0, 1.0, 1.0, 1.0, 1.0, 1.0, 1.0, 1.0, 1.0, 1.0, 1.0, 1.0, 1.0, 1.0, 1.0, 1.0, 1.0, 1.0, 1.0, 1.0, 1.0, 1.0, 1.0, 1.0, 1.0, 1.0, 1.0, 1.0]",0.0,"[1.0, 1.0, 1.0, 1.0, 1.0, 1.0, 1.0, 1.0, 1.0, 1.0, 1.0, 1.0, 1.0, 1.0, 1.0, 1.0, 1.0, 1.0, 1.0, 1.0, 1.0, 1.0, 1.0, 1.0, 1.0, 1.0, 1.0, 1.0, 1.0, 1.0]",0.0,2.0717496041903216e-05
california,rf,5000,0,8,b4_antithetic,A0,0.0,0.0,5000.0,0.988888888888889,0.0147200293579296,0.9666666666666665,1.0,0.9866666666666668,0.0016092504324156,9.565174810692502,"[0.9999999999999998, 0.9999999999999998, 0.9999999999999998, 0.9999999999999998, 0.9285714285714285, 0.9285714285714285, 0.9285714285714285, 0.9999999999999998, 0.9999999999999998, 0.9999999999999998, 0.9999999999999998, 0.9285714285714285, 0.9999999999999998, 0.9999999999999998, 0.9285714285714285, 0.9285714285714285, 0.9285714285714285, 0.9999999999999998, 0.9999999999999998, 0.9285714285714285, 0.8571428571428571, 0.9999999999999998, 0.9999999999999998, 0.9999999999999998, 0.9999999999999998, 0.9285714285714285, 0.8571428571428571, 0.9285714285714285, 0.9999999999999998, 0.9999999999999998]",0.0441600880737889,0.0015509167570885,0.0016710200686975,0.0002011563040519,2.190013796222994e-05,"[0.0013930963317871652, 0.0013984865816332112, 0.001454812664100967, 0.0014581061817812509, 0.001479732445952097, 0.0013217556015794796, 0.0012671228697004292, 0.0016133045541446892, 0.0015728477444175175, 0.001725230121545013, 0.0015985753862409044, 0.0016043436969439117, 0.001627849257117895, 0.001547714929686826, 0.0015843165233982131, 0.00160173422074793, 0.0015072401588890883, 0.0018265134625234112, 0.0018341073740666847, 0.0018778899051654033, 0.0016301037598809838, 0.0018571880643128231, 0.0014267364893661794, 0.0016216432098199363, 0.0016011705386270913, 0.0015253657564812616, 0.0017990323959181352, 0.0017100795919898952, 0.0020506789737333078, 0.0017607341809183]",0.0001752011036978,5000.0,0.9833333333333332,0.9936706349206348,"[1.0, 1.0, 1.0, 1.0, 0.9761904761904763, 0.9761904761904763, 0.9761904761904763, 1.0, 1.0, 1.0, 1.0, 0.9761904761904763, 1.0, 1.0, 0.9761904761904763, 0.9761904761904763, 0.9761904761904763, 1.0, 1.0, 0.9761904761904763, 0.9523809523809524, 1.0, 1.0, 1.0, 1.0, 0.9761904761904763, 0.9523809523809524, 0.9761904761904763, 1.0, 1.0]",68.38524244665169,3.418225427544451,"[1.0, 1.0, 1.0, 1.0, 1.0, 1.0, 1.0, 1.0, 1.0, 1.0, 1.0, 1.0, 1.0, 1.0, 1.0, 1.0, 1.0, 1.0, 1.0, 1.0, 1.0, 1.0, 1.0, 1.0, 1.0, 1.0, 1.0, 1.0, 1.0, 1.0]",0.0,"[1.0, 1.0, 1.0, 1.0, 1.0, 1.0, 1.0, 1.0, 1.0, 1.0, 1.0, 1.0, 1.0, 1.0, 1.0, 1.0, 1.0, 1.0, 1.0, 1.0, 0.8, 1.0, 1.0, 1.0, 1.0, 1.0, 0.8, 1.0, 1.0, 1.0]",0.0498887651569858,3.2677691605948986e-06
california,rf,5000,1,8,abc_shap,A0,0.9922,4961.0,39.0,0.8484126984126983,0.1047769349487458,0.7357142857142858,0.7555555555555558,0.9333333333333332,0.0094486325766643,176.57725426101118,"[0.5714285714285714, 0.8571428571428571, 0.6428571428571428, 0.8571428571428571, 0.9285714285714285, 0.6428571428571428, 0.7857142857142856, 0.9285714285714285, 0.9285714285714285, 0.7857142857142856, 0.8571428571428571, 0.5714285714285714, 0.5714285714285714, 0.9285714285714285, 0.42857142857142855, 0.7142857142857142, 0.9285714285714285, 0.7142857142857142, 0.7142857142857142, 0.7142857142857142, 0.9999999999999998, 0.5714285714285714, 0.7142857142857142, 0.7142857142857142, 0.5714285714285714, 0.7142857142857142, 0.6428571428571428, 0.7142857142857142, 0.7142857142857142, 0.6428571428571428]",0.1381978272469662,0.0076182247894714,0.0114388383960398,0.001181079072083,0.0006801790464782,"[0.007888371917723187, 0.003952643543363839, 0.011511084678523287, 0.004813032374425696, 0.00788347098012863, 0.01865605009584585, 0.007546826255201643, 0.0038444459650520523, 0.003537690625781285, 0.006598945887796388, 0.009540384147830731, 0.0060920934248284465, 0.024141210944653362, 0.0008078303763247909, 0.0173920512364519, 0.005426469944940683, 0.0063500306957713915, 0.01236770810349579, 0.00676251483361315, 0.01767227975572745, 0.002216027693390234, 0.018325475871093688, 0.01225133688760999, 0.013449873318970301, 0.010831568940115282, 0.005530571924484992, 0.008487465195553715, 0.01130572692422157, 0.006518012054454575, 0.01175778270255789]",0.0054414323718258,4961.0,0.8086904761904761,0.8833531746031744,"[0.6904761904761906, 0.9285714285714287, 0.7857142857142858, 0.9523809523809524, 0.9761904761904763, 0.7380952380952381, 0.880952380952381, 0.9761904761904763, 0.9761904761904763, 0.9047619047619048, 0.9523809523809524, 0.7619047619047621, 0.7380952380952381, 0.9761904761904763, 0.5476190476190477, 0.880952380952381, 0.9761904761904763, 0.8095238095238096, 0.8333333333333335, 0.880952380952381, 1.0, 0.7142857142857144, 0.8095238095238096, 0.880952380952381, 0.7619047619047621, 0.8333333333333335, 0.7857142857142858, 0.8333333333333335, 0.880952380952381, 0.7857142857142858]",157.11769041332883,4.858526046652038,"[0.6666666666666666, 1.0, 0.6666666666666666, 1.0, 1.0, 0.6666666666666666, 0.6666666666666666, 1.0, 1.0, 0.6666666666666666, 1.0, 0.6666666666666666, 0.6666666666666666, 1.0, 0.6666666666666666, 0.6666666666666666, 1.0, 0.6666666666666666, 0.6666666666666666, 0.6666666666666666, 1.0, 0.6666666666666666, 0.6666666666666666, 0.6666666666666666, 0.3333333333333333, 0.6666666666666666, 0.6666666666666666, 0.6666666666666666, 0.6666666666666666, 0.6666666666666666]",0.1706921277304135,"[1.0, 0.8, 1.0, 0.8, 1.0, 0.8, 1.0, 1.0, 1.0, 0.8, 1.0, 1.0, 1.0, 1.0, 0.8, 0.8, 1.0, 1.0, 1.0, 0.8, 1.0, 0.8, 0.8, 1.0, 1.0, 1.0, 1.0, 1.0, 0.8, 1.0]",0.0942809041582063,0.0010987561728415
california,rf,5000,1,8,b1_uniform,A0,0.0,0.0,5000.0,0.919047619047619,0.0265131636325239,0.8190476190476187,0.688888888888889,1.0,0.0013047157078721,24.38269404784067,"[0.7857142857142856, 0.7857142857142856, 0.8571428571428571, 0.9285714285714285, 0.7857142857142856, 0.9285714285714285, 0.9285714285714285, 0.7857142857142856, 0.8571428571428571, 0.7857142857142856, 0.7857142857142856, 0.7857142857142856, 0.9999999999999998, 0.8571428571428571, 0.7857142857142856, 0.7857142857142856, 0.7857142857142856, 0.7857142857142856, 0.7857142857142856, 0.7857142857142856, 0.7857142857142856, 0.7857142857142856, 0.7857142857142856, 0.7857142857142856, 0.7857142857142856, 0.8571428571428571, 0.8571428571428571, 0.7857142857142856, 0.7857142857142856, 0.7857142857142856]",0.0575383141599741,0.0012251538862888,0.0013889335129644,0.000163089463484,2.7356443628917185e-05,"[0.0014367078883393205, 0.0010665704017876467, 0.001223252632577763, 0.0009175631508844419, 0.0014585251698573047, 0.0009718780240530183, 0.0009966840775523604, 0.0017101390669085012, 0.000944683356030158, 0.0010722339638129653, 0.0013487988582378588, 0.0014399469821347287, 0.0011632467694562276, 0.0012038567594604835, 0.0015799115071627793, 0.0015002451355877813, 0.001215666428017991, 0.001336931829288685, 0.0011503127093256454, 0.0016307026731435669, 0.0012811151182994978, 0.001519147229985966, 0.001282541313645411, 0.001406757624425903, 0.001437080929297851, 0.001195811387026861, 0.00124479451144693, 0.0013592178513068835, 0.0017845549720925066, 0.0012625929150161975]",0.0002188515490313,5000.0,0.9103174603174604,0.93015873015873,"[0.9047619047619048, 0.9047619047619048, 0.9285714285714287, 0.9761904761904763, 0.9047619047619048, 0.9761904761904763, 0.9761904761904763, 0.9047619047619048, 0.9285714285714287, 0.9047619047619048, 0.9047619047619048, 0.9047619047619048, 1.0, 0.9285714285714287, 0.9047619047619048, 0.9047619047619048, 0.9047619047619048, 0.9047619047619048, 0.9047619047619048, 0.9047619047619048, 0.9047619047619048, 0.9047619047619048, 0.9047619047619048, 0.9047619047619048, 0.9047619047619048, 0.9285714285714287, 0.9285714285714287, 0.9047619047619048, 0.9047619047619048, 0.9047619047619048]",70.82955754665502,2.4709578943227,"[0.6666666666666666, 0.6666666666666666, 0.6666666666666666, 0.6666666666666666, 0.6666666666666666, 1.0, 0.6666666666666666, 0.6666666666666666, 0.6666666666666666, 0.6666666666666666, 0.6666666666666666, 0.6666666666666666, 1.0, 0.6666666666666666, 0.6666666666666666, 0.6666666666666666, 0.6666666666666666, 0.6666666666666666, 0.6666666666666666, 0.6666666666666666, 0.6666666666666666, 0.6666666666666666, 0.6666666666666666, 0.6666666666666666, 0.6666666666666666, 0.6666666666666666, 0.6666666666666666, 0.6666666666666666, 0.6666666666666666, 0.6666666666666666]",0.0831479419283098,"[1.0, 1.0, 1.0, 1.0, 1.0, 1.0, 1.0, 1.0, 1.0, 1.0, 1.0, 1.0, 1.0, 1.0, 1.0, 1.0, 1.0, 1.0, 1.0, 1.0, 1.0, 1.0, 1.0, 1.0, 1.0, 1.0, 1.0, 1.0, 1.0, 1.0]",0.0,5.111490232867163e-06
california,rf,5000,1,8,b2_stratified,A0,0.0,0.0,5000.0,1.0,0.0,0.9999999999999998,1.0,1.0,5.350990769568604e-05,1.0,"[0.9999999999999998, 0.9999999999999998, 0.9999999999999998, 0.9999999999999998, 0.9999999999999998, 0.9999999999999998, 0.9999999999999998, 0.9999999999999998, 0.9999999999999998, 0.9999999999999998, 0.9999999999999998, 0.9999999999999998, 0.9999999999999998, 0.9999999999999998, 0.9999999999999998, 0.9999999999999998, 0.9999999999999998, 0.9999999999999998, 0.9999999999999998, 0.9999999999999998, 0.9999999999999998, 0.9999999999999998, 0.9999999999999998, 0.9999999999999998, 0.9999999999999998, 0.9999999999999998, 0.9999999999999998, 0.9999999999999998, 0.9999999999999998, 0.9999999999999998]",0.0,3.6147315915223226e-05,7.385866016178693e-05,6.688738461960754e-06,6.736597389401301e-06,"[7.399048046713729e-06, 1.3144977980340979e-05, 0.00014112592248806947, 4.260075174133462e-05, 0.00013362105365398514, 7.002599783352895e-05, 0.0001761877260318331, 5.836406207933326e-05, 4.841153946397891e-05, 7.18390138408184e-05, 5.080847131304625e-05, 5.130404821863609e-05, 3.8991470580535835e-05, 9.567577511995037e-05, 1.2656572711826818e-05, 3.3312051905167476e-05, 2.4523484161511635e-05, 4.143563660513834e-06, 3.989546662417059e-05, 5.089086062146408e-06, 2.9098186503770742e-05, 5.512332248986858e-06, 0.00020602781337697418, 2.221429881724432e-05, 1.0608641533514238e-05, 4.523532676439047e-06, 8.114744780921798e-06, 0.00014420371515373774, 4.519690673104221e-05, 1.0676975530508152e-05]",5.389277911521041e-05,5000.0,1.0,1.0,"[1.0, 1.0, 1.0, 1.0, 1.0, 1.0, 1.0, 1.0, 1.0, 1.0, 1.0, 1.0, 1.0, 1.0, 1.0, 1.0, 1.0, 1.0, 1.0, 1.0, 1.0, 1.0, 1.0, 1.0, 1.0, 1.0, 1.0, 1.0, 1.0, 1.0]",72.71657256333468,3.2690230776752216,"[1.0, 1.0, 1.0, 1.0, 1.0, 1.0, 1.0, 1.0, 1.0, 1.0, 1.0, 1.0, 1.0, 1.0, 1.0, 1.0, 1.0, 1.0, 1.0, 1.0, 1.0, 1.0, 1.0, 1.0, 1.0, 1.0, 1.0, 1.0, 1.0, 1.0]",0.0,"[1.0, 1.0, 1.0, 1.0, 1.0, 1.0, 1.0, 1.0, 1.0, 1.0, 1.0, 1.0, 1.0, 1.0, 1.0, 1.0, 1.0, 1.0, 1.0, 1.0, 1.0, 1.0, 1.0, 1.0, 1.0, 1.0, 1.0, 1.0, 1.0, 1.0]",0.0,6.0146125623251645e-06
california,rf,5000,1,8,b3_is,A0,0.0,0.0,5000.0,0.996031746031746,0.0088732856249991,0.9880952380952378,1.0,1.0,0.0001522819050523,2.8458637215072984,"[0.9999999999999998, 0.9999999999999998, 0.9999999999999998, 0.9999999999999998, 0.9999999999999998, 0.9999999999999998, 0.9999999999999998, 0.9999999999999998, 0.9999999999999998, 0.9999999999999998, 0.9285714285714285, 0.9999999999999998, 0.9999999999999998, 0.9999999999999998, 0.9285714285714285, 0.9999999999999998, 0.9999999999999998, 0.9285714285714285, 0.9999999999999998, 0.9999999999999998, 0.9999999999999998, 0.9285714285714285, 0.9999999999999998, 0.9999999999999998, 0.9285714285714285, 0.9999999999999998, 0.9999999999999998, 0.9999999999999998, 0.9999999999999998, 0.9999999999999998]",0.0266198568749974,0.0001281437652947,0.0001797632324069,1.9035238131544634e-05,8.72433962151523e-06,"[0.00015749891022715873, 0.00013508235010519269, 7.464607368111879e-05, 0.00012604132416002396, 0.00018923613143728701, 0.00010121539422916156, 7.85832000280674e-05, 0.00013002132868824973, 7.057103696509995e-05, 0.00011762879043553521, 0.0001990300167056543, 0.00020023238189313848, 0.00021624871410085342, 8.670753830418322e-05, 0.000354812120961147, 0.00012291712508261067, 0.0001836944447642367, 0.00010342998951941022, 0.00012152965939264016, 0.00010488816827284968, 0.00013784326381964374, 0.00018121226449321426, 0.00024108520624207202, 0.00010990641829943272, 0.00025383199411527614, 0.00030398982776722505, 6.084431229265455e-05, 0.00018482184648803234, 7.155527975521089e-05, 0.00014935203934433175]",6.979471697212184e-05,5000.0,0.9928571428571428,0.9992063492063492,"[1.0, 1.0, 1.0, 1.0, 1.0, 1.0, 1.0, 1.0, 1.0, 1.0, 0.9761904761904763, 1.0, 1.0, 1.0, 0.9761904761904763, 1.0, 1.0, 0.9761904761904763, 1.0, 1.0, 1.0, 0.9761904761904763, 1.0, 1.0, 0.9761904761904763, 1.0, 1.0, 1.0, 1.0, 1.0]",73.58290999999736,4.4664561744696245,"[1.0, 1.0, 1.0, 1.0, 1.0, 1.0, 1.0, 1.0, 1.0, 1.0, 1.0, 1.0, 1.0, 1.0, 1.0, 1.0, 1.0, 1.0, 1.0, 1.0, 1.0, 1.0, 1.0, 1.0, 1.0, 1.0, 1.0, 1.0, 1.0, 1.0]",0.0,"[1.0, 1.0, 1.0, 1.0, 1.0, 1.0, 1.0, 1.0, 1.0, 1.0, 1.0, 1.0, 1.0, 1.0, 1.0, 1.0, 1.0, 1.0, 1.0, 1.0, 1.0, 1.0, 1.0, 1.0, 1.0, 1.0, 1.0, 1.0, 1.0, 1.0]",0.0,3.694359575711056e-06
california,rf,5000,1,8,b4_antithetic,A0,0.0,0.0,5000.0,0.9103174603174604,0.014655702629063,0.7999999999999996,0.6666666666666669,1.0,0.0012925405651732,24.1551634236408,"[0.8571428571428571, 0.7857142857142856, 0.7857142857142856, 0.7857142857142856, 0.8571428571428571, 0.7857142857142856, 0.7857142857142856, 0.7857142857142856, 0.7857142857142856, 0.7857142857142856, 0.7857142857142856, 0.7857142857142856, 0.7857142857142856, 0.7857142857142856, 0.7857142857142856, 0.7857142857142856, 0.7857142857142856, 0.7857142857142856, 0.7857142857142856, 0.8571428571428571, 0.7857142857142856, 0.8571428571428571, 0.9285714285714285, 0.7857142857142856, 0.7857142857142856, 0.7857142857142856, 0.7857142857142856, 0.7857142857142856, 0.7857142857142856, 0.7857142857142856]",0.0340068020406802,0.0012370137460492,0.0013497184220772,0.0001615675706466,1.955576855601931e-05,"[0.0010500825296906682, 0.0015751622639152407, 0.0011995096619605787, 0.0013624652601910538, 0.001054819721760654, 0.0012900732566374464, 0.0012854749302962658, 0.0015401400735364486, 0.0010285303609035884, 0.0014080216248032085, 0.0013138275972431578, 0.0013415773448496435, 0.0016785827044283465, 0.0013167733765026785, 0.0014157342923333438, 0.001167328364377274, 0.0013667757433381362, 0.0013718081792697043, 0.0011764953356550665, 0.0010144930502664425, 0.001316696947259336, 0.0012993828979547613, 0.001049296587777989, 0.0012188755487024163, 0.0012852505763531444, 0.0012752078778252224, 0.0014071478237367514, 0.0014158239437381584, 0.001256063372672758, 0.0012947957072174307]",0.0001564461484481,5000.0,0.9055555555555556,0.9166666666666664,"[0.9285714285714287, 0.9047619047619048, 0.9047619047619048, 0.9047619047619048, 0.9285714285714287, 0.9047619047619048, 0.9047619047619048, 0.9047619047619048, 0.9047619047619048, 0.9047619047619048, 0.9047619047619048, 0.9047619047619048, 0.9047619047619048, 0.9047619047619048, 0.9047619047619048, 0.9047619047619048, 0.9047619047619048, 0.9047619047619048, 0.9047619047619048, 0.9285714285714287, 0.9047619047619048, 0.9285714285714287, 0.9761904761904763, 0.9047619047619048, 0.9047619047619048, 0.9047619047619048, 0.9047619047619048, 0.9047619047619048, 0.9047619047619048, 0.9047619047619048]",69.73337141000665,2.663964585590367,"[0.6666666666666666, 0.6666666666666666, 0.6666666666666666, 0.6666666666666666, 0.6666666666666666, 0.6666666666666666, 0.6666666666666666, 0.6666666666666666, 0.6666666666666666, 0.6666666666666666, 0.6666666666666666, 0.6666666666666666, 0.6666666666666666, 0.6666666666666666, 0.6666666666666666, 0.6666666666666666, 0.6666666666666666, 0.6666666666666666, 0.6666666666666666, 0.6666666666666666, 0.6666666666666666, 0.6666666666666666, 0.6666666666666666, 0.6666666666666666, 0.6666666666666666, 0.6666666666666666, 0.6666666666666666, 0.6666666666666666, 0.6666666666666666, 0.6666666666666666]",2.220446049250313e-16,"[1.0, 1.0, 1.0, 1.0, 1.0, 1.0, 1.0, 1.0, 1.0, 1.0, 1.0, 1.0, 1.0, 1.0, 1.0, 1.0, 1.0, 1.0, 1.0, 1.0, 1.0, 1.0, 1.0, 1.0, 1.0, 1.0, 1.0, 1.0, 1.0, 1.0]",0.0,2.699911035920643e-06
california,rf,5000,2,8,abc_shap,A0,0.9922,4961.0,39.0,0.8071428571428574,0.1231591587437333,0.6738095238095237,0.9444444444444444,0.7933333333333334,0.1203784613601302,169.3216588026932,"[0.4999999999999999, 0.7857142857142856, 0.8571428571428571, 0.5714285714285714, 0.42857142857142855, 0.7142857142857142, 0.5714285714285714, 0.7142857142857142, 0.42857142857142855, 0.7857142857142856, 0.7142857142857142, 0.8571428571428571, 0.4999999999999999, 0.9285714285714285, 0.5714285714285714, 0.7142857142857142, 0.7857142857142856, 0.7142857142857142, 0.8571428571428571, 0.6428571428571428, 0.9285714285714285, 0.3571428571428571, 0.6428571428571428, 0.8571428571428571, 0.5714285714285714, 0.3571428571428571, 0.7857142857142856, 0.6428571428571428, 0.9285714285714285, 0.4999999999999999]",0.167700872885146,0.0862311480352701,0.1525631051462811,0.0150473076700162,0.0121749201514627,"[0.2196186941760615, 0.020085256142757104, 0.08738383923612758, 0.14830221776822128, 0.15382695418929135, 0.062387176837099566, 0.19265314097065842, 0.019564452828752483, 0.23525399418256923, 0.0240958500872405, 0.4028580405623825, 0.11471085067350499, 0.16263330233770693, 0.00835354055499619, 0.2909622623990284, 0.03831595791821904, 0.021060562668171665, 0.02210288573421985, 0.00854547903031986, 0.23334922607081515, 0.05271118105233294, 0.15262159868093034, 0.053455177577736525, 0.030633103881213024, 0.20623065026929066, 0.20657641893451972, 0.15300207386371323, 0.13232082293268277, 0.015243382709116907, 0.14249574653422836]",0.0973993612117022,4961.0,0.757936507936508,0.8492063492063493,"[0.6428571428571429, 0.880952380952381, 0.9523809523809524, 0.7619047619047621, 0.5952380952380953, 0.8333333333333335, 0.7380952380952381, 0.8333333333333335, 0.6666666666666669, 0.880952380952381, 0.8095238095238096, 0.9523809523809524, 0.7380952380952381, 0.9761904761904763, 0.7619047619047621, 0.7619047619047621, 0.9285714285714287, 0.8571428571428572, 0.9285714285714287, 0.8095238095238096, 0.9761904761904763, 0.5714285714285715, 0.8095238095238096, 0.9285714285714287, 0.7380952380952381, 0.5714285714285715, 0.9047619047619048, 0.8095238095238096, 0.9761904761904763, 0.6190476190476191]",150.60172683002116,6.345102276966556,"[0.6666666666666666, 1.0, 1.0, 1.0, 1.0, 1.0, 1.0, 0.6666666666666666, 0.6666666666666666, 1.0, 1.0, 1.0, 1.0, 1.0, 0.6666666666666666, 1.0, 1.0, 1.0, 1.0, 1.0, 0.6666666666666666, 1.0, 1.0, 1.0, 1.0, 1.0, 1.0, 1.0, 1.0, 1.0]",0.1242259987499883,"[0.8, 0.8, 0.8, 0.8, 0.6, 0.8, 0.8, 0.8, 0.8, 0.8, 0.8, 1.0, 0.8, 0.8, 0.8, 0.8, 1.0, 0.8, 0.8, 0.8, 1.0, 0.6, 0.8, 0.8, 0.8, 0.6, 0.8, 0.8, 0.8, 0.6]",0.0963788819653397,0.0074498390452933
california,rf,5000,2,8,b1_uniform,A0,0.0,0.0,5000.0,0.8849206349206348,0.05219423189669,0.7928571428571428,1.0,0.8000000000000003,0.0048443275209733,6.813923042103443,"[0.7857142857142856, 0.7857142857142856, 0.7857142857142856, 0.7142857142857142, 0.8571428571428571, 0.9285714285714285, 0.8571428571428571, 0.9285714285714285, 0.7857142857142856, 0.7857142857142856, 0.7857142857142856, 0.7142857142857142, 0.7857142857142856, 0.8571428571428571, 0.7857142857142856, 0.9285714285714285, 0.9285714285714285, 0.7142857142857142, 0.9285714285714285, 0.7857142857142856, 0.7142857142857142, 0.7142857142857142, 0.7857142857142856, 0.7142857142857142, 0.7142857142857142, 0.7142857142857142, 0.7142857142857142, 0.7857142857142856, 0.7857142857142856, 0.7142857142857142]",0.0745736179207896,0.0040725491280458,0.0055826454622455,0.0006055409401216,0.0002630747147515,"[0.006223180671536067, 0.0020698049372800988, 0.0016730354152741853, 0.006659490154831749, 0.007904886994693687, 0.0021220408387750867, 0.0024145561941620445, 0.003560648171767387, 0.007637497003847099, 0.009425562540503467, 0.005399208569025566, 0.007859146842978377, 0.0031130257283687496, 0.006730606913061141, 0.004241358424698887, 0.0017944316762304147, 0.004398090336973316, 0.006539112923966594, 0.0019972658725992505, 0.003046573942376141, 0.006335759952059281, 0.005364765300683886, 0.005828704982175386, 0.004361305804285463, 0.004492446251922498, 0.004422536544218217, 0.002943399436257205, 0.004327389984951984, 0.007819939381950884, 0.0046240538377471906]",0.0021045977180126,5000.0,0.8674603174603174,0.9039682539682538,"[0.880952380952381, 0.880952380952381, 0.880952380952381, 0.8333333333333335, 0.9523809523809524, 0.9761904761904763, 0.9285714285714287, 0.9761904761904763, 0.880952380952381, 0.880952380952381, 0.8571428571428572, 0.8333333333333335, 0.880952380952381, 0.9523809523809524, 0.880952380952381, 0.9761904761904763, 0.9761904761904763, 0.8333333333333335, 0.9761904761904763, 0.8571428571428572, 0.8333333333333335, 0.8333333333333335, 0.880952380952381, 0.8333333333333335, 0.8333333333333335, 0.8333333333333335, 0.8333333333333335, 0.8571428571428572, 0.880952380952381, 0.8333333333333335]",67.76643944335325,4.5285893261633055,"[1.0, 1.0, 1.0, 1.0, 1.0, 1.0, 1.0, 1.0, 1.0, 1.0, 1.0, 1.0, 1.0, 1.0, 1.0, 1.0, 1.0, 1.0, 1.0, 1.0, 1.0, 1.0, 1.0, 1.0, 1.0, 1.0, 1.0, 1.0, 1.0, 1.0]",0.0,"[0.8, 0.8, 0.8, 0.8, 0.8, 0.8, 0.8, 0.8, 0.8, 0.8, 0.8, 0.8, 0.8, 0.8, 0.8, 0.8, 0.8, 0.8, 0.8, 0.8, 0.8, 0.8, 0.8, 0.8, 0.8, 0.8, 0.8, 0.8, 0.8, 0.8]",2.220446049250313e-16,0.000102160139162
california,rf,5000,2,8,b2_stratified,A0,0.0,0.0,5000.0,0.992063492063492,0.0112239171616911,0.9761904761904758,1.0,0.94,0.0007109454408334,1.0,"[0.9999999999999998, 0.9999999999999998, 0.9285714285714285, 0.9999999999999998, 0.9999999999999998, 0.9285714285714285, 0.9999999999999998, 0.9999999999999998, 0.9999999999999998, 0.9999999999999998, 0.9999999999999998, 0.9285714285714285, 0.9285714285714285, 0.9999999999999998, 0.9999999999999998, 0.9999999999999998, 0.9999999999999998, 0.9999999999999998, 0.9999999999999998, 0.9285714285714285, 0.9999999999999998, 0.9285714285714285, 0.9285714285714285, 0.9999999999999998, 0.9999999999999998, 0.9285714285714285, 0.9999999999999998, 0.9285714285714285, 0.9285714285714285, 0.9999999999999998]",0.0336717514850736,0.0004663924005928,0.0010125628298384,8.886818010418016e-05,9.145170574423644e-05,"[4.9250508441263997e-05, 0.00033014307482451304, 0.0003631246682484076, 6.502062343765229e-05, 0.0012845563089782944, 0.002907802520867054, 0.0003073055257072168, 0.0010463136406741909, 0.00024897575374301594, 0.0005028826022541433, 0.0002570444782337276, 0.0014494507155124424, 0.0009073689010273009, 0.0006408566005318306, 0.00025612868092134573, 0.0002175286494361792, 0.00022834937507221803, 0.0004062041178271182, 0.002097169966101031, 0.00019370323131074184, 0.00042044607102656787, 0.0006549238409325504, 0.00043652420801072186, 0.0006413242015427499, 0.0002816889902963387, 0.001777835289343367, 0.0005538640966924721, 0.002530175492856111, 0.00018151433966457934, 9.088675148809083e-05]",0.0007316136459538,5000.0,0.988095238095238,0.996031746031746,"[1.0, 1.0, 0.9761904761904763, 1.0, 1.0, 0.9761904761904763, 1.0, 1.0, 1.0, 1.0, 1.0, 0.9761904761904763, 0.9761904761904763, 1.0, 1.0, 1.0, 1.0, 1.0, 1.0, 0.9761904761904763, 1.0, 0.9761904761904763, 0.9761904761904763, 1.0, 1.0, 0.9761904761904763, 1.0, 0.9761904761904763, 0.9761904761904763, 1.0]",68.12717623998566,4.189166350596601,"[1.0, 1.0, 1.0, 1.0, 1.0, 1.0, 1.0, 1.0, 1.0, 1.0, 1.0, 1.0, 1.0, 1.0, 1.0, 1.0, 1.0, 1.0, 1.0, 1.0, 1.0, 1.0, 1.0, 1.0, 1.0, 1.0, 1.0, 1.0, 1.0, 1.0]",0.0,"[1.0, 1.0, 0.8, 1.0, 1.0, 0.8, 1.0, 1.0, 1.0, 1.0, 1.0, 0.8, 0.8, 1.0, 1.0, 1.0, 1.0, 1.0, 1.0, 0.8, 1.0, 0.8, 0.8, 1.0, 1.0, 0.8, 1.0, 1.0, 0.8, 1.0]",0.0916515138991167,8.655464672690948e-05
california,rf,5000,2,8,b3_is,A0,0.0,0.0,5000.0,0.9968253968253968,0.0080936817676075,0.9904761904761904,1.0,1.0,0.0017002274773666,2.391502047433516,"[0.9285714285714285, 0.9999999999999998, 0.9999999999999998, 0.9999999999999998, 0.9999999999999998, 0.9999999999999998, 0.9999999999999998, 0.9285714285714285, 0.9999999999999998, 0.9999999999999998, 0.9999999999999998, 0.9999999999999998, 0.9999999999999998, 0.9999999999999998, 0.9999999999999998, 0.9999999999999998, 0.9999999999999998, 0.9999999999999998, 0.9285714285714285, 0.9999999999999998, 0.9999999999999998, 0.9285714285714285, 0.9999999999999998, 0.9999999999999998, 0.9999999999999998, 0.9999999999999998, 0.9999999999999998, 0.9999999999999998, 0.9999999999999998, 0.9999999999999998]",0.0242810453028227,0.001176303706486,0.0023200386289142,0.0002125284346708,0.0002025005376765,"[0.006373750921598769, 0.0012583015448010566, 0.0018474197183186586, 0.0004704460028522918, 0.0005751480798164871, 0.00016841406942469487, 0.005600243036939298, 0.0005574955855071941, 0.0009242520862804369, 0.0009004097605670384, 0.00226765773340516, 0.00108797587472459, 0.0006798410389579622, 0.0011507378340996253, 0.0010751320924748608, 0.00036979494156326524, 0.0030535726803830312, 0.00042007110879912834, 0.0025065318375822837, 0.0023385801669021894, 0.000497335459948181, 0.0012004561583541602, 0.002064682471748502, 0.0008653884547191692, 0.001156150826848735, 0.006239694700245248, 0.0018694624743452995, 0.0014498198126327983, 0.0015730148723630377, 0.0004650429747977962]",0.0016200043014124,5000.0,0.9936507936507936,0.9992063492063492,"[0.9761904761904763, 1.0, 1.0, 1.0, 1.0, 1.0, 1.0, 0.9761904761904763, 1.0, 1.0, 1.0, 1.0, 1.0, 1.0, 1.0, 1.0, 1.0, 1.0, 0.9761904761904763, 1.0, 1.0, 0.9761904761904763, 1.0, 1.0, 1.0, 1.0, 1.0, 1.0, 1.0, 1.0]",69.09429073998083,3.008753123581267,"[1.0, 1.0, 1.0, 1.0, 1.0, 1.0, 1.0, 1.0, 1.0, 1.0, 1.0, 1.0, 1.0, 1.0, 1.0, 1.0, 1.0, 1.0, 1.0, 1.0, 1.0, 1.0, 1.0, 1.0, 1.0, 1.0, 1.0, 1.0, 1.0, 1.0]",0.0,"[1.0, 1.0, 1.0, 1.0, 1.0, 1.0, 1.0, 1.0, 1.0, 1.0, 1.0, 1.0, 1.0, 1.0, 1.0, 1.0, 1.0, 1.0, 1.0, 1.0, 1.0, 1.0, 1.0, 1.0, 1.0, 1.0, 1.0, 1.0, 1.0, 1.0]",0.0,0.0001070496953706
california,rf,5000,2,8,b4_antithetic,A0,0.0,0.0,5000.0,0.8595238095238095,0.0284056034415448,0.7547619047619049,1.0,0.8000000000000003,0.0047590721987421,6.694004807405612,"[0.7857142857142856, 0.7857142857142856, 0.7142857142857142, 0.7857142857142856, 0.7857142857142856, 0.7857142857142856, 0.7857142857142856, 0.8571428571428571, 0.7142857142857142, 0.7857142857142856, 0.7142857142857142, 0.7857142857142856, 0.7142857142857142, 0.7857142857142856, 0.7142857142857142, 0.7142857142857142, 0.7857142857142856, 0.7142857142857142, 0.7857142857142856, 0.7142857142857142, 0.7857142857142856, 0.7857142857142856, 0.7142857142857142, 0.7142857142857142, 0.7857142857142856, 0.7142857142857142, 0.7142857142857142, 0.7142857142857142, 0.7142857142857142, 0.7857142857142856]",0.03991203479581,0.0044721061476523,0.0050719100914537,0.0005948840248427,0.0001059070374191,"[0.004840551931642625, 0.004074804786886713, 0.0060154515905871215, 0.004097147408608942, 0.00407949759459111, 0.004277035154828395, 0.004937795911355917, 0.005206565089013466, 0.004198800626089014, 0.005975558422932131, 0.004481376316153589, 0.0036096327712669507, 0.005231420441180365, 0.004751739704028446, 0.005243824325076517, 0.003921044608999017, 0.006780345826806065, 0.004443585965404023, 0.004753217220276045, 0.00505399013314636, 0.004167421303180438, 0.007184991293467841, 0.004686559008688729, 0.00375738600301098, 0.004900535955407863, 0.004107758594837695, 0.005399293801827774, 0.004709891971220898, 0.0037709147826887864, 0.0041140274190609085]",0.0008472562993531,5000.0,0.8507738095238094,0.8698611111111111,"[0.880952380952381, 0.880952380952381, 0.8333333333333335, 0.880952380952381, 0.880952380952381, 0.8571428571428572, 0.880952380952381, 0.9523809523809524, 0.8333333333333335, 0.880952380952381, 0.8333333333333335, 0.880952380952381, 0.8333333333333335, 0.880952380952381, 0.8333333333333335, 0.8333333333333335, 0.880952380952381, 0.8333333333333335, 0.8571428571428572, 0.8333333333333335, 0.880952380952381, 0.880952380952381, 0.8333333333333335, 0.8333333333333335, 0.880952380952381, 0.8333333333333335, 0.8333333333333335, 0.8333333333333335, 0.8333333333333335, 0.880952380952381]",67.33369063669039,4.153603010476626,"[1.0, 1.0, 1.0, 1.0, 1.0, 1.0, 1.0, 1.0, 1.0, 1.0, 1.0, 1.0, 1.0, 1.0, 1.0, 1.0, 1.0, 1.0, 1.0, 1.0, 1.0, 1.0, 1.0, 1.0, 1.0, 1.0, 1.0, 1.0, 1.0, 1.0]",0.0,"[0.8, 0.8, 0.8, 0.8, 0.8, 0.8, 0.8, 0.8, 0.8, 0.8, 0.8, 0.8, 0.8, 0.8, 0.8, 0.8, 0.8, 0.8, 0.8, 0.8, 0.8, 0.8, 0.8, 0.8, 0.8, 0.8, 0.8, 0.8, 0.8, 0.8]",2.220446049250313e-16,1.5119143129387962e-05
california,rf,5000,3,8,abc_shap,A0,0.9922,4961.0,39.0,0.6634920634920637,0.116111951954772,0.5523809523809523,0.6777777777777779,0.7800000000000001,0.0306488829530052,151.31098613572408,"[0.5714285714285714, 0.4999999999999999, 0.4999999999999999, 0.42857142857142855, 0.7142857142857142, 0.2857142857142857, 0.6428571428571428, 0.4999999999999999, 0.7142857142857142, 0.6428571428571428, 0.6428571428571428, 0.5714285714285714, 0.5714285714285714, 0.42857142857142855, 0.5714285714285714, 0.42857142857142855, 0.7142857142857142, 0.7142857142857142, 0.3571428571428571, 0.4999999999999999, 0.7142857142857142, 0.5714285714285714, 0.5714285714285714, 0.5714285714285714, 0.42857142857142855, 0.7142857142857142, 0.5714285714285714, 0.42857142857142855, 0.4999999999999999, 0.4999999999999999]",0.113589147065491,0.0231139904929293,0.0412007269251446,0.0038311103691256,0.003173446652054,"[0.018263832837863068, 0.044204927613909, 0.029255513597678456, 0.019711490211424505, 0.014827214305720522, 0.03338588935691324, 0.023516232037827548, 0.013458542887785403, 0.029446664191820935, 0.017482278534035233, 0.022913287239913465, 0.01948656671136161, 0.03247748148190695, 0.01233883141035906, 0.011551392492479289, 0.021515352251507518, 0.019778632292869674, 0.048798272131343426, 0.02659399780381714, 0.04860494648421131, 0.017560989338041556, 0.044504092906484397, 0.015520223405819685, 0.151490142850876, 0.053387748040590294, 0.015062031137384331, 0.013339430594382772, 0.03974153149810511, 0.029302947154797063, 0.031946005788927395]",0.0253875732164324,4961.0,0.6174603174603176,0.7055555555555555,"[0.6428571428571429, 0.6904761904761906, 0.6666666666666669, 0.523809523809524, 0.8571428571428572, 0.523809523809524, 0.7142857142857144, 0.5952380952380953, 0.8333333333333335, 0.7380952380952381, 0.8095238095238096, 0.6428571428571429, 0.6904761904761906, 0.5476190476190477, 0.6428571428571429, 0.5000000000000001, 0.8095238095238096, 0.8333333333333335, 0.4047619047619048, 0.7380952380952381, 0.8571428571428572, 0.6428571428571429, 0.6428571428571429, 0.6190476190476191, 0.5476190476190477, 0.8095238095238096, 0.6428571428571429, 0.5476190476190477, 0.5714285714285715, 0.6190476190476191]",153.10258885998434,6.027029139182261,"[0.6666666666666666, 0.6666666666666666, 0.6666666666666666, 0.6666666666666666, 0.6666666666666666, 0.6666666666666666, 0.6666666666666666, 0.6666666666666666, 0.6666666666666666, 0.6666666666666666, 0.6666666666666666, 0.6666666666666666, 0.6666666666666666, 0.6666666666666666, 0.6666666666666666, 0.6666666666666666, 0.6666666666666666, 1.0, 0.6666666666666666, 0.6666666666666666, 0.6666666666666666, 0.6666666666666666, 0.6666666666666666, 0.6666666666666666, 0.6666666666666666, 0.6666666666666666, 0.6666666666666666, 0.6666666666666666, 0.6666666666666666, 0.6666666666666666]",0.0598351645237167,"[0.8, 0.8, 0.8, 0.6, 0.8, 0.6, 0.8, 0.8, 0.8, 0.8, 0.8, 0.8, 0.8, 0.6, 0.8, 0.8, 0.8, 0.8, 0.6, 0.8, 1.0, 0.8, 0.8, 0.8, 0.8, 0.8, 0.8, 0.8, 0.8, 0.8]",0.0791622805802527,0.0032036755281738
california,rf,5000,3,8,b1_uniform,A0,0.0,0.0,5000.0,0.8373015873015873,0.0615015357652678,0.7238095238095238,0.6666666666666669,0.8200000000000002,0.0025986086964976,12.829115013778294,"[0.7142857142857142, 0.7142857142857142, 0.7142857142857142, 0.7857142857142856, 0.7857142857142856, 0.7857142857142856, 0.8571428571428571, 0.7142857142857142, 0.7142857142857142, 0.6428571428571428, 0.7142857142857142, 0.7142857142857142, 0.7857142857142856, 0.7142857142857142, 0.6428571428571428, 0.7857142857142856, 0.7142857142857142, 0.6428571428571428, 0.7142857142857142, 0.7142857142857142, 0.7142857142857142, 0.6428571428571428, 0.6428571428571428, 0.7857142857142856, 0.7142857142857142, 0.8571428571428571, 0.7142857142857142, 0.5714285714285714, 0.7857142857142856, 0.7142857142857142]",0.063173805530579,0.0023953800312363,0.0028201164743348,0.0003248260870622,7.306312254502232e-05,"[0.002024463775419336, 0.002470553820898367, 0.0026128738355359364, 0.0018584846034072524, 0.0022889094051617947, 0.0018718733661771928, 0.0015798055641132822, 0.002654578115315135, 0.0029114260056491204, 0.0031487810388828737, 0.002259357877233943, 0.0033596957156194316, 0.002303687913110142, 0.002897667288850482, 0.0027420295065071327, 0.0022363083030340035, 0.0023295747805125223, 0.002610955062750248, 0.0030193422060737036, 0.002785097818994058, 0.002234222198766651, 0.003971435958150283, 0.004271395660990329, 0.0017710346526560656, 0.003129857255472694, 0.0023088359540666637, 0.0027345725790537006, 0.002750075442674633, 0.0023661733644960233, 0.0024551918253574037]",0.0005845049803601,5000.0,0.8158730158730161,0.8603174603174605,"[0.8095238095238096, 0.8095238095238096, 0.8095238095238096, 0.9047619047619048, 0.9047619047619048, 0.9047619047619048, 0.9523809523809524, 0.8095238095238096, 0.8095238095238096, 0.7619047619047621, 0.8095238095238096, 0.8095238095238096, 0.9047619047619048, 0.8571428571428572, 0.7619047619047621, 0.9047619047619048, 0.8095238095238096, 0.7619047619047621, 0.8095238095238096, 0.8571428571428572, 0.8095238095238096, 0.7619047619047621, 0.7619047619047621, 0.9047619047619048, 0.8571428571428572, 0.9523809523809524, 0.880952380952381, 0.7142857142857144, 0.9047619047619048, 0.8095238095238096]",68.49387188666346,3.8546778009522553,"[0.6666666666666666, 0.6666666666666666, 0.6666666666666666, 0.6666666666666666, 0.6666666666666666, 0.6666666666666666, 0.6666666666666666, 0.6666666666666666, 0.6666666666666666, 0.6666666666666666, 0.6666666666666666, 0.6666666666666666, 0.6666666666666666, 0.6666666666666666, 0.6666666666666666, 0.6666666666666666, 0.6666666666666666, 0.6666666666666666, 0.6666666666666666, 0.6666666666666666, 0.6666666666666666, 0.6666666666666666, 0.6666666666666666, 0.6666666666666666, 0.6666666666666666, 0.6666666666666666, 0.6666666666666666, 0.6666666666666666, 0.6666666666666666, 0.6666666666666666]",2.220446049250313e-16,"[0.8, 0.8, 0.8, 0.8, 0.8, 0.8, 1.0, 0.8, 0.8, 0.8, 0.8, 0.8, 0.8, 0.8, 0.8, 0.8, 0.8, 0.8, 0.8, 0.8, 0.8, 0.8, 0.8, 1.0, 0.8, 1.0, 0.8, 0.8, 0.8, 0.8]",0.06,2.208143953652652e-05
california,rf,5000,3,8,b2_stratified,A0,0.0,0.0,5000.0,0.992063492063492,0.0166477594947642,0.9785714285714284,0.9777777777777776,0.9933333333333334,0.0002025555693987,1.0,"[0.9999999999999998, 0.9999999999999998, 0.9999999999999998, 0.9999999999999998, 0.8571428571428571, 0.9285714285714285, 0.9285714285714285, 0.9999999999999998, 0.9999999999999998, 0.9999999999999998, 0.9999999999999998, 0.9285714285714285, 0.8571428571428571, 0.9999999999999998, 0.9999999999999998, 0.9999999999999998, 0.9999999999999998, 0.9999999999999998, 0.9999999999999998, 0.9285714285714285, 0.9999999999999998, 0.9999999999999998, 0.9999999999999998, 0.9999999999999998, 0.9999999999999998, 0.9999999999999998, 0.9999999999999998, 0.9999999999999998, 0.9285714285714285, 0.9999999999999998]",0.0418533234077307,0.0001382602653385,0.0002743951606172,2.531944617484147e-05,2.5870359676204823e-05,"[6.647262781650646e-05, 8.922828243157962e-05, 3.011570832654662e-05, 0.00011586117719479366, 0.0005500200308086233, 0.0002956397419045445, 0.00022539077758825597, 4.497950399384945e-05, 0.0001614866570495926, 0.00023916864435394758, 0.0010924122253321339, 0.0003527106103574188, 0.00046001151510360715, 0.00023372832157359053, 0.00013710239126749651, 0.00020539854043310829, 0.00021100909950038334, 6.426610012141788e-05, 5.635298785307517e-06, 0.00016831682393654974, 0.00020656858254960222, 0.00012536519095582323, 9.695991479891262e-05, 6.598017171449623e-05, 8.133815244972968e-05, 0.00016955023655539097, 4.799148072483688e-05, 5.733962904046647e-05, 0.00015333507701613196, 0.0003232845682773108]",0.0002069628774096,5000.0,0.9857142857142858,0.9976190476190476,"[1.0, 1.0, 1.0, 1.0, 0.9285714285714287, 0.9761904761904763, 0.9761904761904763, 1.0, 1.0, 1.0, 1.0, 0.9761904761904763, 0.9523809523809524, 1.0, 1.0, 1.0, 1.0, 1.0, 1.0, 0.9761904761904763, 1.0, 1.0, 1.0, 1.0, 1.0, 1.0, 1.0, 1.0, 0.9761904761904763, 1.0]",69.97394129668052,3.1230043654766115,"[1.0, 1.0, 1.0, 1.0, 1.0, 1.0, 0.6666666666666666, 1.0, 1.0, 1.0, 1.0, 1.0, 0.6666666666666666, 1.0, 1.0, 1.0, 1.0, 1.0, 1.0, 1.0, 1.0, 1.0, 1.0, 1.0, 1.0, 1.0, 1.0, 1.0, 1.0, 1.0]",0.0831479419283098,"[1.0, 1.0, 1.0, 1.0, 0.8, 1.0, 1.0, 1.0, 1.0, 1.0, 1.0, 1.0, 1.0, 1.0, 1.0, 1.0, 1.0, 1.0, 1.0, 1.0, 1.0, 1.0, 1.0, 1.0, 1.0, 1.0, 1.0, 1.0, 1.0, 1.0]",0.03590109871423,2.248403375696165e-05
california,rf,5000,3,8,b3_is,A0,0.0,0.0,5000.0,0.9746031746031744,0.0229473528488903,0.9357142857142854,1.0,0.9666666666666668,0.000458508203537,2.2636168676976403,"[0.9999999999999998, 0.8571428571428571, 0.9285714285714285, 0.9285714285714285, 0.9285714285714285, 0.8571428571428571, 0.9285714285714285, 0.9999999999999998, 0.9999999999999998, 0.9285714285714285, 0.9285714285714285, 0.9285714285714285, 0.9285714285714285, 0.9285714285714285, 0.9285714285714285, 0.8571428571428571, 0.9999999999999998, 0.8571428571428571, 0.9285714285714285, 0.9285714285714285, 0.9285714285714285, 0.9999999999999998, 0.8571428571428571, 0.9999999999999998, 0.9285714285714285, 0.9285714285714285, 0.9285714285714285, 0.9285714285714285, 0.9999999999999998, 0.9999999999999998]",0.0464743364189121,0.0003744627366704,0.0005503120816911,5.731352544213365e-05,3.0754601890290515e-05,"[0.0001675470716028033, 0.0011023627609215625, 0.0003161797078843386, 0.0003591273130937698, 0.0002429563146449618, 0.0005223012991314271, 0.0006859247279554014, 0.0006976280567081342, 0.00022146554409260738, 0.0004609340073119893, 0.0005174360750962691, 0.0001908782326766227, 0.0002650534854755399, 0.0005773217146686142, 0.00045954146779093196, 0.001176120796893119, 0.00013071216113077154, 0.0006485838186169329, 0.00033328443973104844, 0.0002613576507811368, 0.0006000176952272731, 0.0003478152036889259, 0.0004998017821662, 0.00025318860856555147, 0.0005093346939804343, 0.0006000994975810468, 0.0002851672745000867, 0.0006869611050250454, 0.0003917890711159719, 0.0002443545280535581]",0.0002460368151223,5000.0,0.9658730158730158,0.9825396825396824,"[1.0, 0.9285714285714287, 0.9761904761904763, 0.9761904761904763, 0.9761904761904763, 0.9285714285714287, 0.9761904761904763, 1.0, 1.0, 0.9761904761904763, 0.9761904761904763, 0.9761904761904763, 0.9761904761904763, 0.9761904761904763, 0.9761904761904763, 0.9285714285714287, 1.0, 0.9285714285714287, 0.9761904761904763, 0.9761904761904763, 0.9761904761904763, 1.0, 0.9285714285714287, 1.0, 0.9761904761904763, 0.9761904761904763, 0.9761904761904763, 0.9761904761904763, 1.0, 1.0]",70.89456178997644,2.73732924764968,"[1.0, 1.0, 1.0, 1.0, 1.0, 1.0, 1.0, 1.0, 1.0, 1.0, 1.0, 1.0, 1.0, 1.0, 1.0, 1.0, 1.0, 1.0, 1.0, 1.0, 1.0, 1.0, 1.0, 1.0, 1.0, 1.0, 1.0, 1.0, 1.0, 1.0]",0.0,"[1.0, 0.8, 1.0, 1.0, 1.0, 0.8, 1.0, 1.0, 1.0, 1.0, 1.0, 1.0, 1.0, 1.0, 1.0, 0.8, 1.0, 0.8, 1.0, 1.0, 1.0, 1.0, 0.8, 1.0, 1.0, 1.0, 1.0, 1.0, 1.0, 1.0]",0.0745355992499929,1.3701545751914272e-05
california,rf,5000,3,8,b4_antithetic,A0,0.0,0.0,5000.0,0.8238095238095241,0.0523809523809523,0.7214285714285715,0.6666666666666669,0.8133333333333336,0.002424551875239,11.969810963164957,"[0.6428571428571428, 0.7142857142857142, 0.7142857142857142, 0.7142857142857142, 0.7857142857142856, 0.7857142857142856, 0.7857142857142856, 0.7142857142857142, 0.8571428571428571, 0.7142857142857142, 0.6428571428571428, 0.7142857142857142, 0.7142857142857142, 0.7142857142857142, 0.6428571428571428, 0.7142857142857142, 0.7142857142857142, 0.6428571428571428, 0.7142857142857142, 0.6428571428571428, 0.7857142857142856, 0.8571428571428571, 0.7142857142857142, 0.7142857142857142, 0.7142857142857142, 0.7142857142857142, 0.7142857142857142, 0.7142857142857142, 0.7142857142857142, 0.7142857142857142]",0.0532929268704747,0.0022718564574475,0.0025724402043654,0.0003030689844048,5.261189520735552e-05,"[0.0026106818385858085, 0.0026243732116024345, 0.0027954273654724818, 0.0020967693094152986, 0.001830324661388195, 0.002102218204623072, 0.001646857211412231, 0.002405400837950834, 0.0019388188493613132, 0.0021428677060351654, 0.003345928491246068, 0.002293935579742971, 0.0026831048089027186, 0.0024834242661054785, 0.0022127745690181983, 0.002136438558867699, 0.002424013002244274, 0.0026673005275836227, 0.0024987087773377203, 0.0024053187970107955, 0.0022300241736382216, 0.0016134739813699862, 0.0031298711092459155, 0.002653385850177407, 0.003062192959505487, 0.0020198725809627053, 0.002595593122206188, 0.002311316693914034, 0.003205035521521874, 0.0025711036907236015]",0.0004208951616588,5000.0,0.8063492063492066,0.842857142857143,"[0.7619047619047621, 0.8095238095238096, 0.8095238095238096, 0.8095238095238096, 0.9047619047619048, 0.9047619047619048, 0.9047619047619048, 0.8095238095238096, 0.9523809523809524, 0.8095238095238096, 0.7619047619047621, 0.8095238095238096, 0.8095238095238096, 0.8095238095238096, 0.7619047619047621, 0.8095238095238096, 0.8095238095238096, 0.7619047619047621, 0.8095238095238096, 0.7619047619047621, 0.9047619047619048, 0.9523809523809524, 0.8095238095238096, 0.8095238095238096, 0.8095238095238096, 0.8095238095238096, 0.8095238095238096, 0.8095238095238096, 0.8095238095238096, 0.8095238095238096]",69.49195651331296,3.2868700360814294,"[0.6666666666666666, 0.6666666666666666, 0.6666666666666666, 0.6666666666666666, 0.6666666666666666, 0.6666666666666666, 0.6666666666666666, 0.6666666666666666, 0.6666666666666666, 0.6666666666666666, 0.6666666666666666, 0.6666666666666666, 0.6666666666666666, 0.6666666666666666, 0.6666666666666666, 0.6666666666666666, 0.6666666666666666, 0.6666666666666666, 0.6666666666666666, 0.6666666666666666, 0.6666666666666666, 0.6666666666666666, 0.6666666666666666, 0.6666666666666666, 0.6666666666666666, 0.6666666666666666, 0.6666666666666666, 0.6666666666666666, 0.6666666666666666, 0.6666666666666666]",2.220446049250313e-16,"[0.8, 0.8, 0.8, 0.8, 0.8, 0.8, 0.8, 0.8, 1.0, 0.8, 0.8, 0.8, 0.8, 0.8, 0.8, 0.8, 0.8, 0.8, 0.8, 0.8, 0.8, 1.0, 0.8, 0.8, 0.8, 0.8, 0.8, 0.8, 0.8, 0.8]",0.0498887651569858,7.607054578666715e-06
california,rf,5000,4,8,abc_shap,A0,0.9922,4961.0,39.0,0.761904761904762,0.1898800194035893,0.6238095238095237,0.6777777777777779,0.8333333333333335,0.0956937503226816,267.80742981441136,"[0.5714285714285714, 0.8571428571428571, 0.7142857142857142, 0.7142857142857142, 0.7857142857142856, 0.7142857142857142, 0.8571428571428571, 0.7857142857142856, 0.6428571428571428, 0.7142857142857142, 0.21428571428571427, 0.7142857142857142, 0.7142857142857142, 0.3571428571428571, 0.7857142857142856, 0.7142857142857142, 0.7857142857142856, 0.8571428571428571, 0.4999999999999999, 0.42857142857142855, 0.6428571428571428, 0.7142857142857142, 0.07142857142857142, 0.7142857142857142, 0.3571428571428571, 0.4999999999999999, 0.7142857142857142, 0.42857142857142855, 0.7142857142857142, 0.42857142857142855]",0.193370861945209,0.0798731274855409,0.1089871870325511,0.0119617187903352,0.0051641007337893,"[0.0825539921422577, 0.035719211326256155, 0.08627813325918186, 0.07437267785706299, 0.02782049484504126, 0.10418988100163114, 0.1333820943804466, 0.17430610124774065, 0.12306629782911667, 0.14158971455303354, 0.1040187512453008, 0.11133259751269095, 0.0940103710013813, 0.09497981681260251, 0.08709567833149985, 0.006596454411608245, 0.028159883825018394, 0.07635484072708942, 0.12868458017691412, 0.12711756077529715, 0.01906288547121118, 0.03641360469827884, 0.10732044211837088, 0.13126754657760578, 0.1266085420969388, 0.11480011886589095, 0.15177042297526297, 0.11283820048405414, 0.12340801376965431, 0.10569359936201045]",0.0413128058703146,4961.0,0.6960317460317461,0.8246031746031746,"[0.8095238095238096, 0.9523809523809524, 0.880952380952381, 0.8333333333333335, 0.8571428571428572, 0.880952380952381, 0.9523809523809524, 0.9285714285714287, 0.8095238095238096, 0.9047619047619048, 0.3333333333333334, 0.880952380952381, 0.8571428571428572, 0.4523809523809524, 0.9047619047619048, 0.8571428571428572, 0.9047619047619048, 0.9523809523809524, 0.6428571428571429, 0.5714285714285715, 0.7142857142857144, 0.8333333333333335, 0.2380952380952381, 0.8571428571428572, 0.4761904761904762, 0.7380952380952381, 0.880952380952381, 0.5714285714285715, 0.8333333333333335, 0.5476190476190477]",152.59824708000912,1.7048810611444365,"[0.6666666666666666, 0.6666666666666666, 0.6666666666666666, 0.6666666666666666, 0.6666666666666666, 1.0, 0.6666666666666666, 0.6666666666666666, 0.6666666666666666, 0.6666666666666666, 0.6666666666666666, 0.6666666666666666, 0.6666666666666666, 0.6666666666666666, 0.6666666666666666, 0.6666666666666666, 0.6666666666666666, 0.6666666666666666, 0.6666666666666666, 0.6666666666666666, 0.6666666666666666, 0.6666666666666666, 0.6666666666666666, 0.6666666666666666, 0.6666666666666666, 0.6666666666666666, 0.6666666666666666, 0.6666666666666666, 0.6666666666666666, 0.6666666666666666]",0.0598351645237167,"[1.0, 1.0, 1.0, 0.8, 0.8, 0.8, 1.0, 1.0, 0.8, 0.8, 0.6, 1.0, 0.8, 0.8, 1.0, 0.8, 1.0, 1.0, 0.8, 0.6, 0.8, 0.8, 0.4, 1.0, 0.6, 0.8, 0.8, 0.8, 0.8, 0.8]",0.1468181036369682,0.006738791023355
california,rf,5000,4,8,b1_uniform,A0,0.0,0.0,5000.0,0.8999999999999999,0.0485620906056455,0.7952380952380952,0.688888888888889,0.8933333333333334,0.0024054077100913,6.731746371347431,"[0.7857142857142856, 0.7142857142857142, 0.8571428571428571, 0.8571428571428571, 0.8571428571428571, 0.7142857142857142, 0.7857142857142856, 0.7142857142857142, 0.7857142857142856, 0.8571428571428571, 0.7142857142857142, 0.7857142857142856, 0.7142857142857142, 0.9285714285714285, 0.7857142857142856, 0.7857142857142856, 0.7857142857142856, 0.7857142857142856, 0.7142857142857142, 0.8571428571428571, 0.7857142857142856, 0.9285714285714285, 0.8571428571428571, 0.7142857142857142, 0.9285714285714285, 0.8571428571428571, 0.7142857142857142, 0.7142857142857142, 0.7857142857142856, 0.7857142857142856]",0.0683461909257491,0.0021528341686809,0.0027349986136248,0.0003006759637614,9.910076494352604e-05,"[0.0018741213484042107, 0.0018656090614309296, 0.0012004582237244838, 0.002548476995112071, 0.0018150889798358414, 0.0023530068812710426, 0.002547154759015923, 0.0022782654831219927, 0.00307739019631059, 0.00173791342519166, 0.00246075216851809, 0.0025428166664652634, 0.0020052493726518835, 0.0015601179057719023, 0.0028253210332350657, 0.004974185248524501, 0.0024454697882360663, 0.002511161728361806, 0.0033345676704863345, 0.0008354401773287779, 0.001870115104026707, 0.001623943015575549, 0.002495535998786952, 0.0030012487706074413, 0.002300655564944881, 0.00399021390790583, 0.002196308978395331, 0.003200544457031023, 0.0024989967653842446, 0.002192101627084785]",0.0007928061195482,5000.0,0.8817460317460318,0.9174603174603176,"[0.9047619047619048, 0.8333333333333335, 0.9523809523809524, 0.9523809523809524, 0.9523809523809524, 0.8333333333333335, 0.9047619047619048, 0.8571428571428572, 0.8571428571428572, 0.9523809523809524, 0.8571428571428572, 0.9047619047619048, 0.8333333333333335, 0.9761904761904763, 0.9047619047619048, 0.8571428571428572, 0.880952380952381, 0.9285714285714287, 0.8333333333333335, 0.9523809523809524, 0.9285714285714287, 0.9761904761904763, 0.9285714285714287, 0.8571428571428572, 0.9761904761904763, 0.9285714285714287, 0.8333333333333335, 0.8333333333333335, 0.9047619047619048, 0.9047619047619048]",68.47735932996342,1.079695930297894,"[0.6666666666666666, 0.6666666666666666, 0.6666666666666666, 0.6666666666666666, 0.6666666666666666, 0.6666666666666666, 0.6666666666666666, 0.6666666666666666, 0.6666666666666666, 0.6666666666666666, 0.6666666666666666, 0.6666666666666666, 0.6666666666666666, 0.6666666666666666, 0.6666666666666666, 0.6666666666666666, 0.6666666666666666, 0.6666666666666666, 0.6666666666666666, 1.0, 0.6666666666666666, 1.0, 0.6666666666666666, 0.6666666666666666, 0.6666666666666666, 0.6666666666666666, 0.6666666666666666, 0.6666666666666666, 0.6666666666666666, 0.6666666666666666]",0.0831479419283098,"[1.0, 0.8, 0.8, 1.0, 1.0, 0.8, 1.0, 0.8, 0.8, 1.0, 0.8, 1.0, 0.8, 1.0, 1.0, 0.8, 0.8, 0.8, 0.8, 0.8, 0.8, 1.0, 1.0, 0.8, 1.0, 1.0, 0.8, 0.8, 1.0, 1.0]",0.0997775303139717,6.48717148976872e-05
california,rf,5000,4,8,b2_stratified,A0,0.0,0.0,5000.0,0.9825396825396824,0.0193754851043391,0.9499999999999996,0.9555555555555556,0.9933333333333334,0.0003573229853592,1.0,"[0.9999999999999998, 0.9285714285714285, 0.9999999999999998, 0.9999999999999998, 0.9285714285714285, 0.8571428571428571, 0.9999999999999998, 0.9285714285714285, 0.9285714285714285, 0.9285714285714285, 0.8571428571428571, 0.9285714285714285, 0.8571428571428571, 0.9999999999999998, 0.9999999999999998, 0.9285714285714285, 0.9999999999999998, 0.8571428571428571, 0.9285714285714285, 0.9999999999999998, 0.9999999999999998, 0.8571428571428571, 0.9999999999999998, 0.9999999999999998, 0.9285714285714285, 0.9999999999999998, 0.9999999999999998, 0.9285714285714285, 0.9285714285714285, 0.9999999999999998]",0.0526508199702284,0.0002623318876632,0.000464313977937,4.466537316991016e-05,3.510115023500574e-05,"[0.0002038273086911714, 0.00014998857770519828, 0.00021019966673260204, 0.00015847377520948982, 0.0003373170737070507, 0.0008486040533586042, 0.00025192143561502756, 0.00013302982732013084, 0.000403094742265877, 0.0004460344802208292, 0.0006440290376286498, 0.0005580058460157061, 0.0007939959946529974, 0.00015042197947144362, 7.974860640221849e-05, 0.0006549503959791087, 0.00010853752819010305, 0.0010375564959052921, 0.00022744988707698648, 0.0002912366909015989, 2.77405182660809e-05, 0.00019056145943425183, 0.00016699033943803454, 8.274116830151583e-05, 0.0010686670700069572, 0.00017652152865723866, 0.00012094748777977628, 0.00033833912142446407, 0.00038507192136364614, 0.0004736855430563859]",0.00028080920188,5000.0,0.9746031746031748,0.9888888888888888,"[1.0, 0.9761904761904763, 1.0, 1.0, 0.9761904761904763, 0.9523809523809524, 1.0, 0.9761904761904763, 0.9761904761904763, 0.9761904761904763, 0.9523809523809524, 0.9761904761904763, 0.9285714285714287, 1.0, 1.0, 0.9761904761904763, 1.0, 0.9523809523809524, 0.9761904761904763, 1.0, 1.0, 0.9523809523809524, 1.0, 1.0, 0.9761904761904763, 1.0, 1.0, 0.9761904761904763, 0.9761904761904763, 1.0]",69.40434012333863,1.3298377593140402,"[1.0, 1.0, 1.0, 1.0, 1.0, 0.6666666666666666, 1.0, 1.0, 1.0, 1.0, 0.6666666666666666, 1.0, 1.0, 1.0, 1.0, 1.0, 1.0, 0.6666666666666666, 1.0, 1.0, 1.0, 1.0, 1.0, 1.0, 1.0, 1.0, 1.0, 0.6666666666666666, 1.0, 1.0]",0.1133115447465063,"[1.0, 1.0, 1.0, 1.0, 1.0, 1.0, 1.0, 1.0, 1.0, 1.0, 1.0, 1.0, 0.8, 1.0, 1.0, 1.0, 1.0, 1.0, 1.0, 1.0, 1.0, 1.0, 1.0, 1.0, 1.0, 1.0, 1.0, 1.0, 1.0, 1.0]",0.03590109871423,4.217244723225988e-05
california,rf,5000,4,8,b3_is,A0,0.0,0.0,5000.0,0.9817460317460316,0.0181154162071639,0.9476190476190474,1.0,0.9933333333333334,0.0004572435044823,1.279636416399508,"[0.8571428571428571, 0.9999999999999998, 0.9285714285714285, 0.9999999999999998, 0.9285714285714285, 0.9999999999999998, 0.9999999999999998, 0.9285714285714285, 0.9999999999999998, 0.9285714285714285, 0.9999999999999998, 0.9285714285714285, 0.9285714285714285, 0.9285714285714285, 0.9999999999999998, 0.8571428571428571, 0.9285714285714285, 0.9999999999999998, 0.9999999999999998, 0.9999999999999998, 0.9285714285714285, 0.8571428571428571, 0.9999999999999998, 0.9285714285714285, 0.9285714285714285, 0.9285714285714285, 0.9999999999999998, 0.9285714285714285, 0.9285714285714285, 0.8571428571428571]",0.0485620906056454,0.000347371220057,0.0005924483734613,5.715543806029056e-05,4.323438295866268e-05,"[0.001770665751548001, 0.0003305335133968731, 0.0003437776480486569, 0.0004470209914536045, 0.0009041340436386902, 0.0006586257719696639, 0.0006348142623476786, 0.0004421829647535149, 8.44859680914782e-05, 0.00015250610032791842, 0.00014020693718276285, 0.00022376674680481317, 0.0006995201925181746, 0.0005711048946037617, 0.0003857001150348841, 0.0006354830441879163, 0.0007742948382614475, 0.00012435636948049164, 0.00017766694426846443, 0.00013017030407697156, 0.0003273253170382985, 0.0002984909143574859, 0.00013660714916514266, 0.0002863709496328222, 0.0003399647681661297, 0.0004030758615572971, 0.00019640186333922129, 0.0008082253444557972, 0.00031442281007563246, 0.000975402754686138]",0.0003458750636693,5000.0,0.9753968253968252,0.988095238095238,"[0.9523809523809524, 1.0, 0.9761904761904763, 1.0, 0.9761904761904763, 1.0, 1.0, 0.9761904761904763, 1.0, 0.9761904761904763, 1.0, 0.9761904761904763, 0.9761904761904763, 0.9761904761904763, 1.0, 0.9523809523809524, 0.9761904761904763, 1.0, 1.0, 1.0, 0.9761904761904763, 0.9523809523809524, 1.0, 0.9761904761904763, 0.9761904761904763, 0.9761904761904763, 1.0, 0.9761904761904763, 0.9761904761904763, 0.9285714285714287]",70.00387429332672,1.2521598101159754,"[1.0, 1.0, 1.0, 1.0, 1.0, 1.0, 1.0, 1.0, 1.0, 1.0, 1.0, 1.0, 1.0, 1.0, 1.0, 1.0, 1.0, 1.0, 1.0, 1.0, 1.0, 1.0, 1.0, 1.0, 1.0, 1.0, 1.0, 1.0, 1.0, 1.0]",0.0,"[1.0, 1.0, 1.0, 1.0, 1.0, 1.0, 1.0, 1.0, 1.0, 1.0, 1.0, 1.0, 1.0, 1.0, 1.0, 1.0, 1.0, 1.0, 1.0, 1.0, 1.0, 1.0, 1.0, 1.0, 1.0, 1.0, 1.0, 1.0, 1.0, 0.8]",0.03590109871423,3.960773216106898e-05
california,rf,5000,4,8,b4_antithetic,A0,0.0,0.0,5000.0,0.9293650793650794,0.0233958777348947,0.8214285714285714,0.6666666666666669,0.9933333333333334,0.0017672691029583,4.945858999754631,"[0.7857142857142856, 0.8571428571428571, 0.8571428571428571, 0.8571428571428571, 0.8571428571428571, 0.8571428571428571, 0.7857142857142856, 0.7857142857142856, 0.7857142857142856, 0.7857142857142856, 0.7857142857142856, 0.8571428571428571, 0.8571428571428571, 0.7857142857142856, 0.8571428571428571, 0.8571428571428571, 0.8571428571428571, 0.7857142857142856, 0.7857142857142856, 0.7857142857142856, 0.8571428571428571, 0.7857142857142856, 0.7857142857142856, 0.8571428571428571, 0.7857142857142856, 0.8571428571428571, 0.8571428571428571, 0.8571428571428571, 0.7857142857142856, 0.7857142857142856]",0.0357142857142857,0.0016858248974611,0.0018529019795286,0.0002209086378697,2.990909629893879e-05,"[0.0016381256594427942, 0.0016350862711023441, 0.0015703312434223236, 0.0019123318262781852, 0.0016845031256938708, 0.0017297608281616782, 0.002266023093079427, 0.0019180653761461295, 0.00190903761812578, 0.0016349371401267075, 0.00180878476400366, 0.0013610413180428535, 0.0016569869358686522, 0.0018998989214273213, 0.002113602903287851, 0.0014302511275742912, 0.0017702084511887737, 0.001904070701026213, 0.002002101308864599, 0.002292005444833608, 0.0016497448901381208, 0.0016910535157700034, 0.0020865473798054777, 0.0013412065458512548, 0.0016358813207541978, 0.001782214871031117, 0.0013698977648484696, 0.001597796430989195, 0.0018889894842096047, 0.0018375868276572893]",0.0002392727703915,5000.0,0.9214285714285714,0.938095238095238,"[0.9047619047619048, 0.9523809523809524, 0.9523809523809524, 0.9523809523809524, 0.9523809523809524, 0.9523809523809524, 0.9285714285714287, 0.9047619047619048, 0.9047619047619048, 0.9047619047619048, 0.9047619047619048, 0.9523809523809524, 0.9523809523809524, 0.9047619047619048, 0.9523809523809524, 0.9523809523809524, 0.9523809523809524, 0.9047619047619048, 0.9047619047619048, 0.9047619047619048, 0.9523809523809524, 0.9047619047619048, 0.9047619047619048, 0.9523809523809524, 0.9047619047619048, 0.9523809523809524, 0.9523809523809524, 0.9523809523809524, 0.9047619047619048, 0.9047619047619048]",68.44802517332137,1.096915180591807,"[0.6666666666666666, 0.6666666666666666, 0.6666666666666666, 0.6666666666666666, 0.6666666666666666, 0.6666666666666666, 0.6666666666666666, 0.6666666666666666, 0.6666666666666666, 0.6666666666666666, 0.6666666666666666, 0.6666666666666666, 0.6666666666666666, 0.6666666666666666, 0.6666666666666666, 0.6666666666666666, 0.6666666666666666, 0.6666666666666666, 0.6666666666666666, 0.6666666666666666, 0.6666666666666666, 0.6666666666666666, 0.6666666666666666, 0.6666666666666666, 0.6666666666666666, 0.6666666666666666, 0.6666666666666666, 0.6666666666666666, 0.6666666666666666, 0.6666666666666666]",2.220446049250313e-16,"[1.0, 1.0, 1.0, 1.0, 1.0, 1.0, 0.8, 1.0, 1.0, 1.0, 1.0, 1.0, 1.0, 1.0, 1.0, 1.0, 1.0, 1.0, 1.0, 1.0, 1.0, 1.0, 1.0, 1.0, 1.0, 1.0, 1.0, 1.0, 1.0, 1.0]",0.03590109871423,8.479368526857302e-06
california,rf,5000,5,8,abc_shap,A0,0.9922,4961.0,39.0,0.7015873015873016,0.1235242949736109,0.5571428571428572,0.7222222222222224,0.7733333333333335,0.0135536465923707,193.0317903328102,"[0.9285714285714285, 0.4999999999999999, 0.5714285714285714, 0.5714285714285714, 0.42857142857142855, 0.7142857142857142, 0.42857142857142855, 0.4999999999999999, 0.4999999999999999, 0.42857142857142855, 0.3571428571428571, 0.5714285714285714, 0.42857142857142855, 0.4999999999999999, 0.7857142857142856, 0.5714285714285714, 0.7142857142857142, 0.4999999999999999, 0.42857142857142855, 0.6428571428571428, 0.6428571428571428, 0.7857142857142856, 0.42857142857142855, 0.42857142857142855, 0.5714285714285714, 0.42857142857142855, 0.4999999999999999, 0.7142857142857142, 0.5714285714285714, 0.5714285714285714]",0.1322232702563316,0.0109088823198982,0.0163344467863819,0.0016942058240463,0.0009519502027448,"[0.0024706306012997337, 0.011528598107346945, 0.014290634597920652, 0.00729349346084377, 0.013236599363655689, 0.004126317685427807, 0.012480921163751093, 0.007103721222097271, 0.014551976028384556, 0.01894863396549233, 0.023672108296949147, 0.006656989620548603, 0.03438649588658343, 0.024044818970528743, 0.0287222527017922, 0.004733297383603421, 0.004642661118465083, 0.010989288382634677, 0.019545414264772604, 0.003962770186631786, 0.011251858789850975, 0.010577951323920122, 0.012327332601876233, 0.00711470060451411, 0.014001533453517347, 0.012070002446490254, 0.016652107152576777, 0.019065425011947298, 0.012828278151104882, 0.02333258522659561]",0.0076156016219586,4961.0,0.657936507936508,0.748452380952381,"[0.9761904761904763, 0.6666666666666669, 0.7619047619047621, 0.6428571428571429, 0.5476190476190477, 0.880952380952381, 0.5476190476190477, 0.6666666666666669, 0.6666666666666669, 0.6190476190476191, 0.523809523809524, 0.7619047619047621, 0.6190476190476191, 0.7380952380952381, 0.880952380952381, 0.6428571428571429, 0.8571428571428572, 0.7380952380952381, 0.5476190476190477, 0.7619047619047621, 0.7857142857142858, 0.8571428571428572, 0.5476190476190477, 0.5476190476190477, 0.7619047619047621, 0.5952380952380953, 0.5476190476190477, 0.880952380952381, 0.7619047619047621, 0.7142857142857144]",120.39290454336442,10.512928214508957,"[1.0, 0.6666666666666666, 0.6666666666666666, 0.6666666666666666, 0.6666666666666666, 1.0, 0.6666666666666666, 0.6666666666666666, 0.6666666666666666, 0.6666666666666666, 0.6666666666666666, 0.6666666666666666, 0.6666666666666666, 0.6666666666666666, 1.0, 0.6666666666666666, 0.6666666666666666, 0.6666666666666666, 0.6666666666666666, 0.6666666666666666, 0.6666666666666666, 1.0, 0.6666666666666666, 0.6666666666666666, 0.6666666666666666, 0.6666666666666666, 0.6666666666666666, 1.0, 0.6666666666666666, 0.6666666666666666]",0.1242259987499883,"[1.0, 0.8, 0.8, 0.8, 0.6, 1.0, 0.6, 0.8, 0.8, 0.8, 0.6, 0.8, 0.8, 0.8, 0.8, 0.8, 1.0, 0.8, 0.6, 0.8, 0.8, 0.8, 0.6, 0.6, 0.8, 0.8, 0.6, 0.8, 0.8, 0.8]",0.1123486636423514,0.0010067489339663
california,rf,5000,5,8,b1_uniform,A0,0.0,0.0,5000.0,0.946031746031746,0.0161873635352152,0.8476190476190477,0.9666666666666668,1.0,0.0009015697542338,12.840206698884629,"[0.8571428571428571, 0.8571428571428571, 0.8571428571428571, 0.8571428571428571, 0.7857142857142856, 0.7857142857142856, 0.8571428571428571, 0.8571428571428571, 0.8571428571428571, 0.7857142857142856, 0.8571428571428571, 0.8571428571428571, 0.8571428571428571, 0.8571428571428571, 0.8571428571428571, 0.8571428571428571, 0.8571428571428571, 0.8571428571428571, 0.8571428571428571, 0.8571428571428571, 0.7857142857142856, 0.8571428571428571, 0.8571428571428571, 0.8571428571428571, 0.8571428571428571, 0.8571428571428571, 0.8571428571428571, 0.8571428571428571, 0.8571428571428571, 0.8571428571428571]",0.0242810453028228,0.0008320636443809,0.0009712671802184,0.0001126962192792,2.481464963598336e-05,"[0.0010650067830004339, 0.0008858927430682439, 0.001140465315691375, 0.0008014976451158424, 0.0011120242269188427, 0.001349184358052284, 0.001028260640393935, 0.0008380414372748403, 0.0010489046581052897, 0.0007932704668788279, 0.0009384527465178614, 0.0007669807384605467, 0.001057102815813916, 0.0010811895949961084, 0.000745840965938483, 0.0006520015836937627, 0.0007969015992981553, 0.0008996981087273727, 0.0007988766201365481, 0.001220901293258447, 0.0009080669438595995, 0.0012119156229990005, 0.000847650745637669, 0.0005006251223488747, 0.0008585367222904513, 0.0006969978042521812, 0.0005187112129594435, 0.00093523301144158, 0.0006735583684173693, 0.000875302731468559]",0.0001985171970878,5000.0,0.9396825396825398,0.9507936507936507,"[0.9523809523809524, 0.9523809523809524, 0.9523809523809524, 0.9523809523809524, 0.9047619047619048, 0.9047619047619048, 0.9523809523809524, 0.9523809523809524, 0.9523809523809524, 0.9047619047619048, 0.9523809523809524, 0.9523809523809524, 0.9523809523809524, 0.9523809523809524, 0.9523809523809524, 0.9523809523809524, 0.9523809523809524, 0.9523809523809524, 0.9523809523809524, 0.9523809523809524, 0.9047619047619048, 0.9523809523809524, 0.9523809523809524, 0.9523809523809524, 0.9523809523809524, 0.9523809523809524, 0.9523809523809524, 0.9523809523809524, 0.9523809523809524, 0.9523809523809524]",52.69633143997441,3.885497874850806,"[1.0, 1.0, 1.0, 1.0, 0.6666666666666666, 0.6666666666666666, 1.0, 1.0, 1.0, 1.0, 1.0, 1.0, 1.0, 1.0, 1.0, 1.0, 1.0, 1.0, 1.0, 1.0, 0.6666666666666666, 1.0, 1.0, 1.0, 1.0, 1.0, 1.0, 1.0, 1.0, 1.0]",0.1,"[1.0, 1.0, 1.0, 1.0, 1.0, 1.0, 1.0, 1.0, 1.0, 1.0, 1.0, 1.0, 1.0, 1.0, 1.0, 1.0, 1.0, 1.0, 1.0, 1.0, 1.0, 1.0, 1.0, 1.0, 1.0, 1.0, 1.0, 1.0, 1.0, 1.0]",0.0,9.879677314261316e-06
california,rf,5000,5,8,b2_stratified,A0,0.0,0.0,5000.0,0.9936507936507936,0.0136544845508612,0.9809523809523808,1.0,1.0,7.021458262912363e-05,1.0,"[0.9999999999999998, 0.9999999999999998, 0.9999999999999998, 0.8571428571428571, 0.9999999999999998, 0.9285714285714285, 0.9999999999999998, 0.9999999999999998, 0.9999999999999998, 0.9999999999999998, 0.8571428571428571, 0.9285714285714285, 0.9999999999999998, 0.9285714285714285, 0.9999999999999998, 0.9999999999999998, 0.9999999999999998, 0.9999999999999998, 0.9999999999999998, 0.9999999999999998, 0.9999999999999998, 0.9999999999999998, 0.9999999999999998, 0.9999999999999998, 0.9999999999999998, 0.9285714285714285, 0.9999999999999998, 0.9999999999999998, 0.9999999999999998, 0.9999999999999998]",0.0409634536525838,5.624100387852514e-05,8.579576977254033e-05,8.776822828640454e-06,5.026383955463262e-06,"[0.0001386885180309397, 3.198796405955835e-05, 9.311352882132365e-05, 0.0001207277922262645, 4.431767070119185e-05, 0.00010875284488482466, 2.9230882633878728e-05, 8.048995527083702e-05, 9.439348508830606e-05, 2.2702921103639404e-05, 0.00011830764437807717, 5.3737612751128765e-05, 3.8280550315181784e-05, 7.590649403574345e-05, 0.00017247022552838097, 0.00010229608285064461, 5.070578063283482e-05, 3.3806931804606586e-05, 4.7559136568401515e-05, 0.00013455789879548072, 3.74712693489759e-05, 2.9549096345083605e-05, 4.27535114222735e-05, 3.4335623525342675e-05, 6.867041311443337e-05, 6.769499616588651e-05, 0.00011610835062389013, 2.9627687166870358e-05, 6.779893837739027e-05, 2.039367230231883e-05]",4.0211071643706096e-05,5000.0,0.9888690476190476,0.9984126984126984,"[1.0, 1.0, 1.0, 0.9523809523809524, 1.0, 0.9761904761904763, 1.0, 1.0, 1.0, 1.0, 0.9523809523809524, 0.9761904761904763, 1.0, 0.9761904761904763, 1.0, 1.0, 1.0, 1.0, 1.0, 1.0, 1.0, 1.0, 1.0, 1.0, 1.0, 0.9761904761904763, 1.0, 1.0, 1.0, 1.0]",53.84026568667032,4.063044084778138,"[1.0, 1.0, 1.0, 1.0, 1.0, 1.0, 1.0, 1.0, 1.0, 1.0, 1.0, 1.0, 1.0, 1.0, 1.0, 1.0, 1.0, 1.0, 1.0, 1.0, 1.0, 1.0, 1.0, 1.0, 1.0, 1.0, 1.0, 1.0, 1.0, 1.0]",0.0,"[1.0, 1.0, 1.0, 1.0, 1.0, 1.0, 1.0, 1.0, 1.0, 1.0, 1.0, 1.0, 1.0, 1.0, 1.0, 1.0, 1.0, 1.0, 1.0, 1.0, 1.0, 1.0, 1.0, 1.0, 1.0, 1.0, 1.0, 1.0, 1.0, 1.0]",0.0,7.85827510860035e-06
california,rf,5000,5,8,b3_is,A0,0.0,0.0,5000.0,0.996031746031746,0.0088732856249991,0.9880952380952378,1.0,1.0,0.0001659434033989,2.363375201921352,"[0.9999999999999998, 0.9999999999999998, 0.9285714285714285, 0.9999999999999998, 0.9999999999999998, 0.9999999999999998, 0.9999999999999998, 0.9999999999999998, 0.9285714285714285, 0.9285714285714285, 0.9999999999999998, 0.9999999999999998, 0.9999999999999998, 0.9999999999999998, 0.9999999999999998, 0.9285714285714285, 0.9999999999999998, 0.9999999999999998, 0.9999999999999998, 0.9999999999999998, 0.9999999999999998, 0.9999999999999998, 0.9999999999999998, 0.9999999999999998, 0.9999999999999998, 0.9999999999999998, 0.9999999999999998, 0.9999999999999998, 0.9285714285714285, 0.9999999999999998]",0.0266198568749974,0.0001328657353298,0.0002044720222529,2.0742925424866067e-05,1.2232313764075849e-05,"[8.590203573174291e-05, 0.00012394555110912208, 0.00030682145457962, 0.0001549402819202891, 0.00010963469294407799, 0.00014156268419726937, 0.000207395960436647, 0.00010487609031353938, 0.00037992872624206944, 0.0003835040337104332, 7.890885081550871e-05, 0.000194508910318695, 0.00029741536626517995, 0.00011670718754694242, 7.329653097339408e-05, 0.0002060229917485895, 0.00021406104231311128, 9.437562484914996e-05, 6.704463466248078e-05, 0.00017756039628328375, 0.00011865916001924592, 0.00011927030461547786, 0.00012992297207415894, 6.333999194217358e-05, 7.191523802556506e-05, 0.0003800398306433664, 0.00022698444116527104, 3.2158890297306295e-05, 0.00022409992388049417, 9.349830234365103e-05]",9.78585101126068e-05,5000.0,0.9928571428571428,0.9992063492063492,"[1.0, 1.0, 0.9761904761904763, 1.0, 1.0, 1.0, 1.0, 1.0, 0.9761904761904763, 0.9761904761904763, 1.0, 1.0, 1.0, 1.0, 1.0, 0.9761904761904763, 1.0, 1.0, 1.0, 1.0, 1.0, 1.0, 1.0, 1.0, 1.0, 1.0, 1.0, 1.0, 0.9761904761904763, 1.0]",55.4425896600044,6.289994501420983,"[1.0, 1.0, 1.0, 1.0, 1.0, 1.0, 1.0, 1.0, 1.0, 1.0, 1.0, 1.0, 1.0, 1.0, 1.0, 1.0, 1.0, 1.0, 1.0, 1.0, 1.0, 1.0, 1.0, 1.0, 1.0, 1.0, 1.0, 1.0, 1.0, 1.0]",0.0,"[1.0, 1.0, 1.0, 1.0, 1.0, 1.0, 1.0, 1.0, 1.0, 1.0, 1.0, 1.0, 1.0, 1.0, 1.0, 1.0, 1.0, 1.0, 1.0, 1.0, 1.0, 1.0, 1.0, 1.0, 1.0, 1.0, 1.0, 1.0, 1.0, 1.0]",0.0,9.349606013384882e-06
california,rf,5000,5,8,b4_antithetic,A0,0.0,0.0,5000.0,0.9507936507936507,0.0085478806462452,0.8547619047619048,0.9888888888888888,1.0,0.0008732941093787,12.437503388599106,"[0.8571428571428571, 0.8571428571428571, 0.8571428571428571, 0.8571428571428571, 0.8571428571428571, 0.8571428571428571, 0.8571428571428571, 0.8571428571428571, 0.8571428571428571, 0.8571428571428571, 0.8571428571428571, 0.7857142857142856, 0.8571428571428571, 0.8571428571428571, 0.8571428571428571, 0.8571428571428571, 0.8571428571428571, 0.8571428571428571, 0.8571428571428571, 0.8571428571428571, 0.8571428571428571, 0.8571428571428571, 0.8571428571428571, 0.8571428571428571, 0.8571428571428571, 0.8571428571428571, 0.8571428571428571, 0.8571428571428571, 0.8571428571428571, 0.8571428571428571]",0.0128218209693678,0.0008338510276583,0.0009118818277918,0.0001091617636723,1.386784232987022e-05,"[0.0008554029024434375, 0.0008171708002881804, 0.0008842165635569998, 0.0009051723929211028, 0.0007081571539612208, 0.001158754896431687, 0.0007471134620387682, 0.0009932463324831343, 0.0008100088924227337, 0.001027930165767639, 0.001048593846980941, 0.0009601320968314887, 0.0007996928569807423, 0.0008159772558598482, 0.0008052293961275464, 0.0008145577445564313, 0.000879373200073551, 0.0008910853422827564, 0.0008289181730907299, 0.0009041372402847373, 0.00105581689835429, 0.0007330557951223316, 0.0009324555313672761, 0.0008897787963921403, 0.0007630444126125625, 0.0007842817699538913, 0.0009725017148781531, 0.0007693473758235745, 0.000957026363665605, 0.0006866439078104105]",0.0001109427386389,5000.0,0.9476190476190476,0.9523809523809524,"[0.9523809523809524, 0.9523809523809524, 0.9523809523809524, 0.9523809523809524, 0.9523809523809524, 0.9523809523809524, 0.9523809523809524, 0.9523809523809524, 0.9523809523809524, 0.9523809523809524, 0.9523809523809524, 0.9047619047619048, 0.9523809523809524, 0.9523809523809524, 0.9523809523809524, 0.9523809523809524, 0.9523809523809524, 0.9523809523809524, 0.9523809523809524, 0.9523809523809524, 0.9523809523809524, 0.9523809523809524, 0.9523809523809524, 0.9523809523809524, 0.9523809523809524, 0.9523809523809524, 0.9523809523809524, 0.9523809523809524, 0.9523809523809524, 0.9523809523809524]",54.34467215669186,6.307199023687483,"[1.0, 1.0, 1.0, 1.0, 1.0, 1.0, 1.0, 1.0, 1.0, 1.0, 1.0, 0.6666666666666666, 1.0, 1.0, 1.0, 1.0, 1.0, 1.0, 1.0, 1.0, 1.0, 1.0, 1.0, 1.0, 1.0, 1.0, 1.0, 1.0, 1.0, 1.0]",0.0598351645237167,"[1.0, 1.0, 1.0, 1.0, 1.0, 1.0, 1.0, 1.0, 1.0, 1.0, 1.0, 1.0, 1.0, 1.0, 1.0, 1.0, 1.0, 1.0, 1.0, 1.0, 1.0, 1.0, 1.0, 1.0, 1.0, 1.0, 1.0, 1.0, 1.0, 1.0]",0.0,2.1857587170062502e-06
california,rf,5000,6,8,abc_shap,A0,0.9922,4961.0,39.0,0.8380952380952382,0.1227057021592868,0.7238095238095237,0.8555555555555556,0.8866666666666668,0.1194770137033128,247.86107877834507,"[0.4999999999999999, 0.9285714285714285, 0.7857142857142856, 0.7857142857142856, 0.7142857142857142, 0.6428571428571428, 0.8571428571428571, 0.6428571428571428, 0.9999999999999998, 0.7857142857142856, 0.7857142857142856, 0.7142857142857142, 0.5714285714285714, 0.6428571428571428, 0.42857142857142855, 0.6428571428571428, 0.7142857142857142, 0.7142857142857142, 0.7857142857142856, 0.8571428571428571, 0.8571428571428571, 0.6428571428571428, 0.6428571428571428, 0.8571428571428571, 0.5714285714285714, 0.6428571428571428, 0.5714285714285714, 0.7857142857142856, 0.7142857142857142, 0.9285714285714285]",0.1300619074642634,0.0865500554091876,0.1591837673736346,0.0149346267129141,0.0126654668116136,"[0.49263067231238733, 0.0472653654404348, 0.1159578388023075, 0.010592656922851697, 0.05363677417182909, 0.11839975774911327, 0.22278081382783113, 0.019571413324062245, 0.09404297773616266, 0.18521915197343358, 0.06104607042694479, 0.006716004412380932, 0.26520010449691356, 0.13298505268710228, 0.29905227379335286, 0.050294110470276786, 0.04422101186673437, 0.19213126641186598, 0.1392123285995471, 0.052849444972050935, 0.06001239496197168, 0.17518149993381457, 0.0580824887432493, 0.13104561359727326, 0.04148826683569665, 0.05477832246245421, 0.0740393183008738, 0.05720128109698559, 0.14728931972704695, 0.18138681504243753]",0.1013237344929089,4961.0,0.7872817460317462,0.8769841269841269,"[0.5476190476190477, 0.9761904761904763, 0.9047619047619048, 0.9047619047619048, 0.8571428571428572, 0.8333333333333335, 0.9523809523809524, 0.8095238095238096, 1.0, 0.880952380952381, 0.9047619047619048, 0.8333333333333335, 0.6904761904761906, 0.7857142857142858, 0.4285714285714286, 0.7857142857142858, 0.8571428571428572, 0.8571428571428572, 0.9047619047619048, 0.9523809523809524, 0.9523809523809524, 0.8333333333333335, 0.7619047619047621, 0.9285714285714287, 0.7619047619047621, 0.8095238095238096, 0.6904761904761906, 0.9047619047619048, 0.8571428571428572, 0.9761904761904763]",108.6341556633124,2.20071194009331,"[0.6666666666666666, 1.0, 0.6666666666666666, 1.0, 1.0, 0.6666666666666666, 0.6666666666666666, 0.6666666666666666, 1.0, 1.0, 1.0, 1.0, 0.6666666666666666, 1.0, 0.6666666666666666, 0.6666666666666666, 0.6666666666666666, 1.0, 1.0, 0.6666666666666666, 1.0, 1.0, 1.0, 1.0, 1.0, 0.6666666666666666, 0.6666666666666666, 1.0, 0.6666666666666666, 1.0]",0.1651785416368723,"[0.8, 1.0, 0.8, 0.8, 0.8, 1.0, 1.0, 0.8, 1.0, 0.8, 1.0, 0.8, 0.8, 0.8, 0.8, 0.8, 1.0, 0.8, 1.0, 1.0, 0.8, 1.0, 0.8, 1.0, 0.8, 0.8, 0.8, 1.0, 1.0, 1.0]",0.0991071249821233,0.0139043095983026
california,rf,5000,6,8,b1_uniform,A0,0.0,0.0,5000.0,0.9793650793650792,0.0133748409098037,0.94047619047619,1.0,1.0,0.0008940148485833,1.8546788034389643,"[0.9999999999999998, 0.9285714285714285, 0.9285714285714285, 0.9285714285714285, 0.9285714285714285, 0.8571428571428571, 0.9285714285714285, 0.9285714285714285, 0.9285714285714285, 0.9999999999999998, 0.9285714285714285, 0.9999999999999998, 0.9285714285714285, 0.9285714285714285, 0.9285714285714285, 0.9285714285714285, 0.9285714285714285, 0.9285714285714285, 0.9999999999999998, 0.9285714285714285, 0.9285714285714285, 0.9285714285714285, 0.9999999999999998, 0.9285714285714285, 0.9285714285714285, 0.9285714285714285, 0.9999999999999998, 0.9285714285714285, 0.9285714285714285, 0.9285714285714285]",0.0323844535922271,0.0007699967561528,0.0010341640470422,0.0001117518560729,4.500507633896805e-05,"[0.0005301379973921943, 0.0007876454012213053, 0.0003543060446238048, 0.0008456661446392179, 0.0013250720005094315, 0.0007916835178136389, 0.0012152758463657028, 0.0007332763098955225, 0.0009664782454354581, 0.0011335063358576395, 0.0008037233679216004, 0.000907996862222773, 0.0016942420606958124, 0.0015096375539110371, 0.0005384689427296878, 0.0013568142516903207, 0.0009191122490510542, 0.0014523054122544626, 0.0013630521330998788, 0.0003918834934704208, 0.00038639477419211274, 0.0013213018279506642, 0.0005706333285239701, 0.0005275372247581007, 0.0007447589330955153, 0.0009293492154286113, 0.0006189567400104383, 0.0005850519432842872, 0.0007659273389553278, 0.0007502499604996738]",0.0003600406107117,5000.0,0.9745833333333332,0.984126984126984,"[1.0, 0.9761904761904763, 0.9761904761904763, 0.9761904761904763, 0.9761904761904763, 0.9285714285714287, 0.9761904761904763, 0.9761904761904763, 0.9761904761904763, 1.0, 0.9761904761904763, 1.0, 0.9761904761904763, 0.9761904761904763, 0.9761904761904763, 0.9761904761904763, 0.9761904761904763, 0.9761904761904763, 1.0, 0.9761904761904763, 0.9761904761904763, 0.9761904761904763, 1.0, 0.9761904761904763, 0.9761904761904763, 0.9761904761904763, 1.0, 0.9761904761904763, 0.9761904761904763, 0.9761904761904763]",49.08128835333046,1.168334898642564,"[1.0, 1.0, 1.0, 1.0, 1.0, 1.0, 1.0, 1.0, 1.0, 1.0, 1.0, 1.0, 1.0, 1.0, 1.0, 1.0, 1.0, 1.0, 1.0, 1.0, 1.0, 1.0, 1.0, 1.0, 1.0, 1.0, 1.0, 1.0, 1.0, 1.0]",0.0,"[1.0, 1.0, 1.0, 1.0, 1.0, 1.0, 1.0, 1.0, 1.0, 1.0, 1.0, 1.0, 1.0, 1.0, 1.0, 1.0, 1.0, 1.0, 1.0, 1.0, 1.0, 1.0, 1.0, 1.0, 1.0, 1.0, 1.0, 1.0, 1.0, 1.0]",0.0,6.301420956385557e-05
california,rf,5000,6,8,b2_stratified,A0,0.0,0.0,5000.0,0.9658730158730158,0.0258515832934957,0.9166666666666664,1.0,1.0,0.0004820321701664,1.0,"[0.9999999999999998, 0.9285714285714285, 0.9285714285714285, 0.9285714285714285, 0.8571428571428571, 0.7857142857142856, 0.9285714285714285, 0.8571428571428571, 0.9285714285714285, 0.8571428571428571, 0.9285714285714285, 0.9285714285714285, 0.9285714285714285, 0.9285714285714285, 0.9285714285714285, 0.8571428571428571, 0.9285714285714285, 0.9999999999999998, 0.9285714285714285, 0.9285714285714285, 0.9285714285714285, 0.8571428571428571, 0.9999999999999998, 0.9285714285714285, 0.8571428571428571, 0.8571428571428571, 0.9285714285714285, 0.9999999999999998, 0.9285714285714285, 0.9285714285714285]",0.0490845907811625,0.0003679335237236,0.0006233944618583,6.0254021270801096e-05,4.3827310727056206e-05,"[0.0009622500205643998, 0.0011775513106475862, 0.0004441493508806166, 0.0004028995842144827, 0.00010963705484596877, 4.525558926822524e-05, 0.000494081885331245, 0.00022981069304445613, 0.0009622072922307605, 0.0006449488050108257, 8.80344988326124e-05, 4.5642351360703425e-05, 0.0007618982773595377, 0.0007677724998767248, 5.34951993516201e-05, 0.0005775617882048959, 0.0006063495448440588, 0.0002402764713387977, 0.0013512131636236903, 0.0004784201744150469, 0.0008382609153124107, 0.00018259641554536554, 0.00010402660685846323, 9.269302022874078e-05, 0.0004208177313904544, 0.0001709255889960741, 0.0005986859211908227, 0.000800342993774524, 0.0005616247306004256, 0.00024753562584872756]",0.0003506184858164,5000.0,0.9571230158730156,0.9746031746031744,"[1.0, 0.9761904761904763, 0.9761904761904763, 0.9761904761904763, 0.9285714285714287, 0.9047619047619048, 0.9761904761904763, 0.9285714285714287, 0.9761904761904763, 0.9285714285714287, 0.9761904761904763, 0.9761904761904763, 0.9761904761904763, 0.9761904761904763, 0.9761904761904763, 0.9285714285714287, 0.9761904761904763, 1.0, 0.9761904761904763, 0.9761904761904763, 0.9761904761904763, 0.9285714285714287, 1.0, 0.9761904761904763, 0.9285714285714287, 0.9285714285714287, 0.9761904761904763, 1.0, 0.9761904761904763, 0.9761904761904763]",49.274413453329664,0.3551974370490995,"[1.0, 1.0, 1.0, 1.0, 1.0, 1.0, 1.0, 1.0, 1.0, 1.0, 1.0, 1.0, 1.0, 1.0, 1.0, 1.0, 1.0, 1.0, 1.0, 1.0, 1.0, 1.0, 1.0, 1.0, 1.0, 1.0, 1.0, 1.0, 1.0, 1.0]",0.0,"[1.0, 1.0, 1.0, 1.0, 1.0, 1.0, 1.0, 1.0, 1.0, 1.0, 1.0, 1.0, 1.0, 1.0, 1.0, 1.0, 1.0, 1.0, 1.0, 1.0, 1.0, 1.0, 1.0, 1.0, 1.0, 1.0, 1.0, 1.0, 1.0, 1.0]",0.0,5.566451560790811e-05
california,rf,5000,6,8,b3_is,A0,0.0,0.0,5000.0,0.9412698412698411,0.0235969345195531,0.8738095238095237,1.0,1.0,0.0006395725638017,1.32682547635976,"[0.8571428571428571, 0.7857142857142856, 0.9285714285714285, 0.9285714285714285, 0.9285714285714285, 0.9285714285714285, 0.8571428571428571, 0.8571428571428571, 0.7857142857142856, 0.8571428571428571, 0.8571428571428571, 0.8571428571428571, 0.8571428571428571, 0.8571428571428571, 0.8571428571428571, 0.8571428571428571, 0.8571428571428571, 0.8571428571428571, 0.8571428571428571, 0.9285714285714285, 0.8571428571428571, 0.9285714285714285, 0.8571428571428571, 0.9285714285714285, 0.8571428571428571, 0.9285714285714285, 0.8571428571428571, 0.8571428571428571, 0.9285714285714285, 0.8571428571428571]",0.03991203479581,0.0004342746484633,0.0008815133997735,7.994657047522177e-05,7.761739583625909e-05,"[0.0009154666456272195, 0.0003000321618366825, 0.00291225817414948, 0.0013261216886473802, 0.0007190892430705383, 0.0003654862008936371, 0.0003304304208218541, 0.0002382473457692151, 7.911598867243346e-05, 5.52986712408374e-05, 0.0001529339700923778, 0.0009623544889233377, 0.00023809085862261256, 0.0009569933623513082, 0.001805931964816688, 0.0008433241348994675, 0.0004868428577631222, 0.0008633204052556862, 0.00013189792415455563, 0.0001950290425513666, 0.0003631280330265309, 9.269967073124817e-05, 0.00015674237101955796, 0.00030379764539270897, 0.0004377562147303642, 0.0002627421300817333, 0.00016504131380878714, 0.00114464969577144, 0.0015221106440332333, 0.000860243645297819]",0.00062093916669,5000.0,0.9333333333333332,0.95,"[0.9285714285714287, 0.9047619047619048, 0.9761904761904763, 0.9761904761904763, 0.9761904761904763, 0.9761904761904763, 0.9285714285714287, 0.9285714285714287, 0.9047619047619048, 0.9285714285714287, 0.9285714285714287, 0.9285714285714287, 0.9285714285714287, 0.9285714285714287, 0.9285714285714287, 0.9285714285714287, 0.9285714285714287, 0.9285714285714287, 0.9285714285714287, 0.9761904761904763, 0.9285714285714287, 0.9761904761904763, 0.9285714285714287, 0.9761904761904763, 0.9285714285714287, 0.9761904761904763, 0.9285714285714287, 0.9285714285714287, 0.9761904761904763, 0.9285714285714287]",49.7885605733376,0.5148376836251225,"[1.0, 1.0, 1.0, 1.0, 1.0, 1.0, 1.0, 1.0, 1.0, 1.0, 1.0, 1.0, 1.0, 1.0, 1.0, 1.0, 1.0, 1.0, 1.0, 1.0, 1.0, 1.0, 1.0, 1.0, 1.0, 1.0, 1.0, 1.0, 1.0, 1.0]",0.0,"[1.0, 1.0, 1.0, 1.0, 1.0, 1.0, 1.0, 1.0, 1.0, 1.0, 1.0, 1.0, 1.0, 1.0, 1.0, 1.0, 1.0, 1.0, 1.0, 1.0, 1.0, 1.0, 1.0, 1.0, 1.0, 1.0, 1.0, 1.0, 1.0, 1.0]",0.0,6.591631238379e-05
california,rf,5000,6,8,b4_antithetic,A0,0.0,0.0,5000.0,0.976190476190476,3.3306690738754696e-16,0.9285714285714284,1.0,1.0,0.000409686379485,0.849915015720996,"[0.9285714285714285, 0.9285714285714285, 0.9285714285714285, 0.9285714285714285, 0.9285714285714285, 0.9285714285714285, 0.9285714285714285, 0.9285714285714285, 0.9285714285714285, 0.9285714285714285, 0.9285714285714285, 0.9285714285714285, 0.9285714285714285, 0.9285714285714285, 0.9285714285714285, 0.9285714285714285, 0.9285714285714285, 0.9285714285714285, 0.9285714285714285, 0.9285714285714285, 0.9285714285714285, 0.9285714285714285, 0.9285714285714285, 0.9285714285714285, 0.9285714285714285, 0.9285714285714285, 0.9285714285714285, 0.9285714285714285, 0.9285714285714285, 0.9285714285714285]",2.220446049250313e-16,0.0003937727746479,0.0004246466568053,5.1210797435626144e-05,5.774930205965596e-06,"[0.00040421589711779176, 0.0004713615201167884, 0.00038436754756637623, 0.00041171247947341047, 0.00039775770365824283, 0.0003389147026750546, 0.0004261842509847782, 0.0004666471699197912, 0.0003930141948161594, 0.00046043222769428827, 0.0004341169185810607, 0.00033538355150507715, 0.0004344535670951646, 0.00034623681285708447, 0.0004102620092393085, 0.00040842573970516465, 0.0003728830970253085, 0.0004031462312620322, 0.0004684408850436363, 0.0004108924160081844, 0.0005166238512702331, 0.00032432491141158273, 0.0003937742911872795, 0.0004439015481140503, 0.00033521412662232685, 0.0003687898319463719, 0.00042775514096567407, 0.0004359544121928437, 0.0003940912335940218, 0.00047131311490118964]",4.619944164772477e-05,5000.0,0.976190476190476,0.976190476190476,"[0.9761904761904763, 0.9761904761904763, 0.9761904761904763, 0.9761904761904763, 0.9761904761904763, 0.9761904761904763, 0.9761904761904763, 0.9761904761904763, 0.9761904761904763, 0.9761904761904763, 0.9761904761904763, 0.9761904761904763, 0.9761904761904763, 0.9761904761904763, 0.9761904761904763, 0.9761904761904763, 0.9761904761904763, 0.9761904761904763, 0.9761904761904763, 0.9761904761904763, 0.9761904761904763, 0.9761904761904763, 0.9761904761904763, 0.9761904761904763, 0.9761904761904763, 0.9761904761904763, 0.9761904761904763, 0.9761904761904763, 0.9761904761904763, 0.9761904761904763]",48.91776501668307,1.8203203391294245,"[1.0, 1.0, 1.0, 1.0, 1.0, 1.0, 1.0, 1.0, 1.0, 1.0, 1.0, 1.0, 1.0, 1.0, 1.0, 1.0, 1.0, 1.0, 1.0, 1.0, 1.0, 1.0, 1.0, 1.0, 1.0, 1.0, 1.0, 1.0, 1.0, 1.0]",0.0,"[1.0, 1.0, 1.0, 1.0, 1.0, 1.0, 1.0, 1.0, 1.0, 1.0, 1.0, 1.0, 1.0, 1.0, 1.0, 1.0, 1.0, 1.0, 1.0, 1.0, 1.0, 1.0, 1.0, 1.0, 1.0, 1.0, 1.0, 1.0, 1.0, 1.0]",0.0,8.88656566283113e-07
california,rf,5000,7,8,abc_shap,A0,0.9922,4961.0,39.0,0.95,0.0333049766005671,0.8785714285714283,1.0,1.0,0.0089112655132177,187.11818808899972,"[0.9285714285714285, 0.7857142857142856, 0.8571428571428571, 0.7857142857142856, 0.9285714285714285, 0.7857142857142856, 0.8571428571428571, 0.8571428571428571, 0.9285714285714285, 0.7857142857142856, 0.7857142857142856, 0.7857142857142856, 0.9285714285714285, 0.9285714285714285, 0.9999999999999998, 0.7857142857142856, 0.8571428571428571, 0.9999999999999998, 0.9999999999999998, 0.9285714285714285, 0.7857142857142856, 0.8571428571428571, 0.8571428571428571, 0.8571428571428571, 0.9999999999999998, 0.8571428571428571, 0.8571428571428571, 0.9285714285714285, 0.9285714285714285, 0.9285714285714285]",0.0717848258651492,0.0071119202002747,0.0108619855854367,0.0011139081891522,0.0006434525257165,"[0.0066190958969455475, 0.0053412945599134514, 0.008270990211662811, 0.013552887374710745, 0.009560711021757469, 0.0050504860065509255, 0.014278779943983534, 0.008415233228824254, 0.0042387891733235115, 0.010189660419027077, 0.011871452965230568, 0.017906717752447, 0.013216852638824978, 0.0030713337519852036, 0.0025092100085118653, 0.005873354949803338, 0.0056132231399007694, 0.01173168904378129, 0.003867400528292826, 0.008381223633534433, 0.00888064016486977, 0.015093564848750914, 0.006543544236572977, 0.02481791281725813, 0.002193861410205373, 0.0036121137331104336, 0.016126891665424657, 0.00982983756398656, 0.004454233350184751, 0.006224979357158506]",0.0051476202057327,4961.0,0.938095238095238,0.961904761904762,"[0.9761904761904763, 0.9047619047619048, 0.9285714285714287, 0.9047619047619048, 0.9761904761904763, 0.9047619047619048, 0.9285714285714287, 0.9523809523809524, 0.9761904761904763, 0.9047619047619048, 0.9285714285714287, 0.9047619047619048, 0.9761904761904763, 0.9761904761904763, 1.0, 0.9047619047619048, 0.9285714285714287, 1.0, 1.0, 0.9761904761904763, 0.9047619047619048, 0.9285714285714287, 0.9285714285714287, 0.9523809523809524, 1.0, 0.9523809523809524, 0.9523809523809524, 0.9761904761904763, 0.9761904761904763, 0.9761904761904763]",112.15518331331356,1.8728811151324385,"[1.0, 1.0, 1.0, 1.0, 1.0, 1.0, 1.0, 1.0, 1.0, 1.0, 1.0, 1.0, 1.0, 1.0, 1.0, 1.0, 1.0, 1.0, 1.0, 1.0, 1.0, 1.0, 1.0, 1.0, 1.0, 1.0, 1.0, 1.0, 1.0, 1.0]",0.0,"[1.0, 1.0, 1.0, 1.0, 1.0, 1.0, 1.0, 1.0, 1.0, 1.0, 1.0, 1.0, 1.0, 1.0, 1.0, 1.0, 1.0, 1.0, 1.0, 1.0, 1.0, 1.0, 1.0, 1.0, 1.0, 1.0, 1.0, 1.0, 1.0, 1.0]",0.0,0.0010613286468473
california,rf,5000,7,8,b1_uniform,A0,0.0,0.0,5000.0,0.9992063492063492,0.0042739403231226,0.9976190476190474,1.0,1.0,0.0003381521573959,7.100497555197025,"[0.9999999999999998, 0.9999999999999998, 0.9999999999999998, 0.9999999999999998, 0.9999999999999998, 0.9999999999999998, 0.9999999999999998, 0.9999999999999998, 0.9999999999999998, 0.9285714285714285, 0.9999999999999998, 0.9999999999999998, 0.9999999999999998, 0.9999999999999998, 0.9999999999999998, 0.9999999999999998, 0.9999999999999998, 0.9999999999999998, 0.9999999999999998, 0.9999999999999998, 0.9999999999999998, 0.9999999999999998, 0.9999999999999998, 0.9999999999999998, 0.9999999999999998, 0.9999999999999998, 0.9999999999999998, 0.9999999999999998, 0.9999999999999998, 0.9999999999999998]",0.0128218209693678,0.0002922541737832,0.00038253601253,4.226901967449244e-05,1.5097675859325036e-05,"[0.0004379477952572148, 0.0002497282601648638, 0.0005570766244988407, 0.00020533652553831512, 0.0004723885709284326, 0.00023993150039644095, 0.00013341717593193714, 0.00045528572698669463, 0.0003249403458762484, 0.00034357311827784163, 0.00042084935122940076, 0.0003482538875814406, 0.00021398394090319805, 0.00021063032878026192, 0.0004119042341786105, 0.0003424180870448482, 0.00033574990254520517, 0.00026312022641573305, 0.00029918823867355616, 0.0002515803985069484, 0.0004502182009668237, 0.0003809975845806899, 0.0005034453061228533, 0.0001989296755452341, 0.0005681479621666452, 0.00021993806340473384, 0.0002170162268115898, 0.0004982849015633236, 0.00015358449512706937, 0.0004366980658731915]",0.0001207814068746,5000.0,0.9976190476190476,1.0,"[1.0, 1.0, 1.0, 1.0, 1.0, 1.0, 1.0, 1.0, 1.0, 0.9761904761904763, 1.0, 1.0, 1.0, 1.0, 1.0, 1.0, 1.0, 1.0, 1.0, 1.0, 1.0, 1.0, 1.0, 1.0, 1.0, 1.0, 1.0, 1.0, 1.0, 1.0]",50.89643529666743,0.4788039727255825,"[1.0, 1.0, 1.0, 1.0, 1.0, 1.0, 1.0, 1.0, 1.0, 1.0, 1.0, 1.0, 1.0, 1.0, 1.0, 1.0, 1.0, 1.0, 1.0, 1.0, 1.0, 1.0, 1.0, 1.0, 1.0, 1.0, 1.0, 1.0, 1.0, 1.0]",0.0,"[1.0, 1.0, 1.0, 1.0, 1.0, 1.0, 1.0, 1.0, 1.0, 1.0, 1.0, 1.0, 1.0, 1.0, 1.0, 1.0, 1.0, 1.0, 1.0, 1.0, 1.0, 1.0, 1.0, 1.0, 1.0, 1.0, 1.0, 1.0, 1.0, 1.0]",0.0,7.051129154793149e-06
california,rf,5000,7,8,b2_stratified,A0,0.0,0.0,5000.0,0.9952380952380953,0.0095238095238094,0.9857142857142852,1.0,1.0,4.7623727037049374e-05,1.0,"[0.9999999999999998, 0.9285714285714285, 0.9999999999999998, 0.9999999999999998, 0.9999999999999998, 0.9999999999999998, 0.9999999999999998, 0.9999999999999998, 0.9285714285714285, 0.9999999999999998, 0.9999999999999998, 0.9999999999999998, 0.9999999999999998, 0.9285714285714285, 0.9999999999999998, 0.9999999999999998, 0.9999999999999998, 0.9999999999999998, 0.9999999999999998, 0.9999999999999998, 0.9999999999999998, 0.9999999999999998, 0.9999999999999998, 0.9999999999999998, 0.9999999999999998, 0.9999999999999998, 0.9285714285714285, 0.9285714285714285, 0.9999999999999998, 0.9285714285714285]",0.0285714285714285,3.552680135085361e-05,5.918167603754697e-05,5.952965879631172e-06,4.14953136847986e-06,"[1.504280375685401e-05, 0.0001192827961259424, 3.918805382659778e-05, 9.201660458519223e-05, 7.540148923273343e-05, 6.59211479118127e-05, 3.1717733201990944e-05, 4.7040230508111754e-05, 2.22934294316726e-05, 6.563413592844404e-06, 0.0001190435398327482, 3.0468427436732385e-05, 2.5646378556928827e-05, 2.4776436605535035e-05, 7.15423530219604e-06, 4.77977995862967e-05, 1.3466719846247317e-05, 0.00013357108238334442, 4.727878939518567e-05, 5.376845368180297e-05, 6.512826040917273e-05, 1.6766828591833677e-05, 4.150419037538575e-05, 2.6748502204108247e-05, 1.3154541508665312e-05, 2.9124515910948515e-05, 7.433985302751968e-05, 4.9228843884455076e-05, 3.141946689767344e-05, 6.38572435009489e-05]",3.319625094783888e-05,5000.0,0.992063492063492,0.9984126984126984,"[1.0, 0.9761904761904763, 1.0, 1.0, 1.0, 1.0, 1.0, 1.0, 0.9761904761904763, 1.0, 1.0, 1.0, 1.0, 0.9761904761904763, 1.0, 1.0, 1.0, 1.0, 1.0, 1.0, 1.0, 1.0, 1.0, 1.0, 1.0, 1.0, 0.9761904761904763, 0.9761904761904763, 1.0, 0.9761904761904763]",51.10772548668707,0.1993974922504476,"[1.0, 1.0, 1.0, 1.0, 1.0, 1.0, 1.0, 1.0, 1.0, 1.0, 1.0, 1.0, 1.0, 1.0, 1.0, 1.0, 1.0, 1.0, 1.0, 1.0, 1.0, 1.0, 1.0, 1.0, 1.0, 1.0, 1.0, 1.0, 1.0, 1.0]",0.0,"[1.0, 1.0, 1.0, 1.0, 1.0, 1.0, 1.0, 1.0, 1.0, 1.0, 1.0, 1.0, 1.0, 1.0, 1.0, 1.0, 1.0, 1.0, 1.0, 1.0, 1.0, 1.0, 1.0, 1.0, 1.0, 1.0, 1.0, 1.0, 1.0, 1.0]",0.0,5.866070121874434e-06
california,rf,5000,7,8,b3_is,A0,0.0,0.0,5000.0,0.996031746031746,0.0088732856249991,0.9880952380952378,1.0,1.0,4.6999646948175006e-05,0.9868956058733316,"[0.9285714285714285, 0.9999999999999998, 0.9999999999999998, 0.9999999999999998, 0.9999999999999998, 0.9999999999999998, 0.9999999999999998, 0.9285714285714285, 0.9999999999999998, 0.9999999999999998, 0.9999999999999998, 0.9285714285714285, 0.9999999999999998, 0.9285714285714285, 0.9999999999999998, 0.9999999999999998, 0.9999999999999998, 0.9999999999999998, 0.9999999999999998, 0.9999999999999998, 0.9999999999999998, 0.9999999999999998, 0.9999999999999998, 0.9999999999999998, 0.9999999999999998, 0.9999999999999998, 0.9285714285714285, 0.9999999999999998, 0.9999999999999998, 0.9999999999999998]",0.0266198568749974,3.765576373234406e-05,5.7950219563951736e-05,5.874955868521876e-06,3.594989771699157e-06,"[9.291698454025022e-05, 1.593944374680838e-05, 3.748261839422056e-05, 1.9723596134255167e-05, 4.43025419577896e-05, 8.004729785885238e-05, 8.084225001781835e-06, 7.654193886564493e-05, 3.3665985167990965e-05, 4.0188073569051555e-05, 3.7447983569968014e-05, 0.00015579765519861685, 4.996165168077886e-05, 7.147157823277487e-05, 6.525389295667679e-05, 6.192743510911365e-05, 3.9133022182308066e-05, 4.255439976466092e-05, 3.859361848666681e-05, 2.86163450110491e-05, 6.589601738866284e-05, 4.0721309905033193e-05, 2.158747621733287e-05, 5.382341128642812e-05, 2.6336928880343963e-05, 4.618608509054677e-05, 4.63953460774326e-05, 3.9090892390191236e-05, 1.677584222100413e-05, 1.3525811559014549e-05]",2.875991817359325e-05,5000.0,0.9928571428571428,0.9992063492063492,"[0.9761904761904763, 1.0, 1.0, 1.0, 1.0, 1.0, 1.0, 0.9761904761904763, 1.0, 1.0, 1.0, 0.9761904761904763, 1.0, 0.9761904761904763, 1.0, 1.0, 1.0, 1.0, 1.0, 1.0, 1.0, 1.0, 1.0, 1.0, 1.0, 1.0, 0.9761904761904763, 1.0, 1.0, 1.0]",51.37524035335518,0.4079434501353083,"[1.0, 1.0, 1.0, 1.0, 1.0, 1.0, 1.0, 1.0, 1.0, 1.0, 1.0, 1.0, 1.0, 1.0, 1.0, 1.0, 1.0, 1.0, 1.0, 1.0, 1.0, 1.0, 1.0, 1.0, 1.0, 1.0, 1.0, 1.0, 1.0, 1.0]",0.0,"[1.0, 1.0, 1.0, 1.0, 1.0, 1.0, 1.0, 1.0, 1.0, 1.0, 1.0, 1.0, 1.0, 1.0, 1.0, 1.0, 1.0, 1.0, 1.0, 1.0, 1.0, 1.0, 1.0, 1.0, 1.0, 1.0, 1.0, 1.0, 1.0, 1.0]",0.0,3.51905814524983e-06
california,rf,5000,7,8,b4_antithetic,A0,0.0,0.0,5000.0,1.0,0.0,0.9999999999999998,1.0,1.0,0.0002793758009502,5.8663153501813445,"[0.9999999999999998, 0.9999999999999998, 0.9999999999999998, 0.9999999999999998, 0.9999999999999998, 0.9999999999999998, 0.9999999999999998, 0.9999999999999998, 0.9999999999999998, 0.9999999999999998, 0.9999999999999998, 0.9999999999999998, 0.9999999999999998, 0.9999999999999998, 0.9999999999999998, 0.9999999999999998, 0.9999999999999998, 0.9999999999999998, 0.9999999999999998, 0.9999999999999998, 0.9999999999999998, 0.9999999999999998, 0.9999999999999998, 0.9999999999999998, 0.9999999999999998, 0.9999999999999998, 0.9999999999999998, 0.9999999999999998, 0.9999999999999998, 0.9999999999999998]",0.0,0.0002669648650046,0.0002914307824697,3.492197511878613e-05,4.554297653045138e-06,"[0.0003142368874080359, 0.0002363854697869102, 0.00027201257317068574, 0.00025933374452432006, 0.00021948356754899763, 0.00026632889939846714, 0.0003017582267417004, 0.00022427035344319894, 0.0002832525779508365, 0.00035371152845215187, 0.00031093387764378816, 0.00022460990066350866, 0.0003250779661918205, 0.0002778435253472721, 0.00027083325930902326, 0.0003417781526951609, 0.0002048239788544189, 0.0002875448076177733, 0.000249411539717487, 0.0002987842769994046, 0.0002681349066224605, 0.0002841908573502231, 0.0003050835230548382, 0.0002992633472687258, 0.0002887714647279785, 0.0002898492513755398, 0.0002837925046141828, 0.0002985489382008347, 0.0002228016374644725, 0.00031842248436445513]",3.6434381224361104e-05,5000.0,1.0,1.0,"[1.0, 1.0, 1.0, 1.0, 1.0, 1.0, 1.0, 1.0, 1.0, 1.0, 1.0, 1.0, 1.0, 1.0, 1.0, 1.0, 1.0, 1.0, 1.0, 1.0, 1.0, 1.0, 1.0, 1.0, 1.0, 1.0, 1.0, 1.0, 1.0, 1.0]",50.73025254330132,0.5846163304393718,"[1.0, 1.0, 1.0, 1.0, 1.0, 1.0, 1.0, 1.0, 1.0, 1.0, 1.0, 1.0, 1.0, 1.0, 1.0, 1.0, 1.0, 1.0, 1.0, 1.0, 1.0, 1.0, 1.0, 1.0, 1.0, 1.0, 1.0, 1.0, 1.0, 1.0]",0.0,"[1.0, 1.0, 1.0, 1.0, 1.0, 1.0, 1.0, 1.0, 1.0, 1.0, 1.0, 1.0, 1.0, 1.0, 1.0, 1.0, 1.0, 1.0, 1.0, 1.0, 1.0, 1.0, 1.0, 1.0, 1.0, 1.0, 1.0, 1.0, 1.0, 1.0]",0.0,1.0711979681263905e-06
california,rf,5000,8,8,abc_shap,A0,0.9922,4961.0,39.0,0.8103174603174604,0.1301901820303763,0.692857142857143,0.7444444444444447,0.8266666666666668,0.0757164213449798,275.1033480134537,"[0.6428571428571428, 0.4999999999999999, 0.8571428571428571, 0.7142857142857142, 0.7142857142857142, 0.7142857142857142, 0.5714285714285714, 0.5714285714285714, 0.9285714285714285, 0.9285714285714285, 0.7857142857142856, 0.8571428571428571, 0.7142857142857142, 0.7857142857142856, 0.42857142857142855, 0.5714285714285714, 0.8571428571428571, 0.5714285714285714, 0.7142857142857142, 0.9999999999999998, 0.6428571428571428, 0.6428571428571428, 0.4999999999999999, 0.7857142857142856, 0.5714285714285714, 0.4999999999999999, 0.6428571428571428, 0.8571428571428571, 0.4999999999999999, 0.7142857142857142]",0.1465591752048799,0.0622251771899524,0.0910594697463541,0.0094645526681224,0.0051713028303678,"[0.046557609322988115, 0.09762950526752466, 0.02707805206165812, 0.05861259886547566, 0.061273481171886836, 0.05248007694288167, 0.06633614604985646, 0.06285840436420694, 0.011043523288155192, 0.05985459954501728, 0.08071554393397168, 0.08542794247096004, 0.03891367880986803, 0.09478158572691137, 0.15810670726398382, 0.09047745991308394, 0.2271246161545362, 0.05433731725223323, 0.04208765571516569, 0.1035712429055978, 0.09198566845389652, 0.11225155104107795, 0.04057042770152575, 0.029951236384944527, 0.11120106578123146, 0.06124273240490751, 0.08255288655877954, 0.10303841272444288, 0.0662720198694429, 0.05315889240318318]",0.0413704226429427,4961.0,0.7619047619047621,0.853968253968254,"[0.7857142857142858, 0.6190476190476191, 0.9285714285714287, 0.880952380952381, 0.880952380952381, 0.880952380952381, 0.7142857142857144, 0.6666666666666669, 0.9761904761904763, 0.9761904761904763, 0.9047619047619048, 0.9523809523809524, 0.8571428571428572, 0.9047619047619048, 0.5000000000000001, 0.7380952380952381, 0.9285714285714287, 0.7857142857142858, 0.8095238095238096, 1.0, 0.7380952380952381, 0.8095238095238096, 0.5952380952380953, 0.9047619047619048, 0.7142857142857144, 0.6190476190476191, 0.8095238095238096, 0.9523809523809524, 0.6190476190476191, 0.8571428571428572]",104.3244872966626,4.113418543831616,"[0.6666666666666666, 0.6666666666666666, 1.0, 0.6666666666666666, 0.6666666666666666, 0.6666666666666666, 1.0, 0.6666666666666666, 0.6666666666666666, 1.0, 0.6666666666666666, 1.0, 1.0, 0.6666666666666666, 0.3333333333333333, 0.6666666666666666, 1.0, 0.6666666666666666, 0.6666666666666666, 1.0, 1.0, 0.6666666666666666, 0.6666666666666666, 0.6666666666666666, 0.6666666666666666, 0.6666666666666666, 0.6666666666666666, 0.6666666666666666, 0.6666666666666666, 0.6666666666666666]",0.1651785416368722,"[0.8, 0.8, 0.8, 0.8, 1.0, 0.8, 0.8, 0.8, 1.0, 1.0, 0.8, 0.8, 0.8, 1.0, 0.8, 0.8, 0.8, 0.8, 0.8, 1.0, 0.8, 0.8, 0.8, 1.0, 0.6, 0.8, 0.8, 0.8, 0.6, 0.8]",0.0997775303139717,0.0093628547248017
california,rf,5000,8,8,b1_uniform,A0,0.0,0.0,5000.0,0.9682539682539684,0.0154711021346173,0.9047619047619044,0.9666666666666668,0.8200000000000002,0.0005064984730982,1.8402801299625184,"[0.8571428571428571, 0.9285714285714285, 0.7857142857142856, 0.9285714285714285, 0.8571428571428571, 0.8571428571428571, 0.9285714285714285, 0.9285714285714285, 0.9999999999999998, 0.8571428571428571, 0.8571428571428571, 0.9285714285714285, 0.9285714285714285, 0.9285714285714285, 0.9285714285714285, 0.8571428571428571, 0.8571428571428571, 0.9285714285714285, 0.8571428571428571, 0.9999999999999998, 0.9285714285714285, 0.9285714285714285, 0.9285714285714285, 0.9285714285714285, 0.9285714285714285, 0.8571428571428571, 0.9285714285714285, 0.9285714285714285, 0.8571428571428571, 0.9285714285714285]",0.0464133064038521,0.0003915062460615,0.0006293403215075,6.331230913728377e-05,3.951458471060562e-05,"[0.000241744456538442, 0.00013461565786661861, 0.0009244190672914047, 0.0003136980271790587, 0.000374697573225899, 0.00027699454903430866, 0.0005968957363765837, 0.0005028516355754407, 0.00017123721935665524, 0.00045287249206882443, 0.0007471752407805888, 0.0010704314704333574, 0.0011016408589470301, 0.0014448438425420647, 0.0006334804251686407, 0.0005528271078963336, 0.0004957953915238191, 0.0007080855028873993, 0.0005258168276344068, 0.00020537937622477377, 0.0004124148220507483, 0.00032589210645314625, 0.0009588648572059627, 0.0003461549319688729, 0.0002973941541594241, 0.0002008825522017999, 0.00026675970447356063, 0.0004232202423845785, 0.00032214827056649864, 0.00016572009293186384]",0.0003161166776848,5000.0,0.9626984126984128,0.9738095238095236,"[0.9523809523809524, 0.9761904761904763, 0.9285714285714287, 0.9761904761904763, 0.9523809523809524, 0.9523809523809524, 0.9761904761904763, 0.9761904761904763, 1.0, 0.9523809523809524, 0.9523809523809524, 0.9761904761904763, 0.9761904761904763, 0.9761904761904763, 0.9761904761904763, 0.9523809523809524, 0.9523809523809524, 0.9761904761904763, 0.9523809523809524, 1.0, 0.9761904761904763, 0.9761904761904763, 0.9761904761904763, 0.9761904761904763, 0.9761904761904763, 0.9523809523809524, 0.9761904761904763, 0.9761904761904763, 0.9523809523809524, 0.9761904761904763]",46.48089662330846,3.4806080723786743,"[0.6666666666666666, 1.0, 0.6666666666666666, 1.0, 1.0, 1.0, 1.0, 1.0, 1.0, 1.0, 1.0, 1.0, 1.0, 1.0, 1.0, 1.0, 1.0, 1.0, 1.0, 1.0, 1.0, 1.0, 1.0, 1.0, 1.0, 1.0, 1.0, 1.0, 0.6666666666666666, 1.0]",0.1,"[0.8, 0.8, 0.8, 0.8, 0.8, 0.8, 0.8, 0.8, 1.0, 0.8, 0.8, 0.8, 0.8, 0.8, 0.8, 0.8, 0.8, 0.8, 0.8, 1.0, 0.8, 1.0, 0.8, 0.8, 0.8, 0.8, 0.8, 0.8, 0.8, 0.8]",0.06,4.815335022497641e-05
california,rf,5000,8,8,b2_stratified,A0,0.0,0.0,5000.0,0.9865079365079364,0.0210130195156725,0.9619047619047616,0.9111111111111112,0.96,0.0002752290071776,1.0,"[0.9999999999999998, 0.9285714285714285, 0.7857142857142856, 0.9999999999999998, 0.9999999999999998, 0.9285714285714285, 0.9285714285714285, 0.9999999999999998, 0.8571428571428571, 0.9999999999999998, 0.9999999999999998, 0.9285714285714285, 0.9999999999999998, 0.9999999999999998, 0.9999999999999998, 0.8571428571428571, 0.9285714285714285, 0.9285714285714285, 0.9999999999999998, 0.9999999999999998, 0.9285714285714285, 0.9999999999999998, 0.9999999999999998, 0.9999999999999998, 0.9285714285714285, 0.9999999999999998, 0.9999999999999998, 0.9999999999999998, 0.9999999999999998, 0.9285714285714285]",0.054502491153617,0.0001966629815937,0.0003649297946657,3.440362589720146e-05,3.0194222999995e-05,"[0.0004718426494132201, 8.034366487259437e-05, 0.0011918163052073896, 0.00013153850993847833, 0.00067591633572063, 0.00047378743774065377, 0.0001419937896212806, 7.727431335230738e-05, 0.0004015962260740552, 0.000187133125263174, 9.111879972112486e-05, 5.7793424737057876e-05, 0.00010578501227195182, 8.622612746073362e-05, 0.00013184706288298703, 0.00030413878679226157, 0.000114820880156401, 0.00028163691545204434, 8.970807727801739e-05, 9.824148761799581e-05, 0.0002174391966892642, 0.00044835870170957564, 0.00046844683280996863, 6.513435730850469e-05, 0.0006088434141873075, 0.0002230846468563375, 0.0001157164592296326, 0.00034214995352206413, 0.00020029373986681518, 0.00037284398157452254]",0.0002415537839999,5000.0,0.9785714285714284,0.9936507936507936,"[1.0, 0.9761904761904763, 0.9047619047619048, 1.0, 1.0, 0.9761904761904763, 0.9761904761904763, 1.0, 0.9523809523809524, 1.0, 1.0, 0.9761904761904763, 1.0, 1.0, 1.0, 0.9523809523809524, 0.9761904761904763, 0.9761904761904763, 1.0, 1.0, 0.9761904761904763, 1.0, 1.0, 1.0, 0.9761904761904763, 1.0, 1.0, 1.0, 1.0, 0.9761904761904763]",47.595401780004615,4.121347575581543,"[1.0, 1.0, 0.6666666666666666, 1.0, 1.0, 1.0, 0.6666666666666666, 1.0, 0.6666666666666666, 1.0, 1.0, 0.6666666666666666, 1.0, 1.0, 1.0, 0.6666666666666666, 0.6666666666666666, 0.6666666666666666, 1.0, 1.0, 1.0, 1.0, 1.0, 1.0, 1.0, 1.0, 1.0, 1.0, 1.0, 0.6666666666666666]",0.1474055462380178,"[1.0, 0.8, 1.0, 1.0, 1.0, 0.8, 1.0, 1.0, 0.8, 1.0, 1.0, 1.0, 1.0, 1.0, 1.0, 0.8, 1.0, 1.0, 1.0, 1.0, 0.8, 1.0, 1.0, 1.0, 0.8, 1.0, 1.0, 1.0, 1.0, 1.0]",0.0799999999999999,3.2283883100740825e-05
california,rf,5000,8,8,b3_is,A0,0.0,0.0,5000.0,0.9849206349206348,0.0130168408467116,0.9547619047619044,0.888888888888889,0.9933333333333334,0.0002836756960718,1.03068967541214,"[0.9285714285714285, 0.8571428571428571, 0.9285714285714285, 0.9999999999999998, 0.9999999999999998, 0.9285714285714285, 0.9285714285714285, 0.9285714285714285, 0.9285714285714285, 0.9285714285714285, 0.9999999999999998, 0.9999999999999998, 0.9285714285714285, 0.9285714285714285, 0.9999999999999998, 0.9999999999999998, 0.9999999999999998, 0.9285714285714285, 0.9999999999999998, 0.9285714285714285, 0.9285714285714285, 0.9999999999999998, 0.9999999999999998, 0.9285714285714285, 0.9285714285714285, 0.9999999999999998, 0.9285714285714285, 0.9285714285714285, 0.9285714285714285, 0.9999999999999998]",0.0390505225401349,0.0002281863114797,0.000344358790679,3.545946200898727e-05,2.030610116101661e-05,"[0.0002499933264581071, 0.0005721637714723171, 0.00018467837510309878, 0.00031928893333625766, 2.988150517682936e-05, 0.0003501287884819503, 0.0002914735735573279, 0.000257055204404574, 0.000247013843280225, 0.000260937057443864, 0.00023439695420349443, 4.1462635174770674e-05, 0.00027725322465285945, 0.0003784603578575679, 0.00026283719125930064, 0.0001681911830112137, 3.3920260628632764e-05, 0.00017896475744244382, 0.00038255756615789065, 0.00037756359296248546, 0.0004351971001186437, 0.00010744589558876522, 0.0002216043334407417, 0.00033110891301048345, 0.00020649825701214572, 0.0002704496425019181, 0.0005283117525351329, 0.0005355697853290404, 0.0007326701627733776, 4.3192937781485166e-05]",0.0001624488092881,5000.0,0.98015873015873,0.9896825396825396,"[0.9761904761904763, 0.9523809523809524, 0.9761904761904763, 1.0, 1.0, 0.9761904761904763, 0.9761904761904763, 0.9761904761904763, 0.9761904761904763, 0.9761904761904763, 1.0, 1.0, 0.9761904761904763, 0.9761904761904763, 1.0, 1.0, 1.0, 0.9761904761904763, 1.0, 0.9761904761904763, 0.9761904761904763, 1.0, 1.0, 0.9761904761904763, 0.9761904761904763, 1.0, 0.9761904761904763, 0.9761904761904763, 0.9761904761904763, 1.0]",48.37384385998205,3.831749247750352,"[1.0, 0.6666666666666666, 0.6666666666666666, 1.0, 1.0, 1.0, 0.6666666666666666, 0.6666666666666666, 1.0, 0.6666666666666666, 1.0, 1.0, 0.6666666666666666, 1.0, 1.0, 1.0, 1.0, 1.0, 1.0, 1.0, 1.0, 1.0, 1.0, 0.6666666666666666, 0.6666666666666666, 1.0, 0.6666666666666666, 0.6666666666666666, 1.0, 1.0]",0.1571348402636772,"[1.0, 1.0, 1.0, 1.0, 1.0, 1.0, 1.0, 1.0, 1.0, 1.0, 1.0, 1.0, 1.0, 1.0, 1.0, 1.0, 1.0, 1.0, 1.0, 1.0, 1.0, 1.0, 1.0, 1.0, 1.0, 1.0, 1.0, 1.0, 0.8, 1.0]",0.03590109871423,2.930009072283537e-05
california,rf,5000,8,8,b4_antithetic,A0,0.0,0.0,5000.0,0.976190476190476,3.3306690738754696e-16,0.9285714285714284,1.0,0.8000000000000003,0.0001527204995229,0.5548851884799961,"[0.9285714285714285, 0.9285714285714285, 0.9285714285714285, 0.9285714285714285, 0.9285714285714285, 0.9285714285714285, 0.9285714285714285, 0.9285714285714285, 0.9285714285714285, 0.9285714285714285, 0.9285714285714285, 0.9285714285714285, 0.9285714285714285, 0.9285714285714285, 0.9285714285714285, 0.9285714285714285, 0.9285714285714285, 0.9285714285714285, 0.9285714285714285, 0.9285714285714285, 0.9285714285714285, 0.9285714285714285, 0.9285714285714285, 0.9285714285714285, 0.9285714285714285, 0.9285714285714285, 0.9285714285714285, 0.9285714285714285, 0.9285714285714285, 0.9285714285714285]",2.220446049250313e-16,0.0001432626321629,0.0001624528051512,1.909006244036391e-05,3.361586357011594e-06,"[0.00014356209033991534, 0.00012797945381895463, 9.538269855853452e-05, 0.00018371356758514128, 0.00015223369818448084, 0.00021110690225384233, 0.00015053017884771416, 0.0001526382960666706, 0.00016500028298344505, 0.00011714690073868406, 0.0001540026802088453, 0.0001594124952227752, 0.00018177408248440009, 0.00012456032811604262, 0.0001421619907833509, 0.00015447844188188728, 0.00018469899925346623, 0.00015028351067477276, 0.00021124621640382807, 0.00017202040467113847, 0.00013908395293543845, 0.00015089451766015343, 0.00013504789944790194, 0.00014530766666955743, 0.00016918607845418303, 0.00017551489493346047, 0.00011501689912209627, 0.00014628981610093834, 0.00010479931958480027, 0.00016654072170091888]",2.689269085609275e-05,5000.0,0.976190476190476,0.976190476190476,"[0.9761904761904763, 0.9761904761904763, 0.9761904761904763, 0.9761904761904763, 0.9761904761904763, 0.9761904761904763, 0.9761904761904763, 0.9761904761904763, 0.9761904761904763, 0.9761904761904763, 0.9761904761904763, 0.9761904761904763, 0.9761904761904763, 0.9761904761904763, 0.9761904761904763, 0.9761904761904763, 0.9761904761904763, 0.9761904761904763, 0.9761904761904763, 0.9761904761904763, 0.9761904761904763, 0.9761904761904763, 0.9761904761904763, 0.9761904761904763, 0.9761904761904763, 0.9761904761904763, 0.9761904761904763, 0.9761904761904763, 0.9761904761904763, 0.9761904761904763]",46.88180987998688,5.003970100357488,"[1.0, 1.0, 1.0, 1.0, 1.0, 1.0, 1.0, 1.0, 1.0, 1.0, 1.0, 1.0, 1.0, 1.0, 1.0, 1.0, 1.0, 1.0, 1.0, 1.0, 1.0, 1.0, 1.0, 1.0, 1.0, 1.0, 1.0, 1.0, 1.0, 1.0]",0.0,"[0.8, 0.8, 0.8, 0.8, 0.8, 0.8, 0.8, 0.8, 0.8, 0.8, 0.8, 0.8, 0.8, 0.8, 0.8, 0.8, 0.8, 0.8, 0.8, 0.8, 0.8, 0.8, 0.8, 0.8, 0.8, 0.8, 0.8, 0.8, 0.8, 0.8]",2.220446049250313e-16,5.303457847888718e-07
california,rf,5000,9,8,abc_shap,A0,0.9922,4961.0,39.0,0.7682539682539684,0.1149999726138409,0.6190476190476191,0.9,0.8266666666666668,0.0649664809567691,220.27796945443927,"[0.5714285714285714, 0.7857142857142856, 0.7857142857142856, 0.4999999999999999, 0.5714285714285714, 0.7142857142857142, 0.7857142857142856, 0.6428571428571428, 0.8571428571428571, 0.4999999999999999, 0.7142857142857142, 0.42857142857142855, 0.5714285714285714, 0.6428571428571428, 0.7857142857142856, 0.7142857142857142, 0.3571428571428571, 0.7857142857142856, 0.5714285714285714, 0.4999999999999999, 0.5714285714285714, 0.5714285714285714, 0.4999999999999999, 0.4999999999999999, 0.42857142857142855, 0.4999999999999999, 0.6428571428571428, 0.7142857142857142, 0.5714285714285714, 0.7857142857142856]",0.1295378143689089,0.0487850780849058,0.0823351962778323,0.0081208101195961,0.0060153494980907,"[0.07077225827593152, 0.028281209734418302, 0.10014752703215332, 0.07354339615700758, 0.11920389775065844, 0.016113629560633634, 0.008334323568266995, 0.24195497422595888, 0.005689261347707234, 0.0774352719737846, 0.01687246294047641, 0.02949122038273785, 0.02262815420455955, 0.09434052876222021, 0.10061677942548011, 0.08870911631196919, 0.08033842778485681, 0.0153173350594075, 0.07440240484881461, 0.05140879379816239, 0.018341455807120363, 0.015791575081201242, 0.07312359319897155, 0.044057647053251964, 0.05929070704640963, 0.08952126232618489, 0.10176525529945545, 0.023462252612840795, 0.11743404297470261, 0.09060566415772935]",0.0481227959847257,4961.0,0.7253968253968256,0.8055753968253969,"[0.7142857142857144, 0.9047619047619048, 0.9047619047619048, 0.7380952380952381, 0.8095238095238096, 0.8571428571428572, 0.9047619047619048, 0.7380952380952381, 0.9523809523809524, 0.6666666666666669, 0.8333333333333335, 0.523809523809524, 0.7619047619047621, 0.7857142857142858, 0.9047619047619048, 0.880952380952381, 0.5000000000000001, 0.9047619047619048, 0.7619047619047621, 0.7380952380952381, 0.7619047619047621, 0.6904761904761906, 0.6666666666666669, 0.5952380952380953, 0.6190476190476191, 0.6904761904761906, 0.8095238095238096, 0.7619047619047621, 0.7619047619047621, 0.9047619047619048]",107.94242294998064,0.947278087437476,"[1.0, 0.6666666666666666, 1.0, 1.0, 0.6666666666666666, 1.0, 0.6666666666666666, 1.0, 1.0, 1.0, 1.0, 0.6666666666666666, 0.6666666666666666, 1.0, 1.0, 1.0, 0.6666666666666666, 0.6666666666666666, 1.0, 1.0, 0.6666666666666666, 1.0, 1.0, 0.6666666666666666, 1.0, 1.0, 1.0, 1.0, 1.0, 1.0]",0.1527525231651947,"[0.8, 1.0, 0.8, 0.8, 1.0, 0.8, 1.0, 0.8, 1.0, 0.8, 0.8, 0.6, 0.8, 0.8, 0.8, 1.0, 0.6, 1.0, 0.8, 0.8, 0.8, 0.8, 0.8, 0.8, 0.8, 0.8, 0.8, 0.8, 0.8, 0.8]",0.0997775303139717,0.0053915257027577
california,rf,5000,9,8,b1_uniform,A0,0.0,0.0,5000.0,0.7706349206349208,0.0143955215454103,0.5952380952380952,0.9555555555555556,0.8000000000000003,0.0017333093113454,5.87702842937916,"[0.6428571428571428, 0.6428571428571428, 0.5714285714285714, 0.5714285714285714, 0.5714285714285714, 0.5714285714285714, 0.6428571428571428, 0.6428571428571428, 0.6428571428571428, 0.6428571428571428, 0.5714285714285714, 0.6428571428571428, 0.5714285714285714, 0.5714285714285714, 0.4999999999999999, 0.5714285714285714, 0.5714285714285714, 0.5714285714285714, 0.5714285714285714, 0.5714285714285714, 0.6428571428571428, 0.5714285714285714, 0.5714285714285714, 0.5714285714285714, 0.6428571428571428, 0.5714285714285714, 0.6428571428571428, 0.6428571428571428, 0.5714285714285714, 0.5714285714285714]",0.0383917035633264,0.0015316734970336,0.0019521097135323,0.0002166636639181,7.970518495840094e-05,"[0.0012047801426065654, 0.0009426822300197468, 0.0010236162691598949, 0.0022037651147197614, 0.003019395374592981, 0.0014851894149426807, 0.0016578695201408752, 0.0013943825981883266, 0.0014174556582505391, 0.0011643210290378974, 0.0037752166851065406, 0.0017311307006870789, 0.002212715721875089, 0.001715044250200766, 0.0021015394322361504, 0.0017925735054205186, 0.001710727914773924, 0.0022624097386569823, 0.0015871315650704898, 0.0017262345351703092, 0.001106511510516967, 0.0028564929191996265, 0.0014776234119895342, 0.001726910018519333, 0.0013384964680757875, 0.0019742422308528943, 0.0011759701300597045, 0.0011486976957751052, 0.0021661801622121237, 0.0008999733923057994]",0.0006376414796672,5000.0,0.7650793650793655,0.7761904761904763,"[0.7857142857142858, 0.7857142857142858, 0.7619047619047621, 0.7619047619047621, 0.7619047619047621, 0.7619047619047621, 0.7857142857142858, 0.7857142857142858, 0.8095238095238096, 0.7857142857142858, 0.7619047619047621, 0.7857142857142858, 0.7619047619047621, 0.7619047619047621, 0.7380952380952381, 0.7619047619047621, 0.7619047619047621, 0.7619047619047621, 0.7619047619047621, 0.7619047619047621, 0.7857142857142858, 0.7619047619047621, 0.7619047619047621, 0.7619047619047621, 0.7857142857142858, 0.7619047619047621, 0.7857142857142858, 0.7857142857142858, 0.7619047619047621, 0.7619047619047621]",48.54420407662789,0.4418312898367705,"[1.0, 1.0, 0.6666666666666666, 1.0, 1.0, 1.0, 1.0, 1.0, 0.6666666666666666, 1.0, 0.6666666666666666, 1.0, 1.0, 1.0, 0.6666666666666666, 1.0, 1.0, 1.0, 1.0, 1.0, 1.0, 1.0, 1.0, 1.0, 1.0, 1.0, 1.0, 1.0, 1.0, 1.0]",0.1133115447465063,"[0.8, 0.8, 0.8, 0.8, 0.8, 0.8, 0.8, 0.8, 0.8, 0.8, 0.8, 0.8, 0.8, 0.8, 0.8, 0.8, 0.8, 0.8, 0.8, 0.8, 0.8, 0.8, 0.8, 0.8, 0.8, 0.8, 0.8, 0.8, 0.8, 0.8]",2.220446049250313e-16,3.638549444654329e-05
california,rf,5000,9,8,b2_stratified,A0,0.0,0.0,5000.0,0.9753968253968252,0.0199046606412451,0.9309523809523806,1.0,0.8800000000000002,0.0002949295434203,1.0,"[0.9999999999999998, 0.9285714285714285, 0.9285714285714285, 0.9999999999999998, 0.9285714285714285, 0.9285714285714285, 0.9285714285714285, 0.9999999999999998, 0.9285714285714285, 0.9999999999999998, 0.9285714285714285, 0.8571428571428571, 0.8571428571428571, 0.9285714285714285, 0.9285714285714285, 0.9285714285714285, 0.8571428571428571, 0.8571428571428571, 0.8571428571428571, 0.9999999999999998, 0.9285714285714285, 0.9999999999999998, 0.9999999999999998, 0.8571428571428571, 0.8571428571428571, 0.9285714285714285, 0.9285714285714285, 0.9285714285714285, 0.9999999999999998, 0.9285714285714285]",0.0504514764295644,0.0002255982393083,0.0003893794456501,3.686619292754916e-05,2.9464219701215284e-05,"[0.0003694662785427154, 0.0004232802223773889, 0.0001130380606193062, 0.0006801697511706422, 0.0001612182312911053, 0.00018397632745192886, 0.0012628948595202424, 0.00027928584065716426, 0.00020969174498577071, 0.0001245100915366704, 0.00013764429344557028, 0.00027721699128644236, 0.00038999485141641524, 0.00028454152148717606, 0.00045143297641213147, 0.00016258138815381133, 0.0004100865256688912, 6.298062965264266e-05, 0.00018974309879763582, 7.745793185529626e-05, 0.00021653504561330126, 0.00012044403425229115, 0.0002432591377449788, 0.0005056794241745843, 0.00031024091052906316, 0.00020410293835063402, 5.7909599962841646e-05, 0.00016722525151418048, 0.00018958319703538424, 0.0005816951471055904]",0.0002357137576097,5000.0,0.9674603174603176,0.9825396825396824,"[1.0, 0.9761904761904763, 0.9761904761904763, 1.0, 0.9761904761904763, 0.9761904761904763, 0.9761904761904763, 1.0, 0.9761904761904763, 1.0, 0.9761904761904763, 0.9523809523809524, 0.9523809523809524, 0.9761904761904763, 0.9761904761904763, 0.9761904761904763, 0.9285714285714287, 0.9523809523809524, 0.9523809523809524, 1.0, 0.9761904761904763, 1.0, 1.0, 0.9285714285714287, 0.9523809523809524, 0.9761904761904763, 0.9761904761904763, 0.9761904761904763, 1.0, 0.9761904761904763]",49.22417665667987,0.5248875313809315,"[1.0, 1.0, 1.0, 1.0, 1.0, 1.0, 1.0, 1.0, 1.0, 1.0, 1.0, 1.0, 1.0, 1.0, 1.0, 1.0, 1.0, 1.0, 1.0, 1.0, 1.0, 1.0, 1.0, 1.0, 1.0, 1.0, 1.0, 1.0, 1.0, 1.0]",0.0,"[1.0, 0.8, 0.8, 1.0, 0.8, 0.8, 1.0, 1.0, 1.0, 1.0, 0.8, 0.8, 0.8, 1.0, 0.8, 0.8, 0.8, 0.8, 0.8, 1.0, 0.8, 1.0, 1.0, 0.8, 0.8, 0.8, 1.0, 0.8, 1.0, 0.8]",0.0979795897113271,3.449634967396488e-05
california,rf,5000,9,8,b3_is,A0,0.0,0.0,5000.0,0.9944444444444442,0.0100702996352773,0.9833333333333332,1.0,0.9733333333333334,0.0003924253366122,1.330573166937219,"[0.9999999999999998, 0.9285714285714285, 0.9999999999999998, 0.9999999999999998, 0.9999999999999998, 0.9285714285714285, 0.9999999999999998, 0.9999999999999998, 0.9999999999999998, 0.9999999999999998, 0.9999999999999998, 0.9999999999999998, 0.9999999999999998, 0.9999999999999998, 0.9999999999999998, 0.9285714285714285, 0.9999999999999998, 0.9999999999999998, 0.9285714285714285, 0.9285714285714285, 0.9999999999999998, 0.9999999999999998, 0.9999999999999998, 0.9999999999999998, 0.9999999999999998, 0.9999999999999998, 0.9285714285714285, 0.9285714285714285, 0.9999999999999998, 0.9999999999999998]",0.0302108989058321,0.0002954244285212,0.0004940213104512,4.905316707652759e-05,3.4451848672469864e-05,"[0.0006670369751707154, 0.0006901519073728213, 0.0008774464529624169, 0.00018591987611923016, 0.0009309468371896605, 6.945097973030775e-05, 0.0001548235124007425, 0.0009298963380076432, 0.0003187497949330684, 0.00034226829283862337, 0.00043102019924208903, 0.00038021455303333086, 0.0006727711789863595, 0.00014794691393308344, 0.0005337182276807813, 5.784470518238644e-05, 0.00027182591272500225, 0.00021045415229962108, 0.00015297896737774753, 0.00046162397274607025, 0.00048284890083987857, 0.00024656429784347184, 0.0001777192916249428, 0.0003962433231167198, 7.280800199058037e-05, 5.203914499551931e-05, 0.0009823423855266319, 0.00014230159329102775, 0.0003333943579609993, 0.00039940905124514635]",0.0002756147893797,5000.0,0.9904761904761904,0.9976190476190476,"[1.0, 0.9761904761904763, 1.0, 1.0, 1.0, 0.9761904761904763, 1.0, 1.0, 1.0, 1.0, 1.0, 1.0, 1.0, 1.0, 1.0, 0.9761904761904763, 1.0, 1.0, 0.9761904761904763, 0.9761904761904763, 1.0, 1.0, 1.0, 1.0, 1.0, 1.0, 0.9761904761904763, 0.9761904761904763, 1.0, 1.0]",49.66809465000406,0.350571077570141,"[1.0, 1.0, 1.0, 1.0, 1.0, 1.0, 1.0, 1.0, 1.0, 1.0, 1.0, 1.0, 1.0, 1.0, 1.0, 1.0, 1.0, 1.0, 1.0, 1.0, 1.0, 1.0, 1.0, 1.0, 1.0, 1.0, 1.0, 1.0, 1.0, 1.0]",0.0,"[1.0, 1.0, 1.0, 1.0, 1.0, 1.0, 1.0, 1.0, 1.0, 1.0, 1.0, 1.0, 1.0, 1.0, 1.0, 1.0, 1.0, 1.0, 0.8, 0.8, 1.0, 1.0, 1.0, 1.0, 1.0, 1.0, 0.8, 0.8, 1.0, 1.0]",0.0679869268479037,3.259795851428798e-05
california,rf,5000,9,8,b4_antithetic,A0,0.0,0.0,5000.0,0.7626984126984131,0.0042739403231226,0.5738095238095239,1.0,0.8000000000000003,0.0014489885119222,4.912998864467126,"[0.5714285714285714, 0.5714285714285714, 0.5714285714285714, 0.5714285714285714, 0.5714285714285714, 0.5714285714285714, 0.5714285714285714, 0.5714285714285714, 0.5714285714285714, 0.5714285714285714, 0.5714285714285714, 0.5714285714285714, 0.5714285714285714, 0.5714285714285714, 0.5714285714285714, 0.5714285714285714, 0.5714285714285714, 0.5714285714285714, 0.5714285714285714, 0.5714285714285714, 0.5714285714285714, 0.6428571428571428, 0.5714285714285714, 0.5714285714285714, 0.5714285714285714, 0.5714285714285714, 0.5714285714285714, 0.5714285714285714, 0.5714285714285714, 0.5714285714285714]",0.0128218209693678,0.0013781135511876,0.0015204653915297,0.0001811235639902,2.438293904190226e-05,"[0.001386273548713854, 0.001618388197529651, 0.0015135343708148374, 0.0018390590940605737, 0.0014263695156770824, 0.0012299123819310143, 0.0013654720390788514, 0.0015576112762456906, 0.0016034302174529687, 0.0014898619467633993, 0.001343103202367097, 0.001039966581014664, 0.0015515508900678097, 0.0014213763183450437, 0.001515183748662338, 0.0015646201462976485, 0.001245997361949524, 0.0012155619619813188, 0.00139379331994973, 0.0015699916382731958, 0.0012857990864021016, 0.0013635944779563705, 0.0013794316524799917, 0.0011685647331539722, 0.001241364435744306, 0.0018519398818957736, 0.001700306809871884, 0.0018235518516102663, 0.0014239146038461353, 0.0013401300675289012]",0.0001950635123352,5000.0,0.7619047619047623,0.7642857142857146,"[0.7619047619047621, 0.7619047619047621, 0.7619047619047621, 0.7619047619047621, 0.7619047619047621, 0.7619047619047621, 0.7619047619047621, 0.7619047619047621, 0.7619047619047621, 0.7619047619047621, 0.7619047619047621, 0.7619047619047621, 0.7619047619047621, 0.7619047619047621, 0.7619047619047621, 0.7619047619047621, 0.7619047619047621, 0.7619047619047621, 0.7619047619047621, 0.7619047619047621, 0.7619047619047621, 0.7857142857142858, 0.7619047619047621, 0.7619047619047621, 0.7619047619047621, 0.7619047619047621, 0.7619047619047621, 0.7619047619047621, 0.7619047619047621, 0.7619047619047621]",48.51215063331183,0.490750507543451,"[1.0, 1.0, 1.0, 1.0, 1.0, 1.0, 1.0, 1.0, 1.0, 1.0, 1.0, 1.0, 1.0, 1.0, 1.0, 1.0, 1.0, 1.0, 1.0, 1.0, 1.0, 1.0, 1.0, 1.0, 1.0, 1.0, 1.0, 1.0, 1.0, 1.0]",0.0,"[0.8, 0.8, 0.8, 0.8, 0.8, 0.8, 0.8, 0.8, 0.8, 0.8, 0.8, 0.8, 0.8, 0.8, 0.8, 0.8, 0.8, 0.8, 0.8, 0.8, 0.8, 0.8, 0.8, 0.8, 0.8, 0.8, 0.8, 0.8, 0.8, 0.8]",2.220446049250313e-16,4.9622622168385584e-06
california,mlp,5000,0,8,abc_shap,A0,0.9922,4961.0,39.0,0.8666666666666667,0.0896368755777492,0.7547619047619047,0.9333333333333336,0.8200000000000002,0.077026631770251,177.9072114366016,"[0.42857142857142855, 0.7857142857142856, 0.8571428571428571, 0.8571428571428571, 0.9999999999999998, 0.7857142857142856, 0.6428571428571428, 0.4999999999999999, 0.9285714285714285, 0.8571428571428571, 0.7857142857142856, 0.7857142857142856, 0.8571428571428571, 0.7857142857142856, 0.4999999999999999, 0.7142857142857142, 0.6428571428571428, 0.7857142857142856, 0.7857142857142856, 0.8571428571428571, 0.7142857142857142, 0.7857142857142856, 0.9285714285714285, 0.8571428571428571, 0.7142857142857142, 0.7142857142857142, 0.7857142857142856, 0.7857142857142856, 0.5714285714285714, 0.6428571428571428]",0.1299965113782733,0.0566764590862502,0.1004271535309566,0.0096283289712813,0.0076468134835234,"[0.05721219871653218, 0.031663973574023986, 0.04819007398481842, 0.029926317342088348, 0.024339549018487606, 0.02168547071498662, 0.22889137767174927, 0.09371311949699587, 0.005171923427860573, 0.007400834493811284, 0.07451614885855216, 0.17709246900723977, 0.02495982996264931, 0.045845313305832004, 0.08952282435820583, 0.13019374818653645, 0.03601614068896033, 0.035254790776096404, 0.22352098886947017, 0.08897067269809535, 0.20756757968709066, 0.042713221721554825, 0.03165412110448718, 0.1254781006034948, 0.07518829221561467, 0.05768169119042868, 0.0528804308902473, 0.04839458618186389, 0.0800654565409482, 0.11508770781881024]",0.0611745078681874,4961.0,0.8325198412698412,0.8960515873015873,"[0.6428571428571429, 0.9047619047619048, 0.9285714285714287, 0.9285714285714287, 1.0, 0.9285714285714287, 0.8095238095238096, 0.7380952380952381, 0.9761904761904763, 0.9523809523809524, 0.9047619047619048, 0.9047619047619048, 0.9285714285714287, 0.9047619047619048, 0.7380952380952381, 0.7619047619047621, 0.7857142857142858, 0.8571428571428572, 0.9047619047619048, 0.9523809523809524, 0.8333333333333335, 0.880952380952381, 0.9761904761904763, 0.9523809523809524, 0.8571428571428572, 0.8571428571428572, 0.9047619047619048, 0.8571428571428572, 0.6904761904761906, 0.7380952380952381]",1.76356889330782,0.2681606335460874,"[1.0, 1.0, 1.0, 1.0, 1.0, 1.0, 0.6666666666666666, 1.0, 1.0, 1.0, 1.0, 1.0, 1.0, 1.0, 1.0, 1.0, 1.0, 1.0, 0.6666666666666666, 1.0, 0.6666666666666666, 1.0, 1.0, 1.0, 0.6666666666666666, 1.0, 1.0, 1.0, 0.6666666666666666, 0.6666666666666666]",0.1333333333333333,"[0.6, 0.8, 0.8, 0.8, 1.0, 1.0, 1.0, 0.6, 0.8, 0.8, 0.8, 0.8, 0.8, 0.8, 0.6, 0.8, 0.8, 0.8, 0.8, 1.0, 1.0, 0.8, 1.0, 1.0, 0.8, 0.8, 0.8, 0.8, 0.6, 0.8]",0.1194431524477928,0.0091030324980843
california,mlp,5000,0,8,b1_uniform,A0,0.0,0.0,5000.0,0.9793650793650792,0.0118782774183299,0.9380952380952378,1.0,0.9866666666666668,0.0016599671362956,3.834000234822857,"[0.9285714285714285, 0.9285714285714285, 0.8571428571428571, 0.9285714285714285, 0.9285714285714285, 0.9285714285714285, 0.9285714285714285, 0.9285714285714285, 0.9999999999999998, 0.9285714285714285, 0.9999999999999998, 0.9999999999999998, 0.9285714285714285, 0.9999999999999998, 0.9285714285714285, 0.9285714285714285, 0.9285714285714285, 0.9285714285714285, 0.9999999999999998, 0.9285714285714285, 0.9285714285714285, 0.9285714285714285, 0.9285714285714285, 0.9999999999999998, 0.8571428571428571, 0.9285714285714285, 0.9285714285714285, 0.9285714285714285, 0.9285714285714285, 0.9285714285714285]",0.0356348322549898,0.001447446500954,0.0018756983204038,0.0002074958920369,7.694709823125614e-05,"[0.0026263480489961957, 0.001244386082997334, 0.0022740791023884094, 0.0016170261022750846, 0.002195856228209625, 0.0020498901271170816, 0.001473581450433951, 0.001014596438901903, 0.0014482221186363083, 0.002303552461359601, 0.0008009570274795342, 0.0009739214776443739, 0.0008804813733828461, 0.0018141205519197486, 0.00145761213848451, 0.0026131909288048716, 0.0018340958025298165, 0.002121715694845254, 0.0006740478185988358, 0.0017781765609113924, 0.0011870344650899292, 0.0012464304402272357, 0.0014968636165984233, 0.0006941747556181143, 0.0030552445857524604, 0.002197341090839313, 0.0013956930982391962, 0.002216168267086363, 0.002068940903676953, 0.0010452653298241611]",0.00061557678585,5000.0,0.975396825396825,0.9833333333333332,"[0.9761904761904763, 0.9761904761904763, 0.9523809523809524, 0.9761904761904763, 0.9761904761904763, 0.9761904761904763, 0.9761904761904763, 0.9761904761904763, 1.0, 0.9761904761904763, 1.0, 1.0, 0.9761904761904763, 1.0, 0.9761904761904763, 0.9761904761904763, 0.9761904761904763, 0.9761904761904763, 1.0, 0.9761904761904763, 0.9761904761904763, 0.9761904761904763, 0.9761904761904763, 1.0, 0.9523809523809524, 0.9761904761904763, 0.9761904761904763, 0.9761904761904763, 0.9761904761904763, 0.9761904761904763]",0.7883477466879413,0.107195637567568,"[1.0, 1.0, 1.0, 1.0, 1.0, 1.0, 1.0, 1.0, 1.0, 1.0, 1.0, 1.0, 1.0, 1.0, 1.0, 1.0, 1.0, 1.0, 1.0, 1.0, 1.0, 1.0, 1.0, 1.0, 1.0, 1.0, 1.0, 1.0, 1.0, 1.0]",0.0,"[1.0, 1.0, 0.8, 1.0, 1.0, 1.0, 1.0, 1.0, 1.0, 1.0, 1.0, 1.0, 1.0, 1.0, 1.0, 1.0, 1.0, 1.0, 1.0, 1.0, 1.0, 1.0, 1.0, 1.0, 0.8, 1.0, 1.0, 1.0, 1.0, 1.0]",0.0498887651569858,5.874748173911522e-05
california,mlp,5000,0,8,b2_stratified,A0,0.0,0.0,5000.0,0.9873015873015872,0.0133748409098037,0.9619047619047616,1.0,1.0,0.0004329595812798,1.0,"[0.9999999999999998, 0.9285714285714285, 0.9999999999999998, 0.9285714285714285, 0.9999999999999998, 0.9285714285714285, 0.9999999999999998, 0.8571428571428571, 0.9999999999999998, 0.9285714285714285, 0.9999999999999998, 0.9999999999999998, 0.9999999999999998, 0.9999999999999998, 0.9285714285714285, 0.9285714285714285, 0.9285714285714285, 0.9999999999999998, 0.9999999999999998, 0.9285714285714285, 0.9999999999999998, 0.9999999999999998, 0.9999999999999998, 0.9285714285714285, 0.9999999999999998, 0.9285714285714285, 0.9285714285714285, 0.9285714285714285, 0.9285714285714285, 0.9285714285714285]",0.0401245227294111,0.0003164410016461,0.0005753861471797,5.411994765997724e-05,4.4724976718928325e-05,"[0.0004756637212726498, 0.00019233177892919397, 0.00044444641414991746, 8.903404948826321e-05, 8.538721483015411e-05, 0.0002806474700716396, 0.0005327152487367529, 0.00029973683603127176, 0.0004404059414162275, 0.0002699752959383051, 0.0008403068096165514, 0.00034320814650148093, 0.00014741214056849963, 0.0002465607721301567, 0.0002776678345046802, 0.0002812795209367672, 0.001607628686342575, 8.20504866944185e-05, 0.0004133650051856003, 0.0010987534113427349, 0.00028721312537091474, 0.00021588143782619833, 8.723497353926653e-05, 0.00045404647249552534, 0.0005354034193912447, 0.00034612195696593625, 0.00024100395518010195, 0.00024451182422356884, 0.0012923851732980066, 0.0008364083154159352]",0.0003577998137514,5000.0,0.9825396825396824,0.992063492063492,"[1.0, 0.9761904761904763, 1.0, 0.9761904761904763, 1.0, 0.9761904761904763, 1.0, 0.9523809523809524, 1.0, 0.9761904761904763, 1.0, 1.0, 1.0, 1.0, 0.9761904761904763, 0.9761904761904763, 0.9761904761904763, 1.0, 1.0, 0.9761904761904763, 1.0, 1.0, 1.0, 0.9761904761904763, 1.0, 0.9761904761904763, 0.9761904761904763, 0.9761904761904763, 0.9761904761904763, 0.9761904761904763]",0.8037957599929845,0.1470024391033227,"[1.0, 1.0, 1.0, 1.0, 1.0, 1.0, 1.0, 1.0, 1.0, 1.0, 1.0, 1.0, 1.0, 1.0, 1.0, 1.0, 1.0, 1.0, 1.0, 1.0, 1.0, 1.0, 1.0, 1.0, 1.0, 1.0, 1.0, 1.0, 1.0, 1.0]",0.0,"[1.0, 1.0, 1.0, 1.0, 1.0, 1.0, 1.0, 1.0, 1.0, 1.0, 1.0, 1.0, 1.0, 1.0, 1.0, 1.0, 1.0, 1.0, 1.0, 1.0, 1.0, 1.0, 1.0, 1.0, 1.0, 1.0, 1.0, 1.0, 1.0, 1.0]",0.0,5.221002196318051e-05
california,mlp,5000,0,8,b3_is,A0,0.0,0.0,5000.0,0.988095238095238,0.0119047619047618,0.964285714285714,1.0,1.0,0.0003781809766398,0.8734787102342553,"[0.9999999999999998, 0.9285714285714285, 0.9999999999999998, 0.9999999999999998, 0.9999999999999998, 0.9285714285714285, 0.9999999999999998, 0.9999999999999998, 0.9999999999999998, 0.9285714285714285, 0.9999999999999998, 0.9285714285714285, 0.9285714285714285, 0.9285714285714285, 0.9285714285714285, 0.9285714285714285, 0.9285714285714285, 0.9285714285714285, 0.9999999999999998, 0.9999999999999998, 0.9285714285714285, 0.9999999999999998, 0.9999999999999998, 0.9999999999999998, 0.9285714285714285, 0.9285714285714285, 0.9285714285714285, 0.9999999999999998, 0.9999999999999998, 0.9285714285714285]",0.0357142857142856,0.0002712278545036,0.0005158756600697,4.727262207998232e-05,4.278165386064112e-05,"[0.00026209642379606906, 0.000735319923914217, 0.00011123656913750156, 0.00024948087159766785, 0.0003300201749976025, 0.0002835546564119855, 0.0002096703855096068, 0.0007419494606646814, 0.00024352382022282593, 0.00019494833648443647, 0.00013594335192600401, 0.0005190561907492682, 0.000681977257102696, 0.0008938587975639663, 0.0004431360774962373, 0.00010946855703369393, 0.00031234744397185986, 9.722760687537809e-05, 0.00013729208542427335, 0.00013365464357242634, 0.00018249238547098778, 0.00022486206177347679, 0.0004441601267322768, 0.0003862126691022503, 0.00028726889276942894, 0.00015953942962826273, 0.0002499878561662335, 0.00015171181564683898, 0.0006039263413850956, 0.0018295050860685062]",0.0003422532308851,5000.0,0.9833333333333332,0.992063492063492,"[1.0, 0.9761904761904763, 1.0, 1.0, 1.0, 0.9761904761904763, 1.0, 1.0, 1.0, 0.9761904761904763, 1.0, 0.9761904761904763, 0.9761904761904763, 0.9761904761904763, 0.9761904761904763, 0.9761904761904763, 0.9761904761904763, 0.9761904761904763, 1.0, 1.0, 0.9761904761904763, 1.0, 1.0, 1.0, 0.9761904761904763, 0.9761904761904763, 0.9761904761904763, 1.0, 1.0, 0.9761904761904763]",0.888855433347635,0.1549026591157326,"[1.0, 1.0, 1.0, 1.0, 1.0, 1.0, 1.0, 1.0, 1.0, 1.0, 1.0, 1.0, 1.0, 1.0, 1.0, 1.0, 1.0, 1.0, 1.0, 1.0, 1.0, 1.0, 1.0, 1.0, 1.0, 1.0, 1.0, 1.0, 1.0, 1.0]",0.0,"[1.0, 1.0, 1.0, 1.0, 1.0, 1.0, 1.0, 1.0, 1.0, 1.0, 1.0, 1.0, 1.0, 1.0, 1.0, 1.0, 1.0, 1.0, 1.0, 1.0, 1.0, 1.0, 1.0, 1.0, 1.0, 1.0, 1.0, 1.0, 1.0, 1.0]",0.0,4.269589550820822e-05
california,mlp,5000,0,8,b4_antithetic,A0,0.0,0.0,5000.0,0.976190476190476,3.3306690738754696e-16,0.9285714285714284,1.0,1.0,0.0010530182134648,2.4321397631440544,"[0.9285714285714285, 0.9285714285714285, 0.9285714285714285, 0.9285714285714285, 0.9285714285714285, 0.9285714285714285, 0.9285714285714285, 0.9285714285714285, 0.9285714285714285, 0.9285714285714285, 0.9285714285714285, 0.9285714285714285, 0.9285714285714285, 0.9285714285714285, 0.9285714285714285, 0.9285714285714285, 0.9285714285714285, 0.9285714285714285, 0.9285714285714285, 0.9285714285714285, 0.9285714285714285, 0.9285714285714285, 0.9285714285714285, 0.9285714285714285, 0.9285714285714285, 0.9285714285714285, 0.9285714285714285, 0.9285714285714285, 0.9285714285714285, 0.9285714285714285]",2.220446049250313e-16,0.0010165295915535,0.0010901167547645,0.0001316272766831,1.2850031573239492e-05,"[0.001156289406432111, 0.0012279909729759478, 0.0012030860618681518, 0.0010354423009471237, 0.0009725879925091337, 0.0010618196799985413, 0.0012119731096406953, 0.0009685937782420068, 0.0012226907363275996, 0.0012274209522751293, 0.001048489480095762, 0.0009549905647686112, 0.000946300315872516, 0.000984815455875914, 0.0010299145086183515, 0.0010445294521575128, 0.0009740611357387575, 0.0009038104334961064, 0.0010756620257322334, 0.0008622044875321336, 0.000981305196255891, 0.0011502417948339666, 0.001106508786007054, 0.0011359223474504303, 0.0010770035984049575, 0.001006871903131273, 0.001073317404526042, 0.0010192096977229667, 0.0008674209454031065, 0.001060071879105332]",0.0001028002525859,5000.0,0.976190476190476,0.976190476190476,"[0.9761904761904763, 0.9761904761904763, 0.9761904761904763, 0.9761904761904763, 0.9761904761904763, 0.9761904761904763, 0.9761904761904763, 0.9761904761904763, 0.9761904761904763, 0.9761904761904763, 0.9761904761904763, 0.9761904761904763, 0.9761904761904763, 0.9761904761904763, 0.9761904761904763, 0.9761904761904763, 0.9761904761904763, 0.9761904761904763, 0.9761904761904763, 0.9761904761904763, 0.9761904761904763, 0.9761904761904763, 0.9761904761904763, 0.9761904761904763, 0.9761904761904763, 0.9761904761904763, 0.9761904761904763, 0.9761904761904763, 0.9761904761904763, 0.9761904761904763]",0.7794056833256036,0.1707498587148394,"[1.0, 1.0, 1.0, 1.0, 1.0, 1.0, 1.0, 1.0, 1.0, 1.0, 1.0, 1.0, 1.0, 1.0, 1.0, 1.0, 1.0, 1.0, 1.0, 1.0, 1.0, 1.0, 1.0, 1.0, 1.0, 1.0, 1.0, 1.0, 1.0, 1.0]",0.0,"[1.0, 1.0, 1.0, 1.0, 1.0, 1.0, 1.0, 1.0, 1.0, 1.0, 1.0, 1.0, 1.0, 1.0, 1.0, 1.0, 1.0, 1.0, 1.0, 1.0, 1.0, 1.0, 1.0, 1.0, 1.0, 1.0, 1.0, 1.0, 1.0, 1.0]",0.0,1.4901554893756747e-06
california,mlp,5000,1,8,abc_shap,A0,0.9922,4961.0,39.0,0.8769841269841269,0.0755637250485302,0.7666666666666665,0.8666666666666667,0.8933333333333334,0.0123779823499249,178.92354381442058,"[0.7857142857142856, 0.7857142857142856, 0.7142857142857142, 0.8571428571428571, 0.7857142857142856, 0.4999999999999999, 0.8571428571428571, 0.7857142857142856, 0.7857142857142856, 0.7142857142857142, 0.7142857142857142, 0.5714285714285714, 0.7857142857142856, 0.8571428571428571, 0.9285714285714285, 0.8571428571428571, 0.8571428571428571, 0.7142857142857142, 0.6428571428571428, 0.7857142857142856, 0.7142857142857142, 0.7857142857142856, 0.8571428571428571, 0.7857142857142856, 0.6428571428571428, 0.7142857142857142, 0.9285714285714285, 0.7857142857142856, 0.9285714285714285, 0.5714285714285714]",0.104219374420187,0.0099227346388805,0.015586270459979,0.0015472477937406,0.001006000247528,"[0.020140029636499322, 0.008072696464418145, 0.0068680308707320895, 0.007548049800684013, 0.005887872810863958, 0.0169622332694666, 0.00448852431255894, 0.009651427347934397, 0.009976450831494631, 0.009635197830496437, 0.011374318342627924, 0.04760326955957118, 0.012149903598483992, 0.009449387450653263, 0.004689059786316437, 0.006568941328518451, 0.009315416370034725, 0.012430990053583574, 0.012781080570639017, 0.011046587866930293, 0.01263565723394051, 0.01129365363701405, 0.017609445806466565, 0.01374841741903732, 0.011078841593864932, 0.011345117246060927, 0.009968844094954833, 0.008228095908902748, 0.010589110845829404, 0.028202818609170156]",0.0080480019802241,4961.0,0.85,0.9031746031746032,"[0.9047619047619048, 0.880952380952381, 0.880952380952381, 0.9285714285714287, 0.9047619047619048, 0.6666666666666669, 0.9523809523809524, 0.9047619047619048, 0.880952380952381, 0.8095238095238096, 0.8333333333333335, 0.7619047619047621, 0.9047619047619048, 0.9523809523809524, 0.9761904761904763, 0.9523809523809524, 0.9523809523809524, 0.880952380952381, 0.7857142857142858, 0.9047619047619048, 0.8095238095238096, 0.880952380952381, 0.9285714285714287, 0.9047619047619048, 0.7857142857142858, 0.8095238095238096, 0.9761904761904763, 0.880952380952381, 0.9761904761904763, 0.7380952380952381]",1.670632730036353,0.1301455773253289,"[0.6666666666666666, 1.0, 0.6666666666666666, 1.0, 1.0, 0.6666666666666666, 0.6666666666666666, 0.6666666666666666, 1.0, 1.0, 1.0, 0.6666666666666666, 0.6666666666666666, 1.0, 1.0, 1.0, 0.6666666666666666, 0.6666666666666666, 1.0, 1.0, 1.0, 1.0, 1.0, 0.6666666666666666, 1.0, 1.0, 1.0, 1.0, 0.6666666666666666, 0.6666666666666666]",0.1632993161855452,"[0.8, 0.8, 1.0, 1.0, 1.0, 0.8, 1.0, 1.0, 0.8, 0.8, 0.8, 1.0, 1.0, 1.0, 1.0, 1.0, 1.0, 0.8, 0.8, 0.8, 0.8, 0.8, 0.8, 1.0, 0.8, 0.8, 0.8, 0.8, 1.0, 1.0]",0.0997775303139717,0.0011697729650578
california,mlp,5000,1,8,b1_uniform,A0,0.0,0.0,5000.0,0.9936507936507936,0.0136544845508612,0.9809523809523808,0.9777777777777776,1.0,0.0015828187654692,22.879620824102503,"[0.9999999999999998, 0.9999999999999998, 0.9999999999999998, 0.9999999999999998, 0.8571428571428571, 0.9999999999999998, 0.9999999999999998, 0.9285714285714285, 0.9999999999999998, 0.9999999999999998, 0.9999999999999998, 0.8571428571428571, 0.9285714285714285, 0.9999999999999998, 0.9999999999999998, 0.9999999999999998, 0.9285714285714285, 0.9999999999999998, 0.9999999999999998, 0.9999999999999998, 0.9285714285714285, 0.9999999999999998, 0.9999999999999998, 0.9999999999999998, 0.9999999999999998, 0.9999999999999998, 0.9999999999999998, 0.9999999999999998, 0.9999999999999998, 0.9999999999999998]",0.0409634536525838,0.0014632965875891,0.001712111769849,0.0001978523456836,4.134009202985508e-05,"[0.0012308303815582043, 0.0017383432557498434, 0.0013244092811368117, 0.0015636137719080728, 0.0018877543287998417, 0.002178873747442637, 0.0011457140302808977, 0.001661204460730339, 0.0012598282000411505, 0.0020274500237934625, 0.001616312091145491, 0.0016014048658165672, 0.001568790507958484, 0.0011195403570538917, 0.0010552342486440595, 0.0017042263371187623, 0.0020718081534654128, 0.0011608529901981836, 0.002060385336110237, 0.0016332987595430364, 0.0020504673114701546, 0.0011009197067911212, 0.0016358336467719927, 0.0015871023012873598, 0.0014193794089024368, 0.0017715422825625104, 0.0013040205021381892, 0.002140144922347976, 0.0013555753419565572, 0.0015097024113524663]",0.0003307207362388,5000.0,0.9888888888888888,0.9984126984126984,"[1.0, 1.0, 1.0, 1.0, 0.9523809523809524, 1.0, 1.0, 0.9761904761904763, 1.0, 1.0, 1.0, 0.9523809523809524, 0.9761904761904763, 1.0, 1.0, 1.0, 0.9761904761904763, 1.0, 1.0, 1.0, 0.9761904761904763, 1.0, 1.0, 1.0, 1.0, 1.0, 1.0, 1.0, 1.0, 1.0]",0.740945463317136,0.0543481924994641,"[1.0, 1.0, 1.0, 1.0, 0.6666666666666666, 1.0, 1.0, 1.0, 1.0, 1.0, 1.0, 0.6666666666666666, 1.0, 1.0, 1.0, 1.0, 1.0, 1.0, 1.0, 1.0, 1.0, 1.0, 1.0, 1.0, 1.0, 1.0, 1.0, 1.0, 1.0, 1.0]",0.0831479419283098,"[1.0, 1.0, 1.0, 1.0, 1.0, 1.0, 1.0, 1.0, 1.0, 1.0, 1.0, 1.0, 1.0, 1.0, 1.0, 1.0, 1.0, 1.0, 1.0, 1.0, 1.0, 1.0, 1.0, 1.0, 1.0, 1.0, 1.0, 1.0, 1.0, 1.0]",0.0,1.1600570221057867e-05
california,mlp,5000,1,8,b2_stratified,A0,0.0,0.0,5000.0,0.976190476190476,0.0173880176985766,0.9285714285714284,1.0,1.0,6.918028832898255e-05,1.0,"[0.9285714285714285, 0.9285714285714285, 0.8571428571428571, 0.9285714285714285, 0.9999999999999998, 0.9999999999999998, 0.9999999999999998, 0.9285714285714285, 0.9999999999999998, 0.9999999999999998, 0.8571428571428571, 0.9285714285714285, 0.9999999999999998, 0.8571428571428571, 0.8571428571428571, 0.8571428571428571, 0.9999999999999998, 0.9285714285714285, 0.9285714285714285, 0.8571428571428571, 0.9999999999999998, 0.8571428571428571, 0.9285714285714285, 0.8571428571428571, 0.9285714285714285, 0.9285714285714285, 0.9285714285714285, 0.9285714285714285, 0.9285714285714285, 0.9285714285714285]",0.05216405309573,5.316426249819412e-05,8.714073160907128e-05,8.64753604112282e-06,5.921640735891538e-06,"[3.5690573425775124e-05, 3.315047908037151e-05, 7.794987144746123e-05, 4.3665841606067724e-05, 0.00010119826484384681, 1.4125407306060755e-05, 2.3904678033534253e-05, 5.519983904363117e-05, 2.785542641273492e-05, 0.00020227001925605178, 0.00014919829168945505, 2.2711554476798033e-05, 3.2430536147267194e-05, 0.00015131713612836077, 0.00013144360694586092, 2.7479579849209584e-05, 4.8228258418630644e-05, 0.00011242133510161302, 4.7417988548904495e-05, 4.375653948964454e-05, 5.9862239288148944e-05, 7.70253886497213e-05, 3.690869884249996e-05, 3.9114946530056637e-05, 0.0001649440238511144, 9.01720172242685e-05, 6.40291664423736e-05, 6.017519276369967e-05, 3.925021044902232e-05, 6.251153857729184e-05]",4.7373125887132304e-05,5000.0,0.9698412698412698,0.9825396825396828,"[0.9761904761904763, 0.9761904761904763, 0.9523809523809524, 0.9761904761904763, 1.0, 1.0, 1.0, 0.9761904761904763, 1.0, 1.0, 0.9523809523809524, 0.9761904761904763, 1.0, 0.9523809523809524, 0.9523809523809524, 0.9523809523809524, 1.0, 0.9761904761904763, 0.9761904761904763, 0.9523809523809524, 1.0, 0.9523809523809524, 0.9761904761904763, 0.9523809523809524, 0.9761904761904763, 0.9761904761904763, 0.9761904761904763, 0.9761904761904763, 0.9761904761904763, 0.9761904761904763]",0.7461225000210107,0.0737572162210893,"[1.0, 1.0, 1.0, 1.0, 1.0, 1.0, 1.0, 1.0, 1.0, 1.0, 1.0, 1.0, 1.0, 1.0, 1.0, 1.0, 1.0, 1.0, 1.0, 1.0, 1.0, 1.0, 1.0, 1.0, 1.0, 1.0, 1.0, 1.0, 1.0, 1.0]",0.0,"[1.0, 1.0, 1.0, 1.0, 1.0, 1.0, 1.0, 1.0, 1.0, 1.0, 1.0, 1.0, 1.0, 1.0, 1.0, 1.0, 1.0, 1.0, 1.0, 1.0, 1.0, 1.0, 1.0, 1.0, 1.0, 1.0, 1.0, 1.0, 1.0, 1.0]",0.0,6.777702088623406e-06
california,mlp,5000,1,8,b3_is,A0,0.0,0.0,5000.0,0.9563492063492066,0.0088732856249991,0.869047619047619,1.0,1.0,0.0002052384554356,2.966718705474288,"[0.8571428571428571, 0.8571428571428571, 0.8571428571428571, 0.8571428571428571, 0.8571428571428571, 0.8571428571428571, 0.8571428571428571, 0.8571428571428571, 0.8571428571428571, 0.8571428571428571, 0.8571428571428571, 0.9285714285714285, 0.8571428571428571, 0.8571428571428571, 0.8571428571428571, 0.9285714285714285, 0.8571428571428571, 0.8571428571428571, 0.8571428571428571, 0.9285714285714285, 0.9285714285714285, 0.8571428571428571, 0.8571428571428571, 0.8571428571428571, 0.8571428571428571, 0.9285714285714285, 0.8571428571428571, 0.8571428571428571, 0.8571428571428571, 0.8571428571428571]",0.0266198568749974,0.0001681042807003,0.0002483085803158,2.5654806929462135e-05,1.3935519838208352e-05,"[0.0003858025527334432, 0.00020774798865567557, 0.0002331129458515987, 0.0002085771156370711, 0.000558614072191834, 8.918158856411961e-05, 0.0002415051096196741, 0.00012521687658515347, 0.000118349748930387, 0.0002023285411429589, 0.00016330205848132654, 0.00012601563866204783, 5.578876442404888e-05, 5.473092217034049e-05, 0.0002516898937572554, 0.00018887693650926381, 0.00030319585476287655, 0.00020606837487753874, 0.0004660973873740748, 0.000200871783030502, 0.00020245360952247566, 0.0002488264510901333, 0.00019956458137714795, 8.921124740159044e-05, 0.0002771939469975684, 4.4500758716529135e-05, 0.00017748253208749117, 0.00013151901691034763, 0.00019471416300701454, 0.00020461320199942557]",0.0001114841587056,5000.0,0.9531746031746032,0.9595238095238098,"[0.9523809523809524, 0.9523809523809524, 0.9523809523809524, 0.9523809523809524, 0.9523809523809524, 0.9523809523809524, 0.9523809523809524, 0.9523809523809524, 0.9523809523809524, 0.9523809523809524, 0.9523809523809524, 0.9761904761904763, 0.9523809523809524, 0.9523809523809524, 0.9523809523809524, 0.9761904761904763, 0.9523809523809524, 0.9523809523809524, 0.9523809523809524, 0.9761904761904763, 0.9761904761904763, 0.9523809523809524, 0.9523809523809524, 0.9523809523809524, 0.9523809523809524, 0.9761904761904763, 0.9523809523809524, 0.9523809523809524, 0.9523809523809524, 0.9523809523809524]",0.854563089980123,0.0786353144043057,"[1.0, 1.0, 1.0, 1.0, 1.0, 1.0, 1.0, 1.0, 1.0, 1.0, 1.0, 1.0, 1.0, 1.0, 1.0, 1.0, 1.0, 1.0, 1.0, 1.0, 1.0, 1.0, 1.0, 1.0, 1.0, 1.0, 1.0, 1.0, 1.0, 1.0]",0.0,"[1.0, 1.0, 1.0, 1.0, 1.0, 1.0, 1.0, 1.0, 1.0, 1.0, 1.0, 1.0, 1.0, 1.0, 1.0, 1.0, 1.0, 1.0, 1.0, 1.0, 1.0, 1.0, 1.0, 1.0, 1.0, 1.0, 1.0, 1.0, 1.0, 1.0]",0.0,8.092772573918017e-06
california,mlp,5000,1,8,b4_antithetic,A0,0.0,0.0,5000.0,0.9968253968253968,0.0080936817676075,0.9904761904761902,0.9777777777777776,1.0,0.0013883107942052,20.068011101705714,"[0.9999999999999998, 0.9999999999999998, 0.9999999999999998, 0.9999999999999998, 0.9999999999999998, 0.9999999999999998, 0.9999999999999998, 0.9999999999999998, 0.9999999999999998, 0.9999999999999998, 0.9285714285714285, 0.9999999999999998, 0.9999999999999998, 0.9999999999999998, 0.9999999999999998, 0.9285714285714285, 0.9999999999999998, 0.9999999999999998, 0.9999999999999998, 0.9999999999999998, 0.9999999999999998, 0.9999999999999998, 0.9285714285714285, 0.9999999999999998, 0.9999999999999998, 0.9285714285714285, 0.9999999999999998, 0.9999999999999998, 0.9999999999999998, 0.9999999999999998]",0.0242810453028227,0.0013079438086645,0.0014769092844358,0.0001735388492756,2.9386059566865905e-05,"[0.0015010942106393195, 0.0011170285518178806, 0.0014230222405524676, 0.0012648438603634746, 0.0012434838021755557, 0.001608602433538348, 0.0015100193528147644, 0.0011891098157749698, 0.0016904235136915137, 0.000992852084649348, 0.0014420428250451424, 0.0011853097968866169, 0.0009496934526026483, 0.0011095961798372083, 0.0012937388793830083, 0.001620936067714728, 0.0010722739938465932, 0.0014491552346768304, 0.0014935690817624852, 0.001164264496576446, 0.0015873202921933192, 0.0015906653615100359, 0.002039630289921719, 0.0014289102482347707, 0.0013983720459605437, 0.001439244360700281, 0.0014730530484788255, 0.0017037586998027722, 0.001432957919463342, 0.0012343516855417688]",0.0002350884765349,5000.0,0.9936507936507936,0.9992063492063492,"[1.0, 1.0, 1.0, 1.0, 1.0, 1.0, 1.0, 1.0, 1.0, 1.0, 0.9761904761904763, 1.0, 1.0, 1.0, 1.0, 0.9761904761904763, 1.0, 1.0, 1.0, 1.0, 1.0, 1.0, 0.9761904761904763, 1.0, 1.0, 0.9761904761904763, 1.0, 1.0, 1.0, 1.0]",0.7281802200091382,0.1167953995021616,"[1.0, 1.0, 1.0, 1.0, 1.0, 1.0, 1.0, 1.0, 1.0, 1.0, 1.0, 1.0, 1.0, 1.0, 1.0, 0.6666666666666666, 1.0, 1.0, 1.0, 1.0, 1.0, 1.0, 0.6666666666666666, 1.0, 1.0, 1.0, 1.0, 1.0, 1.0, 1.0]",0.0831479419283098,"[1.0, 1.0, 1.0, 1.0, 1.0, 1.0, 1.0, 1.0, 1.0, 1.0, 1.0, 1.0, 1.0, 1.0, 1.0, 1.0, 1.0, 1.0, 1.0, 1.0, 1.0, 1.0, 1.0, 1.0, 1.0, 1.0, 1.0, 1.0, 1.0, 1.0]",0.0,4.2471709095013774e-06
california,mlp,5000,2,8,abc_shap,A0,0.9922,4961.0,39.0,0.7976190476190477,0.1048250170644866,0.6833333333333335,0.7444444444444446,0.8266666666666668,0.0482895758831374,208.75080824013645,"[0.6428571428571428, 0.8571428571428571, 0.6428571428571428, 0.4999999999999999, 0.6428571428571428, 0.8571428571428571, 0.6428571428571428, 0.5714285714285714, 0.7142857142857142, 0.42857142857142855, 0.7857142857142856, 0.6428571428571428, 0.5714285714285714, 0.5714285714285714, 0.6428571428571428, 0.7142857142857142, 0.6428571428571428, 0.9285714285714285, 0.7142857142857142, 0.5714285714285714, 0.8571428571428571, 0.6428571428571428, 0.9285714285714285, 0.5714285714285714, 0.7142857142857142, 0.5714285714285714, 0.5714285714285714, 0.7142857142857142, 0.7142857142857142, 0.9285714285714285]",0.1273531344792031,0.0417060718312198,0.0563392840169555,0.0060361969853921,0.0025223169541154,"[0.03747413027509783, 0.023865284500743985, 0.09376910785255496, 0.0617826191553344, 0.04568379332072441, 0.019414777775896497, 0.12162697316440325, 0.04792765571166514, 0.04234303976105448, 0.05135192318335639, 0.04339442271330943, 0.0494141641921762, 0.04956071262263709, 0.05826184027737403, 0.04570692578913246, 0.03524650954636318, 0.05043038211757117, 0.026746842810024762, 0.032320242236642316, 0.05561985292744379, 0.037341026819579876, 0.05141269353258177, 0.055481514966196716, 0.05277061763934002, 0.016470102430821986, 0.058225725880039055, 0.05366443469997829, 0.06130682589618257, 0.03976301252056716, 0.03031012217532913]",0.0201785356329235,4961.0,0.7603174603174605,0.8341666666666666,"[0.7857142857142858, 0.9285714285714287, 0.7857142857142858, 0.6190476190476191, 0.7380952380952381, 0.9285714285714287, 0.7857142857142858, 0.6904761904761906, 0.8095238095238096, 0.5952380952380953, 0.9047619047619048, 0.7619047619047621, 0.6904761904761906, 0.7142857142857144, 0.7619047619047621, 0.880952380952381, 0.7619047619047621, 0.9761904761904763, 0.880952380952381, 0.6904761904761906, 0.9523809523809524, 0.7619047619047621, 0.9761904761904763, 0.7142857142857144, 0.8095238095238096, 0.6904761904761906, 0.7142857142857144, 0.8095238095238096, 0.8333333333333335, 0.9761904761904763]",1.6563795032988613,0.1134888644699176,"[0.6666666666666666, 0.6666666666666666, 1.0, 0.6666666666666666, 0.6666666666666666, 1.0, 0.6666666666666666, 0.6666666666666666, 0.6666666666666666, 0.6666666666666666, 0.6666666666666666, 0.6666666666666666, 1.0, 0.6666666666666666, 0.6666666666666666, 0.6666666666666666, 0.6666666666666666, 0.6666666666666666, 0.6666666666666666, 0.6666666666666666, 1.0, 0.6666666666666666, 1.0, 0.6666666666666666, 0.6666666666666666, 0.6666666666666666, 0.6666666666666666, 0.6666666666666666, 1.0, 1.0]",0.1409841948938835,"[0.8, 1.0, 0.8, 0.8, 0.8, 0.8, 0.8, 0.8, 0.8, 0.6, 0.8, 0.8, 0.6, 0.8, 0.8, 1.0, 0.8, 1.0, 1.0, 0.8, 1.0, 0.8, 0.8, 0.8, 0.8, 0.8, 0.8, 0.8, 0.8, 1.0]",0.0997775303139717,0.0042665869560897
california,mlp,5000,2,8,b1_uniform,A0,0.0,0.0,5000.0,0.968253968253968,0.0166477594947642,0.914285714285714,1.0,0.9733333333333332,0.0075027952443138,32.43380258921833,"[0.9285714285714285, 0.8571428571428571, 0.9285714285714285, 0.9285714285714285, 0.9285714285714285, 0.8571428571428571, 0.9285714285714285, 0.9285714285714285, 0.9285714285714285, 0.9285714285714285, 0.8571428571428571, 0.9285714285714285, 0.9285714285714285, 0.9285714285714285, 0.8571428571428571, 0.9285714285714285, 0.9285714285714285, 0.8571428571428571, 0.9285714285714285, 0.9285714285714285, 0.9285714285714285, 0.9285714285714285, 0.9285714285714285, 0.9285714285714285, 0.9285714285714285, 0.9285714285714285, 0.9285714285714285, 0.9285714285714285, 0.9285714285714285, 0.8571428571428571]",0.0285714285714285,0.0070831003651462,0.0078661205995584,0.0009378494055392,0.0001397837303813,"[0.00670242187032437, 0.007566072540401291, 0.007673403209558644, 0.007936741520197497, 0.007897028231716377, 0.0071890139969483366, 0.008659123471887764, 0.008416691569784036, 0.007251176869397955, 0.007679368856806115, 0.00681552563223213, 0.008056471481142507, 0.004872102570467266, 0.006148742846499725, 0.00800527510527937, 0.005224040657599549, 0.0077439308464481915, 0.008311802631444343, 0.008317868846375767, 0.006194673697815224, 0.007259560763845118, 0.008907301878502201, 0.006533832355371741, 0.008964007846476609, 0.007222190455140677, 0.009588854760485856, 0.00842851966899127, 0.008373062432752855, 0.005310481279633957, 0.007834569435887279]",0.0011182698430504,5000.0,0.961904761904762,0.9738095238095236,"[0.9761904761904763, 0.9523809523809524, 0.9761904761904763, 0.9761904761904763, 0.9761904761904763, 0.9285714285714287, 0.9761904761904763, 0.9761904761904763, 0.9761904761904763, 0.9761904761904763, 0.9285714285714287, 0.9761904761904763, 0.9761904761904763, 0.9761904761904763, 0.9523809523809524, 0.9761904761904763, 0.9761904761904763, 0.9285714285714287, 0.9761904761904763, 0.9761904761904763, 0.9761904761904763, 0.9761904761904763, 0.9761904761904763, 0.9761904761904763, 0.9761904761904763, 0.9761904761904763, 0.9761904761904763, 0.9761904761904763, 0.9761904761904763, 0.9285714285714287]",0.7522783133434132,0.0824054047475771,"[1.0, 1.0, 1.0, 1.0, 1.0, 1.0, 1.0, 1.0, 1.0, 1.0, 1.0, 1.0, 1.0, 1.0, 1.0, 1.0, 1.0, 1.0, 1.0, 1.0, 1.0, 1.0, 1.0, 1.0, 1.0, 1.0, 1.0, 1.0, 1.0, 1.0]",0.0,"[1.0, 1.0, 1.0, 1.0, 1.0, 0.8, 1.0, 1.0, 1.0, 1.0, 0.8, 1.0, 1.0, 1.0, 1.0, 1.0, 1.0, 0.8, 1.0, 1.0, 1.0, 1.0, 1.0, 1.0, 1.0, 1.0, 1.0, 1.0, 1.0, 0.8]",0.0679869268479037,3.505456163691606e-05
california,mlp,5000,2,8,b2_stratified,A0,0.0,0.0,5000.0,0.9833333333333332,0.0109108945117995,0.9499999999999996,1.0,0.8600000000000001,0.0002313264139681,1.0,"[0.9285714285714285, 0.9285714285714285, 0.9999999999999998, 0.9285714285714285, 0.9285714285714285, 0.9285714285714285, 0.9285714285714285, 0.9285714285714285, 0.9999999999999998, 0.9285714285714285, 0.9285714285714285, 0.9285714285714285, 0.9999999999999998, 0.9285714285714285, 0.9999999999999998, 0.9285714285714285, 0.9999999999999998, 0.9285714285714285, 0.9285714285714285, 0.9285714285714285, 0.9285714285714285, 0.9285714285714285, 0.9999999999999998, 0.9999999999999998, 0.9999999999999998, 0.9285714285714285, 0.9999999999999998, 0.9285714285714285, 0.9285714285714285, 0.9285714285714285]",0.0327326835353987,0.0001747773430783,0.0002932213083494,2.8915801746014996e-05,2.10827072093322e-05,"[0.00046175837403045845, 0.00012493723480410906, 0.00011567295751995024, 0.000675644788204331, 0.000275953699521272, 0.000537911577442253, 9.604978355622446e-05, 0.0004404388744516148, 6.899386761221556e-05, 8.337615872598581e-05, 0.00014051658373092816, 0.0005358899009438637, 0.00031090527951622217, 6.390735679293916e-05, 0.0003773702958437394, 6.0056340027645765e-05, 0.00019763757858351114, 0.000124697637076183, 0.00011582770060769598, 6.255612710809486e-05, 0.0001973012775834366, 0.0002648998424614911, 0.0003547177089553982, 0.0004474492277678089, 0.00019438308055826623, 0.00016433537185336162, 0.00015799877629069306, 7.707828591522378e-05, 0.00012581937938445028, 8.570735217423144e-05]",0.0001686616576746,5000.0,0.98015873015873,0.9873015873015872,"[0.9761904761904763, 0.9761904761904763, 1.0, 0.9761904761904763, 0.9761904761904763, 0.9761904761904763, 0.9761904761904763, 0.9761904761904763, 1.0, 0.9761904761904763, 0.9761904761904763, 0.9761904761904763, 1.0, 0.9761904761904763, 1.0, 0.9761904761904763, 1.0, 0.9761904761904763, 0.9761904761904763, 0.9761904761904763, 0.9761904761904763, 0.9761904761904763, 1.0, 1.0, 1.0, 0.9761904761904763, 1.0, 0.9761904761904763, 0.9761904761904763, 0.9761904761904763]",0.7419105267152191,0.0383119750541591,"[1.0, 1.0, 1.0, 1.0, 1.0, 1.0, 1.0, 1.0, 1.0, 1.0, 1.0, 1.0, 1.0, 1.0, 1.0, 1.0, 1.0, 1.0, 1.0, 1.0, 1.0, 1.0, 1.0, 1.0, 1.0, 1.0, 1.0, 1.0, 1.0, 1.0]",0.0,"[0.8, 0.8, 1.0, 0.8, 0.8, 0.8, 0.8, 0.8, 1.0, 0.8, 0.8, 0.8, 1.0, 0.8, 1.0, 0.8, 1.0, 0.8, 0.8, 0.8, 0.8, 0.8, 1.0, 1.0, 1.0, 0.8, 1.0, 0.8, 0.8, 0.8]",0.0916515138991167,2.5659941463973583e-05
california,mlp,5000,2,8,b3_is,A0,0.0,0.0,5000.0,0.976190476190476,3.3306690738754696e-16,0.9285714285714284,1.0,0.8000000000000003,0.0008836102327964,3.8197550277084167,"[0.9285714285714285, 0.9285714285714285, 0.9285714285714285, 0.9285714285714285, 0.9285714285714285, 0.9285714285714285, 0.9285714285714285, 0.9285714285714285, 0.9285714285714285, 0.9285714285714285, 0.9285714285714285, 0.9285714285714285, 0.9285714285714285, 0.9285714285714285, 0.9285714285714285, 0.9285714285714285, 0.9285714285714285, 0.9285714285714285, 0.9285714285714285, 0.9285714285714285, 0.9285714285714285, 0.9285714285714285, 0.9285714285714285, 0.9285714285714285, 0.9285714285714285, 0.9285714285714285, 0.9285714285714285, 0.9285714285714285, 0.9285714285714285, 0.9285714285714285]",2.220446049250313e-16,0.0008076237767662,0.0009745160135005,0.0001104512790995,3.0186490217485307e-05,"[0.0005881782449264483, 0.0010026256029615477, 0.0008690107859592436, 0.0007537115922409525, 0.000583414500254739, 0.0010239417310883392, 0.0010024818835494536, 0.0005622774037848465, 0.0011412633326373493, 0.0008761938730953462, 0.0007290643810492806, 0.0010890657679469135, 0.000753824705295313, 0.0009326696892299904, 0.0010830541077110453, 0.0007519175021056041, 0.001094531294949344, 0.0008724374739136435, 0.0008725163982557004, 0.0007859693080199516, 0.0007608422189848732, 0.0007451358654002616, 0.0011974799275716078, 0.0009962395161862351, 0.0018146428614041303, 0.0006962704338974543, 0.0007645854561532877, 0.0007148910155627182, 0.0007383686982728112, 0.0007117014114861086]",0.0002414919217398,5000.0,0.976190476190476,0.976190476190476,"[0.9761904761904763, 0.9761904761904763, 0.9761904761904763, 0.9761904761904763, 0.9761904761904763, 0.9761904761904763, 0.9761904761904763, 0.9761904761904763, 0.9761904761904763, 0.9761904761904763, 0.9761904761904763, 0.9761904761904763, 0.9761904761904763, 0.9761904761904763, 0.9761904761904763, 0.9761904761904763, 0.9761904761904763, 0.9761904761904763, 0.9761904761904763, 0.9761904761904763, 0.9761904761904763, 0.9761904761904763, 0.9761904761904763, 0.9761904761904763, 0.9761904761904763, 0.9761904761904763, 0.9761904761904763, 0.9761904761904763, 0.9761904761904763, 0.9761904761904763]",0.8405912266500916,0.0385793683668561,"[1.0, 1.0, 1.0, 1.0, 1.0, 1.0, 1.0, 1.0, 1.0, 1.0, 1.0, 1.0, 1.0, 1.0, 1.0, 1.0, 1.0, 1.0, 1.0, 1.0, 1.0, 1.0, 1.0, 1.0, 1.0, 1.0, 1.0, 1.0, 1.0, 1.0]",0.0,"[0.8, 0.8, 0.8, 0.8, 0.8, 0.8, 0.8, 0.8, 0.8, 0.8, 0.8, 0.8, 0.8, 0.8, 0.8, 0.8, 0.8, 0.8, 0.8, 0.8, 0.8, 0.8, 0.8, 0.8, 0.8, 0.8, 0.8, 0.8, 0.8, 0.8]",2.220446049250313e-16,2.0490299309833597e-05
california,mlp,5000,2,8,b4_antithetic,A0,0.0,0.0,5000.0,0.9746031746031744,0.0085478806462452,0.926190476190476,1.0,0.9933333333333334,0.0076637488000631,33.12958805093176,"[0.9285714285714285, 0.9285714285714285, 0.9285714285714285, 0.9285714285714285, 0.9285714285714285, 0.9285714285714285, 0.9285714285714285, 0.9285714285714285, 0.9285714285714285, 0.9285714285714285, 0.9285714285714285, 0.9285714285714285, 0.9285714285714285, 0.9285714285714285, 0.9285714285714285, 0.9285714285714285, 0.9285714285714285, 0.9285714285714285, 0.9285714285714285, 0.9285714285714285, 0.9285714285714285, 0.9285714285714285, 0.9285714285714285, 0.9285714285714285, 0.9285714285714285, 0.9285714285714285, 0.9285714285714285, 0.9285714285714285, 0.8571428571428571, 0.9285714285714285]",0.0128218209693678,0.0071983873350006,0.0080752157389422,0.0009579686000078,0.0001591031653456,"[0.005379665628669679, 0.00687510251676653, 0.008566940838752223, 0.006699621156335153, 0.009115967040669637, 0.006372795174698736, 0.006500916341413817, 0.006920526107861071, 0.010034231401299767, 0.008952876004663008, 0.00959606889492314, 0.006761403721661771, 0.008512963557229018, 0.007556761624087382, 0.006557707480289783, 0.006886756659315967, 0.005757703068360939, 0.008898683825741131, 0.005859263953840908, 0.0105836335152782, 0.008154170073342595, 0.008561250597145782, 0.00732631947354637, 0.0071345911560490105, 0.007979661149704687, 0.0071143352108124225, 0.007555516414553872, 0.007825323099605467, 0.008931338535179386, 0.006940369780096166]",0.0012728253227655,5000.0,0.9714285714285712,0.976190476190476,"[0.9761904761904763, 0.9761904761904763, 0.9761904761904763, 0.9761904761904763, 0.9761904761904763, 0.9761904761904763, 0.9761904761904763, 0.9761904761904763, 0.9761904761904763, 0.9761904761904763, 0.9761904761904763, 0.9761904761904763, 0.9761904761904763, 0.9761904761904763, 0.9761904761904763, 0.9761904761904763, 0.9761904761904763, 0.9761904761904763, 0.9761904761904763, 0.9761904761904763, 0.9761904761904763, 0.9761904761904763, 0.9761904761904763, 0.9761904761904763, 0.9761904761904763, 0.9761904761904763, 0.9761904761904763, 0.9761904761904763, 0.9285714285714287, 0.9761904761904763]",0.7454018100242441,0.1057311596863062,"[1.0, 1.0, 1.0, 1.0, 1.0, 1.0, 1.0, 1.0, 1.0, 1.0, 1.0, 1.0, 1.0, 1.0, 1.0, 1.0, 1.0, 1.0, 1.0, 1.0, 1.0, 1.0, 1.0, 1.0, 1.0, 1.0, 1.0, 1.0, 1.0, 1.0]",0.0,"[1.0, 1.0, 1.0, 1.0, 1.0, 1.0, 1.0, 1.0, 1.0, 1.0, 1.0, 1.0, 1.0, 1.0, 1.0, 1.0, 1.0, 1.0, 1.0, 1.0, 1.0, 1.0, 1.0, 1.0, 1.0, 1.0, 1.0, 1.0, 0.8, 1.0]",0.03590109871423,2.469856082607261e-05
california,mlp,5000,3,8,abc_shap,A0,0.9922,4961.0,39.0,0.776984126984127,0.1029576473502391,0.6333333333333332,0.9222222222222224,0.8333333333333335,0.2432916798891126,158.38836417755925,"[0.6428571428571428, 0.42857142857142855, 0.7857142857142856, 0.4999999999999999, 0.42857142857142855, 0.7142857142857142, 0.7142857142857142, 0.7857142857142856, 0.5714285714285714, 0.7142857142857142, 0.7142857142857142, 0.6428571428571428, 0.7142857142857142, 0.4999999999999999, 0.5714285714285714, 0.4999999999999999, 0.4999999999999999, 0.5714285714285714, 0.8571428571428571, 0.6428571428571428, 0.42857142857142855, 0.5714285714285714, 0.7142857142857142, 0.6428571428571428, 0.7142857142857142, 0.7142857142857142, 0.5714285714285714, 0.7857142857142856, 0.6428571428571428, 0.7142857142857142]",0.1147806742208947,0.1843510445862295,0.3066808992089373,0.030411459986139,0.0213785273191838,"[0.3237933679081139, 0.05411187326684583, 0.27654928372300613, 0.07480369155800816, 0.1707915202403669, 0.5127740188486533, 0.035916222850580895, 0.156980751634838, 0.3816377219367807, 0.5330113229408187, 0.039817203709678534, 0.25936680636886295, 0.5161131356647006, 0.06868182778656665, 0.038258827543455755, 0.09885058541671954, 0.4513417604279285, 0.4581069519919272, 0.025434559981416666, 0.14643657043046387, 0.39820002557234374, 0.10576622218834077, 0.18842227320854046, 0.07390497242893003, 0.4140105335606873, 0.22843038164691334, 0.24956108132162072, 0.4578290407342233, 0.46139670098774493, 0.09845116079430312]",0.1710282185534705,4961.0,0.7396626984126984,0.8126984126984128,"[0.7857142857142858, 0.5952380952380953, 0.9285714285714287, 0.6190476190476191, 0.5952380952380953, 0.880952380952381, 0.880952380952381, 0.9285714285714287, 0.7619047619047621, 0.8571428571428572, 0.8571428571428572, 0.8095238095238096, 0.8571428571428572, 0.6190476190476191, 0.7142857142857144, 0.6428571428571429, 0.7380952380952381, 0.7380952380952381, 0.9285714285714287, 0.7857142857142858, 0.6190476190476191, 0.7142857142857144, 0.8333333333333335, 0.7619047619047621, 0.7619047619047621, 0.8333333333333335, 0.6904761904761906, 0.9047619047619048, 0.8333333333333335, 0.8333333333333335]",1.9287810266794017,0.4025240719560134,"[1.0, 1.0, 1.0, 0.6666666666666666, 1.0, 1.0, 1.0, 1.0, 0.6666666666666666, 0.6666666666666666, 1.0, 1.0, 1.0, 1.0, 1.0, 0.6666666666666666, 1.0, 1.0, 1.0, 1.0, 0.6666666666666666, 1.0, 1.0, 1.0, 0.6666666666666666, 1.0, 0.6666666666666666, 1.0, 1.0, 1.0]",0.1409841948938835,"[0.8, 0.6, 1.0, 0.8, 0.6, 1.0, 1.0, 1.0, 1.0, 1.0, 0.8, 0.8, 1.0, 0.6, 0.8, 0.8, 0.8, 0.6, 1.0, 0.8, 0.8, 0.8, 0.8, 0.8, 0.8, 0.8, 0.8, 0.8, 1.0, 0.8]",0.1273664878302853,0.0281127311672904
california,mlp,5000,3,8,b1_uniform,A0,0.0,0.0,5000.0,0.8642857142857143,0.0563939013444143,0.7523809523809525,1.0,0.8000000000000003,0.0080825158927803,5.261899918978259,"[0.7142857142857142, 0.7857142857142856, 0.7857142857142856, 0.8571428571428571, 0.7857142857142856, 0.7142857142857142, 0.8571428571428571, 0.6428571428571428, 0.6428571428571428, 0.8571428571428571, 0.7857142857142856, 0.8571428571428571, 0.6428571428571428, 0.7142857142857142, 0.7142857142857142, 0.8571428571428571, 0.7857142857142856, 0.7857142857142856, 0.7142857142857142, 0.8571428571428571, 0.7142857142857142, 0.7142857142857142, 0.7857142857142856, 0.7142857142857142, 0.7142857142857142, 0.5714285714285714, 0.5714285714285714, 0.8571428571428571, 0.7857142857142856, 0.7857142857142856]",0.0819269073051678,0.0069933619519461,0.0092782324384748,0.0010103144865975,0.000391978676902,"[0.01118903795578605, 0.006605039197727885, 0.007495455673024735, 0.00446334396646128, 0.006163915178072308, 0.00911275669045582, 0.010531418518138396, 0.01311724569810302, 0.00900915492949264, 0.004687182231976579, 0.004739059836037823, 0.00444310925219966, 0.01623964485442035, 0.00697562536667991, 0.007160359008194035, 0.005231584312671682, 0.0074849235479618435, 0.00456183678879473, 0.008357479071817204, 0.006389358909006383, 0.005860240524255064, 0.0055877076358139925, 0.006941092924119265, 0.005444509561998021, 0.007733964746283046, 0.01438330291833375, 0.013498914214362504, 0.007371287189349642, 0.010863675448120804, 0.010833250633752466]",0.003135829415216,5000.0,0.8436507936507937,0.8841269841269841,"[0.8571428571428572, 0.9047619047619048, 0.9047619047619048, 0.9285714285714287, 0.9047619047619048, 0.8333333333333335, 0.9285714285714287, 0.7857142857142858, 0.7857142857142858, 0.9285714285714287, 0.9047619047619048, 0.9285714285714287, 0.7857142857142858, 0.8095238095238096, 0.8333333333333335, 0.9285714285714287, 0.9047619047619048, 0.8571428571428572, 0.8095238095238096, 0.9285714285714287, 0.8095238095238096, 0.8333333333333335, 0.9047619047619048, 0.8333333333333335, 0.8333333333333335, 0.7619047619047621, 0.7619047619047621, 0.9285714285714287, 0.9047619047619048, 0.9047619047619048]",0.9197316866523276,0.3699135926239126,"[1.0, 1.0, 1.0, 1.0, 1.0, 1.0, 1.0, 1.0, 1.0, 1.0, 1.0, 1.0, 1.0, 1.0, 1.0, 1.0, 1.0, 1.0, 1.0, 1.0, 1.0, 1.0, 1.0, 1.0, 1.0, 1.0, 1.0, 1.0, 1.0, 1.0]",0.0,"[0.8, 0.8, 0.8, 0.8, 0.8, 0.8, 0.8, 0.8, 0.8, 0.8, 0.8, 0.8, 0.8, 0.8, 0.8, 0.8, 0.8, 0.8, 0.8, 0.8, 0.8, 0.8, 0.8, 0.8, 0.8, 0.8, 0.8, 0.8, 0.8, 0.8]",2.220446049250313e-16,0.000157723759018
california,mlp,5000,3,8,b2_stratified,A0,0.0,0.0,5000.0,0.972222222222222,0.0319930863027719,0.9357142857142856,1.0,0.9133333333333334,0.0015360451580671,1.0,"[0.7857142857142856, 0.9999999999999998, 0.9999999999999998, 0.9999999999999998, 0.8571428571428571, 0.7857142857142856, 0.9999999999999998, 0.9285714285714285, 0.9999999999999998, 0.9285714285714285, 0.9999999999999998, 0.9285714285714285, 0.9285714285714285, 0.9999999999999998, 0.9999999999999998, 0.9285714285714285, 0.9999999999999998, 0.9285714285714285, 0.9285714285714285, 0.8571428571428571, 0.9999999999999998, 0.9999999999999998, 0.9285714285714285, 0.8571428571428571, 0.9999999999999998, 0.8571428571428571, 0.9999999999999998, 0.8571428571428571, 0.8571428571428571, 0.9285714285714285]",0.0673855795146899,0.000942424075673,0.0022273671441732,0.0001920056447583,0.000226734624514,"[0.00021516786792698034, 8.283941544633337e-05, 0.004060348379843151, 0.005393315651846083, 0.0004993576101653864, 0.0007550538603068364, 0.0010684644403568231, 0.0010394059715134294, 0.0003712449405522383, 0.005491411010572941, 0.00041152629598962236, 0.00011194603537500757, 0.0019124043336257734, 0.002250996425705639, 0.0011951086661952342, 0.00025089819835658273, 0.00018409570280953545, 0.00037580743426871363, 9.075949263650642e-05, 0.0007109153683401138, 0.00018322829237513678, 0.0022949708746827766, 0.0005182246806929385, 0.0011757308697006245, 0.004836802905186478, 0.00038424423362152594, 0.0027513744135359347, 0.00017615209173810916, 0.0009267403320034745, 0.006362818946643878]",0.0018138769961125,5000.0,0.9603174603174603,0.9833333333333332,"[0.9047619047619048, 1.0, 1.0, 1.0, 0.9285714285714287, 0.9047619047619048, 1.0, 0.9761904761904763, 1.0, 0.9761904761904763, 1.0, 0.9761904761904763, 0.9761904761904763, 1.0, 1.0, 0.9761904761904763, 1.0, 0.9761904761904763, 0.9761904761904763, 0.9285714285714287, 1.0, 1.0, 0.9761904761904763, 0.9285714285714287, 1.0, 0.9285714285714287, 1.0, 0.9285714285714287, 0.9285714285714287, 0.9761904761904763]",0.8322224033220361,0.1526174803416476,"[1.0, 1.0, 1.0, 1.0, 1.0, 1.0, 1.0, 1.0, 1.0, 1.0, 1.0, 1.0, 1.0, 1.0, 1.0, 1.0, 1.0, 1.0, 1.0, 1.0, 1.0, 1.0, 1.0, 1.0, 1.0, 1.0, 1.0, 1.0, 1.0, 1.0]",0.0,"[0.8, 1.0, 1.0, 1.0, 0.8, 0.8, 1.0, 1.0, 1.0, 1.0, 1.0, 0.8, 0.8, 1.0, 1.0, 1.0, 1.0, 1.0, 0.8, 0.8, 1.0, 1.0, 0.8, 0.8, 1.0, 0.8, 1.0, 0.8, 0.8, 0.8]",0.0991071249821233,0.0001446652202544
california,mlp,5000,3,8,b3_is,A0,0.0,0.0,5000.0,0.9785714285714288,0.0216042183949463,0.9404761904761902,1.0,0.9466666666666668,0.0011389163373,0.7414601916607574,"[0.9999999999999998, 0.9999999999999998, 0.9285714285714285, 0.9999999999999998, 0.8571428571428571, 0.9285714285714285, 0.9285714285714285, 0.9285714285714285, 0.9285714285714285, 0.9285714285714285, 0.8571428571428571, 0.9285714285714285, 0.9285714285714285, 0.9999999999999998, 0.9999999999999998, 0.9999999999999998, 0.9285714285714285, 0.9285714285714285, 0.9999999999999998, 0.7857142857142856, 0.9999999999999998, 0.9285714285714285, 0.9285714285714285, 0.9285714285714285, 0.9285714285714285, 0.9999999999999998, 0.9285714285714285, 0.8571428571428571, 0.9285714285714285, 0.9999999999999998]",0.0524350370132029,0.0008709560687355,0.001384958720667,0.0001423645421625,8.940315400819404e-05,"[0.001726938167183897, 0.0009517287209775115, 0.0013168874265143914, 0.0020966734301688826, 0.000705512076085117, 0.0028282982029309432, 0.0001387353296324207, 0.0009619509672360234, 0.0010732490704576272, 0.0016187709890135053, 0.0021991270712167425, 0.0009627153340364037, 0.0010399021235163771, 0.0008420421980731653, 0.0014456021593205433, 0.00047760709268180587, 0.0006076067190589067, 0.00018104453836044314, 0.0001673561971426104, 0.0026318066204670024, 0.0007366913642336659, 0.0014099864767722267, 0.0004886565920324265, 0.0011130418141258817, 0.0019414685054873803, 0.00041648077200500815, 0.0019384830681309247, 0.0013211568080607353, 0.0003732970764225025, 0.0004546732076558426]",0.0007152252320655,5000.0,0.9714285714285712,0.9865079365079362,"[1.0, 1.0, 0.9761904761904763, 1.0, 0.9523809523809524, 0.9761904761904763, 0.9761904761904763, 0.9761904761904763, 0.9761904761904763, 0.9761904761904763, 0.9285714285714287, 0.9761904761904763, 0.9761904761904763, 1.0, 1.0, 1.0, 0.9761904761904763, 0.9761904761904763, 1.0, 0.9047619047619048, 1.0, 0.9761904761904763, 0.9761904761904763, 0.9761904761904763, 0.9761904761904763, 1.0, 0.9761904761904763, 0.9523809523809524, 0.9761904761904763, 1.0]",0.9945455666864292,0.212128416663814,"[1.0, 1.0, 1.0, 1.0, 1.0, 1.0, 1.0, 1.0, 1.0, 1.0, 1.0, 1.0, 1.0, 1.0, 1.0, 1.0, 1.0, 1.0, 1.0, 1.0, 1.0, 1.0, 1.0, 1.0, 1.0, 1.0, 1.0, 1.0, 1.0, 1.0]",0.0,"[1.0, 1.0, 1.0, 1.0, 1.0, 1.0, 1.0, 0.8, 1.0, 1.0, 0.8, 1.0, 1.0, 1.0, 1.0, 1.0, 1.0, 0.8, 1.0, 0.8, 1.0, 0.8, 0.8, 1.0, 1.0, 1.0, 0.8, 1.0, 0.8, 1.0]",0.0884433277428106,0.0001357076473859
california,mlp,5000,3,8,b4_antithetic,A0,0.0,0.0,5000.0,0.9174603174603172,0.0181674970512057,0.8357142857142856,1.0,0.8000000000000003,0.00672350108113,4.377150662413131,"[0.7857142857142856, 0.8571428571428571, 0.8571428571428571, 0.8571428571428571, 0.8571428571428571, 0.7857142857142856, 0.8571428571428571, 0.8571428571428571, 0.8571428571428571, 0.8571428571428571, 0.8571428571428571, 0.7857142857142856, 0.8571428571428571, 0.8571428571428571, 0.8571428571428571, 0.8571428571428571, 0.7857142857142856, 0.8571428571428571, 0.8571428571428571, 0.8571428571428571, 0.7857142857142856, 0.7857142857142856, 0.7857142857142856, 0.8571428571428571, 0.8571428571428571, 0.8571428571428571, 0.8571428571428571, 0.8571428571428571, 0.7857142857142856, 0.7857142857142856]",0.0327326835353989,0.0064392519998376,0.0070447545748962,0.0008404376351412,0.0001056974288203,"[0.00807172308832001, 0.005909987394979557, 0.0071456285825347845, 0.0063735204182055645, 0.0064874653645657235, 0.007261363554642031, 0.007028002772230404, 0.007875301139533646, 0.006831240402775461, 0.005875208222743955, 0.006974156983288779, 0.005328801171467867, 0.007178793847624264, 0.005672300453603417, 0.006430806723603255, 0.006026261727419662, 0.007263315568885422, 0.006088769176839207, 0.007622792157236519, 0.007844016888516426, 0.008989998711436856, 0.006299688014606352, 0.006227260217756812, 0.005291626682226296, 0.006824876979995478, 0.006260165682499905, 0.005815113999221342, 0.0062092104148723576, 0.007397107404014667, 0.007100528688254183]",0.0008455794305629,5000.0,0.91031746031746,0.9238095238095236,"[0.880952380952381, 0.9285714285714287, 0.9285714285714287, 0.9285714285714287, 0.9285714285714287, 0.9047619047619048, 0.9285714285714287, 0.9285714285714287, 0.9285714285714287, 0.9285714285714287, 0.9285714285714287, 0.9047619047619048, 0.9285714285714287, 0.9285714285714287, 0.9285714285714287, 0.9285714285714287, 0.880952380952381, 0.9285714285714287, 0.9285714285714287, 0.9285714285714287, 0.880952380952381, 0.9047619047619048, 0.9047619047619048, 0.9285714285714287, 0.9285714285714287, 0.9285714285714287, 0.9285714285714287, 0.9285714285714287, 0.880952380952381, 0.880952380952381]",0.8544042899816607,0.1974985765032978,"[1.0, 1.0, 1.0, 1.0, 1.0, 1.0, 1.0, 1.0, 1.0, 1.0, 1.0, 1.0, 1.0, 1.0, 1.0, 1.0, 1.0, 1.0, 1.0, 1.0, 1.0, 1.0, 1.0, 1.0, 1.0, 1.0, 1.0, 1.0, 1.0, 1.0]",0.0,"[0.8, 0.8, 0.8, 0.8, 0.8, 0.8, 0.8, 0.8, 0.8, 0.8, 0.8, 0.8, 0.8, 0.8, 0.8, 0.8, 0.8, 0.8, 0.8, 0.8, 0.8, 0.8, 0.8, 0.8, 0.8, 0.8, 0.8, 0.8, 0.8, 0.8]",2.220446049250313e-16,1.1378394222770476e-05
california,mlp,5000,4,8,abc_shap,A0,0.9922,4961.0,39.0,0.7944444444444444,0.1155818258992567,0.6761904761904761,0.788888888888889,0.8200000000000002,0.0740983012382153,289.7610564013248,"[0.8571428571428571, 0.7857142857142856, 0.7142857142857142, 0.9285714285714285, 0.7857142857142856, 0.5714285714285714, 0.7142857142857142, 0.42857142857142855, 0.7142857142857142, 0.5714285714285714, 0.7857142857142856, 0.7142857142857142, 0.5714285714285714, 0.42857142857142855, 0.7857142857142856, 0.8571428571428571, 0.7142857142857142, 0.5714285714285714, 0.7142857142857142, 0.4999999999999999, 0.7857142857142856, 0.42857142857142855, 0.7142857142857142, 0.8571428571428571, 0.6428571428571428, 0.5714285714285714, 0.5714285714285714, 0.6428571428571428, 0.7142857142857142, 0.6428571428571428]",0.1313629926107973,0.0642314237346579,0.0839633008546727,0.0092622876547769,0.0032606564893092,"[0.11166876805970014, 0.08696702111716369, 0.09233636472502386, 0.04249161398732572, 0.09449905596295709, 0.043789177065308646, 0.031100016475343443, 0.06867573375969253, 0.055947839966422316, 0.043247311582691184, 0.08547022105463316, 0.10307996460820307, 0.06082708847542731, 0.02033586747189945, 0.034772353149199596, 0.07087511717937964, 0.10706438701388553, 0.07267477671510483, 0.0604507026347659, 0.09523385630978272, 0.06180581432568168, 0.0776788019509988, 0.12206797289797776, 0.08210952975824752, 0.075138706584826, 0.03935825320365375, 0.08967865480870597, 0.09659795057370209, 0.10153387315347726, 0.09547224257527873]",0.026085251914474,4961.0,0.7539484126984125,0.8380952380952382,"[0.9285714285714287, 0.880952380952381, 0.8571428571428572, 0.9761904761904763, 0.9047619047619048, 0.6666666666666669, 0.8571428571428572, 0.5476190476190477, 0.7619047619047621, 0.6666666666666669, 0.8571428571428572, 0.880952380952381, 0.7142857142857144, 0.5952380952380953, 0.9047619047619048, 0.9523809523809524, 0.880952380952381, 0.7619047619047621, 0.8333333333333335, 0.6428571428571429, 0.8571428571428572, 0.5714285714285715, 0.8333333333333335, 0.9285714285714287, 0.7380952380952381, 0.6904761904761906, 0.6904761904761906, 0.8095238095238096, 0.8333333333333335, 0.8095238095238096]",1.8257375399737308,0.2863390071328611,"[1.0, 1.0, 0.6666666666666666, 0.6666666666666666, 0.6666666666666666, 0.6666666666666666, 0.6666666666666666, 0.6666666666666666, 1.0, 0.6666666666666666, 1.0, 0.6666666666666666, 0.6666666666666666, 0.6666666666666666, 0.6666666666666666, 0.6666666666666666, 0.6666666666666666, 1.0, 1.0, 0.6666666666666666, 1.0, 0.6666666666666666, 0.6666666666666666, 1.0, 0.6666666666666666, 1.0, 1.0, 0.6666666666666666, 1.0, 0.6666666666666666]",0.1606314699422329,"[0.8, 0.8, 1.0, 1.0, 1.0, 0.6, 0.8, 0.6, 0.8, 0.8, 0.8, 1.0, 0.8, 0.8, 1.0, 1.0, 1.0, 0.8, 0.8, 0.8, 0.8, 0.6, 0.8, 0.8, 0.8, 0.6, 0.8, 0.8, 0.8, 0.8]",0.1194431524477927,0.008803836652146
california,mlp,5000,4,8,b1_uniform,A0,0.0,0.0,5000.0,0.9357142857142858,0.0476785342726209,0.8619047619047617,1.0,0.8200000000000002,0.0008692076107257,3.3990322491503777,"[0.7857142857142856, 0.9285714285714285, 0.7142857142857142, 0.8571428571428571, 0.8571428571428571, 0.7857142857142856, 0.8571428571428571, 0.9285714285714285, 0.8571428571428571, 0.8571428571428571, 0.8571428571428571, 0.8571428571428571, 0.7857142857142856, 0.9285714285714285, 0.9285714285714285, 0.9285714285714285, 0.7857142857142856, 0.8571428571428571, 0.9285714285714285, 0.8571428571428571, 0.8571428571428571, 0.9285714285714285, 0.8571428571428571, 0.7142857142857142, 0.9285714285714285, 0.9999999999999998, 0.9285714285714285, 0.7857142857142856, 0.7857142857142856, 0.9285714285714285]",0.0688420585466712,0.0007341858948901,0.0010091459512992,0.0001086509513407,4.779463073657072e-05,"[0.0018034671658855286, 0.00035555608181818237, 0.0008955040539782586, 0.0009232876313535585, 0.0010028100625413593, 0.00040166656837623465, 0.0011969307153914164, 0.0012660130462700417, 0.0012026756695862207, 0.0013617493246759558, 0.0008204325205920482, 0.0013485611865397945, 0.0009823910895073369, 0.0006168535571639386, 0.0007240013550988631, 0.0004878977662941992, 0.0007539752320096185, 0.0013547547321396093, 0.0005355335550327105, 0.0008715541072571782, 0.0004439640862328111, 0.0007614622004569222, 0.0016910674864010122, 0.0007108243707079484, 0.0006707786400258932, 0.0009275765648958399, 0.0004573582989958208, 0.0005416313442869147, 0.00033471496846928345, 0.0006312349397868031]",0.0003823570458925,5000.0,0.9174603174603176,0.953174603174603,"[0.8571428571428572, 0.9761904761904763, 0.8333333333333335, 0.9523809523809524, 0.9285714285714287, 0.880952380952381, 0.9523809523809524, 0.9761904761904763, 0.9523809523809524, 0.9285714285714287, 0.9523809523809524, 0.9523809523809524, 0.880952380952381, 0.9761904761904763, 0.9761904761904763, 0.9761904761904763, 0.880952380952381, 0.9523809523809524, 0.9761904761904763, 0.9523809523809524, 0.9285714285714287, 0.9761904761904763, 0.9523809523809524, 0.8333333333333335, 0.9761904761904763, 1.0, 0.9761904761904763, 0.8571428571428572, 0.880952380952381, 0.9761904761904763]",0.7844696167002743,0.0617821351809458,"[1.0, 1.0, 1.0, 1.0, 1.0, 1.0, 1.0, 1.0, 1.0, 1.0, 1.0, 1.0, 1.0, 1.0, 1.0, 1.0, 1.0, 1.0, 1.0, 1.0, 1.0, 1.0, 1.0, 1.0, 1.0, 1.0, 1.0, 1.0, 1.0, 1.0]",0.0,"[0.8, 0.8, 0.8, 0.8, 0.8, 0.8, 0.8, 0.8, 0.8, 0.8, 0.8, 0.8, 0.8, 1.0, 0.8, 0.8, 0.8, 0.8, 1.0, 0.8, 0.8, 0.8, 0.8, 0.8, 0.8, 1.0, 0.8, 0.8, 0.8, 0.8]",0.06,3.536281982984345e-05
california,mlp,5000,4,8,b2_stratified,A0,0.0,0.0,5000.0,0.9857142857142858,0.0218217890235991,0.9619047619047618,1.0,0.9533333333333334,0.0002557220841146,1.0,"[0.9999999999999998, 0.9999999999999998, 0.9999999999999998, 0.9999999999999998, 0.8571428571428571, 0.9999999999999998, 0.9999999999999998, 0.9285714285714285, 0.9999999999999998, 0.9285714285714285, 0.9999999999999998, 0.8571428571428571, 0.9285714285714285, 0.9999999999999998, 0.9285714285714285, 0.9999999999999998, 0.8571428571428571, 0.9999999999999998, 0.9999999999999998, 0.9285714285714285, 0.8571428571428571, 0.9999999999999998, 0.9999999999999998, 0.9285714285714285, 0.9999999999999998, 0.8571428571428571, 0.9999999999999998, 0.9999999999999998, 0.9999999999999998, 0.9999999999999998]",0.054502491153617,0.0001972578144261,0.0003118136798143,3.1965260514333795e-05,2.0399907250276006e-05,"[0.00015159577771602667, 4.879251325284338e-05, 0.0003786283131762384, 0.0003423128593902729, 0.0004553330925017406, 0.000496857331620032, 0.00029590806503723395, 0.00041469199550061544, 0.00026322853367602043, 0.00019730548457305626, 0.0007695889670594958, 0.0001958699679207005, 0.00036262635950110045, 0.00021321466569406596, 0.00034876191407787183, 0.00010165419499463078, 6.283048610376964e-05, 5.11989237440221e-05, 9.725977355382947e-05, 0.0001849624219624051, 0.00018714358033084793, 0.00018059648823640372, 0.0004635607433219492, 0.0002002254241831994, 0.00011908357986692815, 0.0003663787449883832, 0.00013793780757046724, 5.3412877599345066e-05, 0.0001439888985168017, 0.00038671273776981274]",0.0001631992580022,5000.0,0.9769841269841272,0.9928571428571428,"[1.0, 1.0, 1.0, 1.0, 0.9285714285714287, 1.0, 1.0, 0.9761904761904763, 1.0, 0.9761904761904763, 1.0, 0.9523809523809524, 0.9761904761904763, 1.0, 0.9761904761904763, 1.0, 0.9523809523809524, 1.0, 1.0, 0.9761904761904763, 0.9523809523809524, 1.0, 1.0, 0.9761904761904763, 1.0, 0.9285714285714287, 1.0, 1.0, 1.0, 1.0]",0.8153298699840282,0.110176974767686,"[1.0, 1.0, 1.0, 1.0, 1.0, 1.0, 1.0, 1.0, 1.0, 1.0, 1.0, 1.0, 1.0, 1.0, 1.0, 1.0, 1.0, 1.0, 1.0, 1.0, 1.0, 1.0, 1.0, 1.0, 1.0, 1.0, 1.0, 1.0, 1.0, 1.0]",0.0,"[1.0, 1.0, 1.0, 1.0, 0.8, 1.0, 1.0, 0.8, 1.0, 1.0, 1.0, 0.8, 0.8, 1.0, 0.8, 1.0, 0.8, 1.0, 1.0, 1.0, 0.8, 1.0, 1.0, 1.0, 1.0, 1.0, 1.0, 1.0, 1.0, 1.0]",0.0845905169363301,2.9255043460170115e-05
california,mlp,5000,4,8,b3_is,A0,0.0,0.0,5000.0,0.9857142857142857,0.0250471965683483,0.964285714285714,1.0,0.98,0.0003958497795879,1.5479686901441003,"[0.9285714285714285, 0.9285714285714285, 0.9999999999999998, 0.9999999999999998, 0.7857142857142856, 0.9285714285714285, 0.9285714285714285, 0.9999999999999998, 0.9999999999999998, 0.8571428571428571, 0.9999999999999998, 0.9999999999999998, 0.9285714285714285, 0.9285714285714285, 0.9285714285714285, 0.9999999999999998, 0.9999999999999998, 0.9285714285714285, 0.9999999999999998, 0.9999999999999998, 0.9999999999999998, 0.9999999999999998, 0.9999999999999998, 0.9285714285714285, 0.9999999999999998, 0.9285714285714285, 0.9999999999999998, 0.9999999999999998, 0.9999999999999998, 0.9999999999999998]",0.0513425206020185,0.0003239257645077,0.0004726968810258,4.948122244848822e-05,2.7497112115315825e-05,"[0.0004519823788760027, 0.00023959042476131526, 0.0007329839631778843, 0.0002341472947177267, 0.0005458230931127362, 0.00024143506022005946, 0.00035140353639408553, 0.0002024084021453484, 0.0006795077548671394, 0.0011574242226336767, 0.0005284203419425198, 0.00013464871734404255, 0.0006425170356858265, 0.00038043145126385216, 0.00026122216238206, 0.00032396567821174003, 0.00029255846696392597, 0.00024271305095737266, 0.00036117602709830326, 0.0002694884694439698, 0.0005581603689781033, 0.0006419251029770758, 0.00020956320774466724, 0.00016098929225513543, 0.0005762978401780228, 0.0003107626278057491, 0.00028021245721878633, 0.0002419547783161348, 0.00015498356241090024, 0.0004667966175530124]",0.0002199768969225,5000.0,0.9761904761904762,0.9936507936507936,"[0.9761904761904763, 0.9761904761904763, 1.0, 1.0, 0.880952380952381, 0.9761904761904763, 0.9761904761904763, 1.0, 1.0, 0.9285714285714287, 1.0, 1.0, 0.9761904761904763, 0.9761904761904763, 0.9761904761904763, 1.0, 1.0, 0.9761904761904763, 1.0, 1.0, 1.0, 1.0, 1.0, 0.9761904761904763, 1.0, 0.9761904761904763, 1.0, 1.0, 1.0, 1.0]",0.9271634233184158,0.1259699335060005,"[1.0, 1.0, 1.0, 1.0, 1.0, 1.0, 1.0, 1.0, 1.0, 1.0, 1.0, 1.0, 1.0, 1.0, 1.0, 1.0, 1.0, 1.0, 1.0, 1.0, 1.0, 1.0, 1.0, 1.0, 1.0, 1.0, 1.0, 1.0, 1.0, 1.0]",0.0,"[0.8, 1.0, 1.0, 1.0, 0.8, 1.0, 1.0, 1.0, 1.0, 0.8, 1.0, 1.0, 1.0, 1.0, 1.0, 1.0, 1.0, 1.0, 1.0, 1.0, 1.0, 1.0, 1.0, 1.0, 1.0, 1.0, 1.0, 1.0, 1.0, 1.0]",0.0599999999999999,3.767814807252197e-05
california,mlp,5000,4,8,b4_antithetic,A0,0.0,0.0,5000.0,0.9484126984126984,0.0358902192209365,0.8666666666666665,1.0,0.8066666666666669,0.000590681673641,2.309857890006046,"[0.8571428571428571, 0.8571428571428571, 0.8571428571428571, 0.8571428571428571, 0.9285714285714285, 0.8571428571428571, 0.7857142857142856, 0.9285714285714285, 0.8571428571428571, 0.8571428571428571, 0.8571428571428571, 0.8571428571428571, 0.8571428571428571, 0.9285714285714285, 0.9285714285714285, 0.8571428571428571, 0.8571428571428571, 0.8571428571428571, 0.9285714285714285, 0.8571428571428571, 0.7142857142857142, 0.8571428571428571, 0.7142857142857142, 0.9285714285714285, 0.8571428571428571, 0.8571428571428571, 0.9285714285714285, 0.9285714285714285, 0.8571428571428571, 0.9285714285714285]",0.0545024911536171,0.0005584677939294,0.0006299888990424,7.383520920513263e-05,1.2331127426792025e-05,"[0.0005590727849235531, 0.0006281993901318132, 0.0005449805975029835, 0.0006023269572764414, 0.000517062999789924, 0.0006599204176632248, 0.0005566570571785855, 0.0005799357062230609, 0.0004725880167416911, 0.0005776971746346094, 0.0004794863370920719, 0.0006765057814329911, 0.0004976085825451178, 0.00040512634589226856, 0.0005569667709172644, 0.0005238096098214061, 0.0005315132930028723, 0.0008111653901209715, 0.0005539418899030789, 0.0008839631472222195, 0.0007174603750564685, 0.0005454414068573767, 0.0006611229222336657, 0.000650432629108787, 0.0006002954129109999, 0.0006656253245349353, 0.0006129037273367098, 0.000553544893069749, 0.0004585201795103329, 0.0006365750885966564]",9.864901941433618e-05,5000.0,0.934126984126984,0.9595238095238098,"[0.9285714285714287, 0.9523809523809524, 0.9523809523809524, 0.9523809523809524, 0.9761904761904763, 0.9523809523809524, 0.880952380952381, 0.9761904761904763, 0.9523809523809524, 0.9523809523809524, 0.9523809523809524, 0.9523809523809524, 0.9523809523809524, 0.9761904761904763, 0.9761904761904763, 0.9523809523809524, 0.9523809523809524, 0.9523809523809524, 0.9761904761904763, 0.9523809523809524, 0.8333333333333335, 0.9523809523809524, 0.8333333333333335, 0.9761904761904763, 0.9523809523809524, 0.9523809523809524, 0.9761904761904763, 0.9761904761904763, 0.9523809523809524, 0.9761904761904763]",0.7633846666896715,0.0552937823533889,"[1.0, 1.0, 1.0, 1.0, 1.0, 1.0, 1.0, 1.0, 1.0, 1.0, 1.0, 1.0, 1.0, 1.0, 1.0, 1.0, 1.0, 1.0, 1.0, 1.0, 1.0, 1.0, 1.0, 1.0, 1.0, 1.0, 1.0, 1.0, 1.0, 1.0]",0.0,"[0.8, 0.8, 0.8, 0.8, 0.8, 0.8, 0.8, 0.8, 0.8, 0.8, 0.8, 0.8, 0.8, 1.0, 0.8, 0.8, 0.8, 0.8, 0.8, 0.8, 0.8, 0.8, 0.8, 0.8, 0.8, 0.8, 0.8, 0.8, 0.8, 0.8]",0.03590109871423,2.2456453912971643e-06
california,mlp,5000,5,8,abc_shap,A0,0.9922,4961.0,39.0,0.8722222222222222,0.0870450777071054,0.7666666666666667,0.9777777777777776,0.8533333333333335,0.1506524179373448,242.64189103410757,"[0.7142857142857142, 0.8571428571428571, 0.6428571428571428, 0.7142857142857142, 0.7142857142857142, 0.7142857142857142, 0.7857142857142856, 0.5714285714285714, 0.8571428571428571, 0.8571428571428571, 0.9999999999999998, 0.6428571428571428, 0.6428571428571428, 0.7857142857142856, 0.7857142857142856, 0.7857142857142856, 0.8571428571428571, 0.7857142857142856, 0.7857142857142856, 0.7857142857142856, 0.9999999999999998, 0.4999999999999999, 0.7857142857142856, 0.9285714285714285, 0.9285714285714285, 0.5714285714285714, 0.7142857142857142, 0.8571428571428571, 0.6428571428571428, 0.7857142857142856]",0.1194279638474709,0.1072916887141663,0.1972896826547534,0.0188315522421681,0.0153701958391793,"[0.31793067340287073, 0.06619847053573774, 0.294237210362105, 0.10832696539436132, 0.13645098792875116, 0.05731620903549306, 0.15690321852535746, 0.07087671535643092, 0.042797402847611514, 0.020789909529646357, 0.2757464552969877, 0.4609713918020638, 0.3068724961014355, 0.05204111657322425, 0.19793072123651498, 0.07059100302138639, 0.026653966729240607, 0.31165160180628587, 0.08429108078308499, 0.034600628262457744, 0.025649277164155302, 0.2631404172249712, 0.3365485047277051, 0.2545200060926308, 0.010916615198996095, 0.25242437503502807, 0.06825696305013622, 0.010440673353546013, 0.059127821573203676, 0.14536966016892738]",0.1229615667134346,4961.0,0.8396626984126985,0.9015873015873016,"[0.8333333333333335, 0.9285714285714287, 0.7857142857142858, 0.880952380952381, 0.8333333333333335, 0.8333333333333335, 0.9047619047619048, 0.7142857142857144, 0.9523809523809524, 0.9285714285714287, 1.0, 0.6428571428571429, 0.7857142857142858, 0.8571428571428572, 0.9047619047619048, 0.9047619047619048, 0.9285714285714287, 0.9047619047619048, 0.9047619047619048, 0.880952380952381, 1.0, 0.7380952380952381, 0.9285714285714287, 0.9761904761904763, 0.9761904761904763, 0.7142857142857144, 0.880952380952381, 0.9285714285714287, 0.8095238095238096, 0.9047619047619048]",1.8509392633258053,0.177045821556221,"[0.6666666666666666, 1.0, 1.0, 1.0, 1.0, 1.0, 1.0, 1.0, 1.0, 1.0, 1.0, 0.6666666666666666, 1.0, 1.0, 1.0, 1.0, 1.0, 1.0, 1.0, 1.0, 1.0, 1.0, 1.0, 1.0, 1.0, 1.0, 1.0, 1.0, 1.0, 1.0]",0.0831479419283098,"[0.8, 0.8, 0.8, 1.0, 0.8, 0.8, 1.0, 0.6, 0.8, 1.0, 1.0, 0.8, 0.8, 0.8, 1.0, 0.8, 1.0, 0.8, 0.8, 0.8, 1.0, 0.8, 1.0, 0.8, 1.0, 0.8, 0.8, 0.8, 0.8, 0.8]",0.1024152766382481,0.0184597446250205
california,mlp,5000,5,8,b1_uniform,A0,0.0,0.0,5000.0,0.8912698412698412,0.0502011574630744,0.7999999999999999,1.0,0.8400000000000002,0.0014365801966591,2.313766617967551,"[0.8571428571428571, 0.8571428571428571, 0.7142857142857142, 0.7142857142857142, 0.7857142857142856, 0.7857142857142856, 0.8571428571428571, 0.7857142857142856, 0.7857142857142856, 0.7857142857142856, 0.9285714285714285, 0.8571428571428571, 0.9285714285714285, 0.8571428571428571, 0.7857142857142856, 0.7142857142857142, 0.7857142857142856, 0.7857142857142856, 0.8571428571428571, 0.7142857142857142, 0.7857142857142856, 0.7857142857142856, 0.7857142857142856, 0.7857142857142856, 0.6428571428571428, 0.7142857142857142, 0.8571428571428571, 0.9285714285714285, 0.7857142857142856, 0.7857142857142856]",0.0675116518036087,0.0012308554652016,0.0016868584580035,0.0001795725245823,8.275049047272909e-05,"[0.0010483109631489543, 0.0007465722800397964, 0.0007545139232725235, 0.0008194094875083451, 0.0020361758590640234, 0.0018468302406002325, 0.0018165283137913982, 0.0008765604664613911, 0.0010630474334554945, 0.0011920756875297923, 0.0009398239256491757, 0.001292842862958057, 0.0018695207749227815, 0.0008497018257600256, 0.0007483390011167889, 0.001700569048440012, 0.001380567296619698, 0.0030091673376470922, 0.0015364226734573049, 0.0025495376353835307, 0.001690809912837062, 0.001066004017514898, 0.0009960659294695404, 0.003521432982657725, 0.0012688044725769237, 0.0011439301375300666, 0.001008117550655064, 0.0019235355977495637, 0.001331265210912385, 0.0010709230510446408]",0.0006620039237818,5000.0,0.8738095238095237,0.9095238095238094,"[0.9523809523809524, 0.9523809523809524, 0.8333333333333335, 0.8333333333333335, 0.880952380952381, 0.8571428571428572, 0.9285714285714287, 0.880952380952381, 0.880952380952381, 0.8571428571428572, 0.9761904761904763, 0.9523809523809524, 0.9761904761904763, 0.9523809523809524, 0.9047619047619048, 0.8333333333333335, 0.880952380952381, 0.8571428571428572, 0.9285714285714287, 0.8333333333333335, 0.880952380952381, 0.8571428571428572, 0.880952380952381, 0.9047619047619048, 0.7857142857142858, 0.8333333333333335, 0.9285714285714287, 0.9761904761904763, 0.8571428571428572, 0.880952380952381]",0.8210689799704899,0.0897629150190687,"[1.0, 1.0, 1.0, 1.0, 1.0, 1.0, 1.0, 1.0, 1.0, 1.0, 1.0, 1.0, 1.0, 1.0, 1.0, 1.0, 1.0, 1.0, 1.0, 1.0, 1.0, 1.0, 1.0, 1.0, 1.0, 1.0, 1.0, 1.0, 1.0, 1.0]",0.0,"[0.8, 0.8, 0.8, 0.8, 0.8, 0.8, 1.0, 0.8, 0.8, 0.8, 1.0, 0.8, 0.8, 0.8, 1.0, 0.8, 0.8, 0.8, 1.0, 0.8, 0.8, 0.8, 0.8, 1.0, 0.8, 0.8, 1.0, 0.8, 0.8, 0.8]",0.0799999999999999,8.342686875563657e-05
california,mlp,5000,5,8,b2_stratified,A0,0.0,0.0,5000.0,0.9777777777777776,0.0245390870376829,0.9428571428571426,1.0,0.92,0.0006208837942009,1.0,"[0.9285714285714285, 0.8571428571428571, 0.9999999999999998, 0.9999999999999998, 0.9999999999999998, 0.8571428571428571, 0.9285714285714285, 0.9285714285714285, 0.9999999999999998, 0.9999999999999998, 0.9999999999999998, 0.9285714285714285, 0.9285714285714285, 0.7857142857142856, 0.9999999999999998, 0.9285714285714285, 0.9285714285714285, 0.9285714285714285, 0.9285714285714285, 0.9285714285714285, 0.9999999999999998, 0.8571428571428571, 0.9999999999999998, 0.9285714285714285, 0.9999999999999998, 0.9999999999999998, 0.9285714285714285, 0.9285714285714285, 0.9285714285714285, 0.9285714285714285]",0.0534522483824848,0.0004568831583471,0.0007920953633257,7.761047427511603e-05,5.7708013728525895e-05,"[0.00032330058297652605, 0.001975037289536851, 0.0005519584718284869, 0.0003647498288624798, 0.0008150402662018921, 0.0013874620763257698, 0.0002767054197986514, 0.00018060028011668806, 0.00045393398911041896, 0.0010547644291269388, 0.00012141183188951139, 0.0008347439255563996, 0.0012328356348892554, 0.0012232947234653046, 0.000487309117966368, 0.0005690388170841312, 0.00015919103681963422, 0.0010844314625597148, 0.00026049699087959586, 0.0005735434971559807, 0.00011979768797660713, 0.0002106434026316431, 0.0002612421211985088, 0.00024212869278702695, 0.0003958729479645024, 0.00024125600339840026, 0.0005256063512255431, 0.0013246128271126392, 0.0010299031001149, 0.00034560101946747767]",0.0004616641098282,5000.0,0.9682341269841268,0.9857142857142857,"[0.9761904761904763, 0.9285714285714287, 1.0, 1.0, 1.0, 0.9285714285714287, 0.9761904761904763, 0.9761904761904763, 1.0, 1.0, 1.0, 0.9761904761904763, 0.9761904761904763, 0.9047619047619048, 1.0, 0.9761904761904763, 0.9761904761904763, 0.9761904761904763, 0.9761904761904763, 0.9761904761904763, 1.0, 0.9285714285714287, 1.0, 0.9761904761904763, 1.0, 1.0, 0.9761904761904763, 0.9761904761904763, 0.9761904761904763, 0.9761904761904763]",0.8851327233559763,0.2106169213819516,"[1.0, 1.0, 1.0, 1.0, 1.0, 1.0, 1.0, 1.0, 1.0, 1.0, 1.0, 1.0, 1.0, 1.0, 1.0, 1.0, 1.0, 1.0, 1.0, 1.0, 1.0, 1.0, 1.0, 1.0, 1.0, 1.0, 1.0, 1.0, 1.0, 1.0]",0.0,"[0.8, 1.0, 1.0, 1.0, 1.0, 0.8, 1.0, 1.0, 1.0, 1.0, 1.0, 1.0, 0.8, 1.0, 1.0, 0.8, 1.0, 0.8, 0.8, 0.8, 1.0, 0.8, 1.0, 0.8, 1.0, 1.0, 1.0, 0.8, 0.8, 0.8]",0.0979795897113271,7.473447305027428e-05
california,mlp,5000,5,8,b3_is,A0,0.0,0.0,5000.0,0.972222222222222,0.0288893249574623,0.9333333333333332,1.0,0.9266666666666666,0.0007635492137801,1.2297779728053595,"[0.9285714285714285, 0.9999999999999998, 0.9285714285714285, 0.9285714285714285, 0.9285714285714285, 0.7857142857142856, 0.9999999999999998, 0.9285714285714285, 0.9999999999999998, 0.9999999999999998, 0.9999999999999998, 0.8571428571428571, 0.9285714285714285, 0.9285714285714285, 0.9999999999999998, 0.9285714285714285, 0.8571428571428571, 0.9285714285714285, 0.9285714285714285, 0.9285714285714285, 0.9285714285714285, 0.8571428571428571, 0.9999999999999998, 0.9285714285714285, 0.9999999999999998, 0.9285714285714285, 0.9285714285714285, 0.9999999999999998, 0.8571428571428571, 0.8571428571428571]",0.0551230328704296,0.0005666209807831,0.0009990340991163,9.54436517225147e-05,7.592157848317012e-05,"[0.0009001094654722781, 0.00042218499416823144, 0.0004908314234333283, 0.0014198734943477126, 0.00015494219314018807, 0.0003416185015859778, 0.00022546567126779498, 0.0002810067435922147, 0.0008782424712196852, 0.00038928012008936324, 0.00015109629031473263, 0.0008121280450801192, 0.0002615475279162239, 7.268555645575703e-05, 0.00042561013447895373, 0.00047896405188387785, 0.0015095481378934175, 0.0004728898522517848, 0.0005000521428053877, 0.0014695128681384503, 0.0011556403329189583, 0.0022153771520996694, 0.001746328790178145, 0.0007493148670879702, 0.0002336009182338903, 0.0020819368162212585, 0.00014176081045859935, 0.0005304771334211329, 0.0017576919787520519, 0.0006367579284963755]",0.0006073726278653,5000.0,0.9619047619047618,0.9817658730158728,"[0.9761904761904763, 1.0, 0.9761904761904763, 0.9761904761904763, 0.9761904761904763, 0.880952380952381, 1.0, 0.9761904761904763, 1.0, 1.0, 1.0, 0.9285714285714287, 0.9761904761904763, 0.9761904761904763, 1.0, 0.9761904761904763, 0.9285714285714287, 0.9761904761904763, 0.9761904761904763, 0.9761904761904763, 0.9761904761904763, 0.9285714285714287, 1.0, 0.9761904761904763, 1.0, 0.9761904761904763, 0.9761904761904763, 1.0, 0.9285714285714287, 0.9285714285714287]",0.9852632733527572,0.1643043179094674,"[1.0, 1.0, 1.0, 1.0, 1.0, 1.0, 1.0, 1.0, 1.0, 1.0, 1.0, 1.0, 1.0, 1.0, 1.0, 1.0, 1.0, 1.0, 1.0, 1.0, 1.0, 1.0, 1.0, 1.0, 1.0, 1.0, 1.0, 1.0, 1.0, 1.0]",0.0,"[0.8, 1.0, 1.0, 0.8, 0.8, 0.8, 1.0, 1.0, 1.0, 1.0, 1.0, 0.8, 1.0, 0.8, 1.0, 1.0, 1.0, 0.8, 1.0, 0.8, 0.8, 1.0, 1.0, 0.8, 1.0, 1.0, 1.0, 1.0, 0.8, 1.0]",0.0963788819653397,8.971700978200958e-05
california,mlp,5000,5,8,b4_antithetic,A0,0.0,0.0,5000.0,0.884126984126984,0.0311855281022039,0.7857142857142854,1.0,0.8000000000000003,0.0007238052718828,1.1657660880235028,"[0.7142857142857142, 0.7857142857142856, 0.7857142857142856, 0.7142857142857142, 0.7857142857142856, 0.7142857142857142, 0.8571428571428571, 0.7857142857142856, 0.7857142857142856, 0.7857142857142856, 0.7857142857142856, 0.7857142857142856, 0.7142857142857142, 0.7857142857142856, 0.7857142857142856, 0.7857142857142856, 0.7857142857142856, 0.7857142857142856, 0.8571428571428571, 0.7857142857142856, 0.7857142857142856, 0.8571428571428571, 0.7857142857142856, 0.8571428571428571, 0.7857142857142856, 0.7857142857142856, 0.7857142857142856, 0.7857142857142856, 0.7857142857142856, 0.7857142857142856]",0.0368855556781658,0.0006933833147213,0.0007520439378813,9.047565898535072e-05,1.0303808628365762e-05,"[0.0007201563289761963, 0.0008009015855756888, 0.0006389127146371415, 0.0007787488553828476, 0.0008824183868887861, 0.0006464961699827273, 0.0008206858302021051, 0.0007615154005731049, 0.000710714601529832, 0.0007892009065656258, 0.0008103769241706507, 0.0007295100868814857, 0.0007955929547045845, 0.0006581340383108601, 0.0006867272104637881, 0.0007830068963356793, 0.0007507505822305056, 0.0007591058070565179, 0.0007078260920324217, 0.0007842235400903906, 0.0007010530145907293, 0.0007708092986322773, 0.0006465847603104838, 0.0006387084965110024, 0.0006217422040622704, 0.00052780755597699, 0.0007616171419333328, 0.0008386495462298337, 0.0006236108432979511, 0.0005685703823483611]",8.24304690269261e-05,5000.0,0.8738095238095236,0.8952380952380952,"[0.8333333333333335, 0.880952380952381, 0.880952380952381, 0.8333333333333335, 0.880952380952381, 0.8333333333333335, 0.9523809523809524, 0.880952380952381, 0.880952380952381, 0.880952380952381, 0.880952380952381, 0.880952380952381, 0.8333333333333335, 0.880952380952381, 0.880952380952381, 0.880952380952381, 0.880952380952381, 0.880952380952381, 0.9523809523809524, 0.880952380952381, 0.880952380952381, 0.9523809523809524, 0.880952380952381, 0.9523809523809524, 0.880952380952381, 0.880952380952381, 0.880952380952381, 0.880952380952381, 0.880952380952381, 0.880952380952381]",0.8211060466943308,0.0987015357039045,"[1.0, 1.0, 1.0, 1.0, 1.0, 1.0, 1.0, 1.0, 1.0, 1.0, 1.0, 1.0, 1.0, 1.0, 1.0, 1.0, 1.0, 1.0, 1.0, 1.0, 1.0, 1.0, 1.0, 1.0, 1.0, 1.0, 1.0, 1.0, 1.0, 1.0]",0.0,"[0.8, 0.8, 0.8, 0.8, 0.8, 0.8, 0.8, 0.8, 0.8, 0.8, 0.8, 0.8, 0.8, 0.8, 0.8, 0.8, 0.8, 0.8, 0.8, 0.8, 0.8, 0.8, 0.8, 0.8, 0.8, 0.8, 0.8, 0.8, 0.8, 0.8]",2.220446049250313e-16,1.5470444642721658e-06
california,mlp,5000,6,8,abc_shap,A0,0.9922,4961.0,39.0,0.7500000000000001,0.1002170735412689,0.5619047619047618,0.7555555555555558,0.8666666666666668,0.0293847895875865,234.10869385123056,"[0.4999999999999999, 0.7142857142857142, 0.4999999999999999, 0.7857142857142856, 0.4999999999999999, 0.5714285714285714, 0.8571428571428571, 0.7857142857142856, 0.6428571428571428, 0.3571428571428571, 0.7142857142857142, 0.4999999999999999, 0.3571428571428571, 0.4999999999999999, 0.7857142857142856, 0.5714285714285714, 0.3571428571428571, 0.5714285714285714, 0.42857142857142855, 0.6428571428571428, 0.6428571428571428, 0.42857142857142855, 0.4999999999999999, 0.4999999999999999, 0.2857142857142857, 0.42857142857142855, 0.7142857142857142, 0.2857142857142857, 0.7857142857142856, 0.6428571428571428]",0.1572870910944166,0.0253856141661092,0.0339960699916447,0.0036730986984483,0.0015900241072412,"[0.016259617040674128, 0.03863376559156115, 0.02155857246173268, 0.02707021060640612, 0.038599335899923495, 0.07148191245728015, 0.02806084171054381, 0.03861545391645458, 0.016329629637143517, 0.028567473624478774, 0.014903155509069049, 0.02541366124905764, 0.05843308437262441, 0.027067460716887766, 0.023721611058375742, 0.013794210657418496, 0.02677386810337113, 0.024599000847720605, 0.031025779803368805, 0.04249054103152889, 0.013473278890042701, 0.030159775754724418, 0.022426304673139875, 0.01723128625823919, 0.033705785489101664, 0.038645958118833604, 0.03419897702606963, 0.03711651558133448, 0.014733050646384568, 0.026453568894106667]",0.0127201928579301,4961.0,0.7134920634920638,0.7857142857142858,"[0.7142857142857144, 0.8571428571428572, 0.7142857142857144, 0.9047619047619048, 0.7380952380952381, 0.7619047619047621, 0.9523809523809524, 0.8571428571428572, 0.7857142857142858, 0.6666666666666669, 0.8571428571428572, 0.7142857142857144, 0.6190476190476191, 0.7142857142857144, 0.880952380952381, 0.7380952380952381, 0.6666666666666669, 0.7380952380952381, 0.6428571428571429, 0.8095238095238096, 0.7857142857142858, 0.6428571428571429, 0.6666666666666669, 0.7142857142857144, 0.5714285714285715, 0.6428571428571429, 0.8571428571428572, 0.5714285714285715, 0.880952380952381, 0.8333333333333335]",1.838083723319384,0.3168687862786675,"[0.6666666666666666, 0.6666666666666666, 0.6666666666666666, 1.0, 1.0, 0.6666666666666666, 1.0, 1.0, 0.6666666666666666, 0.6666666666666666, 0.6666666666666666, 1.0, 0.6666666666666666, 0.6666666666666666, 0.6666666666666666, 0.6666666666666666, 0.6666666666666666, 0.6666666666666666, 0.6666666666666666, 1.0, 1.0, 0.6666666666666666, 0.6666666666666666, 0.6666666666666666, 0.6666666666666666, 0.6666666666666666, 1.0, 0.6666666666666666, 0.6666666666666666, 0.6666666666666666]",0.1474055462380177,"[0.8, 0.8, 0.8, 1.0, 0.8, 0.8, 1.0, 0.8, 1.0, 1.0, 1.0, 0.8, 0.8, 0.8, 1.0, 0.8, 1.0, 1.0, 0.8, 0.8, 0.8, 0.8, 0.8, 0.8, 0.8, 0.8, 0.8, 0.8, 1.0, 1.0]",0.0942809041582063,0.003418802481154
california,mlp,5000,6,8,b1_uniform,A0,0.0,0.0,5000.0,0.911904761904762,0.0139511078025769,0.8023809523809522,1.0,1.0,0.0008683468372284,6.91812147463124,"[0.7857142857142856, 0.8571428571428571, 0.7857142857142856, 0.8571428571428571, 0.8571428571428571, 0.7857142857142856, 0.7857142857142856, 0.8571428571428571, 0.7857142857142856, 0.7857142857142856, 0.7857142857142856, 0.7857142857142856, 0.7857142857142856, 0.7857142857142856, 0.7857142857142856, 0.7857142857142856, 0.7857142857142856, 0.7857142857142856, 0.7857142857142856, 0.7857142857142856, 0.7857142857142856, 0.7857142857142856, 0.8571428571428571, 0.7857142857142856, 0.7857142857142856, 0.7857142857142856, 0.7857142857142856, 0.7857142857142856, 0.8571428571428571, 0.8571428571428571]",0.0302108989058322,0.000769599898829,0.0009699855364098,0.0001085433546535,3.495171662368738e-05,"[0.0005387822884313542, 0.0003787503789796172, 0.000779607921500472, 0.0006539874998343465, 0.0007290913447742879, 0.0011359718155954616, 0.001221076685903274, 0.0005180857273169486, 0.0009434077942561361, 0.001024750953422822, 0.0004104868967329047, 0.0007665849725560103, 0.0007582833081262763, 0.0007732459390108869, 0.0007469167311508475, 0.0010950111728606291, 0.0011686450962184796, 0.0010857120469130504, 0.0005554916113176427, 0.0010749640778061438, 0.0014667701525582608, 0.0007511959875907125, 0.0007815945056699951, 0.0009164733925182634, 0.0005893171620596319, 0.0005581651743464942, 0.001291915440429559, 0.0010316287427980944, 0.0013351088707252387, 0.0009693814254501333]",0.0002796137329894,5000.0,0.907936507936508,0.916686507936508,"[0.9047619047619048, 0.9285714285714287, 0.9047619047619048, 0.9285714285714287, 0.9285714285714287, 0.9047619047619048, 0.9047619047619048, 0.9285714285714287, 0.9047619047619048, 0.9047619047619048, 0.9047619047619048, 0.9047619047619048, 0.9047619047619048, 0.9047619047619048, 0.9047619047619048, 0.9047619047619048, 0.9047619047619048, 0.9047619047619048, 0.9047619047619048, 0.9047619047619048, 0.9047619047619048, 0.9047619047619048, 0.9523809523809524, 0.9047619047619048, 0.9047619047619048, 0.9047619047619048, 0.9047619047619048, 0.9047619047619048, 0.9523809523809524, 0.9285714285714287]",0.8238076566718519,0.1992595112390812,"[1.0, 1.0, 1.0, 1.0, 1.0, 1.0, 1.0, 1.0, 1.0, 1.0, 1.0, 1.0, 1.0, 1.0, 1.0, 1.0, 1.0, 1.0, 1.0, 1.0, 1.0, 1.0, 1.0, 1.0, 1.0, 1.0, 1.0, 1.0, 1.0, 1.0]",0.0,"[1.0, 1.0, 1.0, 1.0, 1.0, 1.0, 1.0, 1.0, 1.0, 1.0, 1.0, 1.0, 1.0, 1.0, 1.0, 1.0, 1.0, 1.0, 1.0, 1.0, 1.0, 1.0, 1.0, 1.0, 1.0, 1.0, 1.0, 1.0, 1.0, 1.0]",0.0,1.953662073460508e-05
california,mlp,5000,6,8,b2_stratified,A0,0.0,0.0,5000.0,0.9523809523809526,0.0274928699614107,0.876190476190476,1.0,1.0,0.0001255177204408,1.0,"[0.8571428571428571, 0.8571428571428571, 0.8571428571428571, 0.9285714285714285, 0.8571428571428571, 0.8571428571428571, 0.8571428571428571, 0.9285714285714285, 0.8571428571428571, 0.9285714285714285, 0.7857142857142856, 0.7857142857142856, 0.8571428571428571, 0.9285714285714285, 0.9285714285714285, 0.7857142857142856, 0.8571428571428571, 0.9285714285714285, 0.8571428571428571, 0.7857142857142856, 0.8571428571428571, 0.9999999999999998, 0.8571428571428571, 0.9999999999999998, 0.8571428571428571, 0.7857142857142856, 0.9285714285714285, 0.8571428571428571, 0.9285714285714285, 0.9285714285714285]",0.0581264553130176,0.000101806195174,0.0001527308933466,1.5689715055103736e-05,9.08908729317413e-06,"[0.00018923286762834808, 0.0001997599819094689, 0.00014455882230289836, 1.3677246028768994e-05, 0.00016103693001289827, 0.0001846225205420905, 0.00023822501941595973, 7.990158876397661e-05, 9.02315594809969e-05, 6.848978524533307e-05, 0.00011530714894275594, 6.798642093035281e-05, 0.000201717175762494, 0.0003201913725442856, 0.0001408922227974184, 0.00011875920388317115, 9.580185029269513e-05, 6.61172600499418e-05, 0.0001761939585154684, 7.002166057101957e-05, 6.0823322071692046e-05, 3.496805810447929e-05, 0.000246933078524656, 0.00020530061947174588, 0.00014874255005040208, 3.798733859210795e-05, 6.330655512732519e-05, 6.566083418391852e-05, 0.00010506531266527355, 5.401934881295337e-05]",7.271269834539305e-05,5000.0,0.9428373015873016,0.961904761904762,"[0.9523809523809524, 0.9285714285714287, 0.9523809523809524, 0.9761904761904763, 0.9285714285714287, 0.9523809523809524, 0.9523809523809524, 0.9761904761904763, 0.9523809523809524, 0.9761904761904763, 0.9047619047619048, 0.9047619047619048, 0.9523809523809524, 0.9761904761904763, 0.9761904761904763, 0.9047619047619048, 0.9523809523809524, 0.9761904761904763, 0.9523809523809524, 0.9047619047619048, 0.9523809523809524, 1.0, 0.9523809523809524, 1.0, 0.9523809523809524, 0.9047619047619048, 0.9761904761904763, 0.9285714285714287, 0.9761904761904763, 0.9761904761904763]",0.8251210233274227,0.1709433794652403,"[1.0, 1.0, 1.0, 1.0, 1.0, 1.0, 1.0, 1.0, 1.0, 1.0, 1.0, 1.0, 1.0, 1.0, 1.0, 1.0, 1.0, 1.0, 1.0, 1.0, 1.0, 1.0, 1.0, 1.0, 1.0, 1.0, 1.0, 1.0, 1.0, 1.0]",0.0,"[1.0, 1.0, 1.0, 1.0, 1.0, 1.0, 1.0, 1.0, 1.0, 1.0, 1.0, 1.0, 1.0, 1.0, 1.0, 1.0, 1.0, 1.0, 1.0, 1.0, 1.0, 1.0, 1.0, 1.0, 1.0, 1.0, 1.0, 1.0, 1.0, 1.0]",0.0,1.5051068843746967e-05
california,mlp,5000,6,8,b3_is,A0,0.0,0.0,5000.0,0.9619047619047618,0.0242810453028227,0.895238095238095,1.0,1.0,0.0002002502806458,1.5953944984223682,"[0.9285714285714285, 0.9285714285714285, 0.9285714285714285, 0.9999999999999998, 0.8571428571428571, 0.9285714285714285, 0.7857142857142856, 0.8571428571428571, 0.8571428571428571, 0.8571428571428571, 0.8571428571428571, 0.9285714285714285, 0.9285714285714285, 0.9285714285714285, 0.9285714285714285, 0.9999999999999998, 0.8571428571428571, 0.9285714285714285, 0.9285714285714285, 0.7857142857142856, 0.8571428571428571, 0.8571428571428571, 0.9285714285714285, 0.9285714285714285, 0.9285714285714285, 0.9285714285714285, 0.7857142857142856, 0.9285714285714285, 0.8571428571428571, 0.8571428571428571]",0.0545024911536171,0.0001662970360541,0.0002359661360637,2.5031285080727103e-05,1.2423057767934788e-05,"[0.00019630068909018148, 3.5575715184530085e-05, 0.00027941348137393106, 0.00011687237573385548, 7.176283425828742e-05, 0.00029855405952349364, 0.00024881672763769273, 0.00015855940412178404, 0.00014372034434141355, 8.692265445339163e-05, 0.00033807619413742085, 0.00022403356092633926, 0.00035295356105357364, 9.920342244303074e-05, 0.0002505572561607463, 0.00027804295850875294, 0.00016373200857586984, 0.00035382502059440617, 0.00012370455666241474, 0.00023599251309875817, 6.270030664866484e-05, 0.00015712074889790518, 0.00016462651181948587, 0.00018525059550357335, 5.506521521800111e-05, 0.00036842218738483343, 0.0003743516193316404, 0.00012520545656325327, 0.00017123622050277092, 0.0002869102196245049]",9.93844621434783e-05,5000.0,0.953174603174603,0.9706349206349204,"[0.9761904761904763, 0.9761904761904763, 0.9761904761904763, 1.0, 0.9523809523809524, 0.9761904761904763, 0.9047619047619048, 0.9285714285714287, 0.9523809523809524, 0.9523809523809524, 0.9523809523809524, 0.9761904761904763, 0.9761904761904763, 0.9761904761904763, 0.9761904761904763, 1.0, 0.9523809523809524, 0.9761904761904763, 0.9761904761904763, 0.9047619047619048, 0.9523809523809524, 0.9523809523809524, 0.9761904761904763, 0.9761904761904763, 0.9761904761904763, 0.9761904761904763, 0.9047619047619048, 0.9761904761904763, 0.9523809523809524, 0.9523809523809524]",0.9169109500013292,0.1103051889389637,"[1.0, 1.0, 1.0, 1.0, 1.0, 1.0, 1.0, 1.0, 1.0, 1.0, 1.0, 1.0, 1.0, 1.0, 1.0, 1.0, 1.0, 1.0, 1.0, 1.0, 1.0, 1.0, 1.0, 1.0, 1.0, 1.0, 1.0, 1.0, 1.0, 1.0]",0.0,"[1.0, 1.0, 1.0, 1.0, 1.0, 1.0, 1.0, 1.0, 1.0, 1.0, 1.0, 1.0, 1.0, 1.0, 1.0, 1.0, 1.0, 1.0, 1.0, 1.0, 1.0, 1.0, 1.0, 1.0, 1.0, 1.0, 1.0, 1.0, 1.0, 1.0]",0.0,1.5632452280851777e-05
california,mlp,5000,6,8,b4_antithetic,A0,0.0,0.0,5000.0,0.9047619047619048,1.1102230246251563e-16,0.7857142857142854,1.0,1.0,0.0007427870887888,5.917786637457619,"[0.7857142857142856, 0.7857142857142856, 0.7857142857142856, 0.7857142857142856, 0.7857142857142856, 0.7857142857142856, 0.7857142857142856, 0.7857142857142856, 0.7857142857142856, 0.7857142857142856, 0.7857142857142856, 0.7857142857142856, 0.7857142857142856, 0.7857142857142856, 0.7857142857142856, 0.7857142857142856, 0.7857142857142856, 0.7857142857142856, 0.7857142857142856, 0.7857142857142856, 0.7857142857142856, 0.7857142857142856, 0.7857142857142856, 0.7857142857142856, 0.7857142857142856, 0.7857142857142856, 0.7857142857142856, 0.7857142857142856, 0.7857142857142856, 0.7857142857142856]",2.220446049250313e-16,0.0007005949041258,0.0007933239364441,9.284838609861052e-05,1.5790373196449234e-05,"[0.0007085303545496344, 0.0006473809800809282, 0.000813958903401042, 0.0007286574967219335, 0.0006083566403973894, 0.0006327430960879622, 0.0007925780985655324, 0.0006755839158686196, 0.0007536606679162358, 0.0009420226274909536, 0.0006562111960090017, 0.0007024505127361567, 0.0010392906328826835, 0.0009363577671995256, 0.001009420313345984, 0.0008509417215219815, 0.0005844838493265142, 0.0008251290047639008, 0.0006967375187933671, 0.0007797168229175874, 0.0006169855376755325, 0.0006824551553615688, 0.0008058537681381132, 0.0004929112382766901, 0.0007738786585954924, 0.0006473426610861378, 0.0008630134610756186, 0.0007453555386399235, 0.0006243432076195066, 0.0006472613166210028]",0.0001263229855715,5000.0,0.9047619047619048,0.9047619047619048,"[0.9047619047619048, 0.9047619047619048, 0.9047619047619048, 0.9047619047619048, 0.9047619047619048, 0.9047619047619048, 0.9047619047619048, 0.9047619047619048, 0.9047619047619048, 0.9047619047619048, 0.9047619047619048, 0.9047619047619048, 0.9047619047619048, 0.9047619047619048, 0.9047619047619048, 0.9047619047619048, 0.9047619047619048, 0.9047619047619048, 0.9047619047619048, 0.9047619047619048, 0.9047619047619048, 0.9047619047619048, 0.9047619047619048, 0.9047619047619048, 0.9047619047619048, 0.9047619047619048, 0.9047619047619048, 0.9047619047619048, 0.9047619047619048, 0.9047619047619048]",0.8028680700265493,0.1603374936523464,"[1.0, 1.0, 1.0, 1.0, 1.0, 1.0, 1.0, 1.0, 1.0, 1.0, 1.0, 1.0, 1.0, 1.0, 1.0, 1.0, 1.0, 1.0, 1.0, 1.0, 1.0, 1.0, 1.0, 1.0, 1.0, 1.0, 1.0, 1.0, 1.0, 1.0]",0.0,"[1.0, 1.0, 1.0, 1.0, 1.0, 1.0, 1.0, 1.0, 1.0, 1.0, 1.0, 1.0, 1.0, 1.0, 1.0, 1.0, 1.0, 1.0, 1.0, 1.0, 1.0, 1.0, 1.0, 1.0, 1.0, 1.0, 1.0, 1.0, 1.0, 1.0]",0.0,2.179295677348728e-06
california,mlp,5000,7,8,abc_shap,A0,0.9922,4961.0,39.0,0.9246031746031744,0.0456262931803327,0.8238095238095239,0.9555555555555556,0.96,0.0176730481213795,229.8584764210848,"[0.7857142857142856, 0.7142857142857142, 0.7142857142857142, 0.9999999999999998, 0.7857142857142856, 0.8571428571428571, 0.7857142857142856, 0.8571428571428571, 0.9285714285714285, 0.9285714285714285, 0.9285714285714285, 0.6428571428571428, 0.7142857142857142, 0.8571428571428571, 0.8571428571428571, 0.7857142857142856, 0.9285714285714285, 0.8571428571428571, 0.8571428571428571, 0.7857142857142856, 0.8571428571428571, 0.7857142857142856, 0.7857142857142856, 0.7857142857142856, 0.7142857142857142, 0.9999999999999998, 0.7142857142857142, 0.9999999999999998, 0.8571428571428571, 0.6428571428571428]",0.0971241812112911,0.0142623838873126,0.0215374379713006,0.0022091310151724,0.0012630844716418,"[0.02078408505488292, 0.02628388216537808, 0.025904235290878853, 0.011513410770713554, 0.017340326319467633, 0.02866506425126451, 0.020794052379405837, 0.015711665699110772, 0.00546203949308444, 0.01777905284145115, 0.0039037045767238614, 0.017474523655773747, 0.050162903191635716, 0.021469816761908546, 0.0330434104242694, 0.01220618890802932, 0.005434465542269204, 0.007481219911476961, 0.008657679796082859, 0.007665660508067234, 0.016756133073253632, 0.02191271844807582, 0.018676538231443995, 0.006674296385697193, 0.02638589310587718, 0.0032962474740551102, 0.0237999754659824, 0.009810328619275086, 0.017168414726029018, 0.027973510569823352]",0.0101046757731349,4961.0,0.9087301587301586,0.9412698412698411,"[0.9047619047619048, 0.880952380952381, 0.8571428571428572, 1.0, 0.9047619047619048, 0.9285714285714287, 0.9047619047619048, 0.9523809523809524, 0.9761904761904763, 0.9761904761904763, 0.9761904761904763, 0.8571428571428572, 0.8571428571428572, 0.9285714285714287, 0.9285714285714287, 0.9285714285714287, 0.9761904761904763, 0.9523809523809524, 0.9523809523809524, 0.9285714285714287, 0.9285714285714287, 0.9047619047619048, 0.9285714285714287, 0.9047619047619048, 0.8571428571428572, 1.0, 0.880952380952381, 1.0, 0.9285714285714287, 0.8333333333333335]",1.633423646632582,0.0955067943562635,"[1.0, 1.0, 1.0, 1.0, 0.6666666666666666, 0.6666666666666666, 1.0, 1.0, 1.0, 0.6666666666666666, 1.0, 1.0, 1.0, 1.0, 1.0, 1.0, 1.0, 1.0, 1.0, 1.0, 1.0, 1.0, 0.6666666666666666, 1.0, 1.0, 1.0, 1.0, 1.0, 1.0, 1.0]",0.1133115447465063,"[1.0, 1.0, 0.8, 1.0, 1.0, 1.0, 1.0, 1.0, 1.0, 1.0, 1.0, 1.0, 0.8, 1.0, 1.0, 1.0, 1.0, 0.8, 1.0, 1.0, 1.0, 0.8, 1.0, 1.0, 0.8, 1.0, 1.0, 1.0, 1.0, 0.8]",0.0799999999999999,0.0019720980861261
california,mlp,5000,7,8,b1_uniform,A0,0.0,0.0,5000.0,0.988095238095238,0.0119047619047618,0.964285714285714,1.0,1.0,0.0003430990311542,4.462400601243795,"[0.9999999999999998, 0.9999999999999998, 0.9285714285714285, 0.9285714285714285, 0.9999999999999998, 0.9999999999999998, 0.9999999999999998, 0.9285714285714285, 0.9999999999999998, 0.9999999999999998, 0.9285714285714285, 0.9285714285714285, 0.9285714285714285, 0.9999999999999998, 0.9285714285714285, 0.9999999999999998, 0.9999999999999998, 0.9999999999999998, 0.9999999999999998, 0.9285714285714285, 0.9285714285714285, 0.9285714285714285, 0.9999999999999998, 0.9285714285714285, 0.9285714285714285, 0.9999999999999998, 0.9999999999999998, 0.9285714285714285, 0.9285714285714285, 0.9285714285714285]",0.0357142857142856,0.0002970676412249,0.0003873892442242,4.288737889427503e-05,1.603570250823366e-05,"[0.000394814586523032, 0.0001292314980396744, 0.0004927659714080283, 0.0001331189198507698, 0.00035011904664757667, 0.0001980987322994622, 0.0002474463770645504, 0.00019670227758843034, 0.0003285064291738404, 0.00039944024257486746, 0.00044463288231213024, 0.0005662573346929756, 0.00033394836919991595, 0.0004932827772798004, 0.00028230170138183417, 0.0002320016050523429, 0.00019560156048207343, 0.0004310308231975121, 0.0003025673608649213, 0.0004331517428373451, 0.0003276553001015036, 0.0004427097600907328, 0.0005040783232242235, 0.00025176655621543265, 0.00033165560627161655, 0.00024013457586402766, 0.00038695791178542863, 0.00023188780698376132, 0.0006823890583694274, 0.0003087157972487697]",0.0001282856200658,5000.0,0.984126984126984,0.992063492063492,"[1.0, 1.0, 0.9761904761904763, 0.9761904761904763, 1.0, 1.0, 1.0, 0.9761904761904763, 1.0, 1.0, 0.9761904761904763, 0.9761904761904763, 0.9761904761904763, 1.0, 0.9761904761904763, 1.0, 1.0, 1.0, 1.0, 0.9761904761904763, 0.9761904761904763, 0.9761904761904763, 1.0, 0.9761904761904763, 0.9761904761904763, 1.0, 1.0, 0.9761904761904763, 0.9761904761904763, 0.9761904761904763]",0.7402711233434578,0.0609385400795759,"[1.0, 1.0, 1.0, 1.0, 1.0, 1.0, 1.0, 1.0, 1.0, 1.0, 1.0, 1.0, 1.0, 1.0, 1.0, 1.0, 1.0, 1.0, 1.0, 1.0, 1.0, 1.0, 1.0, 1.0, 1.0, 1.0, 1.0, 1.0, 1.0, 1.0]",0.0,"[1.0, 1.0, 1.0, 1.0, 1.0, 1.0, 1.0, 1.0, 1.0, 1.0, 1.0, 1.0, 1.0, 1.0, 1.0, 1.0, 1.0, 1.0, 1.0, 1.0, 1.0, 1.0, 1.0, 1.0, 1.0, 1.0, 1.0, 1.0, 1.0, 1.0]",0.0,1.0981090472786793e-05
california,mlp,5000,7,8,b2_stratified,A0,0.0,0.0,5000.0,1.0,0.0,0.9999999999999998,1.0,1.0,7.688664954432128e-05,1.0,"[0.9999999999999998, 0.9999999999999998, 0.9999999999999998, 0.9999999999999998, 0.9999999999999998, 0.9999999999999998, 0.9999999999999998, 0.9999999999999998, 0.9999999999999998, 0.9999999999999998, 0.9999999999999998, 0.9999999999999998, 0.9999999999999998, 0.9999999999999998, 0.9999999999999998, 0.9999999999999998, 0.9999999999999998, 0.9999999999999998, 0.9999999999999998, 0.9999999999999998, 0.9999999999999998, 0.9999999999999998, 0.9999999999999998, 0.9999999999999998, 0.9999999999999998, 0.9999999999999998, 0.9999999999999998, 0.9999999999999998, 0.9999999999999998, 0.9999999999999998]",0.0,5.716273916918877e-05,9.95205818074592e-05,9.61083119304016e-06,7.083026002986461e-06,"[3.07523255281798e-05, 1.3219369155930384e-05, 4.973907744618175e-05, 3.316728746315659e-05, 9.551405362908782e-05, 7.627049188262046e-05, 3.6320734187257645e-05, 2.4326002881249503e-05, 0.0002529072002018587, 3.509065558180573e-05, 6.10254289147002e-05, 6.365698810278263e-05, 2.129166648391485e-05, 7.98960584482236e-05, 0.00013489462694973308, 3.479230641211328e-05, 0.0001447766574947927, 2.8944273088048624e-05, 0.00020713101807307043, 7.501033228866322e-05, 5.679436926810854e-05, 4.293355907659877e-05, 9.739535015573972e-05, 6.066225711680764e-05, 0.00018636611450794545, 5.639049135421463e-05, 0.0001027142172002271, 3.2434382159532665e-05, 8.360908475469854e-05, 8.857310652239412e-05]",5.666420802389169e-05,5000.0,1.0,1.0,"[1.0, 1.0, 1.0, 1.0, 1.0, 1.0, 1.0, 1.0, 1.0, 1.0, 1.0, 1.0, 1.0, 1.0, 1.0, 1.0, 1.0, 1.0, 1.0, 1.0, 1.0, 1.0, 1.0, 1.0, 1.0, 1.0, 1.0, 1.0, 1.0, 1.0]",0.7307359099853784,0.0265408539111562,"[1.0, 1.0, 1.0, 1.0, 1.0, 1.0, 1.0, 1.0, 1.0, 1.0, 1.0, 1.0, 1.0, 1.0, 1.0, 1.0, 1.0, 1.0, 1.0, 1.0, 1.0, 1.0, 1.0, 1.0, 1.0, 1.0, 1.0, 1.0, 1.0, 1.0]",0.0,"[1.0, 1.0, 1.0, 1.0, 1.0, 1.0, 1.0, 1.0, 1.0, 1.0, 1.0, 1.0, 1.0, 1.0, 1.0, 1.0, 1.0, 1.0, 1.0, 1.0, 1.0, 1.0, 1.0, 1.0, 1.0, 1.0, 1.0, 1.0, 1.0, 1.0]",0.0,9.109672861798853e-06
california,mlp,5000,7,8,b3_is,A0,0.0,0.0,5000.0,0.9992063492063492,0.0042739403231226,0.9976190476190472,1.0,1.0,0.0001333928832,1.7349290675379316,"[0.9999999999999998, 0.9999999999999998, 0.9999999999999998, 0.9999999999999998, 0.9999999999999998, 0.9999999999999998, 0.9999999999999998, 0.9999999999999998, 0.9999999999999998, 0.9999999999999998, 0.9999999999999998, 0.9999999999999998, 0.9999999999999998, 0.9999999999999998, 0.9999999999999998, 0.9999999999999998, 0.9999999999999998, 0.9999999999999998, 0.9999999999999998, 0.9999999999999998, 0.9999999999999998, 0.9999999999999998, 0.9999999999999998, 0.9999999999999998, 0.9999999999999998, 0.9999999999999998, 0.9999999999999998, 0.9999999999999998, 0.9999999999999998, 0.9285714285714285]",0.0128218209693678,0.0001001433087458,0.0001729082293341,1.667411040000563e-05,1.2767679751961956e-05,"[7.254600896245951e-05, 1.5491331101004867e-05, 3.062468450373247e-05, 4.54747977848489e-05, 4.319018742110612e-05, 4.489400424387574e-05, 8.489117092073743e-05, 0.00010359725897928782, 0.00010993052031584684, 0.0002768530750863062, 0.00013874616988015576, 8.537534449582106e-05, 0.00038429088502354856, 3.981751661052609e-05, 0.00010638868748410128, 0.00010648719850557211, 1.206376083101271e-05, 0.00026789701257136757, 0.0001945308913018354, 0.00014947712778698782, 0.00027881685417526723, 0.00011429605987215364, 7.739890432466616e-05, 6.682159486780514e-05, 0.0002715433046399178, 0.000358861927768191, 8.158337098175143e-05, 7.316754672843626e-05, 9.927419547778242e-05, 0.0002674551033552456]",0.0001021414380156,5000.0,0.9976190476190476,1.0,"[1.0, 1.0, 1.0, 1.0, 1.0, 1.0, 1.0, 1.0, 1.0, 1.0, 1.0, 1.0, 1.0, 1.0, 1.0, 1.0, 1.0, 1.0, 1.0, 1.0, 1.0, 1.0, 1.0, 1.0, 1.0, 1.0, 1.0, 1.0, 1.0, 0.9761904761904763]",0.8228212566891064,0.0201769204098501,"[1.0, 1.0, 1.0, 1.0, 1.0, 1.0, 1.0, 1.0, 1.0, 1.0, 1.0, 1.0, 1.0, 1.0, 1.0, 1.0, 1.0, 1.0, 1.0, 1.0, 1.0, 1.0, 1.0, 1.0, 1.0, 1.0, 1.0, 1.0, 1.0, 1.0]",0.0,"[1.0, 1.0, 1.0, 1.0, 1.0, 1.0, 1.0, 1.0, 1.0, 1.0, 1.0, 1.0, 1.0, 1.0, 1.0, 1.0, 1.0, 1.0, 1.0, 1.0, 1.0, 1.0, 1.0, 1.0, 1.0, 1.0, 1.0, 1.0, 1.0, 1.0]",0.0,1.472078046975968e-05
california,mlp,5000,7,8,b4_antithetic,A0,0.0,0.0,5000.0,0.9888888888888888,0.0118782774183299,0.9666666666666665,1.0,1.0,0.0002594377376212,3.374288503385711,"[0.9999999999999998, 0.9999999999999998, 0.9285714285714285, 0.9285714285714285, 0.9285714285714285, 0.9999999999999998, 0.9285714285714285, 0.9999999999999998, 0.9285714285714285, 0.9999999999999998, 0.9999999999999998, 0.9285714285714285, 0.9999999999999998, 0.9285714285714285, 0.9999999999999998, 0.9285714285714285, 0.9285714285714285, 0.9999999999999998, 0.9999999999999998, 0.9999999999999998, 0.9999999999999998, 0.9285714285714285, 0.9999999999999998, 0.9999999999999998, 0.9999999999999998, 0.9285714285714285, 0.9999999999999998, 0.9285714285714285, 0.9285714285714285, 0.9285714285714285]",0.0356348322549898,0.0002469170654473,0.0002713842719108,3.242971720265619e-05,4.124007927152208e-06,"[0.0002421810441001491, 0.00022562262552896874, 0.00029825896709209155, 0.0002258357171892589, 0.00031101408242615144, 0.00021480410449740858, 0.0002777474967149848, 0.00020461487057331132, 0.0002764805844445794, 0.00026987244130689244, 0.00022466927910149445, 0.0002733513161970774, 0.00024365512135597283, 0.0002889055331793054, 0.00031451265817647765, 0.00020196978723313974, 0.00024101555486344292, 0.0002400268457291114, 0.00025061361324659766, 0.0002976414271216677, 0.0002484716813540278, 0.0002456927187842871, 0.0002963541006692693, 0.00023713522459561337, 0.00027692804531205523, 0.00031696512872902044, 0.00029434711344323916, 0.00021964544707453674, 0.0002777433349230154, 0.00024705626367433817]",3.299206341721766e-05,5000.0,0.9849206349206348,0.9936507936507936,"[1.0, 1.0, 0.9761904761904763, 0.9761904761904763, 0.9761904761904763, 1.0, 0.9761904761904763, 1.0, 0.9761904761904763, 1.0, 1.0, 0.9761904761904763, 1.0, 0.9761904761904763, 1.0, 0.9761904761904763, 0.9761904761904763, 1.0, 1.0, 1.0, 1.0, 0.9761904761904763, 1.0, 1.0, 1.0, 0.9761904761904763, 1.0, 0.9761904761904763, 0.9761904761904763, 0.9761904761904763]",0.6971918733557686,0.0236578527951504,"[1.0, 1.0, 1.0, 1.0, 1.0, 1.0, 1.0, 1.0, 1.0, 1.0, 1.0, 1.0, 1.0, 1.0, 1.0, 1.0, 1.0, 1.0, 1.0, 1.0, 1.0, 1.0, 1.0, 1.0, 1.0, 1.0, 1.0, 1.0, 1.0, 1.0]",0.0,"[1.0, 1.0, 1.0, 1.0, 1.0, 1.0, 1.0, 1.0, 1.0, 1.0, 1.0, 1.0, 1.0, 1.0, 1.0, 1.0, 1.0, 1.0, 1.0, 1.0, 1.0, 1.0, 1.0, 1.0, 1.0, 1.0, 1.0, 1.0, 1.0, 1.0]",0.0,9.351629894990612e-07
california,mlp,5000,8,8,abc_shap,A0,0.9922,4961.0,39.0,0.953968253968254,0.0368513865595044,0.8952380952380952,1.0,0.98,0.1298691490504336,165.09821101872728,"[0.8571428571428571, 0.8571428571428571, 0.7857142857142856, 0.9999999999999998, 0.9999999999999998, 0.9285714285714285, 0.7857142857142856, 0.9999999999999998, 0.9285714285714285, 0.9999999999999998, 0.8571428571428571, 0.8571428571428571, 0.8571428571428571, 0.9999999999999998, 0.8571428571428571, 0.9999999999999998, 0.9285714285714285, 0.9285714285714285, 0.7857142857142856, 0.8571428571428571, 0.9285714285714285, 0.9285714285714285, 0.9285714285714285, 0.9285714285714285, 0.7857142857142856, 0.7857142857142856, 0.8571428571428571, 0.8571428571428571, 0.9999999999999998, 0.7857142857142856]",0.0754427596083564,0.0932969720156571,0.1668563591633469,0.0162336436313042,0.013405672580886,"[0.0031064152469940354, 0.03384045393467532, 0.25420877427432015, 0.022476790896235898, 0.19472337472637263, 0.10787244289188141, 0.10217130480547303, 0.03583376703001802, 0.31452440994698694, 0.05839841113822513, 0.031137121126124646, 0.27435623989997204, 0.23388816357941192, 0.031097807890659267, 0.057634487360407695, 0.11366935517529363, 0.2994561879614334, 0.20222999677710055, 0.3446833720906461, 0.045891215777690585, 0.07734210595519604, 0.22900314927124604, 0.18164186000273322, 0.0025239429487107206, 0.019602689830825006, 0.31627991355130414, 0.07631323794399149, 0.13650763830108162, 0.030230687828298297, 0.06542915334969994]",0.1072453806470884,4961.0,0.9420436507936506,0.9666666666666668,"[0.9285714285714287, 0.9285714285714287, 0.880952380952381, 1.0, 1.0, 0.9761904761904763, 0.9047619047619048, 1.0, 0.9761904761904763, 1.0, 0.9285714285714287, 0.9285714285714287, 0.9523809523809524, 1.0, 0.9285714285714287, 1.0, 0.9761904761904763, 0.9761904761904763, 0.9047619047619048, 0.9285714285714287, 0.9761904761904763, 0.9761904761904763, 0.9761904761904763, 0.9761904761904763, 0.9047619047619048, 0.9047619047619048, 0.9285714285714287, 0.9523809523809524, 1.0, 0.9047619047619048]",1.6905471100083862,0.2686857913965431,"[1.0, 1.0, 1.0, 1.0, 1.0, 1.0, 1.0, 1.0, 1.0, 1.0, 1.0, 1.0, 1.0, 1.0, 1.0, 1.0, 1.0, 1.0, 1.0, 1.0, 1.0, 1.0, 1.0, 1.0, 1.0, 1.0, 1.0, 1.0, 1.0, 1.0]",0.0,"[1.0, 1.0, 0.8, 1.0, 1.0, 1.0, 1.0, 1.0, 0.8, 1.0, 1.0, 1.0, 1.0, 1.0, 1.0, 1.0, 1.0, 1.0, 1.0, 1.0, 1.0, 1.0, 1.0, 1.0, 1.0, 0.8, 1.0, 1.0, 1.0, 1.0]",0.0599999999999999,0.0142615642381782
california,mlp,5000,8,8,b1_uniform,A0,0.0,0.0,5000.0,0.9984126984126984,0.0059391387091649,0.995238095238095,1.0,1.0,0.0069427724229827,8.826109317921752,"[0.9999999999999998, 0.9999999999999998, 0.9999999999999998, 0.9999999999999998, 0.9999999999999998, 0.9999999999999998, 0.9999999999999998, 0.9999999999999998, 0.9999999999999998, 0.9999999999999998, 0.9999999999999998, 0.9999999999999998, 0.9999999999999998, 0.9999999999999998, 0.9999999999999998, 0.9999999999999998, 0.9999999999999998, 0.9285714285714285, 0.9999999999999998, 0.9999999999999998, 0.9999999999999998, 0.9999999999999998, 0.9999999999999998, 0.9999999999999998, 0.9999999999999998, 0.9999999999999998, 0.9999999999999998, 0.9999999999999998, 0.9999999999999998, 0.9285714285714285]",0.0178174161274949,0.0060923232313725,0.0078979141024205,0.0008678465528728,0.0003298703054938,"[0.007644112248397223, 0.004490929661780509, 0.0044761103048135496, 0.00528128889740949, 0.006364927959827903, 0.006643056702141478, 0.005595658060214576, 0.005982348407435722, 0.012185829040423132, 0.004375155815831569, 0.009423715600270579, 0.009127194689264411, 0.007781466054555583, 0.012011035522172853, 0.008589219634334512, 0.009457604491755646, 0.006141347057543482, 0.014647251049000056, 0.004039427131044766, 0.005848499857840622, 0.009419983874602546, 0.004181594086774473, 0.0047197200981529, 0.0078054252392993, 0.006062522819646589, 0.005357449584650225, 0.003669392011139174, 0.006642591432055795, 0.004685448064078239, 0.005632867293024615]",0.0026389624439504,5000.0,0.996031746031746,1.0,"[1.0, 1.0, 1.0, 1.0, 1.0, 1.0, 1.0, 1.0, 1.0, 1.0, 1.0, 1.0, 1.0, 1.0, 1.0, 1.0, 1.0, 0.9761904761904763, 1.0, 1.0, 1.0, 1.0, 1.0, 1.0, 1.0, 1.0, 1.0, 1.0, 1.0, 0.9761904761904763]",0.747540540030847,0.1124919255949589,"[1.0, 1.0, 1.0, 1.0, 1.0, 1.0, 1.0, 1.0, 1.0, 1.0, 1.0, 1.0, 1.0, 1.0, 1.0, 1.0, 1.0, 1.0, 1.0, 1.0, 1.0, 1.0, 1.0, 1.0, 1.0, 1.0, 1.0, 1.0, 1.0, 1.0]",0.0,"[1.0, 1.0, 1.0, 1.0, 1.0, 1.0, 1.0, 1.0, 1.0, 1.0, 1.0, 1.0, 1.0, 1.0, 1.0, 1.0, 1.0, 1.0, 1.0, 1.0, 1.0, 1.0, 1.0, 1.0, 1.0, 1.0, 1.0, 1.0, 1.0, 1.0]",0.0,0.000173390130853
california,mlp,5000,8,8,b2_stratified,A0,0.0,0.0,5000.0,0.9936507936507936,0.0105289675884298,0.9809523809523808,1.0,1.0,0.0007866175426679,1.0,"[0.9999999999999998, 0.9285714285714285, 0.9999999999999998, 0.9999999999999998, 0.9999999999999998, 0.9285714285714285, 0.9999999999999998, 0.9999999999999998, 0.9999999999999998, 0.9999999999999998, 0.9999999999999998, 0.9999999999999998, 0.9999999999999998, 0.9999999999999998, 0.9999999999999998, 0.9285714285714285, 0.9285714285714285, 0.9285714285714285, 0.9999999999999998, 0.9285714285714285, 0.9999999999999998, 0.9999999999999998, 0.9999999999999998, 0.9999999999999998, 0.9999999999999998, 0.9285714285714285, 0.9999999999999998, 0.9285714285714285, 0.9999999999999998, 0.9999999999999998]",0.0315869027652894,0.000506604139166,0.0011153681236813,9.832719283349958e-05,0.0001066484143903,"[0.00011278624969476515, 0.0003747735108723647, 0.00014297667978369842, 0.0003175839362616592, 0.0018727363928061807, 0.00016992969394753906, 0.00017952004555994648, 0.0005333570667495388, 0.00045245453029689497, 0.0006757899555609814, 0.002417449420105521, 0.00021273864213641085, 0.0019187406135397517, 0.0004050186653569841, 0.0004828158664802308, 0.0001053845558547049, 0.0003219630972493981, 0.0003091851700636457, 0.00020271792106275915, 0.0002476388482071448, 0.00041083078801751555, 0.00033466595617096884, 0.0010189881739949014, 0.000693592318067831, 0.0005130705259610577, 0.0035186564030374114, 0.00024651770452895343, 0.002651281483569751, 0.0013552525936745784, 0.0014001094714268067]",0.0008531873151227,5000.0,0.9896825396825396,0.9968253968253968,"[1.0, 0.9761904761904763, 1.0, 1.0, 1.0, 0.9761904761904763, 1.0, 1.0, 1.0, 1.0, 1.0, 1.0, 1.0, 1.0, 1.0, 0.9761904761904763, 0.9761904761904763, 0.9761904761904763, 1.0, 0.9761904761904763, 1.0, 1.0, 1.0, 1.0, 1.0, 0.9761904761904763, 1.0, 0.9761904761904763, 1.0, 1.0]",0.7456018599914387,0.0717575577961257,"[1.0, 1.0, 1.0, 1.0, 1.0, 1.0, 1.0, 1.0, 1.0, 1.0, 1.0, 1.0, 1.0, 1.0, 1.0, 1.0, 1.0, 1.0, 1.0, 1.0, 1.0, 1.0, 1.0, 1.0, 1.0, 1.0, 1.0, 1.0, 1.0, 1.0]",0.0,"[1.0, 1.0, 1.0, 1.0, 1.0, 1.0, 1.0, 1.0, 1.0, 1.0, 1.0, 1.0, 1.0, 1.0, 1.0, 1.0, 1.0, 1.0, 1.0, 1.0, 1.0, 1.0, 1.0, 1.0, 1.0, 1.0, 1.0, 1.0, 1.0, 1.0]",0.0,8.875580195099266e-05
california,mlp,5000,8,8,b3_is,A0,0.0,0.0,5000.0,0.9865079365079362,0.0191301123701491,0.9619047619047616,1.0,1.0,0.0012517762762847,1.591340401637983,"[0.9285714285714285, 0.9999999999999998, 0.9999999999999998, 0.9999999999999998, 0.9999999999999998, 0.9285714285714285, 0.9999999999999998, 0.7857142857142856, 0.9999999999999998, 0.9285714285714285, 0.9999999999999998, 0.9285714285714285, 0.9999999999999998, 0.9999999999999998, 0.9999999999999998, 0.9999999999999998, 0.9285714285714285, 0.9285714285714285, 0.9285714285714285, 0.9999999999999998, 0.9285714285714285, 0.9999999999999998, 0.9285714285714285, 0.9999999999999998, 0.9285714285714285, 0.9999999999999998, 0.9285714285714285, 0.9285714285714285, 0.9285714285714285, 0.9999999999999998]",0.047856550576766,0.0009608901337081,0.0015904677516478,0.0001564720345355,0.0001079867290616,"[0.0006039407280007199, 0.0016240502357854818, 0.00025138686013982545, 0.0007531390348596274, 0.001138967025690098, 0.0006226874591172703, 0.0016412591516401737, 0.0033285005611485194, 0.00045997526313335744, 0.002087600938668661, 0.0008000733973190584, 0.0010770781567125199, 0.0007336193263039406, 0.0009489616363167421, 0.0009363181298555448, 0.00023836350527152696, 0.0005600507766814109, 0.0029434952487700106, 0.00028048958921237494, 0.0013266926455494266, 0.001370016749154307, 0.0004236465677872756, 0.0024069714549533588, 0.0012707884280851222, 0.001072091850496788, 0.0015775232921780554, 0.0006003232147634802, 0.0008662777520956735, 0.0021702327427798305, 0.0034387665660730086]",0.0008638938324931,5000.0,0.9793650793650792,0.9928571428571424,"[0.9761904761904763, 1.0, 1.0, 1.0, 1.0, 0.9761904761904763, 1.0, 0.9047619047619048, 1.0, 0.9761904761904763, 1.0, 0.9761904761904763, 1.0, 1.0, 1.0, 1.0, 0.9761904761904763, 0.9761904761904763, 0.9761904761904763, 1.0, 0.9761904761904763, 1.0, 0.9761904761904763, 1.0, 0.9761904761904763, 1.0, 0.9761904761904763, 0.9761904761904763, 0.9761904761904763, 1.0]",0.8831651366859053,0.1372285763730094,"[1.0, 1.0, 1.0, 1.0, 1.0, 1.0, 1.0, 1.0, 1.0, 1.0, 1.0, 1.0, 1.0, 1.0, 1.0, 1.0, 1.0, 1.0, 1.0, 1.0, 1.0, 1.0, 1.0, 1.0, 1.0, 1.0, 1.0, 1.0, 1.0, 1.0]",0.0,"[1.0, 1.0, 1.0, 1.0, 1.0, 1.0, 1.0, 1.0, 1.0, 1.0, 1.0, 1.0, 1.0, 1.0, 1.0, 1.0, 1.0, 1.0, 1.0, 1.0, 1.0, 1.0, 1.0, 1.0, 1.0, 1.0, 1.0, 1.0, 1.0, 1.0]",0.0,0.0001189425209587
california,mlp,5000,8,8,b4_antithetic,A0,0.0,0.0,5000.0,1.0,0.0,0.9999999999999998,1.0,1.0,0.0051681363844384,6.570075168816498,"[0.9999999999999998, 0.9999999999999998, 0.9999999999999998, 0.9999999999999998, 0.9999999999999998, 0.9999999999999998, 0.9999999999999998, 0.9999999999999998, 0.9999999999999998, 0.9999999999999998, 0.9999999999999998, 0.9999999999999998, 0.9999999999999998, 0.9999999999999998, 0.9999999999999998, 0.9999999999999998, 0.9999999999999998, 0.9999999999999998, 0.9999999999999998, 0.9999999999999998, 0.9999999999999998, 0.9999999999999998, 0.9999999999999998, 0.9999999999999998, 0.9999999999999998, 0.9999999999999998, 0.9999999999999998, 0.9999999999999998, 0.9999999999999998, 0.9999999999999998]",0.0,0.0048881543709011,0.0054485627737053,0.0006460170480548,9.443054612934612e-05,"[0.004428494024683707, 0.0054989784470035295, 0.004733602814865852, 0.004966546082200194, 0.00418529724826759, 0.005650124104101584, 0.004963465600133605, 0.0055549992273761445, 0.005061431375451996, 0.005799802947441516, 0.005106393296639944, 0.006362285829687291, 0.005718816203706003, 0.006601524710506563, 0.006922377924618651, 0.005216324719721626, 0.004560665479165228, 0.005604133990837953, 0.004161363646510578, 0.006078875500555133, 0.004651823630899685, 0.004996206220368526, 0.005501121938462484, 0.004792149675908517, 0.005672711788790456, 0.004670711301936643, 0.004507930675002894, 0.005366315190163776, 0.0035466169819493836, 0.004163000956196639]",0.0007554443690347,5000.0,1.0,1.0,"[1.0, 1.0, 1.0, 1.0, 1.0, 1.0, 1.0, 1.0, 1.0, 1.0, 1.0, 1.0, 1.0, 1.0, 1.0, 1.0, 1.0, 1.0, 1.0, 1.0, 1.0, 1.0, 1.0, 1.0, 1.0, 1.0, 1.0, 1.0, 1.0, 1.0]",0.7658779033226892,0.1940550677891828,"[1.0, 1.0, 1.0, 1.0, 1.0, 1.0, 1.0, 1.0, 1.0, 1.0, 1.0, 1.0, 1.0, 1.0, 1.0, 1.0, 1.0, 1.0, 1.0, 1.0, 1.0, 1.0, 1.0, 1.0, 1.0, 1.0, 1.0, 1.0, 1.0, 1.0]",0.0,"[1.0, 1.0, 1.0, 1.0, 1.0, 1.0, 1.0, 1.0, 1.0, 1.0, 1.0, 1.0, 1.0, 1.0, 1.0, 1.0, 1.0, 1.0, 1.0, 1.0, 1.0, 1.0, 1.0, 1.0, 1.0, 1.0, 1.0, 1.0, 1.0, 1.0]",0.0,1.0096525436402586e-05
california,mlp,5000,9,8,abc_shap,A0,0.9922,4961.0,39.0,0.8849206349206349,0.07606222671656,0.7785714285714286,0.8555555555555556,0.8933333333333334,0.0349353051005096,159.61230498626458,"[0.6428571428571428, 0.7857142857142856, 0.6428571428571428, 0.7142857142857142, 0.7142857142857142, 0.9999999999999998, 0.7857142857142856, 0.7857142857142856, 0.6428571428571428, 0.9999999999999998, 0.8571428571428571, 0.8571428571428571, 0.8571428571428571, 0.7857142857142856, 0.9285714285714285, 0.5714285714285714, 0.9285714285714285, 0.7857142857142856, 0.7142857142857142, 0.7857142857142856, 0.7142857142857142, 0.9285714285714285, 0.6428571428571428, 0.9285714285714285, 0.8571428571428571, 0.6428571428571428, 0.7142857142857142, 0.6428571428571428, 0.9285714285714285, 0.5714285714285714]",0.1228211464431326,0.0308308222398091,0.0394155950572234,0.0043669131375637,0.0014615970235169,"[0.033140557990746784, 0.05240050877883576, 0.03470026821725521, 0.040241850566955235, 0.021221271736610123, 0.031214522369982647, 0.03137122704194178, 0.036313389727392405, 0.042029030799953467, 0.04015583717561945, 0.036569868089702376, 0.029013808057266725, 0.018726551814724653, 0.04788880779158006, 0.039105196807205395, 0.03274511318950018, 0.07260971699971398, 0.0386146473960196, 0.04768537857523097, 0.039348531963291904, 0.03451507595860375, 0.023382439433569813, 0.01975534755242611, 0.04839515362436897, 0.02450399060324194, 0.020292667213470984, 0.024313018987068884, 0.023126445644269057, 0.021581534121380305, 0.04309739478735966]",0.0116927761881356,4961.0,0.8563492063492064,0.91031746031746,"[0.7857142857142858, 0.9047619047619048, 0.8095238095238096, 0.8333333333333335, 0.880952380952381, 1.0, 0.880952380952381, 0.9285714285714287, 0.7857142857142858, 1.0, 0.9523809523809524, 0.9285714285714287, 0.9285714285714287, 0.9047619047619048, 0.9761904761904763, 0.7619047619047621, 0.9761904761904763, 0.9047619047619048, 0.8333333333333335, 0.9047619047619048, 0.8333333333333335, 0.9761904761904763, 0.8095238095238096, 0.9761904761904763, 0.9285714285714287, 0.7857142857142858, 0.8333333333333335, 0.7857142857142858, 0.9761904761904763, 0.7619047619047621]",1.6975152800014863,0.0894699641449178,"[1.0, 0.6666666666666666, 0.6666666666666666, 1.0, 0.6666666666666666, 1.0, 1.0, 0.6666666666666666, 1.0, 1.0, 0.6666666666666666, 1.0, 1.0, 0.6666666666666666, 1.0, 0.6666666666666666, 1.0, 0.6666666666666666, 0.6666666666666666, 1.0, 0.6666666666666666, 1.0, 0.6666666666666666, 1.0, 1.0, 1.0, 1.0, 0.6666666666666666, 1.0, 0.6666666666666666]",0.1651785416368723,"[0.8, 1.0, 0.8, 0.8, 1.0, 1.0, 0.8, 0.8, 0.8, 1.0, 1.0, 1.0, 0.8, 1.0, 1.0, 0.8, 1.0, 1.0, 0.8, 1.0, 0.8, 1.0, 0.8, 0.8, 1.0, 0.8, 0.8, 0.8, 1.0, 0.8]",0.0997775303139717,0.0035681234278564
california,mlp,5000,9,8,b1_uniform,A0,0.0,0.0,5000.0,0.9777777777777776,0.0059391387091649,0.933333333333333,1.0,1.0,0.0015976481410338,7.299329478124699,"[0.9285714285714285, 0.9285714285714285, 0.9285714285714285, 0.9285714285714285, 0.9285714285714285, 0.9285714285714285, 0.9999999999999998, 0.9285714285714285, 0.9285714285714285, 0.9285714285714285, 0.9285714285714285, 0.9285714285714285, 0.9285714285714285, 0.9285714285714285, 0.9285714285714285, 0.9285714285714285, 0.9285714285714285, 0.9285714285714285, 0.9285714285714285, 0.9285714285714285, 0.9285714285714285, 0.9999999999999998, 0.9285714285714285, 0.9285714285714285, 0.9285714285714285, 0.9285714285714285, 0.9285714285714285, 0.9285714285714285, 0.9285714285714285, 0.9285714285714285]",0.0178174161274949,0.0014634549222949,0.0017330336355684,0.0001997060176292,4.552941114210252e-05,"[0.0016494949117444504, 0.0012185637528038097, 0.001725861313162611, 0.0015251504281212334, 0.0016382338793024486, 0.0017953962331769733, 0.0017100477153517916, 0.0015632895191099565, 0.0013877407831726074, 0.0018602914640952683, 0.001164429666668213, 0.00151481070023312, 0.0016734302199342404, 0.0016761554231651064, 0.0007422206118330504, 0.001971565766090992, 0.0022134572934487846, 0.0015898193864438159, 0.0017040894906481645, 0.0011414909400856118, 0.001301640037499144, 0.0008951965357830072, 0.0011560030857506725, 0.002013064986073086, 0.0019938744783558893, 0.0018140735216896453, 0.002456550163012548, 0.00162453842649261, 0.0018001484039096621, 0.001408815093856307]",0.0003642352891368,5000.0,0.976190476190476,0.98015873015873,"[0.9761904761904763, 0.9761904761904763, 0.9761904761904763, 0.9761904761904763, 0.9761904761904763, 0.9761904761904763, 1.0, 0.9761904761904763, 0.9761904761904763, 0.9761904761904763, 0.9761904761904763, 0.9761904761904763, 0.9761904761904763, 0.9761904761904763, 0.9761904761904763, 0.9761904761904763, 0.9761904761904763, 0.9761904761904763, 0.9761904761904763, 0.9761904761904763, 0.9761904761904763, 1.0, 0.9761904761904763, 0.9761904761904763, 0.9761904761904763, 0.9761904761904763, 0.9761904761904763, 0.9761904761904763, 0.9761904761904763, 0.9761904761904763]",0.7583743299978475,0.0480561425312466,"[1.0, 1.0, 1.0, 1.0, 1.0, 1.0, 1.0, 1.0, 1.0, 1.0, 1.0, 1.0, 1.0, 1.0, 1.0, 1.0, 1.0, 1.0, 1.0, 1.0, 1.0, 1.0, 1.0, 1.0, 1.0, 1.0, 1.0, 1.0, 1.0, 1.0]",0.0,"[1.0, 1.0, 1.0, 1.0, 1.0, 1.0, 1.0, 1.0, 1.0, 1.0, 1.0, 1.0, 1.0, 1.0, 1.0, 1.0, 1.0, 1.0, 1.0, 1.0, 1.0, 1.0, 1.0, 1.0, 1.0, 1.0, 1.0, 1.0, 1.0, 1.0]",0.0,2.316583906294075e-05
california,mlp,5000,9,8,b2_stratified,A0,0.0,0.0,5000.0,0.9992063492063492,0.0042739403231226,0.9976190476190474,1.0,1.0,0.0002188760139985,1.0,"[0.9999999999999998, 0.9999999999999998, 0.9999999999999998, 0.9999999999999998, 0.9285714285714285, 0.9999999999999998, 0.9999999999999998, 0.9999999999999998, 0.9999999999999998, 0.9999999999999998, 0.9999999999999998, 0.9999999999999998, 0.9999999999999998, 0.9999999999999998, 0.9999999999999998, 0.9999999999999998, 0.9999999999999998, 0.9999999999999998, 0.9999999999999998, 0.9999999999999998, 0.9999999999999998, 0.9999999999999998, 0.9999999999999998, 0.9999999999999998, 0.9999999999999998, 0.9999999999999998, 0.9999999999999998, 0.9999999999999998, 0.9999999999999998, 0.9999999999999998]",0.0128218209693678,0.0001665913158056,0.0002783673426476,2.735950174981493e-05,1.951714849152253e-05,"[0.00017038851814461228, 0.00019910223986271245, 0.00016762557375243946, 0.00016072204232459736, 6.491917856451347e-05, 6.978835383748346e-05, 0.0003483135213768845, 0.00011233261253046334, 0.00017362490202113654, 0.00012364381020715857, 0.00034951020925017495, 0.000132313675150159, 0.0002528116832049183, 0.00042116228037508035, 0.00011378942911231716, 0.0006969691144245008, 0.0001855857876918002, 0.00013613844465292017, 4.1016783830181854e-05, 0.00014672659027399864, 0.00021044506223502732, 8.935447122772656e-05, 5.304543927852803e-05, 0.00025366739591692187, 0.00023228739381227922, 0.0006319503450740059, 0.0003675069546068581, 0.00039418916261478083, 9.685753099056579e-05, 0.00017049191361083734]",0.0001561371879321,5000.0,0.9976190476190476,1.0,"[1.0, 1.0, 1.0, 1.0, 0.9761904761904763, 1.0, 1.0, 1.0, 1.0, 1.0, 1.0, 1.0, 1.0, 1.0, 1.0, 1.0, 1.0, 1.0, 1.0, 1.0, 1.0, 1.0, 1.0, 1.0, 1.0, 1.0, 1.0, 1.0, 1.0, 1.0]",0.7566260066969941,0.0366785538430516,"[1.0, 1.0, 1.0, 1.0, 1.0, 1.0, 1.0, 1.0, 1.0, 1.0, 1.0, 1.0, 1.0, 1.0, 1.0, 1.0, 1.0, 1.0, 1.0, 1.0, 1.0, 1.0, 1.0, 1.0, 1.0, 1.0, 1.0, 1.0, 1.0, 1.0]",0.0,"[1.0, 1.0, 1.0, 1.0, 1.0, 1.0, 1.0, 1.0, 1.0, 1.0, 1.0, 1.0, 1.0, 1.0, 1.0, 1.0, 1.0, 1.0, 1.0, 1.0, 1.0, 1.0, 1.0, 1.0, 1.0, 1.0, 1.0, 1.0, 1.0, 1.0]",0.0,2.0287693334413557e-05
california,mlp,5000,9,8,b3_is,A0,0.0,0.0,5000.0,0.9849206349206348,0.0114736764244451,0.9547619047619046,1.0,1.0,0.0003387799189269,1.5478165594208506,"[0.9999999999999998, 0.9285714285714285, 0.9285714285714285, 0.9285714285714285, 0.9999999999999998, 0.9285714285714285, 0.9999999999999998, 0.9285714285714285, 0.9285714285714285, 0.9999999999999998, 0.9285714285714285, 0.9285714285714285, 0.9285714285714285, 0.9999999999999998, 0.9285714285714285, 0.9285714285714285, 0.9285714285714285, 0.9285714285714285, 0.9285714285714285, 0.9999999999999998, 0.9285714285714285, 0.9285714285714285, 0.9285714285714285, 0.9999999999999998, 0.9999999999999998, 0.9999999999999998, 0.9285714285714285, 0.9285714285714285, 0.9999999999999998, 0.9999999999999998]",0.0344210292733355,0.0002740334294895,0.0004169161192234,4.234748986586729e-05,2.4237333817289388e-05,"[0.00023850610448378264, 0.0007545912567021547, 0.00021477732055388601, 0.0006171713320290139, 0.0001744465124048215, 0.0005517406589667602, 0.00019797486778191578, 0.000208041832729016, 0.0001900352421805094, 7.233473634920451e-05, 0.00022491624849230963, 0.0003241795851648189, 0.00028088907012024976, 0.00013011237212197203, 0.0003271132400578051, 0.0008168058295873215, 0.00026550586186047424, 0.0005545245079660453, 0.0007640497641980868, 0.0004241315061812165, 0.0003208691720947196, 0.00036908156771047753, 0.00026374709270006615, 0.00044026234255557556, 0.00017624365727935632, 0.00022327168698703585, 0.0002203615136861787, 0.0002072316933773879, 0.00042852508681046156, 0.00018195590467552577]",0.0001938986705383,5000.0,0.9809523809523808,0.9888888888888888,"[1.0, 0.9761904761904763, 0.9761904761904763, 0.9761904761904763, 1.0, 0.9761904761904763, 1.0, 0.9761904761904763, 0.9761904761904763, 1.0, 0.9761904761904763, 0.9761904761904763, 0.9761904761904763, 1.0, 0.9761904761904763, 0.9761904761904763, 0.9761904761904763, 0.9761904761904763, 0.9761904761904763, 1.0, 0.9761904761904763, 0.9761904761904763, 0.9761904761904763, 1.0, 1.0, 1.0, 0.9761904761904763, 0.9761904761904763, 1.0, 1.0]",0.8729958066406349,0.0781355412649078,"[1.0, 1.0, 1.0, 1.0, 1.0, 1.0, 1.0, 1.0, 1.0, 1.0, 1.0, 1.0, 1.0, 1.0, 1.0, 1.0, 1.0, 1.0, 1.0, 1.0, 1.0, 1.0, 1.0, 1.0, 1.0, 1.0, 1.0, 1.0, 1.0, 1.0]",0.0,"[1.0, 1.0, 1.0, 1.0, 1.0, 1.0, 1.0, 1.0, 1.0, 1.0, 1.0, 1.0, 1.0, 1.0, 1.0, 1.0, 1.0, 1.0, 1.0, 1.0, 1.0, 1.0, 1.0, 1.0, 1.0, 1.0, 1.0, 1.0, 1.0, 1.0]",0.0,2.0665998061194403e-05
california,mlp,5000,9,8,b4_antithetic,A0,0.0,0.0,5000.0,0.976190476190476,3.3306690738754696e-16,0.9285714285714284,1.0,1.0,0.0013643080906142,6.23324623694719,"[0.9285714285714285, 0.9285714285714285, 0.9285714285714285, 0.9285714285714285, 0.9285714285714285, 0.9285714285714285, 0.9285714285714285, 0.9285714285714285, 0.9285714285714285, 0.9285714285714285, 0.9285714285714285, 0.9285714285714285, 0.9285714285714285, 0.9285714285714285, 0.9285714285714285, 0.9285714285714285, 0.9285714285714285, 0.9285714285714285, 0.9285714285714285, 0.9285714285714285, 0.9285714285714285, 0.9285714285714285, 0.9285714285714285, 0.9285714285714285, 0.9285714285714285, 0.9285714285714285, 0.9285714285714285, 0.9285714285714285, 0.9285714285714285, 0.9285714285714285]",2.220446049250313e-16,0.0012946146652541,0.001438228177812,0.0001705385113267,2.46726049238434e-05,"[0.001367624757468798, 0.0010620750772089653, 0.0011233579695928836, 0.0014521048633180519, 0.0013188719804040894, 0.001381223951828805, 0.0012707409704546101, 0.0014497595567213193, 0.001456001530658318, 0.0012567660939374768, 0.0011706051222688174, 0.0012310260765774565, 0.001742558241998361, 0.0012952170590227758, 0.0014351161873924006, 0.0015857950225611, 0.0014188636592412077, 0.001550179692630954, 0.0012987356471726686, 0.0010091139080261955, 0.0012782526684117345, 0.001468393634720438, 0.00158389813938583, 0.0016143662592916417, 0.001010407865988246, 0.0012000137895330104, 0.0017078731167117873, 0.0011932752236558332, 0.0017028997800302512, 0.0012941248722141397]",0.0001973808393907,5000.0,0.976190476190476,0.976190476190476,"[0.9761904761904763, 0.9761904761904763, 0.9761904761904763, 0.9761904761904763, 0.9761904761904763, 0.9761904761904763, 0.9761904761904763, 0.9761904761904763, 0.9761904761904763, 0.9761904761904763, 0.9761904761904763, 0.9761904761904763, 0.9761904761904763, 0.9761904761904763, 0.9761904761904763, 0.9761904761904763, 0.9761904761904763, 0.9761904761904763, 0.9761904761904763, 0.9761904761904763, 0.9761904761904763, 0.9761904761904763, 0.9761904761904763, 0.9761904761904763, 0.9761904761904763, 0.9761904761904763, 0.9761904761904763, 0.9761904761904763, 0.9761904761904763, 0.9761904761904763]",0.7365838733501733,0.055181305422763,"[1.0, 1.0, 1.0, 1.0, 1.0, 1.0, 1.0, 1.0, 1.0, 1.0, 1.0, 1.0, 1.0, 1.0, 1.0, 1.0, 1.0, 1.0, 1.0, 1.0, 1.0, 1.0, 1.0, 1.0, 1.0, 1.0, 1.0, 1.0, 1.0, 1.0]",0.0,"[1.0, 1.0, 1.0, 1.0, 1.0, 1.0, 1.0, 1.0, 1.0, 1.0, 1.0, 1.0, 1.0, 1.0, 1.0, 1.0, 1.0, 1.0, 1.0, 1.0, 1.0, 1.0, 1.0, 1.0, 1.0, 1.0, 1.0, 1.0, 1.0, 1.0]",0.0,5.40032204768313e-06
california,ridge,5000,0,8,abc_shap,A2,0.4992,2496.0,2504.0,1.0,0.0,0.9999999999999998,1.0,1.0,2.172310593010197e-16,7.544932243867454,"[0.9999999999999998, 0.9999999999999998, 0.9999999999999998, 0.9999999999999998, 0.9999999999999998, 0.9999999999999998, 0.9999999999999998, 0.9999999999999998, 0.9999999999999998, 0.9999999999999998, 0.9999999999999998, 0.9999999999999998, 0.9999999999999998, 0.9999999999999998, 0.9999999999999998, 0.9999999999999998, 0.9999999999999998, 0.9999999999999998, 0.9999999999999998, 0.9999999999999998, 0.9999999999999998, 0.9999999999999998, 0.9999999999999998, 0.9999999999999998, 0.9999999999999998, 0.9999999999999998, 0.9999999999999998, 0.9999999999999998, 0.9999999999999998, 0.9999999999999998]",0.0,1.7867433465882164e-16,2.5144726984134274e-16,2.7153882412627466e-17,1.3096362451771652e-17,"[9.444630621141001e-17, 2.335452760532364e-16, 2.5141491698086787e-16, 1.487142966195922e-16, 1.6923499843688679e-16, 3.349037297464007e-16, 3.7042369516816827e-16, 9.160517649274274e-17, 3.644325978037055e-16, 1.453987462021639e-16, 4.246237608468397e-16, 2.869576256109092e-16, 1.0134811827799515e-16, 8.145971701249524e-17, 1.4524654046489471e-16, 1.1907399839342136e-16, 7.605020090380082e-17, 1.5776792115091377e-16, 2.725093027860087e-16, 1.871753416262114e-16, 3.4369465524894534e-16, 2.1420608730446125e-16, 2.9754887669105576e-16, 6.257357377011655e-17, 2.835014562363079e-16, 2.7867500544400103e-16, 4.295809786495076e-16, 1.7003379755649172e-16, 1.7314763137002092e-16, 2.076374499710186e-16]",1.047708996141732e-16,2496.0,1.0,1.0,"[1.0, 1.0, 1.0, 1.0, 1.0, 1.0, 1.0, 1.0, 1.0, 1.0, 1.0, 1.0, 1.0, 1.0, 1.0, 1.0, 1.0, 1.0, 1.0, 1.0, 1.0, 1.0, 1.0, 1.0, 1.0, 1.0, 1.0, 1.0, 1.0, 1.0]",0.6483542433318993,0.0633173921664757,"[1.0, 1.0, 1.0, 1.0, 1.0, 1.0, 1.0, 1.0, 1.0, 1.0, 1.0, 1.0, 1.0, 1.0, 1.0, 1.0, 1.0, 1.0, 1.0, 1.0, 1.0, 1.0, 1.0, 1.0, 1.0, 1.0, 1.0, 1.0, 1.0, 1.0]",0.0,"[1.0, 1.0, 1.0, 1.0, 1.0, 1.0, 1.0, 1.0, 1.0, 1.0, 1.0, 1.0, 1.0, 1.0, 1.0, 1.0, 1.0, 1.0, 1.0, 1.0, 1.0, 1.0, 1.0, 1.0, 1.0, 1.0, 1.0, 1.0, 1.0, 1.0]",0.0,1.04444825701698e-17
california,ridge,5000,0,8,b1_uniform,A2,0.0,0.0,5000.0,1.0,0.0,0.9999999999999998,1.0,1.0,4.1468853782817344e-16,14.403082737291369,"[0.9999999999999998, 0.9999999999999998, 0.9999999999999998, 0.9999999999999998, 0.9999999999999998, 0.9999999999999998, 0.9999999999999998, 0.9999999999999998, 0.9999999999999998, 0.9999999999999998, 0.9999999999999998, 0.9999999999999998, 0.9999999999999998, 0.9999999999999998, 0.9999999999999998, 0.9999999999999998, 0.9999999999999998, 0.9999999999999998, 0.9999999999999998, 0.9999999999999998, 0.9999999999999998, 0.9999999999999998, 0.9999999999999998, 0.9999999999999998, 0.9999999999999998, 0.9999999999999998, 0.9999999999999998, 0.9999999999999998, 0.9999999999999998, 0.9999999999999998]",0.0,3.579700071361025e-16,4.755286760782579e-16,5.183606722852168e-17,2.070147427911631e-17,"[5.138590994462674e-16, 3.253702432416635e-16, 4.267593052432244e-16, 1.7960506115527062e-16, 2.3100754019017285e-16, 5.014948914793236e-16, 1.1795640329206307e-16, 4.600525844047564e-16, 4.167305190837552e-16, 5.105850402316827e-16, 1.9149525306523052e-16, 4.0268282269393243e-16, 4.114686495829714e-16, 6.920687602463836e-16, 3.6150242041644353e-16, 4.1280533091654987e-16, 3.839197208195263e-16, 8.599862282402031e-16, 5.862082570051006e-16, 3.4247938950627253e-16, 2.841278352328949e-16, 5.640464503193763e-16, 5.631161733081457e-16, 4.96752120284986e-16, 4.0935583679138126e-16, 2.3237135912038545e-16, 6.566115956559865e-16, 1.8340229035936074e-16, 4.76131739248459e-16, 2.467032142634324e-16]",1.6561179423293048e-16,5000.0,1.0,1.0,"[1.0, 1.0, 1.0, 1.0, 1.0, 1.0, 1.0, 1.0, 1.0, 1.0, 1.0, 1.0, 1.0, 1.0, 1.0, 1.0, 1.0, 1.0, 1.0, 1.0, 1.0, 1.0, 1.0, 1.0, 1.0, 1.0, 1.0, 1.0, 1.0, 1.0]",0.4884918866640267,0.038139133119865,"[1.0, 1.0, 1.0, 1.0, 1.0, 1.0, 1.0, 1.0, 1.0, 1.0, 1.0, 1.0, 1.0, 1.0, 1.0, 1.0, 1.0, 1.0, 1.0, 1.0, 1.0, 1.0, 1.0, 1.0, 1.0, 1.0, 1.0, 1.0, 1.0, 1.0]",0.0,"[1.0, 1.0, 1.0, 1.0, 1.0, 1.0, 1.0, 1.0, 1.0, 1.0, 1.0, 1.0, 1.0, 1.0, 1.0, 1.0, 1.0, 1.0, 1.0, 1.0, 1.0, 1.0, 1.0, 1.0, 1.0, 1.0, 1.0, 1.0, 1.0, 1.0]",0.0,1.7587528016716824e-17
california,ridge,5000,0,8,b2_stratified,A2,0.0,0.0,5000.0,1.0,0.0,0.9999999999999998,1.0,1.0,2.879165143962503e-17,1.0,"[0.9999999999999998, 0.9999999999999998, 0.9999999999999998, 0.9999999999999998, 0.9999999999999998, 0.9999999999999998, 0.9999999999999998, 0.9999999999999998, 0.9999999999999998, 0.9999999999999998, 0.9999999999999998, 0.9999999999999998, 0.9999999999999998, 0.9999999999999998, 0.9999999999999998, 0.9999999999999998, 0.9999999999999998, 0.9999999999999998, 0.9999999999999998, 0.9999999999999998, 0.9999999999999998, 0.9999999999999998, 0.9999999999999998, 0.9999999999999998, 0.9999999999999998, 0.9999999999999998, 0.9999999999999998, 0.9999999999999998, 0.9999999999999998, 0.9999999999999998]",0.0,2.3978700710306817e-17,3.3396062381019744e-17,3.598956429953129e-18,1.6344413208862881e-18,"[2.9734583370074196e-17, 1.7791948184680174e-17, 5.28466291151744e-17, 2.8790061911235386e-17, 3.0130971607285334e-17, 1.0251848248025901e-17, 2.567226887238825e-17, 1.5409268062203137e-17, 3.090267995602386e-17, 3.192437457029674e-17, 4.9161069944320156e-17, 1.770837612742689e-17, 2.1955306034891995e-17, 3.315742586490688e-17, 1.8738926666922497e-17, 9.599047175784305e-18, 2.5603679236403434e-17, 6.412452568113001e-17, 5.762438865009357e-18, 4.6630017203903077e-17, 1.3415504756559135e-17, 3.2167714133692206e-17, 2.975938802846089e-17, 3.735946658551471e-17, 3.0270933475354496e-17, 3.1033382039811856e-17, 3.915182440974874e-17, 1.6760048860291953e-17, 3.966017562261421e-17, 2.827565857861671e-17]",1.3075530567090305e-17,5000.0,1.0,1.0,"[1.0, 1.0, 1.0, 1.0, 1.0, 1.0, 1.0, 1.0, 1.0, 1.0, 1.0, 1.0, 1.0, 1.0, 1.0, 1.0, 1.0, 1.0, 1.0, 1.0, 1.0, 1.0, 1.0, 1.0, 1.0, 1.0, 1.0, 1.0, 1.0, 1.0]",0.5036384833346044,0.0717805985188975,"[1.0, 1.0, 1.0, 1.0, 1.0, 1.0, 1.0, 1.0, 1.0, 1.0, 1.0, 1.0, 1.0, 1.0, 1.0, 1.0, 1.0, 1.0, 1.0, 1.0, 1.0, 1.0, 1.0, 1.0, 1.0, 1.0, 1.0, 1.0, 1.0, 1.0]",0.0,"[1.0, 1.0, 1.0, 1.0, 1.0, 1.0, 1.0, 1.0, 1.0, 1.0, 1.0, 1.0, 1.0, 1.0, 1.0, 1.0, 1.0, 1.0, 1.0, 1.0, 1.0, 1.0, 1.0, 1.0, 1.0, 1.0, 1.0, 1.0, 1.0, 1.0]",0.0,3.4333183649547733e-18
california,ridge,5000,0,8,b3_is,A2,0.0,0.0,5000.0,1.0,0.0,0.9999999999999998,1.0,1.0,1.5564508655100795e-16,5.405910351387438,"[0.9999999999999998, 0.9999999999999998, 0.9999999999999998, 0.9999999999999998, 0.9999999999999998, 0.9999999999999998, 0.9999999999999998, 0.9999999999999998, 0.9999999999999998, 0.9999999999999998, 0.9999999999999998, 0.9999999999999998, 0.9999999999999998, 0.9999999999999998, 0.9999999999999998, 0.9999999999999998, 0.9999999999999998, 0.9999999999999998, 0.9999999999999998, 0.9999999999999998, 0.9999999999999998, 0.9999999999999998, 0.9999999999999998, 0.9999999999999998, 0.9999999999999998, 0.9999999999999998, 0.9999999999999998, 0.9999999999999998, 0.9999999999999998, 0.9999999999999998]",0.0,1.408890012974459e-16,1.7111268101911222e-16,1.9455635818876002e-17,5.447204526363233e-18,"[1.8267012522037078e-16, 1.5410426165123556e-16, 1.4651105988027714e-16, 1.341188484606596e-16, 1.6009280688484404e-16, 1.5920862411817566e-16, 1.863541500549158e-16, 1.9121389994480438e-16, 1.950817712707306e-16, 1.12781767993811e-16, 1.3076438414191554e-16, 1.4380408669946634e-16, 7.896121395137823e-17, 1.8382155362107973e-16, 1.586996350609051e-16, 1.6349947449373374e-16, 1.920590766889198e-16, 2.9248016794974843e-16, 1.0593072343851993e-16, 1.3991288010593669e-16, 1.3290919085559538e-16, 1.5847409238745493e-16, 6.815583956822723e-17, 1.2492846588535023e-16, 1.515520366996619e-16, 1.5214338550104601e-16, 1.57431893332347e-16, 1.4190533276418025e-16, 1.1882386452000106e-16, 2.5095798338494767e-16]",4.357763621090586e-17,5000.0,1.0,1.0,"[1.0, 1.0, 1.0, 1.0, 1.0, 1.0, 1.0, 1.0, 1.0, 1.0, 1.0, 1.0, 1.0, 1.0, 1.0, 1.0, 1.0, 1.0, 1.0, 1.0, 1.0, 1.0, 1.0, 1.0, 1.0, 1.0, 1.0, 1.0, 1.0, 1.0]",0.6123171333320594,0.0492209776319348,"[1.0, 1.0, 1.0, 1.0, 1.0, 1.0, 1.0, 1.0, 1.0, 1.0, 1.0, 1.0, 1.0, 1.0, 1.0, 1.0, 1.0, 1.0, 1.0, 1.0, 1.0, 1.0, 1.0, 1.0, 1.0, 1.0, 1.0, 1.0, 1.0, 1.0]",0.0,"[1.0, 1.0, 1.0, 1.0, 1.0, 1.0, 1.0, 1.0, 1.0, 1.0, 1.0, 1.0, 1.0, 1.0, 1.0, 1.0, 1.0, 1.0, 1.0, 1.0, 1.0, 1.0, 1.0, 1.0, 1.0, 1.0, 1.0, 1.0, 1.0, 1.0]",0.0,2.483862862981441e-18
california,ridge,5000,0,8,b4_antithetic,A2,0.0,0.0,5000.0,1.0,0.0,0.9999999999999998,1.0,1.0,3.515598688893229e-16,12.21047947272251,"[0.9999999999999998, 0.9999999999999998, 0.9999999999999998, 0.9999999999999998, 0.9999999999999998, 0.9999999999999998, 0.9999999999999998, 0.9999999999999998, 0.9999999999999998, 0.9999999999999998, 0.9999999999999998, 0.9999999999999998, 0.9999999999999998, 0.9999999999999998, 0.9999999999999998, 0.9999999999999998, 0.9999999999999998, 0.9999999999999998, 0.9999999999999998, 0.9999999999999998, 0.9999999999999998, 0.9999999999999998, 0.9999999999999998, 0.9999999999999998, 0.9999999999999998, 0.9999999999999998, 0.9999999999999998, 0.9999999999999998, 0.9999999999999998, 0.9999999999999998]",0.0,2.976018201964767e-16,4.1312159031145797e-16,4.3944983611165363e-17,2.0689758085179772e-17,"[3.666623703131822e-16, 2.3227846314978047e-16, 3.4317889511608053e-16, 1.522440365159858e-16, 4.4732263885026e-16, 4.757002074726944e-16, 2.0505426136445038e-16, 9.422987914262345e-16, 1.4382525792594328e-16, 6.756977849795541e-16, 3.191267008992509e-16, 5.606864776430907e-16, 4.781648360816204e-16, 3.372148923747408e-16, 4.74397391846361e-16, 2.939074673603407e-16, 3.4913755137473e-16, 4.652734740313139e-16, 2.7356896769079337e-16, 2.1805853109094992e-16, 2.8175754036307838e-16, 1.9165882745746823e-16, 1.2128304651155474e-16, 3.2063298261279054e-16, 2.307553613283617e-16, 3.759524306375827e-16, 3.153236223926423e-16, 3.18200245329898e-16, 3.6301768605021097e-16, 2.7441532648874164e-16]",1.655180646814382e-16,5000.0,1.0,1.0,"[1.0, 1.0, 1.0, 1.0, 1.0, 1.0, 1.0, 1.0, 1.0, 1.0, 1.0, 1.0, 1.0, 1.0, 1.0, 1.0, 1.0, 1.0, 1.0, 1.0, 1.0, 1.0, 1.0, 1.0, 1.0, 1.0, 1.0, 1.0, 1.0, 1.0]",0.4688552633286841,0.0629077651634856,"[1.0, 1.0, 1.0, 1.0, 1.0, 1.0, 1.0, 1.0, 1.0, 1.0, 1.0, 1.0, 1.0, 1.0, 1.0, 1.0, 1.0, 1.0, 1.0, 1.0, 1.0, 1.0, 1.0, 1.0, 1.0, 1.0, 1.0, 1.0, 1.0, 1.0]",0.0,"[1.0, 1.0, 1.0, 1.0, 1.0, 1.0, 1.0, 1.0, 1.0, 1.0, 1.0, 1.0, 1.0, 1.0, 1.0, 1.0, 1.0, 1.0, 1.0, 1.0, 1.0, 1.0, 1.0, 1.0, 1.0, 1.0, 1.0, 1.0, 1.0, 1.0]",0.0,1.5225726588600938e-17
california,ridge,5000,1,8,abc_shap,A2,0.4992,2496.0,2504.0,1.0,0.0,0.9999999999999998,1.0,1.0,2.4259935408004013e-16,7.470772802026774,"[0.9999999999999998, 0.9999999999999998, 0.9999999999999998, 0.9999999999999998, 0.9999999999999998, 0.9999999999999998, 0.9999999999999998, 0.9999999999999998, 0.9999999999999998, 0.9999999999999998, 0.9999999999999998, 0.9999999999999998, 0.9999999999999998, 0.9999999999999998, 0.9999999999999998, 0.9999999999999998, 0.9999999999999998, 0.9999999999999998, 0.9999999999999998, 0.9999999999999998, 0.9999999999999998, 0.9999999999999998, 0.9999999999999998, 0.9999999999999998, 0.9999999999999998, 0.9999999999999998, 0.9999999999999998, 0.9999999999999998, 0.9999999999999998, 0.9999999999999998]",0.0,1.9497997196807323e-16,2.979210198038332e-16,3.0324919260005016e-17,1.8203875973187864e-17,"[1.9514938721223218e-16, 1.979880470845869e-16, 3.0184500064382555e-16, 1.54365630865846e-16, 1.7302208299690508e-16, 1.1244838651636756e-16, 2.3674500284666336e-16, 2.312906801962523e-16, 2.676617087240755e-16, 2.5137758011915053e-16, 1.2056126879981573e-16, 8.776936445841632e-16, 3.963361024505253e-16, 1.6631533497873947e-16, 2.992478626641967e-16, 1.2390278989966125e-16, 7.87371139577369e-17, 2.417436960194938e-16, 2.9178081843291626e-16, 4.1716665247078276e-16, 1.4495077105271228e-16, 3.385874379921876e-16, 1.4482167780052228e-16, 1.9763194628047963e-16, 2.4610541542868157e-16, 1.5649492880665592e-16, 3.3148733396428803e-16, 1.920089950544147e-16, 9.36890175954839e-17, 2.968243069618425e-16]",1.4563100778550291e-16,2496.0,1.0,1.0,"[1.0, 1.0, 1.0, 1.0, 1.0, 1.0, 1.0, 1.0, 1.0, 1.0, 1.0, 1.0, 1.0, 1.0, 1.0, 1.0, 1.0, 1.0, 1.0, 1.0, 1.0, 1.0, 1.0, 1.0, 1.0, 1.0, 1.0, 1.0, 1.0, 1.0]",0.6338009366649203,0.0291098993616502,"[1.0, 1.0, 1.0, 1.0, 1.0, 1.0, 1.0, 1.0, 1.0, 1.0, 1.0, 1.0, 1.0, 1.0, 1.0, 1.0, 1.0, 1.0, 1.0, 1.0, 1.0, 1.0, 1.0, 1.0, 1.0, 1.0, 1.0, 1.0, 1.0, 1.0]",0.0,"[1.0, 1.0, 1.0, 1.0, 1.0, 1.0, 1.0, 1.0, 1.0, 1.0, 1.0, 1.0, 1.0, 1.0, 1.0, 1.0, 1.0, 1.0, 1.0, 1.0, 1.0, 1.0, 1.0, 1.0, 1.0, 1.0, 1.0, 1.0, 1.0, 1.0]",0.0,8.650080869997966e-18
california,ridge,5000,1,8,b1_uniform,A2,0.0,0.0,5000.0,1.0,0.0,0.9999999999999998,1.0,1.0,2.883130868875373e-16,8.878513201964909,"[0.9999999999999998, 0.9999999999999998, 0.9999999999999998, 0.9999999999999998, 0.9999999999999998, 0.9999999999999998, 0.9999999999999998, 0.9999999999999998, 0.9999999999999998, 0.9999999999999998, 0.9999999999999998, 0.9999999999999998, 0.9999999999999998, 0.9999999999999998, 0.9999999999999998, 0.9999999999999998, 0.9999999999999998, 0.9999999999999998, 0.9999999999999998, 0.9999999999999998, 0.9999999999999998, 0.9999999999999998, 0.9999999999999998, 0.9999999999999998, 0.9999999999999998, 0.9999999999999998, 0.9999999999999998, 0.9999999999999998, 0.9999999999999998, 0.9999999999999998]",0.0,2.3799641856770413e-16,3.368240445451016e-16,3.6039135860942156e-17,1.7311496045213558e-17,"[1.676112944055558e-16, 2.871517464814375e-16, 4.334644477295843e-16, 1.651788806784902e-16, 2.1670278135933136e-16, 5.660998631767145e-16, 6.186347061116172e-17, 3.474309543849868e-16, 3.4935026461018453e-16, 2.011566363046552e-16, 1.7819254567942172e-16, 6.145223097591665e-16, 1.1920173889235856e-16, 3.453070187145178e-16, 3.464934025484263e-16, 8.934620111630752e-17, 3.3237983254574596e-16, 3.2517058807319103e-16, 2.24978093891387e-16, 2.906662850050698e-16, 2.440948700854661e-16, 4.817607831261794e-16, 3.4467514080168887e-16, 1.809878950916372e-16, 4.799049784838771e-16, 3.09904992869186e-16, 2.578111960513231e-16, 1.122926065191084e-16, 4.496692988973832e-16, 1.2602248873257884e-16]",1.3849196836170846e-16,5000.0,1.0,1.0,"[1.0, 1.0, 1.0, 1.0, 1.0, 1.0, 1.0, 1.0, 1.0, 1.0, 1.0, 1.0, 1.0, 1.0, 1.0, 1.0, 1.0, 1.0, 1.0, 1.0, 1.0, 1.0, 1.0, 1.0, 1.0, 1.0, 1.0, 1.0, 1.0, 1.0]",0.4801413166705364,0.0238502907109788,"[1.0, 1.0, 1.0, 1.0, 1.0, 1.0, 1.0, 1.0, 1.0, 1.0, 1.0, 1.0, 1.0, 1.0, 1.0, 1.0, 1.0, 1.0, 1.0, 1.0, 1.0, 1.0, 1.0, 1.0, 1.0, 1.0, 1.0, 1.0, 1.0, 1.0]",0.0,"[1.0, 1.0, 1.0, 1.0, 1.0, 1.0, 1.0, 1.0, 1.0, 1.0, 1.0, 1.0, 1.0, 1.0, 1.0, 1.0, 1.0, 1.0, 1.0, 1.0, 1.0, 1.0, 1.0, 1.0, 1.0, 1.0, 1.0, 1.0, 1.0, 1.0]",0.0,1.287175361195139e-17
california,ridge,5000,1,8,b2_stratified,A2,0.0,0.0,5000.0,1.0,0.0,0.9999999999999998,1.0,1.0,3.247312701227167e-17,1.0,"[0.9999999999999998, 0.9999999999999998, 0.9999999999999998, 0.9999999999999998, 0.9999999999999998, 0.9999999999999998, 0.9999999999999998, 0.9999999999999998, 0.9999999999999998, 0.9999999999999998, 0.9999999999999998, 0.9999999999999998, 0.9999999999999998, 0.9999999999999998, 0.9999999999999998, 0.9999999999999998, 0.9999999999999998, 0.9999999999999998, 0.9999999999999998, 0.9999999999999998, 0.9999999999999998, 0.9999999999999998, 0.9999999999999998, 0.9999999999999998, 0.9999999999999998, 0.9999999999999998, 0.9999999999999998, 0.9999999999999998, 0.9999999999999998, 0.9999999999999998]",0.0,2.6339790279494646e-17,3.894499258593967e-17,4.0591408765339594e-18,2.2475766802268253e-18,"[5.878874754041798e-17, 2.838462707611047e-17, 1.5274857472101087e-17, 4.243248598665485e-17, 1.0937093588213614e-17, 3.2927436831669755e-17, 3.6633195897599576e-17, 7.168480444836834e-17, 5.805639372161374e-17, 9.802304399632815e-18, 1.248201915549941e-17, 1.5733891202720584e-17, 9.125356434433875e-18, 3.582248324743749e-17, 2.776702063398582e-17, 2.627754266198703e-17, 1.0571229278378956e-17, 3.8929920126568554e-17, 1.2445599125614559e-17, 5.691653490927862e-17, 1.85202379275082e-17, 1.619520790169423e-17, 5.4348682455591274e-17, 2.5626526964609363e-17, 3.553612200705749e-17, 3.217334985978975e-17, 3.202730086570564e-17, 6.772165271387129e-17, 2.994320521562088e-17, 5.110798071841478e-17]",1.7980613441814606e-17,5000.0,1.0,1.0,"[1.0, 1.0, 1.0, 1.0, 1.0, 1.0, 1.0, 1.0, 1.0, 1.0, 1.0, 1.0, 1.0, 1.0, 1.0, 1.0, 1.0, 1.0, 1.0, 1.0, 1.0, 1.0, 1.0, 1.0, 1.0, 1.0, 1.0, 1.0, 1.0, 1.0]",0.4995880866714287,0.0420179783882082,"[1.0, 1.0, 1.0, 1.0, 1.0, 1.0, 1.0, 1.0, 1.0, 1.0, 1.0, 1.0, 1.0, 1.0, 1.0, 1.0, 1.0, 1.0, 1.0, 1.0, 1.0, 1.0, 1.0, 1.0, 1.0, 1.0, 1.0, 1.0, 1.0, 1.0]",0.0,"[1.0, 1.0, 1.0, 1.0, 1.0, 1.0, 1.0, 1.0, 1.0, 1.0, 1.0, 1.0, 1.0, 1.0, 1.0, 1.0, 1.0, 1.0, 1.0, 1.0, 1.0, 1.0, 1.0, 1.0, 1.0, 1.0, 1.0, 1.0, 1.0, 1.0]",0.0,3.491298234081747e-18
california,ridge,5000,1,8,b3_is,A2,0.0,0.0,5000.0,1.0,0.0,0.9999999999999998,1.0,1.0,2.426500722863474e-16,7.472334653655295,"[0.9999999999999998, 0.9999999999999998, 0.9999999999999998, 0.9999999999999998, 0.9999999999999998, 0.9999999999999998, 0.9999999999999998, 0.9999999999999998, 0.9999999999999998, 0.9999999999999998, 0.9999999999999998, 0.9999999999999998, 0.9999999999999998, 0.9999999999999998, 0.9999999999999998, 0.9999999999999998, 0.9999999999999998, 0.9999999999999998, 0.9999999999999998, 0.9999999999999998, 0.9999999999999998, 0.9999999999999998, 0.9999999999999998, 0.9999999999999998, 0.9999999999999998, 0.9999999999999998, 0.9999999999999998, 0.9999999999999998, 0.9999999999999998, 0.9999999999999998]",0.0,2.25563918571582e-16,2.5896527921795116e-16,3.033125903579343e-17,5.67544690149501e-18,"[1.8813569993576964e-16, 2.4952062138012083e-16, 2.8864184731932305e-16, 1.5951629642095615e-16, 2.1440335057493086e-16, 2.4855261625775686e-16, 1.9583020158067992e-16, 2.641314901610105e-16, 1.8197261719840358e-16, 2.6882258708915663e-16, 2.443859981091345e-16, 3.2767662053880067e-16, 1.799481414372743e-16, 2.0836547082166137e-16, 2.1956961323215545e-16, 2.442254170366374e-16, 2.715959352823049e-16, 2.3150228243778407e-16, 2.1105158491758022e-16, 2.8449212676094154e-16, 2.4879370214248313e-16, 1.9291717790584552e-16, 3.282764979111849e-16, 2.4288141241079645e-16, 2.1802843496052528e-16, 2.113272647807594e-16, 2.4430892464764173e-16, 2.6353003240846434e-16, 3.093792526682901e-16, 3.3771895026204863e-16]",4.540357521196008e-17,5000.0,1.0,1.0,"[1.0, 1.0, 1.0, 1.0, 1.0, 1.0, 1.0, 1.0, 1.0, 1.0, 1.0, 1.0, 1.0, 1.0, 1.0, 1.0, 1.0, 1.0, 1.0, 1.0, 1.0, 1.0, 1.0, 1.0, 1.0, 1.0, 1.0, 1.0, 1.0, 1.0]",0.6151938733363447,0.0411416677810506,"[1.0, 1.0, 1.0, 1.0, 1.0, 1.0, 1.0, 1.0, 1.0, 1.0, 1.0, 1.0, 1.0, 1.0, 1.0, 1.0, 1.0, 1.0, 1.0, 1.0, 1.0, 1.0, 1.0, 1.0, 1.0, 1.0, 1.0, 1.0, 1.0, 1.0]",0.0,"[1.0, 1.0, 1.0, 1.0, 1.0, 1.0, 1.0, 1.0, 1.0, 1.0, 1.0, 1.0, 1.0, 1.0, 1.0, 1.0, 1.0, 1.0, 1.0, 1.0, 1.0, 1.0, 1.0, 1.0, 1.0, 1.0, 1.0, 1.0, 1.0, 1.0]",0.0,2.2817014831368586e-18
california,ridge,5000,1,8,b4_antithetic,A2,0.0,0.0,5000.0,1.0,0.0,0.9999999999999998,1.0,1.0,5.276590525340247e-16,16.24909890367568,"[0.9999999999999998, 0.9999999999999998, 0.9999999999999998, 0.9999999999999998, 0.9999999999999998, 0.9999999999999998, 0.9999999999999998, 0.9999999999999998, 0.9999999999999998, 0.9999999999999998, 0.9999999999999998, 0.9999999999999998, 0.9999999999999998, 0.9999999999999998, 0.9999999999999998, 0.9999999999999998, 0.9999999999999998, 0.9999999999999998, 0.9999999999999998, 0.9999999999999998, 0.9999999999999998, 0.9999999999999998, 0.9999999999999998, 0.9999999999999998, 0.9999999999999998, 0.9999999999999998, 0.9999999999999998, 0.9999999999999998, 0.9999999999999998, 0.9999999999999998]",0.0,4.775941899072448e-16,5.727288554036954e-16,6.595738156675309e-17,1.6113543157512913e-17,"[4.746981516512602e-16, 3.2874070136980817e-16, 6.4927231661474855e-16, 6.551314976150196e-16, 5.03030062913038e-16, 4.940320396673621e-16, 5.161392999015105e-16, 6.434648076649982e-16, 5.26639929844303e-16, 6.394108256211752e-16, 6.964409313846174e-16, 3.657560255240487e-16, 5.388550614304995e-16, 6.477834977367581e-16, 4.922226235080325e-16, 5.468888381491647e-16, 4.2695048101538944e-16, 2.623096851097421e-16, 5.556420461806474e-16, 4.993099323280742e-16, 3.927783629102198e-16, 4.977875600884293e-16, 5.680583285445062e-16, 7.764121109090113e-16, 4.752655289288103e-16, 3.8181825303085816e-16, 3.126726108181305e-16, 7.702041947628819e-16, 7.039913488218113e-16, 4.880645219758819e-16]",1.289083452601033e-16,5000.0,1.0,1.0,"[1.0, 1.0, 1.0, 1.0, 1.0, 1.0, 1.0, 1.0, 1.0, 1.0, 1.0, 1.0, 1.0, 1.0, 1.0, 1.0, 1.0, 1.0, 1.0, 1.0, 1.0, 1.0, 1.0, 1.0, 1.0, 1.0, 1.0, 1.0, 1.0, 1.0]",0.4661047100031282,0.0255622036592377,"[1.0, 1.0, 1.0, 1.0, 1.0, 1.0, 1.0, 1.0, 1.0, 1.0, 1.0, 1.0, 1.0, 1.0, 1.0, 1.0, 1.0, 1.0, 1.0, 1.0, 1.0, 1.0, 1.0, 1.0, 1.0, 1.0, 1.0, 1.0, 1.0, 1.0]",0.0,"[1.0, 1.0, 1.0, 1.0, 1.0, 1.0, 1.0, 1.0, 1.0, 1.0, 1.0, 1.0, 1.0, 1.0, 1.0, 1.0, 1.0, 1.0, 1.0, 1.0, 1.0, 1.0, 1.0, 1.0, 1.0, 1.0, 1.0, 1.0, 1.0, 1.0]",0.0,1.2533992623350817e-17
california,ridge,5000,2,8,abc_shap,A2,0.4992,2496.0,2504.0,1.0,0.0,0.9999999999999998,1.0,1.0,1.273092672278688e-16,4.792435726098995,"[0.9999999999999998, 0.9999999999999998, 0.9999999999999998, 0.9999999999999998, 0.9999999999999998, 0.9999999999999998, 0.9999999999999998, 0.9999999999999998, 0.9999999999999998, 0.9999999999999998, 0.9999999999999998, 0.9999999999999998, 0.9999999999999998, 0.9999999999999998, 0.9999999999999998, 0.9999999999999998, 0.9999999999999998, 0.9999999999999998, 0.9999999999999998, 0.9999999999999998, 0.9999999999999998, 0.9999999999999998, 0.9999999999999998, 0.9999999999999998, 0.9999999999999998, 0.9999999999999998, 0.9999999999999998, 0.9999999999999998, 0.9999999999999998, 0.9999999999999998]",0.0,9.995762372196627e-17,1.5495785180442214e-16,1.59136584034836e-17,9.809356881677609e-18,"[2.7975079326833465e-17, 1.245305223066947e-16, 3.83569444433725e-17, 1.4374234026850374e-16, 2.018811270876984e-16, 2.2071868000928345e-17, 2.2971153927531238e-17, 2.623461051480606e-16, 5.35299865608316e-17, 6.684694854841839e-17, 2.7237491798443606e-16, 5.103986994736535e-17, 2.2659864710818666e-16, 2.5163660448928746e-16, 6.546958986272887e-17, 1.153907788553756e-16, 5.429303860901497e-17, 1.1923996590780106e-16, 1.775234752645456e-16, 3.3134420738896983e-17, 1.7151358492802287e-16, 1.627091817846161e-16, 3.2622692178541963e-17, 1.9037554778481306e-16, 9.186670429005779e-17, 2.4428127874783153e-16, 1.5303848589356513e-16, 8.892784854630722e-17, 1.9702719508187583e-16, 1.5596211321392125e-16]",7.847485505342086e-17,2496.0,1.0,1.0,"[1.0, 1.0, 1.0, 1.0, 1.0, 1.0, 1.0, 1.0, 1.0, 1.0, 1.0, 1.0, 1.0, 1.0, 1.0, 1.0, 1.0, 1.0, 1.0, 1.0, 1.0, 1.0, 1.0, 1.0, 1.0, 1.0, 1.0, 1.0, 1.0, 1.0]",0.625134436665879,0.0311004945121465,"[1.0, 1.0, 1.0, 1.0, 1.0, 1.0, 1.0, 1.0, 1.0, 1.0, 1.0, 1.0, 1.0, 1.0, 1.0, 1.0, 1.0, 1.0, 1.0, 1.0, 1.0, 1.0, 1.0, 1.0, 1.0, 1.0, 1.0, 1.0, 1.0, 1.0]",0.0,"[1.0, 1.0, 1.0, 1.0, 1.0, 1.0, 1.0, 1.0, 1.0, 1.0, 1.0, 1.0, 1.0, 1.0, 1.0, 1.0, 1.0, 1.0, 1.0, 1.0, 1.0, 1.0, 1.0, 1.0, 1.0, 1.0, 1.0, 1.0, 1.0, 1.0]",0.0,8.249064528395794e-18
california,ridge,5000,2,8,b1_uniform,A2,0.0,0.0,5000.0,1.0,0.0,0.9999999999999998,1.0,1.0,2.4699360243134533e-16,9.29783817144422,"[0.9999999999999998, 0.9999999999999998, 0.9999999999999998, 0.9999999999999998, 0.9999999999999998, 0.9999999999999998, 0.9999999999999998, 0.9999999999999998, 0.9999999999999998, 0.9999999999999998, 0.9999999999999998, 0.9999999999999998, 0.9999999999999998, 0.9999999999999998, 0.9999999999999998, 0.9999999999999998, 0.9999999999999998, 0.9999999999999998, 0.9999999999999998, 0.9999999999999998, 0.9999999999999998, 0.9999999999999998, 0.9999999999999998, 0.9999999999999998, 0.9999999999999998, 0.9999999999999998, 0.9999999999999998, 0.9999999999999998, 0.9999999999999998, 0.9999999999999998]",0.0,2.1501268834951687e-16,2.796226441311186e-16,3.0874200303918166e-17,1.0746870169899742e-17,"[6.125701224431671e-17, 2.8451881290579237e-16, 1.5594187697516806e-16, 2.7061327295756795e-16, 1.356498946338239e-16, 3.734814373850296e-16, 2.1678480863917726e-16, 1.3965622990265084e-16, 4.257471061943215e-16, 3.9480503731458417e-16, 1.7074333286194209e-16, 1.7004043807731421e-16, 2.514463296906926e-16, 2.430022552378844e-16, 2.101050131447776e-16, 2.8894115154264403e-16, 2.80244893014266e-16, 2.162371617933311e-16, 2.0321021287680616e-16, 3.389747040864406e-16, 2.0219570005633593e-16, 1.6036979742262558e-16, 1.9104306849413164e-16, 2.490256877782804e-16, 3.1921029257746704e-16, 2.431224918929038e-16, 4.0214089015884666e-16, 1.9143206377238682e-16, 3.422418021397349e-16, 2.7762529716911687e-16]",8.597496135919794e-17,5000.0,1.0,1.0,"[1.0, 1.0, 1.0, 1.0, 1.0, 1.0, 1.0, 1.0, 1.0, 1.0, 1.0, 1.0, 1.0, 1.0, 1.0, 1.0, 1.0, 1.0, 1.0, 1.0, 1.0, 1.0, 1.0, 1.0, 1.0, 1.0, 1.0, 1.0, 1.0, 1.0]",0.4748165933327982,0.0328670200176113,"[1.0, 1.0, 1.0, 1.0, 1.0, 1.0, 1.0, 1.0, 1.0, 1.0, 1.0, 1.0, 1.0, 1.0, 1.0, 1.0, 1.0, 1.0, 1.0, 1.0, 1.0, 1.0, 1.0, 1.0, 1.0, 1.0, 1.0, 1.0, 1.0, 1.0]",0.0,"[1.0, 1.0, 1.0, 1.0, 1.0, 1.0, 1.0, 1.0, 1.0, 1.0, 1.0, 1.0, 1.0, 1.0, 1.0, 1.0, 1.0, 1.0, 1.0, 1.0, 1.0, 1.0, 1.0, 1.0, 1.0, 1.0, 1.0, 1.0, 1.0, 1.0]",0.0,1.435163081603183e-17
california,ridge,5000,2,8,b2_stratified,A2,0.0,0.0,5000.0,1.0,0.0,0.9999999999999998,1.0,1.0,2.6564626946285107e-17,1.0,"[0.9999999999999998, 0.9999999999999998, 0.9999999999999998, 0.9999999999999998, 0.9999999999999998, 0.9999999999999998, 0.9999999999999998, 0.9999999999999998, 0.9999999999999998, 0.9999999999999998, 0.9999999999999998, 0.9999999999999998, 0.9999999999999998, 0.9999999999999998, 0.9999999999999998, 0.9999999999999998, 0.9999999999999998, 0.9999999999999998, 0.9999999999999998, 0.9999999999999998, 0.9999999999999998, 0.9999999999999998, 0.9999999999999998, 0.9999999999999998, 0.9999999999999998, 0.9999999999999998, 0.9999999999999998, 0.9999999999999998, 0.9999999999999998, 0.9999999999999998]",0.0,2.1397761089125947e-17,3.179583048887205e-17,3.3205783682856384e-18,1.8595236541427442e-18,"[3.207466025196057e-17, 3.003663837488084e-17, 3.6396460476732354e-17, 4.8413104249272307e-17, 1.1354165255700208e-17, 6.316464613093383e-18, 4.836516817228869e-17, 2.9978589229134106e-17, 3.213671603774845e-17, 1.192390915273347e-17, 7.459556991979956e-17, 6.892930409732712e-18, 1.7973515866262216e-17, 1.7033808051331002e-17, 1.8948645817698007e-17, 3.960486968921351e-17, 1.6633195324692295e-17, 2.3428635304595936e-17, 5.1442605046429515e-17, 1.2518538432602262e-17, 2.665743740678842e-17, 1.2109716599943278e-17, 2.2589329544279164e-17, 3.249797265358024e-17, 3.3719740564182164e-17, 2.2427546503963772e-17, 2.2366369929982355e-17, 2.0959355805716538e-17, 1.0439869534880081e-17, 2.7103280169335588e-17]",1.487618923314195e-17,5000.0,1.0,1.0,"[1.0, 1.0, 1.0, 1.0, 1.0, 1.0, 1.0, 1.0, 1.0, 1.0, 1.0, 1.0, 1.0, 1.0, 1.0, 1.0, 1.0, 1.0, 1.0, 1.0, 1.0, 1.0, 1.0, 1.0, 1.0, 1.0, 1.0, 1.0, 1.0, 1.0]",0.4893263766677895,0.0413833625599024,"[1.0, 1.0, 1.0, 1.0, 1.0, 1.0, 1.0, 1.0, 1.0, 1.0, 1.0, 1.0, 1.0, 1.0, 1.0, 1.0, 1.0, 1.0, 1.0, 1.0, 1.0, 1.0, 1.0, 1.0, 1.0, 1.0, 1.0, 1.0, 1.0, 1.0]",0.0,"[1.0, 1.0, 1.0, 1.0, 1.0, 1.0, 1.0, 1.0, 1.0, 1.0, 1.0, 1.0, 1.0, 1.0, 1.0, 1.0, 1.0, 1.0, 1.0, 1.0, 1.0, 1.0, 1.0, 1.0, 1.0, 1.0, 1.0, 1.0, 1.0, 1.0]",0.0,2.9722172860885817e-18
california,ridge,5000,2,8,b3_is,A2,0.0,0.0,5000.0,1.0,0.0,0.9999999999999998,1.0,1.0,1.2184795497529282e-16,4.586849844406812,"[0.9999999999999998, 0.9999999999999998, 0.9999999999999998, 0.9999999999999998, 0.9999999999999998, 0.9999999999999998, 0.9999999999999998, 0.9999999999999998, 0.9999999999999998, 0.9999999999999998, 0.9999999999999998, 0.9999999999999998, 0.9999999999999998, 0.9999999999999998, 0.9999999999999998, 0.9999999999999998, 0.9999999999999998, 0.9999999999999998, 0.9999999999999998, 0.9999999999999998, 0.9999999999999998, 0.9999999999999998, 0.9999999999999998, 0.9999999999999998, 0.9999999999999998, 0.9999999999999998, 0.9999999999999998, 0.9999999999999998, 0.9999999999999998, 0.9999999999999998]",0.0,1.1283313920278982e-16,1.314521852581652e-16,1.5230994371911606e-17,3.3635655310316767e-18,"[1.1474146851854762e-16, 8.423967892084996e-17, 1.1706324175823378e-16, 1.1713159403201913e-16, 1.216913575074093e-16, 1.4440390979241752e-16, 1.29195660502082e-16, 1.3928327228640005e-16, 1.833175939618837e-16, 1.569894265200809e-16, 1.1878909989667753e-16, 6.735576330178061e-17, 1.4156025738352785e-16, 8.989037405268468e-17, 1.232179312742291e-16, 1.306765693290822e-16, 9.144701719619362e-17, 1.221586883290817e-16, 6.987078237122729e-17, 7.922452343988276e-17, 1.306654906250058e-16, 1.1261991943854177e-16, 1.2942234581582073e-16, 1.485633709229856e-16, 1.4978347596949219e-16, 1.47226849494212e-16, 1.5152805692441144e-16, 1.237185520400593e-16, 8.874798000258048e-17, 1.309143976513847e-16]",2.6908524248253407e-17,5000.0,1.0,1.0,"[1.0, 1.0, 1.0, 1.0, 1.0, 1.0, 1.0, 1.0, 1.0, 1.0, 1.0, 1.0, 1.0, 1.0, 1.0, 1.0, 1.0, 1.0, 1.0, 1.0, 1.0, 1.0, 1.0, 1.0, 1.0, 1.0, 1.0, 1.0, 1.0, 1.0]",0.6041618533335471,0.0443817322847105,"[1.0, 1.0, 1.0, 1.0, 1.0, 1.0, 1.0, 1.0, 1.0, 1.0, 1.0, 1.0, 1.0, 1.0, 1.0, 1.0, 1.0, 1.0, 1.0, 1.0, 1.0, 1.0, 1.0, 1.0, 1.0, 1.0, 1.0, 1.0, 1.0, 1.0]",0.0,"[1.0, 1.0, 1.0, 1.0, 1.0, 1.0, 1.0, 1.0, 1.0, 1.0, 1.0, 1.0, 1.0, 1.0, 1.0, 1.0, 1.0, 1.0, 1.0, 1.0, 1.0, 1.0, 1.0, 1.0, 1.0, 1.0, 1.0, 1.0, 1.0, 1.0]",0.0,2.154364258283356e-18
california,ridge,5000,2,8,b4_antithetic,A2,0.0,0.0,5000.0,1.0,0.0,0.9999999999999998,1.0,1.0,2.2959237382328307e-16,8.642785546641758,"[0.9999999999999998, 0.9999999999999998, 0.9999999999999998, 0.9999999999999998, 0.9999999999999998, 0.9999999999999998, 0.9999999999999998, 0.9999999999999998, 0.9999999999999998, 0.9999999999999998, 0.9999999999999998, 0.9999999999999998, 0.9999999999999998, 0.9999999999999998, 0.9999999999999998, 0.9999999999999998, 0.9999999999999998, 0.9999999999999998, 0.9999999999999998, 0.9999999999999998, 0.9999999999999998, 0.9999999999999998, 0.9999999999999998, 0.9999999999999998, 0.9999999999999998, 0.9999999999999998, 0.9999999999999998, 0.9999999999999998, 0.9999999999999998, 0.9999999999999998]",0.0,1.9035772515278428e-16,2.65399932591931e-16,2.8699046727910384e-17,1.258670853856462e-17,"[2.78821542877103e-16, 2.62488202047486e-16, 3.026036816292678e-16, 2.1866389636600658e-16, 2.1541747394852732e-16, 2.1480062797598755e-16, 2.8306803688916216e-16, 3.208801934885328e-16, 2.4117650776030615e-16, 3.6761487215461755e-16, 2.8802211301184e-16, 2.1234491633658975e-16, 1.7493927640983571e-16, 8.270434788428842e-17, 1.0966827119829505e-16, 1.9258593001951803e-16, 2.297820908315806e-16, 3.465631424080468e-16, 4.74968860092359e-16, 3.828666891513871e-16, 8.320919114462322e-17, 8.847899209103226e-17, 2.577259291078281e-16, 2.0248090497341174e-16, 4.0976504948702985e-17, 2.9563565230356954e-17, 2.312758072816522e-16, 2.913587396540206e-16, 2.5051278618699905e-16, 2.122081215991282e-16]",1.0069366830851696e-16,5000.0,1.0,1.0,"[1.0, 1.0, 1.0, 1.0, 1.0, 1.0, 1.0, 1.0, 1.0, 1.0, 1.0, 1.0, 1.0, 1.0, 1.0, 1.0, 1.0, 1.0, 1.0, 1.0, 1.0, 1.0, 1.0, 1.0, 1.0, 1.0, 1.0, 1.0, 1.0, 1.0]",0.4539608199964277,0.0180901661620617,"[1.0, 1.0, 1.0, 1.0, 1.0, 1.0, 1.0, 1.0, 1.0, 1.0, 1.0, 1.0, 1.0, 1.0, 1.0, 1.0, 1.0, 1.0, 1.0, 1.0, 1.0, 1.0, 1.0, 1.0, 1.0, 1.0, 1.0, 1.0, 1.0, 1.0]",0.0,"[1.0, 1.0, 1.0, 1.0, 1.0, 1.0, 1.0, 1.0, 1.0, 1.0, 1.0, 1.0, 1.0, 1.0, 1.0, 1.0, 1.0, 1.0, 1.0, 1.0, 1.0, 1.0, 1.0, 1.0, 1.0, 1.0, 1.0, 1.0, 1.0, 1.0]",0.0,1.2760761537605842e-17
california,ridge,5000,3,8,abc_shap,A2,0.4992,2496.0,2504.0,1.0,0.0,0.9999999999999998,1.0,1.0,7.475682343388766e-17,6.719846996744162,"[0.9999999999999998, 0.9999999999999998, 0.9999999999999998, 0.9999999999999998, 0.9999999999999998, 0.9999999999999998, 0.9999999999999998, 0.9999999999999998, 0.9999999999999998, 0.9999999999999998, 0.9999999999999998, 0.9999999999999998, 0.9999999999999998, 0.9999999999999998, 0.9999999999999998, 0.9999999999999998, 0.9999999999999998, 0.9999999999999998, 0.9999999999999998, 0.9999999999999998, 0.9999999999999998, 0.9999999999999998, 0.9999999999999998, 0.9999999999999998, 0.9999999999999998, 0.9999999999999998, 0.9999999999999998, 0.9999999999999998, 0.9999999999999998, 0.9999999999999998]",0.0,6.388691800237415e-17,8.548891947327741e-17,9.344602929235957e-18,3.9319024066199695e-18,"[7.522245986979657e-17, 6.009547294388462e-17, 1.1318365907113714e-16, 6.242706824690987e-17, 1.0056615507490466e-16, 5.932115603929426e-17, 3.27737690901865e-17, 6.696037446103714e-17, 1.1644729928677206e-16, 1.0795024490303351e-16, 7.436944997089805e-17, 1.06610304111774e-16, 1.0924522117974432e-16, 8.895501743652063e-17, 8.32902229274083e-17, 7.89082033204465e-17, 5.4605335564459144e-17, 2.876128169941729e-17, 7.877007196433731e-17, 1.3911588159644183e-16, 5.866902637526541e-17, 5.289957508936164e-17, 1.0005232835829217e-16, 2.3450724143220124e-17, 4.000478154695898e-17, 7.758545171084765e-17, 2.6872415496735632e-17, 1.1824851197309384e-16, 9.107254346430477e-17, 1.6270696100145457e-17]",3.145521925295976e-17,2496.0,1.0,1.0,"[1.0, 1.0, 1.0, 1.0, 1.0, 1.0, 1.0, 1.0, 1.0, 1.0, 1.0, 1.0, 1.0, 1.0, 1.0, 1.0, 1.0, 1.0, 1.0, 1.0, 1.0, 1.0, 1.0, 1.0, 1.0, 1.0, 1.0, 1.0, 1.0, 1.0]",0.59652134666588,0.0098469426016248,"[1.0, 1.0, 1.0, 1.0, 1.0, 1.0, 1.0, 1.0, 1.0, 1.0, 1.0, 1.0, 1.0, 1.0, 1.0, 1.0, 1.0, 1.0, 1.0, 1.0, 1.0, 1.0, 1.0, 1.0, 1.0, 1.0, 1.0, 1.0, 1.0, 1.0]",0.0,"[1.0, 1.0, 1.0, 1.0, 1.0, 1.0, 1.0, 1.0, 1.0, 1.0, 1.0, 1.0, 1.0, 1.0, 1.0, 1.0, 1.0, 1.0, 1.0, 1.0, 1.0, 1.0, 1.0, 1.0, 1.0, 1.0, 1.0, 1.0, 1.0, 1.0]",0.0,4.441327350413461e-18
california,ridge,5000,3,8,b1_uniform,A2,0.0,0.0,5000.0,1.0,0.0,0.9999999999999998,1.0,1.0,1.1597111486273498e-16,10.424575471811146,"[0.9999999999999998, 0.9999999999999998, 0.9999999999999998, 0.9999999999999998, 0.9999999999999998, 0.9999999999999998, 0.9999999999999998, 0.9999999999999998, 0.9999999999999998, 0.9999999999999998, 0.9999999999999998, 0.9999999999999998, 0.9999999999999998, 0.9999999999999998, 0.9999999999999998, 0.9999999999999998, 0.9999999999999998, 0.9999999999999998, 0.9999999999999998, 0.9999999999999998, 0.9999999999999998, 0.9999999999999998, 0.9999999999999998, 0.9999999999999998, 0.9999999999999998, 0.9999999999999998, 0.9999999999999998, 0.9999999999999998, 0.9999999999999998, 0.9999999999999998]",0.0,9.537749464720771e-17,1.3911125227250627e-16,1.4496389357841873e-17,7.419148153043945e-18,"[1.6345380447259748e-16, 1.6852614470840945e-16, 1.1811983774832901e-16, 1.5449872179328513e-16, 1.2416206532635388e-16, 1.4929157864011924e-16, 6.558833899626518e-18, 1.2088372810724072e-16, 6.128811751515722e-17, 1.8546096615484307e-16, 6.281444487353908e-17, 1.4341236699231786e-16, 7.836958302119917e-17, 4.6516589931984745e-17, 6.45880124526586e-17, 5.364729568149273e-17, 4.468834616533808e-17, 9.162014457550585e-17, 2.308873845725634e-16, 5.817936696896812e-17, 1.219632564246189e-16, 1.2359168925326988e-16, 8.528706421439194e-17, 1.4831416380269428e-16, 1.0425936133424128e-16, 2.984480825480279e-16, 1.2758919876029443e-16, 1.0464509952297536e-16, 1.6278005902914375e-16, 7.528813739086243e-17]",5.935318522435156e-17,5000.0,1.0,1.0,"[1.0, 1.0, 1.0, 1.0, 1.0, 1.0, 1.0, 1.0, 1.0, 1.0, 1.0, 1.0, 1.0, 1.0, 1.0, 1.0, 1.0, 1.0, 1.0, 1.0, 1.0, 1.0, 1.0, 1.0, 1.0, 1.0, 1.0, 1.0, 1.0, 1.0]",0.4598413833339388,0.0136137216024981,"[1.0, 1.0, 1.0, 1.0, 1.0, 1.0, 1.0, 1.0, 1.0, 1.0, 1.0, 1.0, 1.0, 1.0, 1.0, 1.0, 1.0, 1.0, 1.0, 1.0, 1.0, 1.0, 1.0, 1.0, 1.0, 1.0, 1.0, 1.0, 1.0, 1.0]",0.0,"[1.0, 1.0, 1.0, 1.0, 1.0, 1.0, 1.0, 1.0, 1.0, 1.0, 1.0, 1.0, 1.0, 1.0, 1.0, 1.0, 1.0, 1.0, 1.0, 1.0, 1.0, 1.0, 1.0, 1.0, 1.0, 1.0, 1.0, 1.0, 1.0, 1.0]",0.0,8.8817873965599e-18
california,ridge,5000,3,8,b2_stratified,A2,0.0,0.0,5000.0,1.0,0.0,0.9999999999999998,1.0,1.0,1.1124780589514633e-17,1.0,"[0.9999999999999998, 0.9999999999999998, 0.9999999999999998, 0.9999999999999998, 0.9999999999999998, 0.9999999999999998, 0.9999999999999998, 0.9999999999999998, 0.9999999999999998, 0.9999999999999998, 0.9999999999999998, 0.9999999999999998, 0.9999999999999998, 0.9999999999999998, 0.9999999999999998, 0.9999999999999998, 0.9999999999999998, 0.9999999999999998, 0.9999999999999998, 0.9999999999999998, 0.9999999999999998, 0.9999999999999998, 0.9999999999999998, 0.9999999999999998, 0.9999999999999998, 0.9999999999999998, 0.9999999999999998, 0.9999999999999998, 0.9999999999999998, 0.9999999999999998]",0.0,8.991882519946253e-18,1.347278367624037e-17,1.3905975736893293e-18,8.071983402331051e-19,"[1.7644577450830713e-17, 2.4943499902683364e-17, 1.1019214195407618e-17, 9.137934971401028e-18, 1.0357569518506758e-17, 1.0068089468052105e-18, 2.3388947691966594e-17, 3.543559624658523e-18, 5.976316054822472e-18, 6.0050246584204294e-18, 2.3932372762778277e-18, 9.360380764684952e-18, 5.784960501539163e-18, 1.1096356589858772e-17, 1.1298072060502066e-17, 1.435528456172776e-17, 2.140415663668394e-17, 7.73689474176176e-18, 2.193254802620783e-17, 9.335525525570239e-18, 1.2660756880448379e-17, 2.3152726029853342e-17, 6.5904644237641325e-18, 5.377639638004801e-18, 1.0612140508185837e-17, 1.3196291428866825e-17, 2.6693574428447954e-18, 1.363716628233282e-17, 7.82699834905692e-18, 1.0299007001764084e-17]",6.45758672186484e-18,5000.0,1.0,1.0,"[1.0, 1.0, 1.0, 1.0, 1.0, 1.0, 1.0, 1.0, 1.0, 1.0, 1.0, 1.0, 1.0, 1.0, 1.0, 1.0, 1.0, 1.0, 1.0, 1.0, 1.0, 1.0, 1.0, 1.0, 1.0, 1.0, 1.0, 1.0, 1.0, 1.0]",0.4699347000035535,0.0178507431001147,"[1.0, 1.0, 1.0, 1.0, 1.0, 1.0, 1.0, 1.0, 1.0, 1.0, 1.0, 1.0, 1.0, 1.0, 1.0, 1.0, 1.0, 1.0, 1.0, 1.0, 1.0, 1.0, 1.0, 1.0, 1.0, 1.0, 1.0, 1.0, 1.0, 1.0]",0.0,"[1.0, 1.0, 1.0, 1.0, 1.0, 1.0, 1.0, 1.0, 1.0, 1.0, 1.0, 1.0, 1.0, 1.0, 1.0, 1.0, 1.0, 1.0, 1.0, 1.0, 1.0, 1.0, 1.0, 1.0, 1.0, 1.0, 1.0, 1.0, 1.0, 1.0]",0.0,1.2809815897882838e-18
california,ridge,5000,3,8,b3_is,A2,0.0,0.0,5000.0,1.0,0.0,0.9999999999999998,1.0,1.0,6.098442044448739e-17,5.481853772645785,"[0.9999999999999998, 0.9999999999999998, 0.9999999999999998, 0.9999999999999998, 0.9999999999999998, 0.9999999999999998, 0.9999999999999998, 0.9999999999999998, 0.9999999999999998, 0.9999999999999998, 0.9999999999999998, 0.9999999999999998, 0.9999999999999998, 0.9999999999999998, 0.9999999999999998, 0.9999999999999998, 0.9999999999999998, 0.9999999999999998, 0.9999999999999998, 0.9999999999999998, 0.9999999999999998, 0.9999999999999998, 0.9999999999999998, 0.9999999999999998, 0.9999999999999998, 0.9999999999999998, 0.9999999999999998, 0.9999999999999998, 0.9999999999999998, 0.9999999999999998]",0.0,5.564904291430927e-17,6.665013464297804e-17,7.623052555560923e-18,1.802340299217177e-18,"[3.7645281792501116e-17, 3.780198383157081e-17, 3.0716640195926145e-17, 6.149202342347268e-17, 5.947976824410345e-17, 6.103556356420636e-17, 5.737580581948636e-17, 8.4498984695816e-17, 4.965829728817618e-17, 5.766653323946343e-17, 4.302726708987222e-17, 5.355955954703176e-17, 6.122932216634716e-17, 6.174194059033356e-17, 8.963896030303307e-17, 7.236852035430123e-17, 6.066636342986493e-17, 4.648922196387812e-17, 7.622249901921953e-17, 4.6587220562553294e-17, 6.128571273839159e-17, 7.03378235885933e-17, 5.45454121410056e-17, 5.465487536853827e-17, 7.4084066429378e-17, 6.958715729810248e-17, 6.446645760602706e-17, 7.05136967761224e-17, 6.902575299302825e-17, 9.212990127427719e-17]",1.441872239373742e-17,5000.0,1.0,1.0,"[1.0, 1.0, 1.0, 1.0, 1.0, 1.0, 1.0, 1.0, 1.0, 1.0, 1.0, 1.0, 1.0, 1.0, 1.0, 1.0, 1.0, 1.0, 1.0, 1.0, 1.0, 1.0, 1.0, 1.0, 1.0, 1.0, 1.0, 1.0, 1.0, 1.0]",0.5758948699988348,0.0228186023155069,"[1.0, 1.0, 1.0, 1.0, 1.0, 1.0, 1.0, 1.0, 1.0, 1.0, 1.0, 1.0, 1.0, 1.0, 1.0, 1.0, 1.0, 1.0, 1.0, 1.0, 1.0, 1.0, 1.0, 1.0, 1.0, 1.0, 1.0, 1.0, 1.0, 1.0]",0.0,"[1.0, 1.0, 1.0, 1.0, 1.0, 1.0, 1.0, 1.0, 1.0, 1.0, 1.0, 1.0, 1.0, 1.0, 1.0, 1.0, 1.0, 1.0, 1.0, 1.0, 1.0, 1.0, 1.0, 1.0, 1.0, 1.0, 1.0, 1.0, 1.0, 1.0]",0.0,1.1100821042377422e-18
california,ridge,5000,3,8,b4_antithetic,A2,0.0,0.0,5000.0,1.0,0.0,0.9999999999999998,1.0,1.0,1.4893037000136494e-16,13.387263578190058,"[0.9999999999999998, 0.9999999999999998, 0.9999999999999998, 0.9999999999999998, 0.9999999999999998, 0.9999999999999998, 0.9999999999999998, 0.9999999999999998, 0.9999999999999998, 0.9999999999999998, 0.9999999999999998, 0.9999999999999998, 0.9999999999999998, 0.9999999999999998, 0.9999999999999998, 0.9999999999999998, 0.9999999999999998, 0.9999999999999998, 0.9999999999999998, 0.9999999999999998, 0.9999999999999998, 0.9999999999999998, 0.9999999999999998, 0.9999999999999998, 0.9999999999999998, 0.9999999999999998, 0.9999999999999998, 0.9999999999999998, 0.9999999999999998, 0.9999999999999998]",0.0,1.30912113151324e-16,1.6683558507342256e-16,1.8616296250170618e-17,6.455987295828941e-18,"[5.1805058529705754e-17, 1.7969300971774233e-16, 1.7073038152714113e-16, 1.7528236730797417e-16, 2.4788768814384356e-16, 2.070216036239644e-16, 1.3629175425822373e-16, 1.604599771047874e-16, 1.346837885936586e-16, 1.9682647268802675e-16, 6.66419995872529e-17, 1.9629078386812584e-16, 2.0370589080614123e-16, 5.888954092611006e-17, 1.4334153096917607e-16, 1.6316803612956335e-16, 7.804155035692129e-17, 1.7198277622947727e-16, 1.1699688308836687e-16, 1.1092245625949118e-16, 1.961013040432368e-16, 1.2810919983921557e-16, 2.2331385471672865e-16, 1.4564576019796068e-16, 1.0546093107650179e-16, 1.8518884384020602e-16, 6.534101359805111e-17, 1.0362378638791187e-16, 2.0835390208293783e-16, 1.3610895454250554e-16]",5.164789836663153e-17,5000.0,1.0,1.0,"[1.0, 1.0, 1.0, 1.0, 1.0, 1.0, 1.0, 1.0, 1.0, 1.0, 1.0, 1.0, 1.0, 1.0, 1.0, 1.0, 1.0, 1.0, 1.0, 1.0, 1.0, 1.0, 1.0, 1.0, 1.0, 1.0, 1.0, 1.0, 1.0, 1.0]",0.4391261433319111,0.0096744053043803,"[1.0, 1.0, 1.0, 1.0, 1.0, 1.0, 1.0, 1.0, 1.0, 1.0, 1.0, 1.0, 1.0, 1.0, 1.0, 1.0, 1.0, 1.0, 1.0, 1.0, 1.0, 1.0, 1.0, 1.0, 1.0, 1.0, 1.0, 1.0, 1.0, 1.0]",0.0,"[1.0, 1.0, 1.0, 1.0, 1.0, 1.0, 1.0, 1.0, 1.0, 1.0, 1.0, 1.0, 1.0, 1.0, 1.0, 1.0, 1.0, 1.0, 1.0, 1.0, 1.0, 1.0, 1.0, 1.0, 1.0, 1.0, 1.0, 1.0, 1.0, 1.0]",0.0,7.299383017609986e-18
california,ridge,5000,4,8,abc_shap,A2,0.4992,2496.0,2504.0,1.0,0.0,0.9999999999999998,1.0,1.0,2.2650515788690157e-15,4.087574269777664,"[0.9999999999999998, 0.9999999999999998, 0.9999999999999998, 0.9999999999999998, 0.9999999999999998, 0.9999999999999998, 0.9999999999999998, 0.9999999999999998, 0.9999999999999998, 0.9999999999999998, 0.9999999999999998, 0.9999999999999998, 0.9999999999999998, 0.9999999999999998, 0.9999999999999998, 0.9999999999999998, 0.9999999999999998, 0.9999999999999998, 0.9999999999999998, 0.9999999999999998, 0.9999999999999998, 0.9999999999999998, 0.9999999999999998, 0.9999999999999998, 0.9999999999999998, 0.9999999999999998, 0.9999999999999998, 0.9999999999999998, 0.9999999999999998, 0.9999999999999998]",0.0,1.941801863930056e-15,2.576363153224829e-15,2.831314473586269e-16,1.176199205364362e-16,"[2.061492749949028e-15, 3.959622938227468e-15, 2.686836068262498e-15, 1.9945252884174446e-15, 2.8544431514268065e-15, 3.408416650900254e-15, 1.6763082676100038e-15, 2.5356998796723125e-15, 2.9707973354682435e-15, 3.035673629038671e-15, 2.219114278452588e-15, 1.5478911012641445e-15, 1.4967615553079062e-15, 9.983839712186256e-16, 1.587217958702166e-15, 1.868311170628453e-15, 6.778126837995334e-16, 2.860227886410644e-15, 2.202943865373157e-15, 3.8071742700714265e-15, 1.4273945539534826e-15, 1.0493367339021015e-15, 2.716644537229742e-15, 1.509109737333276e-15, 5.166932247882113e-16, 2.182902899075631e-15, 2.3327805201820225e-15, 3.1353565854189565e-15, 2.162762387940739e-15, 4.468911486044931e-15]",9.409593642914896e-16,2496.0,1.0,1.0,"[1.0, 1.0, 1.0, 1.0, 1.0, 1.0, 1.0, 1.0, 1.0, 1.0, 1.0, 1.0, 1.0, 1.0, 1.0, 1.0, 1.0, 1.0, 1.0, 1.0, 1.0, 1.0, 1.0, 1.0, 1.0, 1.0, 1.0, 1.0, 1.0, 1.0]",0.6194011266663437,0.0279833263207809,"[1.0, 1.0, 1.0, 1.0, 1.0, 1.0, 1.0, 1.0, 1.0, 1.0, 1.0, 1.0, 1.0, 1.0, 1.0, 1.0, 1.0, 1.0, 1.0, 1.0, 1.0, 1.0, 1.0, 1.0, 1.0, 1.0, 1.0, 1.0, 1.0, 1.0]",0.0,"[1.0, 1.0, 1.0, 1.0, 1.0, 1.0, 1.0, 1.0, 1.0, 1.0, 1.0, 1.0, 1.0, 1.0, 1.0, 1.0, 1.0, 1.0, 1.0, 1.0, 1.0, 1.0, 1.0, 1.0, 1.0, 1.0, 1.0, 1.0, 1.0, 1.0]",0.0,1.240784635547418e-16
california,ridge,5000,4,8,b1_uniform,A2,0.0,0.0,5000.0,1.0,0.0,0.9999999999999998,1.0,1.0,4.2165173246882436e-15,7.609242935241836,"[0.9999999999999998, 0.9999999999999998, 0.9999999999999998, 0.9999999999999998, 0.9999999999999998, 0.9999999999999998, 0.9999999999999998, 0.9999999999999998, 0.9999999999999998, 0.9999999999999998, 0.9999999999999998, 0.9999999999999998, 0.9999999999999998, 0.9999999999999998, 0.9999999999999998, 0.9999999999999998, 0.9999999999999998, 0.9999999999999998, 0.9999999999999998, 0.9999999999999998, 0.9999999999999998, 0.9999999999999998, 0.9999999999999998, 0.9999999999999998, 0.9999999999999998, 0.9999999999999998, 0.9999999999999998, 0.9999999999999998, 0.9999999999999998, 0.9999999999999998]",0.0,3.5708963225607304e-15,4.877078962288171e-15,5.270646655860305e-16,2.257703677012797e-16,"[8.017533989529032e-15, 4.146734089048776e-15, 4.072888476591825e-15, 2.726882264560765e-15, 4.427641335816764e-15, 5.424394695640646e-15, 2.2030999793606533e-15, 1.4038237910901674e-15, 3.6971127262226154e-15, 5.979551248813245e-15, 5.8440391131644275e-15, 2.2483827357282945e-15, 2.2905214274545574e-15, 1.6303782564364281e-15, 5.716754998341415e-15, 2.80833374596474e-15, 6.005160602179116e-15, 5.988811271323295e-15, 5.525350682157112e-15, 4.17855836474806e-15, 2.1110869393156674e-15, 3.9125598658913906e-15, 7.642513152262158e-15, 5.499688713617017e-15, 4.018161903254952e-15, 4.85387226505529e-15, 2.7865379685614767e-15, 2.16284139933946e-15, 2.3246334424323227e-15, 6.847670296745651e-15]",1.806162941610237e-15,5000.0,1.0,1.0,"[1.0, 1.0, 1.0, 1.0, 1.0, 1.0, 1.0, 1.0, 1.0, 1.0, 1.0, 1.0, 1.0, 1.0, 1.0, 1.0, 1.0, 1.0, 1.0, 1.0, 1.0, 1.0, 1.0, 1.0, 1.0, 1.0, 1.0, 1.0, 1.0, 1.0]",0.4742368699992463,0.0188144520550306,"[1.0, 1.0, 1.0, 1.0, 1.0, 1.0, 1.0, 1.0, 1.0, 1.0, 1.0, 1.0, 1.0, 1.0, 1.0, 1.0, 1.0, 1.0, 1.0, 1.0, 1.0, 1.0, 1.0, 1.0, 1.0, 1.0, 1.0, 1.0, 1.0, 1.0]",0.0,"[1.0, 1.0, 1.0, 1.0, 1.0, 1.0, 1.0, 1.0, 1.0, 1.0, 1.0, 1.0, 1.0, 1.0, 1.0, 1.0, 1.0, 1.0, 1.0, 1.0, 1.0, 1.0, 1.0, 1.0, 1.0, 1.0, 1.0, 1.0, 1.0, 1.0]",0.0,2.655773921733981e-16
california,ridge,5000,4,8,b2_stratified,A2,0.0,0.0,5000.0,1.0,0.0,0.9999999999999998,1.0,1.0,5.541309905036217e-16,1.0,"[0.9999999999999998, 0.9999999999999998, 0.9999999999999998, 0.9999999999999998, 0.9999999999999998, 0.9999999999999998, 0.9999999999999998, 0.9999999999999998, 0.9999999999999998, 0.9999999999999998, 0.9999999999999998, 0.9999999999999998, 0.9999999999999998, 0.9999999999999998, 0.9999999999999998, 0.9999999999999998, 0.9999999999999998, 0.9999999999999998, 0.9999999999999998, 0.9999999999999998, 0.9999999999999998, 0.9999999999999998, 0.9999999999999998, 0.9999999999999998, 0.9999999999999998, 0.9999999999999998, 0.9999999999999998, 0.9999999999999998, 0.9999999999999998, 0.9999999999999998]",0.0,4.473294221754224e-16,6.842648827259273e-16,6.926637381295272e-17,4.150949377044971e-17,"[9.245553079949373e-16, 2.8535495382204873e-16, 4.543736179263662e-16, 2.4136963012955254e-16, 1.553540121708852e-16, 4.942401375923112e-16, 2.6662350691384395e-16, 6.183637852572732e-16, 1.621304700563693e-15, 8.28594671319186e-16, 2.1020258860089136e-16, 6.00155362816751e-16, 1.3875209817407487e-15, 6.332570090437228e-16, 4.896818617927419e-16, 6.207415626285208e-16, 6.482090232227867e-16, 1.076237434827936e-15, 3.7720651692415023e-16, 5.358270643329272e-16, 3.6626697813887955e-16, 5.3419301667141e-16, 5.312534703058643e-16, 2.387666254746983e-16, 6.150796925359574e-16, 2.1905305808309196e-16, 3.9317089398066847e-16, 3.1086541125359336e-16, 6.046746183874061e-16, 3.4143222065580837e-16]",3.3207595016359773e-16,5000.0,1.0,1.0,"[1.0, 1.0, 1.0, 1.0, 1.0, 1.0, 1.0, 1.0, 1.0, 1.0, 1.0, 1.0, 1.0, 1.0, 1.0, 1.0, 1.0, 1.0, 1.0, 1.0, 1.0, 1.0, 1.0, 1.0, 1.0, 1.0, 1.0, 1.0, 1.0, 1.0]",0.4772856866698324,0.0144442252593112,"[1.0, 1.0, 1.0, 1.0, 1.0, 1.0, 1.0, 1.0, 1.0, 1.0, 1.0, 1.0, 1.0, 1.0, 1.0, 1.0, 1.0, 1.0, 1.0, 1.0, 1.0, 1.0, 1.0, 1.0, 1.0, 1.0, 1.0, 1.0, 1.0, 1.0]",0.0,"[1.0, 1.0, 1.0, 1.0, 1.0, 1.0, 1.0, 1.0, 1.0, 1.0, 1.0, 1.0, 1.0, 1.0, 1.0, 1.0, 1.0, 1.0, 1.0, 1.0, 1.0, 1.0, 1.0, 1.0, 1.0, 1.0, 1.0, 1.0, 1.0, 1.0]",0.0,4.972417254533061e-17
california,ridge,5000,4,8,b3_is,A2,0.0,0.0,5000.0,1.0,0.0,0.9999999999999998,1.0,1.0,1.8283635550517648e-15,3.2995150720411024,"[0.9999999999999998, 0.9999999999999998, 0.9999999999999998, 0.9999999999999998, 0.9999999999999998, 0.9999999999999998, 0.9999999999999998, 0.9999999999999998, 0.9999999999999998, 0.9999999999999998, 0.9999999999999998, 0.9999999999999998, 0.9999999999999998, 0.9999999999999998, 0.9999999999999998, 0.9999999999999998, 0.9999999999999998, 0.9999999999999998, 0.9999999999999998, 0.9999999999999998, 0.9999999999999998, 0.9999999999999998, 0.9999999999999998, 0.9999999999999998, 0.9999999999999998, 0.9999999999999998, 0.9999999999999998, 0.9999999999999998, 0.9999999999999998, 0.9999999999999998]",0.0,1.6772444569404024e-15,1.995083242463696e-15,2.285454443814706e-16,5.598582621567661e-17,"[1.435320269607354e-15, 2.064608619522095e-15, 1.2101793788186762e-15, 2.7651481986275744e-15, 1.9053718303013485e-15, 1.5358208169012562e-15, 2.0763289090460125e-15, 1.9690120692766446e-15, 1.608414867078259e-15, 2.1639610602401237e-15, 9.842261632779205e-16, 1.0208936994553527e-15, 2.0448107203703525e-15, 1.566660088463435e-15, 1.2020659435907528e-15, 2.04091063551704e-15, 2.147637251972825e-15, 1.9386363488333506e-15, 2.2227549197922203e-15, 1.5738149497471152e-15, 1.5943563663292908e-15, 1.6035463300309037e-15, 2.498374580586795e-15, 2.0310505025900363e-15, 2.17842985810818e-15, 1.8719486414132075e-15, 2.3149774970362504e-15, 1.30445107863365e-15, 1.4054461897898168e-15, 2.5717488665951164e-15]",4.47886609725413e-16,5000.0,1.0,1.0,"[1.0, 1.0, 1.0, 1.0, 1.0, 1.0, 1.0, 1.0, 1.0, 1.0, 1.0, 1.0, 1.0, 1.0, 1.0, 1.0, 1.0, 1.0, 1.0, 1.0, 1.0, 1.0, 1.0, 1.0, 1.0, 1.0, 1.0, 1.0, 1.0, 1.0]",0.5899973999980527,0.0167682423488469,"[1.0, 1.0, 1.0, 1.0, 1.0, 1.0, 1.0, 1.0, 1.0, 1.0, 1.0, 1.0, 1.0, 1.0, 1.0, 1.0, 1.0, 1.0, 1.0, 1.0, 1.0, 1.0, 1.0, 1.0, 1.0, 1.0, 1.0, 1.0, 1.0, 1.0]",0.0,"[1.0, 1.0, 1.0, 1.0, 1.0, 1.0, 1.0, 1.0, 1.0, 1.0, 1.0, 1.0, 1.0, 1.0, 1.0, 1.0, 1.0, 1.0, 1.0, 1.0, 1.0, 1.0, 1.0, 1.0, 1.0, 1.0, 1.0, 1.0, 1.0, 1.0]",0.0,3.822286826155701e-17
california,ridge,5000,4,8,b4_antithetic,A2,0.0,0.0,5000.0,1.0,0.0,0.9999999999999998,1.0,1.0,5.049182416328392e-15,9.111893221744277,"[0.9999999999999998, 0.9999999999999998, 0.9999999999999998, 0.9999999999999998, 0.9999999999999998, 0.9999999999999998, 0.9999999999999998, 0.9999999999999998, 0.9999999999999998, 0.9999999999999998, 0.9999999999999998, 0.9999999999999998, 0.9999999999999998, 0.9999999999999998, 0.9999999999999998, 0.9999999999999998, 0.9999999999999998, 0.9999999999999998, 0.9999999999999998, 0.9999999999999998, 0.9999999999999998, 0.9999999999999998, 0.9999999999999998, 0.9999999999999998, 0.9999999999999998, 0.9999999999999998, 0.9999999999999998, 0.9999999999999998, 0.9999999999999998, 0.9999999999999998]",0.0,4.270373297976184e-15,5.804639691209231e-15,6.31147802041049e-16,2.6284628608852096e-16,"[5.142706744548145e-15, 7.561547928088038e-15, 5.399275026012869e-15, 4.560573495556761e-15, 6.139923170195193e-15, 3.0927964144945925e-15, 1.0577090359132814e-15, 2.2033957467869777e-15, 9.56601687725588e-15, 2.5447644521220733e-15, 6.561248169485268e-15, 5.337355449658096e-15, 1.882418331116004e-15, 5.291694471749985e-15, 8.618801383013618e-15, 8.579092713198343e-15, 4.195328083672456e-15, 7.770533668633388e-15, 3.3164259851628257e-15, 6.521605784518566e-15, 2.8716849679221534e-15, 5.26263710261061e-15, 6.00480556510942e-15, 4.354473498557772e-15, 7.44901795585293e-15, 3.042269234415429e-15, 3.9845076755611295e-15, 5.001154434711011e-15, 3.693212348720825e-15, 4.468496775208136e-15]",2.102770288708168e-15,5000.0,1.0,1.0,"[1.0, 1.0, 1.0, 1.0, 1.0, 1.0, 1.0, 1.0, 1.0, 1.0, 1.0, 1.0, 1.0, 1.0, 1.0, 1.0, 1.0, 1.0, 1.0, 1.0, 1.0, 1.0, 1.0, 1.0, 1.0, 1.0, 1.0, 1.0, 1.0, 1.0]",0.4499798533332068,0.018269489977255,"[1.0, 1.0, 1.0, 1.0, 1.0, 1.0, 1.0, 1.0, 1.0, 1.0, 1.0, 1.0, 1.0, 1.0, 1.0, 1.0, 1.0, 1.0, 1.0, 1.0, 1.0, 1.0, 1.0, 1.0, 1.0, 1.0, 1.0, 1.0, 1.0, 1.0]",0.0,"[1.0, 1.0, 1.0, 1.0, 1.0, 1.0, 1.0, 1.0, 1.0, 1.0, 1.0, 1.0, 1.0, 1.0, 1.0, 1.0, 1.0, 1.0, 1.0, 1.0, 1.0, 1.0, 1.0, 1.0, 1.0, 1.0, 1.0, 1.0, 1.0, 1.0]",0.0,2.120459265053172e-16
california,ridge,5000,5,8,abc_shap,A2,0.4992,2496.0,2504.0,1.0,0.0,0.9999999999999998,1.0,1.0,5.71522322083081e-16,4.128840299135419,"[0.9999999999999998, 0.9999999999999998, 0.9999999999999998, 0.9999999999999998, 0.9999999999999998, 0.9999999999999998, 0.9999999999999998, 0.9999999999999998, 0.9999999999999998, 0.9999999999999998, 0.9999999999999998, 0.9999999999999998, 0.9999999999999998, 0.9999999999999998, 0.9999999999999998, 0.9999999999999998, 0.9999999999999998, 0.9999999999999998, 0.9999999999999998, 0.9999999999999998, 0.9999999999999998, 0.9999999999999998, 0.9999999999999998, 0.9999999999999998, 0.9999999999999998, 0.9999999999999998, 0.9999999999999998, 0.9999999999999998, 0.9999999999999998, 0.9999999999999998]",0.0,4.781180835122402e-16,6.739758192245091e-16,7.144029026038513e-17,3.570417620331091e-17,"[7.020134199091515e-16, 5.904318250276547e-16, 6.539568962795369e-16, 3.3389031062311214e-16, 5.19021754524876e-16, 8.542824831620576e-16, 4.052240362082165e-16, 6.928999373888766e-16, 1.3160515091811498e-15, 6.725037912524949e-16, 4.154442309057087e-16, 5.554633867899716e-16, 5.869275663498504e-16, 5.514998846137898e-16, 6.06723465714073e-16, 2.46097968853016e-16, 8.636729450300114e-16, 3.88589875597519e-16, 4.057759305492661e-16, 6.394353875336112e-16, 3.4405474518402337e-16, 4.4320217810416676e-16, 1.452053568668802e-15, 2.7292544673249737e-16, 2.0705576805729343e-16, 5.499468439795329e-16, 2.5240231498836844e-16, 7.574911052936272e-16, 1.563681095979152e-16, 7.102629763922585e-16]",2.8563340962648728e-16,2496.0,1.0,1.0,"[1.0, 1.0, 1.0, 1.0, 1.0, 1.0, 1.0, 1.0, 1.0, 1.0, 1.0, 1.0, 1.0, 1.0, 1.0, 1.0, 1.0, 1.0, 1.0, 1.0, 1.0, 1.0, 1.0, 1.0, 1.0, 1.0, 1.0, 1.0, 1.0, 1.0]",0.6023182766676958,0.0284586962815878,"[1.0, 1.0, 1.0, 1.0, 1.0, 1.0, 1.0, 1.0, 1.0, 1.0, 1.0, 1.0, 1.0, 1.0, 1.0, 1.0, 1.0, 1.0, 1.0, 1.0, 1.0, 1.0, 1.0, 1.0, 1.0, 1.0, 1.0, 1.0, 1.0, 1.0]",0.0,"[1.0, 1.0, 1.0, 1.0, 1.0, 1.0, 1.0, 1.0, 1.0, 1.0, 1.0, 1.0, 1.0, 1.0, 1.0, 1.0, 1.0, 1.0, 1.0, 1.0, 1.0, 1.0, 1.0, 1.0, 1.0, 1.0, 1.0, 1.0, 1.0, 1.0]",0.0,3.014035632855104e-17
california,ridge,5000,5,8,b1_uniform,A2,0.0,0.0,5000.0,1.0,0.0,0.9999999999999998,1.0,1.0,1.492304039135125e-15,10.780830104564105,"[0.9999999999999998, 0.9999999999999998, 0.9999999999999998, 0.9999999999999998, 0.9999999999999998, 0.9999999999999998, 0.9999999999999998, 0.9999999999999998, 0.9999999999999998, 0.9999999999999998, 0.9999999999999998, 0.9999999999999998, 0.9999999999999998, 0.9999999999999998, 0.9999999999999998, 0.9999999999999998, 0.9999999999999998, 0.9999999999999998, 0.9999999999999998, 0.9999999999999998, 0.9999999999999998, 0.9999999999999998, 0.9999999999999998, 0.9999999999999998, 0.9999999999999998, 0.9999999999999998, 0.9999999999999998, 0.9999999999999998, 0.9999999999999998, 0.9999999999999998]",0.0,1.2777610606968132e-15,1.7146591328376501e-15,1.8653800489189062e-16,7.813352558929677e-17,"[9.60629379457608e-16, 1.1594659676045825e-15, 1.1242093252014044e-15, 1.4252608838624924e-15, 2.1035231723914584e-15, 6.124110261687846e-16, 2.152199845555964e-15, 1.4930986516349655e-15, 1.5932227762294137e-15, 1.0417278389172841e-15, 2.9692604111879596e-16, 1.96636511728338e-15, 2.2829628542767177e-15, 1.0825734914951077e-15, 1.7978430330016685e-15, 6.807645278178519e-16, 1.9228929213252988e-15, 2.080924368326194e-15, 2.2337275153287966e-15, 1.5843722477524794e-15, 2.247152147263766e-15, 2.2880535490784128e-15, 5.638749069502762e-16, 9.399156100185032e-16, 1.810577463805851e-15, 7.634177984241301e-16, 1.4921500313237368e-15, 1.1400052581207279e-15, 1.089776507472957e-15, 2.83909691684513e-15]",6.250682047143741e-16,5000.0,1.0,1.0,"[1.0, 1.0, 1.0, 1.0, 1.0, 1.0, 1.0, 1.0, 1.0, 1.0, 1.0, 1.0, 1.0, 1.0, 1.0, 1.0, 1.0, 1.0, 1.0, 1.0, 1.0, 1.0, 1.0, 1.0, 1.0, 1.0, 1.0, 1.0, 1.0, 1.0]",0.460923729997982,0.0208333394966876,"[1.0, 1.0, 1.0, 1.0, 1.0, 1.0, 1.0, 1.0, 1.0, 1.0, 1.0, 1.0, 1.0, 1.0, 1.0, 1.0, 1.0, 1.0, 1.0, 1.0, 1.0, 1.0, 1.0, 1.0, 1.0, 1.0, 1.0, 1.0, 1.0, 1.0]",0.0,"[1.0, 1.0, 1.0, 1.0, 1.0, 1.0, 1.0, 1.0, 1.0, 1.0, 1.0, 1.0, 1.0, 1.0, 1.0, 1.0, 1.0, 1.0, 1.0, 1.0, 1.0, 1.0, 1.0, 1.0, 1.0, 1.0, 1.0, 1.0, 1.0, 1.0]",0.0,7.566230249842956e-17
california,ridge,5000,5,8,b2_stratified,A2,0.0,0.0,5000.0,1.0,0.0,0.9999999999999998,1.0,1.0,1.3842199762552162e-16,1.0,"[0.9999999999999998, 0.9999999999999998, 0.9999999999999998, 0.9999999999999998, 0.9999999999999998, 0.9999999999999998, 0.9999999999999998, 0.9999999999999998, 0.9999999999999998, 0.9999999999999998, 0.9999999999999998, 0.9999999999999998, 0.9999999999999998, 0.9999999999999998, 0.9999999999999998, 0.9999999999999998, 0.9999999999999998, 0.9999999999999998, 0.9999999999999998, 0.9999999999999998, 0.9999999999999998, 0.9999999999999998, 0.9999999999999998, 0.9999999999999998, 0.9999999999999998, 0.9999999999999998, 0.9999999999999998, 0.9999999999999998, 0.9999999999999998, 0.9999999999999998]",0.0,1.0859935191170762e-16,1.775704482670216e-16,1.7302749703190206e-17,1.20226835059064e-17,"[4.790027554951668e-16, 1.436444854643835e-16, 9.832972207596622e-17, 1.7207253989181208e-16, 8.0328604821033e-17, 8.883201864075614e-17, 4.917668329226393e-17, 1.3622262977069782e-16, 9.759597355450235e-17, 1.44355375461509e-16, 1.7929145561457795e-16, 1.3162693011361233e-16, 4.41008388175263e-16, 1.628026736750796e-16, 1.1255511625029002e-16, 1.2013701287760731e-16, 1.2808346029061076e-16, 8.816383618478907e-17, 1.0944267452105194e-16, 7.009940709202365e-17, 3.401242060527151e-17, 1.2236174420274395e-16, 2.593687573843704e-16, 1.0178701630446596e-16, 1.4014893875411456e-16, 1.0666884992987343e-16, 5.619472984175265e-17, 8.506638032550074e-17, 9.072431383173076e-17, 1.2355503432282808e-16]",9.61814680472512e-17,5000.0,1.0,1.0,"[1.0, 1.0, 1.0, 1.0, 1.0, 1.0, 1.0, 1.0, 1.0, 1.0, 1.0, 1.0, 1.0, 1.0, 1.0, 1.0, 1.0, 1.0, 1.0, 1.0, 1.0, 1.0, 1.0, 1.0, 1.0, 1.0, 1.0, 1.0, 1.0, 1.0]",0.4766513166667815,0.0260618931025902,"[1.0, 1.0, 1.0, 1.0, 1.0, 1.0, 1.0, 1.0, 1.0, 1.0, 1.0, 1.0, 1.0, 1.0, 1.0, 1.0, 1.0, 1.0, 1.0, 1.0, 1.0, 1.0, 1.0, 1.0, 1.0, 1.0, 1.0, 1.0, 1.0, 1.0]",0.0,"[1.0, 1.0, 1.0, 1.0, 1.0, 1.0, 1.0, 1.0, 1.0, 1.0, 1.0, 1.0, 1.0, 1.0, 1.0, 1.0, 1.0, 1.0, 1.0, 1.0, 1.0, 1.0, 1.0, 1.0, 1.0, 1.0, 1.0, 1.0, 1.0, 1.0]",0.0,1.5283774477792105e-17
california,ridge,5000,5,8,b3_is,A2,0.0,0.0,5000.0,1.0,0.0,0.9999999999999998,1.0,1.0,4.156211639099709e-16,3.00256585686884,"[0.9999999999999998, 0.9999999999999998, 0.9999999999999998, 0.9999999999999998, 0.9999999999999998, 0.9999999999999998, 0.9999999999999998, 0.9999999999999998, 0.9999999999999998, 0.9999999999999998, 0.9999999999999998, 0.9999999999999998, 0.9999999999999998, 0.9999999999999998, 0.9999999999999998, 0.9999999999999998, 0.9999999999999998, 0.9999999999999998, 0.9999999999999998, 0.9999999999999998, 0.9999999999999998, 0.9999999999999998, 0.9999999999999998, 0.9999999999999998, 0.9999999999999998, 0.9999999999999998, 0.9999999999999998, 0.9999999999999998, 0.9999999999999998, 0.9999999999999998]",0.0,3.742788522804808e-16,4.545845002980893e-16,5.195264548874637e-17,1.3838415247695897e-17,"[4.367135197110292e-16, 6.201472264796467e-16, 4.1215771470399364e-16, 6.148849897870647e-16, 4.793236788124782e-16, 3.053826103721701e-16, 5.060195853296923e-16, 4.341705618108979e-16, 3.379163021429576e-16, 5.344057499583449e-16, 6.148979276848713e-16, 3.0399178327785226e-16, 3.3075980968496486e-16, 5.201411930628018e-16, 2.8200426508017047e-16, 1.9862914503541874e-16, 4.519798384466527e-16, 3.2533897374906783e-16, 3.065122271510401e-16, 3.6540442298958677e-16, 5.843476505817208e-16, 5.22065307501069e-16, 3.1193236783673823e-16, 3.772094005227232e-16, 3.594042145281597e-16, 3.184034642487819e-16, 3.9701001990556794e-16, 5.075892316176931e-16, 3.340453258312985e-16, 3.7584640945467366e-16]",1.1070732198156715e-16,5000.0,1.0,1.0,"[1.0, 1.0, 1.0, 1.0, 1.0, 1.0, 1.0, 1.0, 1.0, 1.0, 1.0, 1.0, 1.0, 1.0, 1.0, 1.0, 1.0, 1.0, 1.0, 1.0, 1.0, 1.0, 1.0, 1.0, 1.0, 1.0, 1.0, 1.0, 1.0, 1.0]",0.5884529933333397,0.0477037146041408,"[1.0, 1.0, 1.0, 1.0, 1.0, 1.0, 1.0, 1.0, 1.0, 1.0, 1.0, 1.0, 1.0, 1.0, 1.0, 1.0, 1.0, 1.0, 1.0, 1.0, 1.0, 1.0, 1.0, 1.0, 1.0, 1.0, 1.0, 1.0, 1.0, 1.0]",0.0,"[1.0, 1.0, 1.0, 1.0, 1.0, 1.0, 1.0, 1.0, 1.0, 1.0, 1.0, 1.0, 1.0, 1.0, 1.0, 1.0, 1.0, 1.0, 1.0, 1.0, 1.0, 1.0, 1.0, 1.0, 1.0, 1.0, 1.0, 1.0, 1.0, 1.0]",0.0,8.934579679610373e-18
california,ridge,5000,5,8,b4_antithetic,A2,0.0,0.0,5000.0,1.0,0.0,0.9999999999999998,1.0,1.0,9.772118192367053e-16,7.059656962041496,"[0.9999999999999998, 0.9999999999999998, 0.9999999999999998, 0.9999999999999998, 0.9999999999999998, 0.9999999999999998, 0.9999999999999998, 0.9999999999999998, 0.9999999999999998, 0.9999999999999998, 0.9999999999999998, 0.9999999999999998, 0.9999999999999998, 0.9999999999999998, 0.9999999999999998, 0.9999999999999998, 0.9999999999999998, 0.9999999999999998, 0.9999999999999998, 0.9999999999999998, 0.9999999999999998, 0.9999999999999998, 0.9999999999999998, 0.9999999999999998, 0.9999999999999998, 0.9999999999999998, 0.9999999999999998, 0.9999999999999998, 0.9999999999999998, 0.9999999999999998]",0.0,8.154094703719883e-16,1.1394912436573409e-15,1.2215147740458816e-16,5.574661621606434e-17,"[1.7120650401190487e-15, 5.75330338625346e-16, 9.383567842871844e-16, 1.0795958499245648e-15, 9.021291507582573e-16, 5.697437171073654e-16, 1.0204486369713726e-15, 6.916634354413401e-16, 2.0936853099724128e-16, 1.827516007892356e-15, 8.423320628209502e-16, 6.271363553406485e-16, 1.0030167976148647e-15, 1.4415073812436943e-15, 2.6178404132069017e-16, 9.94457725836063e-16, 1.3144020178357787e-15, 1.309403777921221e-15, 1.91876541572086e-16, 1.387891361027706e-15, 1.1460849788317112e-15, 7.627030817374442e-16, 8.808930722963826e-16, 1.1150841593307213e-15, 1.5063339749242063e-15, 1.0362787590784556e-15, 4.83208028165705e-16, 3.404388464228612e-16, 1.7488635109034135e-15, 1.3964406107524812e-15]",4.459729297285147e-16,5000.0,1.0,1.0,"[1.0, 1.0, 1.0, 1.0, 1.0, 1.0, 1.0, 1.0, 1.0, 1.0, 1.0, 1.0, 1.0, 1.0, 1.0, 1.0, 1.0, 1.0, 1.0, 1.0, 1.0, 1.0, 1.0, 1.0, 1.0, 1.0, 1.0, 1.0, 1.0, 1.0]",0.4456001000022904,0.0352803700527701,"[1.0, 1.0, 1.0, 1.0, 1.0, 1.0, 1.0, 1.0, 1.0, 1.0, 1.0, 1.0, 1.0, 1.0, 1.0, 1.0, 1.0, 1.0, 1.0, 1.0, 1.0, 1.0, 1.0, 1.0, 1.0, 1.0, 1.0, 1.0, 1.0, 1.0]",0.0,"[1.0, 1.0, 1.0, 1.0, 1.0, 1.0, 1.0, 1.0, 1.0, 1.0, 1.0, 1.0, 1.0, 1.0, 1.0, 1.0, 1.0, 1.0, 1.0, 1.0, 1.0, 1.0, 1.0, 1.0, 1.0, 1.0, 1.0, 1.0, 1.0, 1.0]",0.0,6.25284668051959e-17
california,ridge,5000,6,8,abc_shap,A2,0.4992,2496.0,2504.0,1.0,0.0,0.9999999999999998,1.0,1.0,1.4036065527405268e-16,3.7252385210724266,"[0.9999999999999998, 0.9999999999999998, 0.9999999999999998, 0.9999999999999998, 0.9999999999999998, 0.9999999999999998, 0.9999999999999998, 0.9999999999999998, 0.9999999999999998, 0.9999999999999998, 0.9999999999999998, 0.9999999999999998, 0.9999999999999998, 0.9999999999999998, 0.9999999999999998, 0.9999999999999998, 0.9999999999999998, 0.9999999999999998, 0.9999999999999998, 0.9999999999999998, 0.9999999999999998, 0.9999999999999998, 0.9999999999999998, 0.9999999999999998, 0.9999999999999998, 0.9999999999999998, 0.9999999999999998, 0.9999999999999998, 0.9999999999999998, 0.9999999999999998]",0.0,1.092420056265524e-16,1.782312238265374e-16,1.7545081909256585e-17,1.2452885765428968e-17,"[5.597164642664711e-16, 6.848722124162826e-17, 1.4646279825923167e-16, 1.4306611333757352e-16, 3.2814052846046265e-16, 1.3744651206646476e-16, 1.3041257260411111e-16, 1.2945520806152994e-16, 7.665597752303423e-17, 2.2326633891772035e-17, 1.8539542224777866e-16, 1.4116886818219914e-16, 9.521481951105366e-17, 1.6465935389805025e-16, 1.1614884708528163e-16, 1.5670541443349734e-16, 1.0668472695652393e-16, 1.5098216553279944e-16, 1.41085866025594e-16, 7.828583805737058e-17, 2.2450941677580427e-16, 3.1083482804026715e-17, 1.0807892277198435e-16, 5.432922142621389e-17, 9.461165587056713e-17, 2.1139000837951884e-16, 7.764225536959672e-17, 7.505710766418504e-17, 1.966059627681225e-16, 5.901027274913354e-17]",9.962308612343171e-17,2496.0,1.0,1.0,"[1.0, 1.0, 1.0, 1.0, 1.0, 1.0, 1.0, 1.0, 1.0, 1.0, 1.0, 1.0, 1.0, 1.0, 1.0, 1.0, 1.0, 1.0, 1.0, 1.0, 1.0, 1.0, 1.0, 1.0, 1.0, 1.0, 1.0, 1.0, 1.0, 1.0]",0.629779626664822,0.0815297287653712,"[1.0, 1.0, 1.0, 1.0, 1.0, 1.0, 1.0, 1.0, 1.0, 1.0, 1.0, 1.0, 1.0, 1.0, 1.0, 1.0, 1.0, 1.0, 1.0, 1.0, 1.0, 1.0, 1.0, 1.0, 1.0, 1.0, 1.0, 1.0, 1.0, 1.0]",0.0,"[1.0, 1.0, 1.0, 1.0, 1.0, 1.0, 1.0, 1.0, 1.0, 1.0, 1.0, 1.0, 1.0, 1.0, 1.0, 1.0, 1.0, 1.0, 1.0, 1.0, 1.0, 1.0, 1.0, 1.0, 1.0, 1.0, 1.0, 1.0, 1.0, 1.0]",0.0,9.712971520388495e-18
california,ridge,5000,6,8,b1_uniform,A2,0.0,0.0,5000.0,1.0,0.0,0.9999999999999998,1.0,1.0,2.6654329723940743e-16,7.074185828437456,"[0.9999999999999998, 0.9999999999999998, 0.9999999999999998, 0.9999999999999998, 0.9999999999999998, 0.9999999999999998, 0.9999999999999998, 0.9999999999999998, 0.9999999999999998, 0.9999999999999998, 0.9999999999999998, 0.9999999999999998, 0.9999999999999998, 0.9999999999999998, 0.9999999999999998, 0.9999999999999998, 0.9999999999999998, 0.9999999999999998, 0.9999999999999998, 0.9999999999999998, 0.9999999999999998, 0.9999999999999998, 0.9999999999999998, 0.9999999999999998, 0.9999999999999998, 0.9999999999999998, 0.9999999999999998, 0.9999999999999998, 0.9999999999999998, 0.9999999999999998]",0.0,2.213303034612888e-16,3.2035112207849467e-16,3.331791215492593e-17,1.6155404689299153e-17,"[2.5635507797252767e-16, 1.4465913333421886e-16, 2.818093181560283e-16, 3.0401587707245293e-16, 1.2487874078870422e-16, 3.1456830426782576e-16, 2.9805921290543447e-16, 4.584551057173579e-16, 2.0154663350608044e-16, 1.524722842824237e-16, 3.491638572840945e-16, 3.265425867612027e-16, 3.586779676331457e-16, 2.5836021119602617e-16, 9.47693934859307e-17, 3.570461128460207e-16, 1.8204333874078082e-16, 5.882739388988481e-17, 3.2900122763337143e-16, 1.6910234957724086e-16, 1.7639651710780215e-16, 1.3852179395171257e-16, 2.7351083390054156e-16, 6.810854156945493e-16, 2.731957339666946e-16, 2.5307085056484323e-16, 2.543461367255146e-16, 4.926442781706167e-16, 3.466333537720224e-16, 8.653987627717328e-17]",1.2924323751439323e-16,5000.0,1.0,1.0,"[1.0, 1.0, 1.0, 1.0, 1.0, 1.0, 1.0, 1.0, 1.0, 1.0, 1.0, 1.0, 1.0, 1.0, 1.0, 1.0, 1.0, 1.0, 1.0, 1.0, 1.0, 1.0, 1.0, 1.0, 1.0, 1.0, 1.0, 1.0, 1.0, 1.0]",0.4766359199992924,0.048018832353795,"[1.0, 1.0, 1.0, 1.0, 1.0, 1.0, 1.0, 1.0, 1.0, 1.0, 1.0, 1.0, 1.0, 1.0, 1.0, 1.0, 1.0, 1.0, 1.0, 1.0, 1.0, 1.0, 1.0, 1.0, 1.0, 1.0, 1.0, 1.0, 1.0, 1.0]",0.0,"[1.0, 1.0, 1.0, 1.0, 1.0, 1.0, 1.0, 1.0, 1.0, 1.0, 1.0, 1.0, 1.0, 1.0, 1.0, 1.0, 1.0, 1.0, 1.0, 1.0, 1.0, 1.0, 1.0, 1.0, 1.0, 1.0, 1.0, 1.0, 1.0, 1.0]",0.0,1.7071873345758513e-17
california,ridge,5000,6,8,b2_stratified,A2,0.0,0.0,5000.0,1.0,0.0,0.9999999999999998,1.0,1.0,3.767830018939176e-17,1.0,"[0.9999999999999998, 0.9999999999999998, 0.9999999999999998, 0.9999999999999998, 0.9999999999999998, 0.9999999999999998, 0.9999999999999998, 0.9999999999999998, 0.9999999999999998, 0.9999999999999998, 0.9999999999999998, 0.9999999999999998, 0.9999999999999998, 0.9999999999999998, 0.9999999999999998, 0.9999999999999998, 0.9999999999999998, 0.9999999999999998, 0.9999999999999998, 0.9999999999999998, 0.9999999999999998, 0.9999999999999998, 0.9999999999999998, 0.9999999999999998, 0.9999999999999998, 0.9999999999999998, 0.9999999999999998, 0.9999999999999998, 0.9999999999999998, 0.9999999999999998]",0.0,3.1533220508410115e-17,4.425269775060129e-17,4.709787523673969e-18,2.2226275690791648e-18,"[2.4596771037492607e-17, 4.0624790141868734e-17, 1.1950096972174948e-17, 6.42148193399004e-17, 4.970062962837974e-17, 2.8650985545963325e-17, 2.9580014603857696e-17, 2.932068435204671e-17, 4.9211981767935234e-17, 4.952283701568297e-17, 2.748490164986464e-17, 1.8812764395580403e-17, 7.945167460154968e-17, 1.5620089660218408e-17, 6.13445311142396e-17, 5.83781350025786e-17, 7.289977319961709e-17, 3.735527892001014e-17, 1.565292266178459e-17, 3.4598445908950575e-17, 4.2334445413597335e-17, 4.055682765605955e-17, 2.6491853619495587e-17, 3.953003850779869e-17, 2.0903130604816028e-17, 1.8913600558108614e-17, 3.592181358443401e-17, 1.047529473470389e-17, 5.635885578519108e-17, 3.9891017697851826e-17]",1.7781020552633318e-17,5000.0,1.0,1.0,"[1.0, 1.0, 1.0, 1.0, 1.0, 1.0, 1.0, 1.0, 1.0, 1.0, 1.0, 1.0, 1.0, 1.0, 1.0, 1.0, 1.0, 1.0, 1.0, 1.0, 1.0, 1.0, 1.0, 1.0, 1.0, 1.0, 1.0, 1.0, 1.0, 1.0]",0.4784537933330284,0.0239531155046962,"[1.0, 1.0, 1.0, 1.0, 1.0, 1.0, 1.0, 1.0, 1.0, 1.0, 1.0, 1.0, 1.0, 1.0, 1.0, 1.0, 1.0, 1.0, 1.0, 1.0, 1.0, 1.0, 1.0, 1.0, 1.0, 1.0, 1.0, 1.0, 1.0, 1.0]",0.0,"[1.0, 1.0, 1.0, 1.0, 1.0, 1.0, 1.0, 1.0, 1.0, 1.0, 1.0, 1.0, 1.0, 1.0, 1.0, 1.0, 1.0, 1.0, 1.0, 1.0, 1.0, 1.0, 1.0, 1.0, 1.0, 1.0, 1.0, 1.0, 1.0, 1.0]",0.0,4.2255049968586074e-18
california,ridge,5000,6,8,b3_is,A2,0.0,0.0,5000.0,1.0,0.0,0.9999999999999998,1.0,1.0,8.384972049825659e-17,2.22541144576008,"[0.9999999999999998, 0.9999999999999998, 0.9999999999999998, 0.9999999999999998, 0.9999999999999998, 0.9999999999999998, 0.9999999999999998, 0.9999999999999998, 0.9999999999999998, 0.9999999999999998, 0.9999999999999998, 0.9999999999999998, 0.9999999999999998, 0.9999999999999998, 0.9999999999999998, 0.9999999999999998, 0.9999999999999998, 0.9999999999999998, 0.9999999999999998, 0.9999999999999998, 0.9999999999999998, 0.9999999999999998, 0.9999999999999998, 0.9999999999999998, 0.9999999999999998, 0.9999999999999998, 0.9999999999999998, 0.9999999999999998, 0.9999999999999998, 0.9999999999999998]",0.0,7.274116942269144e-17,9.537280499855224e-17,1.0481215062282075e-17,3.9935862166501844e-18,"[1.3055667705959422e-16, 1.1625543607444253e-16, 1.0007991567735393e-16, 1.361602833614347e-16, 6.26393256774888e-17, 8.340065283043398e-17, 1.0273100105635889e-16, 1.1731484237342733e-16, 7.868651376741025e-17, 1.331910497881856e-16, 9.130339013469452e-17, 4.705080884984246e-17, 5.809928316939003e-17, 1.0084043742261306e-16, 6.089904588491832e-17, 2.9980324943856966e-17, 8.029277326063138e-17, 6.146456903953203e-17, 1.018073473645977e-16, 4.107169814092378e-17, 7.939835355374991e-17, 6.822453125538025e-17, 4.113104103462113e-17, 4.4988867140566775e-17, 1.665507982820961e-16, 5.755107738043611e-17, 7.176405975221397e-17, 7.306830418441259e-17, 8.278981638853143e-17, 9.619939009855888e-17]",3.194868973320147e-17,5000.0,1.0,1.0,"[1.0, 1.0, 1.0, 1.0, 1.0, 1.0, 1.0, 1.0, 1.0, 1.0, 1.0, 1.0, 1.0, 1.0, 1.0, 1.0, 1.0, 1.0, 1.0, 1.0, 1.0, 1.0, 1.0, 1.0, 1.0, 1.0, 1.0, 1.0, 1.0, 1.0]",0.6098480433332346,0.1280584334569798,"[1.0, 1.0, 1.0, 1.0, 1.0, 1.0, 1.0, 1.0, 1.0, 1.0, 1.0, 1.0, 1.0, 1.0, 1.0, 1.0, 1.0, 1.0, 1.0, 1.0, 1.0, 1.0, 1.0, 1.0, 1.0, 1.0, 1.0, 1.0, 1.0, 1.0]",0.0,"[1.0, 1.0, 1.0, 1.0, 1.0, 1.0, 1.0, 1.0, 1.0, 1.0, 1.0, 1.0, 1.0, 1.0, 1.0, 1.0, 1.0, 1.0, 1.0, 1.0, 1.0, 1.0, 1.0, 1.0, 1.0, 1.0, 1.0, 1.0, 1.0, 1.0]",0.0,2.6318595910778607e-18
california,ridge,5000,6,8,b4_antithetic,A2,0.0,0.0,5000.0,1.0,0.0,0.9999999999999998,1.0,1.0,2.5043608655827343e-16,6.646692799288838,"[0.9999999999999998, 0.9999999999999998, 0.9999999999999998, 0.9999999999999998, 0.9999999999999998, 0.9999999999999998, 0.9999999999999998, 0.9999999999999998, 0.9999999999999998, 0.9999999999999998, 0.9999999999999998, 0.9999999999999998, 0.9999999999999998, 0.9999999999999998, 0.9999999999999998, 0.9999999999999998, 0.9999999999999998, 0.9999999999999998, 0.9999999999999998, 0.9999999999999998, 0.9999999999999998, 0.9999999999999998, 0.9999999999999998, 0.9999999999999998, 0.9999999999999998, 0.9999999999999998, 0.9999999999999998, 0.9999999999999998, 0.9999999999999998, 0.9999999999999998]",0.0,2.0644111997265071e-16,2.9651670352148656e-16,3.130451081978418e-17,1.600742818697373e-17,"[2.587760648643052e-16, 5.922179168688754e-17, 3.950019558820371e-16, 2.1756033474794535e-16, 4.227607488159719e-17, 2.6706472575460963e-16, 1.7374678752716728e-16, 1.356095810402279e-16, 2.0917047071720415e-16, 2.739545076164539e-16, 2.6013633605648576e-16, 2.8109167296179414e-16, 2.8825543337894207e-16, 1.47015852962197e-16, 2.477889770962348e-16, 5.260630592936211e-16, 2.1366081760771043e-16, 2.5757062338355143e-16, 1.2311284786584482e-16, 3.642375337614448e-16, 1.5907761028383777e-16, 4.2640478591987785e-16, 1.4612146688108986e-16, 1.7262266253018867e-16, 1.509898594381297e-16, 3.4756378533782616e-16, 4.481088006134726e-16, 5.682073668719182e-16, 2.815161186315119e-16, 7.115469115408982e-17]",1.2805942549578984e-16,5000.0,1.0,1.0,"[1.0, 1.0, 1.0, 1.0, 1.0, 1.0, 1.0, 1.0, 1.0, 1.0, 1.0, 1.0, 1.0, 1.0, 1.0, 1.0, 1.0, 1.0, 1.0, 1.0, 1.0, 1.0, 1.0, 1.0, 1.0, 1.0, 1.0, 1.0, 1.0, 1.0]",0.4517148033347136,0.0276978842501868,"[1.0, 1.0, 1.0, 1.0, 1.0, 1.0, 1.0, 1.0, 1.0, 1.0, 1.0, 1.0, 1.0, 1.0, 1.0, 1.0, 1.0, 1.0, 1.0, 1.0, 1.0, 1.0, 1.0, 1.0, 1.0, 1.0, 1.0, 1.0, 1.0, 1.0]",0.0,"[1.0, 1.0, 1.0, 1.0, 1.0, 1.0, 1.0, 1.0, 1.0, 1.0, 1.0, 1.0, 1.0, 1.0, 1.0, 1.0, 1.0, 1.0, 1.0, 1.0, 1.0, 1.0, 1.0, 1.0, 1.0, 1.0, 1.0, 1.0, 1.0, 1.0]",0.0,1.887738839764801e-17
california,ridge,5000,7,8,abc_shap,A2,0.4992,2496.0,2504.0,1.0,0.0,0.9999999999999998,1.0,1.0,2.8154823319089956e-17,2.3777253416574826,"[0.9999999999999998, 0.9999999999999998, 0.9999999999999998, 0.9999999999999998, 0.9999999999999998, 0.9999999999999998, 0.9999999999999998, 0.9999999999999998, 0.9999999999999998, 0.9999999999999998, 0.9999999999999998, 0.9999999999999998, 0.9999999999999998, 0.9999999999999998, 0.9999999999999998, 0.9999999999999998, 0.9999999999999998, 0.9999999999999998, 0.9999999999999998, 0.9999999999999998, 0.9999999999999998, 0.9999999999999998, 0.9999999999999998, 0.9999999999999998, 0.9999999999999998, 0.9999999999999998, 0.9999999999999998, 0.9999999999999998, 0.9999999999999998, 0.9999999999999998]",0.0,2.283456687356053e-17,3.3592020536857774e-17,3.519352914886245e-18,1.826340572849204e-18,"[2.966912780130128e-17, 2.2453141245800972e-17, 1.5984327646269868e-17, 4.1145617245517725e-17, 3.6564509113999895e-17, 2.5997511611674395e-17, 9.429323099579928e-18, 2.5925684670046906e-17, 1.9318571569151968e-17, 2.3696690385573834e-17, 3.6867911198367934e-17, 1.813726928392711e-17, 3.9071087579901787e-17, 3.553520814528471e-17, 3.594024280811859e-17, 3.729187200160902e-17, 1.6779512380948166e-17, 3.023660046029954e-17, 2.5923955981587923e-17, 3.470452602223022e-18, 4.7531030209416524e-17, 6.66552477755e-18, 1.9383361322221367e-17, 1.880236099030559e-17, 6.713551171341873e-17, 4.2074267301147346e-17, 4.916636240967235e-18, 5.938759512579566e-17, 2.83061218948804e-17, 2.100367316581145e-17]",1.4610724582793633e-17,2496.0,1.0,1.0,"[1.0, 1.0, 1.0, 1.0, 1.0, 1.0, 1.0, 1.0, 1.0, 1.0, 1.0, 1.0, 1.0, 1.0, 1.0, 1.0, 1.0, 1.0, 1.0, 1.0, 1.0, 1.0, 1.0, 1.0, 1.0, 1.0, 1.0, 1.0, 1.0, 1.0]",0.5976535166701069,0.0259532162469304,"[1.0, 1.0, 1.0, 1.0, 1.0, 1.0, 1.0, 1.0, 1.0, 1.0, 1.0, 1.0, 1.0, 1.0, 1.0, 1.0, 1.0, 1.0, 1.0, 1.0, 1.0, 1.0, 1.0, 1.0, 1.0, 1.0, 1.0, 1.0, 1.0, 1.0]",0.0,"[1.0, 1.0, 1.0, 1.0, 1.0, 1.0, 1.0, 1.0, 1.0, 1.0, 1.0, 1.0, 1.0, 1.0, 1.0, 1.0, 1.0, 1.0, 1.0, 1.0, 1.0, 1.0, 1.0, 1.0, 1.0, 1.0, 1.0, 1.0, 1.0, 1.0]",0.0,2.8779563107323656e-18
california,ridge,5000,7,8,b1_uniform,A2,0.0,0.0,5000.0,1.0,0.0,0.9999999999999998,1.0,1.0,7.951257466011461e-17,6.7149795829689465,"[0.9999999999999998, 0.9999999999999998, 0.9999999999999998, 0.9999999999999998, 0.9999999999999998, 0.9999999999999998, 0.9999999999999998, 0.9999999999999998, 0.9999999999999998, 0.9999999999999998, 0.9999999999999998, 0.9999999999999998, 0.9999999999999998, 0.9999999999999998, 0.9999999999999998, 0.9999999999999998, 0.9999999999999998, 0.9999999999999998, 0.9999999999999998, 0.9999999999999998, 0.9999999999999998, 0.9999999999999998, 0.9999999999999998, 0.9999999999999998, 0.9999999999999998, 0.9999999999999998, 0.9999999999999998, 0.9999999999999998, 0.9999999999999998, 0.9999999999999998]",0.0,6.921753834747647e-17,9.099117242615934e-17,9.939071832514326e-18,3.885943377004589e-18,"[3.1166472508552654e-17, 6.075150081522895e-17, 5.677097953515105e-17, 4.5837467946437904e-17, 6.019943533466142e-17, 4.9195725393666893e-17, 9.97376020652677e-17, 8.807690767792598e-17, 1.3456854057540109e-16, 1.4143537326252772e-16, 8.14034890876568e-17, 6.537488075660653e-17, 1.0252479414511446e-16, 4.048955760241518e-17, 1.6554188833134654e-16, 1.0461726239832807e-16, 8.120661623350855e-17, 7.449578625635321e-17, 9.061258057100979e-17, 6.062643655461918e-17, 1.0683192777557309e-16, 6.190717112716757e-17, 9.923202350679794e-17, 6.630015510559665e-17, 4.910022237849905e-17, 7.780374220122447e-17, 4.60972474667509e-17, 9.229297420455733e-17, 4.95204961759422e-17, 1.016579828095497e-16]",3.108754701603672e-17,5000.0,1.0,1.0,"[1.0, 1.0, 1.0, 1.0, 1.0, 1.0, 1.0, 1.0, 1.0, 1.0, 1.0, 1.0, 1.0, 1.0, 1.0, 1.0, 1.0, 1.0, 1.0, 1.0, 1.0, 1.0, 1.0, 1.0, 1.0, 1.0, 1.0, 1.0, 1.0, 1.0]",0.4561637133359909,0.0109302821162811,"[1.0, 1.0, 1.0, 1.0, 1.0, 1.0, 1.0, 1.0, 1.0, 1.0, 1.0, 1.0, 1.0, 1.0, 1.0, 1.0, 1.0, 1.0, 1.0, 1.0, 1.0, 1.0, 1.0, 1.0, 1.0, 1.0, 1.0, 1.0, 1.0, 1.0]",0.0,"[1.0, 1.0, 1.0, 1.0, 1.0, 1.0, 1.0, 1.0, 1.0, 1.0, 1.0, 1.0, 1.0, 1.0, 1.0, 1.0, 1.0, 1.0, 1.0, 1.0, 1.0, 1.0, 1.0, 1.0, 1.0, 1.0, 1.0, 1.0, 1.0, 1.0]",0.0,6.242352212151554e-18
california,ridge,5000,7,8,b2_stratified,A2,0.0,0.0,5000.0,1.0,0.0,0.9999999999999998,1.0,1.0,1.184107467158658e-17,1.0,"[0.9999999999999998, 0.9999999999999998, 0.9999999999999998, 0.9999999999999998, 0.9999999999999998, 0.9999999999999998, 0.9999999999999998, 0.9999999999999998, 0.9999999999999998, 0.9999999999999998, 0.9999999999999998, 0.9999999999999998, 0.9999999999999998, 0.9999999999999998, 0.9999999999999998, 0.9999999999999998, 0.9999999999999998, 0.9999999999999998, 0.9999999999999998, 0.9999999999999998, 0.9999999999999998, 0.9999999999999998, 0.9999999999999998, 0.9999999999999998, 0.9999999999999998, 0.9999999999999998, 0.9999999999999998, 0.9999999999999998, 0.9999999999999998, 0.9999999999999998]",0.0,9.651008820839137e-18,1.432832596053534e-17,1.4801343339483224e-18,8.355740581916049e-19,"[9.235009154548674e-18, 1.5679494610110232e-17, 2.361937622882885e-17, 1.920272487643721e-18, 1.4976856114682736e-17, 6.7939512356787885e-18, 8.868040708447071e-18, 1.6202263449968954e-17, 3.063449968575981e-17, 4.3057601421291734e-18, 6.532574898747906e-18, 4.731551852045322e-18, 8.100625492711084e-18, 8.054605109402568e-18, 1.0741626259735708e-17, 1.5861566738858442e-17, 8.031665741821211e-18, 1.53408322610168e-17, 1.8205376154368375e-17, 2.7020418144808175e-18, 1.6278174044034407e-17, 1.4717205669814654e-17, 6.964514281496405e-18, 2.3104620380737906e-17, 1.851288388733252e-17, 8.008585544273497e-18, 8.54699529819713e-18, 1.296120087299701e-17, 2.754728123727031e-18, 1.2845341904000643e-17]",6.68459246553284e-18,5000.0,1.0,1.0,"[1.0, 1.0, 1.0, 1.0, 1.0, 1.0, 1.0, 1.0, 1.0, 1.0, 1.0, 1.0, 1.0, 1.0, 1.0, 1.0, 1.0, 1.0, 1.0, 1.0, 1.0, 1.0, 1.0, 1.0, 1.0, 1.0, 1.0, 1.0, 1.0, 1.0]",0.4617364399979123,0.0080400509106956,"[1.0, 1.0, 1.0, 1.0, 1.0, 1.0, 1.0, 1.0, 1.0, 1.0, 1.0, 1.0, 1.0, 1.0, 1.0, 1.0, 1.0, 1.0, 1.0, 1.0, 1.0, 1.0, 1.0, 1.0, 1.0, 1.0, 1.0, 1.0, 1.0, 1.0]",0.0,"[1.0, 1.0, 1.0, 1.0, 1.0, 1.0, 1.0, 1.0, 1.0, 1.0, 1.0, 1.0, 1.0, 1.0, 1.0, 1.0, 1.0, 1.0, 1.0, 1.0, 1.0, 1.0, 1.0, 1.0, 1.0, 1.0, 1.0, 1.0, 1.0, 1.0]",0.0,1.3580800230015672e-18
california,ridge,5000,7,8,b3_is,A2,0.0,0.0,5000.0,1.0,0.0,0.9999999999999998,1.0,1.0,1.8318597924422002e-17,1.5470384599785234,"[0.9999999999999998, 0.9999999999999998, 0.9999999999999998, 0.9999999999999998, 0.9999999999999998, 0.9999999999999998, 0.9999999999999998, 0.9999999999999998, 0.9999999999999998, 0.9999999999999998, 0.9999999999999998, 0.9999999999999998, 0.9999999999999998, 0.9999999999999998, 0.9999999999999998, 0.9999999999999998, 0.9999999999999998, 0.9999999999999998, 0.9999999999999998, 0.9999999999999998, 0.9999999999999998, 0.9999999999999998, 0.9999999999999998, 0.9999999999999998, 0.9999999999999998, 0.9999999999999998, 0.9999999999999998, 0.9999999999999998, 0.9999999999999998, 0.9999999999999998]",0.0,1.6021962129561572e-17,2.037211188288852e-17,2.2898247405527507e-18,7.519711234822139e-19,"[2.4940593346546426e-17, 1.3040984169713884e-17, 2.285673142521357e-17, 1.038896170703981e-17, 9.474139053887613e-18, 2.828814279204438e-17, 1.4216036166489297e-17, 2.5356339363208413e-17, 1.3600264353331842e-17, 2.4394443039874816e-17, 2.860002223667101e-17, 1.2591325243480176e-17, 1.1638862163693288e-17, 2.2937189843634753e-17, 1.148479903024918e-17, 2.1716276335101215e-17, 2.54946457121164e-17, 2.3343814916609545e-17, 1.65437106347078e-17, 1.5579479031871727e-17, 1.4388119641565515e-17, 2.2596187968360838e-17, 2.539456021963109e-17, 2.3535280581290085e-17, 1.7452228485186763e-17, 9.80812502294052e-18, 1.5499591950633462e-17, 1.9636426908569257e-17, 9.847842861105783e-18, 1.491281352789156e-17]",6.015768987857709e-18,5000.0,1.0,1.0,"[1.0, 1.0, 1.0, 1.0, 1.0, 1.0, 1.0, 1.0, 1.0, 1.0, 1.0, 1.0, 1.0, 1.0, 1.0, 1.0, 1.0, 1.0, 1.0, 1.0, 1.0, 1.0, 1.0, 1.0, 1.0, 1.0, 1.0, 1.0, 1.0, 1.0]",0.5705097266676603,0.0178600808991057,"[1.0, 1.0, 1.0, 1.0, 1.0, 1.0, 1.0, 1.0, 1.0, 1.0, 1.0, 1.0, 1.0, 1.0, 1.0, 1.0, 1.0, 1.0, 1.0, 1.0, 1.0, 1.0, 1.0, 1.0, 1.0, 1.0, 1.0, 1.0, 1.0, 1.0]",0.0,"[1.0, 1.0, 1.0, 1.0, 1.0, 1.0, 1.0, 1.0, 1.0, 1.0, 1.0, 1.0, 1.0, 1.0, 1.0, 1.0, 1.0, 1.0, 1.0, 1.0, 1.0, 1.0, 1.0, 1.0, 1.0, 1.0, 1.0, 1.0, 1.0, 1.0]",0.0,7.907395491667232e-19
california,ridge,5000,7,8,b4_antithetic,A2,0.0,0.0,5000.0,1.0,0.0,0.9999999999999998,1.0,1.0,8.02802768763052e-17,6.7798134124551135,"[0.9999999999999998, 0.9999999999999998, 0.9999999999999998, 0.9999999999999998, 0.9999999999999998, 0.9999999999999998, 0.9999999999999998, 0.9999999999999998, 0.9999999999999998, 0.9999999999999998, 0.9999999999999998, 0.9999999999999998, 0.9999999999999998, 0.9999999999999998, 0.9999999999999998, 0.9999999999999998, 0.9999999999999998, 0.9999999999999998, 0.9999999999999998, 0.9999999999999998, 0.9999999999999998, 0.9999999999999998, 0.9999999999999998, 0.9999999999999998, 0.9999999999999998, 0.9999999999999998, 0.9999999999999998, 0.9999999999999998, 0.9999999999999998, 0.9999999999999998]",0.0,6.65432373046987e-17,9.747331619518551e-17,1.0035034609538153e-17,5.53320147225753e-18,"[2.907849723550879e-17, 5.0588972109245707e-17, 1.6372413637896616e-16, 1.1581626010382155e-16, 1.3626295455315956e-16, 7.328789053407808e-17, 4.9319896980814227e-17, 1.1054192344671108e-16, 1.186695262232737e-16, 2.271014246046074e-17, 3.784282676725851e-17, 6.586403521083264e-17, 3.8687351603519154e-17, 4.527393971179886e-17, 9.053273805436474e-17, 7.520535276829555e-17, 3.367792468454771e-17, 6.536861463093538e-17, 6.883054712039914e-17, 5.820288952867235e-17, 7.72553554462688e-17, 8.444670666359622e-17, 6.487409432778797e-17, 1.2597022474840979e-16, 1.2337774239328027e-16, 6.650145506931201e-17, 4.370226024264839e-17, 2.247320967432828e-16, 1.0881871093782937e-16, 3.924323961007766e-17]",4.426561177806024e-17,5000.0,1.0,1.0,"[1.0, 1.0, 1.0, 1.0, 1.0, 1.0, 1.0, 1.0, 1.0, 1.0, 1.0, 1.0, 1.0, 1.0, 1.0, 1.0, 1.0, 1.0, 1.0, 1.0, 1.0, 1.0, 1.0, 1.0, 1.0, 1.0, 1.0, 1.0, 1.0, 1.0]",0.4326488000030319,0.0086305523148607,"[1.0, 1.0, 1.0, 1.0, 1.0, 1.0, 1.0, 1.0, 1.0, 1.0, 1.0, 1.0, 1.0, 1.0, 1.0, 1.0, 1.0, 1.0, 1.0, 1.0, 1.0, 1.0, 1.0, 1.0, 1.0, 1.0, 1.0, 1.0, 1.0, 1.0]",0.0,"[1.0, 1.0, 1.0, 1.0, 1.0, 1.0, 1.0, 1.0, 1.0, 1.0, 1.0, 1.0, 1.0, 1.0, 1.0, 1.0, 1.0, 1.0, 1.0, 1.0, 1.0, 1.0, 1.0, 1.0, 1.0, 1.0, 1.0, 1.0, 1.0, 1.0]",0.0,6.964632622679409e-18
california,ridge,5000,8,8,abc_shap,A2,0.4992,2496.0,2504.0,1.0,0.0,0.9999999999999998,1.0,1.0,5.485331926997017e-15,2.5134305417102207,"[0.9999999999999998, 0.9999999999999998, 0.9999999999999998, 0.9999999999999998, 0.9999999999999998, 0.9999999999999998, 0.9999999999999998, 0.9999999999999998, 0.9999999999999998, 0.9999999999999998, 0.9999999999999998, 0.9999999999999998, 0.9999999999999998, 0.9999999999999998, 0.9999999999999998, 0.9999999999999998, 0.9999999999999998, 0.9999999999999998, 0.9999999999999998, 0.9999999999999998, 0.9999999999999998, 0.9999999999999998, 0.9999999999999998, 0.9999999999999998, 0.9999999999999998, 0.9999999999999998, 0.9999999999999998, 0.9999999999999998, 0.9999999999999998, 0.9999999999999998]",0.0,4.5202023598828336e-15,6.576459413506979e-15,6.856664908746271e-16,3.415662717038888e-16,"[4.654290750375695e-15, 1.1134181712834189e-15, 7.628764124764666e-15, 2.6522185443057407e-15, 1.3609072206826617e-15, 3.200367833362568e-15, 4.956769491104361e-15, 6.068358525897103e-15, 3.5612293194114654e-15, 4.884844809183689e-15, 3.0455888792804725e-15, 5.5455262650263415e-15, 1.0991307495054939e-14, 4.40397907602981e-15, 4.104332257699446e-15, 8.600631569967564e-15, 1.1066373265168543e-14, 7.295864804851536e-15, 6.308142644646513e-15, 2.1222599080242824e-15, 2.954276199143954e-15, 9.24948399623498e-15, 9.408129332050179e-15, 6.5820888053518665e-15, 6.179010385501497e-15, 6.196680073765749e-15, 2.4316009838243402e-15, 8.32630921215035e-15, 7.363076146700284e-15, 2.3041277190664753e-15]",2.7325301736311104e-15,2496.0,1.0,1.0,"[1.0, 1.0, 1.0, 1.0, 1.0, 1.0, 1.0, 1.0, 1.0, 1.0, 1.0, 1.0, 1.0, 1.0, 1.0, 1.0, 1.0, 1.0, 1.0, 1.0, 1.0, 1.0, 1.0, 1.0, 1.0, 1.0, 1.0, 1.0, 1.0, 1.0]",0.5988678900020508,0.0199612393133577,"[1.0, 1.0, 1.0, 1.0, 1.0, 1.0, 1.0, 1.0, 1.0, 1.0, 1.0, 1.0, 1.0, 1.0, 1.0, 1.0, 1.0, 1.0, 1.0, 1.0, 1.0, 1.0, 1.0, 1.0, 1.0, 1.0, 1.0, 1.0, 1.0, 1.0]",0.0,"[1.0, 1.0, 1.0, 1.0, 1.0, 1.0, 1.0, 1.0, 1.0, 1.0, 1.0, 1.0, 1.0, 1.0, 1.0, 1.0, 1.0, 1.0, 1.0, 1.0, 1.0, 1.0, 1.0, 1.0, 1.0, 1.0, 1.0, 1.0, 1.0, 1.0]",0.0,4.133022784854396e-16
california,ridge,5000,8,8,b1_uniform,A2,0.0,0.0,5000.0,1.0,0.0,0.9999999999999998,1.0,1.0,1.3549540265238824e-14,6.2085264450765445,"[0.9999999999999998, 0.9999999999999998, 0.9999999999999998, 0.9999999999999998, 0.9999999999999998, 0.9999999999999998, 0.9999999999999998, 0.9999999999999998, 0.9999999999999998, 0.9999999999999998, 0.9999999999999998, 0.9999999999999998, 0.9999999999999998, 0.9999999999999998, 0.9999999999999998, 0.9999999999999998, 0.9999999999999998, 0.9999999999999998, 0.9999999999999998, 0.9999999999999998, 0.9999999999999998, 0.9999999999999998, 0.9999999999999998, 0.9999999999999998, 0.9999999999999998, 0.9999999999999998, 0.9999999999999998, 0.9999999999999998, 0.9999999999999998, 0.9999999999999998]",0.0,1.0911698263740324e-14,1.6783144661964258e-14,1.693692533154853e-15,1.0127021956595369e-15,"[1.3879635575056588e-14, 2.7251880023568365e-14, 1.113800355545556e-14, 5.560482757760084e-15, 4.691315745006871e-15, 1.0227168765102625e-14, 2.4448743320379175e-14, 1.631123688102789e-14, 8.695528438527923e-15, 1.677417595061141e-14, 1.1486259176941875e-14, 1.0278821019020183e-14, 1.5722880130203954e-14, 7.586728520058905e-15, 1.160418254433123e-14, 6.52216362205376e-15, 1.436164875986293e-14, 3.1565107032889745e-15, 1.3114901337617288e-14, 8.189449037380115e-15, 1.0711932411046181e-14, 1.2745374995527413e-14, 4.524859765074708e-14, 1.0082414386858895e-14, 6.894517946702557e-15, 1.5962286603154472e-14, 9.111936776487103e-15, 2.3975681240091155e-14, 1.3799025055424727e-14, 1.695272502786939e-14]",8.101617565276295e-15,5000.0,1.0,1.0,"[1.0, 1.0, 1.0, 1.0, 1.0, 1.0, 1.0, 1.0, 1.0, 1.0, 1.0, 1.0, 1.0, 1.0, 1.0, 1.0, 1.0, 1.0, 1.0, 1.0, 1.0, 1.0, 1.0, 1.0, 1.0, 1.0, 1.0, 1.0, 1.0, 1.0]",0.4550474766661257,0.0071794226380107,"[1.0, 1.0, 1.0, 1.0, 1.0, 1.0, 1.0, 1.0, 1.0, 1.0, 1.0, 1.0, 1.0, 1.0, 1.0, 1.0, 1.0, 1.0, 1.0, 1.0, 1.0, 1.0, 1.0, 1.0, 1.0, 1.0, 1.0, 1.0, 1.0, 1.0]",0.0,"[1.0, 1.0, 1.0, 1.0, 1.0, 1.0, 1.0, 1.0, 1.0, 1.0, 1.0, 1.0, 1.0, 1.0, 1.0, 1.0, 1.0, 1.0, 1.0, 1.0, 1.0, 1.0, 1.0, 1.0, 1.0, 1.0, 1.0, 1.0, 1.0, 1.0]",0.0,9.749079712277932e-16
california,ridge,5000,8,8,b2_stratified,A2,0.0,0.0,5000.0,1.0,0.0,0.9999999999999998,1.0,1.0,2.182408399980935e-15,1.0,"[0.9999999999999998, 0.9999999999999998, 0.9999999999999998, 0.9999999999999998, 0.9999999999999998, 0.9999999999999998, 0.9999999999999998, 0.9999999999999998, 0.9999999999999998, 0.9999999999999998, 0.9999999999999998, 0.9999999999999998, 0.9999999999999998, 0.9999999999999998, 0.9999999999999998, 0.9999999999999998, 0.9999999999999998, 0.9999999999999998, 0.9999999999999998, 0.9999999999999998, 0.9999999999999998, 0.9999999999999998, 0.9999999999999998, 0.9999999999999998, 0.9999999999999998, 0.9999999999999998, 0.9999999999999998, 0.9999999999999998, 0.9999999999999998, 0.9999999999999998]",0.0,1.827545683108713e-15,2.5744252579368025e-15,2.7280104999761687e-16,1.3296261625048734e-16,"[2.356873366784349e-15, 1.4867267104734597e-15, 3.813530389887631e-15, 1.437214356151889e-15, 7.434836452641479e-16, 1.761495310307191e-15, 1.2138169261617746e-15, 1.1634714157974136e-15, 3.083401317180592e-15, 1.7085126999988845e-15, 1.3066184380867774e-15, 6.201998413278824e-16, 3.751701519770187e-15, 2.8464736089462384e-15, 2.0041348502176917e-15, 8.367034536522025e-16, 2.0419699996242245e-15, 2.0531267321924173e-15, 3.4685490102579545e-15, 1.7629258303172645e-15, 1.224314500850685e-15, 2.5534431032932763e-15, 3.5195684825370926e-15, 4.869025110282829e-15, 4.190307798699378e-15, 1.7790722447564774e-15, 1.5646272822666161e-15, 2.2738972439001577e-15, 2.483853161076723e-15, 1.5532136493646508e-15]",1.0637009300038989e-15,5000.0,1.0,1.0,"[1.0, 1.0, 1.0, 1.0, 1.0, 1.0, 1.0, 1.0, 1.0, 1.0, 1.0, 1.0, 1.0, 1.0, 1.0, 1.0, 1.0, 1.0, 1.0, 1.0, 1.0, 1.0, 1.0, 1.0, 1.0, 1.0, 1.0, 1.0, 1.0, 1.0]",0.4627087433327688,0.0092188652556856,"[1.0, 1.0, 1.0, 1.0, 1.0, 1.0, 1.0, 1.0, 1.0, 1.0, 1.0, 1.0, 1.0, 1.0, 1.0, 1.0, 1.0, 1.0, 1.0, 1.0, 1.0, 1.0, 1.0, 1.0, 1.0, 1.0, 1.0, 1.0, 1.0, 1.0]",0.0,"[1.0, 1.0, 1.0, 1.0, 1.0, 1.0, 1.0, 1.0, 1.0, 1.0, 1.0, 1.0, 1.0, 1.0, 1.0, 1.0, 1.0, 1.0, 1.0, 1.0, 1.0, 1.0, 1.0, 1.0, 1.0, 1.0, 1.0, 1.0, 1.0, 1.0]",0.0,2.476860017983511e-16
california,ridge,5000,8,8,b3_is,A2,0.0,0.0,5000.0,1.0,0.0,0.9999999999999998,1.0,1.0,4.4300543868820015e-15,2.0298924742594933,"[0.9999999999999998, 0.9999999999999998, 0.9999999999999998, 0.9999999999999998, 0.9999999999999998, 0.9999999999999998, 0.9999999999999998, 0.9999999999999998, 0.9999999999999998, 0.9999999999999998, 0.9999999999999998, 0.9999999999999998, 0.9999999999999998, 0.9999999999999998, 0.9999999999999998, 0.9999999999999998, 0.9999999999999998, 0.9999999999999998, 0.9999999999999998, 0.9999999999999998, 0.9999999999999998, 0.9999999999999998, 0.9999999999999998, 0.9999999999999998, 0.9999999999999998, 0.9999999999999998, 0.9999999999999998, 0.9999999999999998, 0.9999999999999998, 0.9999999999999998]",0.0,3.835520552072909e-15,4.975713358351601e-15,5.537567983602502e-16,2.0733534866198635e-16,"[7.499762296960277e-15, 3.2221286027649078e-15, 2.574320162864076e-15, 1.768940523390614e-15, 5.166688309052304e-15, 4.864115765202664e-15, 3.5218135876332237e-15, 6.887245888248988e-15, 5.138303270790434e-15, 5.860340944073113e-15, 8.935687202883985e-15, 3.65102270833943e-15, 6.001567787126131e-15, 3.481719735575659e-15, 4.430467690173343e-15, 3.663278006252333e-15, 5.162775059375081e-15, 3.014087872987421e-15, 4.1578280753811156e-15, 3.0096146263677428e-15, 5.5991528058004285e-15, 4.153050241962924e-15, 5.333908106825579e-15, 2.0517154785849565e-15, 2.4377226074728127e-15, 1.8074773783939893e-15, 3.674957652863876e-15, 5.311866715088883e-15, 5.274181364332488e-15, 5.245891139691258e-15]",1.6586827892958906e-15,5000.0,1.0,1.0,"[1.0, 1.0, 1.0, 1.0, 1.0, 1.0, 1.0, 1.0, 1.0, 1.0, 1.0, 1.0, 1.0, 1.0, 1.0, 1.0, 1.0, 1.0, 1.0, 1.0, 1.0, 1.0, 1.0, 1.0, 1.0, 1.0, 1.0, 1.0, 1.0, 1.0]",0.5689726899989183,0.008462117611014,"[1.0, 1.0, 1.0, 1.0, 1.0, 1.0, 1.0, 1.0, 1.0, 1.0, 1.0, 1.0, 1.0, 1.0, 1.0, 1.0, 1.0, 1.0, 1.0, 1.0, 1.0, 1.0, 1.0, 1.0, 1.0, 1.0, 1.0, 1.0, 1.0, 1.0]",0.0,"[1.0, 1.0, 1.0, 1.0, 1.0, 1.0, 1.0, 1.0, 1.0, 1.0, 1.0, 1.0, 1.0, 1.0, 1.0, 1.0, 1.0, 1.0, 1.0, 1.0, 1.0, 1.0, 1.0, 1.0, 1.0, 1.0, 1.0, 1.0, 1.0, 1.0]",0.0,1.4151257816814062e-16
california,ridge,5000,8,8,b4_antithetic,A2,0.0,0.0,5000.0,1.0,0.0,0.9999999999999998,1.0,1.0,1.2450585821769644e-14,5.704975210816825,"[0.9999999999999998, 0.9999999999999998, 0.9999999999999998, 0.9999999999999998, 0.9999999999999998, 0.9999999999999998, 0.9999999999999998, 0.9999999999999998, 0.9999999999999998, 0.9999999999999998, 0.9999999999999998, 0.9999999999999998, 0.9999999999999998, 0.9999999999999998, 0.9999999999999998, 0.9999999999999998, 0.9999999999999998, 0.9999999999999998, 0.9999999999999998, 0.9999999999999998, 0.9999999999999998, 0.9999999999999998, 0.9999999999999998, 0.9999999999999998, 0.9999999999999998, 0.9999999999999998, 0.9999999999999998, 0.9999999999999998, 0.9999999999999998, 0.9999999999999998]",0.0,1.0761259211380401e-14,1.4467489106752774e-14,1.5563232277212057e-15,6.613276674746854e-16,"[9.898555142082347e-15, 6.578089999387116e-15, 1.5552731679119235e-14, 2.836185635433105e-15, 1.2219085525812939e-14, 1.5314299101331596e-14, 3.806168352113427e-15, 8.390739468774522e-15, 1.2072599725505356e-14, 1.08085305058323e-14, 7.294472292687489e-15, 8.990022086247444e-15, 1.4715954867309947e-14, 1.2200520418038932e-14, 4.292371050966612e-15, 1.124543774751946e-14, 1.7919300631955882e-14, 1.90566259905083e-14, 1.839779590417069e-14, 1.0784701071819888e-14, 1.0374429851691982e-14, 1.8751962444290743e-14, 1.8878137558325105e-14, 2.782091948638431e-14, 1.3788214607722489e-14, 1.2009371851601524e-14, 1.7704719494115832e-14, 8.137634774128023e-15, 1.227831369093889e-14, 1.1399683697273836e-14]",5.2906213397974826e-15,5000.0,1.0,1.0,"[1.0, 1.0, 1.0, 1.0, 1.0, 1.0, 1.0, 1.0, 1.0, 1.0, 1.0, 1.0, 1.0, 1.0, 1.0, 1.0, 1.0, 1.0, 1.0, 1.0, 1.0, 1.0, 1.0, 1.0, 1.0, 1.0, 1.0, 1.0, 1.0, 1.0]",0.4348233633354539,0.0080961881030966,"[1.0, 1.0, 1.0, 1.0, 1.0, 1.0, 1.0, 1.0, 1.0, 1.0, 1.0, 1.0, 1.0, 1.0, 1.0, 1.0, 1.0, 1.0, 1.0, 1.0, 1.0, 1.0, 1.0, 1.0, 1.0, 1.0, 1.0, 1.0, 1.0, 1.0]",0.0,"[1.0, 1.0, 1.0, 1.0, 1.0, 1.0, 1.0, 1.0, 1.0, 1.0, 1.0, 1.0, 1.0, 1.0, 1.0, 1.0, 1.0, 1.0, 1.0, 1.0, 1.0, 1.0, 1.0, 1.0, 1.0, 1.0, 1.0, 1.0, 1.0, 1.0]",0.0,9.139805567045849e-16
california,ridge,5000,9,8,abc_shap,A2,0.4992,2496.0,2504.0,1.0,0.0,0.9999999999999998,1.0,1.0,4.04744865442573e-16,2.6472162337132192,"[0.9999999999999998, 0.9999999999999998, 0.9999999999999998, 0.9999999999999998, 0.9999999999999998, 0.9999999999999998, 0.9999999999999998, 0.9999999999999998, 0.9999999999999998, 0.9999999999999998, 0.9999999999999998, 0.9999999999999998, 0.9999999999999998, 0.9999999999999998, 0.9999999999999998, 0.9999999999999998, 0.9999999999999998, 0.9999999999999998, 0.9999999999999998, 0.9999999999999998, 0.9999999999999998, 0.9999999999999998, 0.9999999999999998, 0.9999999999999998, 0.9999999999999998, 0.9999999999999998, 0.9999999999999998, 0.9999999999999998, 0.9999999999999998, 0.9999999999999998]",0.0,3.16048799055987e-16,5.153987486836492e-16,5.0593108180321627e-17,3.560386974902957e-17,"[1.4162792381635094e-16, 3.4150774698036235e-16, 3.3424430075986026e-16, 4.2056015534090466e-16, 1.3228451607029155e-16, 1.0382356218788418e-16, 3.5785555784756316e-16, 7.889341359171342e-16, 2.9792166655460445e-16, 3.409727186517293e-16, 1.726674136942229e-16, 6.499162315944543e-16, 1.6071185150112173e-16, 1.4603167047512872e-15, 3.8185741283366645e-16, 5.076635388595803e-16, 8.332297680571836e-16, 3.989981564684257e-16, 2.906452787265871e-16, 5.379213767286657e-16, 4.0871188503836067e-16, 1.06768214351723e-16, 2.6887110303700697e-16, 2.850800609671055e-16, 6.38127663302029e-16, 4.845465802968507e-16, 7.756364651728181e-16, 1.551793943437721e-16, 3.0813276822865547e-16, 5.763181119698979e-17]",2.848309579922365e-16,2496.0,1.0,1.0,"[1.0, 1.0, 1.0, 1.0, 1.0, 1.0, 1.0, 1.0, 1.0, 1.0, 1.0, 1.0, 1.0, 1.0, 1.0, 1.0, 1.0, 1.0, 1.0, 1.0, 1.0, 1.0, 1.0, 1.0, 1.0, 1.0, 1.0, 1.0, 1.0, 1.0]",0.5927730833316066,0.0169235057354902,"[1.0, 1.0, 1.0, 1.0, 1.0, 1.0, 1.0, 1.0, 1.0, 1.0, 1.0, 1.0, 1.0, 1.0, 1.0, 1.0, 1.0, 1.0, 1.0, 1.0, 1.0, 1.0, 1.0, 1.0, 1.0, 1.0, 1.0, 1.0, 1.0, 1.0]",0.0,"[1.0, 1.0, 1.0, 1.0, 1.0, 1.0, 1.0, 1.0, 1.0, 1.0, 1.0, 1.0, 1.0, 1.0, 1.0, 1.0, 1.0, 1.0, 1.0, 1.0, 1.0, 1.0, 1.0, 1.0, 1.0, 1.0, 1.0, 1.0, 1.0, 1.0]",0.0,3.6151630677215026e-17
california,ridge,5000,9,8,b1_uniform,A2,0.0,0.0,5000.0,1.0,0.0,0.9999999999999998,1.0,1.0,8.628519089020407e-16,5.643445477778415,"[0.9999999999999998, 0.9999999999999998, 0.9999999999999998, 0.9999999999999998, 0.9999999999999998, 0.9999999999999998, 0.9999999999999998, 0.9999999999999998, 0.9999999999999998, 0.9999999999999998, 0.9999999999999998, 0.9999999999999998, 0.9999999999999998, 0.9999999999999998, 0.9999999999999998, 0.9999999999999998, 0.9999999999999998, 0.9999999999999998, 0.9999999999999998, 0.9999999999999998, 0.9999999999999998, 0.9999999999999998, 0.9999999999999998, 0.9999999999999998, 0.9999999999999998, 0.9999999999999998, 0.9999999999999998, 0.9999999999999998, 0.9999999999999998, 0.9999999999999998]",0.0,7.00095238443057e-16,1.0110127982370394e-15,1.0785648861275507e-16,5.330885742774949e-17,"[7.90417915438606e-16, 4.766684128682843e-16, 7.204637670983559e-16, 1.2657692225409346e-15, 1.15849290544556e-15, 3.268479578621984e-16, 6.764146527800171e-16, 2.4174439292823976e-16, 1.5596417813092165e-15, 1.790087432529691e-15, 1.2459223055997188e-15, 7.817621477333244e-16, 7.745310642207757e-16, 1.3044846833200554e-15, 4.6089420149814e-16, 6.812150354608786e-16, 3.066069716623886e-16, 1.2015348625999478e-15, 1.1578226589705094e-15, 5.12239148230212e-16, 1.1715418595958312e-15, 6.877771970624588e-16, 5.515545409919765e-16, 3.2008267931571077e-16, 1.117357085893619e-15, 3.419604073955053e-16, 1.4661191465626648e-15, 1.2654080195938673e-15, 1.2097258184021305e-15, 3.204689921503955e-16]",4.264708594219959e-16,5000.0,1.0,1.0,"[1.0, 1.0, 1.0, 1.0, 1.0, 1.0, 1.0, 1.0, 1.0, 1.0, 1.0, 1.0, 1.0, 1.0, 1.0, 1.0, 1.0, 1.0, 1.0, 1.0, 1.0, 1.0, 1.0, 1.0, 1.0, 1.0, 1.0, 1.0, 1.0, 1.0]",0.4561133866664022,0.0088759494165773,"[1.0, 1.0, 1.0, 1.0, 1.0, 1.0, 1.0, 1.0, 1.0, 1.0, 1.0, 1.0, 1.0, 1.0, 1.0, 1.0, 1.0, 1.0, 1.0, 1.0, 1.0, 1.0, 1.0, 1.0, 1.0, 1.0, 1.0, 1.0, 1.0, 1.0]",0.0,"[1.0, 1.0, 1.0, 1.0, 1.0, 1.0, 1.0, 1.0, 1.0, 1.0, 1.0, 1.0, 1.0, 1.0, 1.0, 1.0, 1.0, 1.0, 1.0, 1.0, 1.0, 1.0, 1.0, 1.0, 1.0, 1.0, 1.0, 1.0, 1.0, 1.0]",0.0,7.433047947953532e-17
california,ridge,5000,9,8,b2_stratified,A2,0.0,0.0,5000.0,1.0,0.0,0.9999999999999998,1.0,1.0,1.5289452379749202e-16,1.0,"[0.9999999999999998, 0.9999999999999998, 0.9999999999999998, 0.9999999999999998, 0.9999999999999998, 0.9999999999999998, 0.9999999999999998, 0.9999999999999998, 0.9999999999999998, 0.9999999999999998, 0.9999999999999998, 0.9999999999999998, 0.9999999999999998, 0.9999999999999998, 0.9999999999999998, 0.9999999999999998, 0.9999999999999998, 0.9999999999999998, 0.9999999999999998, 0.9999999999999998, 0.9999999999999998, 0.9999999999999998, 0.9999999999999998, 0.9999999999999998, 0.9999999999999998, 0.9999999999999998, 0.9999999999999998, 0.9999999999999998, 0.9999999999999998, 0.9999999999999998]",0.0,1.2702667570849935e-16,1.8223756847924832e-16,1.9111815474686506e-17,9.759111483634417e-18,"[1.6968490917734188e-16, 4.169648233632726e-16, 1.58971858132011e-16, 1.118978342038495e-16, 7.481384846515391e-17, 1.554745337669272e-16, 2.532431472286871e-16, 4.7083411371469284e-17, 1.2808012077723244e-16, 1.3932650292414357e-16, 1.506275726196441e-16, 4.667389414005533e-17, 1.1023728016198857e-16, 1.4737603712558543e-16, 1.9906804528785587e-16, 2.2468716685644523e-16, 9.634893613886448e-17, 1.727641307773493e-16, 4.055948300319786e-17, 1.4571116871321676e-16, 1.3827409710807031e-16, 3.1785698769067177e-16, 1.9126909860528797e-16, 9.016900538078538e-17, 1.3004962896861057e-16, 1.621141544522227e-16, 7.835393350891564e-17, 1.1205288358143543e-16, 2.276980622744395e-16, 1.494031581200289e-16]",7.807289186907531e-17,5000.0,1.0,1.0,"[1.0, 1.0, 1.0, 1.0, 1.0, 1.0, 1.0, 1.0, 1.0, 1.0, 1.0, 1.0, 1.0, 1.0, 1.0, 1.0, 1.0, 1.0, 1.0, 1.0, 1.0, 1.0, 1.0, 1.0, 1.0, 1.0, 1.0, 1.0, 1.0, 1.0]",0.4667559766647173,0.0130907840641017,"[1.0, 1.0, 1.0, 1.0, 1.0, 1.0, 1.0, 1.0, 1.0, 1.0, 1.0, 1.0, 1.0, 1.0, 1.0, 1.0, 1.0, 1.0, 1.0, 1.0, 1.0, 1.0, 1.0, 1.0, 1.0, 1.0, 1.0, 1.0, 1.0, 1.0]",0.0,"[1.0, 1.0, 1.0, 1.0, 1.0, 1.0, 1.0, 1.0, 1.0, 1.0, 1.0, 1.0, 1.0, 1.0, 1.0, 1.0, 1.0, 1.0, 1.0, 1.0, 1.0, 1.0, 1.0, 1.0, 1.0, 1.0, 1.0, 1.0, 1.0, 1.0]",0.0,1.5078837680764398e-17
california,ridge,5000,9,8,b3_is,A2,0.0,0.0,5000.0,1.0,0.0,0.9999999999999998,1.0,1.0,2.2213118951324773e-16,1.452839408476521,"[0.9999999999999998, 0.9999999999999998, 0.9999999999999998, 0.9999999999999998, 0.9999999999999998, 0.9999999999999998, 0.9999999999999998, 0.9999999999999998, 0.9999999999999998, 0.9999999999999998, 0.9999999999999998, 0.9999999999999998, 0.9999999999999998, 0.9999999999999998, 0.9999999999999998, 0.9999999999999998, 0.9999999999999998, 0.9999999999999998, 0.9999999999999998, 0.9999999999999998, 0.9999999999999998, 0.9999999999999998, 0.9999999999999998, 0.9999999999999998, 0.9999999999999998, 0.9999999999999998, 0.9999999999999998, 0.9999999999999998, 0.9999999999999998, 0.9999999999999998]",0.0,1.869115240412335e-16,2.586917877222462e-16,2.776639868915596e-17,1.2825738397402436e-17,"[1.879189757061347e-16, 1.3158174256569305e-16, 3.2393606967798694e-16, 2.399096090901739e-16, 3.267831100998984e-16, 1.7762820148732485e-16, 1.3531656872859399e-16, 1.9788344578181514e-16, 1.3802257745685264e-16, 1.2937463556738315e-16, 2.886900514758935e-16, 1.6849164608786438e-16, 4.4239722912635603e-16, 2.5204239558060317e-16, 9.095525525844303e-17, 1.237516733987543e-16, 1.9881075272704958e-16, 1.2080273645119322e-16, 1.5372526919069162e-16, 2.722562709808652e-16, 5.672835359828664e-16, 1.7707907583062947e-16, 2.7533308375413577e-16, 2.3659508934189914e-16, 1.0251522071909812e-16, 2.447382443887853e-16, 1.7098221498628754e-16, 3.375985060112802e-16, 2.607808810215977e-16, 1.9075161692127944e-16]",1.0260590717921948e-16,5000.0,1.0,1.0,"[1.0, 1.0, 1.0, 1.0, 1.0, 1.0, 1.0, 1.0, 1.0, 1.0, 1.0, 1.0, 1.0, 1.0, 1.0, 1.0, 1.0, 1.0, 1.0, 1.0, 1.0, 1.0, 1.0, 1.0, 1.0, 1.0, 1.0, 1.0, 1.0, 1.0]",0.573786460000944,0.015812820221749,"[1.0, 1.0, 1.0, 1.0, 1.0, 1.0, 1.0, 1.0, 1.0, 1.0, 1.0, 1.0, 1.0, 1.0, 1.0, 1.0, 1.0, 1.0, 1.0, 1.0, 1.0, 1.0, 1.0, 1.0, 1.0, 1.0, 1.0, 1.0, 1.0, 1.0]",0.0,"[1.0, 1.0, 1.0, 1.0, 1.0, 1.0, 1.0, 1.0, 1.0, 1.0, 1.0, 1.0, 1.0, 1.0, 1.0, 1.0, 1.0, 1.0, 1.0, 1.0, 1.0, 1.0, 1.0, 1.0, 1.0, 1.0, 1.0, 1.0, 1.0, 1.0]",0.0,9.88756369399474e-18
california,ridge,5000,9,8,b4_antithetic,A2,0.0,0.0,5000.0,1.0,0.0,0.9999999999999998,1.0,1.0,1.1469606867992478e-15,7.501646614357432,"[0.9999999999999998, 0.9999999999999998, 0.9999999999999998, 0.9999999999999998, 0.9999999999999998, 0.9999999999999998, 0.9999999999999998, 0.9999999999999998, 0.9999999999999998, 0.9999999999999998, 0.9999999999999998, 0.9999999999999998, 0.9999999999999998, 0.9999999999999998, 0.9999999999999998, 0.9999999999999998, 0.9999999999999998, 0.9999999999999998, 0.9999999999999998, 0.9999999999999998, 0.9999999999999998, 0.9999999999999998, 0.9999999999999998, 0.9999999999999998, 0.9999999999999998, 0.9999999999999998, 0.9999999999999998, 0.9999999999999998, 0.9999999999999998, 0.9999999999999998]",0.0,9.574429804850677e-16,1.341002143966204e-15,1.4337008584990598e-16,6.875748106610102e-17,"[1.5228561112136923e-15, 1.2568559146404567e-15, 2.61631001658404e-15, 1.068217885746304e-15, 1.444028461806725e-15, 9.449263694191353e-16, 9.709159066016601e-16, 8.104955733493154e-16, 1.7180257647164871e-15, 1.4773338295571307e-15, 6.685034299722826e-16, 1.611978500469117e-15, 7.542910903985326e-16, 4.1992385440382776e-16, 1.244740119264583e-15, 2.962232399765292e-16, 1.298123868797135e-15, 1.27178091809304e-15, 1.0147361513171546e-15, 1.5093202918983235e-15, 2.9162715360283996e-16, 1.0130921435923391e-15, 7.881839442720508e-16, 9.092156245184032e-16, 7.134248589095152e-16, 1.7867774218492654e-15, 7.919816397870184e-16, 5.627523096903801e-16, 1.072260603810397e-15, 2.559917605719755e-15]",5.500598485288082e-16,5000.0,1.0,1.0,"[1.0, 1.0, 1.0, 1.0, 1.0, 1.0, 1.0, 1.0, 1.0, 1.0, 1.0, 1.0, 1.0, 1.0, 1.0, 1.0, 1.0, 1.0, 1.0, 1.0, 1.0, 1.0, 1.0, 1.0, 1.0, 1.0, 1.0, 1.0, 1.0, 1.0]",0.4371581166623703,0.0111235459630831,"[1.0, 1.0, 1.0, 1.0, 1.0, 1.0, 1.0, 1.0, 1.0, 1.0, 1.0, 1.0, 1.0, 1.0, 1.0, 1.0, 1.0, 1.0, 1.0, 1.0, 1.0, 1.0, 1.0, 1.0, 1.0, 1.0, 1.0, 1.0, 1.0, 1.0]",0.0,"[1.0, 1.0, 1.0, 1.0, 1.0, 1.0, 1.0, 1.0, 1.0, 1.0, 1.0, 1.0, 1.0, 1.0, 1.0, 1.0, 1.0, 1.0, 1.0, 1.0, 1.0, 1.0, 1.0, 1.0, 1.0, 1.0, 1.0, 1.0, 1.0, 1.0]",0.0,8.106154505015226e-17
california,rf,5000,0,8,abc_shap,A2,0.4992,2496.0,2504.0,0.9587301587301588,0.0430038640766478,0.8976190476190473,1.0,0.9133333333333332,0.0052583795034418,27.55963648822914,"[0.7857142857142856, 0.7857142857142856, 0.9285714285714285, 0.9999999999999998, 0.9999999999999998, 0.9285714285714285, 0.8571428571428571, 0.7142857142857142, 0.9999999999999998, 0.8571428571428571, 0.7142857142857142, 0.9999999999999998, 0.7857142857142856, 0.9999999999999998, 0.9999999999999998, 0.7857142857142856, 0.9285714285714285, 0.9285714285714285, 0.9999999999999998, 0.9999999999999998, 0.9285714285714285, 0.9285714285714285, 0.7142857142857142, 0.7857142857142856, 0.9285714285714285, 0.9285714285714285, 0.7857142857142856, 0.9285714285714285, 0.9999999999999998, 0.9999999999999998]",0.0987736595842453,0.0036015813455539,0.0072162061928911,0.0006572974379302,0.0006407430769956,"[0.020920966683124324, 0.011221463421531583, 9.957264004094654e-05, 0.0032435374694216187, 0.0038198125700571223, 0.0007724333909762366, 0.0031483793374343636, 0.010412623098847456, 0.003363794886703431, 0.003000732830646056, 0.010389770460472828, 0.006202945545654827, 0.00713452536681836, 0.0005251070205592312, 0.0021068945061267644, 0.016147073256481296, 0.0009521899425131346, 0.0029685478960601802, 0.0029386422351357785, 0.0019120155321570625, 0.0027523119770430193, 0.0027806486562039576, 0.011601210280026829, 0.006895034842783367, 0.0021865396187642034, 0.0007362913298780969, 0.012874716906722403, 0.006025233179166562, 0.0003536776554611495, 0.0002646925664427708]",0.0051259446159649,2496.0,0.942063492063492,0.973015873015873,"[0.9047619047619048, 0.9047619047619048, 0.9761904761904763, 1.0, 1.0, 0.9761904761904763, 0.9523809523809524, 0.880952380952381, 1.0, 0.9523809523809524, 0.880952380952381, 1.0, 0.9047619047619048, 1.0, 1.0, 0.9047619047619048, 0.9761904761904763, 0.9761904761904763, 1.0, 1.0, 0.9761904761904763, 0.9761904761904763, 0.880952380952381, 0.9047619047619048, 0.9761904761904763, 0.9761904761904763, 0.9047619047619048, 0.9761904761904763, 1.0, 1.0]",53.39218315999994,4.468070342442845,"[1.0, 1.0, 1.0, 1.0, 1.0, 1.0, 1.0, 1.0, 1.0, 1.0, 1.0, 1.0, 1.0, 1.0, 1.0, 1.0, 1.0, 1.0, 1.0, 1.0, 1.0, 1.0, 1.0, 1.0, 1.0, 1.0, 1.0, 1.0, 1.0, 1.0]",0.0,"[0.8, 0.8, 1.0, 1.0, 1.0, 0.8, 0.8, 0.8, 1.0, 1.0, 0.8, 1.0, 0.8, 1.0, 1.0, 0.8, 1.0, 1.0, 1.0, 1.0, 0.8, 1.0, 0.8, 0.8, 1.0, 1.0, 0.8, 0.8, 1.0, 1.0]",0.0991071249821233,0.0004612940062188
california,rf,5000,0,8,b1_uniform,A2,0.0,0.0,5000.0,0.9785714285714284,0.0154914454729707,0.9357142857142856,1.0,0.96,0.0015692060866941,8.224349211786587,"[0.9285714285714285, 0.9285714285714285, 0.9285714285714285, 0.9285714285714285, 0.9285714285714285, 0.9285714285714285, 0.9999999999999998, 0.9285714285714285, 0.9285714285714285, 0.9285714285714285, 0.8571428571428571, 0.9999999999999998, 0.8571428571428571, 0.8571428571428571, 0.9999999999999998, 0.9285714285714285, 0.9285714285714285, 0.9285714285714285, 0.9285714285714285, 0.9999999999999998, 0.9999999999999998, 0.9285714285714285, 0.9285714285714285, 0.9999999999999998, 0.9285714285714285, 0.9999999999999998, 0.9285714285714285, 0.8571428571428571, 0.8571428571428571, 0.9999999999999998]",0.0464743364189121,0.0014533441438089,0.0016786745434093,0.0001961507608367,3.785011311300463e-05,"[0.0015879349801805978, 0.0018377423333196165, 0.0012487957205806228, 0.0020916966143115414, 0.0018712180837760508, 0.001797725937121134, 0.0016369256530336608, 0.0015561479360072295, 0.0014951585132890817, 0.0011369135702125107, 0.0017910092174874867, 0.001329312799394124, 0.0016908777015688223, 0.0020528652649771254, 0.0014498376500027869, 0.0017263254812478826, 0.0016933414336233524, 0.001272584029096564, 0.0018411513763548905, 0.002016026596879544, 0.001617633076052558, 0.0010677244317482467, 0.0010331223839248364, 0.0011945310822548967, 0.001570570777853785, 0.00130127866105748, 0.0013678064043950318, 0.0019143617117115853, 0.0017931596103403177, 0.0010924035690202942]",0.000302800904904,5000.0,0.973015873015873,0.9841468253968256,"[0.9761904761904763, 0.9761904761904763, 0.9761904761904763, 0.9761904761904763, 0.9761904761904763, 0.9761904761904763, 1.0, 0.9761904761904763, 0.9761904761904763, 0.9761904761904763, 0.9523809523809524, 1.0, 0.9523809523809524, 0.9523809523809524, 1.0, 0.9761904761904763, 0.9761904761904763, 0.9761904761904763, 0.9761904761904763, 1.0, 1.0, 0.9761904761904763, 0.9761904761904763, 1.0, 0.9761904761904763, 1.0, 0.9761904761904763, 0.9523809523809524, 0.9523809523809524, 1.0]",51.13504332666635,3.877545703311734,"[1.0, 1.0, 1.0, 1.0, 1.0, 1.0, 1.0, 1.0, 1.0, 1.0, 1.0, 1.0, 1.0, 1.0, 1.0, 1.0, 1.0, 1.0, 1.0, 1.0, 1.0, 1.0, 1.0, 1.0, 1.0, 1.0, 1.0, 1.0, 1.0, 1.0]",0.0,"[1.0, 1.0, 0.8, 1.0, 1.0, 1.0, 1.0, 1.0, 1.0, 0.8, 0.8, 1.0, 0.8, 1.0, 1.0, 1.0, 1.0, 1.0, 1.0, 1.0, 1.0, 1.0, 1.0, 1.0, 1.0, 1.0, 1.0, 0.8, 0.8, 1.0]",0.0799999999999999,2.1924465268902848e-05
california,rf,5000,0,8,b2_stratified,A2,0.0,0.0,5000.0,0.9888888888888888,0.0118782774183299,0.9666666666666665,1.0,1.0,0.000190800031259,1.0,"[0.9285714285714285, 0.9285714285714285, 0.9999999999999998, 0.9285714285714285, 0.9999999999999998, 0.9285714285714285, 0.9285714285714285, 0.9999999999999998, 0.9999999999999998, 0.9999999999999998, 0.9285714285714285, 0.9999999999999998, 0.9999999999999998, 0.9999999999999998, 0.9999999999999998, 0.9285714285714285, 0.9285714285714285, 0.9999999999999998, 0.9999999999999998, 0.9285714285714285, 0.9285714285714285, 0.9285714285714285, 0.9999999999999998, 0.9999999999999998, 0.9999999999999998, 0.9285714285714285, 0.9999999999999998, 0.9285714285714285, 0.9999999999999998, 0.9285714285714285]",0.0356348322549898,0.0001475464547198,0.0002367763420657,2.3850003907379696e-05,1.5940650607260906e-05,"[0.00030618501232179137, 0.00029593444321834677, 2.480466810494341e-05, 5.515753807589794e-05, 0.00048460624431766284, 0.0004080851762637747, 0.0003006914891643987, 8.503759873924692e-05, 5.205512144535308e-05, 0.0001387847091425849, 0.0001151188930261626, 0.000137997088809776, 0.00013398000457001368, 0.00010347865248314526, 0.0002847458905894314, 2.8904257582062565e-05, 0.00015720380906734084, 5.5035405982879046e-05, 0.0003071572746862485, 7.827115923187811e-05, 0.0002765188029186207, 0.00043697201787448373, 0.00015286086553037783, 8.998110240194657e-05, 7.905458486111072e-05, 0.000270782306201958, 0.00022686093758571356, 0.00013108212357096276, 0.00013602930701166056, 0.0003706244529913556]",0.000127525204858,5000.0,0.9849206349206348,0.9928571428571428,"[0.9761904761904763, 0.9761904761904763, 1.0, 0.9761904761904763, 1.0, 0.9761904761904763, 0.9761904761904763, 1.0, 1.0, 1.0, 0.9761904761904763, 1.0, 1.0, 1.0, 1.0, 0.9761904761904763, 0.9761904761904763, 1.0, 1.0, 0.9761904761904763, 0.9761904761904763, 0.9761904761904763, 1.0, 1.0, 1.0, 0.9761904761904763, 1.0, 0.9761904761904763, 1.0, 0.9761904761904763]",52.23358846999957,3.7400055951794826,"[1.0, 1.0, 1.0, 1.0, 1.0, 1.0, 1.0, 1.0, 1.0, 1.0, 1.0, 1.0, 1.0, 1.0, 1.0, 1.0, 1.0, 1.0, 1.0, 1.0, 1.0, 1.0, 1.0, 1.0, 1.0, 1.0, 1.0, 1.0, 1.0, 1.0]",0.0,"[1.0, 1.0, 1.0, 1.0, 1.0, 1.0, 1.0, 1.0, 1.0, 1.0, 1.0, 1.0, 1.0, 1.0, 1.0, 1.0, 1.0, 1.0, 1.0, 1.0, 1.0, 1.0, 1.0, 1.0, 1.0, 1.0, 1.0, 1.0, 1.0, 1.0]",0.0,2.2117250370584303e-05
california,rf,5000,0,8,b3_is,A2,0.0,0.0,5000.0,0.9952380952380953,0.0095238095238094,0.9857142857142857,1.0,1.0,0.0003140101338356,1.645755148799393,"[0.9999999999999998, 0.9285714285714285, 0.9999999999999998, 0.9999999999999998, 0.9999999999999998, 0.9285714285714285, 0.9285714285714285, 0.9999999999999998, 0.9999999999999998, 0.9999999999999998, 0.9285714285714285, 0.9999999999999998, 0.9999999999999998, 0.9999999999999998, 0.9999999999999998, 0.9285714285714285, 0.9999999999999998, 0.9999999999999998, 0.9999999999999998, 0.9999999999999998, 0.9285714285714285, 0.9999999999999998, 0.9999999999999998, 0.9999999999999998, 0.9999999999999998, 0.9999999999999998, 0.9999999999999998, 0.9999999999999998, 0.9999999999999998, 0.9999999999999998]",0.0285714285714285,0.0002587874232601,0.0003866486488236,3.925126672945578e-05,2.270308019260252e-05,"[0.0003219379145456457, 0.00016336750662317544, 0.00027350850655191033, 0.00029310143869546964, 0.0002904054285339819, 9.30610415414064e-05, 0.0004857310177068227, 0.00015699982830055733, 0.00012799132792300585, 7.984370867971261e-05, 0.00031762400072857185, 0.00014597207342624576, 0.0005087569120777454, 0.00025530288171399706, 0.0006326280041742908, 0.0006714661616160725, 0.0007713643053561996, 0.0004110095469916485, 0.0002110641327539819, 0.00019076204404745812, 0.00030361734971324686, 0.00012279165945853964, 0.0003454173582380897, 0.00027746070123374977, 0.0006927514974768394, 0.0003247980063266386, 0.00021442655267151279, 0.0003218960999152465, 0.0002894243730147264, 0.0001258226350328994]",0.0001816246415408,5000.0,0.992063492063492,0.9984126984126984,"[1.0, 0.9761904761904763, 1.0, 1.0, 1.0, 0.9761904761904763, 0.9761904761904763, 1.0, 1.0, 1.0, 0.9761904761904763, 1.0, 1.0, 1.0, 1.0, 0.9761904761904763, 1.0, 1.0, 1.0, 1.0, 0.9761904761904763, 1.0, 1.0, 1.0, 1.0, 1.0, 1.0, 1.0, 1.0, 1.0]",53.07744561666526,2.7249586725357924,"[1.0, 1.0, 1.0, 1.0, 1.0, 1.0, 1.0, 1.0, 1.0, 1.0, 1.0, 1.0, 1.0, 1.0, 1.0, 1.0, 1.0, 1.0, 1.0, 1.0, 1.0, 1.0, 1.0, 1.0, 1.0, 1.0, 1.0, 1.0, 1.0, 1.0]",0.0,"[1.0, 1.0, 1.0, 1.0, 1.0, 1.0, 1.0, 1.0, 1.0, 1.0, 1.0, 1.0, 1.0, 1.0, 1.0, 1.0, 1.0, 1.0, 1.0, 1.0, 1.0, 1.0, 1.0, 1.0, 1.0, 1.0, 1.0, 1.0, 1.0, 1.0]",0.0,1.888144152120592e-05
california,rf,5000,0,8,b4_antithetic,A2,0.0,0.0,5000.0,0.9873015873015872,0.0133748409098037,0.9619047619047616,1.0,0.9933333333333334,0.00141002120131,7.390047014173421,"[0.9285714285714285, 0.9285714285714285, 0.9285714285714285, 0.9999999999999998, 0.9285714285714285, 0.9999999999999998, 0.9285714285714285, 0.9999999999999998, 0.9285714285714285, 0.9999999999999998, 0.9285714285714285, 0.9999999999999998, 0.9285714285714285, 0.9999999999999998, 0.9285714285714285, 0.8571428571428571, 0.9285714285714285, 0.9999999999999998, 0.9999999999999998, 0.9999999999999998, 0.9285714285714285, 0.9999999999999998, 0.9999999999999998, 0.9999999999999998, 0.9285714285714285, 0.9999999999999998, 0.9285714285714285, 0.9999999999999998, 0.9285714285714285, 0.9999999999999998]",0.0401245227294111,0.0013505808401765,0.0014724768873654,0.0001762526501637,2.1760805198444607e-05,"[0.0014743595666987144, 0.0014346313543827341, 0.0018424444973204133, 0.0015801004178597916, 0.0014678069271456507, 0.0014293135956887032, 0.0014819787308912025, 0.0011758571287178, 0.0014258392098256548, 0.001481720555174785, 0.0015549652538750958, 0.0016417385396647476, 0.0010438419333859742, 0.0013082042128886025, 0.0013969475834316176, 0.0012841617130674452, 0.0014651590767427245, 0.0014544854471801262, 0.0016421378490803543, 0.0012589548671137277, 0.0011989855001870214, 0.001535306348173579, 0.0013211900609774458, 0.001194071456125425, 0.001153600662568726, 0.0016783089816164675, 0.0013307291726614493, 0.0014725860070073265, 0.0012189864101575746, 0.0013522229796905014]",0.0001740864415875,5000.0,0.9825396825396824,0.992063492063492,"[0.9761904761904763, 0.9761904761904763, 0.9761904761904763, 1.0, 0.9761904761904763, 1.0, 0.9761904761904763, 1.0, 0.9761904761904763, 1.0, 0.9761904761904763, 1.0, 0.9761904761904763, 1.0, 0.9761904761904763, 0.9523809523809524, 0.9761904761904763, 1.0, 1.0, 1.0, 0.9761904761904763, 1.0, 1.0, 1.0, 0.9761904761904763, 1.0, 0.9761904761904763, 1.0, 0.9761904761904763, 1.0]",51.68538321333666,3.561090124353731,"[1.0, 1.0, 1.0, 1.0, 1.0, 1.0, 1.0, 1.0, 1.0, 1.0, 1.0, 1.0, 1.0, 1.0, 1.0, 1.0, 1.0, 1.0, 1.0, 1.0, 1.0, 1.0, 1.0, 1.0, 1.0, 1.0, 1.0, 1.0, 1.0, 1.0]",0.0,"[1.0, 1.0, 1.0, 1.0, 1.0, 1.0, 1.0, 1.0, 1.0, 1.0, 1.0, 1.0, 1.0, 1.0, 1.0, 0.8, 1.0, 1.0, 1.0, 1.0, 1.0, 1.0, 1.0, 1.0, 1.0, 1.0, 1.0, 1.0, 1.0, 1.0]",0.03590109871423,4.5462298140491725e-06
california,rf,5000,1,8,abc_shap,A2,0.4992,2496.0,2504.0,0.9825396825396824,0.021236647873428,0.9499999999999996,0.9777777777777776,0.9933333333333334,0.0018661180465156,50.82788488964975,"[0.9999999999999998, 0.9285714285714285, 0.9285714285714285, 0.9999999999999998, 0.9285714285714285, 0.8571428571428571, 0.9999999999999998, 0.9285714285714285, 0.9999999999999998, 0.8571428571428571, 0.7857142857142856, 0.9285714285714285, 0.9285714285714285, 0.9999999999999998, 0.8571428571428571, 0.9999999999999998, 0.9285714285714285, 0.9285714285714285, 0.9999999999999998, 0.9999999999999998, 0.9285714285714285, 0.9999999999999998, 0.9999999999999998, 0.9285714285714285, 0.9999999999999998, 0.9285714285714285, 0.9999999999999998, 0.9999999999999998, 0.9285714285714285, 0.9999999999999998]",0.0557874976850474,0.0012434095647978,0.0025348461546253,0.0002332647558144,0.0002240004105187,"[0.0003428553855338717, 0.003618631649818355, 0.003187837522668588, 0.0004741988141887136, 0.0005121066410553167, 0.0027835883459373023, 0.0003197721854085973, 0.00042505270014660186, 0.00029837749517107375, 0.004124585214807042, 0.005954304615702881, 0.002356646726407627, 0.004941827258997692, 0.0016954548240009106, 0.0031521349943349343, 0.00018839193786161575, 0.00247815722300691, 0.004350033953080486, 0.0008045941294281374, 0.0002550208396345921, 0.005128535756769293, 0.0005676696785051545, 0.0005676589728702945, 0.004297858583107069, 4.907177646447578e-05, 0.0010240502555791044, 0.0005284118765982085, 0.0004138639889166005, 0.0008811998907110503, 0.0002616481587566459]",0.0017920032841496,2496.0,0.9746031746031746,0.9896825396825396,"[1.0, 0.9761904761904763, 0.9761904761904763, 1.0, 0.9761904761904763, 0.9523809523809524, 1.0, 0.9761904761904763, 1.0, 0.9523809523809524, 0.9047619047619048, 0.9761904761904763, 0.9761904761904763, 1.0, 0.9523809523809524, 1.0, 0.9761904761904763, 0.9761904761904763, 1.0, 1.0, 0.9761904761904763, 1.0, 1.0, 0.9761904761904763, 1.0, 0.9761904761904763, 1.0, 1.0, 0.9761904761904763, 1.0]",49.935212426664656,1.8048788050823783,"[1.0, 1.0, 1.0, 1.0, 1.0, 1.0, 1.0, 1.0, 1.0, 1.0, 0.6666666666666666, 1.0, 1.0, 1.0, 1.0, 1.0, 1.0, 1.0, 1.0, 1.0, 1.0, 1.0, 1.0, 1.0, 1.0, 0.6666666666666666, 1.0, 1.0, 1.0, 1.0]",0.0831479419283098,"[1.0, 1.0, 1.0, 1.0, 1.0, 1.0, 1.0, 1.0, 1.0, 1.0, 0.8, 1.0, 1.0, 1.0, 1.0, 1.0, 1.0, 1.0, 1.0, 1.0, 1.0, 1.0, 1.0, 1.0, 1.0, 1.0, 1.0, 1.0, 1.0, 1.0]",0.03590109871423,0.0002326391449096
california,rf,5000,1,8,b1_uniform,A2,0.0,0.0,5000.0,0.9246031746031746,0.0331533310701673,0.8261904761904758,0.6777777777777779,1.0,0.0014006622019301,38.15015738254901,"[0.7857142857142856, 0.9285714285714285, 0.7857142857142856, 0.7857142857142856, 0.9285714285714285, 0.9285714285714285, 0.7857142857142856, 0.7857142857142856, 0.9999999999999998, 0.7857142857142856, 0.7857142857142856, 0.7857142857142856, 0.9285714285714285, 0.7857142857142856, 0.7857142857142856, 0.7857142857142856, 0.7857142857142856, 0.7857142857142856, 0.9285714285714285, 0.7857142857142856, 0.9285714285714285, 0.7857142857142856, 0.7857142857142856, 0.7857142857142856, 0.7857142857142856, 0.7857142857142856, 0.7857142857142856, 0.9285714285714285, 0.7857142857142856, 0.7857142857142856]",0.0682216608661638,0.0012930998047239,0.0015121298964093,0.0001750827752412,3.7489144962847823e-05,"[0.0010565762466162533, 0.0011280426763259593, 0.0012995815785916299, 0.0012671290766611916, 0.0011970750436240325, 0.0010685425069929778, 0.0018276902889799629, 0.0020688331862249013, 0.0008452337558486508, 0.0015156846441015165, 0.0016382735493078717, 0.0015022535127952284, 0.0010729913652132027, 0.0014884176102440251, 0.0016628513995311464, 0.0016189302982610309, 0.0016138746633903719, 0.0016755671140520844, 0.0009466506460074449, 0.0016617192264855565, 0.0010362732016699868, 0.0015633011773061496, 0.0017113577402598267, 0.00119188461880234, 0.0018257397211968612, 0.0011464949356130628, 0.0013988203104695982, 0.0011457230309398956, 0.0012333959147328415, 0.0016109570176574188]",0.0002999131597027,5000.0,0.9126785714285716,0.9373015873015872,"[0.9047619047619048, 0.9761904761904763, 0.9047619047619048, 0.9047619047619048, 0.9761904761904763, 0.9761904761904763, 0.9047619047619048, 0.9047619047619048, 1.0, 0.9047619047619048, 0.9047619047619048, 0.9047619047619048, 0.9761904761904763, 0.9047619047619048, 0.9047619047619048, 0.9047619047619048, 0.9047619047619048, 0.9047619047619048, 0.9761904761904763, 0.9047619047619048, 0.9761904761904763, 0.9047619047619048, 0.9047619047619048, 0.9047619047619048, 0.9047619047619048, 0.9047619047619048, 0.9047619047619048, 0.9761904761904763, 0.9047619047619048, 0.9047619047619048]",48.89762636667195,1.928108054274692,"[0.6666666666666666, 0.6666666666666666, 0.6666666666666666, 0.6666666666666666, 0.6666666666666666, 0.6666666666666666, 0.6666666666666666, 0.6666666666666666, 1.0, 0.6666666666666666, 0.6666666666666666, 0.6666666666666666, 0.6666666666666666, 0.6666666666666666, 0.6666666666666666, 0.6666666666666666, 0.6666666666666666, 0.6666666666666666, 0.6666666666666666, 0.6666666666666666, 0.6666666666666666, 0.6666666666666666, 0.6666666666666666, 0.6666666666666666, 0.6666666666666666, 0.6666666666666666, 0.6666666666666666, 0.6666666666666666, 0.6666666666666666, 0.6666666666666666]",0.0598351645237167,"[1.0, 1.0, 1.0, 1.0, 1.0, 1.0, 1.0, 1.0, 1.0, 1.0, 1.0, 1.0, 1.0, 1.0, 1.0, 1.0, 1.0, 1.0, 1.0, 1.0, 1.0, 1.0, 1.0, 1.0, 1.0, 1.0, 1.0, 1.0, 1.0, 1.0]",0.0,7.085336741325658e-06
california,rf,5000,1,8,b2_stratified,A2,0.0,0.0,5000.0,1.0,0.0,0.9999999999999998,1.0,1.0,3.671445409477667e-05,1.0,"[0.9999999999999998, 0.9999999999999998, 0.9999999999999998, 0.9999999999999998, 0.9999999999999998, 0.9999999999999998, 0.9999999999999998, 0.9999999999999998, 0.9999999999999998, 0.9999999999999998, 0.9999999999999998, 0.9999999999999998, 0.9999999999999998, 0.9999999999999998, 0.9999999999999998, 0.9999999999999998, 0.9999999999999998, 0.9999999999999998, 0.9999999999999998, 0.9999999999999998, 0.9999999999999998, 0.9999999999999998, 0.9999999999999998, 0.9999999999999998, 0.9999999999999998, 0.9999999999999998, 0.9999999999999998, 0.9999999999999998, 0.9999999999999998, 0.9999999999999998]",0.0,2.779067490057023e-05,4.70530762571436e-05,4.589306761847084e-06,3.4497615044808184e-06,"[4.2147893462078215e-05, 1.5217302757707702e-05, 1.979675241557471e-05, 6.71379628407578e-05, 6.411036980238123e-05, 2.4674713155385502e-05, 1.4804425992188164e-05, 1.027688665181431e-05, 3.554338036638237e-05, 0.00011420801391904585, 1.7174949612834874e-05, 9.964831224813077e-05, 2.0075064719578567e-05, 2.76837228579274e-05, 3.9770464027013205e-05, 2.9767155858568088e-05, 1.7149861696879203e-05, 4.4057294719219124e-05, 1.7703630344286858e-05, 6.969593858122448e-05, 2.888283344056664e-05, 4.961034252705519e-05, 2.1709920252898805e-05, 2.9162309571460093e-05, 6.807802883216281e-06, 1.3161271199936582e-05, 1.0643863739570889e-05, 9.54105711263079e-05, 1.836425708549114e-05, 3.703635498781806e-05]",2.7598092035846547e-05,5000.0,1.0,1.0,"[1.0, 1.0, 1.0, 1.0, 1.0, 1.0, 1.0, 1.0, 1.0, 1.0, 1.0, 1.0, 1.0, 1.0, 1.0, 1.0, 1.0, 1.0, 1.0, 1.0, 1.0, 1.0, 1.0, 1.0, 1.0, 1.0, 1.0, 1.0, 1.0, 1.0]",49.51576430666804,0.5426405789929925,"[1.0, 1.0, 1.0, 1.0, 1.0, 1.0, 1.0, 1.0, 1.0, 1.0, 1.0, 1.0, 1.0, 1.0, 1.0, 1.0, 1.0, 1.0, 1.0, 1.0, 1.0, 1.0, 1.0, 1.0, 1.0, 1.0, 1.0, 1.0, 1.0, 1.0]",0.0,"[1.0, 1.0, 1.0, 1.0, 1.0, 1.0, 1.0, 1.0, 1.0, 1.0, 1.0, 1.0, 1.0, 1.0, 1.0, 1.0, 1.0, 1.0, 1.0, 1.0, 1.0, 1.0, 1.0, 1.0, 1.0, 1.0, 1.0, 1.0, 1.0, 1.0]",0.0,4.231244228842779e-06
california,rf,5000,1,8,b3_is,A2,0.0,0.0,5000.0,0.9912698412698414,0.0114736764244451,0.9738095238095236,1.0,1.0,0.0001592070192002,4.336358067294774,"[0.9999999999999998, 0.9999999999999998, 0.9285714285714285, 0.9999999999999998, 0.9999999999999998, 0.9999999999999998, 0.9285714285714285, 0.9999999999999998, 0.9999999999999998, 0.9999999999999998, 0.9285714285714285, 0.9999999999999998, 0.9285714285714285, 0.9285714285714285, 0.9999999999999998, 0.9999999999999998, 0.9285714285714285, 0.9999999999999998, 0.9285714285714285, 0.9285714285714285, 0.9999999999999998, 0.9285714285714285, 0.9999999999999998, 0.9285714285714285, 0.9999999999999998, 0.9999999999999998, 0.9999999999999998, 0.9999999999999998, 0.9285714285714285, 0.9999999999999998]",0.0344210292733355,0.0001375981604294,0.0001801158234042,1.9900877400026056e-05,7.406500221942826e-06,"[8.028790438135816e-05, 0.0001112407374490416, 0.00012830134753628435, 0.00017067888035946895, 0.0001560297472443062, 0.00027043647739813365, 0.0001730975429874786, 7.181311396289655e-05, 0.00017432708090695212, 7.797189346279849e-05, 0.00019173562137167062, 0.00015885412107319576, 0.0002927609819705563, 0.00020986039843606629, 0.00014696227160709106, 0.00017468898091549227, 0.0002190856112487388, 7.294402271505695e-05, 0.00013539837944190366, 0.000179809782195822, 0.0001381860750329324, 0.00017112075811437626, 6.122791940002382e-05, 0.00015116608379997097, 0.00017910055774584513, 0.00015379557473525944, 0.00012593404914081313, 9.280708613317327e-05, 0.0002320183462689061, 0.0002745692289706406]",5.9252001775542605e-05,5000.0,0.9873015873015872,0.9952380952380953,"[1.0, 1.0, 0.9761904761904763, 1.0, 1.0, 1.0, 0.9761904761904763, 1.0, 1.0, 1.0, 0.9761904761904763, 1.0, 0.9761904761904763, 0.9761904761904763, 1.0, 1.0, 0.9761904761904763, 1.0, 0.9761904761904763, 0.9761904761904763, 1.0, 0.9761904761904763, 1.0, 0.9761904761904763, 1.0, 1.0, 1.0, 1.0, 0.9761904761904763, 1.0]",49.97188729333187,0.5102746436657286,"[1.0, 1.0, 1.0, 1.0, 1.0, 1.0, 1.0, 1.0, 1.0, 1.0, 1.0, 1.0, 1.0, 1.0, 1.0, 1.0, 1.0, 1.0, 1.0, 1.0, 1.0, 1.0, 1.0, 1.0, 1.0, 1.0, 1.0, 1.0, 1.0, 1.0]",0.0,"[1.0, 1.0, 1.0, 1.0, 1.0, 1.0, 1.0, 1.0, 1.0, 1.0, 1.0, 1.0, 1.0, 1.0, 1.0, 1.0, 1.0, 1.0, 1.0, 1.0, 1.0, 1.0, 1.0, 1.0, 1.0, 1.0, 1.0, 1.0, 1.0, 1.0]",0.0,4.1269449300117445e-06
california,rf,5000,1,8,b4_antithetic,A2,0.0,0.0,5000.0,0.9087301587301588,0.0088732856249992,0.7976190476190473,0.6666666666666669,1.0,0.0013103043199477,35.689059043756494,"[0.7857142857142856, 0.7857142857142856, 0.8571428571428571, 0.7857142857142856, 0.7857142857142856, 0.7857142857142856, 0.7857142857142856, 0.8571428571428571, 0.7857142857142856, 0.8571428571428571, 0.7857142857142856, 0.7857142857142856, 0.7857142857142856, 0.7857142857142856, 0.7857142857142856, 0.8571428571428571, 0.7857142857142856, 0.7857142857142856, 0.7857142857142856, 0.7857142857142856, 0.7857142857142856, 0.7857142857142856, 0.7857142857142856, 0.7857142857142856, 0.7857142857142856, 0.8571428571428571, 0.7857142857142856, 0.7857142857142856, 0.7857142857142856, 0.7857142857142856]",0.0266198568749975,0.0012594956537263,0.0013598535807255,0.0001637880399934,1.906125677860137e-05,"[0.001599797363076561, 0.0012520513447734055, 0.0011103377056078266, 0.0013448705752238863, 0.0014426765320588438, 0.0015104775111272925, 0.0012208685626128825, 0.0011569446766348493, 0.001350709514374554, 0.0012145171265081356, 0.0011283939616571611, 0.0015115709717653028, 0.0015473969344855852, 0.001416484179929062, 0.001399789538495183, 0.001207388212856576, 0.0015284849774039784, 0.001420302130875344, 0.0013385809456918864, 0.0013780763357719745, 0.0013442834247128705, 0.0012353437162182098, 0.0010248752884973447, 0.0012883269860144426, 0.0011941015766828798, 0.0010663177156198494, 0.0010428602621028837, 0.0013420045368829384, 0.001283485751910052, 0.0014078112388613978]",0.0001524900542288,5000.0,0.9055555555555556,0.911904761904762,"[0.9047619047619048, 0.9047619047619048, 0.9285714285714287, 0.9047619047619048, 0.9047619047619048, 0.9047619047619048, 0.9047619047619048, 0.9285714285714287, 0.9047619047619048, 0.9285714285714287, 0.9047619047619048, 0.9047619047619048, 0.9047619047619048, 0.9047619047619048, 0.9047619047619048, 0.9285714285714287, 0.9047619047619048, 0.9047619047619048, 0.9047619047619048, 0.9047619047619048, 0.9047619047619048, 0.9047619047619048, 0.9047619047619048, 0.9047619047619048, 0.9047619047619048, 0.9285714285714287, 0.9047619047619048, 0.9047619047619048, 0.9047619047619048, 0.9047619047619048]",48.761165793333205,0.6068841245668598,"[0.6666666666666666, 0.6666666666666666, 0.6666666666666666, 0.6666666666666666, 0.6666666666666666, 0.6666666666666666, 0.6666666666666666, 0.6666666666666666, 0.6666666666666666, 0.6666666666666666, 0.6666666666666666, 0.6666666666666666, 0.6666666666666666, 0.6666666666666666, 0.6666666666666666, 0.6666666666666666, 0.6666666666666666, 0.6666666666666666, 0.6666666666666666, 0.6666666666666666, 0.6666666666666666, 0.6666666666666666, 0.6666666666666666, 0.6666666666666666, 0.6666666666666666, 0.6666666666666666, 0.6666666666666666, 0.6666666666666666, 0.6666666666666666, 0.6666666666666666]",2.220446049250313e-16,"[1.0, 1.0, 1.0, 1.0, 1.0, 1.0, 1.0, 1.0, 1.0, 1.0, 1.0, 1.0, 1.0, 1.0, 1.0, 1.0, 1.0, 1.0, 1.0, 1.0, 1.0, 1.0, 1.0, 1.0, 1.0, 1.0, 1.0, 1.0, 1.0, 1.0]",0.0,2.6519284534042475e-06
california,rf,5000,2,8,abc_shap,A2,0.4992,2496.0,2504.0,0.8865079365079365,0.0955715063415294,0.7833333333333333,1.0,0.8666666666666669,0.0379012644385807,45.75545332395676,"[0.5714285714285714, 0.9285714285714285, 0.9999999999999998, 0.5714285714285714, 0.8571428571428571, 0.9999999999999998, 0.8571428571428571, 0.6428571428571428, 0.5714285714285714, 0.9285714285714285, 0.9285714285714285, 0.8571428571428571, 0.8571428571428571, 0.7142857142857142, 0.7142857142857142, 0.4999999999999999, 0.6428571428571428, 0.8571428571428571, 0.9999999999999998, 0.8571428571428571, 0.4999999999999999, 0.9285714285714285, 0.9285714285714285, 0.9285714285714285, 0.7142857142857142, 0.7142857142857142, 0.8571428571428571, 0.6428571428571428, 0.8571428571428571, 0.5714285714285714]",0.1559296602860279,0.0250157823377075,0.0522194007405148,0.0047376580548225,0.0048765037073488,"[0.11577598133038963, 0.012123211750787902, 0.002033594803215633, 0.058395044499769615, 0.0019249202754291588, 0.001505288388445962, 0.02455124233462078, 0.046816458216654804, 0.09417648366779564, 0.028139039871155933, 0.006024223714502842, 0.11467821372579284, 0.08285641303912078, 0.02332752177065277, 0.013339699123267655, 0.04471143567064261, 0.030969235110948783, 0.009216125316795717, 0.000505092740455337, 0.04953817227928902, 0.12040611019577399, 0.0012174560527833994, 0.0025452419378622724, 0.026836478995857397, 0.012974730730567026, 0.015648755747707917, 0.006046322978888169, 0.08375375551122598, 0.005336709646268942, 0.10166497373075248]",0.039012029658791,2496.0,0.8507936507936509,0.9198412698412696,"[0.7619047619047621, 0.9761904761904763, 1.0, 0.7619047619047621, 0.9523809523809524, 1.0, 0.9523809523809524, 0.7857142857142858, 0.7619047619047621, 0.9761904761904763, 0.9761904761904763, 0.9285714285714287, 0.9523809523809524, 0.8571428571428572, 0.880952380952381, 0.7380952380952381, 0.7857142857142858, 0.9285714285714287, 1.0, 0.9523809523809524, 0.6904761904761906, 0.9761904761904763, 0.9761904761904763, 0.9761904761904763, 0.8333333333333335, 0.8095238095238096, 0.9285714285714287, 0.7857142857142858, 0.9285714285714287, 0.7619047619047621]",53.61600920999966,3.5243909522939587,"[1.0, 1.0, 1.0, 1.0, 1.0, 1.0, 1.0, 1.0, 1.0, 1.0, 1.0, 1.0, 1.0, 1.0, 1.0, 1.0, 1.0, 1.0, 1.0, 1.0, 1.0, 1.0, 1.0, 1.0, 1.0, 1.0, 1.0, 1.0, 1.0, 1.0]",0.0,"[0.8, 1.0, 1.0, 0.8, 0.8, 1.0, 0.8, 0.8, 0.8, 1.0, 1.0, 0.8, 1.0, 0.8, 0.8, 0.8, 0.8, 0.8, 1.0, 1.0, 0.8, 1.0, 0.8, 1.0, 0.8, 0.8, 0.8, 0.8, 0.8, 0.8]",0.0942809041582063,0.004327686511863
california,rf,5000,2,8,b1_uniform,A2,0.0,0.0,5000.0,0.8626984126984125,0.0367229692103468,0.7619047619047618,1.0,0.8000000000000003,0.0053979554721674,6.5165609461868765,"[0.7857142857142856, 0.7857142857142856, 0.7857142857142856, 0.7857142857142856, 0.6428571428571428, 0.7857142857142856, 0.7142857142857142, 0.9285714285714285, 0.7857142857142856, 0.7857142857142856, 0.7857142857142856, 0.7142857142857142, 0.7142857142857142, 0.7142857142857142, 0.7857142857142856, 0.7857142857142856, 0.7142857142857142, 0.8571428571428571, 0.7142857142857142, 0.8571428571428571, 0.7142857142857142, 0.7142857142857142, 0.7142857142857142, 0.7857142857142856, 0.7142857142857142, 0.7142857142857142, 0.7142857142857142, 0.7857142857142856, 0.7857142857142856, 0.7857142857142856]",0.0563436169819011,0.0044642240402031,0.006393155688351,0.0006747444340209,0.0003420029502994,"[0.0035906355078015296, 0.004649813863811926, 0.0031978740113546944, 0.006020416421978303, 0.011237661045952103, 0.011038553284625776, 0.011586137179611431, 0.0019412989162983338, 0.0029451912621364902, 0.0037107855153349534, 0.0039588910025309945, 0.007065764079700387, 0.004408575761270699, 0.003173176836804881, 0.003915840672829422, 0.003565362994573659, 0.005556467694055588, 0.0052313958410123455, 0.006204522102462523, 0.003248600010251608, 0.00855535866669762, 0.003024450120470053, 0.0021068319693094487, 0.007103476528385943, 0.009234439910361252, 0.0037090010504830344, 0.003273116693755421, 0.00940610990387886, 0.004950392925156459, 0.004328522392128912]",0.0027360236023952,5000.0,0.85,0.8762103174603175,"[0.8571428571428572, 0.8571428571428572, 0.880952380952381, 0.880952380952381, 0.8095238095238096, 0.880952380952381, 0.8571428571428572, 0.9761904761904763, 0.8571428571428572, 0.8571428571428572, 0.880952380952381, 0.8333333333333335, 0.8333333333333335, 0.8333333333333335, 0.8571428571428572, 0.8571428571428572, 0.8333333333333335, 0.9523809523809524, 0.8333333333333335, 0.9285714285714287, 0.8333333333333335, 0.8333333333333335, 0.8333333333333335, 0.880952380952381, 0.8333333333333335, 0.8333333333333335, 0.8333333333333335, 0.880952380952381, 0.880952380952381, 0.880952380952381]",51.07471038667039,2.4622095186462096,"[1.0, 1.0, 1.0, 1.0, 1.0, 1.0, 1.0, 1.0, 1.0, 1.0, 1.0, 1.0, 1.0, 1.0, 1.0, 1.0, 1.0, 1.0, 1.0, 1.0, 1.0, 1.0, 1.0, 1.0, 1.0, 1.0, 1.0, 1.0, 1.0, 1.0]",0.0,"[0.8, 0.8, 0.8, 0.8, 0.8, 0.8, 0.8, 0.8, 0.8, 0.8, 0.8, 0.8, 0.8, 0.8, 0.8, 0.8, 0.8, 0.8, 0.8, 0.8, 0.8, 0.8, 0.8, 0.8, 0.8, 0.8, 0.8, 0.8, 0.8, 0.8]",2.220446049250313e-16,9.988845910375338e-05
california,rf,5000,2,8,b2_stratified,A2,0.0,0.0,5000.0,0.9896825396825396,0.0133040115986033,0.9690476190476188,1.0,0.92,0.0008283442012962,1.0,"[0.9999999999999998, 0.9285714285714285, 0.8571428571428571, 0.9285714285714285, 0.9285714285714285, 0.9999999999999998, 0.9999999999999998, 0.9285714285714285, 0.9999999999999998, 0.9285714285714285, 0.9999999999999998, 0.9999999999999998, 0.9285714285714285, 0.9999999999999998, 0.9999999999999998, 0.9999999999999998, 0.9999999999999998, 0.9285714285714285, 0.9285714285714285, 0.9999999999999998, 0.9999999999999998, 0.9285714285714285, 0.9999999999999998, 0.9999999999999998, 0.9999999999999998, 0.9999999999999998, 0.9285714285714285, 0.9999999999999998, 0.9999999999999998, 0.9285714285714285]",0.0399120347958099,0.0005170905255209,0.0011662429157624,0.000103543025162,0.0001164314166249,"[0.0007300208291138168, 0.0007880126008318944, 0.001955139293472507, 0.00029945917470214, 0.0003188595669117898, 0.002035809829868114, 0.0001389181526839429, 0.00010160279519207224, 0.0004526791991034826, 0.00010737502028576427, 0.0011122161852599511, 0.0002625332534250949, 0.0007484844118292698, 0.0018607824706173698, 0.00050722449737406, 0.0007973513354716747, 0.0001501739868189709, 0.0007384634139029593, 0.0004237065100744223, 0.00010772827752673077, 0.0005217942140835721, 0.0005579324435596528, 0.003159491417271317, 0.0001758680412038686, 0.003976667651004257, 0.0002603372785413717, 0.0018310778592951736, 7.710425772347772e-05, 0.0004331904100780139, 0.000220321661660694]",0.0009314513329996,5000.0,0.9849206349206348,0.9944444444444446,"[1.0, 0.9761904761904763, 0.9523809523809524, 0.9761904761904763, 0.9761904761904763, 1.0, 1.0, 0.9761904761904763, 1.0, 0.9761904761904763, 1.0, 1.0, 0.9761904761904763, 1.0, 1.0, 1.0, 1.0, 0.9761904761904763, 0.9761904761904763, 1.0, 1.0, 0.9761904761904763, 1.0, 1.0, 1.0, 1.0, 0.9761904761904763, 1.0, 1.0, 0.9761904761904763]",52.56916676666685,3.1201010773373423,"[1.0, 1.0, 1.0, 1.0, 1.0, 1.0, 1.0, 1.0, 1.0, 1.0, 1.0, 1.0, 1.0, 1.0, 1.0, 1.0, 1.0, 1.0, 1.0, 1.0, 1.0, 1.0, 1.0, 1.0, 1.0, 1.0, 1.0, 1.0, 1.0, 1.0]",0.0,"[1.0, 0.8, 0.8, 0.8, 0.8, 1.0, 1.0, 0.8, 1.0, 0.8, 1.0, 1.0, 0.8, 1.0, 1.0, 1.0, 1.0, 0.8, 0.8, 1.0, 1.0, 0.8, 1.0, 1.0, 1.0, 1.0, 0.8, 1.0, 1.0, 0.8]",0.0979795897113271,9.985013583511308e-05
california,rf,5000,2,8,b3_is,A2,0.0,0.0,5000.0,0.9968253968253968,0.0080936817676075,0.9904761904761902,1.0,1.0,0.0011477539582972,1.3856002812612815,"[0.9999999999999998, 0.9999999999999998, 0.9999999999999998, 0.9999999999999998, 0.9999999999999998, 0.9999999999999998, 0.9999999999999998, 0.9999999999999998, 0.9999999999999998, 0.9285714285714285, 0.9999999999999998, 0.9999999999999998, 0.9999999999999998, 0.9999999999999998, 0.9999999999999998, 0.9999999999999998, 0.9999999999999998, 0.9285714285714285, 0.9999999999999998, 0.9999999999999998, 0.9999999999999998, 0.9999999999999998, 0.9999999999999998, 0.9999999999999998, 0.9999999999999998, 0.9999999999999998, 0.9999999999999998, 0.9285714285714285, 0.9999999999999998, 0.9285714285714285]",0.0242810453028227,0.0007723520934905,0.0015643188046338,0.0001434692447871,0.0001421908313633,"[0.0008195338792637016, 0.0007575481562478357, 0.0005209749268383199, 0.0002403514381661494, 0.0004497615254235528, 0.0004054374117508123, 0.0002172284651356009, 0.00036758676595958486, 0.0005314089526321186, 0.00395370949332666, 0.0019609868916932983, 0.002459094305722605, 0.001556175369790437, 0.0005055373914242637, 0.00014551085434073128, 0.0010251514669353745, 0.0032524666233690112, 0.00048128140569677214, 0.0007515647021208094, 0.00043661083987909486, 0.00032542964443114356, 0.0006362859687744677, 0.00011641529046063662, 0.0003497179958875124, 0.0002580222556970486, 0.0020319827911744574, 0.0011131655074110881, 0.004418983571356135, 0.0020194042556011945, 0.002325290602406558]",0.0011375266509066,5000.0,0.9936507936507936,0.9992063492063492,"[1.0, 1.0, 1.0, 1.0, 1.0, 1.0, 1.0, 1.0, 1.0, 0.9761904761904763, 1.0, 1.0, 1.0, 1.0, 1.0, 1.0, 1.0, 0.9761904761904763, 1.0, 1.0, 1.0, 1.0, 1.0, 1.0, 1.0, 1.0, 1.0, 0.9761904761904763, 1.0, 0.9761904761904763]",52.87969404000323,2.974359743554451,"[1.0, 1.0, 1.0, 1.0, 1.0, 1.0, 1.0, 1.0, 1.0, 1.0, 1.0, 1.0, 1.0, 1.0, 1.0, 1.0, 1.0, 1.0, 1.0, 1.0, 1.0, 1.0, 1.0, 1.0, 1.0, 1.0, 1.0, 1.0, 1.0, 1.0]",0.0,"[1.0, 1.0, 1.0, 1.0, 1.0, 1.0, 1.0, 1.0, 1.0, 1.0, 1.0, 1.0, 1.0, 1.0, 1.0, 1.0, 1.0, 1.0, 1.0, 1.0, 1.0, 1.0, 1.0, 1.0, 1.0, 1.0, 1.0, 1.0, 1.0, 1.0]",0.0,9.919759729783542e-05
california,rf,5000,2,8,b4_antithetic,A2,0.0,0.0,5000.0,0.8476190476190475,0.0209379459655125,0.7380952380952379,1.0,0.8000000000000003,0.0057728959476199,6.969199444610314,"[0.7857142857142856, 0.7857142857142856, 0.7142857142857142, 0.7857142857142856, 0.7142857142857142, 0.7142857142857142, 0.7142857142857142, 0.7142857142857142, 0.7142857142857142, 0.7142857142857142, 0.7142857142857142, 0.7142857142857142, 0.7142857142857142, 0.7142857142857142, 0.7142857142857142, 0.7142857142857142, 0.7857142857142856, 0.7142857142857142, 0.7142857142857142, 0.7142857142857142, 0.7142857142857142, 0.7857142857142856, 0.7857142857142856, 0.7857142857142856, 0.7857142857142856, 0.7142857142857142, 0.7142857142857142, 0.7142857142857142, 0.7857142857142856, 0.7857142857142856]",0.0336717514850736,0.0054199801425245,0.006131178984341,0.0007216119934524,0.0001169577771444,"[0.005777105378937561, 0.004971122506489518, 0.005274042945395927, 0.005811871568519463, 0.005042311061758699, 0.006570444583232198, 0.004918481255292426, 0.0063495257492454235, 0.004925145049037303, 0.005881535638507728, 0.004130230194752298, 0.0055678624862073554, 0.004556528425258769, 0.005970956220524384, 0.0076001420402556875, 0.004691659566561515, 0.0036919784991120783, 0.006331601208228362, 0.00666549959294835, 0.005492339612357184, 0.005878868097905758, 0.006341277720997526, 0.006494929173986352, 0.004982920861491615, 0.008002923563568198, 0.006281275871605153, 0.0063488658987207415, 0.0062016652694697515, 0.005715908274802015, 0.006717860113430152]",0.0009356622171552,5000.0,0.8404761904761903,0.8555555555555555,"[0.8571428571428572, 0.880952380952381, 0.8333333333333335, 0.880952380952381, 0.8333333333333335, 0.8333333333333335, 0.8333333333333335, 0.8333333333333335, 0.8333333333333335, 0.8333333333333335, 0.8333333333333335, 0.8333333333333335, 0.8333333333333335, 0.8333333333333335, 0.8333333333333335, 0.8333333333333335, 0.8571428571428572, 0.8333333333333335, 0.8333333333333335, 0.8333333333333335, 0.8333333333333335, 0.880952380952381, 0.880952380952381, 0.880952380952381, 0.880952380952381, 0.8333333333333335, 0.8333333333333335, 0.8333333333333335, 0.880952380952381, 0.880952380952381]",51.92012597333523,2.966253253422307,"[1.0, 1.0, 1.0, 1.0, 1.0, 1.0, 1.0, 1.0, 1.0, 1.0, 1.0, 1.0, 1.0, 1.0, 1.0, 1.0, 1.0, 1.0, 1.0, 1.0, 1.0, 1.0, 1.0, 1.0, 1.0, 1.0, 1.0, 1.0, 1.0, 1.0]",0.0,"[0.8, 0.8, 0.8, 0.8, 0.8, 0.8, 0.8, 0.8, 0.8, 0.8, 0.8, 0.8, 0.8, 0.8, 0.8, 0.8, 0.8, 0.8, 0.8, 0.8, 0.8, 0.8, 0.8, 0.8, 0.8, 0.8, 0.8, 0.8, 0.8, 0.8]",2.220446049250313e-16,1.3209739488354857e-05
california,rf,5000,3,8,abc_shap,A2,0.4992,2496.0,2504.0,0.7420634920634923,0.1798718084440001,0.6595238095238094,0.7555555555555558,0.8666666666666668,0.0091925018674554,55.33834572631695,"[0.4999999999999999, 0.4999999999999999, 0.7857142857142856, 0.9999999999999998, 0.8571428571428571, 0.9285714285714285, 0.9999999999999998, 0.4999999999999999, 0.5714285714285714, 0.42857142857142855, 0.7857142857142856, 0.4999999999999999, 0.8571428571428571, 0.5714285714285714, 0.8571428571428571, 0.8571428571428571, 0.4999999999999999, 0.5714285714285714, 0.42857142857142855, 0.9285714285714285, 0.7142857142857142, 0.4999999999999999, 0.4999999999999999, 0.42857142857142855, 0.6428571428571428, 0.5714285714285714, 0.42857142857142855, 0.6428571428571428, 0.9285714285714285, 0.4999999999999999]",0.1904910708473296,0.0061885887216841,0.0122827072269035,0.0011490627334319,0.0011201209972704,"[0.009998222031353733, 0.012912405280875488, 0.0016573472668337686, 0.0001246149885140292, 0.039994733153929415, 0.00038596900041588494, 0.0012569835169727146, 0.017914001170742877, 0.014452189481937851, 0.009616718427272327, 0.016687095450747775, 0.023444453784946077, 0.0012695758276310223, 0.011048910323962907, 0.0003954855169874779, 0.001594994029062367, 0.011827451610269511, 0.007992597013814695, 0.01157196259062139, 0.0007571453887598047, 0.0007727240650446752, 0.016008697339179194, 0.0247200371747, 0.01113273348817738, 0.0031508385267140213, 0.006026388011796977, 0.008627457787129708, 0.003425289545635137, 0.0013359032453676826, 0.00567213098426887]",0.0089609679781632,2496.0,0.6785714285714287,0.8071825396825397,"[0.5714285714285715, 0.5714285714285715, 0.9047619047619048, 1.0, 0.9285714285714287, 0.9761904761904763, 1.0, 0.5952380952380953, 0.6428571428571429, 0.523809523809524, 0.9047619047619048, 0.5952380952380953, 0.9523809523809524, 0.6428571428571429, 0.9523809523809524, 0.9523809523809524, 0.5714285714285715, 0.6428571428571429, 0.523809523809524, 0.9761904761904763, 0.880952380952381, 0.5952380952380953, 0.5952380952380953, 0.523809523809524, 0.7619047619047621, 0.6428571428571429, 0.523809523809524, 0.7619047619047621, 0.9761904761904763, 0.5714285714285715]",57.47787028666741,2.4008928219274783,"[0.6666666666666666, 0.6666666666666666, 0.6666666666666666, 1.0, 1.0, 1.0, 1.0, 0.6666666666666666, 0.6666666666666666, 0.6666666666666666, 1.0, 0.6666666666666666, 0.6666666666666666, 0.6666666666666666, 1.0, 0.6666666666666666, 0.6666666666666666, 0.6666666666666666, 0.6666666666666666, 1.0, 0.6666666666666666, 0.6666666666666666, 0.6666666666666666, 0.6666666666666666, 0.6666666666666666, 0.6666666666666666, 0.6666666666666666, 0.6666666666666666, 1.0, 0.6666666666666666]",0.1474055462380177,"[0.8, 0.8, 1.0, 1.0, 0.8, 1.0, 1.0, 0.8, 0.8, 0.8, 0.8, 0.8, 1.0, 0.8, 1.0, 1.0, 0.8, 0.8, 0.8, 1.0, 1.0, 0.8, 0.8, 0.8, 0.8, 0.8, 0.8, 0.8, 1.0, 0.8]",0.0942809041582063,0.000791971898341
california,rf,5000,3,8,b1_uniform,A2,0.0,0.0,5000.0,0.8412698412698414,0.0720432109073664,0.7333333333333331,0.6666666666666669,0.8400000000000002,0.0026676373386023,16.0590271772087,"[0.7857142857142856, 0.8571428571428571, 0.7142857142857142, 0.6428571428571428, 0.7857142857142856, 0.6428571428571428, 0.6428571428571428, 0.8571428571428571, 0.7142857142857142, 0.8571428571428571, 0.7142857142857142, 0.6428571428571428, 0.7142857142857142, 0.7857142857142856, 0.7142857142857142, 0.6428571428571428, 0.6428571428571428, 0.6428571428571428, 0.7142857142857142, 0.7857142857142856, 0.8571428571428571, 0.7142857142857142, 0.7142857142857142, 0.6428571428571428, 0.6428571428571428, 0.7857142857142856, 0.7857142857142856, 0.8571428571428571, 0.7142857142857142, 0.7857142857142856]",0.0758922735738534,0.002424566254268,0.0029072576120484,0.0003334546673252,8.664170204390585e-05,"[0.0017943340366052866, 0.001770907916181026, 0.0029726182333944936, 0.0024994628265266705, 0.002514203966439739, 0.003426735025562076, 0.0033199151404410725, 0.0023489797044050635, 0.002549956630021965, 0.0016507768807994783, 0.0027356864453359827, 0.004174452998113929, 0.002925794234713612, 0.0026735524719565325, 0.0028677256505278198, 0.002956101606210442, 0.002870364347617236, 0.0038855158909613502, 0.0027327732245829564, 0.0027137317199801103, 0.0027887566655669166, 0.004121290041117027, 0.0017748029871077018, 0.0021447899441953727, 0.0030593236880412616, 0.0019903791295614623, 0.0021137180908808086, 0.0013993003322679061, 0.0032689626635091736, 0.0019842076654463608]",0.0006931336163512,5000.0,0.8142857142857145,0.8666666666666668,"[0.9047619047619048, 0.9523809523809524, 0.8095238095238096, 0.7619047619047621, 0.9047619047619048, 0.7619047619047621, 0.7619047619047621, 0.9523809523809524, 0.8095238095238096, 0.9523809523809524, 0.8095238095238096, 0.7619047619047621, 0.8095238095238096, 0.9047619047619048, 0.8095238095238096, 0.7619047619047621, 0.7619047619047621, 0.7619047619047621, 0.8095238095238096, 0.9047619047619048, 0.9523809523809524, 0.8095238095238096, 0.8095238095238096, 0.7619047619047621, 0.7619047619047621, 0.9047619047619048, 0.9047619047619048, 0.9523809523809524, 0.8095238095238096, 0.9047619047619048]",56.3138516700002,3.0037803551541726,"[0.6666666666666666, 0.6666666666666666, 0.6666666666666666, 0.6666666666666666, 0.6666666666666666, 0.6666666666666666, 0.6666666666666666, 0.6666666666666666, 0.6666666666666666, 0.6666666666666666, 0.6666666666666666, 0.6666666666666666, 0.6666666666666666, 0.6666666666666666, 0.6666666666666666, 0.6666666666666666, 0.6666666666666666, 0.6666666666666666, 0.6666666666666666, 0.6666666666666666, 0.6666666666666666, 0.6666666666666666, 0.6666666666666666, 0.6666666666666666, 0.6666666666666666, 0.6666666666666666, 0.6666666666666666, 0.6666666666666666, 0.6666666666666666, 0.6666666666666666]",2.220446049250313e-16,"[1.0, 1.0, 0.8, 0.8, 0.8, 0.8, 0.8, 1.0, 0.8, 1.0, 0.8, 0.8, 0.8, 0.8, 0.8, 0.8, 0.8, 0.8, 0.8, 0.8, 1.0, 0.8, 0.8, 0.8, 0.8, 0.8, 0.8, 1.0, 0.8, 0.8]",0.0799999999999999,2.4111664529863303e-05
california,rf,5000,3,8,b2_stratified,A2,0.0,0.0,5000.0,0.9936507936507936,0.0105289675884298,0.9809523809523808,0.9777777777777776,1.0,0.0001661145042701,1.0,"[0.9999999999999998, 0.9999999999999998, 0.9999999999999998, 0.9999999999999998, 0.9999999999999998, 0.9999999999999998, 0.9999999999999998, 0.9999999999999998, 0.9285714285714285, 0.9999999999999998, 0.9285714285714285, 0.9285714285714285, 0.9999999999999998, 0.9285714285714285, 0.9999999999999998, 0.9285714285714285, 0.9999999999999998, 0.9999999999999998, 0.9999999999999998, 0.9285714285714285, 0.9999999999999998, 0.9999999999999998, 0.9285714285714285, 0.9999999999999998, 0.9999999999999998, 0.9999999999999998, 0.9999999999999998, 0.9285714285714285, 0.9999999999999998, 0.9999999999999998]",0.0315869027652894,0.0001189675281828,0.0002146900866278,2.076431303376464e-05,1.738729817219285e-05,"[8.45400604741598e-05, 0.0003533228156050948, 5.3980841966709455e-05, 7.580852542232683e-05, 7.798599118562032e-05, 0.00021026892643688505, 0.00015093157392038575, 0.00017825127920852355, 0.0001117337092800189, 8.673920887979925e-05, 0.000587229565264315, 7.135348658277489e-05, 0.00012236581960773068, 0.0002598551713792597, 4.429792248832087e-05, 0.000384150729036741, 0.00015634040785845896, 0.00016987072171823723, 3.135788249471527e-05, 0.00037388639478032234, 3.350958047908935e-05, 6.407157047951117e-05, 0.000253304884823445, 0.00013357109806982217, 4.217503379268867e-05, 0.0001719749765236848, 6.572026418727758e-05, 0.0001319357874998484, 0.00047502092310643676, 2.7879975551310464e-05]",0.0001390983853775,5000.0,0.9896825396825396,0.9968253968253968,"[1.0, 1.0, 1.0, 1.0, 1.0, 1.0, 1.0, 1.0, 0.9761904761904763, 1.0, 0.9761904761904763, 0.9761904761904763, 1.0, 0.9761904761904763, 1.0, 0.9761904761904763, 1.0, 1.0, 1.0, 0.9761904761904763, 1.0, 1.0, 0.9761904761904763, 1.0, 1.0, 1.0, 1.0, 0.9761904761904763, 1.0, 1.0]",57.11503659999968,3.435462004958373,"[1.0, 1.0, 1.0, 1.0, 1.0, 1.0, 1.0, 1.0, 1.0, 1.0, 0.6666666666666666, 1.0, 1.0, 0.6666666666666666, 1.0, 1.0, 1.0, 1.0, 1.0, 1.0, 1.0, 1.0, 1.0, 1.0, 1.0, 1.0, 1.0, 1.0, 1.0, 1.0]",0.0831479419283098,"[1.0, 1.0, 1.0, 1.0, 1.0, 1.0, 1.0, 1.0, 1.0, 1.0, 1.0, 1.0, 1.0, 1.0, 1.0, 1.0, 1.0, 1.0, 1.0, 1.0, 1.0, 1.0, 1.0, 1.0, 1.0, 1.0, 1.0, 1.0, 1.0, 1.0]",0.0,1.9615708731753757e-05
california,rf,5000,3,8,b3_is,A2,0.0,0.0,5000.0,0.973015873015873,0.0243845896757733,0.9333333333333332,1.0,0.96,0.0004288281408043,2.581521358947788,"[0.9285714285714285, 0.9285714285714285, 0.9285714285714285, 0.9999999999999998, 0.8571428571428571, 0.9285714285714285, 0.9285714285714285, 0.9285714285714285, 0.8571428571428571, 0.9285714285714285, 0.9285714285714285, 0.9999999999999998, 0.8571428571428571, 0.9285714285714285, 0.9285714285714285, 0.8571428571428571, 0.9285714285714285, 0.9285714285714285, 0.8571428571428571, 0.9999999999999998, 0.9999999999999998, 0.8571428571428571, 0.9285714285714285, 0.9285714285714285, 0.9999999999999998, 0.9285714285714285, 0.9999999999999998, 0.9999999999999998, 0.9999999999999998, 0.9285714285714285]",0.0485620906056455,0.0003274806788559,0.000534142229874,5.360351760054136e-05,3.528648900406074e-05,"[0.0002997674599171106, 0.00012129209704128248, 0.00041339979999335043, 0.0002951573814520244, 0.0011706983534570702, 0.0007724251656531157, 0.00022063910757752546, 0.0006124387623882408, 0.0008823609501382498, 0.00022385293555622195, 0.00028373330859047147, 7.555081257051958e-05, 0.0009427288069116913, 0.00029922722759281623, 0.000503201012924438, 0.000655650699024418, 0.000155648390655895, 0.0002328617887726351, 0.0007605328375574973, 0.0003301258173600523, 0.00010636204965179758, 0.0008692293363962633, 0.00032491770295382626, 0.0006657724243862925, 0.00017494632411987126, 0.00022118275322679699, 0.0003457270754486842, 0.0002254871501812843, 0.0002530639509810177, 0.00042686274164946604]",0.0002822919120324,5000.0,0.9634920634920632,0.980952380952381,"[0.9761904761904763, 0.9761904761904763, 0.9761904761904763, 1.0, 0.9285714285714287, 0.9761904761904763, 0.9761904761904763, 0.9761904761904763, 0.9285714285714287, 0.9761904761904763, 0.9761904761904763, 1.0, 0.9285714285714287, 0.9761904761904763, 0.9761904761904763, 0.9285714285714287, 0.9761904761904763, 0.9761904761904763, 0.9285714285714287, 1.0, 1.0, 0.9285714285714287, 0.9761904761904763, 0.9761904761904763, 1.0, 0.9761904761904763, 1.0, 1.0, 1.0, 0.9761904761904763]",58.006431986669,2.513537598495785,"[1.0, 1.0, 1.0, 1.0, 1.0, 1.0, 1.0, 1.0, 1.0, 1.0, 1.0, 1.0, 1.0, 1.0, 1.0, 1.0, 1.0, 1.0, 1.0, 1.0, 1.0, 1.0, 1.0, 1.0, 1.0, 1.0, 1.0, 1.0, 1.0, 1.0]",0.0,"[1.0, 1.0, 1.0, 1.0, 0.8, 1.0, 1.0, 1.0, 0.8, 1.0, 1.0, 1.0, 0.8, 1.0, 1.0, 0.8, 1.0, 1.0, 0.8, 1.0, 1.0, 0.8, 1.0, 1.0, 1.0, 1.0, 1.0, 1.0, 1.0, 1.0]",0.0799999999999999,2.009791985921363e-05
california,rf,5000,3,8,b4_antithetic,A2,0.0,0.0,5000.0,0.8095238095238098,0.0476190476190475,0.7023809523809523,0.6666666666666669,0.8000000000000003,0.0025426108670644,15.306374830038722,"[0.7142857142857142, 0.7142857142857142, 0.6428571428571428, 0.7142857142857142, 0.6428571428571428, 0.7142857142857142, 0.6428571428571428, 0.6428571428571428, 0.6428571428571428, 0.7857142857142856, 0.7142857142857142, 0.6428571428571428, 0.7857142857142856, 0.7142857142857142, 0.7142857142857142, 0.7142857142857142, 0.7142857142857142, 0.6428571428571428, 0.7142857142857142, 0.7857142857142856, 0.7142857142857142, 0.7142857142857142, 0.7142857142857142, 0.6428571428571428, 0.6428571428571428, 0.7142857142857142, 0.6428571428571428, 0.7857142857142856, 0.7142857142857142, 0.7857142857142856]",0.0490845907811626,0.0023907936677697,0.0027023804674667,0.000317826358383,5.422916948972555e-05,"[0.0022201928273092677, 0.002616022654268659, 0.0021167595828004942, 0.0029739120857948595, 0.0024757020400015357, 0.0034683511463058305, 0.0026190573379026747, 0.0027346900377895607, 0.0032730319045536074, 0.002022119873289505, 0.0020369117731416104, 0.002007349098397117, 0.0020403306369080575, 0.0026274829728213183, 0.0034563134296904247, 0.0026644753222033342, 0.002775394437625197, 0.002419003683170222, 0.002347994360887059, 0.002295467986111666, 0.0025934085760638595, 0.0034740968501466764, 0.002798381907007024, 0.002315062146254653, 0.0026132771925432086, 0.0023286954793703533, 0.0025573025912886686, 0.002072486477322642, 0.0023915057117806626, 0.0019435458891846544]",0.0004338333559178,5000.0,0.7936507936507939,0.8269841269841272,"[0.8095238095238096, 0.8095238095238096, 0.7619047619047621, 0.8095238095238096, 0.7619047619047621, 0.8095238095238096, 0.7619047619047621, 0.7619047619047621, 0.7619047619047621, 0.9047619047619048, 0.8095238095238096, 0.7619047619047621, 0.9047619047619048, 0.8095238095238096, 0.8095238095238096, 0.8095238095238096, 0.8095238095238096, 0.7619047619047621, 0.8095238095238096, 0.9047619047619048, 0.8095238095238096, 0.8095238095238096, 0.8095238095238096, 0.7619047619047621, 0.7619047619047621, 0.8095238095238096, 0.7619047619047621, 0.9047619047619048, 0.8095238095238096, 0.9047619047619048]",56.87006297667104,2.697071517538661,"[0.6666666666666666, 0.6666666666666666, 0.6666666666666666, 0.6666666666666666, 0.6666666666666666, 0.6666666666666666, 0.6666666666666666, 0.6666666666666666, 0.6666666666666666, 0.6666666666666666, 0.6666666666666666, 0.6666666666666666, 0.6666666666666666, 0.6666666666666666, 0.6666666666666666, 0.6666666666666666, 0.6666666666666666, 0.6666666666666666, 0.6666666666666666, 0.6666666666666666, 0.6666666666666666, 0.6666666666666666, 0.6666666666666666, 0.6666666666666666, 0.6666666666666666, 0.6666666666666666, 0.6666666666666666, 0.6666666666666666, 0.6666666666666666, 0.6666666666666666]",2.220446049250313e-16,"[0.8, 0.8, 0.8, 0.8, 0.8, 0.8, 0.8, 0.8, 0.8, 0.8, 0.8, 0.8, 0.8, 0.8, 0.8, 0.8, 0.8, 0.8, 0.8, 0.8, 0.8, 0.8, 0.8, 0.8, 0.8, 0.8, 0.8, 0.8, 0.8, 0.8]",2.220446049250313e-16,7.209730048134112e-06
california,rf,5000,4,8,abc_shap,A2,0.4992,2496.0,2504.0,0.8436507936507937,0.0953735808777947,0.7357142857142855,0.8111111111111112,0.8733333333333334,0.0159182027113399,29.162976252226304,"[0.7857142857142856, 0.8571428571428571, 0.5714285714285714, 0.7142857142857142, 0.7142857142857142, 0.7857142857142856, 0.5714285714285714, 0.7142857142857142, 0.5714285714285714, 0.5714285714285714, 0.6428571428571428, 0.8571428571428571, 0.7857142857142856, 0.9285714285714285, 0.6428571428571428, 0.5714285714285714, 0.9999999999999998, 0.7142857142857142, 0.6428571428571428, 0.5714285714285714, 0.8571428571428571, 0.7857142857142856, 0.6428571428571428, 0.8571428571428571, 0.7142857142857142, 0.6428571428571428, 0.9285714285714285, 0.8571428571428571, 0.9285714285714285, 0.6428571428571428]",0.1266389156854495,0.0086151404178485,0.0244367078100491,0.0019897753389174,0.002752578676362,"[0.005186890975768303, 0.0020969310546511827, 0.07425183388785603, 0.01225567217243032, 0.0024659524788933546, 0.0025232869709338147, 0.05100828357093639, 0.003444398277573796, 0.0719433503114943, 0.05313791855391127, 0.008406434548434582, 0.0007465754205668205, 0.002310682247805421, 0.0005431408309418368, 0.01049549494567261, 0.05822340411945764, 0.0002493264224165378, 0.005031804526583145, 0.004656824372029138, 0.003880580466264126, 0.0035770368559312764, 0.007301785016125588, 0.014895134192746396, 0.005601616653322583, 0.008919140342959686, 0.033100155092665555, 0.0005832004704029224, 0.0018032579111049419, 0.002760260008318745, 0.026145708641998697]",0.0220206294108962,2496.0,0.8102976190476191,0.8777976190476191,"[0.9047619047619048, 0.9523809523809524, 0.6904761904761906, 0.8333333333333335, 0.8333333333333335, 0.9047619047619048, 0.6904761904761906, 0.8333333333333335, 0.6904761904761906, 0.6904761904761906, 0.7380952380952381, 0.9285714285714287, 0.9047619047619048, 0.9761904761904763, 0.8095238095238096, 0.6904761904761906, 1.0, 0.8333333333333335, 0.7857142857142858, 0.7619047619047621, 0.9285714285714287, 0.8571428571428572, 0.8095238095238096, 0.9285714285714287, 0.8333333333333335, 0.8095238095238096, 0.9761904761904763, 0.9285714285714287, 0.9761904761904763, 0.8095238095238096]",57.2027487666676,4.846820913468283,"[0.6666666666666666, 1.0, 0.6666666666666666, 0.6666666666666666, 1.0, 1.0, 0.6666666666666666, 0.6666666666666666, 0.6666666666666666, 0.6666666666666666, 1.0, 1.0, 0.6666666666666666, 1.0, 0.6666666666666666, 0.6666666666666666, 1.0, 0.6666666666666666, 1.0, 1.0, 1.0, 1.0, 0.6666666666666666, 0.6666666666666666, 0.6666666666666666, 0.6666666666666666, 1.0, 0.6666666666666666, 1.0, 0.6666666666666666]",0.1651785416368723,"[1.0, 1.0, 0.8, 0.8, 0.8, 1.0, 0.8, 0.8, 0.8, 0.8, 0.8, 0.8, 1.0, 1.0, 0.8, 0.8, 1.0, 0.8, 0.8, 0.8, 1.0, 0.8, 0.8, 1.0, 0.8, 0.8, 1.0, 1.0, 1.0, 0.8]",0.0963788819653397,0.0014698291091732
california,rf,5000,4,8,b1_uniform,A2,0.0,0.0,5000.0,0.9222222222222224,0.0407476115968045,0.8214285714285713,0.6666666666666669,0.96,0.0022006102787487,4.031632619795504,"[0.9285714285714285, 0.7857142857142856, 0.7857142857142856, 0.7857142857142856, 0.7857142857142856, 0.7857142857142856, 0.8571428571428571, 0.8571428571428571, 0.7857142857142856, 0.8571428571428571, 0.7142857142857142, 0.7142857142857142, 0.7857142857142856, 0.8571428571428571, 0.8571428571428571, 0.7857142857142856, 0.8571428571428571, 0.7142857142857142, 0.7142857142857142, 0.9285714285714285, 0.9285714285714285, 0.9285714285714285, 0.8571428571428571, 0.8571428571428571, 0.8571428571428571, 0.7857142857142856, 0.8571428571428571, 0.7857142857142856, 0.8571428571428571, 0.7857142857142856]",0.0632186573683417,0.0019317709291878,0.0025118804350725,0.0002750762848435,9.943865971585704e-05,"[0.0022428828376189498, 0.0015767493964566838, 0.0033536884384222725, 0.002817310386434738, 0.0019066678671615025, 0.0010693818599392011, 0.002392028382810508, 0.001740387901951513, 0.0019483849732846003, 0.0009527313710207324, 0.002521126035747698, 0.002876343847295086, 0.0025428165663708723, 0.0031777078623036943, 0.0016933336098319848, 0.0011888710057064522, 0.0018705170111161832, 0.002888604201026074, 0.003544833980374632, 0.0021535618906595526, 0.0019205248838011248, 0.0017566744881944627, 0.002055998494710481, 0.001819478883237893, 0.0020828875773932568, 0.004796867850426332, 0.0015618766796189915, 0.0016785115404974835, 0.0015335121509454889, 0.002354046388104357]",0.0007955092777268,5000.0,0.9063492063492063,0.9365079365079364,"[0.9761904761904763, 0.9047619047619048, 0.9047619047619048, 0.9047619047619048, 0.9047619047619048, 0.9285714285714287, 0.9285714285714287, 0.9285714285714287, 0.9047619047619048, 0.9523809523809524, 0.8333333333333335, 0.8333333333333335, 0.9047619047619048, 0.9285714285714287, 0.9523809523809524, 0.9047619047619048, 0.9523809523809524, 0.8333333333333335, 0.8571428571428572, 0.9761904761904763, 0.9761904761904763, 0.9761904761904763, 0.9523809523809524, 0.9523809523809524, 0.9523809523809524, 0.9047619047619048, 0.9523809523809524, 0.9047619047619048, 0.9523809523809524, 0.9285714285714287]",55.50083237666501,4.005216127005117,"[0.6666666666666666, 0.6666666666666666, 0.6666666666666666, 0.6666666666666666, 0.6666666666666666, 0.6666666666666666, 0.6666666666666666, 0.6666666666666666, 0.6666666666666666, 0.6666666666666666, 0.6666666666666666, 0.6666666666666666, 0.6666666666666666, 0.6666666666666666, 0.6666666666666666, 0.6666666666666666, 0.6666666666666666, 0.6666666666666666, 0.6666666666666666, 0.6666666666666666, 0.6666666666666666, 0.6666666666666666, 0.6666666666666666, 0.6666666666666666, 0.6666666666666666, 0.6666666666666666, 0.6666666666666666, 0.6666666666666666, 0.6666666666666666, 0.6666666666666666]",2.220446049250313e-16,"[1.0, 1.0, 1.0, 1.0, 1.0, 0.8, 1.0, 1.0, 1.0, 1.0, 0.8, 0.8, 1.0, 1.0, 1.0, 1.0, 1.0, 0.8, 0.8, 1.0, 1.0, 1.0, 1.0, 1.0, 1.0, 1.0, 1.0, 1.0, 1.0, 0.8]",0.0799999999999999,5.9692209016729696e-05
california,rf,5000,4,8,b2_stratified,A2,0.0,0.0,5000.0,0.98015873015873,0.0185279643332202,0.9404761904761902,0.9555555555555556,1.0,0.0005458360139124,1.0,"[0.9999999999999998, 0.9999999999999998, 0.9999999999999998, 0.9999999999999998, 0.9285714285714285, 0.9999999999999998, 0.9999999999999998, 0.9285714285714285, 0.9999999999999998, 0.8571428571428571, 0.8571428571428571, 0.9285714285714285, 0.9999999999999998, 0.9285714285714285, 0.9999999999999998, 0.8571428571428571, 0.9285714285714285, 0.8571428571428571, 0.9285714285714285, 0.9999999999999998, 0.9285714285714285, 0.8571428571428571, 0.8571428571428571, 0.9285714285714285, 0.9285714285714285, 0.9285714285714285, 0.9285714285714285, 0.8571428571428571, 0.9999999999999998, 0.9999999999999998]",0.0555838929996606,0.0003795201146892,0.0007343437606842,6.822950173906163e-05,6.098487244739412e-05,"[0.0002052151851777585, 0.0002476281563767526, 0.00020233988117826548, 0.0016334685449796483, 0.0003431636994516145, 0.0014360878357794627, 0.0002308870225824236, 0.00018663014296028057, 0.00022425324000094834, 0.0009678825927420809, 0.0006235265955376874, 0.00013743117844777216, 0.00033671566042495254, 0.000846991685585216, 0.00025869118863930136, 0.000603475516743876, 0.0006126711956172817, 0.000800300591374032, 0.00014399386848535875, 0.0001955374107492906, 0.0014135999913029527, 0.0004867376921644342, 0.00046180833365192794, 0.002035594376581435, 0.0006381296896555082, 0.00023982627859123721, 9.799424313700429e-05, 0.0002681029089965768, 0.00019775623595799413, 0.00029863947450171777]",0.0004878789795791,5000.0,0.9738095238095238,0.9865079365079364,"[1.0, 1.0, 1.0, 1.0, 0.9761904761904763, 1.0, 1.0, 0.9761904761904763, 1.0, 0.9523809523809524, 0.9523809523809524, 0.9761904761904763, 1.0, 0.9761904761904763, 1.0, 0.9523809523809524, 0.9761904761904763, 0.9523809523809524, 0.9761904761904763, 1.0, 0.9761904761904763, 0.9523809523809524, 0.9523809523809524, 0.9761904761904763, 0.9761904761904763, 0.9761904761904763, 0.9761904761904763, 0.9523809523809524, 1.0, 1.0]",55.924053513330485,3.171294297972889,"[1.0, 1.0, 1.0, 1.0, 1.0, 1.0, 1.0, 1.0, 1.0, 0.6666666666666666, 1.0, 1.0, 1.0, 0.6666666666666666, 1.0, 1.0, 1.0, 1.0, 1.0, 1.0, 1.0, 1.0, 0.6666666666666666, 1.0, 1.0, 1.0, 1.0, 0.6666666666666666, 1.0, 1.0]",0.1133115447465063,"[1.0, 1.0, 1.0, 1.0, 1.0, 1.0, 1.0, 1.0, 1.0, 1.0, 1.0, 1.0, 1.0, 1.0, 1.0, 1.0, 1.0, 1.0, 1.0, 1.0, 1.0, 1.0, 1.0, 1.0, 1.0, 1.0, 1.0, 1.0, 1.0, 1.0]",0.0,6.583917284442552e-05
california,rf,5000,4,8,b3_is,A2,0.0,0.0,5000.0,0.9809523809523808,0.0248958526053303,0.9499999999999998,1.0,0.98,0.0004920338306045,0.9014315986182696,"[0.9285714285714285, 0.9285714285714285, 0.9285714285714285, 0.9999999999999998, 0.9999999999999998, 0.7857142857142856, 0.9999999999999998, 0.9999999999999998, 0.9999999999999998, 0.9999999999999998, 0.9285714285714285, 0.9285714285714285, 0.9285714285714285, 0.8571428571428571, 0.9285714285714285, 0.9999999999999998, 0.9285714285714285, 0.9999999999999998, 0.9999999999999998, 0.9285714285714285, 0.8571428571428571, 0.9999999999999998, 0.9999999999999998, 0.9999999999999998, 0.9999999999999998, 0.9999999999999998, 0.9999999999999998, 0.8571428571428571, 0.9285714285714285, 0.8571428571428571]",0.0587569651393002,0.00033427257195,0.0006952261034018,6.150422882557033e-05,6.351277825098568e-05,"[0.0022272275676309314, 0.0003002984664727553, 0.0007120951010847181, 0.00012131437018536138, 0.0010532273808779185, 0.0017813460946021664, 8.093733091471868e-05, 0.0004844921242240489, 0.0011454354890735319, 0.00023112894478558642, 0.0004024677825205938, 0.0001927460081884744, 0.0007420422869033469, 0.00023754513696543599, 0.0001794073500656522, 0.0005223160314360226, 0.00010606696627165747, 0.000289807211763971, 0.000323766674259945, 0.00018456753534929708, 0.0002425319219735685, 0.00022865952276797784, 0.00019486765600293274, 0.00048852052817669, 0.00011192747989031835, 0.0001860831205679155, 5.023974028460956e-05, 0.001162499439152357, 0.0001543292548578837, 0.0006231204008864957]",0.0005081022260078,5000.0,0.972222222222222,0.9888888888888888,"[0.9761904761904763, 0.9761904761904763, 0.9761904761904763, 1.0, 1.0, 0.9047619047619048, 1.0, 1.0, 1.0, 1.0, 0.9761904761904763, 0.9761904761904763, 0.9761904761904763, 0.9523809523809524, 0.9761904761904763, 1.0, 0.9761904761904763, 1.0, 1.0, 0.9761904761904763, 0.9523809523809524, 1.0, 1.0, 1.0, 1.0, 1.0, 1.0, 0.9285714285714287, 0.9761904761904763, 0.9285714285714287]",57.74592854333265,6.929710885053363,"[1.0, 1.0, 1.0, 1.0, 1.0, 1.0, 1.0, 1.0, 1.0, 1.0, 1.0, 1.0, 1.0, 1.0, 1.0, 1.0, 1.0, 1.0, 1.0, 1.0, 1.0, 1.0, 1.0, 1.0, 1.0, 1.0, 1.0, 1.0, 1.0, 1.0]",0.0,"[1.0, 1.0, 1.0, 1.0, 1.0, 0.8, 1.0, 1.0, 1.0, 1.0, 1.0, 1.0, 1.0, 1.0, 1.0, 1.0, 1.0, 1.0, 1.0, 1.0, 1.0, 1.0, 1.0, 1.0, 1.0, 1.0, 1.0, 0.8, 1.0, 0.8]",0.0599999999999999,5.062240239683428e-05
california,rf,5000,4,8,b4_antithetic,A2,0.0,0.0,5000.0,0.9246031746031744,0.0261423318920644,0.8142857142857143,0.6666666666666669,0.9866666666666668,0.0019825143534191,3.632069528004839,"[0.8571428571428571, 0.8571428571428571, 0.7857142857142856, 0.7857142857142856, 0.7857142857142856, 0.7857142857142856, 0.8571428571428571, 0.7857142857142856, 0.8571428571428571, 0.7857142857142856, 0.8571428571428571, 0.7857142857142856, 0.7857142857142856, 0.8571428571428571, 0.8571428571428571, 0.7857142857142856, 0.8571428571428571, 0.7142857142857142, 0.7857142857142856, 0.8571428571428571, 0.8571428571428571, 0.7857142857142856, 0.7857142857142856, 0.7857142857142856, 0.8571428571428571, 0.8571428571428571, 0.8571428571428571, 0.7857142857142856, 0.7857142857142856, 0.7857142857142856]",0.0395553517281813,0.0018696012230091,0.002090646047406,0.0002478142941773,3.931878458860364e-05,"[0.0016908014050608967, 0.0016316451139246914, 0.0022684821559164486, 0.002123573585405257, 0.002107484735142862, 0.0017000320242746365, 0.0016274483299318961, 0.0019974488541255344, 0.0017843629792726897, 0.0018138921212196158, 0.0022174018227126783, 0.002363269327283456, 0.0020258663770345714, 0.001407367848806058, 0.001453513134501467, 0.002437067145432856, 0.0015715198989046976, 0.002057362776988264, 0.0021856019777372437, 0.0017704386891165358, 0.002129620078508295, 0.0021036680724160735, 0.0020054116835059193, 0.002531360410752465, 0.0018002389853690516, 0.0014565681908967226, 0.0023271987562887807, 0.002209492002666978, 0.0022463265648060378, 0.0024309655545730635]",0.0003145502767088,5000.0,0.9150793650793652,0.934126984126984,"[0.9523809523809524, 0.9523809523809524, 0.9285714285714287, 0.9047619047619048, 0.9047619047619048, 0.9047619047619048, 0.9523809523809524, 0.9047619047619048, 0.9523809523809524, 0.9047619047619048, 0.9523809523809524, 0.9047619047619048, 0.9047619047619048, 0.9523809523809524, 0.9523809523809524, 0.9047619047619048, 0.9523809523809524, 0.8571428571428572, 0.9047619047619048, 0.9523809523809524, 0.9523809523809524, 0.9047619047619048, 0.9047619047619048, 0.9047619047619048, 0.9523809523809524, 0.9523809523809524, 0.9523809523809524, 0.9047619047619048, 0.9047619047619048, 0.9047619047619048]",56.28646584333328,5.778958323394209,"[0.6666666666666666, 0.6666666666666666, 0.6666666666666666, 0.6666666666666666, 0.6666666666666666, 0.6666666666666666, 0.6666666666666666, 0.6666666666666666, 0.6666666666666666, 0.6666666666666666, 0.6666666666666666, 0.6666666666666666, 0.6666666666666666, 0.6666666666666666, 0.6666666666666666, 0.6666666666666666, 0.6666666666666666, 0.6666666666666666, 0.6666666666666666, 0.6666666666666666, 0.6666666666666666, 0.6666666666666666, 0.6666666666666666, 0.6666666666666666, 0.6666666666666666, 0.6666666666666666, 0.6666666666666666, 0.6666666666666666, 0.6666666666666666, 0.6666666666666666]",2.220446049250313e-16,"[1.0, 1.0, 0.8, 1.0, 1.0, 1.0, 1.0, 1.0, 1.0, 1.0, 1.0, 1.0, 1.0, 1.0, 1.0, 1.0, 1.0, 0.8, 1.0, 1.0, 1.0, 1.0, 1.0, 1.0, 1.0, 1.0, 1.0, 1.0, 1.0, 1.0]",0.0498887651569858,9.658821397735112e-06
california,rf,5000,5,8,abc_shap,A2,0.4992,2496.0,2504.0,0.8349206349206348,0.1182406512156424,0.719047619047619,0.7777777777777779,0.8733333333333334,0.0034995228003023,48.73319890310188,"[0.5714285714285714, 0.7857142857142856, 0.42857142857142855, 0.8571428571428571, 0.7857142857142856, 0.7142857142857142, 0.7142857142857142, 0.9285714285714285, 0.9285714285714285, 0.7857142857142856, 0.7142857142857142, 0.7142857142857142, 0.6428571428571428, 0.8571428571428571, 0.5714285714285714, 0.6428571428571428, 0.8571428571428571, 0.9285714285714285, 0.6428571428571428, 0.9285714285714285, 0.6428571428571428, 0.42857142857142855, 0.8571428571428571, 0.5714285714285714, 0.4999999999999999, 0.6428571428571428, 0.5714285714285714, 0.6428571428571428, 0.8571428571428571, 0.8571428571428571]",0.1463075380546401,0.0026163751736758,0.0044800261596816,0.0004374403500377,0.0003309826337246,"[0.006764437296293579, 0.0012316929677710384, 0.008936717374423402, 0.0008657028429651215, 0.0008882739803837303, 0.00299458352553923, 0.0025082576356010287, 0.0026739662276225157, 0.0019742618459055753, 0.0010721492718783277, 0.0015090028593820217, 0.002965734354207294, 0.003144807400838721, 0.0004234653730028436, 0.005830867049822738, 0.0024825629119964616, 0.0019861610025327225, 0.00016186239924784591, 0.003950460023074536, 8.151952291966093e-05, 0.0024450052799262286, 0.009566427663029996, 0.0021809198210624514, 0.007044102287137435, 0.009066237863068333, 0.003309362151985456, 0.006190473761560731, 0.004062578945811239, 0.005611303319844675, 0.003062787050234147]",0.0026478610697969,2496.0,0.7920238095238095,0.8738095238095238,"[0.6904761904761906, 0.9047619047619048, 0.5476190476190477, 0.9523809523809524, 0.9047619047619048, 0.8571428571428572, 0.8571428571428572, 0.9761904761904763, 0.9761904761904763, 0.9047619047619048, 0.8571428571428572, 0.8571428571428572, 0.7857142857142858, 0.9523809523809524, 0.7619047619047621, 0.7857142857142858, 0.9285714285714287, 0.9761904761904763, 0.7857142857142858, 0.9761904761904763, 0.7857142857142858, 0.5476190476190477, 0.9285714285714287, 0.7619047619047621, 0.6666666666666669, 0.7857142857142858, 0.6904761904761906, 0.7857142857142858, 0.9285714285714287, 0.9285714285714287]",54.783371403328296,4.565657758641028,"[0.6666666666666666, 0.6666666666666666, 0.6666666666666666, 1.0, 0.6666666666666666, 0.6666666666666666, 0.6666666666666666, 1.0, 1.0, 0.6666666666666666, 0.6666666666666666, 0.6666666666666666, 0.6666666666666666, 1.0, 0.6666666666666666, 0.6666666666666666, 1.0, 1.0, 0.6666666666666666, 1.0, 0.6666666666666666, 0.6666666666666666, 1.0, 0.6666666666666666, 0.6666666666666666, 0.6666666666666666, 0.6666666666666666, 0.6666666666666666, 1.0, 1.0]",0.1571348402636772,"[0.8, 1.0, 0.6, 1.0, 1.0, 0.8, 0.8, 1.0, 1.0, 1.0, 0.8, 0.8, 0.8, 1.0, 0.8, 0.8, 1.0, 1.0, 0.8, 1.0, 0.8, 0.6, 1.0, 0.8, 0.8, 0.8, 0.8, 0.8, 1.0, 1.0]",0.120922380981447,0.0003069067042897
california,rf,5000,5,8,b1_uniform,A2,0.0,0.0,5000.0,0.946031746031746,0.0161873635352152,0.8476190476190476,0.9555555555555556,1.0,0.0010181873838258,14.17894128088818,"[0.8571428571428571, 0.8571428571428571, 0.8571428571428571, 0.8571428571428571, 0.8571428571428571, 0.8571428571428571, 0.8571428571428571, 0.7857142857142856, 0.8571428571428571, 0.8571428571428571, 0.7857142857142856, 0.8571428571428571, 0.8571428571428571, 0.8571428571428571, 0.8571428571428571, 0.7857142857142856, 0.8571428571428571, 0.8571428571428571, 0.8571428571428571, 0.8571428571428571, 0.8571428571428571, 0.8571428571428571, 0.8571428571428571, 0.8571428571428571, 0.8571428571428571, 0.7857142857142856, 0.8571428571428571, 0.8571428571428571, 0.8571428571428571, 0.8571428571428571]",0.0242810453028228,0.0009015782452477,0.0011640257638819,0.0001272734229782,4.572595462619964e-05,"[0.0006918792404732892, 0.0010817230282721953, 0.001119155573213811, 0.0006822349187988246, 0.0006378070905332405, 0.0007458203071886995, 0.0008864472510808544, 0.001363666948165381, 0.0010378266152734018, 0.0017729363910218793, 0.0011843888578912942, 0.0006905171368743993, 0.0013889090282370876, 0.0007289188525904874, 0.000844764814940357, 0.0009160170344767799, 0.0011312564078044265, 0.0010942621374401453, 0.0008732438952528161, 0.0010040130532034078, 0.0007053379299754399, 0.0007105837945306149, 0.0010256892720314592, 0.000919209212978369, 0.0009573613634791996, 0.0010539353085440776, 0.0008196456398248588, 0.0009404917209398759, 0.0010479275777386398, 0.0024896511120011946]",0.0003658076370095,5000.0,0.9396825396825396,0.9507936507936507,"[0.9523809523809524, 0.9523809523809524, 0.9523809523809524, 0.9523809523809524, 0.9523809523809524, 0.9523809523809524, 0.9523809523809524, 0.9047619047619048, 0.9523809523809524, 0.9523809523809524, 0.9047619047619048, 0.9523809523809524, 0.9523809523809524, 0.9523809523809524, 0.9523809523809524, 0.9047619047619048, 0.9523809523809524, 0.9523809523809524, 0.9523809523809524, 0.9523809523809524, 0.9523809523809524, 0.9523809523809524, 0.9523809523809524, 0.9523809523809524, 0.9523809523809524, 0.9047619047619048, 0.9523809523809524, 0.9523809523809524, 0.9523809523809524, 0.9523809523809524]",52.57558824333052,3.068585836478534,"[1.0, 1.0, 1.0, 1.0, 1.0, 1.0, 1.0, 0.6666666666666666, 1.0, 1.0, 0.6666666666666666, 1.0, 1.0, 1.0, 1.0, 0.6666666666666666, 1.0, 1.0, 1.0, 1.0, 1.0, 1.0, 1.0, 1.0, 1.0, 0.6666666666666666, 1.0, 1.0, 1.0, 1.0]",0.1133115447465063,"[1.0, 1.0, 1.0, 1.0, 1.0, 1.0, 1.0, 1.0, 1.0, 1.0, 1.0, 1.0, 1.0, 1.0, 1.0, 1.0, 1.0, 1.0, 1.0, 1.0, 1.0, 1.0, 1.0, 1.0, 1.0, 1.0, 1.0, 1.0, 1.0, 1.0]",0.0,1.3886744086028458e-05
california,rf,5000,5,8,b2_stratified,A2,0.0,0.0,5000.0,0.996031746031746,0.0088732856249991,0.988095238095238,1.0,1.0,7.180983147157116e-05,1.0,"[0.9285714285714285, 0.9999999999999998, 0.9999999999999998, 0.9999999999999998, 0.9285714285714285, 0.9999999999999998, 0.9999999999999998, 0.9999999999999998, 0.9999999999999998, 0.9285714285714285, 0.9999999999999998, 0.9999999999999998, 0.9285714285714285, 0.9999999999999998, 0.9999999999999998, 0.9999999999999998, 0.9999999999999998, 0.9999999999999998, 0.9285714285714285, 0.9999999999999998, 0.9999999999999998, 0.9999999999999998, 0.9999999999999998, 0.9999999999999998, 0.9999999999999998, 0.9999999999999998, 0.9999999999999998, 0.9999999999999998, 0.9999999999999998, 0.9999999999999998]",0.0266198568749974,5.394902023878517e-05,9.587563045690418e-05,8.976228933946395e-06,7.165190839162963e-06,"[4.7239595411399614e-05, 3.1670837787961327e-05, 2.233771875967822e-05, 5.058515175757072e-05, 7.077125612948782e-05, 0.0001118601434860514, 1.868399220040466e-05, 2.4951973297829988e-05, 4.081699257500501e-05, 4.4812902445125075e-05, 3.837960394844782e-05, 6.825291876195188e-05, 0.0001055842885273676, 3.13073585945576e-05, 0.00013271945431457462, 2.5359885932832336e-05, 6.470259036859503e-05, 5.077501012277588e-05, 0.00022494643548201643, 2.587944716271737e-05, 3.14086318272811e-05, 0.00011283399516651759, 5.794136537393432e-06, 0.00017851143853775555, 5.8646504187489556e-05, 8.021099876565498e-05, 7.37042650440971e-05, 0.00024060512585370123, 4.2961079763788e-05, 9.798121139710613e-05]",5.7321526713303705e-05,5000.0,0.9928571428571428,0.9992063492063492,"[0.9761904761904763, 1.0, 1.0, 1.0, 0.9761904761904763, 1.0, 1.0, 1.0, 1.0, 0.9761904761904763, 1.0, 1.0, 0.9761904761904763, 1.0, 1.0, 1.0, 1.0, 1.0, 0.9761904761904763, 1.0, 1.0, 1.0, 1.0, 1.0, 1.0, 1.0, 1.0, 1.0, 1.0, 1.0]",53.80611864333332,2.7824944438144605,"[1.0, 1.0, 1.0, 1.0, 1.0, 1.0, 1.0, 1.0, 1.0, 1.0, 1.0, 1.0, 1.0, 1.0, 1.0, 1.0, 1.0, 1.0, 1.0, 1.0, 1.0, 1.0, 1.0, 1.0, 1.0, 1.0, 1.0, 1.0, 1.0, 1.0]",0.0,"[1.0, 1.0, 1.0, 1.0, 1.0, 1.0, 1.0, 1.0, 1.0, 1.0, 1.0, 1.0, 1.0, 1.0, 1.0, 1.0, 1.0, 1.0, 1.0, 1.0, 1.0, 1.0, 1.0, 1.0, 1.0, 1.0, 1.0, 1.0, 1.0, 1.0]",0.0,8.414096432684428e-06
california,rf,5000,5,8,b3_is,A2,0.0,0.0,5000.0,0.9984126984126984,0.0059391387091649,0.995238095238095,1.0,1.0,0.0001523340907312,2.121354243695746,"[0.9999999999999998, 0.9999999999999998, 0.9999999999999998, 0.9999999999999998, 0.9999999999999998, 0.9999999999999998, 0.9999999999999998, 0.9999999999999998, 0.9999999999999998, 0.9999999999999998, 0.9285714285714285, 0.9285714285714285, 0.9999999999999998, 0.9999999999999998, 0.9999999999999998, 0.9999999999999998, 0.9999999999999998, 0.9999999999999998, 0.9999999999999998, 0.9999999999999998, 0.9999999999999998, 0.9999999999999998, 0.9999999999999998, 0.9999999999999998, 0.9999999999999998, 0.9999999999999998, 0.9999999999999998, 0.9999999999999998, 0.9999999999999998, 0.9999999999999998]",0.0178174161274949,0.0001167492082979,0.000183836242426,1.9041761341411728e-05,1.150305935228269e-05,"[4.832605736778805e-05, 0.00012377687870528795, 0.00016691341380395378, 0.0002508071577391712, 0.00010759680483048637, 0.00016306761793671092, 0.00019789788583509621, 0.00016052706300096652, 0.0003022967258798134, 0.00018909712958707167, 0.00033323736946329433, 0.00044555318867769414, 7.554529891703091e-05, 0.0002404293883063111, 0.00016772474908873086, 9.659927080727367e-05, 4.527336036935047e-05, 2.7041942450852755e-05, 0.00021282339287944, 4.797144903625848e-05, 0.00010640058297963452, 0.00014490743782901515, 0.00011985406139598244, 0.00020643646815805432, 9.115164732573099e-05, 9.355321729469452e-05, 0.00012015854523116951, 6.434646012144397e-05, 0.0001363387680725063, 8.43693888480002e-05]",9.202447481826152e-05,5000.0,0.996031746031746,1.0,"[1.0, 1.0, 1.0, 1.0, 1.0, 1.0, 1.0, 1.0, 1.0, 1.0, 0.9761904761904763, 0.9761904761904763, 1.0, 1.0, 1.0, 1.0, 1.0, 1.0, 1.0, 1.0, 1.0, 1.0, 1.0, 1.0, 1.0, 1.0, 1.0, 1.0, 1.0, 1.0]",54.163458096667696,3.758463669514262,"[1.0, 1.0, 1.0, 1.0, 1.0, 1.0, 1.0, 1.0, 1.0, 1.0, 1.0, 1.0, 1.0, 1.0, 1.0, 1.0, 1.0, 1.0, 1.0, 1.0, 1.0, 1.0, 1.0, 1.0, 1.0, 1.0, 1.0, 1.0, 1.0, 1.0]",0.0,"[1.0, 1.0, 1.0, 1.0, 1.0, 1.0, 1.0, 1.0, 1.0, 1.0, 1.0, 1.0, 1.0, 1.0, 1.0, 1.0, 1.0, 1.0, 1.0, 1.0, 1.0, 1.0, 1.0, 1.0, 1.0, 1.0, 1.0, 1.0, 1.0, 1.0]",0.0,7.061010987331837e-06
california,rf,5000,5,8,b4_antithetic,A2,0.0,0.0,5000.0,0.9523809523809524,0.0,0.8571428571428572,1.0,1.0,0.0009656049503068,13.44669567549558,"[0.8571428571428571, 0.8571428571428571, 0.8571428571428571, 0.8571428571428571, 0.8571428571428571, 0.8571428571428571, 0.8571428571428571, 0.8571428571428571, 0.8571428571428571, 0.8571428571428571, 0.8571428571428571, 0.8571428571428571, 0.8571428571428571, 0.8571428571428571, 0.8571428571428571, 0.8571428571428571, 0.8571428571428571, 0.8571428571428571, 0.8571428571428571, 0.8571428571428571, 0.8571428571428571, 0.8571428571428571, 0.8571428571428571, 0.8571428571428571, 0.8571428571428571, 0.8571428571428571, 0.8571428571428571, 0.8571428571428571, 0.8571428571428571, 0.8571428571428571]",1.1102230246251563e-16,0.0009180475899508,0.0010115034761381,0.0001207006187883,1.6713694477323512e-05,"[0.001136913569062166, 0.0009862629241906109, 0.0008161678451715657, 0.0007987004255270187, 0.0011137367728610518, 0.0007618572002002298, 0.0008890807597626341, 0.0009094785488447842, 0.0008806455417428148, 0.0010038376162386673, 0.0011242147337378618, 0.0010993031930055872, 0.0009304611413841183, 0.0006737982294470514, 0.0011518461136679804, 0.001125036983406504, 0.0009819883415220425, 0.0007642980717741499, 0.0010445895728429715, 0.001000921338382742, 0.0010611844404834038, 0.0007591243461241082, 0.000899178469088078, 0.0010731874149860485, 0.0008958088529702721, 0.0009696207852173224, 0.0011499301025886671, 0.001128357313873659, 0.0009144520091904574, 0.0009241658519107038]",0.0001337095558185,5000.0,0.9523809523809524,0.9523809523809524,"[0.9523809523809524, 0.9523809523809524, 0.9523809523809524, 0.9523809523809524, 0.9523809523809524, 0.9523809523809524, 0.9523809523809524, 0.9523809523809524, 0.9523809523809524, 0.9523809523809524, 0.9523809523809524, 0.9523809523809524, 0.9523809523809524, 0.9523809523809524, 0.9523809523809524, 0.9523809523809524, 0.9523809523809524, 0.9523809523809524, 0.9523809523809524, 0.9523809523809524, 0.9523809523809524, 0.9523809523809524, 0.9523809523809524, 0.9523809523809524, 0.9523809523809524, 0.9523809523809524, 0.9523809523809524, 0.9523809523809524, 0.9523809523809524, 0.9523809523809524]",52.41084318666641,2.9820052887393627,"[1.0, 1.0, 1.0, 1.0, 1.0, 1.0, 1.0, 1.0, 1.0, 1.0, 1.0, 1.0, 1.0, 1.0, 1.0, 1.0, 1.0, 1.0, 1.0, 1.0, 1.0, 1.0, 1.0, 1.0, 1.0, 1.0, 1.0, 1.0, 1.0, 1.0]",0.0,"[1.0, 1.0, 1.0, 1.0, 1.0, 1.0, 1.0, 1.0, 1.0, 1.0, 1.0, 1.0, 1.0, 1.0, 1.0, 1.0, 1.0, 1.0, 1.0, 1.0, 1.0, 1.0, 1.0, 1.0, 1.0, 1.0, 1.0, 1.0, 1.0, 1.0]",0.0,2.323192789598307e-06
california,rf,5000,6,8,abc_shap,A2,0.4992,2496.0,2504.0,0.9269841269841272,0.0703445073211439,0.8404761904761903,0.9888888888888888,0.9066666666666668,0.0202880519237144,40.34235469599905,"[0.9285714285714285, 0.9999999999999998, 0.9285714285714285, 0.7142857142857142, 0.7142857142857142, 0.9285714285714285, 0.9999999999999998, 0.5714285714285714, 0.6428571428571428, 0.9285714285714285, 0.9999999999999998, 0.9999999999999998, 0.8571428571428571, 0.7857142857142856, 0.7857142857142856, 0.7857142857142856, 0.9285714285714285, 0.6428571428571428, 0.8571428571428571, 0.9285714285714285, 0.7142857142857142, 0.6428571428571428, 0.9285714285714285, 0.8571428571428571, 0.9285714285714285, 0.9285714285714285, 0.8571428571428571, 0.7857142857142856, 0.9285714285714285, 0.7142857142857142]",0.1218945308206685,0.0147980734437887,0.025843764479876,0.0025360064904643,0.0019802856679885,"[0.01743674639851447, 0.0010822548515816933, 0.04945393403146306, 0.002626391753064137, 0.014840865753485494, 0.011515176918464013, 0.0001510251358054922, 0.03964348794259527, 0.025170704161028883, 0.01937476909233771, 0.009686409844783517, 0.005886362460089475, 0.021290408273745887, 0.0038794898854293608, 0.006087688628829589, 0.006869786570208562, 0.0024738020754589626, 0.029432330149011747, 0.04407612225589761, 0.023986534834208408, 0.02171650766306592, 0.05270144377597902, 0.0011482620095795693, 0.0069268361501164015, 0.03649898776117169, 0.023704083497424984, 0.051978339196692015, 0.022721815172151404, 0.03590424537281682, 0.02037674609643352]",0.0158422853439085,2496.0,0.9015674603174604,0.9515873015873016,"[0.9761904761904763, 1.0, 0.9761904761904763, 0.880952380952381, 0.880952380952381, 0.9761904761904763, 1.0, 0.7619047619047621, 0.7857142857142858, 0.9761904761904763, 1.0, 1.0, 0.9523809523809524, 0.9047619047619048, 0.9047619047619048, 0.9047619047619048, 0.9761904761904763, 0.7857142857142858, 0.9523809523809524, 0.9761904761904763, 0.880952380952381, 0.7857142857142858, 0.9761904761904763, 0.9523809523809524, 0.9761904761904763, 0.9761904761904763, 0.9523809523809524, 0.9047619047619048, 0.9761904761904763, 0.8571428571428572]",52.4554972433388,1.4159695554222749,"[1.0, 1.0, 1.0, 1.0, 1.0, 1.0, 1.0, 1.0, 1.0, 1.0, 1.0, 1.0, 1.0, 1.0, 1.0, 1.0, 1.0, 1.0, 0.6666666666666666, 1.0, 1.0, 1.0, 1.0, 1.0, 1.0, 1.0, 1.0, 1.0, 1.0, 1.0]",0.0598351645237167,"[1.0, 1.0, 0.8, 1.0, 1.0, 1.0, 1.0, 0.8, 0.8, 1.0, 1.0, 1.0, 0.8, 1.0, 1.0, 1.0, 1.0, 0.8, 0.8, 0.8, 1.0, 0.8, 1.0, 0.8, 0.8, 0.8, 0.8, 1.0, 0.8, 0.8]",0.0997775303139717,0.0024772888371238
california,rf,5000,6,8,b1_uniform,A2,0.0,0.0,5000.0,0.996031746031746,0.0088732856249991,0.9880952380952378,1.0,1.0,0.0007900349728209,1.5709675436374118,"[0.9999999999999998, 0.9999999999999998, 0.9285714285714285, 0.9999999999999998, 0.9999999999999998, 0.9999999999999998, 0.9999999999999998, 0.9999999999999998, 0.9999999999999998, 0.9999999999999998, 0.9999999999999998, 0.9285714285714285, 0.9999999999999998, 0.9999999999999998, 0.9285714285714285, 0.9999999999999998, 0.9999999999999998, 0.9999999999999998, 0.9999999999999998, 0.9999999999999998, 0.9999999999999998, 0.9285714285714285, 0.9999999999999998, 0.9999999999999998, 0.9999999999999998, 0.9999999999999998, 0.9999999999999998, 0.9999999999999998, 0.9285714285714285, 0.9999999999999998]",0.0266198568749974,0.0006509765197217,0.0009407097662195,9.875437160261653e-05,5.207368942059252e-05,"[0.0003834635638689754, 0.000520695525924325, 0.00030151678819919205, 0.0009935862521838772, 0.0005263609615162662, 0.0021592790583063134, 0.0005851938467600284, 0.0009045289355772416, 0.0007796585748665473, 0.0009494485622535086, 0.0007927764018888614, 0.0004957006141203847, 0.0010805975244093187, 0.001171991966537137, 0.0007620373750497488, 0.0009649754583170196, 0.0003147128208644285, 0.0005125869472155024, 0.0004861269501320983, 0.0014367508058071605, 0.0003880240849998547, 0.0010310176326964492, 0.0008958214005792733, 0.0007111284618556702, 0.0015142214001805003, 0.0007466338395432883, 0.00021815811102297768, 0.00048690542285677156, 0.0003940181439484238, 0.001193131753146819]",0.0004165895153647,5000.0,0.9928571428571428,0.9984325396825396,"[1.0, 1.0, 0.9761904761904763, 1.0, 1.0, 1.0, 1.0, 1.0, 1.0, 1.0, 1.0, 0.9761904761904763, 1.0, 1.0, 0.9761904761904763, 1.0, 1.0, 1.0, 1.0, 1.0, 1.0, 0.9761904761904763, 1.0, 1.0, 1.0, 1.0, 1.0, 1.0, 0.9761904761904763, 1.0]",51.37600079333546,1.151315100922296,"[1.0, 1.0, 1.0, 1.0, 1.0, 1.0, 1.0, 1.0, 1.0, 1.0, 1.0, 1.0, 1.0, 1.0, 1.0, 1.0, 1.0, 1.0, 1.0, 1.0, 1.0, 1.0, 1.0, 1.0, 1.0, 1.0, 1.0, 1.0, 1.0, 1.0]",0.0,"[1.0, 1.0, 1.0, 1.0, 1.0, 1.0, 1.0, 1.0, 1.0, 1.0, 1.0, 1.0, 1.0, 1.0, 1.0, 1.0, 1.0, 1.0, 1.0, 1.0, 1.0, 1.0, 1.0, 1.0, 1.0, 1.0, 1.0, 1.0, 1.0, 1.0]",0.0,6.170279994332931e-05
california,rf,5000,6,8,b2_stratified,A2,0.0,0.0,5000.0,0.976984126984127,0.0304186792011695,0.9428571428571428,1.0,1.0,0.0005028970687654,1.0,"[0.9285714285714285, 0.9285714285714285, 0.9285714285714285, 0.9999999999999998, 0.7857142857142856, 0.9285714285714285, 0.9285714285714285, 0.9999999999999998, 0.9285714285714285, 0.8571428571428571, 0.9285714285714285, 0.9999999999999998, 0.9999999999999998, 0.9285714285714285, 0.9999999999999998, 0.9999999999999998, 0.9999999999999998, 0.9999999999999998, 0.9285714285714285, 0.7857142857142856, 0.8571428571428571, 0.9285714285714285, 0.9999999999999998, 0.9999999999999998, 0.9285714285714285, 0.9999999999999998, 0.9999999999999998, 0.9999999999999998, 0.9999999999999998, 0.7857142857142856]",0.0675116518036086,0.0003083359340363,0.0007211272658353,6.286213359568273e-05,7.533042198177645e-05,"[7.644020110598623e-05, 0.0009809358076061545, 0.0006374945455682756, 0.00021108772903092248, 0.0004265980224901905, 6.59786459479506e-05, 0.00013342014285555004, 0.00030725727200000587, 0.0001805791348420975, 0.002099820284644872, 0.0007055436437963808, 0.0003062599748113438, 7.899229568835521e-05, 0.00041654995391664863, 8.661553970076429e-05, 0.0006723849447113282, 0.0001686901139078127, 0.00019224800338227206, 6.35702216004146e-05, 0.0027739753908643176, 0.0006349616670554658, 0.0006390021212204952, 0.0004339889326923819, 0.0004052121634238354, 0.00010166313031658382, 0.0005565542693175415, 6.084359071747201e-05, 0.0002578197635542172, 8.332310909914308e-05, 0.0013291014470950748]",0.0006026433758542,5000.0,0.9650793650793652,0.988095238095238,"[0.9761904761904763, 0.9761904761904763, 0.9761904761904763, 1.0, 0.9047619047619048, 0.9761904761904763, 0.9761904761904763, 1.0, 0.9761904761904763, 0.9285714285714287, 0.9761904761904763, 1.0, 1.0, 0.9761904761904763, 1.0, 1.0, 1.0, 1.0, 0.9761904761904763, 0.9047619047619048, 0.9285714285714287, 0.9761904761904763, 1.0, 1.0, 0.9761904761904763, 1.0, 1.0, 1.0, 1.0, 0.9047619047619048]",52.20079864999862,0.8437067347657672,"[1.0, 1.0, 1.0, 1.0, 1.0, 1.0, 1.0, 1.0, 1.0, 1.0, 1.0, 1.0, 1.0, 1.0, 1.0, 1.0, 1.0, 1.0, 1.0, 1.0, 1.0, 1.0, 1.0, 1.0, 1.0, 1.0, 1.0, 1.0, 1.0, 1.0]",0.0,"[1.0, 1.0, 1.0, 1.0, 1.0, 1.0, 1.0, 1.0, 1.0, 1.0, 1.0, 1.0, 1.0, 1.0, 1.0, 1.0, 1.0, 1.0, 1.0, 1.0, 1.0, 1.0, 1.0, 1.0, 1.0, 1.0, 1.0, 1.0, 1.0, 1.0]",0.0,4.310422013336428e-05
california,rf,5000,6,8,b3_is,A2,0.0,0.0,5000.0,0.9468253968253968,0.0387265806309709,0.8785714285714282,1.0,1.0,0.0007258587728508,1.443354550927756,"[0.9999999999999998, 0.9285714285714285, 0.7857142857142856, 0.9999999999999998, 0.7857142857142856, 0.7857142857142856, 0.7857142857142856, 0.8571428571428571, 0.9999999999999998, 0.9285714285714285, 0.9999999999999998, 0.8571428571428571, 0.7857142857142856, 0.9285714285714285, 0.9285714285714285, 0.9285714285714285, 0.9999999999999998, 0.7857142857142856, 0.7857142857142856, 0.9999999999999998, 0.9285714285714285, 0.8571428571428571, 0.8571428571428571, 0.9285714285714285, 0.7857142857142856, 0.8571428571428571, 0.7857142857142856, 0.7857142857142856, 0.7857142857142856, 0.9285714285714285]",0.0827873269081605,0.000514585874815,0.00095994644583,9.073234660635726e-05,7.860507426283015e-05,"[0.0008422239303087195, 0.00039838992194877294, 0.0006795673772244111, 0.0003567208073686642, 0.0010619083251626575, 0.001986477516506016, 0.0006986626028717795, 0.000293600512928497, 6.509384936294027e-05, 4.404426529209682e-05, 0.00018132506043713569, 0.001470020371236168, 0.0005359318287137557, 0.0003434659304224371, 0.00036864552718169773, 0.00021537167094653947, 0.0009552695416628353, 0.00184641604534178, 0.00199438720214144, 0.00014727523292154166, 0.00014484597300590932, 0.0018573754956340914, 0.00019337018339852106, 3.747932584009031e-05, 0.0006994766854720189, 0.0005182318841055779, 0.0016300504341506747, 0.001510972711677216, 0.0003069855753833591, 0.00039217739687839864]",0.0006288405941026,5000.0,0.933313492063492,0.9603174603174602,"[1.0, 0.9761904761904763, 0.9047619047619048, 1.0, 0.9047619047619048, 0.9047619047619048, 0.9047619047619048, 0.9285714285714287, 1.0, 0.9761904761904763, 1.0, 0.9285714285714287, 0.9047619047619048, 0.9761904761904763, 0.9761904761904763, 0.9761904761904763, 1.0, 0.9047619047619048, 0.9047619047619048, 1.0, 0.9761904761904763, 0.9285714285714287, 0.9285714285714287, 0.9761904761904763, 0.9047619047619048, 0.9285714285714287, 0.9047619047619048, 0.9047619047619048, 0.9047619047619048, 0.9761904761904763]",52.1557986200011,1.0350983000672602,"[1.0, 1.0, 1.0, 1.0, 1.0, 1.0, 1.0, 1.0, 1.0, 1.0, 1.0, 1.0, 1.0, 1.0, 1.0, 1.0, 1.0, 1.0, 1.0, 1.0, 1.0, 1.0, 1.0, 1.0, 1.0, 1.0, 1.0, 1.0, 1.0, 1.0]",0.0,"[1.0, 1.0, 1.0, 1.0, 1.0, 1.0, 1.0, 1.0, 1.0, 1.0, 1.0, 1.0, 1.0, 1.0, 1.0, 1.0, 1.0, 1.0, 1.0, 1.0, 1.0, 1.0, 1.0, 1.0, 1.0, 1.0, 1.0, 1.0, 1.0, 1.0]",0.0,7.202961360266453e-05
california,rf,5000,6,8,b4_antithetic,A2,0.0,0.0,5000.0,1.0,0.0,0.9999999999999998,1.0,1.0,0.0002465371081679,0.490233734655032,"[0.9999999999999998, 0.9999999999999998, 0.9999999999999998, 0.9999999999999998, 0.9999999999999998, 0.9999999999999998, 0.9999999999999998, 0.9999999999999998, 0.9999999999999998, 0.9999999999999998, 0.9999999999999998, 0.9999999999999998, 0.9999999999999998, 0.9999999999999998, 0.9999999999999998, 0.9999999999999998, 0.9999999999999998, 0.9999999999999998, 0.9999999999999998, 0.9999999999999998, 0.9999999999999998, 0.9999999999999998, 0.9999999999999998, 0.9999999999999998, 0.9999999999999998, 0.9999999999999998, 0.9999999999999998, 0.9999999999999998, 0.9999999999999998, 0.9999999999999998]",0.0,0.0002345983078945,0.0002574543299055,3.08171385209951e-05,4.046192243133632e-06,"[0.0002832560621354523, 0.00024007765645664303, 0.0002516401224563562, 0.0002504548735128694, 0.00024406435953981803, 0.00025210347422488966, 0.00025604761801441365, 0.0001975046385715964, 0.00019671622525393404, 0.0002661073449293924, 0.0002628029583422474, 0.00024253553333111703, 0.00016592016607272142, 0.00027753676093722766, 0.00021969936524574368, 0.0002174134110927995, 0.00027275968388067173, 0.0002391041078893755, 0.00032306262415555725, 0.00029522389520724097, 0.00023659840220594482, 0.00025685958243443175, 0.00019066500311871508, 0.0002582846438950123, 0.0002567323025388967, 0.0002380841121758396, 0.00025611213642662116, 0.00028966598555872327, 0.00022068512471768708, 0.0002383950707168873]",3.236953794506906e-05,5000.0,1.0,1.0,"[1.0, 1.0, 1.0, 1.0, 1.0, 1.0, 1.0, 1.0, 1.0, 1.0, 1.0, 1.0, 1.0, 1.0, 1.0, 1.0, 1.0, 1.0, 1.0, 1.0, 1.0, 1.0, 1.0, 1.0, 1.0, 1.0, 1.0, 1.0, 1.0, 1.0]",51.48982551333223,0.9109994333718392,"[1.0, 1.0, 1.0, 1.0, 1.0, 1.0, 1.0, 1.0, 1.0, 1.0, 1.0, 1.0, 1.0, 1.0, 1.0, 1.0, 1.0, 1.0, 1.0, 1.0, 1.0, 1.0, 1.0, 1.0, 1.0, 1.0, 1.0, 1.0, 1.0, 1.0]",0.0,"[1.0, 1.0, 1.0, 1.0, 1.0, 1.0, 1.0, 1.0, 1.0, 1.0, 1.0, 1.0, 1.0, 1.0, 1.0, 1.0, 1.0, 1.0, 1.0, 1.0, 1.0, 1.0, 1.0, 1.0, 1.0, 1.0, 1.0, 1.0, 1.0, 1.0]",0.0,1.1288940920387497e-06
california,rf,5000,7,8,abc_shap,A2,0.4992,2496.0,2504.0,0.9849206349206348,0.0143955215454103,0.9547619047619044,1.0,1.0,0.0012228675144303,24.50641429300925,"[0.9999999999999998, 0.9285714285714285, 0.9999999999999998, 0.9999999999999998, 0.9285714285714285, 0.8571428571428571, 0.9285714285714285, 0.9999999999999998, 0.9999999999999998, 0.9285714285714285, 0.9999999999999998, 0.9285714285714285, 0.9285714285714285, 0.9999999999999998, 0.9285714285714285, 0.9999999999999998, 0.9285714285714285, 0.9999999999999998, 0.9285714285714285, 0.9285714285714285, 0.9285714285714285, 0.8571428571428571, 0.9285714285714285, 0.9999999999999998, 0.9999999999999998, 0.9999999999999998, 0.9285714285714285, 0.9999999999999998, 0.9285714285714285, 0.9285714285714285]",0.043186564636231,0.0007592678414617,0.0017366857526323,0.0001528584393037,0.000174843030065,"[0.00021369674578865144, 0.00115009714514368, 0.00017455479171474633, 0.00043476209864674295, 0.0009430442022738951, 0.006075330823247793, 0.0029935961084418573, 0.00022316305319213545, 0.00020364726080877908, 0.0004711309527419358, 0.00015075600347452348, 0.0033360229923816197, 0.0015679497677244369, 7.808425390513526e-05, 0.0011627060352005967, 0.00011740561669070575, 0.003299331918888342, 0.000381262966293311, 0.0021073635149112748, 0.0031439293963182627, 0.0030949369344553885, 0.0010711228931498547, 0.0007412774389293859, 0.0002123767519223888, 0.00016110377051016658, 0.00020196039418030572, 0.001263162688324322, 0.000531439687463435, 0.0011355311637154394, 4.527806247184484e-05]",0.0013987442405204,2496.0,0.98015873015873,0.9904761904761904,"[1.0, 0.9761904761904763, 1.0, 1.0, 0.9761904761904763, 0.9523809523809524, 0.9761904761904763, 1.0, 1.0, 0.9761904761904763, 1.0, 0.9761904761904763, 0.9761904761904763, 1.0, 0.9761904761904763, 1.0, 0.9761904761904763, 1.0, 0.9761904761904763, 0.9761904761904763, 0.9761904761904763, 0.9523809523809524, 0.9761904761904763, 1.0, 1.0, 1.0, 0.9761904761904763, 1.0, 0.9761904761904763, 0.9761904761904763]",53.94071753666697,2.0745624175575297,"[1.0, 1.0, 1.0, 1.0, 1.0, 1.0, 1.0, 1.0, 1.0, 1.0, 1.0, 1.0, 1.0, 1.0, 1.0, 1.0, 1.0, 1.0, 1.0, 1.0, 1.0, 1.0, 1.0, 1.0, 1.0, 1.0, 1.0, 1.0, 1.0, 1.0]",0.0,"[1.0, 1.0, 1.0, 1.0, 1.0, 1.0, 1.0, 1.0, 1.0, 1.0, 1.0, 1.0, 1.0, 1.0, 1.0, 1.0, 1.0, 1.0, 1.0, 1.0, 1.0, 1.0, 1.0, 1.0, 1.0, 1.0, 1.0, 1.0, 1.0, 1.0]",0.0,0.0001433233682682
california,rf,5000,7,8,b1_uniform,A2,0.0,0.0,5000.0,1.0,0.0,0.9999999999999998,1.0,1.0,0.0002806464029131,5.624188179400727,"[0.9999999999999998, 0.9999999999999998, 0.9999999999999998, 0.9999999999999998, 0.9999999999999998, 0.9999999999999998, 0.9999999999999998, 0.9999999999999998, 0.9999999999999998, 0.9999999999999998, 0.9999999999999998, 0.9999999999999998, 0.9999999999999998, 0.9999999999999998, 0.9999999999999998, 0.9999999999999998, 0.9999999999999998, 0.9999999999999998, 0.9999999999999998, 0.9999999999999998, 0.9999999999999998, 0.9999999999999998, 0.9999999999999998, 0.9999999999999998, 0.9999999999999998, 0.9999999999999998, 0.9999999999999998, 0.9999999999999998, 0.9999999999999998, 0.9999999999999998]",0.0,0.0002497371607023,0.0003116753638083,3.508080036414352e-05,1.135612353605888e-05,"[0.00020990308923988726, 0.00034617475158305115, 0.00047967680703527146, 0.00029197079512077154, 0.00016998186716503654, 0.0004519785303412495, 0.0004138711543589564, 0.0002636575673505461, 0.0003227295167929201, 0.00012689268990112413, 0.0002997085861587167, 0.00017739357482991048, 0.00023429152851820904, 0.00021902849236208385, 0.0003101278225234569, 0.00022322098378040693, 0.00013255899922977636, 0.0002640138647097778, 0.00019218471282133852, 0.0003562477190876411, 0.00022793290016970733, 0.00032432965659501023, 0.0001905671963661965, 0.00026688017698739744, 0.0004497832053149441, 0.0003325807720142573, 0.0003485551462269268, 0.0003292638299999848, 0.00021437344055868715, 0.0002495127102512024]",9.084898828847103e-05,5000.0,1.0,1.0,"[1.0, 1.0, 1.0, 1.0, 1.0, 1.0, 1.0, 1.0, 1.0, 1.0, 1.0, 1.0, 1.0, 1.0, 1.0, 1.0, 1.0, 1.0, 1.0, 1.0, 1.0, 1.0, 1.0, 1.0, 1.0, 1.0, 1.0, 1.0, 1.0, 1.0]",53.07502549666388,1.454526283861212,"[1.0, 1.0, 1.0, 1.0, 1.0, 1.0, 1.0, 1.0, 1.0, 1.0, 1.0, 1.0, 1.0, 1.0, 1.0, 1.0, 1.0, 1.0, 1.0, 1.0, 1.0, 1.0, 1.0, 1.0, 1.0, 1.0, 1.0, 1.0, 1.0, 1.0]",0.0,"[1.0, 1.0, 1.0, 1.0, 1.0, 1.0, 1.0, 1.0, 1.0, 1.0, 1.0, 1.0, 1.0, 1.0, 1.0, 1.0, 1.0, 1.0, 1.0, 1.0, 1.0, 1.0, 1.0, 1.0, 1.0, 1.0, 1.0, 1.0, 1.0, 1.0]",0.0,6.399174558543312e-06
california,rf,5000,7,8,b2_stratified,A2,0.0,0.0,5000.0,0.9984126984126984,0.0059391387091649,0.995238095238095,1.0,1.0,4.9899895586895495e-05,1.0,"[0.9999999999999998, 0.9285714285714285, 0.9999999999999998, 0.9999999999999998, 0.9999999999999998, 0.9999999999999998, 0.9999999999999998, 0.9999999999999998, 0.9999999999999998, 0.9999999999999998, 0.9999999999999998, 0.9999999999999998, 0.9999999999999998, 0.9999999999999998, 0.9999999999999998, 0.9999999999999998, 0.9999999999999998, 0.9999999999999998, 0.9999999999999998, 0.9999999999999998, 0.9999999999999998, 0.9999999999999998, 0.9999999999999998, 0.9999999999999998, 0.9999999999999998, 0.9285714285714285, 0.9999999999999998, 0.9999999999999998, 0.9999999999999998, 0.9999999999999998]",0.0178174161274949,4.042876549655908e-05,5.90829955626224e-05,6.237486948361937e-06,3.418972667090896e-06,"[6.853622568961445e-05, 2.6726999161130543e-05, 3.38194960319181e-05, 3.111116851266186e-05, 1.3886685452647828e-06, 4.674500716828984e-05, 3.416624093460277e-05, 3.682876353214039e-05, 6.140338272146457e-05, 3.7096846935716476e-05, 6.926832611443785e-05, 6.375109806890992e-05, 2.768216898712675e-05, 9.510296889373083e-05, 4.2225561735116894e-05, 1.808871645151603e-05, 1.779467910078535e-05, 0.00010188751861103652, 2.5608371036445694e-05, 9.614733531410981e-06, 7.915977809268764e-05, 7.377848518452317e-05, 5.6798775047966806e-05, 8.416527053240479e-05, 7.89673890495665e-05, 4.5765052733563155e-05, 6.0871380381547936e-05, 8.829804474682497e-05, 7.520481918272161e-05, 5.140930891737353e-06]",2.735178133672717e-05,5000.0,0.996031746031746,1.0,"[1.0, 0.9761904761904763, 1.0, 1.0, 1.0, 1.0, 1.0, 1.0, 1.0, 1.0, 1.0, 1.0, 1.0, 1.0, 1.0, 1.0, 1.0, 1.0, 1.0, 1.0, 1.0, 1.0, 1.0, 1.0, 1.0, 0.9761904761904763, 1.0, 1.0, 1.0, 1.0]",53.88077456667185,1.452942100953802,"[1.0, 1.0, 1.0, 1.0, 1.0, 1.0, 1.0, 1.0, 1.0, 1.0, 1.0, 1.0, 1.0, 1.0, 1.0, 1.0, 1.0, 1.0, 1.0, 1.0, 1.0, 1.0, 1.0, 1.0, 1.0, 1.0, 1.0, 1.0, 1.0, 1.0]",0.0,"[1.0, 1.0, 1.0, 1.0, 1.0, 1.0, 1.0, 1.0, 1.0, 1.0, 1.0, 1.0, 1.0, 1.0, 1.0, 1.0, 1.0, 1.0, 1.0, 1.0, 1.0, 1.0, 1.0, 1.0, 1.0, 1.0, 1.0, 1.0, 1.0, 1.0]",0.0,4.716915471053448e-06
california,rf,5000,7,8,b3_is,A2,0.0,0.0,5000.0,0.9904761904761904,0.011664236870396,0.9714285714285712,1.0,1.0,8.202707118551443e-05,1.6438325215064384,"[0.9999999999999998, 0.9999999999999998, 0.9999999999999998, 0.9285714285714285, 0.9999999999999998, 0.9285714285714285, 0.9999999999999998, 0.9285714285714285, 0.9285714285714285, 0.9999999999999998, 0.9999999999999998, 0.9999999999999998, 0.9999999999999998, 0.9285714285714285, 0.9999999999999998, 0.9285714285714285, 0.9285714285714285, 0.9285714285714285, 0.9999999999999998, 0.9999999999999998, 0.9999999999999998, 0.9285714285714285, 0.9999999999999998, 0.9285714285714285, 0.9999999999999998, 0.9999999999999998, 0.9999999999999998, 0.9999999999999998, 0.9285714285714285, 0.9285714285714285]",0.0349927106111881,6.643679223723729e-05,9.89900751850217e-05,1.0253383898189303e-05,5.730037854289063e-06,"[3.0088492514469557e-05, 0.00014370011700254868, 7.558788858635713e-05, 8.89811881382729e-05, 5.355385797876292e-05, 4.2605082740950846e-05, 0.00020170647001866639, 0.0001869923975453066, 8.559995036926296e-05, 4.128718700785599e-05, 4.322440380220269e-05, 4.087208311344924e-05, 2.5833621168360745e-05, 3.49191100429147e-05, 0.00010782590705906923, 7.683515350111126e-05, 5.091277187834893e-05, 7.838469384331333e-05, 0.00010181029234635451, 0.00010378472538449502, 7.078243145153144e-05, 0.0001478194377858048, 0.0001431287385487727, 2.8949668849266672e-05, 0.00012727472855922887, 5.29319485546736e-05, 5.584726137141196e-05, 4.774321835964824e-05, 7.682315055879867e-05, 9.500615748422216e-05]",4.5840302834312506e-05,5000.0,0.9865079365079362,0.9944444444444446,"[1.0, 1.0, 1.0, 0.9761904761904763, 1.0, 0.9761904761904763, 1.0, 0.9761904761904763, 0.9761904761904763, 1.0, 1.0, 1.0, 1.0, 0.9761904761904763, 1.0, 0.9761904761904763, 0.9761904761904763, 0.9761904761904763, 1.0, 1.0, 1.0, 0.9761904761904763, 1.0, 0.9761904761904763, 1.0, 1.0, 1.0, 1.0, 0.9761904761904763, 0.9761904761904763]",54.188607923334345,1.4216882448856458,"[1.0, 1.0, 1.0, 1.0, 1.0, 1.0, 1.0, 1.0, 1.0, 1.0, 1.0, 1.0, 1.0, 1.0, 1.0, 1.0, 1.0, 1.0, 1.0, 1.0, 1.0, 1.0, 1.0, 1.0, 1.0, 1.0, 1.0, 1.0, 1.0, 1.0]",0.0,"[1.0, 1.0, 1.0, 1.0, 1.0, 1.0, 1.0, 1.0, 1.0, 1.0, 1.0, 1.0, 1.0, 1.0, 1.0, 1.0, 1.0, 1.0, 1.0, 1.0, 1.0, 1.0, 1.0, 1.0, 1.0, 1.0, 1.0, 1.0, 1.0, 1.0]",0.0,5.576838418491786e-06
california,rf,5000,7,8,b4_antithetic,A2,0.0,0.0,5000.0,1.0,0.0,0.9999999999999998,1.0,1.0,0.0002572825879304,5.155974474583948,"[0.9999999999999998, 0.9999999999999998, 0.9999999999999998, 0.9999999999999998, 0.9999999999999998, 0.9999999999999998, 0.9999999999999998, 0.9999999999999998, 0.9999999999999998, 0.9999999999999998, 0.9999999999999998, 0.9999999999999998, 0.9999999999999998, 0.9999999999999998, 0.9999999999999998, 0.9999999999999998, 0.9999999999999998, 0.9999999999999998, 0.9999999999999998, 0.9999999999999998, 0.9999999999999998, 0.9999999999999998, 0.9999999999999998, 0.9999999999999998, 0.9999999999999998, 0.9999999999999998, 0.9999999999999998, 0.9999999999999998, 0.9999999999999998, 0.9999999999999998]",0.0,0.000243526454009,0.0002712999858419,3.216032349130467e-05,4.716794891935523e-06,"[0.00027028106340304387, 0.0002078071124908364, 0.00024181019259271382, 0.00028658356902199714, 0.0002586948427134031, 0.0002896398854711288, 0.0003105722554559006, 0.0003108901332070026, 0.00024203963861550463, 0.00025675903492389127, 0.00021081041245538663, 0.00022105859728504076, 0.0001791218681477371, 0.00023556844585422406, 0.0001802657422582782, 0.00021888061479277587, 0.00032602413912153646, 0.00021599983147803608, 0.00030157413111855805, 0.0002721605866123705, 0.0002661256390603552, 0.0002989017643485992, 0.00027373322691193224, 0.00026605280393879473, 0.0002194277792191968, 0.0002651398489926624, 0.0003012345671135347, 0.00027532203288114615, 0.00026147799036043686, 0.0002545198880670965]",3.773435913548418e-05,5000.0,1.0,1.0,"[1.0, 1.0, 1.0, 1.0, 1.0, 1.0, 1.0, 1.0, 1.0, 1.0, 1.0, 1.0, 1.0, 1.0, 1.0, 1.0, 1.0, 1.0, 1.0, 1.0, 1.0, 1.0, 1.0, 1.0, 1.0, 1.0, 1.0, 1.0, 1.0, 1.0]",54.109519040003455,2.0798285632382085,"[1.0, 1.0, 1.0, 1.0, 1.0, 1.0, 1.0, 1.0, 1.0, 1.0, 1.0, 1.0, 1.0, 1.0, 1.0, 1.0, 1.0, 1.0, 1.0, 1.0, 1.0, 1.0, 1.0, 1.0, 1.0, 1.0, 1.0, 1.0, 1.0, 1.0]",0.0,"[1.0, 1.0, 1.0, 1.0, 1.0, 1.0, 1.0, 1.0, 1.0, 1.0, 1.0, 1.0, 1.0, 1.0, 1.0, 1.0, 1.0, 1.0, 1.0, 1.0, 1.0, 1.0, 1.0, 1.0, 1.0, 1.0, 1.0, 1.0, 1.0, 1.0]",0.0,9.95468720915315e-07
california,rf,5000,8,8,abc_shap,A2,0.4992,2496.0,2504.0,0.8698412698412699,0.0986939146457765,0.7595238095238094,0.7666666666666668,0.8733333333333334,0.0147157266147451,43.45248821828595,"[0.8571428571428571, 0.8571428571428571, 0.7857142857142856, 0.7857142857142856, 0.9285714285714285, 0.5714285714285714, 0.4999999999999999, 0.7142857142857142, 0.6428571428571428, 0.6428571428571428, 0.5714285714285714, 0.9285714285714285, 0.8571428571428571, 0.6428571428571428, 0.9285714285714285, 0.6428571428571428, 0.6428571428571428, 0.7857142857142856, 0.8571428571428571, 0.9285714285714285, 0.6428571428571428, 0.7857142857142856, 0.6428571428571428, 0.7857142857142856, 0.7857142857142856, 0.8571428571428571, 0.6428571428571428, 0.7142857142857142, 0.9285714285714285, 0.9285714285714285]",0.1257404373953418,0.0094875457998376,0.0200479036418254,0.0018394658268431,0.0017978571877543,"[0.00919804535331579, 0.002084344293609213, 0.04328737763041507, 0.008885024164196703, 0.00086965642696832, 0.03575494189994712, 0.04581953042897085, 0.0028274245716833867, 0.02263716581565524, 0.028924819027909464, 0.019347753952286485, 0.0012649898315761482, 0.014390892500552165, 0.008350366787895417, 0.006375311930835902, 0.014411489492279595, 0.0310932074323805, 0.0389787320409639, 0.0057630403675568995, 0.0011327317305441294, 0.01189331337586946, 0.0024623268558026574, 0.03598915313521294, 0.002971826984472593, 0.004487997551576674, 0.0012313399101032576, 0.03152292959254036, 0.004963060143987261, 0.003161556586526405, 0.0013914486267211144]",0.0143828575020349,2496.0,0.8341269841269842,0.9039880952380952,"[0.9523809523809524, 0.9285714285714287, 0.9047619047619048, 0.9047619047619048, 0.9761904761904763, 0.6904761904761906, 0.5714285714285715, 0.880952380952381, 0.7857142857142858, 0.7857142857142858, 0.7619047619047621, 0.9761904761904763, 0.9523809523809524, 0.7857142857142858, 0.9761904761904763, 0.7857142857142858, 0.7857142857142858, 0.9047619047619048, 0.9523809523809524, 0.9761904761904763, 0.8095238095238096, 0.9047619047619048, 0.7857142857142858, 0.9047619047619048, 0.9047619047619048, 0.9523809523809524, 0.7857142857142858, 0.8571428571428572, 0.9761904761904763, 0.9761904761904763]",51.174670703330776,2.6931510897875803,"[1.0, 1.0, 0.6666666666666666, 0.6666666666666666, 1.0, 0.6666666666666666, 0.6666666666666666, 0.6666666666666666, 0.6666666666666666, 0.6666666666666666, 0.6666666666666666, 0.6666666666666666, 1.0, 0.6666666666666666, 1.0, 0.6666666666666666, 0.6666666666666666, 0.6666666666666666, 0.6666666666666666, 1.0, 0.6666666666666666, 0.6666666666666666, 0.6666666666666666, 0.6666666666666666, 0.6666666666666666, 1.0, 0.6666666666666666, 0.6666666666666666, 1.0, 1.0]",0.1527525231651947,"[1.0, 0.8, 1.0, 1.0, 1.0, 0.8, 0.6, 0.8, 0.8, 0.8, 0.8, 1.0, 1.0, 0.8, 1.0, 0.8, 0.8, 1.0, 1.0, 1.0, 0.8, 0.8, 0.8, 0.8, 0.8, 0.8, 0.8, 0.8, 1.0, 1.0]",0.1093414631123781,0.0016849135128863
california,rf,5000,8,8,b1_uniform,A2,0.0,0.0,5000.0,0.9714285714285712,0.0142857142857142,0.914285714285714,1.0,0.8200000000000002,0.0004259329772118,1.2576917306638995,"[0.9285714285714285, 0.9285714285714285, 0.9285714285714285, 0.8571428571428571, 0.9285714285714285, 0.8571428571428571, 0.9285714285714285, 0.9285714285714285, 0.9285714285714285, 0.9999999999999998, 0.8571428571428571, 0.9285714285714285, 0.8571428571428571, 0.9285714285714285, 0.9285714285714285, 0.9285714285714285, 0.9999999999999998, 0.8571428571428571, 0.9285714285714285, 0.9285714285714285, 0.8571428571428571, 0.8571428571428571, 0.9285714285714285, 0.9285714285714285, 0.9999999999999998, 0.9285714285714285, 0.9285714285714285, 0.9285714285714285, 0.8571428571428571, 0.8571428571428571]",0.0428571428571428,0.0003491425778711,0.000522767705597,5.324162215147635e-05,3.019956860205257e-05,"[0.00032310248751320913, 0.00045971997207549197, 0.000385791824348009, 0.0008819909218044568, 0.0002954043334944236, 0.0004542921932877802, 0.00129776774840354, 0.00027259488139977307, 0.00043958590366733805, 0.00012897290689994426, 0.00043903326175223287, 0.00024816031426426433, 0.0007513974576277624, 0.00014535224018161238, 0.0003627398422847708, 0.00036691788407137494, 7.619717487976703e-05, 0.00044510500464286, 0.0002672754676520045, 0.0006597700352404378, 0.00025997364636763746, 0.0005284913820513776, 0.0002660976454231082, 0.00041155731245925617, 0.00026795427525143676, 0.0003919159053878195, 0.0004283225674292112, 0.0002454019164886296, 0.0006551508766111109, 0.0006219519333936819]",0.0002415965488164,5000.0,0.9666666666666668,0.9761904761904764,"[0.9761904761904763, 0.9761904761904763, 0.9761904761904763, 0.9523809523809524, 0.9761904761904763, 0.9523809523809524, 0.9761904761904763, 0.9761904761904763, 0.9761904761904763, 1.0, 0.9523809523809524, 0.9761904761904763, 0.9523809523809524, 0.9761904761904763, 0.9761904761904763, 0.9761904761904763, 1.0, 0.9523809523809524, 0.9761904761904763, 0.9761904761904763, 0.9523809523809524, 0.9523809523809524, 0.9761904761904763, 0.9761904761904763, 1.0, 0.9761904761904763, 0.9761904761904763, 0.9761904761904763, 0.9523809523809524, 0.9523809523809524]",50.15593325333224,3.852328015664233,"[1.0, 1.0, 1.0, 1.0, 1.0, 1.0, 1.0, 1.0, 1.0, 1.0, 1.0, 1.0, 1.0, 1.0, 1.0, 1.0, 1.0, 1.0, 1.0, 1.0, 1.0, 1.0, 1.0, 1.0, 1.0, 1.0, 1.0, 1.0, 1.0, 1.0]",0.0,"[0.8, 0.8, 0.8, 0.8, 0.8, 0.8, 0.8, 0.8, 0.8, 1.0, 0.8, 0.8, 0.8, 0.8, 0.8, 0.8, 1.0, 0.8, 0.8, 0.8, 0.8, 0.8, 0.8, 0.8, 1.0, 0.8, 0.8, 0.8, 0.8, 0.8]",0.06,3.26608500373361e-05
california,rf,5000,8,8,b2_stratified,A2,0.0,0.0,5000.0,0.9880952380952382,0.0119047619047618,0.964285714285714,0.8555555555555556,0.9933333333333334,0.000338662461418,1.0,"[0.9285714285714285, 0.9999999999999998, 0.9999999999999998, 0.9285714285714285, 0.9285714285714285, 0.9285714285714285, 0.9285714285714285, 0.9999999999999998, 0.9285714285714285, 0.9285714285714285, 0.9999999999999998, 0.9999999999999998, 0.9999999999999998, 0.9999999999999998, 0.9285714285714285, 0.9285714285714285, 0.9285714285714285, 0.9999999999999998, 0.9285714285714285, 0.9285714285714285, 0.9285714285714285, 0.9999999999999998, 0.9285714285714285, 0.9999999999999998, 0.9999999999999998, 0.9999999999999998, 0.9999999999999998, 0.9285714285714285, 0.9999999999999998, 0.9999999999999998]",0.0357142857142856,0.000246829215356,0.0004638190312816,4.233280767726095e-05,3.777958430788954e-05,"[0.00015979158028506197, 0.0016239416224799472, 0.0004996261406302349, 0.0005192232433919661, 0.00019089971075812365, 0.0005066755844412047, 0.00014695211115041645, 0.00014807301921001588, 0.00028440820991502676, 0.0001840695439510152, 0.0001816222978259083, 0.000778939899538128, 0.00010994582561865258, 4.592866666822243e-05, 0.00032025818948839434, 0.00034932171786209825, 0.0002684946688304957, 0.0007835191072036662, 0.0004299968893468643, 0.00017652575338637856, 0.00022843250373510957, 0.0002072445882329445, 0.00014191707197430808, 0.0001376000899358605, 0.00012875955794886145, 0.00041616823191710625, 0.00010808060120843611, 0.0005237411491910103, 0.0002972531665916434, 0.0002624630998255254]",0.0003022366744631,5000.0,0.984126984126984,0.992063492063492,"[0.9761904761904763, 1.0, 1.0, 0.9761904761904763, 0.9761904761904763, 0.9761904761904763, 0.9761904761904763, 1.0, 0.9761904761904763, 0.9761904761904763, 1.0, 1.0, 1.0, 1.0, 0.9761904761904763, 0.9761904761904763, 0.9761904761904763, 1.0, 0.9761904761904763, 0.9761904761904763, 0.9761904761904763, 1.0, 0.9761904761904763, 1.0, 1.0, 1.0, 1.0, 0.9761904761904763, 1.0, 1.0]",50.97494410000703,2.2929165692621725,"[0.6666666666666666, 1.0, 1.0, 1.0, 0.6666666666666666, 0.6666666666666666, 0.6666666666666666, 1.0, 0.6666666666666666, 0.6666666666666666, 1.0, 1.0, 1.0, 1.0, 0.6666666666666666, 1.0, 0.6666666666666666, 1.0, 0.6666666666666666, 0.6666666666666666, 0.6666666666666666, 1.0, 0.6666666666666666, 1.0, 1.0, 1.0, 1.0, 0.6666666666666666, 1.0, 1.0]",0.1651785416368723,"[1.0, 1.0, 1.0, 1.0, 1.0, 1.0, 1.0, 1.0, 1.0, 1.0, 1.0, 1.0, 1.0, 1.0, 1.0, 0.8, 1.0, 1.0, 1.0, 1.0, 1.0, 1.0, 1.0, 1.0, 1.0, 1.0, 1.0, 1.0, 1.0, 1.0]",0.03590109871423,3.990554308681708e-05
california,rf,5000,8,8,b3_is,A2,0.0,0.0,5000.0,0.9825396825396824,0.0149745732254866,0.9476190476190474,0.8333333333333335,0.9933333333333334,0.0003609914743857,1.0659329435985463,"[0.9999999999999998, 0.9999999999999998, 0.9285714285714285, 0.9285714285714285, 0.9285714285714285, 0.9999999999999998, 0.9999999999999998, 0.9285714285714285, 0.9999999999999998, 0.8571428571428571, 0.9285714285714285, 0.9285714285714285, 0.9285714285714285, 0.9285714285714285, 0.9999999999999998, 0.9285714285714285, 0.9285714285714285, 0.9999999999999998, 0.9285714285714285, 0.9285714285714285, 0.9999999999999998, 0.8571428571428571, 0.9999999999999998, 0.9999999999999998, 0.9285714285714285, 0.9285714285714285, 0.9285714285714285, 0.9999999999999998, 0.9285714285714285, 0.8571428571428571]",0.0449237196764599,0.0002935638694648,0.0004397515483678,4.512393429821391e-05,2.5778706285080808e-05,"[0.00041963537868954935, 0.00033689374234921585, 0.00021871593077077466, 0.00029888078200488035, 0.00020940399792102597, 6.833267515407967e-05, 9.549172773965445e-05, 0.00011570645739847391, 0.00012298595135004658, 0.0003313459294164352, 0.0007318941991572334, 0.00023721257733328645, 0.00015188317580689696, 0.00024179718601088172, 0.0005176639669367906, 0.0005008958883125006, 0.000601831792021766, 0.0007994149795044624, 0.00039589557294267107, 0.00020718427528365756, 0.00030618453784428585, 0.0008252075774730395, 0.0005161359801168915, 0.00025389208411520853, 0.00025319076917299286, 0.0006237241627171452, 0.0004191819804901837, 0.0005767281023814181, 0.00022426644143038133, 0.0002281664097255109]",0.0002062296502806,5000.0,0.976984126984127,0.988095238095238,"[1.0, 1.0, 0.9761904761904763, 0.9761904761904763, 0.9761904761904763, 1.0, 1.0, 0.9761904761904763, 1.0, 0.9523809523809524, 0.9761904761904763, 0.9761904761904763, 0.9761904761904763, 0.9761904761904763, 1.0, 0.9761904761904763, 0.9761904761904763, 1.0, 0.9761904761904763, 0.9761904761904763, 1.0, 0.9523809523809524, 1.0, 1.0, 0.9761904761904763, 0.9761904761904763, 0.9761904761904763, 1.0, 0.9761904761904763, 0.9523809523809524]",52.34288977666486,4.332570366957289,"[1.0, 1.0, 1.0, 1.0, 0.6666666666666666, 1.0, 1.0, 0.6666666666666666, 1.0, 0.6666666666666666, 0.6666666666666666, 0.6666666666666666, 0.6666666666666666, 0.6666666666666666, 1.0, 1.0, 0.6666666666666666, 1.0, 0.6666666666666666, 0.6666666666666666, 1.0, 0.6666666666666666, 1.0, 1.0, 0.6666666666666666, 0.6666666666666666, 0.6666666666666666, 1.0, 1.0, 0.6666666666666666]",0.1666666666666666,"[1.0, 1.0, 1.0, 1.0, 1.0, 1.0, 1.0, 1.0, 1.0, 1.0, 1.0, 1.0, 1.0, 1.0, 1.0, 1.0, 1.0, 1.0, 1.0, 1.0, 1.0, 0.8, 1.0, 1.0, 1.0, 1.0, 1.0, 1.0, 1.0, 1.0]",0.03590109871423,3.746332343640049e-05
california,rf,5000,8,8,b4_antithetic,A2,0.0,0.0,5000.0,0.976190476190476,3.3306690738754696e-16,0.9285714285714284,1.0,0.8000000000000003,0.0001697317592695,0.501182677757721,"[0.9285714285714285, 0.9285714285714285, 0.9285714285714285, 0.9285714285714285, 0.9285714285714285, 0.9285714285714285, 0.9285714285714285, 0.9285714285714285, 0.9285714285714285, 0.9285714285714285, 0.9285714285714285, 0.9285714285714285, 0.9285714285714285, 0.9285714285714285, 0.9285714285714285, 0.9285714285714285, 0.9285714285714285, 0.9285714285714285, 0.9285714285714285, 0.9285714285714285, 0.9285714285714285, 0.9285714285714285, 0.9285714285714285, 0.9285714285714285, 0.9285714285714285, 0.9285714285714285, 0.9285714285714285, 0.9285714285714285, 0.9285714285714285, 0.9285714285714285]",2.220446049250313e-16,0.0001589458036237,0.0001805359808113,2.121646990869225e-05,3.809085189492748e-06,"[0.00014005117756870023, 0.00015820137036752328, 0.0002040253396965478, 0.0001735698450203488, 0.00019478543045543264, 0.0001549605960164924, 0.000154181724051916, 0.00017366913517418193, 0.00011676067947665741, 0.00017197140514262755, 0.0001474523081738943, 0.00016315968160660968, 0.00020763206958445083, 0.00022107557322225023, 0.00016011346480594054, 0.00015048997495241368, 0.0002192060153568558, 0.0001277774194611123, 0.00017459317636687595, 0.0001700931270640205, 0.00019299983934457349, 0.00015992893419745395, 0.00010396447477237577, 0.00013899167137609687, 0.00014583167199947738, 0.0001723402307467516, 0.00021837771705267788, 0.0002048158332839832, 0.00015502087815017968, 0.00021591201359771683]",3.0472681515941987e-05,5000.0,0.976190476190476,0.976190476190476,"[0.9761904761904763, 0.9761904761904763, 0.9761904761904763, 0.9761904761904763, 0.9761904761904763, 0.9761904761904763, 0.9761904761904763, 0.9761904761904763, 0.9761904761904763, 0.9761904761904763, 0.9761904761904763, 0.9761904761904763, 0.9761904761904763, 0.9761904761904763, 0.9761904761904763, 0.9761904761904763, 0.9761904761904763, 0.9761904761904763, 0.9761904761904763, 0.9761904761904763, 0.9761904761904763, 0.9761904761904763, 0.9761904761904763, 0.9761904761904763, 0.9761904761904763, 0.9761904761904763, 0.9761904761904763, 0.9761904761904763, 0.9761904761904763, 0.9761904761904763]",50.4656255433365,2.5727282931547024,"[1.0, 1.0, 1.0, 1.0, 1.0, 1.0, 1.0, 1.0, 1.0, 1.0, 1.0, 1.0, 1.0, 1.0, 1.0, 1.0, 1.0, 1.0, 1.0, 1.0, 1.0, 1.0, 1.0, 1.0, 1.0, 1.0, 1.0, 1.0, 1.0, 1.0]",0.0,"[0.8, 0.8, 0.8, 0.8, 0.8, 0.8, 0.8, 0.8, 0.8, 0.8, 0.8, 0.8, 0.8, 0.8, 0.8, 0.8, 0.8, 0.8, 0.8, 0.8, 0.8, 0.8, 0.8, 0.8, 0.8, 0.8, 0.8, 0.8, 0.8, 0.8]",2.220446049250313e-16,6.261597440640799e-07
california,rf,5000,9,8,abc_shap,A2,0.4992,2496.0,2504.0,0.8452380952380952,0.1020852133197243,0.726190476190476,0.9888888888888888,0.8133333333333336,0.0159489791738192,67.13071962900128,"[0.6428571428571428, 0.6428571428571428, 0.9285714285714285, 0.8571428571428571, 0.8571428571428571, 0.5714285714285714, 0.6428571428571428, 0.9999999999999998, 0.6428571428571428, 0.6428571428571428, 0.9285714285714285, 0.6428571428571428, 0.6428571428571428, 0.6428571428571428, 0.5714285714285714, 0.6428571428571428, 0.8571428571428571, 0.42857142857142855, 0.6428571428571428, 0.5714285714285714, 0.9285714285714285, 0.5714285714285714, 0.7857142857142856, 0.8571428571428571, 0.9285714285714285, 0.6428571428571428, 0.9285714285714285, 0.8571428571428571, 0.7142857142857142, 0.5714285714285714]",0.1476382475993094,0.010941530986333,0.0219252377823905,0.0019936223967274,0.001831701224112,"[0.012245475655068587, 0.0187447868253563, 0.001003402783412186, 0.012510799525376865, 0.007654115129214669, 0.02958730454723024, 0.020361011045142603, 0.0012608747284964734, 0.006025502552058089, 0.01108170071902514, 0.0013793148518638912, 0.014104078703591162, 0.019797968254337633, 0.02338098407600168, 0.05269038187023177, 0.008850928783999033, 0.0076682284266280844, 0.05744582409339455, 0.012678499859588042, 0.023241025058620964, 0.0014656645100720716, 0.034705355502122975, 0.0004951373618471631, 0.0009435578875381396, 0.0017395362307479642, 0.019055182059789396, 0.0002716430399545654, 0.014253320447736842, 0.0276153826137868, 0.03621238807234318]",0.0146536097928965,2496.0,0.8078968253968254,0.8785714285714286,"[0.7857142857142858, 0.7857142857142858, 0.9761904761904763, 0.9523809523809524, 0.9523809523809524, 0.7619047619047621, 0.7857142857142858, 1.0, 0.7857142857142858, 0.7857142857142858, 0.9761904761904763, 0.7857142857142858, 0.7857142857142858, 0.7857142857142858, 0.7619047619047621, 0.7857142857142858, 0.9523809523809524, 0.5714285714285715, 0.7857142857142858, 0.7619047619047621, 0.9761904761904763, 0.7619047619047621, 0.880952380952381, 0.9285714285714287, 0.9761904761904763, 0.7857142857142858, 0.9761904761904763, 0.9523809523809524, 0.8333333333333335, 0.7619047619047621]",54.27011042333906,3.005087296625421,"[1.0, 1.0, 1.0, 1.0, 1.0, 1.0, 1.0, 1.0, 1.0, 1.0, 1.0, 1.0, 1.0, 1.0, 1.0, 1.0, 1.0, 1.0, 1.0, 0.6666666666666666, 1.0, 1.0, 1.0, 1.0, 1.0, 1.0, 1.0, 1.0, 1.0, 1.0]",0.0598351645237167,"[0.8, 0.8, 0.8, 0.8, 0.8, 0.8, 0.8, 1.0, 0.8, 0.8, 1.0, 0.8, 0.8, 0.8, 0.8, 0.8, 0.8, 0.6, 0.8, 0.8, 0.8, 0.8, 0.8, 1.0, 0.8, 0.8, 0.8, 0.8, 0.8, 0.8]",0.07180219742846,0.0017298457719594
california,rf,5000,9,8,b1_uniform,A2,0.0,0.0,5000.0,0.7674603174603177,0.014655702629063,0.5880952380952381,0.9444444444444444,0.8000000000000003,0.0018858243785023,7.9376081843902275,"[0.6428571428571428, 0.5714285714285714, 0.5714285714285714, 0.6428571428571428, 0.5714285714285714, 0.5714285714285714, 0.5714285714285714, 0.4999999999999999, 0.5714285714285714, 0.4999999999999999, 0.5714285714285714, 0.5714285714285714, 0.5714285714285714, 0.5714285714285714, 0.6428571428571428, 0.6428571428571428, 0.5714285714285714, 0.6428571428571428, 0.4999999999999999, 0.6428571428571428, 0.6428571428571428, 0.5714285714285714, 0.6428571428571428, 0.5714285714285714, 0.5714285714285714, 0.6428571428571428, 0.5714285714285714, 0.5714285714285714, 0.6428571428571428, 0.5714285714285714]",0.043967107887189,0.0016500151598155,0.0021322308072108,0.0002357280473127,8.306897216140743e-05,"[0.0033963447232790017, 0.0017771349578459077, 0.002557377694384458, 0.0014200867861411234, 0.002302902558600525, 0.0018453226990178702, 0.0018290749947804448, 0.001991735396021285, 0.002574282344001675, 0.0018887740881082709, 0.001803889889848978, 0.00280277788427174, 0.0022496670178169783, 0.002772889752999824, 0.0015344797843690294, 0.001388884856377623, 0.001456044648461682, 0.0012195595883162523, 0.001641096878102343, 0.0011548825744087253, 0.002470467907037581, 0.003566997642166777, 0.0015577807287347953, 0.001572320200680152, 0.001477891583458255, 0.0010961226169795117, 0.0013529285980886827, 0.00199649989877606, 0.0009992081247926204, 0.0008773049372023274]",0.0006645517772912,5000.0,0.7619047619047622,0.7730158730158732,"[0.7857142857142858, 0.7619047619047621, 0.7619047619047621, 0.7857142857142858, 0.7619047619047621, 0.7619047619047621, 0.7619047619047621, 0.7380952380952381, 0.7619047619047621, 0.7380952380952381, 0.7619047619047621, 0.7619047619047621, 0.7619047619047621, 0.7619047619047621, 0.7857142857142858, 0.7857142857142858, 0.7619047619047621, 0.7857142857142858, 0.7380952380952381, 0.7857142857142858, 0.7857142857142858, 0.7619047619047621, 0.7857142857142858, 0.7619047619047621, 0.7619047619047621, 0.7857142857142858, 0.7619047619047621, 0.7619047619047621, 0.7857142857142858, 0.7619047619047621]",52.23818985999872,2.790417604549107,"[1.0, 1.0, 1.0, 1.0, 0.6666666666666666, 1.0, 1.0, 0.6666666666666666, 1.0, 0.6666666666666666, 1.0, 1.0, 1.0, 1.0, 1.0, 1.0, 1.0, 1.0, 0.6666666666666666, 1.0, 1.0, 1.0, 1.0, 1.0, 1.0, 1.0, 1.0, 1.0, 1.0, 0.6666666666666666]",0.1242259987499883,"[0.8, 0.8, 0.8, 0.8, 0.8, 0.8, 0.8, 0.8, 0.8, 0.8, 0.8, 0.8, 0.8, 0.8, 0.8, 0.8, 0.8, 0.8, 0.8, 0.8, 0.8, 0.8, 0.8, 0.8, 0.8, 0.8, 0.8, 0.8, 0.8, 0.8]",2.220446049250313e-16,3.268547940102055e-05
california,rf,5000,9,8,b2_stratified,A2,0.0,0.0,5000.0,0.9841269841269842,0.0177465712499983,0.952380952380952,1.0,0.9266666666666666,0.0002375809355532,1.0,"[0.9999999999999998, 0.9999999999999998, 0.9285714285714285, 0.9285714285714285, 0.9285714285714285, 0.9285714285714285, 0.9999999999999998, 0.9999999999999998, 0.9285714285714285, 0.9999999999999998, 0.9285714285714285, 0.9999999999999998, 0.8571428571428571, 0.9999999999999998, 0.8571428571428571, 0.9999999999999998, 0.9999999999999998, 0.9999999999999998, 0.8571428571428571, 0.9999999999999998, 0.9999999999999998, 0.9285714285714285, 0.9999999999999998, 0.8571428571428571, 0.9285714285714285, 0.9285714285714285, 0.9999999999999998, 0.9999999999999998, 0.8571428571428571, 0.9285714285714285]",0.0532397137499949,0.000150356627943,0.0003481680017809,2.969761694415288e-05,3.523408520817094e-05,"[6.550474476093451e-05, 0.00017345462375320273, 0.00014654929426456003, 0.00016110890358413119, 0.0005153442416803335, 0.0002566499033321089, 0.00027315509755232697, 0.00012463827128031277, 0.00019424253458297821, 0.0005479829251066718, 1.2245092644002828e-05, 4.878904219196984e-05, 0.000379876937633354, 3.611432741243598e-05, 5.718373444597244e-05, 0.00012573601639486132, 1.64970817857224e-05, 4.2961855925803186e-05, 0.00014323072379047934, 0.0009254602802404491, 1.7510272321845392e-05, 0.0013469378212905502, 0.0004253447601339135, 0.00022145950168210625, 0.00016748450818951057, 7.291645954310853e-05, 8.298046918846099e-05, 0.00013038257153731838, 0.00023012449322727189, 0.00018556157711999396]",0.0002818726816653,5000.0,0.977777777777778,0.9896825396825398,"[1.0, 1.0, 0.9761904761904763, 0.9761904761904763, 0.9761904761904763, 0.9761904761904763, 1.0, 1.0, 0.9761904761904763, 1.0, 0.9761904761904763, 1.0, 0.9523809523809524, 1.0, 0.9523809523809524, 1.0, 1.0, 1.0, 0.9523809523809524, 1.0, 1.0, 0.9761904761904763, 1.0, 0.9523809523809524, 0.9761904761904763, 0.9761904761904763, 1.0, 1.0, 0.9523809523809524, 0.9761904761904763]",53.66905906333511,3.523198471389974,"[1.0, 1.0, 1.0, 1.0, 1.0, 1.0, 1.0, 1.0, 1.0, 1.0, 1.0, 1.0, 1.0, 1.0, 1.0, 1.0, 1.0, 1.0, 1.0, 1.0, 1.0, 1.0, 1.0, 1.0, 1.0, 1.0, 1.0, 1.0, 1.0, 1.0]",0.0,"[1.0, 1.0, 1.0, 0.8, 0.8, 0.8, 1.0, 1.0, 0.8, 1.0, 0.8, 1.0, 0.8, 1.0, 0.8, 1.0, 1.0, 1.0, 0.8, 1.0, 1.0, 1.0, 1.0, 0.8, 1.0, 1.0, 1.0, 1.0, 0.8, 0.8]",0.0963788819653397,2.931843735710312e-05
california,rf,5000,9,8,b3_is,A2,0.0,0.0,5000.0,0.9928571428571428,0.0152455338986496,0.9809523809523808,1.0,0.9666666666666668,0.0004284600710147,1.8034278298341204,"[0.9285714285714285, 0.9999999999999998, 0.9999999999999998, 0.9999999999999998, 0.9999999999999998, 0.9285714285714285, 0.9999999999999998, 0.9999999999999998, 0.9999999999999998, 0.9285714285714285, 0.9999999999999998, 0.9999999999999998, 0.9999999999999998, 0.9999999999999998, 0.9285714285714285, 0.9999999999999998, 0.9999999999999998, 0.9999999999999998, 0.9285714285714285, 0.9999999999999998, 0.8571428571428571, 0.9999999999999998, 0.9999999999999998, 0.9999999999999998, 0.9999999999999998, 0.9999999999999998, 0.9999999999999998, 0.9999999999999998, 0.9999999999999998, 0.9285714285714285]",0.0365768845136599,0.0003211395461477,0.0005477710824306,5.355750887683863e-05,4.088242853521957e-05,"[0.0001619512900039444, 0.00016416737596753483, 0.00018581473323978046, 0.0002748964145390085, 0.0009909973722062643, 3.741119208675974e-05, 0.0007772823169142368, 0.00030231284504808256, 5.651581310513863e-05, 0.0013384766050650284, 0.00017335150966603803, 7.16520870162353e-05, 0.0005935989216510438, 0.00015985939432958267, 0.0003105913733709492, 0.0003694087088923548, 0.0002476908083383783, 0.000587571295939631, 0.0005869061254954795, 0.00022992309247145211, 0.0008594090324907405, 0.0001525430712617188, 0.0003862718156135218, 0.0007494780737345519, 8.659853471611744e-05, 0.0009427170856577326, 0.0005468510796600367, 0.0005892196821982989, 0.00015139199971829154, 0.0007689424800433357]",0.0003270594282817,5000.0,0.9865079365079364,0.9976190476190476,"[0.9761904761904763, 1.0, 1.0, 1.0, 1.0, 0.9761904761904763, 1.0, 1.0, 1.0, 0.9761904761904763, 1.0, 1.0, 1.0, 1.0, 0.9761904761904763, 1.0, 1.0, 1.0, 0.9761904761904763, 1.0, 0.9285714285714287, 1.0, 1.0, 1.0, 1.0, 1.0, 1.0, 1.0, 1.0, 0.9761904761904763]",54.20933653999624,3.83762198337138,"[1.0, 1.0, 1.0, 1.0, 1.0, 1.0, 1.0, 1.0, 1.0, 1.0, 1.0, 1.0, 1.0, 1.0, 1.0, 1.0, 1.0, 1.0, 1.0, 1.0, 1.0, 1.0, 1.0, 1.0, 1.0, 1.0, 1.0, 1.0, 1.0, 1.0]",0.0,"[0.8, 1.0, 1.0, 1.0, 1.0, 0.8, 1.0, 1.0, 1.0, 0.8, 1.0, 1.0, 1.0, 1.0, 1.0, 1.0, 1.0, 1.0, 0.8, 1.0, 0.8, 1.0, 1.0, 1.0, 1.0, 1.0, 1.0, 1.0, 1.0, 1.0]",0.0745355992499929,4.234901369018937e-05
california,rf,5000,9,8,b4_antithetic,A2,0.0,0.0,5000.0,0.7619047619047623,2.220446049250313e-16,0.5714285714285714,1.0,0.8000000000000003,0.0015587094722284,6.560751470225713,"[0.5714285714285714, 0.5714285714285714, 0.5714285714285714, 0.5714285714285714, 0.5714285714285714, 0.5714285714285714, 0.5714285714285714, 0.5714285714285714, 0.5714285714285714, 0.5714285714285714, 0.5714285714285714, 0.5714285714285714, 0.5714285714285714, 0.5714285714285714, 0.5714285714285714, 0.5714285714285714, 0.5714285714285714, 0.5714285714285714, 0.5714285714285714, 0.5714285714285714, 0.5714285714285714, 0.5714285714285714, 0.5714285714285714, 0.5714285714285714, 0.5714285714285714, 0.5714285714285714, 0.5714285714285714, 0.5714285714285714, 0.5714285714285714, 0.5714285714285714]",0.0,0.0014821695053767,0.0016376336986064,0.0001948386840285,2.7006492020996552e-05,"[0.0013289803489141743, 0.0014785261496847607, 0.0014163035916538243, 0.001489448381811746, 0.0014362345475964378, 0.0014811841982665273, 0.0018704230443772074, 0.0018403992700985283, 0.0016763728900843463, 0.0016726005853524883, 0.0015754814368074941, 0.0020277433788069917, 0.0016850831114180221, 0.0014521893059468744, 0.0015127039739411187, 0.001958422787687555, 0.0017647788374059853, 0.0012433253769499853, 0.0015248311117451421, 0.0014067486767855926, 0.0012182547538133802, 0.0016409426793487399, 0.0011591184665233254, 0.0015383370481577277, 0.0012650705424013045, 0.0014840547209046394, 0.0017015573631437853, 0.0016248908318637848, 0.0018698166697715627, 0.0014174600855891967]",0.0002160519361679,5000.0,0.7619047619047623,0.7619047619047623,"[0.7619047619047621, 0.7619047619047621, 0.7619047619047621, 0.7619047619047621, 0.7619047619047621, 0.7619047619047621, 0.7619047619047621, 0.7619047619047621, 0.7619047619047621, 0.7619047619047621, 0.7619047619047621, 0.7619047619047621, 0.7619047619047621, 0.7619047619047621, 0.7619047619047621, 0.7619047619047621, 0.7619047619047621, 0.7619047619047621, 0.7619047619047621, 0.7619047619047621, 0.7619047619047621, 0.7619047619047621, 0.7619047619047621, 0.7619047619047621, 0.7619047619047621, 0.7619047619047621, 0.7619047619047621, 0.7619047619047621, 0.7619047619047621, 0.7619047619047621]",53.02581591666482,3.5784324897968665,"[1.0, 1.0, 1.0, 1.0, 1.0, 1.0, 1.0, 1.0, 1.0, 1.0, 1.0, 1.0, 1.0, 1.0, 1.0, 1.0, 1.0, 1.0, 1.0, 1.0, 1.0, 1.0, 1.0, 1.0, 1.0, 1.0, 1.0, 1.0, 1.0, 1.0]",0.0,"[0.8, 0.8, 0.8, 0.8, 0.8, 0.8, 0.8, 0.8, 0.8, 0.8, 0.8, 0.8, 0.8, 0.8, 0.8, 0.8, 0.8, 0.8, 0.8, 0.8, 0.8, 0.8, 0.8, 0.8, 0.8, 0.8, 0.8, 0.8, 0.8, 0.8]",2.220446049250313e-16,3.859678759570364e-06
california,mlp,5000,0,8,abc_shap,A2,0.4992,2496.0,2504.0,0.9666666666666668,0.054502491153617,0.9238095238095236,1.0,0.92,0.0101038611774808,23.278204300413936,"[0.9285714285714285, 0.9285714285714285, 0.9285714285714285, 0.9999999999999998, 0.9285714285714285, 0.9999999999999998, 0.9285714285714285, 0.9999999999999998, 0.9999999999999998, 0.9285714285714285, 0.7142857142857142, 0.9999999999999998, 0.5714285714285714, 0.9285714285714285, 0.9285714285714285, 0.9285714285714285, 0.9285714285714285, 0.9285714285714285, 0.9285714285714285, 0.9285714285714285, 0.9285714285714285, 0.9999999999999998, 0.9285714285714285, 0.9999999999999998, 0.9285714285714285, 0.7142857142857142, 0.9999999999999998, 0.9285714285714285, 0.9285714285714285, 0.9999999999999998]",0.093919442491981,0.0062613289933301,0.0149767566446389,0.0012629826471851,0.001560283996617,"[0.012797411623506645, 0.002289096118220588, 0.02681392462088731, 0.006255939639217478, 0.006775000599531886, 0.0036665088798513946, 0.007724476622534985, 0.006493534395544435, 0.0057767677062232825, 0.0017369823448160095, 0.027368574476612242, 0.001510048100655795, 0.0584319243471248, 0.011796384560312378, 0.009077757158034308, 0.006190006549887866, 0.007224521941716616, 0.0065579783962030685, 0.0013058507323371184, 0.013714385733204187, 0.015590692600571134, 0.001321040096466269, 0.0013524961538511906, 0.005201552821314659, 0.0005345245186409646, 0.03867042104772525, 0.0008197943583735797, 0.010485884449608638, 0.0011132005735986353, 0.0045191541578538195]",0.0124822719729367,2496.0,0.945218253968254,0.9833333333333332,"[0.9761904761904763, 0.9761904761904763, 0.9761904761904763, 1.0, 0.9761904761904763, 1.0, 0.9761904761904763, 1.0, 1.0, 0.9761904761904763, 0.8333333333333335, 1.0, 0.7619047619047621, 0.9761904761904763, 0.9761904761904763, 0.9761904761904763, 0.9761904761904763, 0.9761904761904763, 0.9761904761904763, 0.9761904761904763, 0.9761904761904763, 1.0, 0.9761904761904763, 1.0, 0.9761904761904763, 0.8333333333333335, 1.0, 0.9761904761904763, 0.9761904761904763, 1.0]",0.9549059666673808,0.0132962297189122,"[1.0, 1.0, 1.0, 1.0, 1.0, 1.0, 1.0, 1.0, 1.0, 1.0, 1.0, 1.0, 1.0, 1.0, 1.0, 1.0, 1.0, 1.0, 1.0, 1.0, 1.0, 1.0, 1.0, 1.0, 1.0, 1.0, 1.0, 1.0, 1.0, 1.0]",0.0,"[0.8, 1.0, 0.8, 1.0, 0.8, 1.0, 0.8, 1.0, 1.0, 0.8, 0.8, 1.0, 0.8, 0.8, 0.8, 1.0, 1.0, 1.0, 1.0, 1.0, 0.8, 1.0, 1.0, 1.0, 1.0, 0.8, 1.0, 0.8, 1.0, 1.0]",0.0979795897113271,0.0012511397044745
california,mlp,5000,0,8,b1_uniform,A2,0.0,0.0,5000.0,0.9809523809523808,0.016723259925163,0.9428571428571428,1.0,0.96,0.0012371504564499,2.8502609615992265,"[0.9999999999999998, 0.9285714285714285, 0.9285714285714285, 0.8571428571428571, 0.9285714285714285, 0.9999999999999998, 0.9285714285714285, 0.9285714285714285, 0.8571428571428571, 0.9999999999999998, 0.9999999999999998, 0.9999999999999998, 0.9285714285714285, 0.9285714285714285, 0.8571428571428571, 0.9999999999999998, 0.9285714285714285, 0.9999999999999998, 0.9999999999999998, 0.9999999999999998, 0.9999999999999998, 0.9285714285714285, 0.9285714285714285, 0.9285714285714285, 0.9285714285714285, 0.9285714285714285, 0.8571428571428571, 0.8571428571428571, 0.9285714285714285, 0.9999999999999998]",0.0501697797754891,0.0010653918399821,0.0014269345400571,0.0001546438070562,6.550622710511615e-05,"[0.0009014983431091173, 0.0011115791467912334, 0.0030033098866887845, 0.0018546369753013785, 0.0015228488179609208, 0.0011720414077454524, 0.0021800502289083023, 0.0004206516754793377, 0.001910917347848941, 0.0005849429001456959, 0.0012251649633126145, 0.0011206212958846198, 0.0014236917855046864, 0.0012260307271823798, 0.0011943623851404467, 0.0007535053876845695, 0.0012973582069207843, 0.0007613487710350084, 0.0005042646178234667, 0.0007944133917085808, 0.0009260807328323486, 0.0009362610689149652, 0.001218704087325995, 0.0014318567417280195, 0.0008146869165107241, 0.0011615950411743912, 0.0013060754706821294, 0.0016545900559157142, 0.0010139580504592623, 0.0016874672657779478]",0.0005240498168409,5000.0,0.9746031746031748,0.9865079365079364,"[1.0, 0.9761904761904763, 0.9761904761904763, 0.9523809523809524, 0.9761904761904763, 1.0, 0.9761904761904763, 0.9761904761904763, 0.9523809523809524, 1.0, 1.0, 1.0, 0.9761904761904763, 0.9761904761904763, 0.9523809523809524, 1.0, 0.9761904761904763, 1.0, 1.0, 1.0, 1.0, 0.9761904761904763, 0.9761904761904763, 0.9761904761904763, 0.9761904761904763, 0.9761904761904763, 0.9523809523809524, 0.9523809523809524, 0.9761904761904763, 1.0]",0.8230118500068784,0.0633969473155336,"[1.0, 1.0, 1.0, 1.0, 1.0, 1.0, 1.0, 1.0, 1.0, 1.0, 1.0, 1.0, 1.0, 1.0, 1.0, 1.0, 1.0, 1.0, 1.0, 1.0, 1.0, 1.0, 1.0, 1.0, 1.0, 1.0, 1.0, 1.0, 1.0, 1.0]",0.0,"[1.0, 1.0, 1.0, 0.8, 1.0, 1.0, 1.0, 1.0, 0.8, 1.0, 1.0, 1.0, 0.8, 1.0, 0.8, 1.0, 1.0, 1.0, 1.0, 1.0, 1.0, 1.0, 1.0, 1.0, 1.0, 1.0, 0.8, 0.8, 1.0, 1.0]",0.0799999999999999,6.541755378484842e-05
california,mlp,5000,0,8,b2_stratified,A2,0.0,0.0,5000.0,0.9888888888888888,0.0147200293579296,0.9666666666666665,1.0,1.0,0.000434048135633,1.0,"[0.9999999999999998, 0.9285714285714285, 0.9999999999999998, 0.8571428571428571, 0.9999999999999998, 0.9999999999999998, 0.9285714285714285, 0.9999999999999998, 0.9999999999999998, 0.9285714285714285, 0.9999999999999998, 0.9999999999999998, 0.9285714285714285, 0.8571428571428571, 0.9285714285714285, 0.9999999999999998, 0.9999999999999998, 0.9999999999999998, 0.9999999999999998, 0.9999999999999998, 0.9285714285714285, 0.9285714285714285, 0.9999999999999998, 0.9285714285714285, 0.9999999999999998, 0.9285714285714285, 0.9999999999999998, 0.9285714285714285, 0.9999999999999998, 0.9999999999999998]",0.0441600880737889,0.0003190370957723,0.0005791626285794,5.425601695413645e-05,4.553485488926809e-05,"[9.587532579095357e-05, 0.00013494298015779803, 0.0002347810179443369, 0.0014433311421446942, 0.0005479134219849381, 0.000573887154287173, 0.0005341745201806417, 0.00034995791883330254, 0.0006342059954935781, 0.00041976549813681115, 5.579682423163087e-06, 0.00020040133191919025, 0.0007571101762624368, 0.0007003938068336857, 0.00035666344728821874, 0.00013423643772603522, 0.0005654709897120247, 0.0002190749338112305, 0.0005045302372102666, 0.0002894443400976265, 0.00024672457167798596, 0.00027157236352774153, 0.00034389043214858603, 0.0003186118330968968, 0.0017193788676652768, 0.0005083209553784739, 0.0005199917357452688, 0.00017811985692727889, 0.00014005638806298426, 7.303670652414844e-05]",0.0003642788391141,5000.0,0.9833333333333332,0.9936507936507936,"[1.0, 0.9761904761904763, 1.0, 0.9523809523809524, 1.0, 1.0, 0.9761904761904763, 1.0, 1.0, 0.9761904761904763, 1.0, 1.0, 0.9761904761904763, 0.9523809523809524, 0.9761904761904763, 1.0, 1.0, 1.0, 1.0, 1.0, 0.9761904761904763, 0.9761904761904763, 1.0, 0.9761904761904763, 1.0, 0.9761904761904763, 1.0, 0.9761904761904763, 1.0, 1.0]",0.8378630466603985,0.0629577914090111,"[1.0, 1.0, 1.0, 1.0, 1.0, 1.0, 1.0, 1.0, 1.0, 1.0, 1.0, 1.0, 1.0, 1.0, 1.0, 1.0, 1.0, 1.0, 1.0, 1.0, 1.0, 1.0, 1.0, 1.0, 1.0, 1.0, 1.0, 1.0, 1.0, 1.0]",0.0,"[1.0, 1.0, 1.0, 1.0, 1.0, 1.0, 1.0, 1.0, 1.0, 1.0, 1.0, 1.0, 1.0, 1.0, 1.0, 1.0, 1.0, 1.0, 1.0, 1.0, 1.0, 1.0, 1.0, 1.0, 1.0, 1.0, 1.0, 1.0, 1.0, 1.0]",0.0,5.046847722417937e-05
california,mlp,5000,0,8,b3_is,A2,0.0,0.0,5000.0,0.9896825396825396,0.0158928447575402,0.9690476190476188,1.0,1.0,0.0004079696591042,0.9399180081932916,"[0.9999999999999998, 0.9999999999999998, 0.8571428571428571, 0.9999999999999998, 0.8571428571428571, 0.9285714285714285, 0.9999999999999998, 0.9999999999999998, 0.9999999999999998, 0.9285714285714285, 0.9999999999999998, 0.9999999999999998, 0.9999999999999998, 0.9999999999999998, 0.9285714285714285, 0.9285714285714285, 0.9999999999999998, 0.9999999999999998, 0.9999999999999998, 0.9285714285714285, 0.9999999999999998, 0.9999999999999998, 0.9285714285714285, 0.8571428571428571, 0.9999999999999998, 0.9999999999999998, 0.9999999999999998, 0.9999999999999998, 0.9285714285714285, 0.9999999999999998]",0.0476785342726208,0.0003299218269481,0.0004988777578236,5.09962073880334e-05,2.866098120712245e-05,"[0.0006718905236395557, 0.0005852367565160755, 0.0006099153709414295, 0.00019895717731007313, 0.00038760562935744736, 0.00032098279456543844, 0.0005313404975451798, 0.000373926611129923, 0.0004352349114436275, 0.00013847881754423032, 0.00024070005184810656, 0.0002061033879850085, 0.0011215494965127037, 7.336865350472608e-05, 0.0006201801778658208, 0.0004462520704329039, 0.0003482495609125661, 0.00037883036045941663, 0.0002729013057835998, 0.0002582790952361639, 0.0002547636631072969, 0.0004957502664511211, 0.0005978441104791506, 0.0004920779579456559, 0.0007088542235933758, 0.0003170437569313785, 0.0007462806344944418, 0.00010397603138501057, 0.00013265172076592341, 0.00016986415744066314]",0.0002292878496569,5000.0,0.9841269841269842,0.9952380952380953,"[1.0, 1.0, 0.9523809523809524, 1.0, 0.9523809523809524, 0.9761904761904763, 1.0, 1.0, 1.0, 0.9761904761904763, 1.0, 1.0, 1.0, 1.0, 0.9761904761904763, 0.9761904761904763, 1.0, 1.0, 1.0, 0.9761904761904763, 1.0, 1.0, 0.9761904761904763, 0.9523809523809524, 1.0, 1.0, 1.0, 1.0, 0.9761904761904763, 1.0]",0.9435592766676564,0.0699979347839378,"[1.0, 1.0, 1.0, 1.0, 1.0, 1.0, 1.0, 1.0, 1.0, 1.0, 1.0, 1.0, 1.0, 1.0, 1.0, 1.0, 1.0, 1.0, 1.0, 1.0, 1.0, 1.0, 1.0, 1.0, 1.0, 1.0, 1.0, 1.0, 1.0, 1.0]",0.0,"[1.0, 1.0, 1.0, 1.0, 1.0, 1.0, 1.0, 1.0, 1.0, 1.0, 1.0, 1.0, 1.0, 1.0, 1.0, 1.0, 1.0, 1.0, 1.0, 1.0, 1.0, 1.0, 1.0, 1.0, 1.0, 1.0, 1.0, 1.0, 1.0, 1.0]",0.0,3.7635053312451074e-05
california,mlp,5000,0,8,b4_antithetic,A2,0.0,0.0,5000.0,0.976190476190476,3.3306690738754696e-16,0.9285714285714284,1.0,1.0,0.0007639656783831,1.7600943666508455,"[0.9285714285714285, 0.9285714285714285, 0.9285714285714285, 0.9285714285714285, 0.9285714285714285, 0.9285714285714285, 0.9285714285714285, 0.9285714285714285, 0.9285714285714285, 0.9285714285714285, 0.9285714285714285, 0.9285714285714285, 0.9285714285714285, 0.9285714285714285, 0.9285714285714285, 0.9285714285714285, 0.9285714285714285, 0.9285714285714285, 0.9285714285714285, 0.9285714285714285, 0.9285714285714285, 0.9285714285714285, 0.9285714285714285, 0.9285714285714285, 0.9285714285714285, 0.9285714285714285, 0.9285714285714285, 0.9285714285714285, 0.9285714285714285, 0.9285714285714285]",2.220446049250313e-16,0.0007300561130319,0.0008005590776878,9.549570979788836e-05,1.2263806396937263e-05,"[0.0006249498160696347, 0.0006903844298392158, 0.0006586737884363347, 0.0007854922688948844, 0.0007383663983409423, 0.0009071183670678179, 0.0007442186624585181, 0.0007976578819748857, 0.0008340599454277061, 0.0006389931831282782, 0.0006926467756406206, 0.0006284851913450285, 0.0006734051602745451, 0.0006329507346041937, 0.0007743495477839471, 0.0006444755540979773, 0.0007705021711591714, 0.0007550965158590373, 0.0007633102398188712, 0.0007036599507790568, 0.0008298281167747279, 0.0009134386998267406, 0.0008525913630013453, 0.0008869849100083219, 0.0009404840642401957, 0.0009571116649634747, 0.0008424009229914758, 0.0006418371537212256, 0.0007772328489526378, 0.0008182640240123943]",9.81104511754981e-05,5000.0,0.976190476190476,0.976190476190476,"[0.9761904761904763, 0.9761904761904763, 0.9761904761904763, 0.9761904761904763, 0.9761904761904763, 0.9761904761904763, 0.9761904761904763, 0.9761904761904763, 0.9761904761904763, 0.9761904761904763, 0.9761904761904763, 0.9761904761904763, 0.9761904761904763, 0.9761904761904763, 0.9761904761904763, 0.9761904761904763, 0.9761904761904763, 0.9761904761904763, 0.9761904761904763, 0.9761904761904763, 0.9761904761904763, 0.9761904761904763, 0.9761904761904763, 0.9761904761904763, 0.9761904761904763, 0.9761904761904763, 0.9761904761904763, 0.9761904761904763, 0.9761904761904763, 0.9761904761904763]",0.7895458299977084,0.0367992836591236,"[1.0, 1.0, 1.0, 1.0, 1.0, 1.0, 1.0, 1.0, 1.0, 1.0, 1.0, 1.0, 1.0, 1.0, 1.0, 1.0, 1.0, 1.0, 1.0, 1.0, 1.0, 1.0, 1.0, 1.0, 1.0, 1.0, 1.0, 1.0, 1.0, 1.0]",0.0,"[1.0, 1.0, 1.0, 1.0, 1.0, 1.0, 1.0, 1.0, 1.0, 1.0, 1.0, 1.0, 1.0, 1.0, 1.0, 1.0, 1.0, 1.0, 1.0, 1.0, 1.0, 1.0, 1.0, 1.0, 1.0, 1.0, 1.0, 1.0, 1.0, 1.0]",0.0,1.6138571127776849e-06
california,mlp,5000,1,8,abc_shap,A2,0.4992,2496.0,2504.0,0.9634920634920634,0.0317856895150805,0.9095238095238092,0.9777777777777776,0.9733333333333332,0.0031033354231378,42.114520958303885,"[0.7142857142857142, 0.9285714285714285, 0.9285714285714285, 0.9285714285714285, 0.9285714285714285, 0.9285714285714285, 0.9999999999999998, 0.7857142857142856, 0.8571428571428571, 0.8571428571428571, 0.7857142857142856, 0.8571428571428571, 0.9285714285714285, 0.9285714285714285, 0.9285714285714285, 0.9285714285714285, 0.9285714285714285, 0.9285714285714285, 0.9285714285714285, 0.9285714285714285, 0.9999999999999998, 0.9285714285714285, 0.8571428571428571, 0.9999999999999998, 0.9285714285714285, 0.9999999999999998, 0.9285714285714285, 0.9285714285714285, 0.9285714285714285, 0.8571428571428571]",0.063709943620284,0.0022242253099561,0.0039818468814516,0.0003879169278922,0.0003122645541004,"[0.0065373176554253355, 0.00022239133570504095, 0.004297776903290141, 0.0010968554401304628, 0.0003435495296540877, 0.00030502835915496455, 0.0026367142649602144, 0.006840270742141484, 0.001405123954951528, 0.007077039835618908, 0.006623881714616381, 0.00832674252861343, 0.0005432206627606813, 0.00424237329071652, 0.0005073369615336763, 0.0028176774507683677, 0.004327501703777868, 0.00130425208871844, 0.0013201185262894852, 0.001769843337088597, 0.0016194945354656718, 0.0027940571987970265, 0.006618134036354495, 0.000839192978890668, 0.00040215563222429425, 0.0036928981993996335, 0.005509922679031759, 0.002459180706669108, 0.006103899536200435, 0.000516110905185316]",0.0024981164328034,2496.0,0.9507936507936507,0.974623015873016,"[0.880952380952381, 0.9761904761904763, 0.9761904761904763, 0.9761904761904763, 0.9761904761904763, 0.9761904761904763, 1.0, 0.880952380952381, 0.9285714285714287, 0.9285714285714287, 0.9047619047619048, 0.9285714285714287, 0.9761904761904763, 0.9761904761904763, 0.9761904761904763, 0.9761904761904763, 0.9761904761904763, 0.9761904761904763, 0.9761904761904763, 0.9761904761904763, 1.0, 0.9761904761904763, 0.9285714285714287, 1.0, 0.9761904761904763, 1.0, 0.9761904761904763, 0.9761904761904763, 0.9761904761904763, 0.9523809523809524]",0.9710205966664944,0.060903745864471,"[0.6666666666666666, 1.0, 1.0, 1.0, 1.0, 1.0, 1.0, 1.0, 1.0, 1.0, 0.6666666666666666, 1.0, 1.0, 1.0, 1.0, 1.0, 1.0, 1.0, 1.0, 1.0, 1.0, 1.0, 1.0, 1.0, 1.0, 1.0, 1.0, 1.0, 1.0, 1.0]",0.0831479419283098,"[1.0, 1.0, 1.0, 1.0, 1.0, 1.0, 1.0, 0.8, 1.0, 0.8, 1.0, 0.8, 1.0, 1.0, 1.0, 1.0, 1.0, 1.0, 1.0, 1.0, 1.0, 1.0, 0.8, 1.0, 1.0, 1.0, 1.0, 1.0, 1.0, 1.0]",0.0679869268479037,0.0002441056573416
california,mlp,5000,1,8,b1_uniform,A2,0.0,0.0,5000.0,0.9936507936507936,0.0105289675884298,0.9809523809523808,0.9888888888888888,1.0,0.0013121137219344,17.80633844156432,"[0.9999999999999998, 0.9999999999999998, 0.9999999999999998, 0.9999999999999998, 0.9999999999999998, 0.9285714285714285, 0.9999999999999998, 0.9999999999999998, 0.9999999999999998, 0.9999999999999998, 0.9999999999999998, 0.9999999999999998, 0.9999999999999998, 0.9999999999999998, 0.9999999999999998, 0.9999999999999998, 0.9285714285714285, 0.9999999999999998, 0.9999999999999998, 0.9999999999999998, 0.9285714285714285, 0.9999999999999998, 0.9285714285714285, 0.9285714285714285, 0.9285714285714285, 0.9999999999999998, 0.9999999999999998, 0.9285714285714285, 0.9285714285714285, 0.9999999999999998]",0.0315869027652894,0.0012083175077511,0.0014150326015394,0.0001640142152418,3.695857642400791e-05,"[0.0012010092407297097, 0.0010257948102299359, 0.0015072921053242594, 0.0011688280572576344, 0.0019297583567123467, 0.0013610416920019478, 0.0004943497055678771, 0.001090830410760986, 0.0013339261080993546, 0.0008793520059319328, 0.0008576257168787074, 0.0014584648812239547, 0.00145804247474508, 0.0010528810300066867, 0.0013124887561138951, 0.0011599477102812146, 0.0009790699635297128, 0.001230774378826856, 0.001298720446556113, 0.0012065705365838888, 0.0013141817888614267, 0.0014863516382146206, 0.001808373139892752, 0.001657534070928537, 0.0015495124369486206, 0.0014436052500597949, 0.0013987342056010592, 0.001623725148505896, 0.0016718336796564212, 0.0014027919120025636]",0.000295668611392,5000.0,0.9896825396825396,0.9968253968253968,"[1.0, 1.0, 1.0, 1.0, 1.0, 0.9761904761904763, 1.0, 1.0, 1.0, 1.0, 1.0, 1.0, 1.0, 1.0, 1.0, 1.0, 0.9761904761904763, 1.0, 1.0, 1.0, 0.9761904761904763, 1.0, 0.9761904761904763, 0.9761904761904763, 0.9761904761904763, 1.0, 1.0, 0.9761904761904763, 0.9761904761904763, 1.0]",0.8087436133355368,0.0134775360506548,"[1.0, 1.0, 1.0, 1.0, 1.0, 0.6666666666666666, 1.0, 1.0, 1.0, 1.0, 1.0, 1.0, 1.0, 1.0, 1.0, 1.0, 1.0, 1.0, 1.0, 1.0, 1.0, 1.0, 1.0, 1.0, 1.0, 1.0, 1.0, 1.0, 1.0, 1.0]",0.0598351645237167,"[1.0, 1.0, 1.0, 1.0, 1.0, 1.0, 1.0, 1.0, 1.0, 1.0, 1.0, 1.0, 1.0, 1.0, 1.0, 1.0, 1.0, 1.0, 1.0, 1.0, 1.0, 1.0, 1.0, 1.0, 1.0, 1.0, 1.0, 1.0, 1.0, 1.0]",0.0,8.949678075114158e-06
california,mlp,5000,1,8,b2_stratified,A2,0.0,0.0,5000.0,0.98015873015873,0.0138605152353753,0.94047619047619,1.0,1.0,7.368801431245781e-05,1.0,"[0.9285714285714285, 0.9285714285714285, 0.9285714285714285, 0.9999999999999998, 0.9999999999999998, 0.8571428571428571, 0.9285714285714285, 0.9285714285714285, 0.9999999999999998, 0.9285714285714285, 0.9999999999999998, 0.8571428571428571, 0.9999999999999998, 0.9999999999999998, 0.9999999999999998, 0.9285714285714285, 0.9285714285714285, 0.9285714285714285, 0.9285714285714285, 0.8571428571428571, 0.9285714285714285, 0.9285714285714285, 0.9285714285714285, 0.9285714285714285, 0.9999999999999998, 0.9285714285714285, 0.9285714285714285, 0.9285714285714285, 0.9285714285714285, 0.9285714285714285]",0.041581545706126,5.709071957686227e-05,9.292304582913644e-05,9.211001789057226e-06,6.309646423021114e-06,"[5.345561544058511e-05, 4.269509329660284e-05, 3.838480245456964e-05, 0.00015082416991515744, 0.00015833629353570922, 7.721062905294117e-05, 6.92416353336497e-05, 4.246262241315119e-05, 1.0787060152875518e-05, 2.7345371231169784e-05, 4.423340652988023e-05, 8.810957317682162e-05, 2.2770451062567296e-05, 2.8702259134534086e-05, 2.4819172839277864e-05, 2.635196579459727e-05, 7.52285387152292e-05, 4.662276693608531e-05, 0.0001456004541858758, 7.423050065056678e-05, 5.7679012933055195e-05, 0.00020616452809199583, 8.565300889172996e-05, 4.0230345960565364e-05, 0.0001717670618302037, 5.4053832393100484e-05, 0.0001529769554317906, 3.069304130263054e-05, 8.521049297894478e-05, 7.879976770787103e-05]",5.047717138416891e-05,5000.0,0.9753968253968252,0.9849206349206348,"[0.9761904761904763, 0.9761904761904763, 0.9761904761904763, 1.0, 1.0, 0.9523809523809524, 0.9761904761904763, 0.9761904761904763, 1.0, 0.9761904761904763, 1.0, 0.9523809523809524, 1.0, 1.0, 1.0, 0.9761904761904763, 0.9761904761904763, 0.9761904761904763, 0.9761904761904763, 0.9523809523809524, 0.9761904761904763, 0.9761904761904763, 0.9761904761904763, 0.9761904761904763, 1.0, 0.9761904761904763, 0.9761904761904763, 0.9761904761904763, 0.9761904761904763, 0.9761904761904763]",0.8192794566663603,0.018953214018352,"[1.0, 1.0, 1.0, 1.0, 1.0, 1.0, 1.0, 1.0, 1.0, 1.0, 1.0, 1.0, 1.0, 1.0, 1.0, 1.0, 1.0, 1.0, 1.0, 1.0, 1.0, 1.0, 1.0, 1.0, 1.0, 1.0, 1.0, 1.0, 1.0, 1.0]",0.0,"[1.0, 1.0, 1.0, 1.0, 1.0, 1.0, 1.0, 1.0, 1.0, 1.0, 1.0, 1.0, 1.0, 1.0, 1.0, 1.0, 1.0, 1.0, 1.0, 1.0, 1.0, 1.0, 1.0, 1.0, 1.0, 1.0, 1.0, 1.0, 1.0, 1.0]",0.0,8.136518361336949e-06
california,mlp,5000,1,8,b3_is,A2,0.0,0.0,5000.0,0.9547619047619048,0.0071428571428571,0.8642857142857142,1.0,1.0,0.0002000387282743,2.714671173335926,"[0.8571428571428571, 0.8571428571428571, 0.8571428571428571, 0.8571428571428571, 0.8571428571428571, 0.9285714285714285, 0.8571428571428571, 0.8571428571428571, 0.8571428571428571, 0.8571428571428571, 0.8571428571428571, 0.8571428571428571, 0.8571428571428571, 0.8571428571428571, 0.8571428571428571, 0.8571428571428571, 0.8571428571428571, 0.8571428571428571, 0.8571428571428571, 0.8571428571428571, 0.8571428571428571, 0.8571428571428571, 0.9285714285714285, 0.8571428571428571, 0.8571428571428571, 0.8571428571428571, 0.8571428571428571, 0.9285714285714285, 0.8571428571428571, 0.8571428571428571]",0.0214285714285714,0.0001702923791789,0.00023290769833,2.5004841034299292e-05,1.0659832443210168e-05,"[8.562620655590515e-05, 0.00020187928885035853, 0.00018864624244050978, 0.00011970746731605541, 0.00020682216503659442, 0.00022475690745213508, 0.00025880279119942654, 0.0002726925304591446, 0.00017801712776301497, 0.00017933359082404046, 0.0002330263348129614, 0.00014245878542690248, 0.0001484679930088418, 9.461659954171172e-05, 0.00025672094174846393, 0.00012483780951440086, 9.599235855273484e-05, 0.00023293016514942474, 0.0003411970371568512, 0.0002963177009616407, 0.00016831364475983513, 0.0001442487223654403, 0.0001498550908355973, 0.0004186428269740203, 0.00021646256142359495, 0.00020187046725633875, 0.000136957039877899, 4.4071169523369055e-05, 0.0003851485391692714, 0.0002527417422753474]",8.527865954568134e-05,5000.0,0.9523809523809524,0.957936507936508,"[0.9523809523809524, 0.9523809523809524, 0.9523809523809524, 0.9523809523809524, 0.9523809523809524, 0.9761904761904763, 0.9523809523809524, 0.9523809523809524, 0.9523809523809524, 0.9523809523809524, 0.9523809523809524, 0.9523809523809524, 0.9523809523809524, 0.9523809523809524, 0.9523809523809524, 0.9523809523809524, 0.9523809523809524, 0.9523809523809524, 0.9523809523809524, 0.9523809523809524, 0.9523809523809524, 0.9523809523809524, 0.9761904761904763, 0.9523809523809524, 0.9523809523809524, 0.9523809523809524, 0.9523809523809524, 0.9761904761904763, 0.9523809523809524, 0.9523809523809524]",0.9458722999940316,0.0785116437579317,"[1.0, 1.0, 1.0, 1.0, 1.0, 1.0, 1.0, 1.0, 1.0, 1.0, 1.0, 1.0, 1.0, 1.0, 1.0, 1.0, 1.0, 1.0, 1.0, 1.0, 1.0, 1.0, 1.0, 1.0, 1.0, 1.0, 1.0, 1.0, 1.0, 1.0]",0.0,"[1.0, 1.0, 1.0, 1.0, 1.0, 1.0, 1.0, 1.0, 1.0, 1.0, 1.0, 1.0, 1.0, 1.0, 1.0, 1.0, 1.0, 1.0, 1.0, 1.0, 1.0, 1.0, 1.0, 1.0, 1.0, 1.0, 1.0, 1.0, 1.0, 1.0]",0.0,6.604017908809387e-06
california,mlp,5000,1,8,b4_antithetic,A2,0.0,0.0,5000.0,0.996031746031746,0.0088732856249991,0.988095238095238,0.9777777777777776,1.0,0.0013542820993858,18.378594022677078,"[0.9999999999999998, 0.9285714285714285, 0.9999999999999998, 0.9285714285714285, 0.9999999999999998, 0.9999999999999998, 0.9999999999999998, 0.9999999999999998, 0.9285714285714285, 0.9999999999999998, 0.9999999999999998, 0.9999999999999998, 0.9999999999999998, 0.9999999999999998, 0.9999999999999998, 0.9999999999999998, 0.9285714285714285, 0.9999999999999998, 0.9999999999999998, 0.9999999999999998, 0.9285714285714285, 0.9999999999999998, 0.9999999999999998, 0.9999999999999998, 0.9999999999999998, 0.9999999999999998, 0.9999999999999998, 0.9999999999999998, 0.9999999999999998, 0.9999999999999998]",0.0266198568749974,0.00127926809754,0.0014321597650822,0.0001692852624232,2.612577783826437e-05,"[0.0010627416075686118, 0.0018403876174266662, 0.0015467245218969386, 0.0015241680275791792, 0.0015200729761180064, 0.0011604191023384769, 0.0013891629475566941, 0.001125041798336258, 0.0016400375723065654, 0.0015092903604170026, 0.0014799937725773426, 0.0013002290443104283, 0.0013542559974886498, 0.0013269865084137424, 0.0011190947949430703, 0.001223425801862148, 0.0017070539735825098, 0.0011455980246562576, 0.0011890599640503089, 0.0014635161359997455, 0.0014850472774830994, 0.0011931303495561158, 0.001499824843996799, 0.0012695521501677536, 0.0010764853386088563, 0.0011496009155376255, 0.0013908269911605312, 0.0015697581451332846, 0.001410490297371684, 0.0009564861231320354]",0.0002090062227061,5000.0,0.992063492063492,0.9984325396825396,"[1.0, 0.9761904761904763, 1.0, 0.9761904761904763, 1.0, 1.0, 1.0, 1.0, 0.9761904761904763, 1.0, 1.0, 1.0, 1.0, 1.0, 1.0, 1.0, 0.9761904761904763, 1.0, 1.0, 1.0, 0.9761904761904763, 1.0, 1.0, 1.0, 1.0, 1.0, 1.0, 1.0, 1.0, 1.0]",0.7891636633333595,0.0340670786063161,"[1.0, 0.6666666666666666, 1.0, 1.0, 1.0, 1.0, 1.0, 1.0, 0.6666666666666666, 1.0, 1.0, 1.0, 1.0, 1.0, 1.0, 1.0, 1.0, 1.0, 1.0, 1.0, 1.0, 1.0, 1.0, 1.0, 1.0, 1.0, 1.0, 1.0, 1.0, 1.0]",0.0831479419283098,"[1.0, 1.0, 1.0, 1.0, 1.0, 1.0, 1.0, 1.0, 1.0, 1.0, 1.0, 1.0, 1.0, 1.0, 1.0, 1.0, 1.0, 1.0, 1.0, 1.0, 1.0, 1.0, 1.0, 1.0, 1.0, 1.0, 1.0, 1.0, 1.0, 1.0]",0.0,5.211518704656356e-06
california,mlp,5000,2,8,abc_shap,A2,0.4992,2496.0,2504.0,0.9095238095238096,0.0900155357381449,0.8285714285714285,0.8777777777777779,0.8533333333333334,0.0134102542110773,57.38189706530415,"[0.9285714285714285, 0.9999999999999998, 0.9285714285714285, 0.6428571428571428, 0.9999999999999998, 0.9285714285714285, 0.7142857142857142, 0.7857142857142856, 0.5714285714285714, 0.8571428571428571, 0.9285714285714285, 0.7857142857142856, 0.7857142857142856, 0.9285714285714285, 0.7857142857142856, 0.9999999999999998, 0.9285714285714285, 0.7142857142857142, 0.7857142857142856, 0.7857142857142856, 0.9999999999999998, 0.7857142857142856, 0.5714285714285714, 0.6428571428571428, 0.7857142857142856, 0.9285714285714285, 0.5714285714285714, 0.8571428571428571, 0.9999999999999998, 0.9285714285714285]",0.1337578276684584,0.0090947492380207,0.0180100977538692,0.0016762817763846,0.0015756187216564,"[0.029434923221105844, 0.002223592850101939, 0.026294854055962907, 0.02083369213365768, 0.003275056394371989, 0.005468778291676527, 0.011921422223687514, 0.00934364428205595, 0.03814588000004409, 0.007957137386279267, 0.0009495551340796943, 0.006666210007114116, 0.02037903821624738, 0.005906405506395375, 0.021571198945315617, 0.0013661015489833087, 0.0032317964604656273, 0.01813440177743516, 0.00421761765112858, 0.0115026397525985, 0.0011341755869461567, 0.010086088900196667, 0.04516548393529666, 0.03230146886307158, 0.0033648477890349097, 0.0064068187083197595, 0.03923766556506193, 0.011711680891283275, 0.0015793212915636956, 0.002496128962837455]",0.0126049497732515,2496.0,0.876984126984127,0.9396825396825396,"[0.9761904761904763, 1.0, 0.9761904761904763, 0.7380952380952381, 1.0, 0.9761904761904763, 0.880952380952381, 0.9047619047619048, 0.7142857142857144, 0.9285714285714287, 0.9761904761904763, 0.880952380952381, 0.8571428571428572, 0.9761904761904763, 0.9047619047619048, 1.0, 0.9761904761904763, 0.880952380952381, 0.9047619047619048, 0.9047619047619048, 1.0, 0.9047619047619048, 0.7142857142857144, 0.7857142857142858, 0.9047619047619048, 0.9761904761904763, 0.7142857142857144, 0.9523809523809524, 1.0, 0.9761904761904763]",0.9584073499989852,0.0308622251210951,"[1.0, 1.0, 1.0, 1.0, 1.0, 0.6666666666666666, 1.0, 0.6666666666666666, 0.6666666666666666, 1.0, 1.0, 1.0, 1.0, 1.0, 0.6666666666666666, 1.0, 1.0, 0.6666666666666666, 1.0, 0.6666666666666666, 1.0, 0.6666666666666666, 0.6666666666666666, 0.6666666666666666, 1.0, 1.0, 0.6666666666666666, 0.6666666666666666, 1.0, 1.0]",0.1606314699422329,"[1.0, 1.0, 1.0, 0.6, 1.0, 1.0, 0.8, 0.8, 0.6, 0.8, 0.8, 0.8, 0.8, 1.0, 0.8, 1.0, 1.0, 0.8, 0.8, 0.8, 1.0, 0.8, 0.6, 0.8, 0.8, 1.0, 0.6, 0.8, 1.0, 1.0]",0.1359738536958076,0.0015316609485411
california,mlp,5000,2,8,b1_uniform,A2,0.0,0.0,5000.0,0.9206349206349204,0.0112239171616912,0.8333333333333335,1.0,0.8000000000000003,0.0083529921055432,35.74209151021571,"[0.8571428571428571, 0.8571428571428571, 0.8571428571428571, 0.8571428571428571, 0.8571428571428571, 0.8571428571428571, 0.7857142857142856, 0.8571428571428571, 0.8571428571428571, 0.7857142857142856, 0.8571428571428571, 0.8571428571428571, 0.7857142857142856, 0.7857142857142856, 0.8571428571428571, 0.7857142857142856, 0.7857142857142856, 0.7857142857142856, 0.7857142857142856, 0.8571428571428571, 0.8571428571428571, 0.8571428571428571, 0.8571428571428571, 0.7857142857142856, 0.8571428571428571, 0.8571428571428571, 0.8571428571428571, 0.8571428571428571, 0.8571428571428571, 0.7857142857142856]",0.0336717514850737,0.0078195302168123,0.0089469960536677,0.0010441240131929,0.0001915872941014,"[0.007842997547621921, 0.008472412329246524, 0.006442415587324539, 0.011363728272829847, 0.008142796205544648, 0.007549930078184194, 0.010277779734596048, 0.008965438841703552, 0.008867633867879754, 0.007294056534375781, 0.0058001565747337665, 0.009992176285840166, 0.00896149164867397, 0.008380528772092891, 0.009347939710039619, 0.006136229912428937, 0.010431083183322223, 0.009360622911271483, 0.009707255597081039, 0.01105460986247631, 0.010640711272507646, 0.007369021530425179, 0.008589903487571552, 0.006912031367044038, 0.00639785965811398, 0.006283208091957881, 0.008646534648844094, 0.0071319720254144564, 0.0067295182021658234, 0.007497719424985389]",0.0015326983528117,5000.0,0.9166468253968252,0.9246031746031744,"[0.9285714285714287, 0.9285714285714287, 0.9285714285714287, 0.9285714285714287, 0.9285714285714287, 0.9285714285714287, 0.9047619047619048, 0.9285714285714287, 0.9285714285714287, 0.9047619047619048, 0.9285714285714287, 0.9285714285714287, 0.9047619047619048, 0.9047619047619048, 0.9285714285714287, 0.9047619047619048, 0.9047619047619048, 0.9047619047619048, 0.9047619047619048, 0.9285714285714287, 0.9285714285714287, 0.9285714285714287, 0.9285714285714287, 0.9047619047619048, 0.9285714285714287, 0.9285714285714287, 0.9285714285714287, 0.9285714285714287, 0.9285714285714287, 0.9047619047619048]",0.8034425066648206,0.0111533232257467,"[1.0, 1.0, 1.0, 1.0, 1.0, 1.0, 1.0, 1.0, 1.0, 1.0, 1.0, 1.0, 1.0, 1.0, 1.0, 1.0, 1.0, 1.0, 1.0, 1.0, 1.0, 1.0, 1.0, 1.0, 1.0, 1.0, 1.0, 1.0, 1.0, 1.0]",0.0,"[0.8, 0.8, 0.8, 0.8, 0.8, 0.8, 0.8, 0.8, 0.8, 0.8, 0.8, 0.8, 0.8, 0.8, 0.8, 0.8, 0.8, 0.8, 0.8, 0.8, 0.8, 0.8, 0.8, 0.8, 0.8, 0.8, 0.8, 0.8, 0.8, 0.8]",2.220446049250313e-16,4.380240394151335e-05
california,mlp,5000,2,8,b2_stratified,A2,0.0,0.0,5000.0,0.992063492063492,0.0112239171616911,0.9761904761904758,1.0,0.9333333333333332,0.0002337018275261,1.0,"[0.9999999999999998, 0.9999999999999998, 0.9285714285714285, 0.9999999999999998, 0.9999999999999998, 0.9285714285714285, 0.9285714285714285, 0.9999999999999998, 0.9999999999999998, 0.9285714285714285, 0.9999999999999998, 0.9999999999999998, 0.9999999999999998, 0.9999999999999998, 0.9285714285714285, 0.9999999999999998, 0.9999999999999998, 0.9999999999999998, 0.9999999999999998, 0.9285714285714285, 0.9999999999999998, 0.9999999999999998, 0.9285714285714285, 0.9999999999999998, 0.9999999999999998, 0.9285714285714285, 0.9285714285714285, 0.9999999999999998, 0.9999999999999998, 0.9285714285714285]",0.0336717514850736,0.0001907656564469,0.0002870631413145,2.9212728440765048e-05,1.65739915081405e-05,"[0.0003214073845705078, 0.0001714709806408475, 0.00022953695534099568, 0.000125295227428087, 0.00028966185087243943, 8.664964453773258e-05, 0.0002120937518733568, 0.0002067348613740427, 0.00018595505624825382, 0.00016388158051373113, 8.124141174489472e-05, 0.00011400376936589123, 0.0006872253095922843, 0.00013159771225953372, 4.295704858307886e-05, 0.0004042157488595967, 0.00037854808731276296, 0.00017765751513258997, 0.00013067981431961776, 0.0003919980934713649, 0.0002394324275300227, 0.0002954560643363624, 0.00024378690439100334, 0.0003619097834532334, 8.182830141611988e-05, 0.000327066070998131, 5.933138708828907e-05, 0.0002890629142214303, 0.000286341961978069, 0.00029402720632934156]",0.0001325919320651,5000.0,0.988095238095238,0.996031746031746,"[1.0, 1.0, 0.9761904761904763, 1.0, 1.0, 0.9761904761904763, 0.9761904761904763, 1.0, 1.0, 0.9761904761904763, 1.0, 1.0, 1.0, 1.0, 0.9761904761904763, 1.0, 1.0, 1.0, 1.0, 0.9761904761904763, 1.0, 1.0, 0.9761904761904763, 1.0, 1.0, 0.9761904761904763, 0.9761904761904763, 1.0, 1.0, 0.9761904761904763]",0.8197987866607339,0.035000954679345,"[1.0, 1.0, 1.0, 1.0, 1.0, 1.0, 1.0, 1.0, 1.0, 1.0, 1.0, 1.0, 1.0, 1.0, 1.0, 1.0, 1.0, 1.0, 1.0, 1.0, 1.0, 1.0, 1.0, 1.0, 1.0, 1.0, 1.0, 1.0, 1.0, 1.0]",0.0,"[1.0, 1.0, 0.8, 1.0, 1.0, 0.8, 0.8, 1.0, 1.0, 0.8, 1.0, 1.0, 1.0, 1.0, 0.8, 1.0, 1.0, 1.0, 1.0, 0.8, 1.0, 1.0, 0.8, 1.0, 1.0, 0.8, 0.8, 1.0, 1.0, 0.8]",0.0942809041582063,2.535417976678001e-05
california,mlp,5000,2,8,b3_is,A2,0.0,0.0,5000.0,0.9992063492063492,0.0042739403231226,0.9976190476190472,1.0,1.0,0.000871867921699,3.730685082475875,"[0.9999999999999998, 0.9999999999999998, 0.9999999999999998, 0.9999999999999998, 0.9999999999999998, 0.9999999999999998, 0.9999999999999998, 0.9999999999999998, 0.9999999999999998, 0.9999999999999998, 0.9999999999999998, 0.9999999999999998, 0.9999999999999998, 0.9999999999999998, 0.9999999999999998, 0.9999999999999998, 0.9999999999999998, 0.9999999999999998, 0.9999999999999998, 0.9999999999999998, 0.9999999999999998, 0.9999999999999998, 0.9999999999999998, 0.9999999999999998, 0.9999999999999998, 0.9999999999999998, 0.9999999999999998, 0.9999999999999998, 0.9999999999999998, 0.9285714285714285]",0.0128218209693678,0.000782907696664,0.0009723361907044,0.0001089834902123,3.437240868585692e-05,"[0.0006773520293671687, 0.0008157111565274953, 0.0013130097899102708, 0.0008712958031645321, 0.0006206827792473197, 0.0011976906676534431, 0.0007302158959615237, 0.0007271899158613471, 0.0007791217862571398, 0.001062038753030045, 0.0004970683708269027, 0.0012924976094610026, 0.0007414997158201574, 0.0007776550653017825, 0.0007282177117127718, 0.0008068403343760527, 0.000841104185603797, 0.0005269859862385055, 0.0009285567090805295, 0.0007803310999396765, 0.0005726687246297898, 0.0011214131142716264, 0.0013849669183069572, 0.0006184940982038185, 0.0006460786842075444, 0.0010470746225990065, 0.0006504258189651051, 0.0007037380041485925, 0.0010427563153300188, 0.0016533559849674939]",0.0002749792694868,5000.0,0.9976190476190476,1.0,"[1.0, 1.0, 1.0, 1.0, 1.0, 1.0, 1.0, 1.0, 1.0, 1.0, 1.0, 1.0, 1.0, 1.0, 1.0, 1.0, 1.0, 1.0, 1.0, 1.0, 1.0, 1.0, 1.0, 1.0, 1.0, 1.0, 1.0, 1.0, 1.0, 0.9761904761904763]",0.9275549499997092,0.0144158622217321,"[1.0, 1.0, 1.0, 1.0, 1.0, 1.0, 1.0, 1.0, 1.0, 1.0, 1.0, 1.0, 1.0, 1.0, 1.0, 1.0, 1.0, 1.0, 1.0, 1.0, 1.0, 1.0, 1.0, 1.0, 1.0, 1.0, 1.0, 1.0, 1.0, 1.0]",0.0,"[1.0, 1.0, 1.0, 1.0, 1.0, 1.0, 1.0, 1.0, 1.0, 1.0, 1.0, 1.0, 1.0, 1.0, 1.0, 1.0, 1.0, 1.0, 1.0, 1.0, 1.0, 1.0, 1.0, 1.0, 1.0, 1.0, 1.0, 1.0, 1.0, 1.0]",0.0,3.02648561737596e-05
california,mlp,5000,2,8,b4_antithetic,A2,0.0,0.0,5000.0,0.9269841269841268,0.005939138709165,0.8523809523809525,1.0,0.8000000000000003,0.008242260800614,35.26827705141875,"[0.8571428571428571, 0.8571428571428571, 0.8571428571428571, 0.8571428571428571, 0.8571428571428571, 0.8571428571428571, 0.8571428571428571, 0.8571428571428571, 0.8571428571428571, 0.8571428571428571, 0.8571428571428571, 0.8571428571428571, 0.8571428571428571, 0.7857142857142856, 0.8571428571428571, 0.8571428571428571, 0.8571428571428571, 0.8571428571428571, 0.7857142857142856, 0.8571428571428571, 0.8571428571428571, 0.8571428571428571, 0.8571428571428571, 0.8571428571428571, 0.8571428571428571, 0.8571428571428571, 0.8571428571428571, 0.8571428571428571, 0.8571428571428571, 0.8571428571428571]",0.0178174161274949,0.0078354694404546,0.0086670990032901,0.0010302826000767,0.0001453692995319,"[0.008687432912078257, 0.010553893718389015, 0.0086549631945093, 0.007582754613120787, 0.008409293080660997, 0.007468615887649198, 0.009443020892984115, 0.008811007398741176, 0.007775129175552032, 0.00804686720864143, 0.007852302917193339, 0.009424955579203836, 0.008458443308417423, 0.009777326628718646, 0.00999131681503136, 0.006480333941149577, 0.010365127888260018, 0.00710698697412788, 0.008225369487027838, 0.007638095441961408, 0.006200526078541867, 0.00804357690011073, 0.010298515206653015, 0.00649827035864508, 0.006967727517764182, 0.007566376626563964, 0.00848613555981928, 0.007325640935383745, 0.007317636337106535, 0.007810181434416825]",0.0011629543962556,5000.0,0.9246031746031744,0.9285714285714284,"[0.9285714285714287, 0.9285714285714287, 0.9285714285714287, 0.9285714285714287, 0.9285714285714287, 0.9285714285714287, 0.9285714285714287, 0.9285714285714287, 0.9285714285714287, 0.9285714285714287, 0.9285714285714287, 0.9285714285714287, 0.9285714285714287, 0.9047619047619048, 0.9285714285714287, 0.9285714285714287, 0.9285714285714287, 0.9285714285714287, 0.9047619047619048, 0.9285714285714287, 0.9285714285714287, 0.9285714285714287, 0.9285714285714287, 0.9285714285714287, 0.9285714285714287, 0.9285714285714287, 0.9285714285714287, 0.9285714285714287, 0.9285714285714287, 0.9285714285714287]",0.7944155133290527,0.049193823596186,"[1.0, 1.0, 1.0, 1.0, 1.0, 1.0, 1.0, 1.0, 1.0, 1.0, 1.0, 1.0, 1.0, 1.0, 1.0, 1.0, 1.0, 1.0, 1.0, 1.0, 1.0, 1.0, 1.0, 1.0, 1.0, 1.0, 1.0, 1.0, 1.0, 1.0]",0.0,"[0.8, 0.8, 0.8, 0.8, 0.8, 0.8, 0.8, 0.8, 0.8, 0.8, 0.8, 0.8, 0.8, 0.8, 0.8, 0.8, 0.8, 0.8, 0.8, 0.8, 0.8, 0.8, 0.8, 0.8, 0.8, 0.8, 0.8, 0.8, 0.8, 0.8]",2.220446049250313e-16,2.211339003670753e-05
california,mlp,5000,3,8,abc_shap,A2,0.4992,2496.0,2504.0,0.8373015873015873,0.1253993369248186,0.7333333333333333,0.9444444444444444,0.8400000000000001,0.04651013294984,50.32165414779799,"[0.8571428571428571, 0.6428571428571428, 0.7142857142857142, 0.7857142857142856, 0.7142857142857142, 0.7142857142857142, 0.7857142857142856, 0.7142857142857142, 0.9999999999999998, 0.9999999999999998, 0.8571428571428571, 0.4999999999999999, 0.42857142857142855, 0.7857142857142856, 0.7142857142857142, 0.6428571428571428, 0.5714285714285714, 0.7857142857142856, 0.4999999999999999, 0.7142857142857142, 0.7857142857142856, 0.8571428571428571, 0.6428571428571428, 0.6428571428571428, 0.8571428571428571, 0.5714285714285714, 0.8571428571428571, 0.7857142857142856, 0.8571428571428571, 0.7142857142857142]",0.1341809790819559,0.0298305946040876,0.0658061854587197,0.00581376661873,0.006382972116747,"[0.0021948216043511863, 0.18034124612374713, 0.016727592404983324, 0.05635629542311614, 0.007973436470418243, 0.009928511138777782, 0.11932071569550126, 0.05010108834884813, 0.001663313619278659, 0.0032019340810182013, 0.0004156520404285889, 0.09145611541041845, 0.053914669659534245, 0.15662584440939115, 0.0037407681036787334, 0.018872603920464217, 0.01778696964625687, 0.07278018932608397, 0.10550625796759341, 0.01132745659700245, 0.07680378136791793, 0.002689696854243007, 0.013743097801146423, 0.026749606790454263, 0.052567778616170055, 0.033440657977301134, 0.007370226845405042, 0.0062223948478287655, 0.15806004078186697, 0.03742122462197663]",0.0510637769339764,2496.0,0.7849007936507936,0.877797619047619,"[0.9285714285714287, 0.7142857142857144, 0.8571428571428572, 0.9285714285714287, 0.8333333333333335, 0.8571428571428572, 0.9047619047619048, 0.8333333333333335, 1.0, 1.0, 0.9285714285714287, 0.6190476190476191, 0.4285714285714286, 0.9047619047619048, 0.8333333333333335, 0.7142857142857144, 0.7619047619047621, 0.9047619047619048, 0.6190476190476191, 0.8333333333333335, 0.9285714285714287, 0.9285714285714287, 0.7857142857142858, 0.8095238095238096, 0.9523809523809524, 0.6904761904761906, 0.9285714285714287, 0.9047619047619048, 0.9523809523809524, 0.8333333333333335]",0.959630536668313,0.0211470361269665,"[1.0, 0.6666666666666666, 1.0, 1.0, 1.0, 1.0, 1.0, 1.0, 1.0, 1.0, 1.0, 0.6666666666666666, 0.6666666666666666, 1.0, 1.0, 0.6666666666666666, 1.0, 1.0, 0.6666666666666666, 1.0, 1.0, 1.0, 1.0, 1.0, 1.0, 1.0, 1.0, 1.0, 1.0, 1.0]",0.1242259987499883,"[0.8, 0.8, 0.8, 0.8, 0.8, 0.8, 1.0, 0.8, 1.0, 1.0, 0.8, 0.8, 0.6, 1.0, 0.8, 0.8, 0.8, 1.0, 0.8, 0.8, 0.8, 0.8, 0.8, 0.8, 1.0, 0.8, 0.8, 0.8, 1.0, 0.8]",0.0952190457139046,0.0053636537305828
california,mlp,5000,3,8,b1_uniform,A2,0.0,0.0,5000.0,0.846031746031746,0.0641041920835195,0.726190476190476,1.0,0.8000000000000003,0.0060484670280399,6.5441409560716135,"[0.8571428571428571, 0.6428571428571428, 0.7142857142857142, 0.7857142857142856, 0.7142857142857142, 0.6428571428571428, 0.7142857142857142, 0.5714285714285714, 0.7142857142857142, 0.5714285714285714, 0.7857142857142856, 0.5714285714285714, 0.8571428571428571, 0.8571428571428571, 0.7857142857142856, 0.6428571428571428, 0.5714285714285714, 0.7142857142857142, 0.8571428571428571, 0.6428571428571428, 0.8571428571428571, 0.5714285714285714, 0.7142857142857142, 0.6428571428571428, 0.7857142857142856, 0.7857142857142856, 0.7857142857142856, 0.7857142857142856, 0.7857142857142856, 0.8571428571428571]",0.0977351226274942,0.0049393914103562,0.0072123108810212,0.0007560583785049,0.0003966703528273,"[0.0027709167809133145, 0.008011209745263, 0.0017485488042541736, 0.00465449043786233, 0.0035997626880774074, 0.0062804249465706116, 0.007374455081503819, 0.01074489650296573, 0.005209545974076039, 0.011376141152081002, 0.005763423639028653, 0.013236385008958866, 0.005142904295518431, 0.0014673430850945135, 0.0011500563317285578, 0.008965482769510853, 0.010985272397411615, 0.005807861084451005, 0.0073994090080881005, 0.010272582121229109, 0.0049516945627007605, 0.009398486469936055, 0.0052353106793626486, 0.006949004757971422, 0.00469075842363407, 0.005571602165572906, 0.003565015558709022, 0.005235767117828029, 0.002825493126842927, 0.0010697661240525323]",0.0031733628226187,5000.0,0.8238095238095239,0.8690476190476191,"[0.9285714285714287, 0.7857142857142858, 0.8333333333333335, 0.9047619047619048, 0.8095238095238096, 0.7857142857142858, 0.8095238095238096, 0.7619047619047621, 0.8333333333333335, 0.7619047619047621, 0.880952380952381, 0.7619047619047621, 0.9285714285714287, 0.9285714285714287, 0.9047619047619048, 0.7857142857142858, 0.7619047619047621, 0.8095238095238096, 0.9285714285714287, 0.7857142857142858, 0.9285714285714287, 0.7619047619047621, 0.8333333333333335, 0.7619047619047621, 0.880952380952381, 0.880952380952381, 0.9047619047619048, 0.9047619047619048, 0.9047619047619048, 0.9285714285714287]",0.8080149599952468,0.0156768142183616,"[1.0, 1.0, 1.0, 1.0, 1.0, 1.0, 1.0, 1.0, 1.0, 1.0, 1.0, 1.0, 1.0, 1.0, 1.0, 1.0, 1.0, 1.0, 1.0, 1.0, 1.0, 1.0, 1.0, 1.0, 1.0, 1.0, 1.0, 1.0, 1.0, 1.0]",0.0,"[0.8, 0.8, 0.8, 0.8, 0.8, 0.8, 0.8, 0.8, 0.8, 0.8, 0.8, 0.8, 0.8, 0.8, 0.8, 0.8, 0.8, 0.8, 0.8, 0.8, 0.8, 0.8, 0.8, 0.8, 0.8, 0.8, 0.8, 0.8, 0.8, 0.8]",2.220446049250313e-16,0.0001787784717472
california,mlp,5000,3,8,b2_stratified,A2,0.0,0.0,5000.0,0.9698412698412696,0.0341915225849809,0.9309523809523806,1.0,0.9333333333333332,0.0009242568380847,1.0,"[0.9285714285714285, 0.9285714285714285, 0.9285714285714285, 0.9999999999999998, 0.9999999999999998, 0.9999999999999998, 0.8571428571428571, 0.9999999999999998, 0.9999999999999998, 0.9285714285714285, 0.9999999999999998, 0.9999999999999998, 0.9285714285714285, 0.7857142857142856, 0.9999999999999998, 0.8571428571428571, 0.9285714285714285, 0.9285714285714285, 0.7857142857142856, 0.8571428571428571, 0.9285714285714285, 0.9999999999999998, 0.9285714285714285, 0.9285714285714285, 0.8571428571428571, 0.9285714285714285, 0.9285714285714285, 0.9999999999999998, 0.9285714285714285, 0.8571428571428571]",0.0624971654686032,0.000627178402139,0.0012761608757574,0.0001155321047605,0.0001162668903708,"[0.0010524842428528349, 0.0008387522011264731, 0.0002977365564172036, 0.0005242958188691364, 0.0020496012018090238, 0.0022702156492740307, 0.00103480122784144, 0.0003553591747772697, 0.0004310201203113606, 0.002748148231148414, 0.00016145193139987117, 0.00032389372364833566, 0.0008160225720229419, 0.00034176307037474783, 0.00013487102824540886, 0.004434847027028969, 0.001176901383637473, 0.0003981248091101105, 0.0013433743896776233, 0.00022660461186142428, 0.001920324180851754, 0.0003548512757104867, 0.0002447532764154743, 0.0006015732737443579, 0.00017674274152367633, 0.001178866223087449, 0.0003648694813603151, 0.0005467818456961435, 0.000888384524691313, 0.0004902893480286086]",0.0009301351229671,5000.0,0.9571230158730156,0.9809722222222222,"[0.9761904761904763, 0.9761904761904763, 0.9761904761904763, 1.0, 1.0, 1.0, 0.9285714285714287, 1.0, 1.0, 0.9761904761904763, 1.0, 1.0, 0.9761904761904763, 0.9047619047619048, 1.0, 0.9285714285714287, 0.9761904761904763, 0.9761904761904763, 0.8571428571428572, 0.9285714285714287, 0.9761904761904763, 1.0, 0.9761904761904763, 0.9761904761904763, 0.9285714285714287, 0.9761904761904763, 0.9761904761904763, 1.0, 0.9761904761904763, 0.9285714285714287]",0.8298498633337051,0.0508202761281775,"[1.0, 1.0, 1.0, 1.0, 1.0, 1.0, 1.0, 1.0, 1.0, 1.0, 1.0, 1.0, 1.0, 1.0, 1.0, 1.0, 1.0, 1.0, 1.0, 1.0, 1.0, 1.0, 1.0, 1.0, 1.0, 1.0, 1.0, 1.0, 1.0, 1.0]",0.0,"[1.0, 0.8, 1.0, 1.0, 1.0, 1.0, 0.8, 1.0, 1.0, 1.0, 1.0, 1.0, 0.8, 0.8, 1.0, 0.8, 1.0, 0.8, 0.8, 0.8, 1.0, 1.0, 1.0, 1.0, 0.8, 1.0, 1.0, 1.0, 0.8, 1.0]",0.0942809041582063,0.0001097549434393
california,mlp,5000,3,8,b3_is,A2,0.0,0.0,5000.0,0.9785714285714284,0.0297062972574807,0.9428571428571428,1.0,0.9733333333333332,0.0019748483055335,2.136687795165038,"[0.9999999999999998, 0.9285714285714285, 0.9999999999999998, 0.9999999999999998, 0.9285714285714285, 0.9285714285714285, 0.8571428571428571, 0.9285714285714285, 0.8571428571428571, 0.9999999999999998, 0.8571428571428571, 0.9285714285714285, 0.9999999999999998, 0.8571428571428571, 0.9999999999999998, 0.9285714285714285, 0.9999999999999998, 0.9999999999999998, 0.9999999999999998, 0.7857142857142856, 0.9999999999999998, 0.9999999999999998, 0.9999999999999998, 0.9285714285714285, 0.7142857142857142, 0.9285714285714285, 0.9999999999999998, 0.9285714285714285, 0.9999999999999998, 0.9999999999999998]",0.0723746864455745,0.0015363106164246,0.0023717363872324,0.0002468560381916,0.0001452647089246,"[0.0005805027194096181, 0.0008729310632074669, 0.002447320548045832, 0.0014945653704118336, 0.002715345700240723, 0.0029255509953314356, 0.002181796546612362, 0.0033565075176218142, 0.0019307099578212137, 0.000362814799858129, 0.002689805730109784, 0.0033168568568536397, 0.00012858197378302848, 0.0003550734252110902, 0.002402260477306008, 0.0014592689372364366, 0.0028265797765813488, 0.0014210662270780414, 0.00031701760442706044, 0.0033419483838204454, 0.00014441065161290606, 0.0016763389926086104, 0.0013462401089467308, 0.004041759836934033, 0.0033861931070842018, 0.003355695637376672, 0.0030415179543717154, 0.002609464987577477, 0.00028803688027261926, 0.0022292863982556494]",0.0011621176713975,5000.0,0.9682341269841268,0.9881150793650796,"[1.0, 0.9761904761904763, 1.0, 1.0, 0.9761904761904763, 0.9761904761904763, 0.9285714285714287, 0.9761904761904763, 0.9523809523809524, 1.0, 0.9523809523809524, 0.9761904761904763, 1.0, 0.9523809523809524, 1.0, 0.9761904761904763, 1.0, 1.0, 1.0, 0.9047619047619048, 1.0, 1.0, 1.0, 0.9761904761904763, 0.880952380952381, 0.9761904761904763, 1.0, 0.9761904761904763, 1.0, 1.0]",0.9333887999993749,0.0246047555142974,"[1.0, 1.0, 1.0, 1.0, 1.0, 1.0, 1.0, 1.0, 1.0, 1.0, 1.0, 1.0, 1.0, 1.0, 1.0, 1.0, 1.0, 1.0, 1.0, 1.0, 1.0, 1.0, 1.0, 1.0, 1.0, 1.0, 1.0, 1.0, 1.0, 1.0]",0.0,"[1.0, 1.0, 1.0, 1.0, 1.0, 1.0, 0.8, 1.0, 1.0, 1.0, 1.0, 1.0, 1.0, 0.8, 1.0, 1.0, 1.0, 1.0, 1.0, 0.8, 1.0, 1.0, 1.0, 1.0, 0.8, 1.0, 1.0, 1.0, 1.0, 1.0]",0.0679869268479037,0.0002050726444735
california,mlp,5000,3,8,b4_antithetic,A2,0.0,0.0,5000.0,0.9198412698412696,0.0143955215454104,0.8357142857142856,1.0,0.8000000000000003,0.0042313736798666,4.57813619062285,"[0.8571428571428571, 0.7857142857142856, 0.8571428571428571, 0.8571428571428571, 0.8571428571428571, 0.8571428571428571, 0.8571428571428571, 0.8571428571428571, 0.7857142857142856, 0.7857142857142856, 0.7857142857142856, 0.8571428571428571, 0.8571428571428571, 0.8571428571428571, 0.8571428571428571, 0.8571428571428571, 0.7857142857142856, 0.8571428571428571, 0.8571428571428571, 0.8571428571428571, 0.7857142857142856, 0.8571428571428571, 0.7857142857142856, 0.8571428571428571, 0.8571428571428571, 0.7857142857142856, 0.7857142857142856, 0.8571428571428571, 0.8571428571428571, 0.8571428571428571]",0.0327326835353988,0.0040111919026647,0.0044560033172882,0.0005289217099833,8.035104359802094e-05,"[0.0060838717515001835, 0.005969472961066769, 0.004185385206647217, 0.004452741549749423, 0.00379263126976463, 0.004424730178006376, 0.005114225855489225, 0.0034933994684176353, 0.0036091946793683958, 0.004552083776270508, 0.0040616041549558285, 0.003934203936267536, 0.003731547196305631, 0.004948525862044695, 0.004345850875283222, 0.0036706092814358317, 0.003658214076877529, 0.003942719761458793, 0.004368101584688413, 0.003871718141387718, 0.0045778872261780686, 0.004198352590941129, 0.0036653569151256287, 0.0033698465969058708, 0.004489221689762608, 0.00412149564608622, 0.004582880685603966, 0.003537697363728487, 0.0037982479898299895, 0.0043893921248509896]",0.0006428083487841,5000.0,0.9142857142857144,0.9246031746031744,"[0.9285714285714287, 0.880952380952381, 0.9285714285714287, 0.9285714285714287, 0.9285714285714287, 0.9285714285714287, 0.9285714285714287, 0.9285714285714287, 0.9047619047619048, 0.9047619047619048, 0.9047619047619048, 0.9285714285714287, 0.9285714285714287, 0.9285714285714287, 0.9285714285714287, 0.9285714285714287, 0.9047619047619048, 0.9285714285714287, 0.9285714285714287, 0.9285714285714287, 0.9047619047619048, 0.9285714285714287, 0.9047619047619048, 0.9285714285714287, 0.9285714285714287, 0.9047619047619048, 0.880952380952381, 0.9285714285714287, 0.9285714285714287, 0.9285714285714287]",0.7836894666698451,0.0121251004767676,"[1.0, 1.0, 1.0, 1.0, 1.0, 1.0, 1.0, 1.0, 1.0, 1.0, 1.0, 1.0, 1.0, 1.0, 1.0, 1.0, 1.0, 1.0, 1.0, 1.0, 1.0, 1.0, 1.0, 1.0, 1.0, 1.0, 1.0, 1.0, 1.0, 1.0]",0.0,"[0.8, 0.8, 0.8, 0.8, 0.8, 0.8, 0.8, 0.8, 0.8, 0.8, 0.8, 0.8, 0.8, 0.8, 0.8, 0.8, 0.8, 0.8, 0.8, 0.8, 0.8, 0.8, 0.8, 0.8, 0.8, 0.8, 0.8, 0.8, 0.8, 0.8]",2.220446049250313e-16,1.1930439174999287e-05
california,mlp,5000,4,8,abc_shap,A2,0.4992,2496.0,2504.0,0.8063492063492063,0.1201116470628102,0.6880952380952382,0.8444444444444446,0.8400000000000001,0.0234993912664224,100.6278270546212,"[0.7142857142857142, 0.4999999999999999, 0.4999999999999999, 0.6428571428571428, 0.7142857142857142, 0.6428571428571428, 0.7142857142857142, 0.6428571428571428, 0.4999999999999999, 0.7857142857142856, 0.7857142857142856, 0.5714285714285714, 0.42857142857142855, 0.7857142857142856, 0.7142857142857142, 0.9999999999999998, 0.7142857142857142, 0.7857142857142856, 0.42857142857142855, 0.7857142857142856, 0.8571428571428571, 0.5714285714285714, 0.8571428571428571, 0.5714285714285714, 0.9285714285714285, 0.7857142857142856, 0.5714285714285714, 0.7142857142857142, 0.7142857142857142, 0.7142857142857142]",0.1386074245507417,0.0159276789353492,0.0315019204100935,0.0029374239083028,0.0026570050749063,"[0.08398156612959168, 0.03319533570421208, 0.028292785495283346, 0.004125612832556173, 0.02783055705841899, 0.044761584010080124, 0.02749632165689308, 0.026674003088697253, 0.03454053672047054, 0.010536086088842302, 0.010653947428748665, 0.017429432375799223, 0.005076860840516143, 0.006573892201855642, 0.01632420607059635, 0.0005784969465325462, 0.038666435383907655, 0.010029077893320672, 0.038800456766119394, 0.012631159429216492, 0.0011800259717555783, 0.004748477619405578, 0.0008985275062450771, 0.060896488417827174, 0.0007501254592643045, 0.002455043185180702, 0.05432959170718199, 0.010743119576110995, 0.027255134504796826, 0.06352684992324804]",0.0212560405992511,2496.0,0.7610912698412697,0.8476587301587302,"[0.880952380952381, 0.6190476190476191, 0.6190476190476191, 0.7380952380952381, 0.8333333333333335, 0.7857142857142858, 0.8333333333333335, 0.7857142857142858, 0.6190476190476191, 0.9047619047619048, 0.880952380952381, 0.7142857142857144, 0.5952380952380953, 0.9047619047619048, 0.880952380952381, 1.0, 0.8333333333333335, 0.880952380952381, 0.5476190476190477, 0.9047619047619048, 0.9285714285714287, 0.6904761904761906, 0.9285714285714287, 0.7142857142857144, 0.9761904761904763, 0.9285714285714287, 0.7142857142857144, 0.880952380952381, 0.8333333333333335, 0.8333333333333335]",0.9525143199988332,0.0198166142549483,"[0.6666666666666666, 0.6666666666666666, 0.6666666666666666, 1.0, 1.0, 1.0, 1.0, 1.0, 0.6666666666666666, 0.6666666666666666, 1.0, 0.6666666666666666, 1.0, 0.6666666666666666, 0.6666666666666666, 1.0, 1.0, 1.0, 0.6666666666666666, 0.6666666666666666, 1.0, 1.0, 1.0, 0.6666666666666666, 1.0, 0.6666666666666666, 0.6666666666666666, 0.6666666666666666, 1.0, 1.0]",0.1662958838566196,"[1.0, 0.8, 0.8, 0.6, 0.8, 0.8, 0.8, 0.8, 0.8, 1.0, 0.8, 0.8, 0.6, 1.0, 1.0, 1.0, 0.8, 0.8, 0.8, 1.0, 0.8, 0.6, 1.0, 0.8, 1.0, 0.8, 0.8, 1.0, 0.8, 0.8]",0.1199999999999999,0.002893804757462
california,mlp,5000,4,8,b1_uniform,A2,0.0,0.0,5000.0,0.9357142857142858,0.0426582687313545,0.8571428571428571,1.0,0.8200000000000002,0.0007097737968753,3.039355107973589,"[0.8571428571428571, 0.9285714285714285, 0.8571428571428571, 0.9285714285714285, 0.8571428571428571, 0.7857142857142856, 0.9999999999999998, 0.7857142857142856, 0.8571428571428571, 0.8571428571428571, 0.9285714285714285, 0.7857142857142856, 0.9999999999999998, 0.7857142857142856, 0.8571428571428571, 0.9285714285714285, 0.8571428571428571, 0.7857142857142856, 0.8571428571428571, 0.8571428571428571, 0.7857142857142856, 0.7142857142857142, 0.8571428571428571, 0.8571428571428571, 0.8571428571428571, 0.8571428571428571, 0.7857142857142856, 0.9285714285714285, 0.8571428571428571, 0.8571428571428571]",0.0638876564999939,0.0006013347705384,0.0008236888120342,8.872172460941452e-05,3.977613727651907e-05,"[0.0015848065145981293, 0.0007002545727514415, 0.0014375928660342746, 0.0006888935871539915, 0.0008506597112968004, 0.0007611720741671416, 0.0004992161496249364, 0.0006312738526295978, 0.000921799723901141, 0.0002459366152732124, 0.0005474766929380066, 0.0005288859516924896, 0.0004565327077643923, 0.000424866243175889, 0.0002296601752242702, 0.0006446934960585338, 0.0009091448749032785, 0.0007330511542853414, 0.0005427508993849094, 0.000492370833678063, 0.0008073066674764599, 0.0010690400612948258, 0.00042598451707051246, 0.0006971668101967869, 0.0005991274313824219, 0.0011742618561947013, 0.0004804217114383923, 0.0004864281267180085, 0.0012207361680754976, 0.0005017018598760402]",0.0003182090982121,5000.0,0.9198214285714283,0.9515873015873014,"[0.9523809523809524, 0.9761904761904763, 0.9523809523809524, 0.9761904761904763, 0.9523809523809524, 0.880952380952381, 1.0, 0.880952380952381, 0.9523809523809524, 0.9523809523809524, 0.9761904761904763, 0.880952380952381, 1.0, 0.880952380952381, 0.9523809523809524, 0.9761904761904763, 0.9285714285714287, 0.8571428571428572, 0.9523809523809524, 0.9285714285714287, 0.880952380952381, 0.8333333333333335, 0.9285714285714287, 0.9523809523809524, 0.9523809523809524, 0.9523809523809524, 0.880952380952381, 0.9761904761904763, 0.9523809523809524, 0.9523809523809524]",0.8119562666727386,0.0315158935688253,"[1.0, 1.0, 1.0, 1.0, 1.0, 1.0, 1.0, 1.0, 1.0, 1.0, 1.0, 1.0, 1.0, 1.0, 1.0, 1.0, 1.0, 1.0, 1.0, 1.0, 1.0, 1.0, 1.0, 1.0, 1.0, 1.0, 1.0, 1.0, 1.0, 1.0]",0.0,"[0.8, 1.0, 0.8, 0.8, 0.8, 0.8, 1.0, 0.8, 0.8, 0.8, 0.8, 0.8, 1.0, 0.8, 0.8, 0.8, 0.8, 0.8, 0.8, 0.8, 0.8, 0.8, 0.8, 0.8, 0.8, 0.8, 0.8, 0.8, 0.8, 0.8]",0.06,3.262609321948908e-05
california,mlp,5000,4,8,b2_stratified,A2,0.0,0.0,5000.0,0.9880952380952382,0.0147414092230211,0.964285714285714,1.0,0.9533333333333334,0.0002335277621931,1.0,"[0.9999999999999998, 0.9999999999999998, 0.9999999999999998, 0.9285714285714285, 0.9285714285714285, 0.9999999999999998, 0.9285714285714285, 0.9999999999999998, 0.9999999999999998, 0.9999999999999998, 0.9999999999999998, 0.9285714285714285, 0.9285714285714285, 0.9999999999999998, 0.9285714285714285, 0.9285714285714285, 0.9285714285714285, 0.9999999999999998, 0.9999999999999998, 0.9999999999999998, 0.9285714285714285, 0.9999999999999998, 0.9999999999999998, 0.9285714285714285, 0.9999999999999998, 0.8571428571428571, 0.8571428571428571, 0.9999999999999998, 0.9285714285714285, 0.9999999999999998]",0.0442242276690635,0.0001817695331864,0.0002888383186213,2.9190970274140628e-05,1.922283761543657e-05,"[0.00013311167702782534, 0.00016975831890683057, 0.00016640661841964705, 0.00023275195154068743, 0.0005906609338010891, 0.0004782396927300777, 8.806347637943725e-05, 7.56108515116047e-05, 0.00010986186886039093, 0.00028517476147091233, 3.5631634924006916e-05, 0.000204617294217218, 0.00016007511256390788, 0.00016607948607710776, 0.00016426764940967602, 0.00014571343269220732, 0.00019431644396811562, 0.00023977351975332223, 0.00019113473726830064, 0.00030677778669715544, 0.00019059707056982684, 0.00029518731233204774, 0.0001090419001305669, 0.0006070172952459642, 0.00016568742444297694, 0.0005682308390142635, 0.00045206214667451914, 0.0002869744497371986, 5.9686474691857556e-05, 0.00013332070473500877]",0.0001537827009234,5000.0,0.9825396825396824,0.9928769841269842,"[1.0, 1.0, 1.0, 0.9761904761904763, 0.9761904761904763, 1.0, 0.9761904761904763, 1.0, 1.0, 1.0, 1.0, 0.9761904761904763, 0.9761904761904763, 1.0, 0.9761904761904763, 0.9761904761904763, 0.9761904761904763, 1.0, 1.0, 1.0, 0.9761904761904763, 1.0, 1.0, 0.9761904761904763, 1.0, 0.9523809523809524, 0.9523809523809524, 1.0, 0.9761904761904763, 1.0]",0.8278432866636043,0.0475239095216569,"[1.0, 1.0, 1.0, 1.0, 1.0, 1.0, 1.0, 1.0, 1.0, 1.0, 1.0, 1.0, 1.0, 1.0, 1.0, 1.0, 1.0, 1.0, 1.0, 1.0, 1.0, 1.0, 1.0, 1.0, 1.0, 1.0, 1.0, 1.0, 1.0, 1.0]",0.0,"[1.0, 1.0, 1.0, 0.8, 1.0, 1.0, 1.0, 1.0, 1.0, 1.0, 1.0, 0.8, 0.8, 1.0, 0.8, 1.0, 1.0, 1.0, 1.0, 1.0, 1.0, 1.0, 1.0, 1.0, 1.0, 0.8, 0.8, 1.0, 0.8, 1.0]",0.0845905169363301,2.5189253641073184e-05
california,mlp,5000,4,8,b3_is,A2,0.0,0.0,5000.0,0.9904761904761904,0.0157934513826447,0.9738095238095236,1.0,1.0,0.0003680318627278,1.575966211775046,"[0.9999999999999998, 0.8571428571428571, 0.9999999999999998, 0.9285714285714285, 0.9999999999999998, 0.9999999999999998, 0.9999999999999998, 0.9999999999999998, 0.9999999999999998, 0.9999999999999998, 0.9999999999999998, 0.9999999999999998, 0.9285714285714285, 0.9285714285714285, 0.9999999999999998, 0.9999999999999998, 0.9285714285714285, 0.9999999999999998, 0.9285714285714285, 0.9999999999999998, 0.9285714285714285, 0.9285714285714285, 0.9999999999999998, 0.9999999999999998, 0.9999999999999998, 0.9285714285714285, 0.9285714285714285, 0.9999999999999998, 0.9999999999999998, 0.9999999999999998]",0.0390505225401349,0.0002857716511073,0.0004525322231074,4.600398284097538e-05,3.0009200070681424e-05,"[0.0010169986852829821, 0.00021753764364080942, 0.000193161642062952, 0.00018829216170476924, 0.0002719042259665217, 0.00060710175548819, 0.00042478813987845956, 0.0006358790515396292, 0.0006630556962102196, 7.90279862838314e-05, 0.0010186049502239945, 0.0002564225940676556, 0.0003167769658732048, 0.00011913869374257128, 0.00035761521635964617, 0.0003040136176011424, 7.744709811132904e-05, 0.000192458116915411, 0.0005687609274907092, 0.0005437200503358295, 0.0002736826725671599, 0.00033276944038366406, 0.0003997871142640662, 0.00038385816657427645, 0.0002723439751390464, 0.00018554756577723582, 0.00017184207504276905, 0.00021213081924575632, 0.00015156298873752718, 0.0006047258453227325]",0.0002400736005654,5000.0,0.9849206349206348,0.9952380952380953,"[1.0, 0.9285714285714287, 1.0, 0.9761904761904763, 1.0, 1.0, 1.0, 1.0, 1.0, 1.0, 1.0, 1.0, 0.9761904761904763, 0.9761904761904763, 1.0, 1.0, 0.9761904761904763, 1.0, 0.9761904761904763, 1.0, 0.9761904761904763, 0.9761904761904763, 1.0, 1.0, 1.0, 0.9761904761904763, 0.9761904761904763, 1.0, 1.0, 1.0]",0.932530663331272,0.0251952210757741,"[1.0, 1.0, 1.0, 1.0, 1.0, 1.0, 1.0, 1.0, 1.0, 1.0, 1.0, 1.0, 1.0, 1.0, 1.0, 1.0, 1.0, 1.0, 1.0, 1.0, 1.0, 1.0, 1.0, 1.0, 1.0, 1.0, 1.0, 1.0, 1.0, 1.0]",0.0,"[1.0, 1.0, 1.0, 1.0, 1.0, 1.0, 1.0, 1.0, 1.0, 1.0, 1.0, 1.0, 1.0, 1.0, 1.0, 1.0, 1.0, 1.0, 1.0, 1.0, 1.0, 1.0, 1.0, 1.0, 1.0, 1.0, 1.0, 1.0, 1.0, 1.0]",0.0,2.2282062898886987e-05
california,mlp,5000,4,8,b4_antithetic,A2,0.0,0.0,5000.0,0.9555555555555556,0.0227820636419163,0.8761904761904761,1.0,0.8000000000000003,0.000445853727688,1.909210808603082,"[0.9285714285714285, 0.9285714285714285, 0.8571428571428571, 0.9285714285714285, 0.9285714285714285, 0.8571428571428571, 0.8571428571428571, 0.9285714285714285, 0.9285714285714285, 0.9285714285714285, 0.8571428571428571, 0.8571428571428571, 0.7857142857142856, 0.8571428571428571, 0.8571428571428571, 0.8571428571428571, 0.8571428571428571, 0.8571428571428571, 0.8571428571428571, 0.8571428571428571, 0.8571428571428571, 0.8571428571428571, 0.8571428571428571, 0.9285714285714285, 0.8571428571428571, 0.9285714285714285, 0.9285714285714285, 0.8571428571428571, 0.7857142857142856, 0.8571428571428571]",0.0409634536525839,0.0004112693326071,0.0004787472267104,5.573171596100056e-05,1.23389918125225e-05,"[0.000552763319901273, 0.0005685418215921872, 0.0004358064646221036, 0.0004361760065826901, 0.0003948724864292517, 0.0005292813236689325, 0.00048280687374180375, 0.0003871284144435498, 0.0004654168703355081, 0.0003408904027207926, 0.0003448449678020087, 0.0003944342178494562, 0.00031440529092178544, 0.00047686572584230107, 0.00038969779156821364, 0.0005491077724240443, 0.0001799748796706081, 0.0003696504191214323, 0.00039431756086092583, 0.000499086722940529, 0.00042159568889953435, 0.0003750439166581576, 0.0005077929406567865, 0.00041139634564257827, 0.0003767182450071859, 0.0004618914775481734, 0.0005581268084991927, 0.0006332061457090088, 0.0004553845159211443, 0.0006683864130589751]",9.871193450018e-05,5000.0,0.9468253968253968,0.9626984126984128,"[0.9761904761904763, 0.9761904761904763, 0.9523809523809524, 0.9761904761904763, 0.9761904761904763, 0.9523809523809524, 0.9523809523809524, 0.9761904761904763, 0.9761904761904763, 0.9761904761904763, 0.9523809523809524, 0.9523809523809524, 0.880952380952381, 0.9523809523809524, 0.9523809523809524, 0.9523809523809524, 0.9523809523809524, 0.9523809523809524, 0.9523809523809524, 0.9523809523809524, 0.9523809523809524, 0.9523809523809524, 0.9523809523809524, 0.9761904761904763, 0.9523809523809524, 0.9761904761904763, 0.9761904761904763, 0.9523809523809524, 0.880952380952381, 0.9523809523809524]",0.7850122766685672,0.0145358318800602,"[1.0, 1.0, 1.0, 1.0, 1.0, 1.0, 1.0, 1.0, 1.0, 1.0, 1.0, 1.0, 1.0, 1.0, 1.0, 1.0, 1.0, 1.0, 1.0, 1.0, 1.0, 1.0, 1.0, 1.0, 1.0, 1.0, 1.0, 1.0, 1.0, 1.0]",0.0,"[0.8, 0.8, 0.8, 0.8, 0.8, 0.8, 0.8, 0.8, 0.8, 0.8, 0.8, 0.8, 0.8, 0.8, 0.8, 0.8, 0.8, 0.8, 0.8, 0.8, 0.8, 0.8, 0.8, 0.8, 0.8, 0.8, 0.8, 0.8, 0.8, 0.8]",2.220446049250313e-16,2.995178192098361e-06
california,mlp,5000,5,8,abc_shap,A2,0.4992,2496.0,2504.0,0.9023809523809524,0.0615834150303693,0.8190476190476189,1.0,0.8866666666666668,0.0208417008738801,22.435609634868584,"[0.7142857142857142, 0.8571428571428571, 0.7857142857142856, 0.7857142857142856, 0.9285714285714285, 0.8571428571428571, 0.7142857142857142, 0.7857142857142856, 0.9285714285714285, 0.9285714285714285, 0.9285714285714285, 0.7142857142857142, 0.7142857142857142, 0.7857142857142856, 0.9999999999999998, 0.7142857142857142, 0.7142857142857142, 0.8571428571428571, 0.7142857142857142, 0.7857142857142856, 0.7142857142857142, 0.8571428571428571, 0.8571428571428571, 0.7142857142857142, 0.9285714285714285, 0.9999999999999998, 0.7857142857142856, 0.7142857142857142, 0.9285714285714285, 0.8571428571428571]",0.0935565843066119,0.0139907948179444,0.0292650610917559,0.002605212609235,0.0027211375084084,"[0.0010214768070988488, 0.06220531866347233, 0.0038403380956597444, 0.011399912528016557, 0.0006682905995332065, 0.0028522475303791477, 0.00231940408693654, 0.006919499432284393, 0.06679056905651318, 0.04491250952337322, 0.026011670674305366, 0.008818024638725339, 0.022491641627714536, 0.0015149332516382406, 0.04798789925923401, 0.011481142165359351, 0.030679357334398947, 0.002680264382016793, 0.03541070182651767, 0.017239493672117745, 0.01297175300556334, 0.011328769739875316, 0.006126916716630135, 0.012363153453016362, 0.002483373083555951, 0.033045718962383085, 0.005972224188536111, 0.06499067708141731, 0.06820026924235412, 0.0005234755877776889]",0.0217691000672673,2496.0,0.8793650793650795,0.926190476190476,"[0.8333333333333335, 0.9523809523809524, 0.9047619047619048, 0.8571428571428572, 0.9761904761904763, 0.9285714285714287, 0.8333333333333335, 0.8571428571428572, 0.9761904761904763, 0.9761904761904763, 0.9761904761904763, 0.8333333333333335, 0.8333333333333335, 0.880952380952381, 1.0, 0.8333333333333335, 0.8333333333333335, 0.9285714285714287, 0.8333333333333335, 0.9047619047619048, 0.8333333333333335, 0.9285714285714287, 0.9285714285714287, 0.8333333333333335, 0.9761904761904763, 1.0, 0.8571428571428572, 0.8333333333333335, 0.9761904761904763, 0.9523809523809524]",0.9522636066675962,0.0140311383879038,"[1.0, 1.0, 1.0, 1.0, 1.0, 1.0, 1.0, 1.0, 1.0, 1.0, 1.0, 1.0, 1.0, 1.0, 1.0, 1.0, 1.0, 1.0, 1.0, 1.0, 1.0, 1.0, 1.0, 1.0, 1.0, 1.0, 1.0, 1.0, 1.0, 1.0]",0.0,"[0.8, 1.0, 1.0, 0.8, 0.8, 1.0, 0.8, 0.8, 1.0, 1.0, 1.0, 0.8, 0.8, 0.8, 1.0, 0.8, 0.8, 0.8, 0.8, 1.0, 0.8, 1.0, 1.0, 0.8, 1.0, 1.0, 0.8, 0.8, 1.0, 0.8]",0.0991071249821233,0.0025751011803422
california,mlp,5000,5,8,b1_uniform,A2,0.0,0.0,5000.0,0.9412698412698414,0.0559171903295509,0.8809523809523808,1.0,0.9,0.0016306578892215,1.7553655563900132,"[0.9285714285714285, 0.8571428571428571, 0.8571428571428571, 0.9285714285714285, 0.7857142857142856, 0.9285714285714285, 0.8571428571428571, 0.7142857142857142, 0.9285714285714285, 0.7857142857142856, 0.8571428571428571, 0.9285714285714285, 0.9285714285714285, 0.7857142857142856, 0.8571428571428571, 0.9999999999999998, 0.7857142857142856, 0.9999999999999998, 0.9999999999999998, 0.9285714285714285, 0.7857142857142856, 0.7142857142857142, 0.8571428571428571, 0.8571428571428571, 0.9285714285714285, 0.7142857142857142, 0.9999999999999998, 0.9999999999999998, 0.9999999999999998, 0.9285714285714285]",0.0890870806374747,0.0013020787749569,0.002002251717417,0.0002038322361526,0.0001251606689027,"[0.0007470914620300804, 0.0013139310376350964, 0.0021103441961293186, 0.0016459312111111789, 0.0005825700816484515, 0.004150642956269661, 0.0013196909733749634, 0.002428592230971136, 0.0006153296141643396, 0.0023797728949752424, 0.0006623476488849811, 0.0006996038357666846, 0.0023316962305404716, 0.002722219885255586, 0.0023350969071750903, 0.0011261164551602562, 0.002109811961473535, 0.0006526548879335618, 0.0006207137511387044, 0.001780438429467356, 0.0014027060820683615, 0.0008155158054152345, 0.004656802140255697, 0.002139156251417188, 0.002052579026744964, 0.0017979092081433007, 0.0006797840327464241, 0.000685267431984834, 0.001476067382820488, 0.0008793526639434747]",0.0010012853512219,5000.0,0.9206349206349208,0.961111111111111,"[0.9761904761904763, 0.9285714285714287, 0.9285714285714287, 0.9761904761904763, 0.9047619047619048, 0.9761904761904763, 0.9285714285714287, 0.8095238095238096, 0.9761904761904763, 0.9047619047619048, 0.9285714285714287, 0.9761904761904763, 0.9761904761904763, 0.9047619047619048, 0.9523809523809524, 1.0, 0.9047619047619048, 1.0, 1.0, 0.9761904761904763, 0.880952380952381, 0.8095238095238096, 0.9285714285714287, 0.9285714285714287, 0.9761904761904763, 0.8095238095238096, 1.0, 1.0, 1.0, 0.9761904761904763]",0.8083168033335824,0.0140337852496418,"[1.0, 1.0, 1.0, 1.0, 1.0, 1.0, 1.0, 1.0, 1.0, 1.0, 1.0, 1.0, 1.0, 1.0, 1.0, 1.0, 1.0, 1.0, 1.0, 1.0, 1.0, 1.0, 1.0, 1.0, 1.0, 1.0, 1.0, 1.0, 1.0, 1.0]",0.0,"[1.0, 0.8, 0.8, 1.0, 0.8, 1.0, 0.8, 0.8, 1.0, 0.8, 0.8, 1.0, 1.0, 0.8, 0.8, 1.0, 0.8, 1.0, 1.0, 1.0, 0.8, 0.8, 0.8, 0.8, 1.0, 0.8, 1.0, 1.0, 1.0, 1.0]",0.0999999999999999,0.0001258522179009
california,mlp,5000,5,8,b2_stratified,A2,0.0,0.0,5000.0,0.9388888888888888,0.0562373134541487,0.8761904761904759,1.0,0.9000000000000001,0.0009289562981827,1.0,"[0.9285714285714285, 0.8571428571428571, 0.8571428571428571, 0.7857142857142856, 0.7142857142857142, 0.8571428571428571, 0.9999999999999998, 0.9285714285714285, 0.7857142857142856, 0.8571428571428571, 0.9285714285714285, 0.8571428571428571, 0.9285714285714285, 0.8571428571428571, 0.7142857142857142, 0.9285714285714285, 0.9285714285714285, 0.9285714285714285, 0.9285714285714285, 0.9285714285714285, 0.9999999999999998, 0.7857142857142856, 0.9285714285714285, 0.9285714285714285, 0.6428571428571428, 0.7857142857142856, 0.9285714285714285, 0.9285714285714285, 0.9285714285714285, 0.9285714285714285]",0.0843811673650921,0.0006924206831316,0.0012121661814004,0.0001161195372728,9.369146357543628e-05,"[8.525533329283591e-05, 0.0005614731740378697, 0.00018841996426646415, 0.0024950413398298985, 0.00028975006360513046, 0.00023328886718958092, 0.0022669753135587077, 0.0008968086850776913, 0.0006212526379583117, 0.0013378036805779096, 5.891796490102477e-05, 0.0018201830188507896, 0.0017390086008117326, 0.0006955305620107695, 0.001035722605910994, 0.0018941237616202148, 0.0016214531834650352, 0.0004952840261140809, 0.0003104888976733746, 0.0003200925348306402, 0.00010240425979561283, 0.000637376798429075, 0.0023922713081179882, 0.00012005723935064283, 0.001171110754985239, 0.000663158895108467, 0.000479265526355225, 0.000661049282887644, 0.002090425919842514, 0.0005846947450262178]",0.0007495317086034,5000.0,0.919047619047619,0.9587301587301588,"[0.9761904761904763, 0.9285714285714287, 0.9523809523809524, 0.8571428571428572, 0.8333333333333335, 0.9285714285714287, 1.0, 0.9761904761904763, 0.8571428571428572, 0.9285714285714287, 0.9761904761904763, 0.9285714285714287, 0.9761904761904763, 0.9285714285714287, 0.8333333333333335, 0.9761904761904763, 0.9761904761904763, 0.9761904761904763, 0.9761904761904763, 0.9761904761904763, 1.0, 0.880952380952381, 0.9761904761904763, 0.9761904761904763, 0.7857142857142858, 0.880952380952381, 0.9761904761904763, 0.9761904761904763, 0.9761904761904763, 0.9761904761904763]",0.825800126666824,0.0480985799767795,"[1.0, 1.0, 1.0, 1.0, 1.0, 1.0, 1.0, 1.0, 1.0, 1.0, 1.0, 1.0, 1.0, 1.0, 1.0, 1.0, 1.0, 1.0, 1.0, 1.0, 1.0, 1.0, 1.0, 1.0, 1.0, 1.0, 1.0, 1.0, 1.0, 1.0]",0.0,"[1.0, 1.0, 0.8, 0.8, 0.8, 0.8, 1.0, 1.0, 0.8, 0.8, 1.0, 0.8, 1.0, 1.0, 0.8, 1.0, 1.0, 1.0, 0.8, 0.8, 1.0, 0.8, 1.0, 0.8, 0.8, 0.8, 0.8, 1.0, 1.0, 1.0]",0.0999999999999999,9.614660764333548e-05
california,mlp,5000,5,8,b3_is,A2,0.0,0.0,5000.0,0.918253968253968,0.057565675573932,0.838095238095238,1.0,0.8800000000000002,0.0008291080886021,0.8925157084613577,"[0.7142857142857142, 0.8571428571428571, 0.9285714285714285, 0.7857142857142856, 0.9285714285714285, 0.7857142857142856, 0.7142857142857142, 0.8571428571428571, 0.7857142857142856, 0.9285714285714285, 0.7142857142857142, 0.9285714285714285, 0.7857142857142856, 0.7857142857142856, 0.9285714285714285, 0.8571428571428571, 0.7857142857142856, 0.9285714285714285, 0.7142857142857142, 0.7857142857142856, 0.9285714285714285, 0.8571428571428571, 0.9285714285714285, 0.9999999999999998, 0.9285714285714285, 0.9285714285714285, 0.7857142857142856, 0.7142857142857142, 0.7142857142857142, 0.8571428571428571]",0.0863731292724621,0.0005016864777736,0.0011893637151212,0.0001036385110752,0.0001228973443593,"[0.0014866553300996066, 0.0028413981197800676, 0.00012275596193313704, 0.00019124205671561275, 0.0031800723440769583, 0.00028600195047066596, 0.0001757110960485053, 0.00035440121327726066, 0.0003287348199204488, 0.0009732061291407276, 0.0005889868347849704, 0.0002997274448282269, 0.0006002530482083414, 0.0009437130328868523, 4.711256834685033e-05, 8.415903607761409e-05, 0.00028658206331557226, 0.0005971756520995747, 0.0013207528116741937, 0.0001968352707174325, 0.0003648131489299035, 0.0002457465510312181, 0.003830354409554264, 0.002746309356535131, 0.00022109505515178574, 0.0006259304873216488, 0.000800517710928881, 0.0005495938997423356, 0.0003038412154323846, 0.0002795640390356207]",0.0009831787548747,5000.0,0.8975992063492062,0.9388888888888888,"[0.8333333333333335, 0.9285714285714287, 0.9761904761904763, 0.880952380952381, 0.9761904761904763, 0.880952380952381, 0.8333333333333335, 0.9523809523809524, 0.880952380952381, 0.9761904761904763, 0.8333333333333335, 0.9761904761904763, 0.880952380952381, 0.880952380952381, 0.9761904761904763, 0.9523809523809524, 0.880952380952381, 0.9761904761904763, 0.8333333333333335, 0.880952380952381, 0.9761904761904763, 0.9523809523809524, 0.9761904761904763, 1.0, 0.9761904761904763, 0.9761904761904763, 0.880952380952381, 0.8333333333333335, 0.8333333333333335, 0.9523809523809524]",0.9311369799970028,0.0175894837768595,"[1.0, 1.0, 1.0, 1.0, 1.0, 1.0, 1.0, 1.0, 1.0, 1.0, 1.0, 1.0, 1.0, 1.0, 1.0, 1.0, 1.0, 1.0, 1.0, 1.0, 1.0, 1.0, 1.0, 1.0, 1.0, 1.0, 1.0, 1.0, 1.0, 1.0]",0.0,"[0.8, 1.0, 1.0, 0.8, 1.0, 0.8, 0.8, 0.8, 0.8, 1.0, 0.8, 1.0, 0.8, 0.8, 1.0, 0.8, 0.8, 1.0, 0.8, 0.8, 1.0, 0.8, 1.0, 1.0, 1.0, 1.0, 0.8, 0.8, 0.8, 0.8]",0.097979589711327,8.657660893144645e-05
california,mlp,5000,5,8,b4_antithetic,A2,0.0,0.0,5000.0,0.964285714285714,0.0219512963268878,0.9119047619047618,1.0,0.9466666666666668,0.0006458809319484,0.6952759061022771,"[0.9285714285714285, 0.8571428571428571, 0.9285714285714285, 0.9285714285714285, 0.8571428571428571, 0.9285714285714285, 0.9285714285714285, 0.9285714285714285, 0.8571428571428571, 0.8571428571428571, 0.9285714285714285, 0.9285714285714285, 0.8571428571428571, 0.9285714285714285, 0.9999999999999998, 0.9285714285714285, 0.9285714285714285, 0.9285714285714285, 0.9285714285714285, 0.9285714285714285, 0.9285714285714285, 0.9285714285714285, 0.9285714285714285, 0.9285714285714285, 0.9285714285714285, 0.8571428571428571, 0.8571428571428571, 0.9285714285714285, 0.8571428571428571, 0.9285714285714285]",0.0353954017793297,0.0006206789049324,0.0006754496573061,8.073511649355122e-05,9.597179399267709e-06,"[0.0006508274947937019, 0.0006071699383419579, 0.0007105553570793842, 0.0006449227870306015, 0.0007176505036483602, 0.0005244190305315098, 0.0007453148576588761, 0.000626586225711098, 0.0006714149724012594, 0.0007260793932439825, 0.0005699313380612717, 0.0006458827950151875, 0.0006556399790645438, 0.0006487123309206309, 0.0006084535896804291, 0.0008384118489581624, 0.0006034875621895419, 0.000620729327430376, 0.000622898746337595, 0.000568842293060302, 0.0006218148214596472, 0.0005573340103453804, 0.000502439772444566, 0.0005901947557455766, 0.0007339501023972856, 0.0007807947662510809, 0.0007137338773122413, 0.0005730609811453547, 0.0007272409929119244, 0.0005679335072804601]",7.677743519414166e-05,5000.0,0.9555555555555556,0.972222222222222,"[0.9761904761904763, 0.9285714285714287, 0.9761904761904763, 0.9761904761904763, 0.9285714285714287, 0.9761904761904763, 0.9761904761904763, 0.9761904761904763, 0.9285714285714287, 0.9285714285714287, 0.9761904761904763, 0.9761904761904763, 0.9285714285714287, 0.9761904761904763, 1.0, 0.9761904761904763, 0.9761904761904763, 0.9761904761904763, 0.9761904761904763, 0.9761904761904763, 0.9761904761904763, 0.9761904761904763, 0.9761904761904763, 0.9761904761904763, 0.9761904761904763, 0.9285714285714287, 0.9285714285714287, 0.9761904761904763, 0.9285714285714287, 0.9761904761904763]",0.7829428766679485,0.0057706687870553,"[1.0, 1.0, 1.0, 1.0, 1.0, 1.0, 1.0, 1.0, 1.0, 1.0, 1.0, 1.0, 1.0, 1.0, 1.0, 1.0, 1.0, 1.0, 1.0, 1.0, 1.0, 1.0, 1.0, 1.0, 1.0, 1.0, 1.0, 1.0, 1.0, 1.0]",0.0,"[1.0, 0.8, 1.0, 1.0, 0.8, 1.0, 1.0, 1.0, 0.8, 0.8, 1.0, 1.0, 0.8, 1.0, 1.0, 1.0, 1.0, 1.0, 1.0, 1.0, 1.0, 1.0, 1.0, 1.0, 1.0, 0.8, 0.8, 1.0, 0.8, 1.0]",0.0884433277428106,1.5450752694678584e-06
california,mlp,5000,6,8,abc_shap,A2,0.4992,2496.0,2504.0,0.8015873015873017,0.1377847266187105,0.6404761904761904,0.8444444444444446,0.94,0.0107295925244419,79.01584113736837,"[0.9285714285714285, 0.6428571428571428, 0.8571428571428571, 0.8571428571428571, 0.3571428571428571, 0.5714285714285714, 0.42857142857142855, 0.7857142857142856, 0.3571428571428571, 0.4999999999999999, 0.8571428571428571, 0.8571428571428571, 0.4999999999999999, 0.9285714285714285, 0.7857142857142856, 0.8571428571428571, 0.42857142857142855, 0.3571428571428571, 0.7142857142857142, 0.42857142857142855, 0.8571428571428571, 0.7857142857142856, 0.4999999999999999, 0.4999999999999999, 0.3571428571428571, 0.9285714285714285, 0.3571428571428571, 0.3571428571428571, 0.7857142857142856, 0.7857142857142856]",0.2114762923408253,0.0074289846966523,0.0144267962016114,0.0013411990655552,0.0012593475454821,"[0.00046621286113425405, 0.0006773665314439047, 0.0038873125935935562, 0.001664817664930063, 0.021886439924858992, 0.003675647754740967, 0.016704008157432317, 0.025494730641772587, 0.025917019698072315, 0.006121289309192164, 0.0003838280851881636, 0.0004963997701525269, 0.007781312504807183, 0.0006408148910199971, 0.0005287226046334572, 0.031625747845879605, 0.02051555966260044, 0.020032216638058847, 0.0010262752568106766, 0.012858803901972245, 0.002266040948987916, 0.01546956149469511, 0.005188164606262552, 0.006921160578883089, 0.02319229083121586, 0.0002514993907046753, 0.029243651581504986, 0.02164169829578946, 0.008317863899077814, 0.007011317807842061]",0.010074780363857,2496.0,0.7523611111111114,0.8515873015873014,"[0.9761904761904763, 0.8333333333333335, 0.9285714285714287, 0.9285714285714287, 0.6190476190476191, 0.7619047619047621, 0.6428571428571429, 0.9047619047619048, 0.6190476190476191, 0.7142857142857144, 0.9523809523809524, 0.9523809523809524, 0.7142857142857144, 0.9761904761904763, 0.9047619047619048, 0.9285714285714287, 0.6428571428571429, 0.6190476190476191, 0.880952380952381, 0.6428571428571429, 0.9285714285714287, 0.9047619047619048, 0.7142857142857144, 0.7142857142857144, 0.6190476190476191, 0.9761904761904763, 0.6190476190476191, 0.6190476190476191, 0.9047619047619048, 0.9047619047619048]",0.9856515600035588,0.0682437648172737,"[1.0, 1.0, 1.0, 1.0, 0.6666666666666666, 0.6666666666666666, 0.6666666666666666, 1.0, 0.6666666666666666, 0.6666666666666666, 1.0, 1.0, 0.6666666666666666, 1.0, 1.0, 1.0, 0.6666666666666666, 0.6666666666666666, 1.0, 0.6666666666666666, 1.0, 1.0, 0.6666666666666666, 0.6666666666666666, 0.6666666666666666, 1.0, 0.6666666666666666, 0.6666666666666666, 1.0, 1.0]",0.1662958838566196,"[1.0, 1.0, 1.0, 1.0, 0.8, 1.0, 0.8, 1.0, 0.8, 1.0, 1.0, 1.0, 1.0, 1.0, 1.0, 1.0, 0.8, 0.8, 1.0, 0.8, 1.0, 1.0, 1.0, 1.0, 0.8, 1.0, 0.8, 0.8, 1.0, 1.0]",0.0916515138991167,0.0012258863371503
california,mlp,5000,6,8,b1_uniform,A2,0.0,0.0,5000.0,0.8857142857142858,0.0178174161274949,0.7333333333333332,0.9888888888888888,1.0,0.0010639880659983,7.835517686572468,"[0.7142857142857142, 0.7142857142857142, 0.7142857142857142, 0.7142857142857142, 0.7857142857142856, 0.7857142857142856, 0.7857142857142856, 0.7142857142857142, 0.7857142857142856, 0.7857142857142856, 0.7142857142857142, 0.7142857142857142, 0.7142857142857142, 0.7142857142857142, 0.7142857142857142, 0.7857142857142856, 0.7142857142857142, 0.7142857142857142, 0.7142857142857142, 0.7142857142857142, 0.7142857142857142, 0.7142857142857142, 0.7142857142857142, 0.7142857142857142, 0.7142857142857142, 0.7857142857142856, 0.7857142857142856, 0.7142857142857142, 0.6428571428571428, 0.7857142857142856]",0.03657688451366,0.0009352232723012,0.0011918679118846,0.0001329985082497,4.507634561603518e-05,"[0.0015632522328908026, 0.000704384819703673, 0.00045225966810968053, 0.0011299781280329749, 0.0010409454451697849, 0.00032647577800943184, 0.0011636549173114142, 0.0015574593937056009, 0.0010290863439549043, 0.001266625314346348, 0.0013651345725677934, 0.001445959588430549, 0.0010101180121822172, 0.0008726305399999924, 0.0009319232027337077, 0.0015226325783594162, 0.001039745727280549, 0.0009187714551338094, 0.0010439303375945762, 0.0009505230357112819, 0.001099858443377665, 0.0016081251330963267, 0.0007038840628476416, 0.000720328224014654, 0.00048954555259324, 0.000926938786406915, 0.0009004291690308567, 0.0015978667604669074, 0.0017562352744745569, 0.0007809394824128598]",0.0003606107649282,5000.0,0.8793650793650793,0.8912698412698412,"[0.880952380952381, 0.880952380952381, 0.880952380952381, 0.880952380952381, 0.9047619047619048, 0.9047619047619048, 0.9047619047619048, 0.880952380952381, 0.9047619047619048, 0.9047619047619048, 0.880952380952381, 0.880952380952381, 0.880952380952381, 0.880952380952381, 0.880952380952381, 0.9047619047619048, 0.880952380952381, 0.880952380952381, 0.880952380952381, 0.880952380952381, 0.880952380952381, 0.880952380952381, 0.880952380952381, 0.880952380952381, 0.880952380952381, 0.9047619047619048, 0.9047619047619048, 0.880952380952381, 0.8095238095238096, 0.9047619047619048]",0.867568613330756,0.124022412937322,"[1.0, 1.0, 1.0, 1.0, 1.0, 1.0, 1.0, 1.0, 1.0, 1.0, 1.0, 1.0, 1.0, 1.0, 1.0, 1.0, 1.0, 1.0, 1.0, 1.0, 1.0, 1.0, 1.0, 1.0, 1.0, 1.0, 1.0, 1.0, 0.6666666666666666, 1.0]",0.0598351645237167,"[1.0, 1.0, 1.0, 1.0, 1.0, 1.0, 1.0, 1.0, 1.0, 1.0, 1.0, 1.0, 1.0, 1.0, 1.0, 1.0, 1.0, 1.0, 1.0, 1.0, 1.0, 1.0, 1.0, 1.0, 1.0, 1.0, 1.0, 1.0, 1.0, 1.0]",0.0,2.2856601969584632e-05
california,mlp,5000,6,8,b2_stratified,A2,0.0,0.0,5000.0,0.9626984126984126,0.0401637489805713,0.9047619047619044,1.0,1.0,0.0001357903981024,1.0,"[0.9999999999999998, 0.9285714285714285, 0.8571428571428571, 0.9999999999999998, 0.8571428571428571, 0.7142857142857142, 0.8571428571428571, 0.9999999999999998, 0.9999999999999998, 0.7857142857142856, 0.9285714285714285, 0.8571428571428571, 0.7857142857142856, 0.9999999999999998, 0.7857142857142856, 0.7142857142857142, 0.9999999999999998, 0.9999999999999998, 0.9999999999999998, 0.9285714285714285, 0.9999999999999998, 0.9999999999999998, 0.9999999999999998, 0.9285714285714285, 0.9285714285714285, 0.8571428571428571, 0.9285714285714285, 0.7142857142857142, 0.8571428571428571, 0.9285714285714285]",0.094640985306437,0.0001032278544955,0.0001739785280858,1.697379976280424e-05,1.2600091121292628e-05,"[0.000158321127644061, 0.0001079430135930919, 9.76490771432961e-05, 0.00015416618274428405, 3.215019909209142e-05, 0.00021511979303069672, 0.00011776403286434573, 0.00016699365511060993, 6.946675537848332e-05, 0.0003265506946657165, 0.00027451398515991046, 0.00012833371495294448, 0.00029551641766298846, 6.377404222349592e-05, 0.00040499429487028053, 0.00025735922510354716, 1.863939712711521e-05, 4.2591659221412036e-05, 5.486298189302451e-05, 6.740137695772765e-05, 3.1296740578841395e-05, 0.00017747852365749983, 7.776535499597005e-05, 3.1979811355681974e-05, 0.00012509700490280644, 1.9905450097069435e-05, 8.119463924839632e-05, 0.00021096178630793062, 0.00023858350618231826, 2.5337499307380772e-05]",0.0001008007289703,5000.0,0.948392857142857,0.9761904761904762,"[1.0, 0.9761904761904763, 0.9523809523809524, 1.0, 0.9523809523809524, 0.880952380952381, 0.9523809523809524, 1.0, 1.0, 0.9047619047619048, 0.9761904761904763, 0.9523809523809524, 0.9047619047619048, 1.0, 0.9047619047619048, 0.880952380952381, 1.0, 1.0, 1.0, 0.9761904761904763, 1.0, 1.0, 1.0, 0.9761904761904763, 0.9761904761904763, 0.9285714285714287, 0.9761904761904763, 0.880952380952381, 0.9523809523809524, 0.9761904761904763]",0.880304876670319,0.1394134125794917,"[1.0, 1.0, 1.0, 1.0, 1.0, 1.0, 1.0, 1.0, 1.0, 1.0, 1.0, 1.0, 1.0, 1.0, 1.0, 1.0, 1.0, 1.0, 1.0, 1.0, 1.0, 1.0, 1.0, 1.0, 1.0, 1.0, 1.0, 1.0, 1.0, 1.0]",0.0,"[1.0, 1.0, 1.0, 1.0, 1.0, 1.0, 1.0, 1.0, 1.0, 1.0, 1.0, 1.0, 1.0, 1.0, 1.0, 1.0, 1.0, 1.0, 1.0, 1.0, 1.0, 1.0, 1.0, 1.0, 1.0, 1.0, 1.0, 1.0, 1.0, 1.0]",0.0,1.4280930441209014e-05
california,mlp,5000,6,8,b3_is,A2,0.0,0.0,5000.0,0.9793650793650792,0.0293114052581259,0.9452380952380948,1.0,1.0,0.0001803243977175,1.327961330384685,"[0.9999999999999998, 0.8571428571428571, 0.9999999999999998, 0.9999999999999998, 0.9999999999999998, 0.9999999999999998, 0.8571428571428571, 0.7857142857142856, 0.9999999999999998, 0.9285714285714285, 0.9999999999999998, 0.9999999999999998, 0.9285714285714285, 0.9999999999999998, 0.9999999999999998, 0.9999999999999998, 0.7142857142857142, 0.9285714285714285, 0.9285714285714285, 0.9285714285714285, 0.9999999999999998, 0.8571428571428571, 0.9999999999999998, 0.9999999999999998, 0.9999999999999998, 0.9285714285714285, 0.9285714285714285, 0.9285714285714285, 0.9285714285714285, 0.9285714285714285]",0.0706705813316943,0.000144353455812,0.0002238100458959,2.254054971469676e-05,1.3929426940117023e-05,"[0.0001856807545950127, 0.00016976224794369865, 0.0002491968220724033, 0.00013606239968778864, 0.00014762806202628953, 0.0001281286877019944, 0.0001877919959516618, 9.869505190637087e-05, 0.00015054306928746923, 7.682563514520903e-05, 0.00018081389449881027, 0.0001503617050620335, 0.00014986618852075, 0.00033208362344210133, 0.0002351409148950992, 0.0003612146720509272, 6.557333082209463e-05, 0.00018933880025983157, 0.00022361860589832988, 0.00024327034198013789, 0.00012408732321811026, 0.00019692629571849759, 0.00016113854004555473, 0.00016953328852117814, 0.0006417916696730593, 8.976115968167139e-05, 0.00015906547803166672, 5.291500238959363e-05, 5.950326589259067e-05, 9.341310460728592e-05]",0.0001114354155209,5000.0,0.9674603174603176,0.9880952380952382,"[1.0, 0.9285714285714287, 1.0, 1.0, 1.0, 1.0, 0.9523809523809524, 0.9047619047619048, 1.0, 0.9761904761904763, 1.0, 1.0, 0.9761904761904763, 1.0, 1.0, 1.0, 0.880952380952381, 0.9761904761904763, 0.9761904761904763, 0.9761904761904763, 1.0, 0.9523809523809524, 1.0, 1.0, 1.0, 0.9761904761904763, 0.9761904761904763, 0.9761904761904763, 0.9761904761904763, 0.9761904761904763]",0.9946713333328564,0.1263656264348716,"[1.0, 1.0, 1.0, 1.0, 1.0, 1.0, 1.0, 1.0, 1.0, 1.0, 1.0, 1.0, 1.0, 1.0, 1.0, 1.0, 1.0, 1.0, 1.0, 1.0, 1.0, 1.0, 1.0, 1.0, 1.0, 1.0, 1.0, 1.0, 1.0, 1.0]",0.0,"[1.0, 1.0, 1.0, 1.0, 1.0, 1.0, 1.0, 1.0, 1.0, 1.0, 1.0, 1.0, 1.0, 1.0, 1.0, 1.0, 1.0, 1.0, 1.0, 1.0, 1.0, 1.0, 1.0, 1.0, 1.0, 1.0, 1.0, 1.0, 1.0, 1.0]",0.0,1.342711999413035e-05
california,mlp,5000,6,8,b4_antithetic,A2,0.0,0.0,5000.0,0.8809523809523808,2.220446049250313e-16,0.7142857142857143,1.0,1.0,0.0007931570955438,5.841039621560591,"[0.7142857142857142, 0.7142857142857142, 0.7142857142857142, 0.7142857142857142, 0.7142857142857142, 0.7142857142857142, 0.7142857142857142, 0.7142857142857142, 0.7142857142857142, 0.7142857142857142, 0.7142857142857142, 0.7142857142857142, 0.7142857142857142, 0.7142857142857142, 0.7142857142857142, 0.7142857142857142, 0.7142857142857142, 0.7142857142857142, 0.7142857142857142, 0.7142857142857142, 0.7142857142857142, 0.7142857142857142, 0.7142857142857142, 0.7142857142857142, 0.7142857142857142, 0.7142857142857142, 0.7142857142857142, 0.7142857142857142, 0.7142857142857142, 0.7142857142857142]",1.1102230246251563e-16,0.0007485699703308,0.0008384373479867,9.914463694297532e-05,1.565665818609066e-05,"[0.0008672760597496298, 0.0009107250212259218, 0.0007059664375625724, 0.0007410430715676699, 0.0007557602085108086, 0.0008525822508004754, 0.000529039863800961, 0.0009754382027586539, 0.0007150029695823036, 0.0006460362270580421, 0.0005579833314878853, 0.0008825924353651355, 0.000855422870232993, 0.0007862167603685566, 0.0009141253699500338, 0.0008998807756356365, 0.0007743312086085836, 0.0007434671624789412, 0.0007006922975375288, 0.0007501829885189839, 0.0009511128573822321, 0.0006477371107707659, 0.0005391425970761818, 0.0008040703011385957, 0.0009173970681939912, 0.0007307750957137528, 0.0008971444588861318, 0.0010104550426268148, 0.0008678977222008125, 0.0008652150995234761]",0.0001252532654887,5000.0,0.8809523809523808,0.8809523809523808,"[0.880952380952381, 0.880952380952381, 0.880952380952381, 0.880952380952381, 0.880952380952381, 0.880952380952381, 0.880952380952381, 0.880952380952381, 0.880952380952381, 0.880952380952381, 0.880952380952381, 0.880952380952381, 0.880952380952381, 0.880952380952381, 0.880952380952381, 0.880952380952381, 0.880952380952381, 0.880952380952381, 0.880952380952381, 0.880952380952381, 0.880952380952381, 0.880952380952381, 0.880952380952381, 0.880952380952381, 0.880952380952381, 0.880952380952381, 0.880952380952381, 0.880952380952381, 0.880952380952381, 0.880952380952381]",0.8369082066657332,0.1405724853622703,"[1.0, 1.0, 1.0, 1.0, 1.0, 1.0, 1.0, 1.0, 1.0, 1.0, 1.0, 1.0, 1.0, 1.0, 1.0, 1.0, 1.0, 1.0, 1.0, 1.0, 1.0, 1.0, 1.0, 1.0, 1.0, 1.0, 1.0, 1.0, 1.0, 1.0]",0.0,"[1.0, 1.0, 1.0, 1.0, 1.0, 1.0, 1.0, 1.0, 1.0, 1.0, 1.0, 1.0, 1.0, 1.0, 1.0, 1.0, 1.0, 1.0, 1.0, 1.0, 1.0, 1.0, 1.0, 1.0, 1.0, 1.0, 1.0, 1.0, 1.0, 1.0]",0.0,2.533026614169007e-06
california,mlp,5000,7,8,abc_shap,A2,0.4992,2496.0,2504.0,0.977777777777778,0.0252974245246178,0.9404761904761904,1.0,1.0,0.0038391974237399,40.856206114459056,"[0.9285714285714285, 0.9285714285714285, 0.9285714285714285, 0.8571428571428571, 0.9285714285714285, 0.8571428571428571, 0.9285714285714285, 0.9285714285714285, 0.8571428571428571, 0.9999999999999998, 0.9999999999999998, 0.9999999999999998, 0.8571428571428571, 0.8571428571428571, 0.9285714285714285, 0.9999999999999998, 0.9285714285714285, 0.7857142857142856, 0.9999999999999998, 0.9999999999999998, 0.9285714285714285, 0.9285714285714285, 0.9999999999999998, 0.9999999999999998, 0.8571428571428571, 0.9999999999999998, 0.9999999999999998, 0.9999999999999998, 0.9999999999999998, 0.9999999999999998]",0.0613990331344172,0.0024720207454302,0.0054500716350002,0.0004798996779674,0.0005162035837918,"[0.0002739731431977817, 0.005363366843718094, 0.007764304686915897, 0.0012143278835900799, 0.007341477371623217, 0.0015000663477452846, 0.007424651870498634, 0.012287514650494064, 0.013472096319622097, 0.0019274011492408276, 0.0028795865538067417, 0.0002075747878155961, 0.016041029499195093, 0.002058681207409763, 0.0009855193129284317, 0.0034005070157430905, 0.005259826276377522, 0.007905672794485152, 0.00042710208140992405, 0.0020179199005152222, 0.0003634266498943131, 0.003203931384022218, 0.0005468463601507631, 0.0008312016177117235, 0.002871278909611892, 0.0004781345588426009, 0.0033589903656247922, 0.00045732884600239586, 0.0006435831818929656, 0.00266860114211195]",0.0041296286703348,2496.0,0.968253968253968,0.9857341269841272,"[0.9761904761904763, 0.9761904761904763, 0.9761904761904763, 0.9523809523809524, 0.9761904761904763, 0.9523809523809524, 0.9761904761904763, 0.9761904761904763, 0.9285714285714287, 1.0, 1.0, 1.0, 0.9285714285714287, 0.9523809523809524, 0.9761904761904763, 1.0, 0.9761904761904763, 0.9047619047619048, 1.0, 1.0, 0.9761904761904763, 0.9761904761904763, 1.0, 1.0, 0.9523809523809524, 1.0, 1.0, 1.0, 1.0, 1.0]",0.9734929000008076,0.0608265046534168,"[1.0, 1.0, 1.0, 1.0, 1.0, 1.0, 1.0, 1.0, 1.0, 1.0, 1.0, 1.0, 1.0, 1.0, 1.0, 1.0, 1.0, 1.0, 1.0, 1.0, 1.0, 1.0, 1.0, 1.0, 1.0, 1.0, 1.0, 1.0, 1.0, 1.0]",0.0,"[1.0, 1.0, 1.0, 1.0, 1.0, 1.0, 1.0, 1.0, 1.0, 1.0, 1.0, 1.0, 1.0, 1.0, 1.0, 1.0, 1.0, 1.0, 1.0, 1.0, 1.0, 1.0, 1.0, 1.0, 1.0, 1.0, 1.0, 1.0, 1.0, 1.0]",0.0,0.0004731960953736
california,mlp,5000,7,8,b1_uniform,A2,0.0,0.0,5000.0,0.988095238095238,0.0119047619047618,0.964285714285714,1.0,1.0,0.0003556534991975,3.7848151748311176,"[0.9285714285714285, 0.9999999999999998, 0.9999999999999998, 0.9285714285714285, 0.9285714285714285, 0.9999999999999998, 0.9999999999999998, 0.9285714285714285, 0.9999999999999998, 0.9285714285714285, 0.9285714285714285, 0.9999999999999998, 0.9285714285714285, 0.9999999999999998, 0.9285714285714285, 0.9285714285714285, 0.9999999999999998, 0.9999999999999998, 0.9285714285714285, 0.9999999999999998, 0.9999999999999998, 0.9285714285714285, 0.9999999999999998, 0.9999999999999998, 0.9999999999999998, 0.9285714285714285, 0.9999999999999998, 0.9285714285714285, 0.9285714285714285, 0.9285714285714285]",0.0357142857142856,0.0003017499468299,0.0004120986719548,4.4456687399692976e-05,1.9482770011204058e-05,"[0.00031221932951894693, 0.00038999248403521943, 0.00035944731501788725, 0.00015569329453973946, 0.00032048554613585227, 0.00047058456066905314, 0.00014188613451466205, 0.0002429228559369039, 0.0003471203169059288, 0.00031715864750911246, 0.0007968676460938012, 0.0006505316549546479, 0.000451340945976841, 0.0002582950445641737, 0.0003436894126601364, 0.00032004723122344117, 0.00023946279921361458, 0.0004943153604402105, 0.0007326597751336945, 0.0002254231082521699, 0.00020968721056819893, 0.00041888480431903527, 0.00016554455696846858, 0.0003130926439123764, 0.00030434544379542345, 0.00033411857799814696, 0.0003360568225803151, 0.0002880594501000854, 0.0005170792603354192, 0.0002125927420528064]",0.0001558621600896,5000.0,0.9833333333333332,0.992063492063492,"[0.9761904761904763, 1.0, 1.0, 0.9761904761904763, 0.9761904761904763, 1.0, 1.0, 0.9761904761904763, 1.0, 0.9761904761904763, 0.9761904761904763, 1.0, 0.9761904761904763, 1.0, 0.9761904761904763, 0.9761904761904763, 1.0, 1.0, 0.9761904761904763, 1.0, 1.0, 0.9761904761904763, 1.0, 1.0, 1.0, 0.9761904761904763, 1.0, 0.9761904761904763, 0.9761904761904763, 0.9761904761904763]",0.8147570500014505,0.0503657709192775,"[1.0, 1.0, 1.0, 1.0, 1.0, 1.0, 1.0, 1.0, 1.0, 1.0, 1.0, 1.0, 1.0, 1.0, 1.0, 1.0, 1.0, 1.0, 1.0, 1.0, 1.0, 1.0, 1.0, 1.0, 1.0, 1.0, 1.0, 1.0, 1.0, 1.0]",0.0,"[1.0, 1.0, 1.0, 1.0, 1.0, 1.0, 1.0, 1.0, 1.0, 1.0, 1.0, 1.0, 1.0, 1.0, 1.0, 1.0, 1.0, 1.0, 1.0, 1.0, 1.0, 1.0, 1.0, 1.0, 1.0, 1.0, 1.0, 1.0, 1.0, 1.0]",0.0,1.31872010891177e-05
california,mlp,5000,7,8,b2_stratified,A2,0.0,0.0,5000.0,0.9992063492063492,0.0042739403231226,0.9976190476190474,1.0,1.0,9.396852495271805e-05,1.0,"[0.9999999999999998, 0.9999999999999998, 0.9999999999999998, 0.9999999999999998, 0.9999999999999998, 0.9999999999999998, 0.9999999999999998, 0.9999999999999998, 0.9999999999999998, 0.9285714285714285, 0.9999999999999998, 0.9999999999999998, 0.9999999999999998, 0.9999999999999998, 0.9999999999999998, 0.9999999999999998, 0.9999999999999998, 0.9999999999999998, 0.9999999999999998, 0.9999999999999998, 0.9999999999999998, 0.9999999999999998, 0.9999999999999998, 0.9999999999999998, 0.9999999999999998, 0.9999999999999998, 0.9999999999999998, 0.9999999999999998, 0.9999999999999998, 0.9999999999999998]",0.0128218209693678,6.780680214626957e-05,0.0001261204661242,1.1746065619089756e-05,1.0522147530857045e-05,"[2.9066020874951577e-05, 0.00020252763808520095, 3.767684268520587e-05, 0.00010840891045184403, 0.0002063580634678679, 7.51727183956377e-05, 2.0204169995811602e-05, 1.044884627882124e-05, 3.301932235824223e-05, 0.0001584786411948327, 6.488834155462297e-05, 8.257900263629614e-05, 7.282692409803586e-05, 7.383975882554505e-05, 0.0004352385896056571, 9.4685309646491e-05, 7.481241196634372e-05, 3.190228826345332e-05, 0.0001828752165249111, 8.348188452843015e-05, 0.00018298023280426186, 0.00013652276973017525, 0.0001024070180782134, 2.2354847648349528e-05, 4.896971971599193e-05, 3.410665414346929e-05, 1.4140035964072546e-05, 6.060664267399882e-05, 7.772005972549863e-05, 6.07568666593077e-05]",8.417718024685634e-05,5000.0,0.9976190476190476,1.0,"[1.0, 1.0, 1.0, 1.0, 1.0, 1.0, 1.0, 1.0, 1.0, 0.9761904761904763, 1.0, 1.0, 1.0, 1.0, 1.0, 1.0, 1.0, 1.0, 1.0, 1.0, 1.0, 1.0, 1.0, 1.0, 1.0, 1.0, 1.0, 1.0, 1.0, 1.0]",0.8172508599915697,0.0181385086235679,"[1.0, 1.0, 1.0, 1.0, 1.0, 1.0, 1.0, 1.0, 1.0, 1.0, 1.0, 1.0, 1.0, 1.0, 1.0, 1.0, 1.0, 1.0, 1.0, 1.0, 1.0, 1.0, 1.0, 1.0, 1.0, 1.0, 1.0, 1.0, 1.0, 1.0]",0.0,"[1.0, 1.0, 1.0, 1.0, 1.0, 1.0, 1.0, 1.0, 1.0, 1.0, 1.0, 1.0, 1.0, 1.0, 1.0, 1.0, 1.0, 1.0, 1.0, 1.0, 1.0, 1.0, 1.0, 1.0, 1.0, 1.0, 1.0, 1.0, 1.0, 1.0]",0.0,1.1087471268083343e-05
california,mlp,5000,7,8,b3_is,A2,0.0,0.0,5000.0,0.9992063492063492,0.0042739403231226,0.9976190476190472,1.0,1.0,0.0001121859073399,1.193866854847785,"[0.9999999999999998, 0.9999999999999998, 0.9999999999999998, 0.9999999999999998, 0.9999999999999998, 0.9999999999999998, 0.9999999999999998, 0.9999999999999998, 0.9999999999999998, 0.9999999999999998, 0.9999999999999998, 0.9999999999999998, 0.9999999999999998, 0.9999999999999998, 0.9999999999999998, 0.9999999999999998, 0.9999999999999998, 0.9999999999999998, 0.9999999999999998, 0.9999999999999998, 0.9999999999999998, 0.9999999999999998, 0.9999999999999998, 0.9999999999999998, 0.9999999999999998, 0.9999999999999998, 0.9285714285714285, 0.9999999999999998, 0.9999999999999998, 0.9999999999999998]",0.0128218209693678,7.460491566659283e-05,0.0001607529607736,1.402323841749839e-05,1.5919367248578727e-05,"[6.444848845400966e-05, 0.00011739763607837368, 5.974782689182805e-05, 0.00016488285020729528, 3.081566658437493e-05, 6.64573153619206e-05, 0.00014279703395443142, 7.375515341182903e-05, 3.98624911029991e-05, 7.224538104601803e-05, 6.801329785461078e-05, 0.00011901287151249663, 5.787714999123242e-05, 3.92293809729439e-05, 8.20155787824107e-05, 0.00014202727593121443, 4.880538103299042e-05, 0.00013872692480207055, 2.4786644109651198e-05, 0.00010205656558352024, 5.040335583904825e-05, 6.765608453039433e-05, 8.416880252296593e-05, 8.628340786517535e-05, 8.17254680036235e-05, 4.980936413914744e-05, 0.00047124350791520527, 8.921473770490292e-05, 0.0006538889413673469, 7.622263664558264e-05]",0.0001273549379886,5000.0,0.9976190476190476,1.0,"[1.0, 1.0, 1.0, 1.0, 1.0, 1.0, 1.0, 1.0, 1.0, 1.0, 1.0, 1.0, 1.0, 1.0, 1.0, 1.0, 1.0, 1.0, 1.0, 1.0, 1.0, 1.0, 1.0, 1.0, 1.0, 1.0, 0.9761904761904763, 1.0, 1.0, 1.0]",0.9287334433426924,0.0088291835146525,"[1.0, 1.0, 1.0, 1.0, 1.0, 1.0, 1.0, 1.0, 1.0, 1.0, 1.0, 1.0, 1.0, 1.0, 1.0, 1.0, 1.0, 1.0, 1.0, 1.0, 1.0, 1.0, 1.0, 1.0, 1.0, 1.0, 1.0, 1.0, 1.0, 1.0]",0.0,"[1.0, 1.0, 1.0, 1.0, 1.0, 1.0, 1.0, 1.0, 1.0, 1.0, 1.0, 1.0, 1.0, 1.0, 1.0, 1.0, 1.0, 1.0, 1.0, 1.0, 1.0, 1.0, 1.0, 1.0, 1.0, 1.0, 1.0, 1.0, 1.0, 1.0]",0.0,1.1199948737076658e-05
california,mlp,5000,7,8,b4_antithetic,A2,0.0,0.0,5000.0,0.9825396825396824,0.0105289675884298,0.9476190476190473,1.0,1.0,0.000261976478804,2.7879173258909358,"[0.9999999999999998, 0.9285714285714285, 0.9999999999999998, 0.9999999999999998, 0.9285714285714285, 0.9285714285714285, 0.9285714285714285, 0.9285714285714285, 0.9999999999999998, 0.9285714285714285, 0.9285714285714285, 0.9999999999999998, 0.9285714285714285, 0.9285714285714285, 0.9285714285714285, 0.9285714285714285, 0.9285714285714285, 0.9999999999999998, 0.9999999999999998, 0.9999999999999998, 0.9285714285714285, 0.9285714285714285, 0.9285714285714285, 0.9285714285714285, 0.9285714285714285, 0.9285714285714285, 0.9285714285714285, 0.9285714285714285, 0.9285714285714285, 0.9285714285714285]",0.0315869027652894,0.0002520546574038,0.0002715643780771,3.2747059850512164e-05,3.410625286472065e-06,"[0.0002402920905607745, 0.00025608043299307694, 0.00022657590325370338, 0.00028589037002916894, 0.000256503177874283, 0.0002133029996919011, 0.0002794007061862993, 0.000284119488485184, 0.0002437964319332188, 0.0002693928006257948, 0.00024520592839222586, 0.00026871998322291097, 0.00024915915948175413, 0.00029782310489558594, 0.00025208748964886666, 0.00028068905345772244, 0.00022089939090692243, 0.00024163740875149655, 0.00024425870671377985, 0.000314916388395152, 0.0002407161643611076, 0.0002830407684102048, 0.0002849474073619179, 0.000207767509223363, 0.0002947407806621909, 0.0002919070558077604, 0.00028502388189669675, 0.00025379239755325114, 0.00030328699837115864, 0.00024332038497544645]",2.7285002291776524e-05,5000.0,0.9785714285714284,0.9865079365079364,"[1.0, 0.9761904761904763, 1.0, 1.0, 0.9761904761904763, 0.9761904761904763, 0.9761904761904763, 0.9761904761904763, 1.0, 0.9761904761904763, 0.9761904761904763, 1.0, 0.9761904761904763, 0.9761904761904763, 0.9761904761904763, 0.9761904761904763, 0.9761904761904763, 1.0, 1.0, 1.0, 0.9761904761904763, 0.9761904761904763, 0.9761904761904763, 0.9761904761904763, 0.9761904761904763, 0.9761904761904763, 0.9761904761904763, 0.9761904761904763, 0.9761904761904763, 0.9761904761904763]",0.7867433399990357,0.0213897350028075,"[1.0, 1.0, 1.0, 1.0, 1.0, 1.0, 1.0, 1.0, 1.0, 1.0, 1.0, 1.0, 1.0, 1.0, 1.0, 1.0, 1.0, 1.0, 1.0, 1.0, 1.0, 1.0, 1.0, 1.0, 1.0, 1.0, 1.0, 1.0, 1.0, 1.0]",0.0,"[1.0, 1.0, 1.0, 1.0, 1.0, 1.0, 1.0, 1.0, 1.0, 1.0, 1.0, 1.0, 1.0, 1.0, 1.0, 1.0, 1.0, 1.0, 1.0, 1.0, 1.0, 1.0, 1.0, 1.0, 1.0, 1.0, 1.0, 1.0, 1.0, 1.0]",0.0,7.371121141409075e-07
california,mlp,5000,8,8,abc_shap,A2,0.4992,2496.0,2504.0,0.9619047619047618,0.0340068020406802,0.914285714285714,1.0,1.0,0.0283835679988835,39.70296032677984,"[0.8571428571428571, 0.9999999999999998, 0.8571428571428571, 0.8571428571428571, 0.7857142857142856, 0.9285714285714285, 0.8571428571428571, 0.8571428571428571, 0.9999999999999998, 0.8571428571428571, 0.8571428571428571, 0.9999999999999998, 0.7857142857142856, 0.9285714285714285, 0.8571428571428571, 0.9999999999999998, 0.9285714285714285, 0.8571428571428571, 0.9999999999999998, 0.9999999999999998, 0.9285714285714285, 0.9285714285714285, 0.7857142857142856, 0.9285714285714285, 0.9999999999999998, 0.9285714285714285, 0.9285714285714285, 0.9285714285714285, 0.9999999999999998, 0.9999999999999998]",0.0699854212223764,0.0191579305604803,0.0401904702190665,0.0035479459998604,0.0036905695935,"[0.024663332335322967, 0.0025652888897799743, 0.02000854142174355, 0.004304945439620704, 0.01824845166191879, 0.009545912103362838, 0.026833946818308373, 0.015267976414844097, 0.07525461956214766, 0.04233339431551801, 0.015636311411253278, 0.004066668870014417, 0.0917958238373718, 0.01831543964931615, 0.0385322689176295, 0.014018552297226629, 0.0049801051248404195, 0.05242094381024976, 0.0623743887037824, 0.007724391288851391, 0.0022716723702210064, 0.0007860512508556027, 0.12065499272826924, 0.05690689353667692, 0.0005165459918118911, 0.01047470497152784, 0.006856414547459004, 0.038281318302661085, 0.006169040813728833, 0.059698102580193]",0.0295245567480005,2496.0,0.9499801587301586,0.9746031746031744,"[0.9285714285714287, 1.0, 0.9285714285714287, 0.9285714285714287, 0.9047619047619048, 0.9761904761904763, 0.9285714285714287, 0.9285714285714287, 1.0, 0.9285714285714287, 0.9285714285714287, 1.0, 0.9047619047619048, 0.9761904761904763, 0.9285714285714287, 1.0, 0.9761904761904763, 0.9285714285714287, 1.0, 1.0, 0.9761904761904763, 0.9761904761904763, 0.9047619047619048, 0.9761904761904763, 1.0, 0.9761904761904763, 0.9761904761904763, 0.9761904761904763, 1.0, 1.0]",0.9738685400011794,0.0490608400881949,"[1.0, 1.0, 1.0, 1.0, 1.0, 1.0, 1.0, 1.0, 1.0, 1.0, 1.0, 1.0, 1.0, 1.0, 1.0, 1.0, 1.0, 1.0, 1.0, 1.0, 1.0, 1.0, 1.0, 1.0, 1.0, 1.0, 1.0, 1.0, 1.0, 1.0]",0.0,"[1.0, 1.0, 1.0, 1.0, 1.0, 1.0, 1.0, 1.0, 1.0, 1.0, 1.0, 1.0, 1.0, 1.0, 1.0, 1.0, 1.0, 1.0, 1.0, 1.0, 1.0, 1.0, 1.0, 1.0, 1.0, 1.0, 1.0, 1.0, 1.0, 1.0]",0.0,0.0035126792436364
california,mlp,5000,8,8,b1_uniform,A2,0.0,0.0,5000.0,0.9976190476190476,0.0071428571428571,0.9928571428571424,1.0,1.0,0.0059098431929705,8.266693949021029,"[0.9999999999999998, 0.9999999999999998, 0.9999999999999998, 0.9999999999999998, 0.9999999999999998, 0.9999999999999998, 0.9999999999999998, 0.9999999999999998, 0.9999999999999998, 0.9999999999999998, 0.9999999999999998, 0.9285714285714285, 0.9999999999999998, 0.9999999999999998, 0.9999999999999998, 0.9999999999999998, 0.9999999999999998, 0.9999999999999998, 0.9999999999999998, 0.9999999999999998, 0.9285714285714285, 0.9999999999999998, 0.9999999999999998, 0.9999999999999998, 0.9999999999999998, 0.9285714285714285, 0.9999999999999998, 0.9999999999999998, 0.9999999999999998, 0.9999999999999998]",0.0214285714285713,0.0054926547344567,0.0063147356978265,0.0007387303991213,0.00013891106148,"[0.00643657602770171, 0.004562974818742367, 0.0065084696102684575, 0.007276490349298459, 0.006524351827151225, 0.005532615321198534, 0.0041464389319874435, 0.00644601324053527, 0.007100293025627497, 0.004172289762820393, 0.007723997223417348, 0.006003014331503029, 0.005257596844158096, 0.0069711875004500315, 0.0077914294595723245, 0.005398904239207746, 0.0046896762441065165, 0.006340791128155656, 0.005228594492565261, 0.007962672670435053, 0.006920248935725415, 0.0047230965261441426, 0.005752897866198553, 0.005484705911304311, 0.004968457586578664, 0.004697162352272494, 0.00605309968450757, 0.006606054615331313, 0.006067636816512601, 0.003947558445637616]",0.0011112884918404,5000.0,0.9944444444444446,1.0,"[1.0, 1.0, 1.0, 1.0, 1.0, 1.0, 1.0, 1.0, 1.0, 1.0, 1.0, 0.9761904761904763, 1.0, 1.0, 1.0, 1.0, 1.0, 1.0, 1.0, 1.0, 0.9761904761904763, 1.0, 1.0, 1.0, 1.0, 0.9761904761904763, 1.0, 1.0, 1.0, 1.0]",0.8192743633349892,0.0170958356514892,"[1.0, 1.0, 1.0, 1.0, 1.0, 1.0, 1.0, 1.0, 1.0, 1.0, 1.0, 1.0, 1.0, 1.0, 1.0, 1.0, 1.0, 1.0, 1.0, 1.0, 1.0, 1.0, 1.0, 1.0, 1.0, 1.0, 1.0, 1.0, 1.0, 1.0]",0.0,"[1.0, 1.0, 1.0, 1.0, 1.0, 1.0, 1.0, 1.0, 1.0, 1.0, 1.0, 1.0, 1.0, 1.0, 1.0, 1.0, 1.0, 1.0, 1.0, 1.0, 1.0, 1.0, 1.0, 1.0, 1.0, 1.0, 1.0, 1.0, 1.0, 1.0]",0.0,0.0001004774630369
california,mlp,5000,8,8,b2_stratified,A2,0.0,0.0,5000.0,0.9904761904761904,0.011664236870396,0.9714285714285712,1.0,1.0,0.0007148980268793,1.0,"[0.9999999999999998, 0.9999999999999998, 0.9999999999999998, 0.9999999999999998, 0.9285714285714285, 0.9999999999999998, 0.9999999999999998, 0.9285714285714285, 0.9285714285714285, 0.9999999999999998, 0.9285714285714285, 0.9999999999999998, 0.9999999999999998, 0.9999999999999998, 0.9999999999999998, 0.9285714285714285, 0.9999999999999998, 0.9999999999999998, 0.9285714285714285, 0.9285714285714285, 0.9999999999999998, 0.9285714285714285, 0.9285714285714285, 0.9285714285714285, 0.9999999999999998, 0.9285714285714285, 0.9285714285714285, 0.9999999999999998, 0.9999999999999998, 0.9999999999999998]",0.0349927106111881,0.0004618108239378,0.0010307909725797,8.936225335991734e-05,0.0001016995400169,"[0.00010540799838787907, 0.0011240869276451983, 0.0006024721039984965, 4.1394700553894e-05, 0.00014381408509285472, 0.000256654587463266, 0.001166779823865014, 0.0002626783144272282, 0.00012713863082166598, 0.000244166585774517, 0.002172624236101599, 0.000519470214547113, 0.0004066112246964261, 0.0004607695531297242, 0.0013434585395921568, 0.0004659773047552015, 0.0003874962130345364, 0.0007971042842701374, 0.0007493774726071063, 0.00016437470372029654, 0.00010930032787199857, 0.0005316313081103041, 0.0005222446583240634, 0.0004798803102758543, 0.0005395656932543371, 0.004132002892270201, 0.0009826645300302134, 0.0005174040824804515, 0.00014681663945441192, 0.001943572859824014]",0.0008135963201357,5000.0,0.9865079365079362,0.9944444444444446,"[1.0, 1.0, 1.0, 1.0, 0.9761904761904763, 1.0, 1.0, 0.9761904761904763, 0.9761904761904763, 1.0, 0.9761904761904763, 1.0, 1.0, 1.0, 1.0, 0.9761904761904763, 1.0, 1.0, 0.9761904761904763, 0.9761904761904763, 1.0, 0.9761904761904763, 0.9761904761904763, 0.9761904761904763, 1.0, 0.9761904761904763, 0.9761904761904763, 1.0, 1.0, 1.0]",0.8427362233342137,0.0468255128497912,"[1.0, 1.0, 1.0, 1.0, 1.0, 1.0, 1.0, 1.0, 1.0, 1.0, 1.0, 1.0, 1.0, 1.0, 1.0, 1.0, 1.0, 1.0, 1.0, 1.0, 1.0, 1.0, 1.0, 1.0, 1.0, 1.0, 1.0, 1.0, 1.0, 1.0]",0.0,"[1.0, 1.0, 1.0, 1.0, 1.0, 1.0, 1.0, 1.0, 1.0, 1.0, 1.0, 1.0, 1.0, 1.0, 1.0, 1.0, 1.0, 1.0, 1.0, 1.0, 1.0, 1.0, 1.0, 1.0, 1.0, 1.0, 1.0, 1.0, 1.0, 1.0]",0.0,8.293032511458268e-05
california,mlp,5000,8,8,b3_is,A2,0.0,0.0,5000.0,0.9888888888888888,0.0118782774183299,0.9666666666666665,1.0,1.0,0.0010142940948872,1.418795487959018,"[0.9285714285714285, 0.9999999999999998, 0.9999999999999998, 0.9999999999999998, 0.9285714285714285, 0.9999999999999998, 0.9285714285714285, 0.9285714285714285, 0.9285714285714285, 0.9999999999999998, 0.9285714285714285, 0.9285714285714285, 0.9999999999999998, 0.9999999999999998, 0.9999999999999998, 0.9999999999999998, 0.9285714285714285, 0.9285714285714285, 0.9285714285714285, 0.9999999999999998, 0.9999999999999998, 0.9999999999999998, 0.9285714285714285, 0.9285714285714285, 0.9999999999999998, 0.9999999999999998, 0.9285714285714285, 0.9285714285714285, 0.9999999999999998, 0.9999999999999998]",0.0356348322549898,0.000710813231402,0.001492078511165,0.0001267867618609,0.0001459440625975,"[0.00695420376481314, 0.0002193224092201535, 0.00091195404456296, 0.0012569886238447906, 0.0005437739121284713, 0.0010143076929876717, 0.001394178697281291, 0.00037821474931711376, 0.0002738041792749183, 0.0008237519597453892, 0.0006130375951804899, 0.0007650108049451245, 0.0005980980649798883, 0.0006092028375540971, 0.0005020701147820785, 0.0012447501527133886, 0.0005491853337967174, 0.0007664932740239464, 0.0007182804118000415, 0.000704206628701432, 0.000561448420204794, 0.0007934598469051483, 0.0005234369398249536, 0.0014281455260093253, 0.001776258750982138, 0.0016532848423582397, 0.0004729626910019935, 0.001080695165670763, 0.0006451838197871016, 0.0006531115922187613]",0.0011675525007801,5000.0,0.9849206349206348,0.9936507936507936,"[0.9761904761904763, 1.0, 1.0, 1.0, 0.9761904761904763, 1.0, 0.9761904761904763, 0.9761904761904763, 0.9761904761904763, 1.0, 0.9761904761904763, 0.9761904761904763, 1.0, 1.0, 1.0, 1.0, 0.9761904761904763, 0.9761904761904763, 0.9761904761904763, 1.0, 1.0, 1.0, 0.9761904761904763, 0.9761904761904763, 1.0, 1.0, 0.9761904761904763, 0.9761904761904763, 1.0, 1.0]",0.941540156659903,0.0171541735919187,"[1.0, 1.0, 1.0, 1.0, 1.0, 1.0, 1.0, 1.0, 1.0, 1.0, 1.0, 1.0, 1.0, 1.0, 1.0, 1.0, 1.0, 1.0, 1.0, 1.0, 1.0, 1.0, 1.0, 1.0, 1.0, 1.0, 1.0, 1.0, 1.0, 1.0]",0.0,"[1.0, 1.0, 1.0, 1.0, 1.0, 1.0, 1.0, 1.0, 1.0, 1.0, 1.0, 1.0, 1.0, 1.0, 1.0, 1.0, 1.0, 1.0, 1.0, 1.0, 1.0, 1.0, 1.0, 1.0, 1.0, 1.0, 1.0, 1.0, 1.0, 1.0]",0.0,5.459561548471815e-05
california,mlp,5000,8,8,b4_antithetic,A2,0.0,0.0,5000.0,1.0,0.0,0.9999999999999998,1.0,1.0,0.0051128004684649,7.151789872442695,"[0.9999999999999998, 0.9999999999999998, 0.9999999999999998, 0.9999999999999998, 0.9999999999999998, 0.9999999999999998, 0.9999999999999998, 0.9999999999999998, 0.9999999999999998, 0.9999999999999998, 0.9999999999999998, 0.9999999999999998, 0.9999999999999998, 0.9999999999999998, 0.9999999999999998, 0.9999999999999998, 0.9999999999999998, 0.9999999999999998, 0.9999999999999998, 0.9999999999999998, 0.9999999999999998, 0.9999999999999998, 0.9999999999999998, 0.9999999999999998, 0.9999999999999998, 0.9999999999999998, 0.9999999999999998, 0.9999999999999998, 0.9999999999999998, 0.9999999999999998]",0.0,0.004829352847265,0.0054157410721193,0.0006391000585581,0.0001021063088412,"[0.007036475981076629, 0.0054660659689457, 0.004256468213952709, 0.004246534587282124, 0.0039018408497295885, 0.005213765976723611, 0.004796213214185344, 0.004777833987591057, 0.005560357397623777, 0.004972899564169181, 0.005726646120930546, 0.005434947325657365, 0.0042223418240432365, 0.004572676362949804, 0.0051745096343656285, 0.00464570984593862, 0.004714988652460646, 0.0055260267485290225, 0.0038728197466978012, 0.004918362077374138, 0.006450825567081508, 0.004709477615629457, 0.004617490666732112, 0.005992791239092908, 0.0044505210332324244, 0.007035676779121332, 0.00551282290972814, 0.006280173388228556, 0.0047981422674800945, 0.00449860850739455]",0.0008168504707297,5000.0,1.0,1.0,"[1.0, 1.0, 1.0, 1.0, 1.0, 1.0, 1.0, 1.0, 1.0, 1.0, 1.0, 1.0, 1.0, 1.0, 1.0, 1.0, 1.0, 1.0, 1.0, 1.0, 1.0, 1.0, 1.0, 1.0, 1.0, 1.0, 1.0, 1.0, 1.0, 1.0]",0.7981798599998001,0.0189421845663746,"[1.0, 1.0, 1.0, 1.0, 1.0, 1.0, 1.0, 1.0, 1.0, 1.0, 1.0, 1.0, 1.0, 1.0, 1.0, 1.0, 1.0, 1.0, 1.0, 1.0, 1.0, 1.0, 1.0, 1.0, 1.0, 1.0, 1.0, 1.0, 1.0, 1.0]",0.0,"[1.0, 1.0, 1.0, 1.0, 1.0, 1.0, 1.0, 1.0, 1.0, 1.0, 1.0, 1.0, 1.0, 1.0, 1.0, 1.0, 1.0, 1.0, 1.0, 1.0, 1.0, 1.0, 1.0, 1.0, 1.0, 1.0, 1.0, 1.0, 1.0, 1.0]",0.0,1.0256700346764792e-05
california,mlp,5000,9,8,abc_shap,A2,0.4992,2496.0,2504.0,0.9269841269841272,0.0719382171023787,0.8452380952380951,0.8888888888888891,0.9466666666666668,0.0125385928771241,70.10413699117728,"[0.7142857142857142, 0.9999999999999998, 0.9285714285714285, 0.8571428571428571, 0.9999999999999998, 0.9285714285714285, 0.9285714285714285, 0.8571428571428571, 0.7142857142857142, 0.5714285714285714, 0.8571428571428571, 0.8571428571428571, 0.7142857142857142, 0.7142857142857142, 0.6428571428571428, 0.9285714285714285, 0.9999999999999998, 0.9285714285714285, 0.9999999999999998, 0.9999999999999998, 0.9285714285714285, 0.8571428571428571, 0.8571428571428571, 0.9999999999999998, 0.9285714285714285, 0.7142857142857142, 0.6428571428571428, 0.6428571428571428, 0.6428571428571428, 0.9999999999999998]",0.1343709624716424,0.0081982011243117,0.0173227747582004,0.0015673241096405,0.0016142335623022,"[0.018185514966705146, 0.0012608241281074789, 0.0008851935929182463, 0.009171117852130041, 0.0023017268467556166, 0.0009118596200175401, 0.005547707092696907, 0.008327438497609111, 0.02487727256556384, 0.04600563699162448, 0.00933418712001026, 0.007563898044637032, 0.012290876491161708, 0.024307772356442988, 0.02474790079143005, 0.0034461424807330945, 0.00021154819543662943, 0.004121881946013877, 0.0004345644331403289, 0.004628216498862329, 0.0018595625128310833, 0.008737907841880119, 0.01944138798468362, 0.0008260552269547462, 0.0032255398945020284, 0.035665610328792716, 0.03660559990114805, 0.030835829865295174, 0.029650546183958622, 0.0007484660616815193]",0.0129138684984177,2496.0,0.8999801587301587,0.9507936507936507,"[0.880952380952381, 1.0, 0.9761904761904763, 0.9285714285714287, 1.0, 0.9761904761904763, 0.9761904761904763, 0.9285714285714287, 0.880952380952381, 0.7619047619047621, 0.9523809523809524, 0.9285714285714287, 0.880952380952381, 0.880952380952381, 0.8095238095238096, 0.9761904761904763, 1.0, 0.9761904761904763, 1.0, 1.0, 0.9761904761904763, 0.9523809523809524, 0.9285714285714287, 1.0, 0.9761904761904763, 0.8333333333333335, 0.8095238095238096, 0.8095238095238096, 0.8095238095238096, 1.0]",0.957843076668602,0.0118122692324303,"[0.6666666666666666, 1.0, 1.0, 1.0, 1.0, 1.0, 1.0, 1.0, 0.6666666666666666, 0.6666666666666666, 1.0, 1.0, 0.6666666666666666, 0.6666666666666666, 0.6666666666666666, 1.0, 1.0, 1.0, 1.0, 1.0, 1.0, 1.0, 1.0, 1.0, 1.0, 0.6666666666666666, 0.6666666666666666, 0.6666666666666666, 0.6666666666666666, 1.0]",0.1571348402636772,"[1.0, 1.0, 1.0, 1.0, 1.0, 1.0, 1.0, 1.0, 1.0, 0.8, 0.8, 1.0, 1.0, 1.0, 0.8, 1.0, 1.0, 1.0, 1.0, 1.0, 1.0, 0.8, 1.0, 1.0, 1.0, 0.8, 0.8, 0.8, 0.8, 1.0]",0.0884433277428106,0.0010794654013795
california,mlp,5000,9,8,b1_uniform,A2,0.0,0.0,5000.0,0.9777777777777776,0.0059391387091649,0.933333333333333,1.0,1.0,0.0016015260074802,8.954242292065059,"[0.9285714285714285, 0.9285714285714285, 0.9285714285714285, 0.9285714285714285, 0.9285714285714285, 0.9285714285714285, 0.9285714285714285, 0.9999999999999998, 0.9285714285714285, 0.9285714285714285, 0.9285714285714285, 0.9285714285714285, 0.9285714285714285, 0.9285714285714285, 0.9285714285714285, 0.9285714285714285, 0.9999999999999998, 0.9285714285714285, 0.9285714285714285, 0.9285714285714285, 0.9285714285714285, 0.9285714285714285, 0.9285714285714285, 0.9285714285714285, 0.9285714285714285, 0.9285714285714285, 0.9285714285714285, 0.9285714285714285, 0.9285714285714285, 0.9285714285714285]",0.0178174161274949,0.0014711906863958,0.001735474901491,0.000200190750935,4.597990718502975e-05,"[0.002534212781989755, 0.0010127128419134942, 0.0013970649947836113, 0.0013087565775383825, 0.0013796857850014697, 0.002478988723442302, 0.0011963166209638752, 0.0016397491915857677, 0.001887978979609306, 0.0016954444442876906, 0.00190563382392123, 0.0014633004387228298, 0.001740329502617039, 0.0015077156137377407, 0.0016783703426819895, 0.0014310661671597426, 0.0011566939539043373, 0.0014564092351874321, 0.0015902806997788903, 0.001866361066720531, 0.001966706394252339, 0.0008268656769632104, 0.001531253230293932, 0.001453348967136846, 0.00165572520487533, 0.001562572381871295, 0.0017011680477245648, 0.0017555384656191538, 0.002065859913200881, 0.0011996701569234219]",0.0003678392574802,5000.0,0.976190476190476,0.98015873015873,"[0.9761904761904763, 0.9761904761904763, 0.9761904761904763, 0.9761904761904763, 0.9761904761904763, 0.9761904761904763, 0.9761904761904763, 1.0, 0.9761904761904763, 0.9761904761904763, 0.9761904761904763, 0.9761904761904763, 0.9761904761904763, 0.9761904761904763, 0.9761904761904763, 0.9761904761904763, 1.0, 0.9761904761904763, 0.9761904761904763, 0.9761904761904763, 0.9761904761904763, 0.9761904761904763, 0.9761904761904763, 0.9761904761904763, 0.9761904761904763, 0.9761904761904763, 0.9761904761904763, 0.9761904761904763, 0.9761904761904763, 0.9761904761904763]",0.8149903066650344,0.0242762137681284,"[1.0, 1.0, 1.0, 1.0, 1.0, 1.0, 1.0, 1.0, 1.0, 1.0, 1.0, 1.0, 1.0, 1.0, 1.0, 1.0, 1.0, 1.0, 1.0, 1.0, 1.0, 1.0, 1.0, 1.0, 1.0, 1.0, 1.0, 1.0, 1.0, 1.0]",0.0,"[1.0, 1.0, 1.0, 1.0, 1.0, 1.0, 1.0, 1.0, 1.0, 1.0, 1.0, 1.0, 1.0, 1.0, 1.0, 1.0, 1.0, 1.0, 1.0, 1.0, 1.0, 1.0, 1.0, 1.0, 1.0, 1.0, 1.0, 1.0, 1.0, 1.0]",0.0,2.8548380690492312e-05
california,mlp,5000,9,8,b2_stratified,A2,0.0,0.0,5000.0,1.0,0.0,0.9999999999999998,1.0,1.0,0.0001788566754441,1.0,"[0.9999999999999998, 0.9999999999999998, 0.9999999999999998, 0.9999999999999998, 0.9999999999999998, 0.9999999999999998, 0.9999999999999998, 0.9999999999999998, 0.9999999999999998, 0.9999999999999998, 0.9999999999999998, 0.9999999999999998, 0.9999999999999998, 0.9999999999999998, 0.9999999999999998, 0.9999999999999998, 0.9999999999999998, 0.9999999999999998, 0.9999999999999998, 0.9999999999999998, 0.9999999999999998, 0.9999999999999998, 0.9999999999999998, 0.9999999999999998, 0.9999999999999998, 0.9999999999999998, 0.9999999999999998, 0.9999999999999998, 0.9999999999999998, 0.9999999999999998]",0.0,0.0001389939489458,0.0002295339476036,2.235708443052039e-05,1.5907234123595194e-05,"[5.0886901830898886e-05, 4.65096554032256e-05, 0.00011298022588058319, 0.0002859183084428483, 0.00013604793776280524, 0.0001338795362895389, 0.00016997397123234687, 7.56036916119024e-05, 0.00023803782475544108, 0.00036710758749126325, 0.00019727454895610924, 0.00020477232298257903, 0.00018951013111053442, 0.00011891918239026152, 0.00023628215563041962, 5.17891244021187e-05, 7.271692877531044e-05, 0.00010167031292097962, 0.00023346884777143196, 0.00015315229200434227, 0.0002296214544576475, 0.00033890827690137397, 0.0001335187948804489, 0.00012726085195132023, 8.134175696581833e-05, 0.00017871409818642897, 0.00012026552854858332, 7.486604952492181e-05, 0.00019611501829046256, 0.0007085869459729474]",0.0001272578729887,5000.0,1.0,1.0,"[1.0, 1.0, 1.0, 1.0, 1.0, 1.0, 1.0, 1.0, 1.0, 1.0, 1.0, 1.0, 1.0, 1.0, 1.0, 1.0, 1.0, 1.0, 1.0, 1.0, 1.0, 1.0, 1.0, 1.0, 1.0, 1.0, 1.0, 1.0, 1.0, 1.0]",0.8259728566627018,0.0270672925358969,"[1.0, 1.0, 1.0, 1.0, 1.0, 1.0, 1.0, 1.0, 1.0, 1.0, 1.0, 1.0, 1.0, 1.0, 1.0, 1.0, 1.0, 1.0, 1.0, 1.0, 1.0, 1.0, 1.0, 1.0, 1.0, 1.0, 1.0, 1.0, 1.0, 1.0]",0.0,"[1.0, 1.0, 1.0, 1.0, 1.0, 1.0, 1.0, 1.0, 1.0, 1.0, 1.0, 1.0, 1.0, 1.0, 1.0, 1.0, 1.0, 1.0, 1.0, 1.0, 1.0, 1.0, 1.0, 1.0, 1.0, 1.0, 1.0, 1.0, 1.0, 1.0]",0.0,2.0578487438902343e-05
california,mlp,5000,9,8,b3_is,A2,0.0,0.0,5000.0,0.9896825396825396,0.0117984672597765,0.9690476190476188,1.0,1.0,0.000295345960024,1.6512996190418656,"[0.9285714285714285, 0.9999999999999998, 0.9999999999999998, 0.9999999999999998, 0.9999999999999998, 0.9999999999999998, 0.9285714285714285, 0.9285714285714285, 0.9285714285714285, 0.9999999999999998, 0.9285714285714285, 0.9999999999999998, 0.9285714285714285, 0.9285714285714285, 0.9999999999999998, 0.9285714285714285, 0.9285714285714285, 0.9999999999999998, 0.9999999999999998, 0.9999999999999998, 0.9285714285714285, 0.9999999999999998, 0.9999999999999998, 0.9999999999999998, 0.9285714285714285, 0.9999999999999998, 0.9285714285714285, 0.9999999999999998, 0.9999999999999998, 0.9285714285714285]",0.0353954017793297,0.0002529277271569,0.0003441833744523,3.691824500300514e-05,1.6533462027891493e-05,"[0.00020220993338495127, 0.0002653209433505487, 0.00020817860730772787, 0.0001968167868856652, 0.00022243662250482103, 0.0003309542826582435, 0.0004284457045261364, 0.00020047669286268674, 0.00027289225692149146, 0.0006086441389416527, 0.0003296407663662649, 0.00025786070798890605, 0.0006361638616902308, 0.00060056614731699, 0.0003370623206026776, 0.0003763654164829273, 0.00045998116529208914, 0.0001261106090442759, 0.00019222759523070365, 0.000124246204020698, 0.00025754626425305796, 0.0002472360088913721, 0.0002461727741835863, 0.00034499793958636096, 0.00017010888751330325, 0.00020919719814044516, 0.0003056014504759206, 0.00017282320701219442, 0.00023803296322253467, 0.0002920613440627723]",0.0001322676962231,5000.0,0.9857142857142857,0.9936507936507936,"[0.9761904761904763, 1.0, 1.0, 1.0, 1.0, 1.0, 0.9761904761904763, 0.9761904761904763, 0.9761904761904763, 1.0, 0.9761904761904763, 1.0, 0.9761904761904763, 0.9761904761904763, 1.0, 0.9761904761904763, 0.9761904761904763, 1.0, 1.0, 1.0, 0.9761904761904763, 1.0, 1.0, 1.0, 0.9761904761904763, 1.0, 0.9761904761904763, 1.0, 1.0, 0.9761904761904763]",0.9418299333367032,0.0447091058757801,"[1.0, 1.0, 1.0, 1.0, 1.0, 1.0, 1.0, 1.0, 1.0, 1.0, 1.0, 1.0, 1.0, 1.0, 1.0, 1.0, 1.0, 1.0, 1.0, 1.0, 1.0, 1.0, 1.0, 1.0, 1.0, 1.0, 1.0, 1.0, 1.0, 1.0]",0.0,"[1.0, 1.0, 1.0, 1.0, 1.0, 1.0, 1.0, 1.0, 1.0, 1.0, 1.0, 1.0, 1.0, 1.0, 1.0, 1.0, 1.0, 1.0, 1.0, 1.0, 1.0, 1.0, 1.0, 1.0, 1.0, 1.0, 1.0, 1.0, 1.0, 1.0]",0.0,2.2436268555723216e-05
california,mlp,5000,9,8,b4_antithetic,A2,0.0,0.0,5000.0,0.976190476190476,3.3306690738754696e-16,0.9285714285714284,1.0,1.0,0.001447669613298,8.09402058773036,"[0.9285714285714285, 0.9285714285714285, 0.9285714285714285, 0.9285714285714285, 0.9285714285714285, 0.9285714285714285, 0.9285714285714285, 0.9285714285714285, 0.9285714285714285, 0.9285714285714285, 0.9285714285714285, 0.9285714285714285, 0.9285714285714285, 0.9285714285714285, 0.9285714285714285, 0.9285714285714285, 0.9285714285714285, 0.9285714285714285, 0.9285714285714285, 0.9285714285714285, 0.9285714285714285, 0.9285714285714285, 0.9285714285714285, 0.9285714285714285, 0.9285714285714285, 0.9285714285714285, 0.9285714285714285, 0.9285714285714285, 0.9285714285714285, 0.9285714285714285]",2.220446049250313e-16,0.0013630780373577,0.001519842195438,0.0001809587016622,2.7790483976678707e-05,"[0.0013697523879448066, 0.0017058296682808825, 0.001626997814669648, 0.0013526106242849729, 0.001346781725368281, 0.0013693183177374722, 0.001627461211160537, 0.0014674288691088786, 0.0014091151660178434, 0.001300222373743651, 0.001636967714846848, 0.0017560572887211385, 0.0016160835033054773, 0.0013039400864857545, 0.0011885843961963187, 0.0011587949404263528, 0.0008025808303011106, 0.0012613796134812775, 0.0015775673982920987, 0.0014240202585424654, 0.001304797005328126, 0.0015813763749218583, 0.0016636864402490136, 0.0014339622553058492, 0.0011208111166231922, 0.001843594565377279, 0.0016842192228343751, 0.0014228905541156394, 0.0013407644696503715, 0.001732492205620393]",0.0002223238718134,5000.0,0.976190476190476,0.976190476190476,"[0.9761904761904763, 0.9761904761904763, 0.9761904761904763, 0.9761904761904763, 0.9761904761904763, 0.9761904761904763, 0.9761904761904763, 0.9761904761904763, 0.9761904761904763, 0.9761904761904763, 0.9761904761904763, 0.9761904761904763, 0.9761904761904763, 0.9761904761904763, 0.9761904761904763, 0.9761904761904763, 0.9761904761904763, 0.9761904761904763, 0.9761904761904763, 0.9761904761904763, 0.9761904761904763, 0.9761904761904763, 0.9761904761904763, 0.9761904761904763, 0.9761904761904763, 0.9761904761904763, 0.9761904761904763, 0.9761904761904763, 0.9761904761904763, 0.9761904761904763]",0.7926180733270788,0.0236857809172354,"[1.0, 1.0, 1.0, 1.0, 1.0, 1.0, 1.0, 1.0, 1.0, 1.0, 1.0, 1.0, 1.0, 1.0, 1.0, 1.0, 1.0, 1.0, 1.0, 1.0, 1.0, 1.0, 1.0, 1.0, 1.0, 1.0, 1.0, 1.0, 1.0, 1.0]",0.0,"[1.0, 1.0, 1.0, 1.0, 1.0, 1.0, 1.0, 1.0, 1.0, 1.0, 1.0, 1.0, 1.0, 1.0, 1.0, 1.0, 1.0, 1.0, 1.0, 1.0, 1.0, 1.0, 1.0, 1.0, 1.0, 1.0, 1.0, 1.0, 1.0, 1.0]",0.0,6.917555404355928e-06
california,ridge,5000,0,8,abc_shap,A1,0.2496,1248.0,3752.0,1.0,0.0,0.9999999999999998,1.0,1.0,1.8747907865503703e-16,6.5115778109558375,"[0.9999999999999998, 0.9999999999999998, 0.9999999999999998, 0.9999999999999998, 0.9999999999999998, 0.9999999999999998, 0.9999999999999998, 0.9999999999999998, 0.9999999999999998, 0.9999999999999998, 0.9999999999999998, 0.9999999999999998, 0.9999999999999998, 0.9999999999999998, 0.9999999999999998, 0.9999999999999998, 0.9999999999999998, 0.9999999999999998, 0.9999999999999998, 0.9999999999999998, 0.9999999999999998, 0.9999999999999998, 0.9999999999999998, 0.9999999999999998, 0.9999999999999998, 0.9999999999999998, 0.9999999999999998, 0.9999999999999998, 0.9999999999999998, 0.9999999999999998]",0.0,1.5752230131897654e-16,2.1715675845334847e-16,2.3434884831879632e-17,1.0427948531986649e-17,"[1.3475495408302337e-16, 3.6602346747703113e-16, 7.556684289952338e-17, 1.689800919580841e-16, 1.7476585363544767e-16, 2.265745485227628e-16, 1.0465780143536815e-16, 1.919409627765521e-16, 1.37810690336574e-16, 9.49165215028076e-17, 2.983601701047185e-16, 2.32949757174904e-16, 2.7480989572797775e-16, 1.7634071451576219e-16, 2.966880101793933e-16, 8.406816042224245e-17, 3.201213251634324e-16, 5.30193752665573e-17, 2.1117929459485977e-16, 2.435779276604221e-16, 1.2420169476625062e-16, 1.87536976869364e-16, 1.1366678652630765e-16, 2.6151020753373213e-16, 2.1296984171525487e-16, 7.78989204969471e-17, 1.1510082764284588e-16, 2.3443223912049734e-16, 1.1251678161954272e-16, 3.1743171792292524e-16]",8.342358825589319e-17,1248.0,1.0,1.0,"[1.0, 1.0, 1.0, 1.0, 1.0, 1.0, 1.0, 1.0, 1.0, 1.0, 1.0, 1.0, 1.0, 1.0, 1.0, 1.0, 1.0, 1.0, 1.0, 1.0, 1.0, 1.0, 1.0, 1.0, 1.0, 1.0, 1.0, 1.0, 1.0, 1.0]",0.5560830366623122,0.0151891237765812,"[1.0, 1.0, 1.0, 1.0, 1.0, 1.0, 1.0, 1.0, 1.0, 1.0, 1.0, 1.0, 1.0, 1.0, 1.0, 1.0, 1.0, 1.0, 1.0, 1.0, 1.0, 1.0, 1.0, 1.0, 1.0, 1.0, 1.0, 1.0, 1.0, 1.0]",0.0,"[1.0, 1.0, 1.0, 1.0, 1.0, 1.0, 1.0, 1.0, 1.0, 1.0, 1.0, 1.0, 1.0, 1.0, 1.0, 1.0, 1.0, 1.0, 1.0, 1.0, 1.0, 1.0, 1.0, 1.0, 1.0, 1.0, 1.0, 1.0, 1.0, 1.0]",0.0,7.899981911068578e-18
california,ridge,5000,0,8,abc_shap,A3,0.7488,3744.0,1256.0,1.0,0.0,0.9999999999999998,1.0,1.0,2.949364445583986e-16,10.243818253248474,"[0.9999999999999998, 0.9999999999999998, 0.9999999999999998, 0.9999999999999998, 0.9999999999999998, 0.9999999999999998, 0.9999999999999998, 0.9999999999999998, 0.9999999999999998, 0.9999999999999998, 0.9999999999999998, 0.9999999999999998, 0.9999999999999998, 0.9999999999999998, 0.9999999999999998, 0.9999999999999998, 0.9999999999999998, 0.9999999999999998, 0.9999999999999998, 0.9999999999999998, 0.9999999999999998, 0.9999999999999998, 0.9999999999999998, 0.9999999999999998, 0.9999999999999998, 0.9999999999999998, 0.9999999999999998, 0.9999999999999998, 0.9999999999999998, 0.9999999999999998]",0.0,2.266420314351838e-16,3.626364763485049e-16,3.6867055569799824e-17,2.4870075602240346e-17,"[3.285235438550258e-16, 2.01780344001101e-16, 5.836110763116533e-16, 1.6172363622818435e-16, 2.8075356221634596e-16, 4.1733338806926727e-16, 2.1859053926302178e-16, 1.2703837115190836e-16, 9.179639358408803e-16, 3.312123795559175e-16, 4.648156404723334e-16, 2.2904024364590204e-16, 2.0803856461410498e-16, 4.471134406248516e-16, 1.3338645575771456e-16, 7.761530679818888e-17, 1.0000659137238037e-16, 3.4007141000581244e-16, 5.756402811407647e-16, 2.917226417102151e-16, 3.143698092106708e-16, 7.486325769435893e-16, 2.0691906836696148e-16, 8.367953920956545e-17, 8.763248987049475e-17, 1.2689360575320513e-16, 1.015530273702292e-16, 2.6452932922888586e-16, 1.776328942125703e-16, 3.0026964395021365e-16]",1.9896060481792274e-16,3744.0,1.0,1.0,"[1.0, 1.0, 1.0, 1.0, 1.0, 1.0, 1.0, 1.0, 1.0, 1.0, 1.0, 1.0, 1.0, 1.0, 1.0, 1.0, 1.0, 1.0, 1.0, 1.0, 1.0, 1.0, 1.0, 1.0, 1.0, 1.0, 1.0, 1.0, 1.0, 1.0]",0.6898884466674644,0.09206803929442,"[1.0, 1.0, 1.0, 1.0, 1.0, 1.0, 1.0, 1.0, 1.0, 1.0, 1.0, 1.0, 1.0, 1.0, 1.0, 1.0, 1.0, 1.0, 1.0, 1.0, 1.0, 1.0, 1.0, 1.0, 1.0, 1.0, 1.0, 1.0, 1.0, 1.0]",0.0,"[1.0, 1.0, 1.0, 1.0, 1.0, 1.0, 1.0, 1.0, 1.0, 1.0, 1.0, 1.0, 1.0, 1.0, 1.0, 1.0, 1.0, 1.0, 1.0, 1.0, 1.0, 1.0, 1.0, 1.0, 1.0, 1.0, 1.0, 1.0, 1.0, 1.0]",0.0,2.4409914107890852e-17
california,ridge,5000,1,8,abc_shap,A1,0.2496,1248.0,3752.0,1.0,0.0,0.9999999999999998,1.0,1.0,1.8127844303573092e-16,5.582414128680166,"[0.9999999999999998, 0.9999999999999998, 0.9999999999999998, 0.9999999999999998, 0.9999999999999998, 0.9999999999999998, 0.9999999999999998, 0.9999999999999998, 0.9999999999999998, 0.9999999999999998, 0.9999999999999998, 0.9999999999999998, 0.9999999999999998, 0.9999999999999998, 0.9999999999999998, 0.9999999999999998, 0.9999999999999998, 0.9999999999999998, 0.9999999999999998, 0.9999999999999998, 0.9999999999999998, 0.9999999999999998, 0.9999999999999998, 0.9999999999999998, 0.9999999999999998, 0.9999999999999998, 0.9999999999999998, 0.9999999999999998, 0.9999999999999998, 0.9999999999999998]",0.0,1.5171805875491276e-16,2.080637368748594e-16,2.2659805379466358e-17,9.82211642672315e-18,"[1.1565731996326078e-16, 1.0134154303568702e-16, 2.5903625529952284e-16, 3.307884412124991e-17, 2.6952705031465433e-16, 1.0852663595720556e-16, 1.7062137003165686e-16, 2.5697890865897416e-16, 1.3031428935322232e-16, 1.7053698639241977e-16, 2.4516816983214793e-16, 1.7485239495505683e-16, 2.538589522109155e-16, 2.948323261091905e-16, 5.40180384332992e-17, 1.600990855266456e-16, 1.1033467896320522e-16, 2.163325888623778e-16, 2.936225023283867e-16, 2.684498073956572e-16, 2.119853813191118e-16, 3.316486262844371e-16, 1.235082599715798e-16, 1.305056787882871e-16, 1.8424714760639577e-16, 3.9787013633111414e-17, 1.2747485168637208e-16, 1.3779708159843532e-16, 2.2853081242793217e-16, 2.3568069001152875e-16]",7.857693141378521e-17,1248.0,1.0,1.0,"[1.0, 1.0, 1.0, 1.0, 1.0, 1.0, 1.0, 1.0, 1.0, 1.0, 1.0, 1.0, 1.0, 1.0, 1.0, 1.0, 1.0, 1.0, 1.0, 1.0, 1.0, 1.0, 1.0, 1.0, 1.0, 1.0, 1.0, 1.0, 1.0, 1.0]",0.5925263866685175,0.0438617706306623,"[1.0, 1.0, 1.0, 1.0, 1.0, 1.0, 1.0, 1.0, 1.0, 1.0, 1.0, 1.0, 1.0, 1.0, 1.0, 1.0, 1.0, 1.0, 1.0, 1.0, 1.0, 1.0, 1.0, 1.0, 1.0, 1.0, 1.0, 1.0, 1.0, 1.0]",0.0,"[1.0, 1.0, 1.0, 1.0, 1.0, 1.0, 1.0, 1.0, 1.0, 1.0, 1.0, 1.0, 1.0, 1.0, 1.0, 1.0, 1.0, 1.0, 1.0, 1.0, 1.0, 1.0, 1.0, 1.0, 1.0, 1.0, 1.0, 1.0, 1.0, 1.0]",0.0,6.317160963479274e-18
california,ridge,5000,1,8,abc_shap,A3,0.7488,3744.0,1256.0,1.0,0.0,0.9999999999999998,1.0,1.0,2.0831813747705195e-16,6.415093236888707,"[0.9999999999999998, 0.9999999999999998, 0.9999999999999998, 0.9999999999999998, 0.9999999999999998, 0.9999999999999998, 0.9999999999999998, 0.9999999999999998, 0.9999999999999998, 0.9999999999999998, 0.9999999999999998, 0.9999999999999998, 0.9999999999999998, 0.9999999999999998, 0.9999999999999998, 0.9999999999999998, 0.9999999999999998, 0.9999999999999998, 0.9999999999999998, 0.9999999999999998, 0.9999999999999998, 0.9999999999999998, 0.9999999999999998, 0.9999999999999998, 0.9999999999999998, 0.9999999999999998, 0.9999999999999998, 0.9999999999999998, 0.9999999999999998, 0.9999999999999998]",0.0,1.6109511010983842e-16,2.563409978826158e-16,2.6039767184631488e-17,1.6093936794137058e-17,"[8.109455197287371e-17, 4.365630793499457e-16, 3.531891903730042e-17, 4.3189285077001556e-17, 2.120963241410208e-16, 1.209101512705527e-16, 1.2239167559257678e-16, 1.6226620054268549e-16, 2.7957832276927117e-16, 3.424409667849691e-16, 1.5769225808925944e-16, 6.933627772723768e-17, 3.3395908615622137e-16, 1.5892840578948839e-16, 1.8603741189042924e-16, 4.7733152723612325e-17, 1.760799029517023e-16, 2.2984950982870523e-16, 2.057520383823373e-16, 5.476521359822111e-16, 7.764449281616031e-17, 1.3504786109603803e-16, 9.465512380565709e-17, 3.8817777892259013e-16, 3.530872009415514e-16, 1.1675180210083482e-16, 2.3843939224268373e-16, 3.792675744172856e-16, 3.490139976236205e-16, 1.6858924428573505e-16]",1.2875149435309644e-16,3744.0,1.0,1.0,"[1.0, 1.0, 1.0, 1.0, 1.0, 1.0, 1.0, 1.0, 1.0, 1.0, 1.0, 1.0, 1.0, 1.0, 1.0, 1.0, 1.0, 1.0, 1.0, 1.0, 1.0, 1.0, 1.0, 1.0, 1.0, 1.0, 1.0, 1.0, 1.0, 1.0]",0.577829260006547,0.0324735269013851,"[1.0, 1.0, 1.0, 1.0, 1.0, 1.0, 1.0, 1.0, 1.0, 1.0, 1.0, 1.0, 1.0, 1.0, 1.0, 1.0, 1.0, 1.0, 1.0, 1.0, 1.0, 1.0, 1.0, 1.0, 1.0, 1.0, 1.0, 1.0, 1.0, 1.0]",0.0,"[1.0, 1.0, 1.0, 1.0, 1.0, 1.0, 1.0, 1.0, 1.0, 1.0, 1.0, 1.0, 1.0, 1.0, 1.0, 1.0, 1.0, 1.0, 1.0, 1.0, 1.0, 1.0, 1.0, 1.0, 1.0, 1.0, 1.0, 1.0, 1.0, 1.0]",0.0,1.262050477225511e-17
california,ridge,5000,2,8,abc_shap,A1,0.2496,1248.0,3752.0,1.0,0.0,0.9999999999999998,1.0,1.0,1.5535463789820634e-16,5.84817690880209,"[0.9999999999999998, 0.9999999999999998, 0.9999999999999998, 0.9999999999999998, 0.9999999999999998, 0.9999999999999998, 0.9999999999999998, 0.9999999999999998, 0.9999999999999998, 0.9999999999999998, 0.9999999999999998, 0.9999999999999998, 0.9999999999999998, 0.9999999999999998, 0.9999999999999998, 0.9999999999999998, 0.9999999999999998, 0.9999999999999998, 0.9999999999999998, 0.9999999999999998, 0.9999999999999998, 0.9999999999999998, 0.9999999999999998, 0.9999999999999998, 0.9999999999999998, 0.9999999999999998, 0.9999999999999998, 0.9999999999999998, 0.9999999999999998, 0.9999999999999998]",0.0,1.2555392363468707e-16,1.840007585761915e-16,1.9419329737275792e-17,1.0330315877915083e-17,"[1.0854296116962415e-16, 4.646868068194947e-17, 1.3716360859987574e-16, 1.9025999970560437e-16, 6.437608692869432e-17, 1.9061459552311937e-16, 7.379200296852759e-17, 4.0979816978777424e-17, 3.090483613223867e-16, 1.2664489202799006e-16, 2.1812170212490038e-16, 1.2226528776828385e-16, 1.6137254788749647e-16, 2.069779477531552e-16, 2.0880139147333338e-16, 7.591017360558014e-17, 3.3464637826669513e-16, 1.316143677257599e-16, 1.922907310170979e-16, 4.028003406419097e-17, 1.9264820678194445e-16, 1.7220425666886718e-16, 1.3985808592701894e-16, 1.1277893375747675e-16, 2.3500686915437347e-16, 7.290074328621217e-17, 3.362975825689518e-16, 1.9633089193887063e-16, 2.1244811516870693e-17, 2.0119718775256147e-16]",8.264252702332064e-17,1248.0,1.0,1.0,"[1.0, 1.0, 1.0, 1.0, 1.0, 1.0, 1.0, 1.0, 1.0, 1.0, 1.0, 1.0, 1.0, 1.0, 1.0, 1.0, 1.0, 1.0, 1.0, 1.0, 1.0, 1.0, 1.0, 1.0, 1.0, 1.0, 1.0, 1.0, 1.0, 1.0]",0.552852363337297,0.0068755762986612,"[1.0, 1.0, 1.0, 1.0, 1.0, 1.0, 1.0, 1.0, 1.0, 1.0, 1.0, 1.0, 1.0, 1.0, 1.0, 1.0, 1.0, 1.0, 1.0, 1.0, 1.0, 1.0, 1.0, 1.0, 1.0, 1.0, 1.0, 1.0, 1.0, 1.0]",0.0,"[1.0, 1.0, 1.0, 1.0, 1.0, 1.0, 1.0, 1.0, 1.0, 1.0, 1.0, 1.0, 1.0, 1.0, 1.0, 1.0, 1.0, 1.0, 1.0, 1.0, 1.0, 1.0, 1.0, 1.0, 1.0, 1.0, 1.0, 1.0, 1.0, 1.0]",0.0,8.18265529526097e-18
california,ridge,5000,2,8,abc_shap,A3,0.7488,3744.0,1256.0,1.0,0.0,0.9999999999999998,1.0,1.0,2.353160153758353e-16,8.858246564186844,"[0.9999999999999998, 0.9999999999999998, 0.9999999999999998, 0.9999999999999998, 0.9999999999999998, 0.9999999999999998, 0.9999999999999998, 0.9999999999999998, 0.9999999999999998, 0.9999999999999998, 0.9999999999999998, 0.9999999999999998, 0.9999999999999998, 0.9999999999999998, 0.9999999999999998, 0.9999999999999998, 0.9999999999999998, 0.9999999999999998, 0.9999999999999998, 0.9999999999999998, 0.9999999999999998, 0.9999999999999998, 0.9999999999999998, 0.9999999999999998, 0.9999999999999998, 0.9999999999999998, 0.9999999999999998, 0.9999999999999998, 0.9999999999999998, 0.9999999999999998]",0.0,1.8085371045327981e-16,2.991026196003926e-16,2.9414501921979406e-17,2.01412153607022e-17,"[1.2210752081185527e-16, 4.519279417059313e-16, 6.770801920489313e-17, 1.080702876559693e-16, 9.846789630140993e-17, 4.280559506958999e-16, 8.573547157431869e-17, 5.627834560599921e-17, 3.0898250345319704e-16, 2.1758858371429984e-16, 1.937091928642882e-16, 1.5343953820086406e-16, 5.619956222470201e-17, 1.2355351720287425e-16, 3.964792988869342e-16, 1.726839579432122e-16, 1.772069231371298e-16, 2.396077949609993e-16, 4.2908073107784386e-16, 8.163021145900141e-16, 2.7886265617201807e-16, 2.981092682909777e-16, 3.0290848236572187e-16, 2.3095139066413685e-16, 1.936824928183722e-16, 5.438712903792228e-17, 3.132485165202042e-16, 1.4110198870558888e-16, 4.0373403036092814e-16, 1.3930935452655278e-16]",1.6112972288561759e-16,3744.0,1.0,1.0,"[1.0, 1.0, 1.0, 1.0, 1.0, 1.0, 1.0, 1.0, 1.0, 1.0, 1.0, 1.0, 1.0, 1.0, 1.0, 1.0, 1.0, 1.0, 1.0, 1.0, 1.0, 1.0, 1.0, 1.0, 1.0, 1.0, 1.0, 1.0, 1.0, 1.0]",0.5732712433363001,0.0124104558230482,"[1.0, 1.0, 1.0, 1.0, 1.0, 1.0, 1.0, 1.0, 1.0, 1.0, 1.0, 1.0, 1.0, 1.0, 1.0, 1.0, 1.0, 1.0, 1.0, 1.0, 1.0, 1.0, 1.0, 1.0, 1.0, 1.0, 1.0, 1.0, 1.0, 1.0]",0.0,"[1.0, 1.0, 1.0, 1.0, 1.0, 1.0, 1.0, 1.0, 1.0, 1.0, 1.0, 1.0, 1.0, 1.0, 1.0, 1.0, 1.0, 1.0, 1.0, 1.0, 1.0, 1.0, 1.0, 1.0, 1.0, 1.0, 1.0, 1.0, 1.0, 1.0]",0.0,1.4226628045566045e-17
california,ridge,5000,3,8,abc_shap,A1,0.2496,1248.0,3752.0,1.0,0.0,0.9999999999999998,1.0,1.0,7.178995273165926e-17,6.453156730059286,"[0.9999999999999998, 0.9999999999999998, 0.9999999999999998, 0.9999999999999998, 0.9999999999999998, 0.9999999999999998, 0.9999999999999998, 0.9999999999999998, 0.9999999999999998, 0.9999999999999998, 0.9999999999999998, 0.9999999999999998, 0.9999999999999998, 0.9999999999999998, 0.9999999999999998, 0.9999999999999998, 0.9999999999999998, 0.9999999999999998, 0.9999999999999998, 0.9999999999999998, 0.9999999999999998, 0.9999999999999998, 0.9999999999999998, 0.9999999999999998, 0.9999999999999998, 0.9999999999999998, 0.9999999999999998, 0.9999999999999998, 0.9999999999999998, 0.9999999999999998]",0.0,6.044171998075664e-17,8.399495203525614e-17,8.973744091457409e-18,4.022917629072484e-18,"[1.1023768950633139e-16, 7.55486836532404e-17, 1.6051824004100105e-17, 8.086020453849952e-17, 2.4067463263006904e-17, 6.467361641832111e-17, 9.007760912082667e-17, 7.726638152966419e-17, 1.2164514924893401e-16, 5.0913589408057116e-17, 4.917729953114563e-17, 5.996309915268191e-17, 6.935614286355874e-17, 1.1357927245765241e-16, 8.097597206172224e-17, 8.7911982264228e-17, 1.942242095321386e-17, 8.810106998655206e-17, 7.544301411222041e-17, 1.1812333276473765e-16, 1.4873861112851461e-16, 5.258235144184211e-17, 3.357050740585205e-17, 5.0249379252775676e-17, 8.896816564718203e-17, 7.074938784801757e-17, 9.372213590838658e-17, 2.6814067753998158e-17, 3.0661731772893386e-17, 8.424642695162175e-17]",3.2183341032579866e-17,1248.0,1.0,1.0,"[1.0, 1.0, 1.0, 1.0, 1.0, 1.0, 1.0, 1.0, 1.0, 1.0, 1.0, 1.0, 1.0, 1.0, 1.0, 1.0, 1.0, 1.0, 1.0, 1.0, 1.0, 1.0, 1.0, 1.0, 1.0, 1.0, 1.0, 1.0, 1.0, 1.0]",0.5599973366654012,0.02373034409582,"[1.0, 1.0, 1.0, 1.0, 1.0, 1.0, 1.0, 1.0, 1.0, 1.0, 1.0, 1.0, 1.0, 1.0, 1.0, 1.0, 1.0, 1.0, 1.0, 1.0, 1.0, 1.0, 1.0, 1.0, 1.0, 1.0, 1.0, 1.0, 1.0, 1.0]",0.0,"[1.0, 1.0, 1.0, 1.0, 1.0, 1.0, 1.0, 1.0, 1.0, 1.0, 1.0, 1.0, 1.0, 1.0, 1.0, 1.0, 1.0, 1.0, 1.0, 1.0, 1.0, 1.0, 1.0, 1.0, 1.0, 1.0, 1.0, 1.0, 1.0, 1.0]",0.0,3.859988961138416e-18
california,ridge,5000,3,8,abc_shap,A3,0.7488,3744.0,1256.0,1.0,0.0,0.9999999999999998,1.0,1.0,1.3056032752699594e-16,11.735991238339759,"[0.9999999999999998, 0.9999999999999998, 0.9999999999999998, 0.9999999999999998, 0.9999999999999998, 0.9999999999999998, 0.9999999999999998, 0.9999999999999998, 0.9999999999999998, 0.9999999999999998, 0.9999999999999998, 0.9999999999999998, 0.9999999999999998, 0.9999999999999998, 0.9999999999999998, 0.9999999999999998, 0.9999999999999998, 0.9999999999999998, 0.9999999999999998, 0.9999999999999998, 0.9999999999999998, 0.9999999999999998, 0.9999999999999998, 0.9999999999999998, 0.9999999999999998, 0.9999999999999998, 0.9999999999999998, 0.9999999999999998, 0.9999999999999998, 0.9999999999999998]",0.0,1.0674736669805648e-16,1.5625469901901204e-16,1.6320040940874493e-17,8.904488214972863e-18,"[4.96815675365831e-17, 1.7795446219177338e-16, 2.3683334422689554e-16, 1.2266581221011994e-16, 6.219562746736753e-17, 3.020146928249863e-16, 1.0280366398454492e-16, 4.22148893560473e-17, 1.4344868905192274e-16, 1.584803763558622e-16, 2.344288218838615e-16, 5.600964818954073e-17, 1.3876003485276942e-16, 5.695114687891484e-17, 2.9546937754582603e-16, 2.0372314533227606e-16, 4.332302496980963e-17, 7.480934468402926e-17, 1.2311591648219829e-16, 1.2110293673175358e-16, 7.643208286880207e-17, 1.1936193690052638e-16, 7.946634289789714e-17, 2.272688605431019e-16, 5.959572611329944e-17, 8.256623137684388e-17, 1.4937319797129954e-16, 1.238443505972532e-16, 1.417503038886761e-16, 1.1116426989509687e-16]",7.123590571978288e-17,3744.0,1.0,1.0,"[1.0, 1.0, 1.0, 1.0, 1.0, 1.0, 1.0, 1.0, 1.0, 1.0, 1.0, 1.0, 1.0, 1.0, 1.0, 1.0, 1.0, 1.0, 1.0, 1.0, 1.0, 1.0, 1.0, 1.0, 1.0, 1.0, 1.0, 1.0, 1.0, 1.0]",0.5655286099975153,0.005319139377555,"[1.0, 1.0, 1.0, 1.0, 1.0, 1.0, 1.0, 1.0, 1.0, 1.0, 1.0, 1.0, 1.0, 1.0, 1.0, 1.0, 1.0, 1.0, 1.0, 1.0, 1.0, 1.0, 1.0, 1.0, 1.0, 1.0, 1.0, 1.0, 1.0, 1.0]",0.0,"[1.0, 1.0, 1.0, 1.0, 1.0, 1.0, 1.0, 1.0, 1.0, 1.0, 1.0, 1.0, 1.0, 1.0, 1.0, 1.0, 1.0, 1.0, 1.0, 1.0, 1.0, 1.0, 1.0, 1.0, 1.0, 1.0, 1.0, 1.0, 1.0, 1.0]",0.0,7.715516494299707e-18
california,ridge,5000,4,8,abc_shap,A1,0.2496,1248.0,3752.0,1.0,0.0,0.9999999999999998,1.0,1.0,1.7708799624736129e-15,3.1957786025721995,"[0.9999999999999998, 0.9999999999999998, 0.9999999999999998, 0.9999999999999998, 0.9999999999999998, 0.9999999999999998, 0.9999999999999998, 0.9999999999999998, 0.9999999999999998, 0.9999999999999998, 0.9999999999999998, 0.9999999999999998, 0.9999999999999998, 0.9999999999999998, 0.9999999999999998, 0.9999999999999998, 0.9999999999999998, 0.9999999999999998, 0.9999999999999998, 0.9999999999999998, 0.9999999999999998, 0.9999999999999998, 0.9999999999999998, 0.9999999999999998, 0.9999999999999998, 0.9999999999999998, 0.9999999999999998, 0.9999999999999998, 0.9999999999999998, 0.9999999999999998]",0.0,1.344188601491936e-15,2.273219425623204e-15,2.2135999530920164e-16,1.6099854839549263e-16,"[1.1351014389546851e-15, 6.363114652106747e-16, 2.2734259172042315e-15, 2.386832802085068e-15, 1.8812693320203402e-15, 5.820417415500708e-16, 9.5263147849367e-16, 1.2111258240373619e-15, 1.0838518419117497e-15, 6.629121028440389e-15, 5.910701804749601e-16, 2.432128751845048e-15, 2.5444852425255584e-15, 2.081773518309599e-15, 4.9645247350493815e-16, 1.8032143986554532e-15, 1.324929691964166e-15, 6.253680857471298e-16, 4.438882270520629e-15, 1.1926149960097853e-15, 1.9509687594185516e-15, 2.765765318794159e-15, 1.8508082308745333e-15, 2.300277122236522e-15, 1.830892389063576e-15, 2.8076471426364058e-15, 3.4342214923623717e-16, 2.3264880425661314e-16, 7.638746092270668e-16, 1.9774618689992294e-15]",1.287988387163941e-15,1248.0,1.0,1.0,"[1.0, 1.0, 1.0, 1.0, 1.0, 1.0, 1.0, 1.0, 1.0, 1.0, 1.0, 1.0, 1.0, 1.0, 1.0, 1.0, 1.0, 1.0, 1.0, 1.0, 1.0, 1.0, 1.0, 1.0, 1.0, 1.0, 1.0, 1.0, 1.0, 1.0]",0.5613437566692786,0.0355126704802241,"[1.0, 1.0, 1.0, 1.0, 1.0, 1.0, 1.0, 1.0, 1.0, 1.0, 1.0, 1.0, 1.0, 1.0, 1.0, 1.0, 1.0, 1.0, 1.0, 1.0, 1.0, 1.0, 1.0, 1.0, 1.0, 1.0, 1.0, 1.0, 1.0, 1.0]",0.0,"[1.0, 1.0, 1.0, 1.0, 1.0, 1.0, 1.0, 1.0, 1.0, 1.0, 1.0, 1.0, 1.0, 1.0, 1.0, 1.0, 1.0, 1.0, 1.0, 1.0, 1.0, 1.0, 1.0, 1.0, 1.0, 1.0, 1.0, 1.0, 1.0, 1.0]",0.0,1.0187311654033955e-16
california,ridge,5000,4,8,abc_shap,A3,0.7488,3744.0,1256.0,1.0,0.0,0.9999999999999998,1.0,1.0,2.9644332296672906e-15,5.349697599430536,"[0.9999999999999998, 0.9999999999999998, 0.9999999999999998, 0.9999999999999998, 0.9999999999999998, 0.9999999999999998, 0.9999999999999998, 0.9999999999999998, 0.9999999999999998, 0.9999999999999998, 0.9999999999999998, 0.9999999999999998, 0.9999999999999998, 0.9999999999999998, 0.9999999999999998, 0.9999999999999998, 0.9999999999999998, 0.9999999999999998, 0.9999999999999998, 0.9999999999999998, 0.9999999999999998, 0.9999999999999998, 0.9999999999999998, 0.9999999999999998, 0.9999999999999998, 0.9999999999999998, 0.9999999999999998, 0.9999999999999998, 0.9999999999999998, 0.9999999999999998]",0.0,2.451003831428262e-15,3.5231131926630567e-15,3.705541537084113e-16,1.925051656488902e-16,"[1.718954389761749e-15, 8.757896939595215e-16, 4.285610446222442e-15, 4.797187088161799e-15, 2.2918421682474806e-15, 3.615143994219542e-15, 4.6094698104094105e-15, 3.0478299556508778e-15, 3.426163491877923e-15, 9.607347201142421e-16, 1.8963687950889412e-15, 2.9639276038729525e-15, 2.284179766389453e-15, 1.082964536966393e-15, 6.116791357285518e-15, 8.507987127024e-16, 2.8496813208180243e-15, 1.518375067511798e-15, 1.6115817120756227e-15, 4.6546731687075774e-15, 3.8671607959309176e-15, 1.1100614192789919e-15, 4.700203640163406e-15, 1.4466810700944946e-15, 5.313315108753562e-15, 5.7372213175800725e-15, 2.1890169582890707e-15, 3.114576223523453e-15, 4.1331055123007545e-15, 1.86358704406033e-15]",1.5400413251911217e-15,3744.0,1.0,1.0,"[1.0, 1.0, 1.0, 1.0, 1.0, 1.0, 1.0, 1.0, 1.0, 1.0, 1.0, 1.0, 1.0, 1.0, 1.0, 1.0, 1.0, 1.0, 1.0, 1.0, 1.0, 1.0, 1.0, 1.0, 1.0, 1.0, 1.0, 1.0, 1.0, 1.0]",0.5654673333318594,0.0064611261708213,"[1.0, 1.0, 1.0, 1.0, 1.0, 1.0, 1.0, 1.0, 1.0, 1.0, 1.0, 1.0, 1.0, 1.0, 1.0, 1.0, 1.0, 1.0, 1.0, 1.0, 1.0, 1.0, 1.0, 1.0, 1.0, 1.0, 1.0, 1.0, 1.0, 1.0]",0.0,"[1.0, 1.0, 1.0, 1.0, 1.0, 1.0, 1.0, 1.0, 1.0, 1.0, 1.0, 1.0, 1.0, 1.0, 1.0, 1.0, 1.0, 1.0, 1.0, 1.0, 1.0, 1.0, 1.0, 1.0, 1.0, 1.0, 1.0, 1.0, 1.0, 1.0]",0.0,2.325605089620979e-16
california,ridge,5000,5,8,abc_shap,A1,0.2496,1248.0,3752.0,1.0,0.0,0.9999999999999998,1.0,1.0,5.393913368673097e-16,3.896716895580036,"[0.9999999999999998, 0.9999999999999998, 0.9999999999999998, 0.9999999999999998, 0.9999999999999998, 0.9999999999999998, 0.9999999999999998, 0.9999999999999998, 0.9999999999999998, 0.9999999999999998, 0.9999999999999998, 0.9999999999999998, 0.9999999999999998, 0.9999999999999998, 0.9999999999999998, 0.9999999999999998, 0.9999999999999998, 0.9999999999999998, 0.9999999999999998, 0.9999999999999998, 0.9999999999999998, 0.9999999999999998, 0.9999999999999998, 0.9999999999999998, 0.9999999999999998, 0.9999999999999998, 0.9999999999999998, 0.9999999999999998, 0.9999999999999998, 0.9999999999999998]",0.0,4.54224941798358e-16,6.317867838951249e-16,6.742391710841372e-17,3.140161962210562e-17,"[6.360256350251549e-16, 4.607072718552523e-16, 3.819450123942656e-16, 1.1081590128816776e-15, 5.020256325176713e-16, 1.0388847833436439e-15, 4.865905609278473e-16, 7.431092005885833e-16, 3.5716400340551193e-16, 6.00428298843705e-16, 2.1795598824190751e-16, 3.750503148346258e-16, 5.630092433531813e-17, 6.276183982004791e-16, 4.336591033789694e-16, 7.075518321903677e-16, 6.398843442943808e-16, 2.0736451666097132e-16, 3.664935744666985e-16, 2.0981626236566893e-16, 8.861620502002125e-16, 6.294100241382055e-16, 8.617314643033839e-16, 8.595076524753181e-16, 5.227864565996567e-16, 1.6912709347410007e-16, 5.529861042239819e-16, 3.2938366899562794e-16, 5.753990192241299e-16, 6.38511901631975e-16]",2.512129569768449e-16,1248.0,1.0,1.0,"[1.0, 1.0, 1.0, 1.0, 1.0, 1.0, 1.0, 1.0, 1.0, 1.0, 1.0, 1.0, 1.0, 1.0, 1.0, 1.0, 1.0, 1.0, 1.0, 1.0, 1.0, 1.0, 1.0, 1.0, 1.0, 1.0, 1.0, 1.0, 1.0, 1.0]",0.5562213966642351,0.0261665118326475,"[1.0, 1.0, 1.0, 1.0, 1.0, 1.0, 1.0, 1.0, 1.0, 1.0, 1.0, 1.0, 1.0, 1.0, 1.0, 1.0, 1.0, 1.0, 1.0, 1.0, 1.0, 1.0, 1.0, 1.0, 1.0, 1.0, 1.0, 1.0, 1.0, 1.0]",0.0,"[1.0, 1.0, 1.0, 1.0, 1.0, 1.0, 1.0, 1.0, 1.0, 1.0, 1.0, 1.0, 1.0, 1.0, 1.0, 1.0, 1.0, 1.0, 1.0, 1.0, 1.0, 1.0, 1.0, 1.0, 1.0, 1.0, 1.0, 1.0, 1.0, 1.0]",0.0,2.7059574716893887e-17
california,ridge,5000,5,8,abc_shap,A3,0.7488,3744.0,1256.0,1.0,0.0,0.9999999999999998,1.0,1.0,9.606734170039286e-16,6.940178826221505,"[0.9999999999999998, 0.9999999999999998, 0.9999999999999998, 0.9999999999999998, 0.9999999999999998, 0.9999999999999998, 0.9999999999999998, 0.9999999999999998, 0.9999999999999998, 0.9999999999999998, 0.9999999999999998, 0.9999999999999998, 0.9999999999999998, 0.9999999999999998, 0.9999999999999998, 0.9999999999999998, 0.9999999999999998, 0.9999999999999998, 0.9999999999999998, 0.9999999999999998, 0.9999999999999998, 0.9999999999999998, 0.9999999999999998, 0.9999999999999998, 0.9999999999999998, 0.9999999999999998, 0.9999999999999998, 0.9999999999999998, 0.9999999999999998, 0.9999999999999998]",0.0,7.852648451222273e-16,1.1564784983976968e-15,1.2008417712549108e-16,6.13820815268231e-17,"[1.4847577324828546e-15, 5.263543212694543e-16, 5.468617602219327e-16, 1.2262137470754023e-15, 2.226109384033676e-16, 6.905373217277674e-16, 9.767298744458312e-16, 9.766978009112604e-16, 8.117901177718197e-16, 1.2488488544501872e-15, 5.61575650932068e-16, 1.1189772615773702e-15, 7.650763706492152e-16, 3.9400936705287993e-16, 6.673336169425931e-16, 6.112112502790624e-16, 2.8665923722831507e-16, 1.1037380216845328e-15, 1.492537413714983e-15, 6.516094816826386e-16, 1.7972948933147817e-15, 1.2787969480162804e-15, 2.0037116307610473e-15, 9.000995599746898e-16, 5.772622694606606e-16, 6.879370974357586e-16, 1.3990764589758608e-15, 2.225151441099234e-15, 1.1393240742285039e-15, 4.474179963475034e-16]",4.910566522145848e-16,3744.0,1.0,1.0,"[1.0, 1.0, 1.0, 1.0, 1.0, 1.0, 1.0, 1.0, 1.0, 1.0, 1.0, 1.0, 1.0, 1.0, 1.0, 1.0, 1.0, 1.0, 1.0, 1.0, 1.0, 1.0, 1.0, 1.0, 1.0, 1.0, 1.0, 1.0, 1.0, 1.0]",0.5853248266716643,0.0389857107302895,"[1.0, 1.0, 1.0, 1.0, 1.0, 1.0, 1.0, 1.0, 1.0, 1.0, 1.0, 1.0, 1.0, 1.0, 1.0, 1.0, 1.0, 1.0, 1.0, 1.0, 1.0, 1.0, 1.0, 1.0, 1.0, 1.0, 1.0, 1.0, 1.0, 1.0]",0.0,"[1.0, 1.0, 1.0, 1.0, 1.0, 1.0, 1.0, 1.0, 1.0, 1.0, 1.0, 1.0, 1.0, 1.0, 1.0, 1.0, 1.0, 1.0, 1.0, 1.0, 1.0, 1.0, 1.0, 1.0, 1.0, 1.0, 1.0, 1.0, 1.0, 1.0]",0.0,7.352840787448571e-17
california,ridge,5000,6,8,abc_shap,A1,0.2496,1248.0,3752.0,1.0,0.0,0.9999999999999998,1.0,1.0,1.2536522275160443e-16,3.3272526128156046,"[0.9999999999999998, 0.9999999999999998, 0.9999999999999998, 0.9999999999999998, 0.9999999999999998, 0.9999999999999998, 0.9999999999999998, 0.9999999999999998, 0.9999999999999998, 0.9999999999999998, 0.9999999999999998, 0.9999999999999998, 0.9999999999999998, 0.9999999999999998, 0.9999999999999998, 0.9999999999999998, 0.9999999999999998, 0.9999999999999998, 0.9999999999999998, 0.9999999999999998, 0.9999999999999998, 0.9999999999999998, 0.9999999999999998, 0.9999999999999998, 0.9999999999999998, 0.9999999999999998, 0.9999999999999998, 0.9999999999999998, 0.9999999999999998, 0.9999999999999998]",0.0,9.585215094175307e-17,1.5471306085955871e-16,1.5670652843950556e-17,1.0027113502961775e-17,"[9.805181096923352e-17, 1.5701966307867863e-16, 7.685007928427909e-17, 3.407206964413061e-17, 2.1763145469556246e-16, 1.067939393880008e-17, 3.944891258138963e-17, 1.4521197357566848e-16, 2.2948635583499524e-16, 4.815729063159947e-17, 7.44972188477975e-17, 3.046685675481648e-16, 1.5410859201534039e-16, 1.2205224106338548e-16, 5.1604767605938616e-17, 1.6354841111337082e-16, 1.2715500632303904e-16, 6.229857690508383e-17, 8.816186022585666e-17, 2.128079169023237e-16, 1.6087500959707896e-16, 1.1265358358986066e-16, 2.349319256042577e-16, 1.642054948318657e-16, 2.0476178305233728e-16, 2.968912144990036e-16, 3.5026323404833974e-17, 4.0005576825439515e-17, 3.1188821277535933e-17, 6.290478708128274e-17]",8.021690802369419e-17,1248.0,1.0,1.0,"[1.0, 1.0, 1.0, 1.0, 1.0, 1.0, 1.0, 1.0, 1.0, 1.0, 1.0, 1.0, 1.0, 1.0, 1.0, 1.0, 1.0, 1.0, 1.0, 1.0, 1.0, 1.0, 1.0, 1.0, 1.0, 1.0, 1.0, 1.0, 1.0, 1.0]",0.5517752733411423,0.0070151594324533,"[1.0, 1.0, 1.0, 1.0, 1.0, 1.0, 1.0, 1.0, 1.0, 1.0, 1.0, 1.0, 1.0, 1.0, 1.0, 1.0, 1.0, 1.0, 1.0, 1.0, 1.0, 1.0, 1.0, 1.0, 1.0, 1.0, 1.0, 1.0, 1.0, 1.0]",0.0,"[1.0, 1.0, 1.0, 1.0, 1.0, 1.0, 1.0, 1.0, 1.0, 1.0, 1.0, 1.0, 1.0, 1.0, 1.0, 1.0, 1.0, 1.0, 1.0, 1.0, 1.0, 1.0, 1.0, 1.0, 1.0, 1.0, 1.0, 1.0, 1.0, 1.0]",0.0,7.629773711587736e-18
california,ridge,5000,6,8,abc_shap,A3,0.7488,3744.0,1256.0,1.0,0.0,0.9999999999999998,1.0,1.0,1.9125184034730727e-16,5.075914767544471,"[0.9999999999999998, 0.9999999999999998, 0.9999999999999998, 0.9999999999999998, 0.9999999999999998, 0.9999999999999998, 0.9999999999999998, 0.9999999999999998, 0.9999999999999998, 0.9999999999999998, 0.9999999999999998, 0.9999999999999998, 0.9999999999999998, 0.9999999999999998, 0.9999999999999998, 0.9999999999999998, 0.9999999999999998, 0.9999999999999998, 0.9999999999999998, 0.9999999999999998, 0.9999999999999998, 0.9999999999999998, 0.9999999999999998, 0.9999999999999998, 0.9999999999999998, 0.9999999999999998, 0.9999999999999998, 0.9999999999999998, 0.9999999999999998, 0.9999999999999998]",0.0,1.5708624502467038e-16,2.2448534283838364e-16,2.390648004341341e-17,1.149441460589034e-17,"[2.959065548057143e-16, 2.251959699568272e-16, 2.2405696016247807e-16, 9.929717132706328e-17, 2.4218983126872655e-16, 1.16824901985344e-16, 3.115575643165994e-16, 6.257194742981653e-17, 1.4289156024005215e-16, 1.0948792074819298e-16, 2.406792021787409e-16, 1.5448270137980507e-16, 2.2502924916519965e-16, 6.34262295985222e-17, 2.275217318320264e-16, 1.02806861208873e-16, 3.545180250508184e-16, 3.2477252490696553e-16, 2.37677016875649e-16, 3.125790346973024e-16, 1.0176789368778765e-16, 1.0684188771287437e-16, 3.995562397506715e-17, 2.2371179010115634e-16, 9.304724121053807e-17, 1.80831696087488e-16, 1.3103512752430428e-16, 3.6893198288118543e-16, 1.4806991472528459e-16, 2.6988909337881575e-16]",9.195531684712272e-17,3744.0,1.0,1.0,"[1.0, 1.0, 1.0, 1.0, 1.0, 1.0, 1.0, 1.0, 1.0, 1.0, 1.0, 1.0, 1.0, 1.0, 1.0, 1.0, 1.0, 1.0, 1.0, 1.0, 1.0, 1.0, 1.0, 1.0, 1.0, 1.0, 1.0, 1.0, 1.0, 1.0]",0.5850488133224038,0.0346650020205304,"[1.0, 1.0, 1.0, 1.0, 1.0, 1.0, 1.0, 1.0, 1.0, 1.0, 1.0, 1.0, 1.0, 1.0, 1.0, 1.0, 1.0, 1.0, 1.0, 1.0, 1.0, 1.0, 1.0, 1.0, 1.0, 1.0, 1.0, 1.0, 1.0, 1.0]",0.0,"[1.0, 1.0, 1.0, 1.0, 1.0, 1.0, 1.0, 1.0, 1.0, 1.0, 1.0, 1.0, 1.0, 1.0, 1.0, 1.0, 1.0, 1.0, 1.0, 1.0, 1.0, 1.0, 1.0, 1.0, 1.0, 1.0, 1.0, 1.0, 1.0, 1.0]",0.0,1.5026880252192362e-17
california,ridge,5000,7,8,abc_shap,A1,0.2496,1248.0,3752.0,1.0,0.0,0.9999999999999998,1.0,1.0,3.128664868155417e-17,2.64221361230231,"[0.9999999999999998, 0.9999999999999998, 0.9999999999999998, 0.9999999999999998, 0.9999999999999998, 0.9999999999999998, 0.9999999999999998, 0.9999999999999998, 0.9999999999999998, 0.9999999999999998, 0.9999999999999998, 0.9999999999999998, 0.9999999999999998, 0.9999999999999998, 0.9999999999999998, 0.9999999999999998, 0.9999999999999998, 0.9999999999999998, 0.9999999999999998, 0.9999999999999998, 0.9999999999999998, 0.9999999999999998, 0.9999999999999998, 0.9999999999999998, 0.9999999999999998, 0.9999999999999998, 0.9999999999999998, 0.9999999999999998, 0.9999999999999998, 0.9999999999999998]",0.0,2.355273016520682e-17,3.982354917751165e-17,3.910831085194271e-18,2.966865892446761e-18,"[2.157282247306654e-17, 1.832758830812808e-17, 1.859044525219564e-17, 4.04888351362856e-17, 2.1498313055141797e-17, 3.3110985500241683e-17, 4.3172149319067483e-17, 4.9310251204796456e-17, 5.302021289449246e-18, 9.370038488041706e-18, 1.2569121234773136e-16, 1.9838421792331962e-17, 3.466142034023777e-17, 2.7525077295448644e-17, 2.2574511484939538e-17, 4.300791025855115e-17, 1.785601063336409e-17, 3.484304650952811e-18, 2.9251706016353817e-17, 3.720461997514442e-17, 1.3323648028335947e-17, 7.510429359380435e-17, 1.6046083458639278e-17, 5.4480317094146753e-17, 1.3692366586743465e-17, 2.93894586771158e-17, 1.2730830562158549e-17, 5.300669293005105e-17, 3.350486990976161e-17, 1.5482254784398458e-17]",2.373492713957409e-17,1248.0,1.0,1.0,"[1.0, 1.0, 1.0, 1.0, 1.0, 1.0, 1.0, 1.0, 1.0, 1.0, 1.0, 1.0, 1.0, 1.0, 1.0, 1.0, 1.0, 1.0, 1.0, 1.0, 1.0, 1.0, 1.0, 1.0, 1.0, 1.0, 1.0, 1.0, 1.0, 1.0]",0.6206280033317549,0.072503223995069,"[1.0, 1.0, 1.0, 1.0, 1.0, 1.0, 1.0, 1.0, 1.0, 1.0, 1.0, 1.0, 1.0, 1.0, 1.0, 1.0, 1.0, 1.0, 1.0, 1.0, 1.0, 1.0, 1.0, 1.0, 1.0, 1.0, 1.0, 1.0, 1.0, 1.0]",0.0,"[1.0, 1.0, 1.0, 1.0, 1.0, 1.0, 1.0, 1.0, 1.0, 1.0, 1.0, 1.0, 1.0, 1.0, 1.0, 1.0, 1.0, 1.0, 1.0, 1.0, 1.0, 1.0, 1.0, 1.0, 1.0, 1.0, 1.0, 1.0, 1.0, 1.0]",0.0,2.2224557409637697e-18
california,ridge,5000,7,8,abc_shap,A3,0.7488,3744.0,1256.0,1.0,0.0,0.9999999999999998,1.0,1.0,7.38819569240774e-17,6.239463813310958,"[0.9999999999999998, 0.9999999999999998, 0.9999999999999998, 0.9999999999999998, 0.9999999999999998, 0.9999999999999998, 0.9999999999999998, 0.9999999999999998, 0.9999999999999998, 0.9999999999999998, 0.9999999999999998, 0.9999999999999998, 0.9999999999999998, 0.9999999999999998, 0.9999999999999998, 0.9999999999999998, 0.9999999999999998, 0.9999999999999998, 0.9999999999999998, 0.9999999999999998, 0.9999999999999998, 0.9999999999999998, 0.9999999999999998, 0.9999999999999998, 0.9999999999999998, 0.9999999999999998, 0.9999999999999998, 0.9999999999999998, 0.9999999999999998, 0.9999999999999998]",0.0,5.5160604488676084e-17,9.408852730156246e-17,9.235244615509677e-18,6.9019999251165065e-18,"[5.2505487155051754e-17, 4.764014768671554e-17, 7.727192720008183e-18, 8.259266218033329e-17, 2.1145604702350354e-16, 1.1364791538562592e-17, 9.812855361057095e-17, 9.430692412477376e-17, 1.1766048182279327e-16, 2.1068532877654754e-17, 2.99607559703909e-17, 6.191902194675474e-18, 1.4322877275922047e-16, 5.490367749963832e-17, 2.4485771382281514e-17, 3.6947573435631707e-17, 3.5861355842603837e-17, 7.121202294385398e-17, 1.0536068229788998e-16, 7.033563906822974e-17, 4.457275363086522e-17, 5.4229041005371536e-17, 8.243961262302432e-17, 8.280291307946984e-17, 1.7536977546136273e-16, 1.998991092835037e-16, 1.5107576288168565e-16, 7.062176781541458e-18, 5.2601826131327554e-17, 4.346676270978615e-17]",5.521599940093205e-17,3744.0,1.0,1.0,"[1.0, 1.0, 1.0, 1.0, 1.0, 1.0, 1.0, 1.0, 1.0, 1.0, 1.0, 1.0, 1.0, 1.0, 1.0, 1.0, 1.0, 1.0, 1.0, 1.0, 1.0, 1.0, 1.0, 1.0, 1.0, 1.0, 1.0, 1.0, 1.0, 1.0]",0.6652983000036329,0.0161690452940072,"[1.0, 1.0, 1.0, 1.0, 1.0, 1.0, 1.0, 1.0, 1.0, 1.0, 1.0, 1.0, 1.0, 1.0, 1.0, 1.0, 1.0, 1.0, 1.0, 1.0, 1.0, 1.0, 1.0, 1.0, 1.0, 1.0, 1.0, 1.0, 1.0, 1.0]",0.0,"[1.0, 1.0, 1.0, 1.0, 1.0, 1.0, 1.0, 1.0, 1.0, 1.0, 1.0, 1.0, 1.0, 1.0, 1.0, 1.0, 1.0, 1.0, 1.0, 1.0, 1.0, 1.0, 1.0, 1.0, 1.0, 1.0, 1.0, 1.0, 1.0, 1.0]",0.0,7.579294601616117e-18
california,ridge,5000,8,8,abc_shap,A1,0.2496,1248.0,3752.0,1.0,0.0,0.9999999999999998,1.0,1.0,6.667562302387951e-15,3.055139589109993,"[0.9999999999999998, 0.9999999999999998, 0.9999999999999998, 0.9999999999999998, 0.9999999999999998, 0.9999999999999998, 0.9999999999999998, 0.9999999999999998, 0.9999999999999998, 0.9999999999999998, 0.9999999999999998, 0.9999999999999998, 0.9999999999999998, 0.9999999999999998, 0.9999999999999998, 0.9999999999999998, 0.9999999999999998, 0.9999999999999998, 0.9999999999999998, 0.9999999999999998, 0.9999999999999998, 0.9999999999999998, 0.9999999999999998, 0.9999999999999998, 0.9999999999999998, 0.9999999999999998, 0.9999999999999998, 0.9999999999999998, 0.9999999999999998, 0.9999999999999998]",0.0,5.538051426541053e-15,7.746668495090521e-15,8.3344528779849375e-16,4.012094134446123e-16,"[7.380393637063946e-15, 6.299037465997775e-15, 9.178040296516122e-15, 8.01435742431154e-15, 4.164284302913602e-15, 1.4444808591984462e-14, 2.9644277715525894e-15, 4.537171559155808e-15, 2.7053132111357006e-15, 4.2743131705128085e-15, 9.051494263440791e-15, 1.0806516797849086e-14, 1.1098718826617748e-14, 8.878804682219976e-15, 4.233302868630126e-15, 2.5745053882197087e-15, 8.138954916119017e-15, 5.019282948286993e-15, 2.8207272508534924e-15, 1.0880530463225173e-15, 9.646817158105307e-15, 4.654410160404531e-15, 7.894466485316891e-15, 7.868421711999542e-15, 5.3284143960519036e-15, 6.36963820554021e-15, 2.9675125983986347e-15, 6.08600589525333e-15, 1.2719347887565352e-14, 8.819326153298991e-15]",3.2096753075568983e-15,1248.0,1.0,1.0,"[1.0, 1.0, 1.0, 1.0, 1.0, 1.0, 1.0, 1.0, 1.0, 1.0, 1.0, 1.0, 1.0, 1.0, 1.0, 1.0, 1.0, 1.0, 1.0, 1.0, 1.0, 1.0, 1.0, 1.0, 1.0, 1.0, 1.0, 1.0, 1.0, 1.0]",0.6346081266645343,0.0146560751040345,"[1.0, 1.0, 1.0, 1.0, 1.0, 1.0, 1.0, 1.0, 1.0, 1.0, 1.0, 1.0, 1.0, 1.0, 1.0, 1.0, 1.0, 1.0, 1.0, 1.0, 1.0, 1.0, 1.0, 1.0, 1.0, 1.0, 1.0, 1.0, 1.0, 1.0]",0.0,"[1.0, 1.0, 1.0, 1.0, 1.0, 1.0, 1.0, 1.0, 1.0, 1.0, 1.0, 1.0, 1.0, 1.0, 1.0, 1.0, 1.0, 1.0, 1.0, 1.0, 1.0, 1.0, 1.0, 1.0, 1.0, 1.0, 1.0, 1.0, 1.0, 1.0]",0.0,3.4680861036918406e-16
california,ridge,5000,8,8,abc_shap,A3,0.7488,3744.0,1256.0,1.0,0.0,0.9999999999999998,1.0,1.0,1.0450681587849719e-14,4.788600331606593,"[0.9999999999999998, 0.9999999999999998, 0.9999999999999998, 0.9999999999999998, 0.9999999999999998, 0.9999999999999998, 0.9999999999999998, 0.9999999999999998, 0.9999999999999998, 0.9999999999999998, 0.9999999999999998, 0.9999999999999998, 0.9999999999999998, 0.9999999999999998, 0.9999999999999998, 0.9999999999999998, 0.9999999999999998, 0.9999999999999998, 0.9999999999999998, 0.9999999999999998, 0.9999999999999998, 0.9999999999999998, 0.9999999999999998, 0.9999999999999998, 0.9999999999999998, 0.9999999999999998, 0.9999999999999998, 0.9999999999999998, 0.9999999999999998, 0.9999999999999998]",0.0,8.910714953830798e-15,1.2167405189009183e-14,1.3063351984812149e-15,5.863988322751519e-16,"[8.087608188955454e-15, 1.0793671552451927e-14, 9.809015379824387e-15, 1.850009978389516e-14, 6.436787383438753e-15, 6.961906312331036e-15, 1.7672072416447066e-14, 1.6733804567956923e-14, 9.580329858476346e-15, 1.1451055708349006e-14, 7.218504636400853e-15, 5.016186100876805e-15, 9.119789958459096e-15, 1.7514128634974174e-14, 3.692902593243318e-15, 9.202326388026111e-15, 4.252488271762844e-15, 2.1808315770056504e-14, 3.2223749877316536e-15, 1.2529198457024603e-14, 3.5230403025338655e-15, 1.167366521489407e-14, 9.637067150210484e-15, 1.2938389130905894e-14, 1.133825853121362e-14, 8.631678925597412e-15, 9.684926826409434e-15, 1.66183239920833e-14, 8.323614488741455e-15, 1.1548916122220015e-14]",4.691190658201215e-15,3744.0,1.0,1.0,"[1.0, 1.0, 1.0, 1.0, 1.0, 1.0, 1.0, 1.0, 1.0, 1.0, 1.0, 1.0, 1.0, 1.0, 1.0, 1.0, 1.0, 1.0, 1.0, 1.0, 1.0, 1.0, 1.0, 1.0, 1.0, 1.0, 1.0, 1.0, 1.0, 1.0]",0.6878825466594815,0.0495774218201153,"[1.0, 1.0, 1.0, 1.0, 1.0, 1.0, 1.0, 1.0, 1.0, 1.0, 1.0, 1.0, 1.0, 1.0, 1.0, 1.0, 1.0, 1.0, 1.0, 1.0, 1.0, 1.0, 1.0, 1.0, 1.0, 1.0, 1.0, 1.0, 1.0, 1.0]",0.0,"[1.0, 1.0, 1.0, 1.0, 1.0, 1.0, 1.0, 1.0, 1.0, 1.0, 1.0, 1.0, 1.0, 1.0, 1.0, 1.0, 1.0, 1.0, 1.0, 1.0, 1.0, 1.0, 1.0, 1.0, 1.0, 1.0, 1.0, 1.0, 1.0, 1.0]",0.0,7.770934147472095e-16
california,ridge,5000,9,8,abc_shap,A1,0.2496,1248.0,3752.0,1.0,0.0,0.9999999999999998,1.0,1.0,4.566509528229822e-16,2.986705746425647,"[0.9999999999999998, 0.9999999999999998, 0.9999999999999998, 0.9999999999999998, 0.9999999999999998, 0.9999999999999998, 0.9999999999999998, 0.9999999999999998, 0.9999999999999998, 0.9999999999999998, 0.9999999999999998, 0.9999999999999998, 0.9999999999999998, 0.9999999999999998, 0.9999999999999998, 0.9999999999999998, 0.9999999999999998, 0.9999999999999998, 0.9999999999999998, 0.9999999999999998, 0.9999999999999998, 0.9999999999999998, 0.9999999999999998, 0.9999999999999998, 0.9999999999999998, 0.9999999999999998, 0.9999999999999998, 0.9999999999999998, 0.9999999999999998, 0.9999999999999998]",0.0,3.5707437680140303e-16,5.737510085130225e-16,5.708136910287276e-17,3.7316776173521263e-17,"[2.15270067365001e-16, 1.4353363290618487e-16, 3.8851418437708453e-16, 4.507355664769261e-16, 2.610087762704601e-16, 9.918502364451431e-17, 3.464699981689335e-16, 1.223851398805304e-15, 4.2122160228837305e-16, 3.446422037592906e-16, 3.6385275000599483e-16, 6.863610562916895e-16, 3.833258011460411e-16, 8.945450853895713e-16, 2.275982247715451e-16, 3.141736024838384e-16, 2.0397180567211707e-16, 1.8645057425531175e-16, 9.122187676778853e-16, 5.559344419135766e-16, 2.162276547863764e-16, 5.104102423373723e-16, 3.6793316991314244e-16, 4.8875217925983085e-16, 9.543573392108318e-17, 1.2660082937207713e-15, 7.449062688907538e-16, 6.605951334480794e-16, 2.0620571617435905e-16, 5.201896285680564e-16]",2.985342093881701e-16,1248.0,1.0,1.0,"[1.0, 1.0, 1.0, 1.0, 1.0, 1.0, 1.0, 1.0, 1.0, 1.0, 1.0, 1.0, 1.0, 1.0, 1.0, 1.0, 1.0, 1.0, 1.0, 1.0, 1.0, 1.0, 1.0, 1.0, 1.0, 1.0, 1.0, 1.0, 1.0, 1.0]",0.6691815400069269,0.0413781251821832,"[1.0, 1.0, 1.0, 1.0, 1.0, 1.0, 1.0, 1.0, 1.0, 1.0, 1.0, 1.0, 1.0, 1.0, 1.0, 1.0, 1.0, 1.0, 1.0, 1.0, 1.0, 1.0, 1.0, 1.0, 1.0, 1.0, 1.0, 1.0, 1.0, 1.0]",0.0,"[1.0, 1.0, 1.0, 1.0, 1.0, 1.0, 1.0, 1.0, 1.0, 1.0, 1.0, 1.0, 1.0, 1.0, 1.0, 1.0, 1.0, 1.0, 1.0, 1.0, 1.0, 1.0, 1.0, 1.0, 1.0, 1.0, 1.0, 1.0, 1.0, 1.0]",0.0,2.920259394448552e-17
california,ridge,5000,9,8,abc_shap,A3,0.7488,3744.0,1256.0,1.0,0.0,0.9999999999999998,1.0,1.0,8.51073570361001e-16,5.566409765520729,"[0.9999999999999998, 0.9999999999999998, 0.9999999999999998, 0.9999999999999998, 0.9999999999999998, 0.9999999999999998, 0.9999999999999998, 0.9999999999999998, 0.9999999999999998, 0.9999999999999998, 0.9999999999999998, 0.9999999999999998, 0.9999999999999998, 0.9999999999999998, 0.9999999999999998, 0.9999999999999998, 0.9999999999999998, 0.9999999999999998, 0.9999999999999998, 0.9999999999999998, 0.9999999999999998, 0.9999999999999998, 0.9999999999999998, 0.9999999999999998, 0.9999999999999998, 0.9999999999999998, 0.9999999999999998, 0.9999999999999998, 0.9999999999999998, 0.9999999999999998]",0.0,6.829544134182142e-16,1.0406422996839305e-15,1.0638419629512511e-16,6.16321221086998e-17,"[6.570329470841553e-16, 6.748212132860581e-16, 7.955204472528176e-16, 2.70697593795064e-16, 1.3824098087066219e-15, 6.6835778755352025e-16, 1.3145104609908677e-15, 1.5980201924761376e-15, 7.213068674838238e-16, 1.5410958392300681e-15, 4.531133758140113e-16, 4.226798288461852e-16, 6.176253784731599e-16, 3.5164875012318125e-16, 2.464300505200072e-15, 1.471675027717197e-15, 4.172076620702604e-16, 1.0236311141791126e-15, 6.922559975200722e-16, 4.227279989667253e-16, 1.1451332317017837e-15, 7.092559799303658e-16, 3.852640436806304e-16, 3.998654228923346e-16, 5.424364871979976e-16, 6.15434638236898e-16, 1.2678225453974026e-15, 1.3440620610500693e-15, 5.451887295442812e-16, 6.171051744291515e-16]",4.930569768695984e-16,3744.0,1.0,1.0,"[1.0, 1.0, 1.0, 1.0, 1.0, 1.0, 1.0, 1.0, 1.0, 1.0, 1.0, 1.0, 1.0, 1.0, 1.0, 1.0, 1.0, 1.0, 1.0, 1.0, 1.0, 1.0, 1.0, 1.0, 1.0, 1.0, 1.0, 1.0, 1.0, 1.0]",0.6828778000044016,0.0193419834574273,"[1.0, 1.0, 1.0, 1.0, 1.0, 1.0, 1.0, 1.0, 1.0, 1.0, 1.0, 1.0, 1.0, 1.0, 1.0, 1.0, 1.0, 1.0, 1.0, 1.0, 1.0, 1.0, 1.0, 1.0, 1.0, 1.0, 1.0, 1.0, 1.0, 1.0]",0.0,"[1.0, 1.0, 1.0, 1.0, 1.0, 1.0, 1.0, 1.0, 1.0, 1.0, 1.0, 1.0, 1.0, 1.0, 1.0, 1.0, 1.0, 1.0, 1.0, 1.0, 1.0, 1.0, 1.0, 1.0, 1.0, 1.0, 1.0, 1.0, 1.0, 1.0]",0.0,7.927559504816911e-17
california,rf,5000,0,8,abc_shap,A1,0.2496,1248.0,3752.0,0.9666666666666666,0.0345580016779003,0.9190476190476188,1.0,0.9266666666666666,0.0048051867293281,25.1844126943844,"[0.7857142857142856, 0.9285714285714285, 0.9285714285714285, 0.7857142857142856, 0.9285714285714285, 0.9999999999999998, 0.8571428571428571, 0.9999999999999998, 0.9999999999999998, 0.9999999999999998, 0.9999999999999998, 0.7857142857142856, 0.9999999999999998, 0.9285714285714285, 0.8571428571428571, 0.9999999999999998, 0.9999999999999998, 0.8571428571428571, 0.9999999999999998, 0.7857142857142856, 0.9999999999999998, 0.8571428571428571, 0.8571428571428571, 0.9999999999999998, 0.9285714285714285, 0.9999999999999998, 0.8571428571428571, 0.8571428571428571, 0.9285714285714285, 0.8571428571428571]",0.0776643163347622,0.0034859617345044,0.0065433791482782,0.000600648341166,0.0005408084554976,"[0.007488292917183108, 0.00031991751110266076, 0.0009270728030173274, 0.012885789384549921, 0.003558282454651236, 0.003066417250702433, 0.009827962948307468, 0.015014180453696518, 0.002129699386372425, 0.006538813241363054, 0.00020091197657167925, 0.007326315854117328, 0.0031056583491171135, 0.0026262941246123625, 0.005046643488852452, 0.0026286749551727743, 0.008795609133835668, 0.006414782683780066, 0.00011974936397596292, 0.004354192764964819, 0.00014523733663706774, 0.008900098794901418, 0.005592004123163793, 0.0032153719847452275, 0.000356872006877938, 0.016163879410197524, 0.0027753447329030667, 0.002132247130547367, 0.00023488572517647982, 0.0022643995887485073]",0.0043264676439809,1248.0,0.9539682539682538,0.9785714285714284,"[0.9047619047619048, 0.9761904761904763, 0.9761904761904763, 0.9047619047619048, 0.9761904761904763, 1.0, 0.9285714285714287, 1.0, 1.0, 1.0, 1.0, 0.9047619047619048, 1.0, 0.9761904761904763, 0.9285714285714287, 1.0, 1.0, 0.9285714285714287, 1.0, 0.9047619047619048, 1.0, 0.9523809523809524, 0.9285714285714287, 1.0, 0.9761904761904763, 1.0, 0.9523809523809524, 0.9523809523809524, 0.9761904761904763, 0.9523809523809524]",55.23907073333394,3.3748862765622483,"[1.0, 1.0, 1.0, 1.0, 1.0, 1.0, 1.0, 1.0, 1.0, 1.0, 1.0, 1.0, 1.0, 1.0, 1.0, 1.0, 1.0, 1.0, 1.0, 1.0, 1.0, 1.0, 1.0, 1.0, 1.0, 1.0, 1.0, 1.0, 1.0, 1.0]",0.0,"[0.8, 1.0, 1.0, 0.8, 1.0, 1.0, 0.8, 1.0, 1.0, 1.0, 1.0, 0.8, 1.0, 1.0, 0.8, 1.0, 1.0, 0.8, 1.0, 0.8, 1.0, 0.8, 0.8, 1.0, 1.0, 1.0, 0.8, 1.0, 1.0, 0.8]",0.0963788819653397,0.0005802510913046
california,rf,5000,0,8,abc_shap,A3,0.7488,3744.0,1256.0,0.9817460317460316,0.0258515832934957,0.9499999999999998,1.0,0.9666666666666668,0.0034487103569248,18.074998909425624,"[0.9999999999999998, 0.9285714285714285, 0.9999999999999998, 0.9999999999999998, 0.7857142857142856, 0.9285714285714285, 0.9999999999999998, 0.9285714285714285, 0.9285714285714285, 0.9999999999999998, 0.9285714285714285, 0.9999999999999998, 0.9999999999999998, 0.9999999999999998, 0.8571428571428571, 0.7857142857142856, 0.9999999999999998, 0.9999999999999998, 0.9285714285714285, 0.9285714285714285, 0.9999999999999998, 0.9285714285714285, 0.9999999999999998, 0.9999999999999998, 0.8571428571428571, 0.9285714285714285, 0.9999999999999998, 0.8571428571428571, 0.9999999999999998, 0.9999999999999998]",0.0642857142857142,0.0022198370997008,0.0047337941927286,0.0004310887946156,0.0004357307284831,"[0.00026151772911398453, 0.0015517181469541636, 0.016670394442151307, 0.0023960910274055873, 0.005406118714706984, 0.0014532565049028827, 0.0046360786958206755, 0.006204009670933102, 0.0007983888028456712, 0.0014832258694629891, 0.004712875323263477, 0.0020103109778975043, 0.00030757403765679074, 0.008941896639902965, 0.0015265306130442546, 0.004728948029456504, 0.0003109397851202589, 0.004462269769922317, 0.0010676497568850101, 0.0026863897088223124, 0.007356585571351947, 0.0018482241876750095, 0.004013114976502833, 0.0004809702944467206, 0.0063466429810403605, 0.00017791236761611551, 0.007669063338890846, 0.0027103579699312443, 8.012458299314772e-05, 0.0011621301910298338]",0.0034858458278653,3744.0,0.9714285714285716,0.9904761904761904,"[1.0, 0.9761904761904763, 1.0, 1.0, 0.9047619047619048, 0.9761904761904763, 1.0, 0.9761904761904763, 0.9761904761904763, 1.0, 0.9761904761904763, 1.0, 1.0, 1.0, 0.9523809523809524, 0.9047619047619048, 1.0, 1.0, 0.9761904761904763, 0.9761904761904763, 1.0, 0.9761904761904763, 1.0, 1.0, 0.9523809523809524, 0.9761904761904763, 1.0, 0.9523809523809524, 1.0, 1.0]",55.98994759000877,3.266282175584521,"[1.0, 1.0, 1.0, 1.0, 1.0, 1.0, 1.0, 1.0, 1.0, 1.0, 1.0, 1.0, 1.0, 1.0, 1.0, 1.0, 1.0, 1.0, 1.0, 1.0, 1.0, 1.0, 1.0, 1.0, 1.0, 1.0, 1.0, 1.0, 1.0, 1.0]",0.0,"[1.0, 1.0, 1.0, 1.0, 0.8, 1.0, 1.0, 0.8, 1.0, 1.0, 1.0, 1.0, 1.0, 1.0, 0.8, 0.8, 1.0, 1.0, 1.0, 1.0, 1.0, 1.0, 1.0, 1.0, 0.8, 1.0, 1.0, 1.0, 1.0, 1.0]",0.0745355992499929,0.0004209803328829
california,rf,5000,1,8,abc_shap,A1,0.2496,1248.0,3752.0,0.9698412698412696,0.0300750719388831,0.9238095238095234,0.9555555555555556,0.9866666666666668,0.0023885577245213,65.0576941265516,"[0.9999999999999998, 0.7857142857142856, 0.7857142857142856, 0.9999999999999998, 0.8571428571428571, 0.9999999999999998, 0.8571428571428571, 0.9999999999999998, 0.9285714285714285, 0.7857142857142856, 0.9999999999999998, 0.9285714285714285, 0.9285714285714285, 0.8571428571428571, 0.9285714285714285, 0.9285714285714285, 0.9999999999999998, 0.8571428571428571, 0.9999999999999998, 0.9999999999999998, 0.9999999999999998, 0.9285714285714285, 0.9285714285714285, 0.8571428571428571, 0.9285714285714285, 0.9285714285714285, 0.9285714285714285, 0.9285714285714285, 0.9285714285714285, 0.9285714285714285]",0.0663256584627814,0.0016102748004307,0.003278774816623,0.0002985697155651,0.0002790685881468,"[0.0009124081864515173, 0.005694659890804322, 0.006151631701403027, 0.0006495007046760508, 0.00253111469404756, 0.00023910815876986775, 0.007306590165712254, 0.0005532425499567451, 0.004227433108666205, 0.005527983104142866, 0.0002743265961131953, 0.001688141343601539, 0.004025753802484109, 0.004678631988018468, 0.00160086268243992, 0.0008729116731744913, 0.0006127369246429657, 0.001653646056264475, 0.00029011223779366305, 0.00025186792533154123, 0.00018929263812159683, 0.002917613352499608, 0.001146671326081814, 0.007655895028663249, 0.003456359004835886, 0.0003238863071515211, 0.0018545644654193753, 0.001204878345287632, 0.002709881492265439, 0.0004550262808200021]",0.002232548705175,1248.0,0.9595238095238094,0.98015873015873,"[1.0, 0.9047619047619048, 0.9047619047619048, 1.0, 0.9285714285714287, 1.0, 0.9523809523809524, 1.0, 0.9761904761904763, 0.9047619047619048, 1.0, 0.9761904761904763, 0.9761904761904763, 0.9285714285714287, 0.9761904761904763, 0.9761904761904763, 1.0, 0.9285714285714287, 1.0, 1.0, 1.0, 0.9761904761904763, 0.9761904761904763, 0.9523809523809524, 0.9761904761904763, 0.9761904761904763, 0.9761904761904763, 0.9761904761904763, 0.9761904761904763, 0.9761904761904763]",54.39820860000521,2.6785826720658696,"[1.0, 1.0, 1.0, 1.0, 0.6666666666666666, 1.0, 1.0, 1.0, 1.0, 1.0, 1.0, 1.0, 1.0, 0.6666666666666666, 1.0, 1.0, 1.0, 0.6666666666666666, 1.0, 1.0, 1.0, 1.0, 0.6666666666666666, 1.0, 1.0, 1.0, 1.0, 1.0, 1.0, 1.0]",0.1133115447465063,"[1.0, 1.0, 1.0, 1.0, 1.0, 1.0, 0.8, 1.0, 1.0, 1.0, 1.0, 1.0, 1.0, 1.0, 1.0, 1.0, 1.0, 1.0, 1.0, 1.0, 1.0, 1.0, 1.0, 0.8, 1.0, 1.0, 1.0, 1.0, 1.0, 1.0]",0.0498887651569858,0.0002726693282406
california,rf,5000,1,8,abc_shap,A3,0.7488,3744.0,1256.0,0.9738095238095236,0.0232879377001923,0.9309523809523808,0.9555555555555556,1.0,0.0020392865270414,55.54451447860497,"[0.9285714285714285, 0.9285714285714285, 0.9999999999999998, 0.9285714285714285, 0.9999999999999998, 0.9999999999999998, 0.9285714285714285, 0.9285714285714285, 0.9285714285714285, 0.9285714285714285, 0.9999999999999998, 0.8571428571428571, 0.9999999999999998, 0.9285714285714285, 0.9999999999999998, 0.9285714285714285, 0.8571428571428571, 0.8571428571428571, 0.9285714285714285, 0.9999999999999998, 0.9285714285714285, 0.8571428571428571, 0.8571428571428571, 0.9999999999999998, 0.9285714285714285, 0.8571428571428571, 0.8571428571428571, 0.9285714285714285, 0.9999999999999998, 0.8571428571428571]",0.0537167341556117,0.0015090437898349,0.0026393935132808,0.0002549108158801,0.0002005543005008,"[0.0034710565546757486, 0.000520951914019345, 0.0002792051208243584, 0.0016419137304759682, 0.0002456124690167049, 0.001471325312099633, 0.0009909736041632377, 0.0032918854353184714, 0.004165010639957968, 0.002057230401181156, 6.714148064679545e-05, 0.001756516869091183, 0.0010184008513046475, 0.002274050391133159, 0.00014985118821055944, 0.0012507910501427047, 0.005918495394584691, 0.0018827174957306836, 0.0006114929817788261, 0.00020962247757583738, 0.0019201687302873173, 0.0030517650954272452, 0.004939363492851116, 0.0007694135187493669, 0.0022995085077639663, 0.003810871350333966, 0.0026252285440773017, 0.0030544308131952975, 0.0002057702475401026, 0.005227830149087339]",0.0016044344040064,3744.0,0.965079365079365,0.9817460317460316,"[0.9761904761904763, 0.9761904761904763, 1.0, 0.9761904761904763, 1.0, 1.0, 0.9761904761904763, 0.9761904761904763, 0.9761904761904763, 0.9761904761904763, 1.0, 0.9285714285714287, 1.0, 0.9761904761904763, 1.0, 0.9761904761904763, 0.9523809523809524, 0.9523809523809524, 0.9761904761904763, 1.0, 0.9761904761904763, 0.9523809523809524, 0.9285714285714287, 1.0, 0.9761904761904763, 0.9285714285714287, 0.9523809523809524, 0.9761904761904763, 1.0, 0.9285714285714287]",56.61208765999957,2.996568425102795,"[1.0, 1.0, 1.0, 1.0, 1.0, 1.0, 1.0, 1.0, 1.0, 1.0, 1.0, 0.6666666666666666, 1.0, 1.0, 1.0, 1.0, 1.0, 1.0, 1.0, 1.0, 1.0, 1.0, 0.6666666666666666, 1.0, 1.0, 0.6666666666666666, 1.0, 1.0, 1.0, 0.6666666666666666]",0.1133115447465063,"[1.0, 1.0, 1.0, 1.0, 1.0, 1.0, 1.0, 1.0, 1.0, 1.0, 1.0, 1.0, 1.0, 1.0, 1.0, 1.0, 1.0, 1.0, 1.0, 1.0, 1.0, 1.0, 1.0, 1.0, 1.0, 1.0, 1.0, 1.0, 1.0, 1.0]",0.0,0.0002227840373789
california,rf,5000,2,8,abc_shap,A1,0.2496,1248.0,3752.0,0.9087301587301588,0.081344366871148,0.8166666666666665,1.0,0.8666666666666669,0.0420438946517809,50.75655094342455,"[0.9285714285714285, 0.9285714285714285, 0.8571428571428571, 0.7142857142857142, 0.6428571428571428, 0.6428571428571428, 0.7857142857142856, 0.9285714285714285, 0.6428571428571428, 0.8571428571428571, 0.9999999999999998, 0.8571428571428571, 0.5714285714285714, 0.8571428571428571, 0.8571428571428571, 0.9285714285714285, 0.9999999999999998, 0.9285714285714285, 0.5714285714285714, 0.9285714285714285, 0.8571428571428571, 0.8571428571428571, 0.8571428571428571, 0.7142857142857142, 0.9285714285714285, 0.9285714285714285, 0.8571428571428571, 0.5714285714285714, 0.8571428571428571, 0.6428571428571428]",0.1299965113782733,0.0272061266106451,0.0589562696672507,0.0052554868314726,0.0054222552512484,"[0.015615902578112658, 0.03639243469934335, 0.007408670199089585, 0.014159842142767538, 0.022342538624420975, 0.10272092458576167, 0.058143308584365234, 0.02006330927374382, 0.05529710482158598, 0.043383972713461096, 0.04273522015679995, 0.12773966804643272, 0.07460284747518862, 0.010111925748892775, 0.002362760858442187, 0.006773437086465264, 0.0017554550042049697, 0.009244803259274023, 0.1120980718974201, 0.015646684993170342, 0.0020133380527121002, 0.014016846608410825, 0.06510758965936898, 0.12901508884307378, 0.015357290684294802, 0.020074131580837457, 0.0033181733138250126, 0.07626892692979029, 0.0040781147126714885, 0.15346845641950035]",0.0433780420099879,1248.0,0.8785714285714287,0.9365079365079364,"[0.9761904761904763, 0.9761904761904763, 0.9285714285714287, 0.8571428571428572, 0.8095238095238096, 0.7857142857142858, 0.9047619047619048, 0.9761904761904763, 0.7857142857142858, 0.9523809523809524, 1.0, 0.9523809523809524, 0.7619047619047621, 0.9523809523809524, 0.9285714285714287, 0.9761904761904763, 1.0, 0.9761904761904763, 0.7619047619047621, 0.9761904761904763, 0.9523809523809524, 0.9285714285714287, 0.9523809523809524, 0.8095238095238096, 0.9761904761904763, 0.9761904761904763, 0.9285714285714287, 0.7619047619047621, 0.9523809523809524, 0.7857142857142858]",54.22884397000113,4.088312400051306,"[1.0, 1.0, 1.0, 1.0, 1.0, 1.0, 1.0, 1.0, 1.0, 1.0, 1.0, 1.0, 1.0, 1.0, 1.0, 1.0, 1.0, 1.0, 1.0, 1.0, 1.0, 1.0, 1.0, 1.0, 1.0, 1.0, 1.0, 1.0, 1.0, 1.0]",0.0,"[0.8, 1.0, 0.8, 0.8, 0.8, 0.8, 0.8, 1.0, 0.8, 1.0, 1.0, 1.0, 0.8, 0.8, 0.8, 1.0, 1.0, 1.0, 0.8, 1.0, 0.8, 0.8, 1.0, 0.8, 0.8, 0.8, 0.8, 0.8, 0.8, 0.8]",0.0942809041582063,0.0052466086694951
california,rf,5000,2,8,abc_shap,A3,0.7488,3744.0,1256.0,0.8849206349206349,0.0897387097590916,0.7857142857142858,1.0,0.8600000000000001,0.0227154088612888,27.42266901336852,"[0.9999999999999998, 0.9285714285714285, 0.9999999999999998, 0.6428571428571428, 0.8571428571428571, 0.7857142857142856, 0.9999999999999998, 0.6428571428571428, 0.6428571428571428, 0.7857142857142856, 0.8571428571428571, 0.9999999999999998, 0.8571428571428571, 0.8571428571428571, 0.5714285714285714, 0.9285714285714285, 0.9285714285714285, 0.6428571428571428, 0.7142857142857142, 0.6428571428571428, 0.6428571428571428, 0.9285714285714285, 0.8571428571428571, 0.7857142857142856, 0.9285714285714285, 0.5714285714285714, 0.5714285714285714, 0.5714285714285714, 0.8571428571428571, 0.5714285714285714]",0.1498298354528787,0.0143034078424674,0.0325120842838846,0.0028394261076611,0.0032537743206322,"[0.0016991981614251574, 0.000584099513387284, 0.0026591340972751485, 0.08608519094194746, 0.033849864021584394, 0.004866195516550142, 0.00025223851430310266, 0.02885760609066996, 0.0363210610125574, 0.0061859337585246765, 0.0067481130779345495, 0.002229047404388882, 0.001896958299081847, 0.004930878371954592, 0.08850153988214526, 0.006053147257700304, 0.0010640659254875391, 0.03223746374257513, 0.011477270077796335, 0.05830999393342978, 0.0262789405447131, 0.04797733200652249, 0.006053433603988345, 0.01331312776176663, 0.0007971681254277747, 0.019638816232824843, 0.015660926960393357, 0.0698486565296549, 0.0057988427977525275, 0.06128602167490163]",0.0260301945650583,3744.0,0.8507936507936509,0.915873015873016,"[1.0, 0.9761904761904763, 1.0, 0.7857142857142858, 0.9523809523809524, 0.8571428571428572, 1.0, 0.7857142857142858, 0.7857142857142858, 0.9047619047619048, 0.9523809523809524, 1.0, 0.9285714285714287, 0.9285714285714287, 0.7619047619047621, 0.9761904761904763, 0.9761904761904763, 0.8095238095238096, 0.8333333333333335, 0.7857142857142858, 0.8095238095238096, 0.9761904761904763, 0.9285714285714287, 0.880952380952381, 0.9761904761904763, 0.7619047619047621, 0.7619047619047621, 0.7619047619047621, 0.9285714285714287, 0.7619047619047621]",52.1813090233268,0.9891865095743702,"[1.0, 1.0, 1.0, 1.0, 1.0, 1.0, 1.0, 1.0, 1.0, 1.0, 1.0, 1.0, 1.0, 1.0, 1.0, 1.0, 1.0, 1.0, 1.0, 1.0, 1.0, 1.0, 1.0, 1.0, 1.0, 1.0, 1.0, 1.0, 1.0, 1.0]",0.0,"[1.0, 0.8, 1.0, 0.8, 1.0, 0.8, 1.0, 0.8, 0.8, 0.8, 0.8, 1.0, 0.8, 0.8, 0.8, 1.0, 1.0, 0.8, 0.8, 0.8, 0.8, 1.0, 0.8, 0.8, 1.0, 0.8, 0.8, 0.8, 0.8, 0.8]",0.0916515138991167,0.0022318069379464
california,rf,5000,3,8,abc_shap,A1,0.2496,1248.0,3752.0,0.8285714285714286,0.1690755621886346,0.7476190476190474,0.7888888888888891,0.8866666666666667,0.0053998718840167,32.50692591681567,"[0.9285714285714285, 0.8571428571428571, 0.7857142857142856, 0.9999999999999998, 0.7857142857142856, 0.42857142857142855, 0.4999999999999999, 0.7142857142857142, 0.42857142857142855, 0.9999999999999998, 0.7142857142857142, 0.9999999999999998, 0.6428571428571428, 0.8571428571428571, 0.7857142857142856, 0.4999999999999999, 0.8571428571428571, 0.4999999999999999, 0.5714285714285714, 0.7142857142857142, 0.9285714285714285, 0.4999999999999999, 0.42857142857142855, 0.7857142857142856, 0.9285714285714285, 0.6428571428571428, 0.8571428571428571, 0.9285714285714285, 0.8571428571428571, 0.9999999999999998]",0.187838884983962,0.0032940790686661,0.0081834260708116,0.000674983985502,0.0008762240967517,"[0.00044351481206056224, 0.003531158071502084, 0.0012251607463146926, 0.00034892832797084935, 0.005253848482119022, 0.010896655532312748, 0.006025554816797578, 0.03188670719916429, 0.010731689996015528, 0.00033604579227718444, 0.005200273896479035, 0.0012101348150697438, 0.0037622342498699825, 0.002056082338555815, 0.0016834821715976294, 0.015085815425759442, 0.002352178270518978, 0.016650458439930262, 0.018503757312483403, 0.003047970877604854, 0.0004716745226724945, 0.005824513999886225, 0.007467836943779741, 0.001631232181388031, 0.0005214296354437031, 0.003631079184332165, 0.0012910799467352675, 0.0002530357092590816, 0.0006090642801697218, 6.355854243261474e-05]",0.0070097927740142,1248.0,0.765813492063492,0.8857142857142858,"[0.9761904761904763, 0.9285714285714287, 0.9047619047619048, 1.0, 0.9047619047619048, 0.523809523809524, 0.5714285714285715, 0.880952380952381, 0.523809523809524, 1.0, 0.880952380952381, 1.0, 0.7619047619047621, 0.9285714285714287, 0.9047619047619048, 0.5952380952380953, 0.9285714285714287, 0.5952380952380953, 0.6428571428571429, 0.8095238095238096, 0.9761904761904763, 0.5714285714285715, 0.523809523809524, 0.9047619047619048, 0.9761904761904763, 0.7619047619047621, 0.9523809523809524, 0.9761904761904763, 0.9523809523809524, 1.0]",54.988295199997566,2.3708720720545946,"[0.6666666666666666, 1.0, 0.6666666666666666, 1.0, 1.0, 0.6666666666666666, 0.6666666666666666, 1.0, 0.6666666666666666, 1.0, 1.0, 1.0, 0.6666666666666666, 1.0, 0.6666666666666666, 0.6666666666666666, 1.0, 0.6666666666666666, 0.6666666666666666, 0.6666666666666666, 0.6666666666666666, 0.6666666666666666, 0.6666666666666666, 0.6666666666666666, 0.6666666666666666, 0.6666666666666666, 0.6666666666666666, 1.0, 0.6666666666666666, 1.0]",0.1606314699422329,"[1.0, 0.8, 1.0, 1.0, 0.8, 0.8, 0.8, 0.8, 0.8, 1.0, 0.8, 1.0, 0.8, 0.8, 1.0, 0.8, 0.8, 0.8, 0.8, 0.8, 1.0, 0.8, 0.8, 1.0, 1.0, 0.8, 1.0, 1.0, 1.0, 1.0]",0.0991071249821233,0.0006110095391216
california,rf,5000,3,8,abc_shap,A3,0.7488,3744.0,1256.0,0.7833333333333333,0.1592867226579703,0.7023809523809523,0.7888888888888891,0.8466666666666668,0.00620667081037,37.36381020815639,"[0.7857142857142856, 0.4999999999999999, 0.9285714285714285, 0.4999999999999999, 0.7142857142857142, 0.9999999999999998, 0.4999999999999999, 0.6428571428571428, 0.9999999999999998, 0.5714285714285714, 0.5714285714285714, 0.7857142857142856, 0.4999999999999999, 0.6428571428571428, 0.4999999999999999, 0.8571428571428571, 0.5714285714285714, 0.6428571428571428, 0.7857142857142856, 0.7142857142857142, 0.8571428571428571, 0.6428571428571428, 0.4999999999999999, 0.6428571428571428, 0.5714285714285714, 0.8571428571428571, 0.9285714285714285, 0.42857142857142855, 0.9999999999999998, 0.9285714285714285]",0.1750445359591695,0.0043895792929978,0.008022899340795,0.0007758338512962,0.0006585232186624,"[0.0015889336244039967, 0.005733948463176835, 0.0003164040791224679, 0.00893285655114226, 0.011890964938002931, 0.00023051241595200894, 0.012521672584754489, 0.0040208033745187085, 0.00028340356293818966, 0.004918637835657242, 0.01868492583586928, 0.011520991210274206, 0.006697767502413849, 0.0032991418372071623, 0.01697703596947288, 0.0014724089827016138, 0.008467573590516439, 0.008788776405126856, 0.0035565112401263637, 0.011363987213028963, 0.0005744211606250618, 0.0027532352754903538, 0.012842882449561933, 0.010991970109465054, 0.004117683896340017, 0.0013665025519099506, 0.0012456344632870014, 0.010050982229251047, 0.00036416982247157437, 0.0006253851362931927]",0.0052681857492997,3744.0,0.7253968253968256,0.8349404761904763,"[0.9047619047619048, 0.5952380952380953, 0.9761904761904763, 0.5714285714285715, 0.8095238095238096, 1.0, 0.5714285714285715, 0.7619047619047621, 1.0, 0.6904761904761906, 0.6428571428571429, 0.9047619047619048, 0.5714285714285715, 0.7619047619047621, 0.5952380952380953, 0.9285714285714287, 0.6428571428571429, 0.7380952380952381, 0.9047619047619048, 0.880952380952381, 0.9285714285714287, 0.7619047619047621, 0.5714285714285715, 0.7380952380952381, 0.6428571428571429, 0.9285714285714287, 0.9761904761904763, 0.523809523809524, 1.0, 0.9761904761904763]",58.132208100003965,4.006484705141293,"[0.6666666666666666, 0.6666666666666666, 1.0, 0.6666666666666666, 1.0, 1.0, 0.6666666666666666, 0.6666666666666666, 1.0, 0.6666666666666666, 0.6666666666666666, 1.0, 0.6666666666666666, 0.6666666666666666, 0.6666666666666666, 1.0, 0.6666666666666666, 1.0, 0.6666666666666666, 1.0, 0.6666666666666666, 0.6666666666666666, 0.6666666666666666, 1.0, 0.6666666666666666, 0.6666666666666666, 0.6666666666666666, 0.6666666666666666, 1.0, 1.0]",0.1606314699422329,"[0.8, 0.8, 0.8, 0.8, 0.8, 1.0, 0.8, 0.8, 1.0, 0.8, 0.8, 0.8, 0.8, 0.8, 0.8, 0.8, 0.8, 0.8, 0.8, 0.8, 1.0, 0.8, 0.8, 0.8, 0.8, 1.0, 1.0, 0.8, 1.0, 1.0]",0.0845905169363301,0.000689140953448
california,rf,5000,4,8,abc_shap,A1,0.2496,1248.0,3752.0,0.7944444444444445,0.1383527065271083,0.688095238095238,0.8222222222222223,0.8400000000000002,0.0185743845171613,34.02923963192773,"[0.9999999999999998, 0.5714285714285714, 0.6428571428571428, 0.6428571428571428, 0.9285714285714285, 0.7142857142857142, 0.42857142857142855, 0.7142857142857142, 0.8571428571428571, 0.5714285714285714, 0.5714285714285714, 0.6428571428571428, 0.9999999999999998, 0.5714285714285714, 0.9999999999999998, 0.7142857142857142, 0.4999999999999999, 0.9285714285714285, 0.4999999999999999, 0.4999999999999999, 0.7857142857142856, 0.7857142857142856, 0.5714285714285714, 0.5714285714285714, 0.8571428571428571, 0.5714285714285714, 0.6428571428571428, 0.4999999999999999, 0.42857142857142855, 0.9285714285714285]",0.1754327335217966,0.0126743184181745,0.0244379031482975,0.0023217980646451,0.0020466439438095,"[0.0011832924766897502, 0.03890696830916629, 0.03888029603183672, 0.02786969100767462, 0.0012491677807027312, 0.006167610160779414, 0.045666782793105105, 0.01071574597801054, 0.0009957113856058641, 0.037723456465685985, 0.024320759054529826, 0.009108656755844595, 0.00012733365583144444, 0.03642295702024012, 0.00024537715176374325, 0.003604228400772161, 0.019632680111841407, 0.001576651213245413, 0.023526699066745517, 0.05488448955069942, 0.005445701624170458, 0.0035080237378296774, 0.017055212097271594, 0.03575540541419126, 0.001701461224319055, 0.03932442568437782, 0.02646685038137867, 0.015168870518620318, 0.029423332699791957, 0.0005736977621197462]",0.0163731515504761,1248.0,0.7452380952380954,0.8460317460317461,"[1.0, 0.6904761904761906, 0.7142857142857144, 0.8095238095238096, 0.9761904761904763, 0.8333333333333335, 0.5952380952380953, 0.8571428571428572, 0.9523809523809524, 0.6904761904761906, 0.6904761904761906, 0.8095238095238096, 1.0, 0.6904761904761906, 1.0, 0.8333333333333335, 0.6428571428571429, 0.9761904761904763, 0.5952380952380953, 0.6190476190476191, 0.9047619047619048, 0.9047619047619048, 0.7142857142857144, 0.6904761904761906, 0.9285714285714287, 0.6904761904761906, 0.8095238095238096, 0.6428571428571429, 0.5952380952380953, 0.9761904761904763]",54.42880435666884,2.780684852632112,"[1.0, 0.6666666666666666, 0.6666666666666666, 0.6666666666666666, 1.0, 0.6666666666666666, 1.0, 0.6666666666666666, 1.0, 0.6666666666666666, 0.6666666666666666, 0.6666666666666666, 1.0, 0.6666666666666666, 1.0, 1.0, 1.0, 0.6666666666666666, 0.6666666666666666, 1.0, 0.6666666666666666, 0.6666666666666666, 1.0, 0.6666666666666666, 1.0, 0.6666666666666666, 0.6666666666666666, 1.0, 1.0, 1.0]",0.1662958838566196,"[1.0, 0.8, 0.8, 0.8, 1.0, 0.8, 0.6, 0.8, 1.0, 0.8, 0.8, 0.8, 1.0, 0.8, 1.0, 0.8, 0.8, 1.0, 0.8, 0.8, 1.0, 1.0, 0.8, 0.8, 0.8, 0.8, 0.8, 0.6, 0.6, 1.0]",0.1199999999999999,0.002156095973125
california,rf,5000,4,8,abc_shap,A3,0.7488,3744.0,1256.0,0.8301587301587303,0.1109522674114367,0.7119047619047618,0.777777777777778,0.8933333333333333,0.0146364913958744,26.814814381638396,"[0.8571428571428571, 0.8571428571428571, 0.8571428571428571, 0.9999999999999998, 0.5714285714285714, 0.4999999999999999, 0.6428571428571428, 0.7142857142857142, 0.5714285714285714, 0.7857142857142856, 0.4999999999999999, 0.5714285714285714, 0.8571428571428571, 0.5714285714285714, 0.7142857142857142, 0.6428571428571428, 0.7142857142857142, 0.6428571428571428, 0.7142857142857142, 0.7142857142857142, 0.5714285714285714, 0.9285714285714285, 0.5714285714285714, 0.7857142857142856, 0.7857142857142856, 0.7857142857142856, 0.6428571428571428, 0.7142857142857142, 0.5714285714285714, 0.9999999999999998]",0.1373749689214443,0.0091405214909378,0.0202868998824114,0.0018295614244843,0.0020009305887368,"[0.004198712060649437, 0.0011378350244496528, 0.0008962533792498145, 0.002429332778913721, 0.0391783855597271, 0.03816411470647259, 0.013653684090511535, 0.009746238408784087, 0.03631551780662993, 0.007799714083273442, 0.056785048329544514, 0.04995921218693326, 0.0007650729147631203, 0.020530354125737473, 0.006290428039100665, 0.013767383969909949, 0.001955920078314779, 0.006479520064991757, 0.00398182037863718, 0.00890198087807605, 0.01841677981906874, 0.0023942719585257413, 0.024618164970324707, 0.00268926550954518, 0.004874411502857295, 0.0020276235460411148, 0.007993411024809764, 0.0096935375296578, 0.04216234623494565, 0.0012884009157874913]",0.0160074447098946,3744.0,0.7936507936507939,0.8698809523809525,"[0.9523809523809524, 0.9523809523809524, 0.9523809523809524, 1.0, 0.6904761904761906, 0.6428571428571429, 0.7857142857142858, 0.880952380952381, 0.6904761904761906, 0.9047619047619048, 0.6190476190476191, 0.6904761904761906, 0.9523809523809524, 0.6904761904761906, 0.8333333333333335, 0.8095238095238096, 0.8095238095238096, 0.7857142857142858, 0.880952380952381, 0.880952380952381, 0.7142857142857144, 0.9761904761904763, 0.7619047619047621, 0.9047619047619048, 0.9047619047619048, 0.9047619047619048, 0.8095238095238096, 0.8333333333333335, 0.6904761904761906, 1.0]",53.96935291665917,0.9215318323363874,"[0.6666666666666666, 0.6666666666666666, 1.0, 1.0, 0.6666666666666666, 0.6666666666666666, 0.6666666666666666, 0.6666666666666666, 0.6666666666666666, 0.6666666666666666, 1.0, 0.6666666666666666, 1.0, 1.0, 0.6666666666666666, 0.6666666666666666, 1.0, 1.0, 0.6666666666666666, 0.6666666666666666, 1.0, 1.0, 0.6666666666666666, 0.6666666666666666, 0.6666666666666666, 0.6666666666666666, 0.6666666666666666, 0.6666666666666666, 0.6666666666666666, 1.0]",0.1571348402636772,"[1.0, 1.0, 1.0, 1.0, 0.8, 0.8, 0.8, 1.0, 0.8, 1.0, 0.8, 0.8, 1.0, 0.8, 0.8, 0.8, 0.8, 0.8, 1.0, 1.0, 0.8, 1.0, 0.8, 1.0, 1.0, 1.0, 0.8, 0.8, 0.8, 1.0]",0.0997775303139717,0.0015906992615242
california,rf,5000,5,8,abc_shap,A1,0.2496,1248.0,3752.0,0.8682539682539683,0.1080181763863433,0.7666666666666667,0.8000000000000002,0.9000000000000001,0.002727733741319,37.98551932821182,"[0.9285714285714285, 0.6428571428571428, 0.9999999999999998, 0.6428571428571428, 0.42857142857142855, 0.7857142857142856, 0.8571428571428571, 0.4999999999999999, 0.8571428571428571, 0.7142857142857142, 0.9285714285714285, 0.9999999999999998, 0.8571428571428571, 0.9999999999999998, 0.6428571428571428, 0.7857142857142856, 0.6428571428571428, 0.8571428571428571, 0.7857142857142856, 0.6428571428571428, 0.6428571428571428, 0.7857142857142856, 0.6428571428571428, 0.6428571428571428, 0.9999999999999998, 0.7142857142857142, 0.9285714285714285, 0.6428571428571428, 0.8571428571428571, 0.6428571428571428]",0.1508855192167129,0.0018746412914328,0.0036704135445797,0.0003409667176648,0.0003210228080485,"[0.0010002582992989163, 0.005192263641885517, 6.857265614595213e-05, 0.005004855650567873, 0.009679787691065025, 0.0016096249814220615, 0.002250846350841223, 0.009427222156772767, 0.00029778794798425743, 0.0020446508682225896, 0.0022063082638106445, 6.637599062847034e-05, 0.0003479521957510492, 0.00012747700322698465, 0.00440023602372092, 0.00032019783194226723, 0.002467079825850445, 0.0012616044952007744, 0.0015173640137904872, 0.004944347119761844, 0.005297698687853974, 0.0014684576193679042, 0.0031758686402343825, 0.005713014919603284, 5.3044887133988505e-05, 0.0029949579659155623, 0.0007684931919047597, 0.0029730731351945046, 0.0003349463832543541, 0.004817643801219732]",0.002568182464388,1248.0,0.8301388888888888,0.9031746031746032,"[0.9761904761904763, 0.7857142857142858, 1.0, 0.7857142857142858, 0.5476190476190477, 0.9047619047619048, 0.9285714285714287, 0.6666666666666669, 0.9523809523809524, 0.8571428571428572, 0.9761904761904763, 1.0, 0.9523809523809524, 1.0, 0.7857142857142858, 0.9047619047619048, 0.7857142857142858, 0.9285714285714287, 0.9047619047619048, 0.7857142857142858, 0.7857142857142858, 0.9047619047619048, 0.7857142857142858, 0.7857142857142858, 1.0, 0.8571428571428572, 0.9761904761904763, 0.7857142857142858, 0.9523809523809524, 0.7857142857142858]",55.19803233333708,2.547137329552567,"[1.0, 0.6666666666666666, 1.0, 0.6666666666666666, 0.6666666666666666, 0.6666666666666666, 1.0, 0.6666666666666666, 1.0, 0.6666666666666666, 1.0, 1.0, 1.0, 1.0, 0.6666666666666666, 0.6666666666666666, 0.6666666666666666, 1.0, 0.6666666666666666, 0.6666666666666666, 0.6666666666666666, 0.6666666666666666, 0.6666666666666666, 0.6666666666666666, 1.0, 0.6666666666666666, 1.0, 0.6666666666666666, 1.0, 0.6666666666666666]",0.1632993161855452,"[1.0, 0.8, 1.0, 0.8, 0.6, 1.0, 1.0, 0.8, 1.0, 0.8, 1.0, 1.0, 1.0, 1.0, 0.8, 1.0, 0.8, 1.0, 1.0, 0.8, 0.8, 1.0, 0.8, 0.8, 1.0, 0.8, 1.0, 0.8, 1.0, 0.8]",0.1125462867742275,0.000220558696496
california,rf,5000,5,8,abc_shap,A3,0.7488,3744.0,1256.0,0.8761904761904762,0.1231668300607387,0.7857142857142859,0.8333333333333335,0.9133333333333334,0.0024396693009656,33.97402905661242,"[0.7142857142857142, 0.8571428571428571, 0.5714285714285714, 0.42857142857142855, 0.8571428571428571, 0.7857142857142856, 0.9999999999999998, 0.9285714285714285, 0.6428571428571428, 0.9999999999999998, 0.9285714285714285, 0.6428571428571428, 0.9285714285714285, 0.8571428571428571, 0.9285714285714285, 0.9285714285714285, 0.8571428571428571, 0.9999999999999998, 0.7857142857142856, 0.6428571428571428, 0.8571428571428571, 0.7142857142857142, 0.8571428571428571, 0.42857142857142855, 0.8571428571428571, 0.5714285714285714, 0.7142857142857142, 0.5714285714285714, 0.8571428571428571, 0.8571428571428571]",0.1586507737995969,0.0015324381502984,0.0034768791163059,0.0003049586626207,0.0003453708802155,"[0.0017855422595079722, 0.0008415317807771874, 0.006402709029134848, 0.010604386459739042, 0.0017435813408485286, 0.0013314974573521974, 0.0006220003575954264, 0.0006378595383623827, 0.0035101771654284953, 0.00013734786114267695, 0.00035609553447635755, 0.0024246159098607863, 0.0004932380751708593, 0.00013457695140204167, 0.0004110484641164097, 0.0005298197991706574, 0.0002974813145510752, 0.00014370870219206937, 0.0009170255330738513, 0.0034957002777138467, 0.001703026101113543, 0.001706731232503848, 0.0016806110706873805, 0.010200443382344876, 0.0006272454141490255, 0.007068448119597673, 0.0025288029053728194, 0.004795898158087684, 0.0021328894162432875, 0.003926039417251462]",0.0027629670417242,3744.0,0.8293452380952381,0.9198412698412698,"[0.8571428571428572, 0.9285714285714287, 0.7619047619047621, 0.5476190476190477, 0.9285714285714287, 0.9047619047619048, 1.0, 0.9761904761904763, 0.7857142857142858, 1.0, 0.9761904761904763, 0.7857142857142858, 0.9761904761904763, 0.9523809523809524, 0.9761904761904763, 0.9761904761904763, 0.9523809523809524, 1.0, 0.9047619047619048, 0.7857142857142858, 0.9285714285714287, 0.8571428571428572, 0.9285714285714287, 0.5476190476190477, 0.9285714285714287, 0.6904761904761906, 0.8571428571428572, 0.6904761904761906, 0.9285714285714287, 0.9523809523809524]",53.0444735933328,1.1619366893877214,"[0.6666666666666666, 1.0, 0.6666666666666666, 0.6666666666666666, 1.0, 0.6666666666666666, 1.0, 1.0, 0.6666666666666666, 1.0, 1.0, 0.6666666666666666, 1.0, 1.0, 1.0, 1.0, 1.0, 1.0, 0.6666666666666666, 0.6666666666666666, 1.0, 0.6666666666666666, 1.0, 0.6666666666666666, 0.6666666666666666, 0.6666666666666666, 0.6666666666666666, 0.6666666666666666, 1.0, 0.6666666666666666]",0.1666666666666666,"[0.8, 1.0, 0.8, 0.6, 1.0, 1.0, 1.0, 1.0, 0.8, 1.0, 1.0, 0.8, 1.0, 1.0, 1.0, 1.0, 1.0, 1.0, 1.0, 0.8, 1.0, 0.8, 1.0, 0.6, 1.0, 0.8, 0.8, 0.8, 1.0, 1.0]",0.1231079020841292,0.0002586580017934
california,rf,5000,6,8,abc_shap,A1,0.2496,1248.0,3752.0,0.9246031746031744,0.0772944164073973,0.8380952380952377,1.0,0.9333333333333332,0.0154157918019661,30.653970284240252,"[0.9999999999999998, 0.7857142857142856, 0.9999999999999998, 0.9285714285714285, 0.7857142857142856, 0.7857142857142856, 0.9285714285714285, 0.9285714285714285, 0.9999999999999998, 0.7142857142857142, 0.9999999999999998, 0.42857142857142855, 0.7142857142857142, 0.9285714285714285, 0.9285714285714285, 0.9285714285714285, 0.8571428571428571, 0.8571428571428571, 0.7857142857142856, 0.7857142857142856, 0.8571428571428571, 0.8571428571428571, 0.6428571428571428, 0.7857142857142856, 0.9285714285714285, 0.8571428571428571, 0.7857142857142856, 0.7857142857142856, 0.7857142857142856, 0.7857142857142856]",0.1194279638474709,0.0093273316784088,0.021889987626171,0.0019269739752457,0.0021047001469638,"[0.0012756880236518195, 0.002199836279802412, 0.001451013440418998, 0.00013134889759470686, 0.015880969051763182, 0.0036386678999124214, 0.0026073034207620698, 0.03462985292347733, 0.014003642279438717, 0.005040871462764984, 0.016242763449041693, 0.06316113982084769, 0.002024479874749715, 0.04638362407261266, 0.026762075584688013, 0.042124698361252995, 0.03148496526083322, 0.04672577504314319, 0.010891486996011319, 0.017578151899157953, 0.009190758334918798, 0.0011133841708076118, 0.02836473750817335, 0.0006642479213893949, 0.016547463758311207, 0.0003845068337175206, 0.0015586717112445613, 0.015668835092353808, 0.0043073035249927075, 0.00043549116115156695]",0.016837601175711,1248.0,0.8936507936507936,0.94765873015873,"[1.0, 0.9047619047619048, 1.0, 0.9761904761904763, 0.9047619047619048, 0.9047619047619048, 0.9761904761904763, 0.9761904761904763, 1.0, 0.880952380952381, 1.0, 0.5952380952380953, 0.880952380952381, 0.9761904761904763, 0.9761904761904763, 0.9761904761904763, 0.9523809523809524, 0.9523809523809524, 0.9047619047619048, 0.9047619047619048, 0.9523809523809524, 0.9285714285714287, 0.7857142857142858, 0.9047619047619048, 0.9761904761904763, 0.9285714285714287, 0.9047619047619048, 0.9047619047619048, 0.9047619047619048, 0.9047619047619048]",53.21943940667164,1.72016231835552,"[1.0, 1.0, 1.0, 1.0, 1.0, 1.0, 1.0, 1.0, 1.0, 1.0, 1.0, 1.0, 1.0, 1.0, 1.0, 1.0, 1.0, 1.0, 1.0, 1.0, 1.0, 1.0, 1.0, 1.0, 1.0, 1.0, 1.0, 1.0, 1.0, 1.0]",0.0,"[1.0, 1.0, 1.0, 1.0, 1.0, 1.0, 1.0, 0.8, 1.0, 1.0, 1.0, 0.6, 1.0, 0.8, 0.8, 0.8, 0.8, 0.8, 1.0, 1.0, 0.8, 1.0, 0.8, 1.0, 1.0, 1.0, 1.0, 1.0, 1.0, 1.0]",0.1074967699773139,0.0018661207388573
california,rf,5000,6,8,abc_shap,A3,0.7488,3744.0,1256.0,0.9166666666666664,0.0864496672841774,0.8285714285714282,0.9777777777777776,0.9333333333333332,0.0177433423935321,35.28225455179441,"[0.7857142857142856, 0.6428571428571428, 0.9285714285714285, 0.9285714285714285, 0.7857142857142856, 0.9999999999999998, 0.7142857142857142, 0.6428571428571428, 0.9999999999999998, 0.42857142857142855, 0.7857142857142856, 0.9999999999999998, 0.6428571428571428, 0.9285714285714285, 0.9999999999999998, 0.7857142857142856, 0.7142857142857142, 0.8571428571428571, 0.9999999999999998, 0.7857142857142856, 0.9285714285714285, 0.7857142857142856, 0.7857142857142856, 0.9285714285714285, 0.9285714285714285, 0.9285714285714285, 0.7142857142857142, 0.7857142857142856, 0.7857142857142856, 0.9285714285714285]",0.1350233036072173,0.0122151620581731,0.0238234637558633,0.0022179177991915,0.0021550642592408,"[0.009379113398340463, 0.025926917473916778, 0.010665803534838267, 0.013846566753598563, 0.06648711602742796, 0.015615699073827715, 0.002627558891567564, 0.027320222651106982, 0.017795541524865836, 0.06351650542194669, 0.018142780224071002, 0.001804728694527235, 0.0386820465161745, 0.004941825207717389, 0.006012376067423234, 0.010338330266031315, 0.004215629326158507, 0.025936186420708877, 0.005196286876069019, 0.014188739496312094, 0.026145256106486357, 0.013850937007444298, 0.006450863377834746, 0.002068361995029081, 0.013714396590005078, 0.05624061359204687, 0.01025318072309247, 0.003073696327076238, 0.0031869347074031744, 0.014676057532917251]",0.0172405140739267,3744.0,0.8841269841269842,0.9452380952380948,"[0.9047619047619048, 0.7857142857142858, 0.9761904761904763, 0.9761904761904763, 0.9047619047619048, 1.0, 0.880952380952381, 0.7857142857142858, 1.0, 0.5952380952380953, 0.9047619047619048, 1.0, 0.7857142857142858, 0.9761904761904763, 1.0, 0.9047619047619048, 0.880952380952381, 0.9523809523809524, 1.0, 0.9047619047619048, 0.9761904761904763, 0.9047619047619048, 0.9047619047619048, 0.9761904761904763, 0.9761904761904763, 0.9761904761904763, 0.880952380952381, 0.9047619047619048, 0.9047619047619048, 0.9761904761904763]",53.15929025667332,0.893222893051126,"[1.0, 1.0, 1.0, 1.0, 0.6666666666666666, 1.0, 1.0, 1.0, 1.0, 1.0, 1.0, 1.0, 1.0, 1.0, 1.0, 1.0, 1.0, 0.6666666666666666, 1.0, 1.0, 1.0, 1.0, 1.0, 1.0, 1.0, 1.0, 1.0, 1.0, 1.0, 1.0]",0.0831479419283098,"[1.0, 0.8, 1.0, 1.0, 0.8, 1.0, 1.0, 0.8, 1.0, 0.6, 1.0, 1.0, 0.8, 1.0, 1.0, 1.0, 1.0, 0.8, 1.0, 1.0, 0.8, 1.0, 1.0, 1.0, 0.8, 0.8, 1.0, 1.0, 1.0, 1.0]",0.1074967699773139,0.0022094442272825
california,rf,5000,7,8,abc_shap,A1,0.2496,1248.0,3752.0,0.984126984126984,0.0154711021346173,0.952380952380952,1.0,1.0,0.0011311217085305,22.667817141235673,"[0.9999999999999998, 0.9285714285714285, 0.9999999999999998, 0.9999999999999998, 0.9285714285714285, 0.9999999999999998, 0.9285714285714285, 0.9999999999999998, 0.9999999999999998, 0.9999999999999998, 0.9285714285714285, 0.8571428571428571, 0.9285714285714285, 0.9285714285714285, 0.9999999999999998, 0.8571428571428571, 0.9285714285714285, 0.9285714285714285, 0.9285714285714285, 0.9999999999999998, 0.9999999999999998, 0.8571428571428571, 0.9999999999999998, 0.9285714285714285, 0.9285714285714285, 0.9285714285714285, 0.9285714285714285, 0.9285714285714285, 0.9999999999999998, 0.9999999999999998]",0.0464133064038521,0.0006960587188919,0.0015831183159169,0.0001413902135663,0.0001516293165571,"[0.0002747864566755345, 0.0025491073912844676, 0.000279721923733348, 4.1891179105004945e-05, 0.00014171634444354328, 0.0003290787134904031, 0.0019573036768204865, 8.76063972005851e-05, 0.00016348369929669753, 0.00017358311036086774, 0.0008807625492521424, 0.0040367403189931345, 0.0018036190749003008, 0.002196602278134565, 0.00027277739340607983, 0.0030608948692890554, 0.0018081645769424482, 0.0006368523931626893, 0.002323507468805327, 9.500283256974e-05, 4.8009252168203454e-05, 0.004070074545821189, 0.0003296849124603829, 0.00032497168591128623, 0.0002284421075945736, 0.0025990148714209265, 0.0017578668917046787, 0.001206068164152165, 6.817972339694591e-05, 0.00018813645342021423]",0.0012130345324568,1248.0,0.9785714285714284,0.9896825396825396,"[1.0, 0.9761904761904763, 1.0, 1.0, 0.9761904761904763, 1.0, 0.9761904761904763, 1.0, 1.0, 1.0, 0.9761904761904763, 0.9523809523809524, 0.9761904761904763, 0.9761904761904763, 1.0, 0.9523809523809524, 0.9761904761904763, 0.9761904761904763, 0.9761904761904763, 1.0, 1.0, 0.9523809523809524, 1.0, 0.9761904761904763, 0.9761904761904763, 0.9761904761904763, 0.9761904761904763, 0.9761904761904763, 1.0, 1.0]",55.581968643328096,1.7328727724158866,"[1.0, 1.0, 1.0, 1.0, 1.0, 1.0, 1.0, 1.0, 1.0, 1.0, 1.0, 1.0, 1.0, 1.0, 1.0, 1.0, 1.0, 1.0, 1.0, 1.0, 1.0, 1.0, 1.0, 1.0, 1.0, 1.0, 1.0, 1.0, 1.0, 1.0]",0.0,"[1.0, 1.0, 1.0, 1.0, 1.0, 1.0, 1.0, 1.0, 1.0, 1.0, 1.0, 1.0, 1.0, 1.0, 1.0, 1.0, 1.0, 1.0, 1.0, 1.0, 1.0, 1.0, 1.0, 1.0, 1.0, 1.0, 1.0, 1.0, 1.0, 1.0]",0.0,0.0001398386157635
california,rf,5000,7,8,abc_shap,A3,0.7488,3744.0,1256.0,0.9833333333333332,0.0152455338986496,0.9499999999999998,1.0,1.0,0.0010262378802699,20.565932417289595,"[0.9285714285714285, 0.9999999999999998, 0.9999999999999998, 0.9999999999999998, 0.9999999999999998, 0.9999999999999998, 0.9285714285714285, 0.9285714285714285, 0.9285714285714285, 0.9999999999999998, 0.9285714285714285, 0.8571428571428571, 0.9285714285714285, 0.9285714285714285, 0.9999999999999998, 0.9285714285714285, 0.9285714285714285, 0.8571428571428571, 0.9285714285714285, 0.9999999999999998, 0.9285714285714285, 0.9285714285714285, 0.9285714285714285, 0.9999999999999998, 0.9285714285714285, 0.9999999999999998, 0.9999999999999998, 0.8571428571428571, 0.9999999999999998, 0.9285714285714285]",0.0457366016959488,0.000721792689852,0.0013610237398876,0.0001282797350337,0.0001143648525546,"[0.0009488033795934793, 0.0008387239536649774, 0.000470826862235307, 0.00010978829030999065, 0.00018324690075904716, 0.00011377490092446354, 0.0015773457729923782, 0.00041802920545937265, 0.000974550045600859, 0.00017859000040238622, 0.0016663658165278308, 0.00327522967736118, 0.00042208414834561724, 0.0013133586859478648, 0.00046415203581096873, 0.0012280456018397105, 0.00041119192122413077, 0.002883597665894407, 0.0006690113507310685, 0.00023888385516858716, 0.0008609646807586495, 0.002225204820421948, 0.002503189336451256, 0.00027730206579288654, 0.0027303426644151277, 0.0005252589953956738, 0.00042296010174635326, 0.0022030366494758557, 0.00017246547869228352, 0.0004808115441550051]",0.0009149188204368,3744.0,0.9777777777777776,0.9888888888888888,"[0.9761904761904763, 1.0, 1.0, 1.0, 1.0, 1.0, 0.9761904761904763, 0.9761904761904763, 0.9761904761904763, 1.0, 0.9761904761904763, 0.9523809523809524, 0.9761904761904763, 0.9761904761904763, 1.0, 0.9761904761904763, 0.9761904761904763, 0.9523809523809524, 0.9761904761904763, 1.0, 0.9761904761904763, 0.9761904761904763, 0.9761904761904763, 1.0, 0.9761904761904763, 1.0, 1.0, 0.9523809523809524, 1.0, 0.9761904761904763]",55.13379967666697,1.0668262389160956,"[1.0, 1.0, 1.0, 1.0, 1.0, 1.0, 1.0, 1.0, 1.0, 1.0, 1.0, 1.0, 1.0, 1.0, 1.0, 1.0, 1.0, 1.0, 1.0, 1.0, 1.0, 1.0, 1.0, 1.0, 1.0, 1.0, 1.0, 1.0, 1.0, 1.0]",0.0,"[1.0, 1.0, 1.0, 1.0, 1.0, 1.0, 1.0, 1.0, 1.0, 1.0, 1.0, 1.0, 1.0, 1.0, 1.0, 1.0, 1.0, 1.0, 1.0, 1.0, 1.0, 1.0, 1.0, 1.0, 1.0, 1.0, 1.0, 1.0, 1.0, 1.0]",0.0,0.0001262530103878
california,rf,5000,8,8,abc_shap,A1,0.2496,1248.0,3752.0,0.9166666666666664,0.0898789813722708,0.8333333333333333,0.8777777777777779,0.94,0.0126841264941336,37.45359447582234,"[0.9285714285714285, 0.9285714285714285, 0.8571428571428571, 0.9285714285714285, 0.6428571428571428, 0.9285714285714285, 0.8571428571428571, 0.8571428571428571, 0.9285714285714285, 0.9285714285714285, 0.8571428571428571, 0.8571428571428571, 0.4999999999999999, 0.7142857142857142, 0.9285714285714285, 0.9285714285714285, 0.8571428571428571, 0.7857142857142856, 0.9285714285714285, 0.9285714285714285, 0.7857142857142856, 0.8571428571428571, 0.6428571428571428, 0.9285714285714285, 0.9285714285714285, 0.6428571428571428, 0.8571428571428571, 0.8571428571428571, 0.7857142857142856, 0.6428571428571428]",0.114186464840779,0.0080547535515332,0.01771175449242,0.0015855158117667,0.0018232187909532,"[0.010450174105750824, 0.009665741243489305, 0.01792505045926564, 0.0038636313183270684, 0.029465486546369383, 0.004761465299884833, 0.009675091691113627, 0.003036050981063348, 0.0034013468206818857, 0.0005934483972549748, 0.014566166892526803, 0.009173886218350203, 0.04990363276585512, 0.05628111126279485, 0.0012636878862166366, 0.002171844122123995, 0.001354265770458311, 0.015751647104890625, 0.0018551917370037646, 0.003027978791254979, 0.02266436340099992, 0.0018479026073393316, 0.006184201716079067, 0.0004755636502965319, 0.0023509167171048336, 0.01947544113967887, 0.009583037046606789, 0.0015907978715525985, 0.04053748833052922, 0.027627182929147436]",0.0145857503276261,1248.0,0.8809325396825397,0.9452579365079364,"[0.9761904761904763, 0.9761904761904763, 0.9523809523809524, 0.9761904761904763, 0.7857142857142858, 0.9761904761904763, 0.9523809523809524, 0.9523809523809524, 0.9761904761904763, 0.9761904761904763, 0.9523809523809524, 0.9523809523809524, 0.5714285714285715, 0.8571428571428572, 0.9761904761904763, 0.9761904761904763, 0.9523809523809524, 0.9047619047619048, 0.9761904761904763, 0.9761904761904763, 0.9047619047619048, 0.9285714285714287, 0.7857142857142858, 0.9761904761904763, 0.9761904761904763, 0.7857142857142858, 0.9285714285714287, 0.9285714285714287, 0.9047619047619048, 0.7857142857142858]",52.55897342666867,1.7516793724938822,"[1.0, 1.0, 1.0, 1.0, 0.6666666666666666, 1.0, 1.0, 1.0, 1.0, 1.0, 1.0, 1.0, 0.6666666666666666, 0.6666666666666666, 0.6666666666666666, 1.0, 0.6666666666666666, 0.6666666666666666, 1.0, 1.0, 0.6666666666666666, 1.0, 1.0, 0.6666666666666666, 1.0, 0.6666666666666666, 1.0, 1.0, 0.6666666666666666, 0.6666666666666666]",0.1606314699422329,"[1.0, 1.0, 1.0, 1.0, 0.8, 1.0, 1.0, 0.8, 1.0, 1.0, 1.0, 1.0, 0.6, 1.0, 1.0, 1.0, 1.0, 1.0, 1.0, 1.0, 1.0, 0.8, 0.8, 1.0, 1.0, 0.8, 1.0, 0.8, 1.0, 0.8]",0.1051982255870633,0.0014379190775997
california,rf,5000,8,8,abc_shap,A3,0.7488,3744.0,1256.0,0.8952380952380953,0.073924641410762,0.7880952380952378,0.8333333333333334,0.8733333333333334,0.0093433933298189,27.589102408036464,"[0.8571428571428571, 0.7142857142857142, 0.8571428571428571, 0.8571428571428571, 0.6428571428571428, 0.7142857142857142, 0.7857142857142856, 0.5714285714285714, 0.9285714285714285, 0.7857142857142856, 0.7142857142857142, 0.9285714285714285, 0.5714285714285714, 0.7857142857142856, 0.8571428571428571, 0.6428571428571428, 0.7857142857142856, 0.8571428571428571, 0.9285714285714285, 0.6428571428571428, 0.7857142857142856, 0.8571428571428571, 0.6428571428571428, 0.9285714285714285, 0.9285714285714285, 0.7857142857142856, 0.7857142857142856, 0.9285714285714285, 0.5714285714285714, 0.9999999999999998]",0.120208624393946,0.0060253030749287,0.0131041466176485,0.0011679241662273,0.0012534767654169,"[0.009788023640212772, 0.025560632780159666, 0.002800896428347628, 0.012174432243823563, 0.03727794693184477, 0.00805214376801705, 0.00787607698142708, 0.014213385200898017, 0.0011274648639530566, 0.002643555337900154, 0.009419426839383682, 0.00430285158131188, 0.016478370017755505, 0.003026413967035087, 0.01364820577051476, 0.03926811221790007, 0.00432896262370683, 0.001390278268507086, 0.002916568025516692, 0.014184643309161872, 0.005127336805228541, 0.0009257041837335494, 0.010344650523130773, 0.0014082215664821811, 0.002866172087115574, 0.004173415969382563, 0.0016919345745357356, 0.0009376682321519669, 0.02217090818793076, 0.00017739696750023172]",0.0100278141233359,3744.0,0.8674603174603175,0.9206349206349208,"[0.9285714285714287, 0.8571428571428572, 0.9285714285714287, 0.9523809523809524, 0.7857142857142858, 0.880952380952381, 0.9047619047619048, 0.7619047619047621, 0.9761904761904763, 0.9047619047619048, 0.8571428571428572, 0.9761904761904763, 0.7619047619047621, 0.880952380952381, 0.9523809523809524, 0.7857142857142858, 0.9047619047619048, 0.9523809523809524, 0.9761904761904763, 0.7857142857142858, 0.9047619047619048, 0.9285714285714287, 0.8095238095238096, 0.9761904761904763, 0.9761904761904763, 0.9047619047619048, 0.9047619047619048, 0.9761904761904763, 0.7619047619047621, 1.0]",52.01888430666101,2.022216079702321,"[1.0, 0.6666666666666666, 1.0, 1.0, 0.6666666666666666, 0.6666666666666666, 0.6666666666666666, 0.6666666666666666, 1.0, 1.0, 0.6666666666666666, 1.0, 0.6666666666666666, 1.0, 1.0, 0.6666666666666666, 0.6666666666666666, 0.6666666666666666, 1.0, 0.6666666666666666, 0.6666666666666666, 1.0, 0.6666666666666666, 1.0, 1.0, 0.6666666666666666, 1.0, 1.0, 0.6666666666666666, 1.0]",0.1666666666666666,"[0.8, 1.0, 0.8, 1.0, 0.8, 0.8, 1.0, 0.8, 1.0, 0.8, 0.8, 1.0, 0.8, 0.8, 1.0, 0.8, 0.8, 1.0, 1.0, 0.8, 1.0, 0.8, 0.8, 0.8, 1.0, 0.8, 0.8, 0.8, 0.8, 1.0]",0.0963788819653397,0.0010657144174354
california,rf,5000,9,8,abc_shap,A1,0.2496,1248.0,3752.0,0.8746031746031747,0.1002516360294484,0.7642857142857142,0.9888888888888888,0.8800000000000001,0.0103683830985598,43.641477690191486,"[0.5714285714285714, 0.9285714285714285, 0.9285714285714285, 0.9285714285714285, 0.7857142857142856, 0.9285714285714285, 0.7857142857142856, 0.8571428571428571, 0.4999999999999999, 0.5714285714285714, 0.7142857142857142, 0.9285714285714285, 0.7142857142857142, 0.9285714285714285, 0.6428571428571428, 0.9999999999999998, 0.9285714285714285, 0.6428571428571428, 0.4999999999999999, 0.9285714285714285, 0.4999999999999999, 0.5714285714285714, 0.5714285714285714, 0.9285714285714285, 0.8571428571428571, 0.9285714285714285, 0.9285714285714285, 0.7857142857142856, 0.5714285714285714, 0.5714285714285714]",0.1671591363663628,0.0068866497021567,0.0140121516886606,0.0012960478873199,0.0012713817728771,"[0.002889930759769587, 0.0008090638493239961, 0.0029456550496270643, 0.013682371415214195, 0.02066742887125791, 0.0002637859449977372, 0.016717299962206136, 0.007620159827902442, 0.03917542952753946, 0.010744911765452118, 0.001615492361215735, 0.015851687085296703, 0.002402351794580059, 0.007081990847792116, 0.02015062796798362, 0.0031146355083332736, 0.010279162417924655, 0.0022429094387164394, 0.005053780523963617, 0.00040367495490426614, 0.031235987699464788, 0.01076960361239634, 0.024629582484655865, 0.0008162159144713275, 0.007059140754607495, 0.00140616894262339, 0.006464776619106515, 0.000806305919491783, 0.02835950812252217, 0.015791853013455676]",0.010171054183017,1248.0,0.8404563492063493,0.9087301587301588,"[0.7619047619047621, 0.9761904761904763, 0.9761904761904763, 0.9761904761904763, 0.9047619047619048, 0.9761904761904763, 0.9047619047619048, 0.9285714285714287, 0.7380952380952381, 0.7619047619047621, 0.8333333333333335, 0.9761904761904763, 0.8095238095238096, 0.9761904761904763, 0.7380952380952381, 1.0, 0.9761904761904763, 0.7857142857142858, 0.7380952380952381, 0.9761904761904763, 0.7380952380952381, 0.7619047619047621, 0.7619047619047621, 0.9761904761904763, 0.9285714285714287, 0.9761904761904763, 0.9761904761904763, 0.880952380952381, 0.7619047619047621, 0.7619047619047621]",56.00442181666925,3.9684200846263975,"[1.0, 1.0, 1.0, 1.0, 1.0, 1.0, 1.0, 1.0, 1.0, 1.0, 1.0, 1.0, 1.0, 1.0, 1.0, 1.0, 1.0, 1.0, 0.6666666666666666, 1.0, 1.0, 1.0, 1.0, 1.0, 1.0, 1.0, 1.0, 1.0, 1.0, 1.0]",0.0598351645237167,"[0.8, 1.0, 1.0, 1.0, 0.8, 0.8, 1.0, 1.0, 0.8, 0.8, 0.8, 1.0, 0.8, 1.0, 0.8, 1.0, 1.0, 0.8, 0.8, 0.8, 0.8, 0.8, 0.8, 0.8, 1.0, 1.0, 1.0, 0.8, 0.8, 0.8]",0.0979795897113271,0.0012945105320612
california,rf,5000,9,8,abc_shap,A3,0.7488,3744.0,1256.0,0.8746031746031747,0.0928130406732934,0.7595238095238094,0.9888888888888888,0.8733333333333334,0.0114992977926364,48.4016016094079,"[0.5714285714285714, 0.8571428571428571, 0.8571428571428571, 0.8571428571428571, 0.9285714285714285, 0.9285714285714285, 0.7857142857142856, 0.7142857142857142, 0.8571428571428571, 0.7857142857142856, 0.7857142857142856, 0.5714285714285714, 0.6428571428571428, 0.6428571428571428, 0.4999999999999999, 0.7857142857142856, 0.5714285714285714, 0.7857142857142856, 0.9285714285714285, 0.4999999999999999, 0.7142857142857142, 0.9285714285714285, 0.5714285714285714, 0.9285714285714285, 0.9999999999999998, 0.9285714285714285, 0.5714285714285714, 0.8571428571428571, 0.4999999999999999, 0.9285714285714285]",0.1548351475037057,0.0071823769413874,0.01629468440919,0.0014374122240795,0.0016080958646949,"[0.013155821059963001, 0.005350586406215081, 0.03203065588597241, 0.017133849278017112, 0.0017105805440280639, 0.0006526279183886878, 0.03633654636118025, 0.003435030038791977, 0.0086407337180974, 0.0011504937564625042, 0.000622402443230782, 0.021754145610452035, 0.009310695537657265, 0.007938880332955018, 0.03926480824043414, 0.0022633768509874937, 0.007771447851266339, 0.0008726276616383005, 0.0034297770525851066, 0.04182482150791315, 0.004287556190839904, 0.0011767003434700746, 0.010900925815486889, 0.006567631240376648, 0.0009487445119174813, 0.0010754535837902326, 0.014584551067448394, 0.0005886037229724994, 0.03833061256256406, 0.011868246683992357]",0.0128647669175598,3744.0,0.8396626984126985,0.9071428571428573,"[0.7619047619047621, 0.9285714285714287, 0.9523809523809524, 0.9523809523809524, 0.9761904761904763, 0.9761904761904763, 0.9047619047619048, 0.8095238095238096, 0.9523809523809524, 0.8571428571428572, 0.880952380952381, 0.7619047619047621, 0.7857142857142858, 0.7857142857142858, 0.7380952380952381, 0.9047619047619048, 0.7619047619047621, 0.880952380952381, 0.9761904761904763, 0.7380952380952381, 0.8333333333333335, 0.9761904761904763, 0.7619047619047621, 0.9761904761904763, 1.0, 0.9761904761904763, 0.7619047619047621, 0.9523809523809524, 0.7380952380952381, 0.9761904761904763]",56.25846636666101,5.3759161304251775,"[1.0, 1.0, 1.0, 1.0, 1.0, 1.0, 1.0, 1.0, 1.0, 1.0, 1.0, 1.0, 1.0, 1.0, 1.0, 0.6666666666666666, 1.0, 1.0, 1.0, 1.0, 1.0, 1.0, 1.0, 1.0, 1.0, 1.0, 1.0, 1.0, 1.0, 1.0]",0.0598351645237167,"[0.8, 1.0, 1.0, 1.0, 0.8, 1.0, 0.8, 0.8, 1.0, 0.8, 0.8, 0.8, 0.8, 0.8, 0.8, 1.0, 0.8, 0.8, 1.0, 0.8, 0.8, 0.8, 0.8, 1.0, 1.0, 1.0, 0.8, 0.8, 0.8, 1.0]",0.0963788819653397,0.001379273415881
california,mlp,5000,0,8,abc_shap,A1,0.2496,1248.0,3752.0,0.9690476190476188,0.0417629273553106,0.9214285714285712,1.0,0.9266666666666666,0.0111525943154735,25.694372121214073,"[0.9285714285714285, 0.9999999999999998, 0.9999999999999998, 0.9285714285714285, 0.9285714285714285, 0.9999999999999998, 0.9285714285714285, 0.9999999999999998, 0.9285714285714285, 0.8571428571428571, 0.9999999999999998, 0.9285714285714285, 0.9999999999999998, 0.9285714285714285, 0.9999999999999998, 0.9285714285714285, 0.9999999999999998, 0.8571428571428571, 0.6428571428571428, 0.9285714285714285, 0.7857142857142856, 0.8571428571428571, 0.9999999999999998, 0.9285714285714285, 0.9285714285714285, 0.7857142857142856, 0.9285714285714285, 0.9285714285714285, 0.8571428571428571, 0.9285714285714285]",0.079003142966843,0.0075041531067799,0.0149691170313173,0.0013940742894341,0.0013347453262699,"[0.007631161635990285, 0.0030868324162113664, 0.004572164158022913, 0.021333311234032454, 0.04054411918894271, 0.0006904861216662332, 0.004323788400296571, 0.0047797526183408585, 0.010365904313308628, 0.009629548963174587, 0.0004414755268042856, 0.0038151329880466815, 5.0657253496764954e-05, 0.025145537343362546, 0.0055212010868453355, 0.011639376854633609, 0.0028919865349576034, 0.009997925372390998, 0.030182545870320206, 0.013519105220966346, 0.016000051729273868, 0.012374063225384663, 0.0012826669892102077, 0.027063762552950992, 0.00020000980271781175, 0.017004066962122803, 0.03227036095156781, 0.0021611964981278465, 0.0150902332158061, 0.0009694044352335436]",0.0106779626101597,1248.0,0.9515873015873014,0.980952380952381,"[0.9761904761904763, 1.0, 1.0, 0.9761904761904763, 0.9761904761904763, 1.0, 0.9761904761904763, 1.0, 0.9761904761904763, 0.9523809523809524, 1.0, 0.9761904761904763, 1.0, 0.9761904761904763, 1.0, 0.9761904761904763, 1.0, 0.9523809523809524, 0.7857142857142858, 0.9761904761904763, 0.9047619047619048, 0.9523809523809524, 1.0, 0.9761904761904763, 0.9761904761904763, 0.9047619047619048, 0.9761904761904763, 0.9761904761904763, 0.9523809523809524, 0.9761904761904763]",0.976383949998611,0.0710180312195133,"[1.0, 1.0, 1.0, 1.0, 1.0, 1.0, 1.0, 1.0, 1.0, 1.0, 1.0, 1.0, 1.0, 1.0, 1.0, 1.0, 1.0, 1.0, 1.0, 1.0, 1.0, 1.0, 1.0, 1.0, 1.0, 1.0, 1.0, 1.0, 1.0, 1.0]",0.0,"[0.8, 1.0, 1.0, 0.8, 0.8, 1.0, 0.8, 1.0, 0.8, 1.0, 1.0, 1.0, 1.0, 0.8, 1.0, 0.8, 1.0, 1.0, 0.8, 0.8, 1.0, 1.0, 1.0, 0.8, 1.0, 1.0, 0.8, 1.0, 1.0, 1.0]",0.0963788819653397,0.0013791744741627
california,mlp,5000,0,8,abc_shap,A3,0.7488,3744.0,1256.0,0.9777777777777776,0.0193754851043391,0.9380952380952378,1.0,0.9133333333333336,0.0084375258132886,19.439147690344573,"[0.9999999999999998, 0.9285714285714285, 0.8571428571428571, 0.9285714285714285, 0.8571428571428571, 0.9999999999999998, 0.9285714285714285, 0.9285714285714285, 0.9999999999999998, 0.9285714285714285, 0.9999999999999998, 0.9285714285714285, 0.8571428571428571, 0.9285714285714285, 0.9285714285714285, 0.9285714285714285, 0.9285714285714285, 0.9999999999999998, 0.9999999999999998, 0.9999999999999998, 0.8571428571428571, 0.8571428571428571, 0.9285714285714285, 0.9285714285714285, 0.9285714285714285, 0.9999999999999998, 0.9999999999999998, 0.9285714285714285, 0.9285714285714285, 0.9285714285714285]",0.047856550576766,0.0052399195233402,0.0122459269188683,0.001054690726661,0.0012372019281864,"[0.00043601968150023184, 0.00718342727113812, 0.00896386899865613, 0.0039904964477311886, 0.018006374274772707, 0.00045701010009026826, 0.011960224560979065, 0.014505233341386495, 0.0031284661156571274, 0.0014750444832533247, 0.0025985677491118225, 0.002319858762464283, 0.015370540023745546, 0.026252850569828, 0.0022819229190441503, 0.0038322312849513036, 0.0013724329721429484, 0.0019721895793944092, 0.0013289142945216153, 0.005307443042380345, 0.0012349232168715094, 0.019547716295266245, 0.0456720922753089, 0.002147917418288592, 0.0029871923699019004, 0.0024631322322427197, 0.002066608989214142, 0.01949324017381122, 0.006758682141297372, 0.018011152813709217]",0.0098976154254917,3744.0,0.9706349206349204,0.984126984126984,"[1.0, 0.9761904761904763, 0.9523809523809524, 0.9761904761904763, 0.9285714285714287, 1.0, 0.9761904761904763, 0.9761904761904763, 1.0, 0.9761904761904763, 1.0, 0.9761904761904763, 0.9523809523809524, 0.9761904761904763, 0.9761904761904763, 0.9761904761904763, 0.9761904761904763, 1.0, 1.0, 1.0, 0.9523809523809524, 0.9285714285714287, 0.9761904761904763, 0.9761904761904763, 0.9761904761904763, 1.0, 1.0, 0.9761904761904763, 0.9761904761904763, 0.9761904761904763]",1.0108872366661672,0.0833983027769713,"[1.0, 1.0, 1.0, 1.0, 1.0, 1.0, 1.0, 1.0, 1.0, 1.0, 1.0, 1.0, 1.0, 1.0, 1.0, 1.0, 1.0, 1.0, 1.0, 1.0, 1.0, 1.0, 1.0, 1.0, 1.0, 1.0, 1.0, 1.0, 1.0, 1.0]",0.0,"[1.0, 1.0, 0.8, 1.0, 0.8, 1.0, 0.8, 0.8, 1.0, 1.0, 1.0, 1.0, 0.8, 0.8, 1.0, 1.0, 1.0, 1.0, 1.0, 1.0, 1.0, 0.8, 0.8, 0.8, 0.8, 1.0, 1.0, 0.8, 0.8, 0.8]",0.0991071249821233,0.0009247503411972
california,mlp,5000,1,8,abc_shap,A1,0.2496,1248.0,3752.0,0.9730158730158728,0.0181674970512057,0.9214285714285712,0.9888888888888888,1.0,0.0020575713958997,27.92274177961997,"[0.9285714285714285, 0.9999999999999998, 0.9285714285714285, 0.9285714285714285, 0.7857142857142856, 0.9285714285714285, 0.9285714285714285, 0.9285714285714285, 0.8571428571428571, 0.9285714285714285, 0.9285714285714285, 0.9285714285714285, 0.9285714285714285, 0.9285714285714285, 0.9285714285714285, 0.9285714285714285, 0.7857142857142856, 0.9285714285714285, 0.9285714285714285, 0.9285714285714285, 0.9285714285714285, 0.9285714285714285, 0.9285714285714285, 0.9285714285714285, 0.9285714285714285, 0.9285714285714285, 0.9999999999999998, 0.9285714285714285, 0.8571428571428571, 0.9999999999999998]",0.0464743364189122,0.0015293436921286,0.002637609503588,0.0002571964244874,0.0002053498482122,"[0.0011656604117667565, 0.001224520537670213, 0.0013668635983966697, 0.005483298253444801, 0.004885351538171945, 0.0007252574276045252, 0.00225034059042327, 0.0004805882998233081, 0.0009584154523706795, 0.0012222514339563278, 0.0005068447661593101, 0.006067452102447834, 0.0009535446733931151, 0.00029093632147549043, 0.0017073211131949737, 0.0028875993362064323, 0.0030029782126611603, 0.0005338501163946332, 0.000619224285684046, 0.004434768000140703, 0.001378866926090858, 0.005272096658937763, 0.0010335074830839992, 0.0022008115723171273, 0.0023297016499674913, 7.059222233023241e-05, 0.0024544276309402253, 0.003344240097129882, 0.0015455716378210615, 0.001330259526986862]",0.0016427987856983,1248.0,0.9658730158730158,0.9785714285714284,"[0.9761904761904763, 1.0, 0.9761904761904763, 0.9761904761904763, 0.9047619047619048, 0.9761904761904763, 0.9761904761904763, 0.9761904761904763, 0.9523809523809524, 0.9761904761904763, 0.9761904761904763, 0.9761904761904763, 0.9761904761904763, 0.9761904761904763, 0.9761904761904763, 0.9761904761904763, 0.9285714285714287, 0.9761904761904763, 0.9761904761904763, 0.9761904761904763, 0.9761904761904763, 0.9761904761904763, 0.9761904761904763, 0.9761904761904763, 0.9761904761904763, 0.9761904761904763, 1.0, 0.9761904761904763, 0.9523809523809524, 1.0]",1.0030528899961306,0.122433887453025,"[1.0, 1.0, 1.0, 1.0, 0.6666666666666666, 1.0, 1.0, 1.0, 1.0, 1.0, 1.0, 1.0, 1.0, 1.0, 1.0, 1.0, 1.0, 1.0, 1.0, 1.0, 1.0, 1.0, 1.0, 1.0, 1.0, 1.0, 1.0, 1.0, 1.0, 1.0]",0.0598351645237167,"[1.0, 1.0, 1.0, 1.0, 1.0, 1.0, 1.0, 1.0, 1.0, 1.0, 1.0, 1.0, 1.0, 1.0, 1.0, 1.0, 1.0, 1.0, 1.0, 1.0, 1.0, 1.0, 1.0, 1.0, 1.0, 1.0, 1.0, 1.0, 1.0, 1.0]",0.0,0.0001939831035119
california,mlp,5000,1,8,abc_shap,A3,0.7488,3744.0,1256.0,0.973015873015873,0.0266080231972066,0.926190476190476,1.0,0.9933333333333334,0.0023852614995938,32.369735049171275,"[0.9999999999999998, 0.8571428571428571, 0.9285714285714285, 0.8571428571428571, 0.9285714285714285, 0.9285714285714285, 0.9999999999999998, 0.9285714285714285, 0.9285714285714285, 0.9285714285714285, 0.7857142857142856, 0.9999999999999998, 0.8571428571428571, 0.8571428571428571, 0.9285714285714285, 0.9999999999999998, 0.8571428571428571, 0.9999999999999998, 0.8571428571428571, 0.7857142857142856, 0.9999999999999998, 0.9285714285714285, 0.9285714285714285, 0.9285714285714285, 0.9285714285714285, 0.9999999999999998, 0.9285714285714285, 0.9999999999999998, 0.9999999999999998, 0.9285714285714285]",0.0624971654686032,0.0017170277496698,0.0030483122544943,0.0002981576874492,0.0002486890187744,"[0.0008556922550728648, 0.0006021855407853528, 0.0012974632626403498, 0.002301222311013113, 0.0010350700235397846, 0.0007389642864622609, 0.0009936457951949568, 0.0035882599007288967, 0.004194184993059391, 0.006559440740443507, 0.007971436074005208, 0.0020903506660456092, 0.005425322440890946, 0.0019692225916736134, 0.005437932787508023, 0.0005410485042375226, 0.0007182456070088241, 0.0009305397458377134, 0.00030184905041500087, 0.0016598567570221647, 0.002962696397868092, 0.0007308822000067462, 0.0025124223805210715, 0.004708079918423627, 0.0006035544103742114, 0.0006832708926707802, 0.0010908249916031696, 0.0025886234793322397, 0.002108883193656409, 0.004356673789773936]",0.0019895121501959,3744.0,0.9642857142857144,0.9817460317460316,"[1.0, 0.9523809523809524, 0.9761904761904763, 0.9523809523809524, 0.9761904761904763, 0.9761904761904763, 1.0, 0.9761904761904763, 0.9761904761904763, 0.9761904761904763, 0.880952380952381, 1.0, 0.9285714285714287, 0.9523809523809524, 0.9761904761904763, 1.0, 0.9523809523809524, 1.0, 0.9523809523809524, 0.9285714285714287, 1.0, 0.9761904761904763, 0.9761904761904763, 0.9761904761904763, 0.9761904761904763, 1.0, 0.9761904761904763, 1.0, 1.0, 0.9761904761904763]",1.0496238733350765,0.0965820590555819,"[1.0, 1.0, 1.0, 1.0, 1.0, 1.0, 1.0, 1.0, 1.0, 1.0, 1.0, 1.0, 1.0, 1.0, 1.0, 1.0, 1.0, 1.0, 1.0, 1.0, 1.0, 1.0, 1.0, 1.0, 1.0, 1.0, 1.0, 1.0, 1.0, 1.0]",0.0,"[1.0, 1.0, 1.0, 1.0, 1.0, 1.0, 1.0, 1.0, 1.0, 1.0, 0.8, 1.0, 1.0, 1.0, 1.0, 1.0, 1.0, 1.0, 1.0, 1.0, 1.0, 1.0, 1.0, 1.0, 1.0, 1.0, 1.0, 1.0, 1.0, 1.0]",0.03590109871423,0.0002070568466827
california,mlp,5000,2,8,abc_shap,A1,0.2496,1248.0,3752.0,0.9095238095238096,0.0961071460521943,0.8357142857142854,0.888888888888889,0.8333333333333335,0.0107339611440747,45.930154923054346,"[0.9999999999999998, 0.4999999999999999, 0.9999999999999998, 0.9285714285714285, 0.7142857142857142, 0.8571428571428571, 0.9285714285714285, 0.6428571428571428, 0.7857142857142856, 0.7857142857142856, 0.9285714285714285, 0.8571428571428571, 0.9999999999999998, 0.9285714285714285, 0.8571428571428571, 0.9285714285714285, 0.7857142857142856, 0.8571428571428571, 0.9285714285714285, 0.6428571428571428, 0.7857142857142856, 0.9999999999999998, 0.5714285714285714, 0.9999999999999998, 0.6428571428571428, 0.9285714285714285, 0.6428571428571428, 0.8571428571428571, 0.9285714285714285, 0.8571428571428571]",0.1369616858882824,0.0067414151281573,0.0152378078170665,0.0013417451430093,0.0015347352157668,"[0.00033289260583866753, 0.04352704500957288, 0.0023500677906192146, 0.004665115092565908, 0.014820152510526053, 0.002334351203624989, 0.005032832499792818, 0.020801602920932815, 0.01253965304441866, 0.012254127272478594, 0.005395622726417222, 0.011244595798074292, 0.002216773491387216, 0.0050373203111642355, 0.008498534763511964, 0.0021962787022292876, 0.01033324448731686, 0.0046922262127595355, 0.0010052806235294877, 0.022288736064151323, 0.007917619315471816, 0.0014014321399700392, 0.05121780877718413, 0.0010176406086536123, 0.02301716633963352, 0.0035186977262267735, 0.029571834214838378, 0.007338002130021914, 0.0038643249082659244, 0.0015878550310642568]",0.0122778817261346,1248.0,0.8745634920634919,0.9436507936507936,"[1.0, 0.6428571428571429, 1.0, 0.9761904761904763, 0.8095238095238096, 0.9285714285714287, 0.9761904761904763, 0.7857142857142858, 0.9047619047619048, 0.9047619047619048, 0.9761904761904763, 0.9285714285714287, 1.0, 0.9761904761904763, 0.9523809523809524, 0.9761904761904763, 0.9047619047619048, 0.9285714285714287, 0.9761904761904763, 0.7857142857142858, 0.880952380952381, 1.0, 0.7142857142857144, 1.0, 0.7380952380952381, 0.9761904761904763, 0.7857142857142858, 0.9523809523809524, 0.9761904761904763, 0.9285714285714287]",1.1243035566624409,0.2032940689918272,"[1.0, 0.6666666666666666, 1.0, 1.0, 1.0, 1.0, 1.0, 0.6666666666666666, 0.6666666666666666, 0.6666666666666666, 1.0, 1.0, 1.0, 1.0, 0.6666666666666666, 1.0, 0.6666666666666666, 1.0, 1.0, 0.6666666666666666, 1.0, 1.0, 0.6666666666666666, 1.0, 1.0, 1.0, 0.6666666666666666, 0.6666666666666666, 1.0, 1.0]",0.1571348402636772,"[1.0, 0.6, 1.0, 0.8, 0.8, 0.8, 1.0, 0.8, 0.8, 0.8, 1.0, 0.8, 1.0, 0.8, 0.8, 1.0, 0.8, 0.8, 0.8, 0.8, 0.8, 1.0, 0.6, 1.0, 0.6, 0.8, 0.8, 0.8, 0.8, 0.8]",0.1164283279771532,0.0008097360712035
california,mlp,5000,2,8,abc_shap,A3,0.7488,3744.0,1256.0,0.8904761904761905,0.1015004589126867,0.7952380952380952,0.8333333333333334,0.8266666666666668,0.0151968549457183,65.02668424371265,"[0.7142857142857142, 0.9999999999999998, 0.8571428571428571, 0.5714285714285714, 0.5714285714285714, 0.8571428571428571, 0.8571428571428571, 0.9285714285714285, 0.6428571428571428, 0.9285714285714285, 0.8571428571428571, 0.7142857142857142, 0.9285714285714285, 0.7857142857142856, 0.7142857142857142, 0.7857142857142856, 0.5714285714285714, 0.9285714285714285, 0.9999999999999998, 0.9285714285714285, 0.7857142857142856, 0.6428571428571428, 0.5714285714285714, 0.9285714285714285, 0.6428571428571428, 0.7142857142857142, 0.9285714285714285, 0.9285714285714285, 0.9999999999999998, 0.5714285714285714]",0.1449059433781231,0.0103318177320806,0.0203971747112089,0.0018996068682147,0.0017201455210189,"[0.013018194335272053, 0.0019313662706483435, 0.00617754991081093, 0.04162279765129189, 0.044465266794492024, 0.003998240374221594, 0.011570064424255816, 0.009847778642303321, 0.02599319761668998, 0.0007698662605597386, 0.0035977417329129758, 0.012234787662515597, 0.001314561016746273, 0.014664158016297104, 0.015717950736580465, 0.005909259858964006, 0.03356083629964382, 0.005974544305853541, 0.002462462471054359, 0.005424437568608222, 0.011391925151236978, 0.02005303474122699, 0.052695062869484305, 0.00985026009120286, 0.015644838790518284, 0.01972200925030874, 0.020620317400193277, 0.004714244968387553, 0.0034378914193009787, 0.03752100173996716]",0.0137611641681512,3744.0,0.8531746031746033,0.9246031746031742,"[0.880952380952381, 1.0, 0.9523809523809524, 0.7142857142857144, 0.7142857142857144, 0.9523809523809524, 0.9285714285714287, 0.9761904761904763, 0.7857142857142858, 0.9761904761904763, 0.9523809523809524, 0.880952380952381, 0.9761904761904763, 0.9047619047619048, 0.880952380952381, 0.9047619047619048, 0.7142857142857144, 0.9761904761904763, 1.0, 0.9761904761904763, 0.9047619047619048, 0.7857142857142858, 0.7142857142857144, 0.9761904761904763, 0.7380952380952381, 0.880952380952381, 0.9761904761904763, 0.9761904761904763, 1.0, 0.7142857142857144]",1.0927732200031943,0.0665714340477232,"[0.6666666666666666, 1.0, 1.0, 0.6666666666666666, 0.6666666666666666, 1.0, 1.0, 0.6666666666666666, 0.6666666666666666, 1.0, 1.0, 0.6666666666666666, 1.0, 0.6666666666666666, 0.6666666666666666, 1.0, 0.6666666666666666, 1.0, 1.0, 1.0, 0.6666666666666666, 0.6666666666666666, 0.6666666666666666, 0.6666666666666666, 1.0, 0.6666666666666666, 1.0, 1.0, 1.0, 0.6666666666666666]",0.1666666666666666,"[0.8, 1.0, 1.0, 0.6, 0.6, 1.0, 0.8, 1.0, 0.8, 0.8, 1.0, 0.8, 0.8, 0.8, 0.8, 0.8, 0.6, 0.8, 1.0, 1.0, 0.8, 0.8, 0.6, 1.0, 0.6, 0.8, 1.0, 0.8, 1.0, 0.6]",0.1436043948569201,0.0012978589530788
california,mlp,5000,3,8,abc_shap,A1,0.2496,1248.0,3752.0,0.8301587301587302,0.1532876464191475,0.7261904761904763,0.9444444444444444,0.8533333333333335,0.0638430033061909,69.07495911903683,"[0.7857142857142856, 0.8571428571428571, 0.8571428571428571, 0.8571428571428571, 0.9999999999999998, 0.4999999999999999, 0.7857142857142856, 0.8571428571428571, 0.8571428571428571, 0.8571428571428571, 0.6428571428571428, 0.7857142857142856, 0.5714285714285714, 0.5714285714285714, 0.42857142857142855, 0.8571428571428571, 0.7857142857142856, 0.7142857142857142, 0.6428571428571428, 0.4999999999999999, 0.2857142857142857, 0.8571428571428571, 0.6428571428571428, 0.4999999999999999, 0.7857142857142856, 0.7142857142857142, 0.8571428571428571, 0.8571428571428571, 0.8571428571428571, 0.7142857142857142]",0.1619222679611362,0.0428712820542563,0.088267877124389,0.0079803754132738,0.0077553419154124,"[0.07576254990234867, 0.12971894590801866, 0.050315876324834245, 0.0043936118952629, 0.0014169744133892203, 0.106653886462461, 0.004433382124815608, 0.047793138141683164, 0.10334841828982679, 0.0013204553996238441, 0.0073989260140649325, 0.04203204677175252, 0.009157297248049836, 0.13842481599872217, 0.06216535950339439, 0.005718307282934749, 0.12868678629530395, 0.25919170442778544, 0.15108143211011227, 0.09129333542772443, 0.040348642625768226, 0.03642537509095936, 0.018052175629712695, 0.021607389015022627, 0.009203352530738607, 0.006003810385061178, 0.1532765970428359, 0.0997887894799178, 0.10519046450497528, 0.005086252938628675]",0.0620427353232992,1248.0,0.7713690476190477,0.8809523809523809,"[0.9047619047619048, 0.9523809523809524, 0.9523809523809524, 0.9285714285714287, 1.0, 0.6190476190476191, 0.9047619047619048, 0.9523809523809524, 0.9523809523809524, 0.9285714285714287, 0.7857142857142858, 0.9047619047619048, 0.7619047619047621, 0.6904761904761906, 0.4285714285714286, 0.9285714285714287, 0.9285714285714287, 0.7619047619047621, 0.7380952380952381, 0.6190476190476191, 0.38095238095238104, 0.9523809523809524, 0.8095238095238096, 0.7380952380952381, 0.8571428571428572, 0.8333333333333335, 0.9523809523809524, 0.9523809523809524, 0.9523809523809524, 0.8333333333333335]",1.147292790003121,0.1881045685013902,"[1.0, 1.0, 1.0, 1.0, 1.0, 0.6666666666666666, 1.0, 1.0, 1.0, 1.0, 1.0, 1.0, 1.0, 0.6666666666666666, 0.6666666666666666, 1.0, 1.0, 1.0, 1.0, 0.6666666666666666, 0.6666666666666666, 1.0, 1.0, 1.0, 1.0, 1.0, 1.0, 1.0, 1.0, 1.0]",0.1242259987499883,"[1.0, 1.0, 1.0, 0.8, 1.0, 0.8, 0.8, 1.0, 1.0, 0.8, 0.6, 1.0, 0.8, 0.8, 0.6, 0.8, 0.8, 0.8, 0.8, 0.8, 0.6, 1.0, 0.8, 0.8, 0.8, 0.8, 1.0, 1.0, 1.0, 0.8]",0.125786415094088,0.0076495730616897
california,mlp,5000,3,8,abc_shap,A3,0.7488,3744.0,1256.0,0.7992063492063491,0.1757914113584114,0.688095238095238,0.9333333333333332,0.8133333333333336,0.0444683507724095,48.11254722719657,"[0.21428571428571427, 0.7857142857142856, 0.7857142857142856, 0.8571428571428571, 0.42857142857142855, 0.21428571428571427, 0.4999999999999999, 0.8571428571428571, 0.6428571428571428, 0.8571428571428571, 0.4999999999999999, 0.6428571428571428, 0.7142857142857142, 0.8571428571428571, 0.7142857142857142, 0.8571428571428571, 0.5714285714285714, 0.7142857142857142, 0.42857142857142855, 0.7142857142857142, 0.7857142857142856, 0.5714285714285714, 0.8571428571428571, 0.8571428571428571, 0.7857142857142856, 0.5714285714285714, 0.7857142857142856, 0.8571428571428571, 0.7857142857142856, 0.9285714285714285]",0.186703713524908,0.0287486653607556,0.0613518977308346,0.0055585438465511,0.0061523759777513,"[0.04106493213974314, 0.05119508892913399, 0.19611426541591753, 0.008643460013930973, 0.02228513787186131, 0.04394616176093775, 0.02582894320008106, 0.008521699497260801, 0.026105757537761266, 0.0051521859838309465, 0.017811906112790547, 0.026766117618726517, 0.09981900102102656, 0.13714930052782803, 0.016160849647852832, 0.002066794603590176, 0.013472160184130647, 0.0034694144131826683, 0.061124192267742156, 0.01669994889845883, 0.1351845329192518, 0.023830108594412057, 0.00453409362252485, 0.08962191898213992, 0.027511539847265322, 0.12589393770569005, 0.08582130675900856, 0.004670859331097681, 0.009745654454940472, 0.003839253310166341]",0.0492190078220111,3744.0,0.7364682539682538,0.8619444444444444,"[0.3571428571428572, 0.9047619047619048, 0.9047619047619048, 0.9285714285714287, 0.5476190476190477, 0.3333333333333334, 0.7380952380952381, 0.9285714285714287, 0.8095238095238096, 0.9285714285714287, 0.6190476190476191, 0.8095238095238096, 0.8333333333333335, 0.9523809523809524, 0.8333333333333335, 0.9285714285714287, 0.7619047619047621, 0.8333333333333335, 0.4285714285714286, 0.7619047619047621, 0.9047619047619048, 0.7142857142857144, 0.9285714285714287, 0.9523809523809524, 0.9285714285714287, 0.6904761904761906, 0.9285714285714287, 0.9285714285714287, 0.880952380952381, 0.9761904761904763]",1.0744251133408398,0.0763871545300183,"[0.6666666666666666, 1.0, 1.0, 1.0, 0.6666666666666666, 0.6666666666666666, 1.0, 1.0, 1.0, 1.0, 0.6666666666666666, 1.0, 1.0, 1.0, 1.0, 1.0, 1.0, 1.0, 0.6666666666666666, 1.0, 1.0, 1.0, 1.0, 1.0, 1.0, 0.6666666666666666, 1.0, 1.0, 1.0, 1.0]",0.1333333333333333,"[0.6, 1.0, 1.0, 0.8, 0.6, 0.6, 0.8, 0.8, 0.8, 0.8, 0.8, 0.8, 0.8, 1.0, 0.8, 0.8, 0.8, 0.8, 0.6, 0.8, 1.0, 0.8, 0.8, 1.0, 0.8, 0.8, 0.8, 0.8, 0.8, 1.0]",0.114697670227235,0.0052373717456653
california,mlp,5000,4,8,abc_shap,A1,0.2496,1248.0,3752.0,0.8071428571428572,0.1402338506916878,0.6928571428571428,0.8111111111111112,0.8666666666666668,0.0228016848573693,97.64014626455841,"[0.6428571428571428, 0.42857142857142855, 0.9285714285714285, 0.7857142857142856, 0.5714285714285714, 0.7857142857142856, 0.7857142857142856, 0.7857142857142856, 0.9285714285714285, 0.6428571428571428, 0.7857142857142856, 0.9285714285714285, 0.42857142857142855, 0.7857142857142856, 0.6428571428571428, 0.7857142857142856, 0.42857142857142855, 0.7142857142857142, 0.7142857142857142, 0.8571428571428571, 0.42857142857142855, 0.7142857142857142, 0.5714285714285714, 0.9285714285714285, 0.6428571428571428, 0.7857142857142856, 0.7142857142857142, 0.42857142857142855, 0.7142857142857142, 0.4999999999999999]",0.1577369721433512,0.0149483776414609,0.0312454065840404,0.0028502106071711,0.0028917756298165,"[0.03721626560378551, 0.039416540794599345, 0.0029449762980987507, 0.009997471302250783, 0.002015968437820918, 0.012928021087601238, 0.01290985426556891, 0.005206687321229977, 0.0003249608047198971, 0.002433205168924124, 0.011324626714975158, 0.0022359308750959884, 0.04307595798668865, 0.010860059262220861, 0.07902280059286318, 0.004211002746557795, 0.04117757290604828, 0.07977971366956577, 0.015034462907330319, 0.00023925082207825268, 0.04170730119297071, 0.00820945455356275, 0.04199196522888309, 0.006672385309786141, 0.009193955848835294, 0.0036133563510502083, 0.03153850632642629, 0.03620055509234916, 0.07155726942425163, 0.021010466824940174]",0.0231342050385326,1248.0,0.7538888888888887,0.8555555555555555,"[0.7857142857142858, 0.5476190476190477, 0.9761904761904763, 0.880952380952381, 0.7619047619047621, 0.9047619047619048, 0.9047619047619048, 0.9047619047619048, 0.9761904761904763, 0.7380952380952381, 0.9047619047619048, 0.9761904761904763, 0.5476190476190477, 0.880952380952381, 0.8333333333333335, 0.9047619047619048, 0.5476190476190477, 0.8333333333333335, 0.8333333333333335, 0.9285714285714287, 0.5476190476190477, 0.8333333333333335, 0.7142857142857144, 0.9761904761904763, 0.8333333333333335, 0.9047619047619048, 0.8333333333333335, 0.5476190476190477, 0.8333333333333335, 0.6190476190476191]",1.1550539533316624,0.1751579775510194,"[1.0, 0.6666666666666666, 0.6666666666666666, 1.0, 1.0, 1.0, 0.6666666666666666, 0.6666666666666666, 1.0, 1.0, 0.6666666666666666, 0.6666666666666666, 0.6666666666666666, 1.0, 0.6666666666666666, 0.6666666666666666, 0.6666666666666666, 1.0, 1.0, 1.0, 0.6666666666666666, 0.6666666666666666, 0.6666666666666666, 1.0, 0.6666666666666666, 0.6666666666666666, 1.0, 0.6666666666666666, 1.0, 0.6666666666666666]",0.1651785416368723,"[0.8, 0.8, 1.0, 0.8, 0.8, 0.8, 1.0, 1.0, 0.8, 0.8, 1.0, 1.0, 0.8, 0.8, 1.0, 1.0, 0.8, 0.8, 0.8, 1.0, 0.8, 0.8, 0.8, 0.8, 1.0, 1.0, 0.8, 0.8, 0.8, 0.8]",0.0942809041582063,0.002759000453386
california,mlp,5000,4,8,abc_shap,A3,0.7488,3744.0,1256.0,0.8111111111111111,0.1413857202644022,0.7023809523809523,0.8333333333333335,0.8333333333333335,0.0210679908869302,90.21621536162132,"[0.4999999999999999, 0.7142857142857142, 0.4999999999999999, 0.6428571428571428, 0.7857142857142856, 0.9999999999999998, 0.7857142857142856, 0.6428571428571428, 0.9285714285714285, 0.42857142857142855, 0.7857142857142856, 0.8571428571428571, 0.4999999999999999, 0.3571428571428571, 0.7142857142857142, 0.7142857142857142, 0.9285714285714285, 0.7857142857142856, 0.7142857142857142, 0.7857142857142856, 0.6428571428571428, 0.5714285714285714, 0.8571428571428571, 0.4999999999999999, 0.8571428571428571, 0.5714285714285714, 0.6428571428571428, 0.7142857142857142, 0.7857142857142856, 0.8571428571428571]",0.1565826956900702,0.0142157773995924,0.0286266160180434,0.0026334988608662,0.0025273926494649,"[0.040501640198803986, 0.002439476396596067, 0.03760963709800846, 0.024552501504342083, 0.0036617057829225357, 0.0008946502393892832, 0.007715376313804628, 0.00978764871678022, 0.0009428870813604478, 0.005423836762270878, 0.07217465402280342, 0.014786366526204499, 0.016538198089278016, 0.017410410801502182, 0.04724015898842328, 0.004563826868503927, 0.008709271470747489, 0.022536090391901117, 0.02363399163881161, 0.0262288759382451, 0.0038260963604902954, 0.057853370445629486, 0.0032353766683210746, 0.031340600127639784, 0.0010562402559494437, 0.03620748168914401, 0.07360878927338653, 0.017740221334364408, 0.005803384064900657, 0.01401696155738242]",0.0202191411957196,3744.0,0.7603174603174605,0.859563492063492,"[0.6190476190476191, 0.8333333333333335, 0.5714285714285715, 0.7857142857142858, 0.9047619047619048, 1.0, 0.9047619047619048, 0.8095238095238096, 0.9761904761904763, 0.5952380952380953, 0.880952380952381, 0.9523809523809524, 0.5714285714285715, 0.4761904761904762, 0.8333333333333335, 0.880952380952381, 0.9761904761904763, 0.9047619047619048, 0.8333333333333335, 0.8571428571428572, 0.7857142857142858, 0.7142857142857144, 0.9285714285714287, 0.6190476190476191, 0.9523809523809524, 0.6428571428571429, 0.8333333333333335, 0.8333333333333335, 0.9047619047619048, 0.9523809523809524]",1.1369251199978558,0.0960736332396848,"[0.6666666666666666, 1.0, 0.6666666666666666, 1.0, 1.0, 1.0, 0.6666666666666666, 0.6666666666666666, 1.0, 1.0, 1.0, 1.0, 0.6666666666666666, 0.6666666666666666, 1.0, 1.0, 0.6666666666666666, 0.6666666666666666, 1.0, 1.0, 0.6666666666666666, 0.6666666666666666, 1.0, 0.6666666666666666, 1.0, 0.6666666666666666, 0.6666666666666666, 1.0, 0.6666666666666666, 0.6666666666666666]",0.1666666666666666,"[0.8, 0.8, 0.8, 0.8, 0.8, 1.0, 1.0, 0.8, 0.8, 0.6, 0.8, 0.8, 0.8, 0.8, 0.8, 0.8, 1.0, 1.0, 0.8, 0.8, 0.8, 0.8, 0.8, 0.8, 0.8, 0.8, 1.0, 0.8, 0.8, 1.0]",0.0906764700582362,0.0025559240843626
california,mlp,5000,5,8,abc_shap,A1,0.2496,1248.0,3752.0,0.9103174603174602,0.0362047451681176,0.8261904761904761,1.0,0.8733333333333334,0.0314722529442179,33.87915341742823,"[0.7857142857142856, 0.7857142857142856, 0.8571428571428571, 0.8571428571428571, 0.7857142857142856, 0.8571428571428571, 0.7857142857142856, 0.7857142857142856, 0.8571428571428571, 0.8571428571428571, 0.9285714285714285, 0.7857142857142856, 0.7142857142857142, 0.7857142857142856, 0.7857142857142856, 0.8571428571428571, 0.7857142857142856, 0.7857142857142856, 0.8571428571428571, 0.9285714285714285, 0.7857142857142856, 0.8571428571428571, 0.8571428571428571, 0.8571428571428571, 0.7857142857142856, 0.8571428571428571, 0.8571428571428571, 0.8571428571428571, 0.7857142857142856, 0.8571428571428571]",0.0476785342726209,0.0207057522308288,0.043062491771123,0.0039340316180272,0.0040399385247319,"[0.004068673779363054, 0.013972785178784078, 0.04110709547166463, 0.0490769970394043, 0.12266582067508608, 0.06555072484664247, 0.016163626998430814, 0.001498593943347657, 0.01738074892080371, 0.09661871181213494, 0.0033838052765222133, 0.07990156472061379, 0.003760919325336406, 0.0730066656294096, 0.004201587420842599, 0.013175469929480611, 0.07703761220481352, 0.021832945671389763, 0.06753575827453209, 0.0012350830650125519, 0.0011545126227755552, 0.022663775965719443, 0.011887206426747317, 0.005489986960293833, 0.012277302470260872, 0.0008080653656028688, 0.02106648153458877, 0.036772911436759835, 0.018831429445674324, 0.040040725914500065]",0.0323195081978556,1248.0,0.8976190476190475,0.923015873015873,"[0.8571428571428572, 0.8571428571428572, 0.9285714285714287, 0.9523809523809524, 0.9047619047619048, 0.9285714285714287, 0.8571428571428572, 0.8571428571428572, 0.9285714285714287, 0.9285714285714287, 0.9761904761904763, 0.9047619047619048, 0.8333333333333335, 0.9047619047619048, 0.9047619047619048, 0.9285714285714287, 0.9047619047619048, 0.9047619047619048, 0.9523809523809524, 0.9761904761904763, 0.8571428571428572, 0.9285714285714287, 0.9285714285714287, 0.9285714285714287, 0.8571428571428572, 0.9285714285714287, 0.9285714285714287, 0.9285714285714287, 0.9047619047619048, 0.9285714285714287]",1.039091843335579,0.1055205157591571,"[1.0, 1.0, 1.0, 1.0, 1.0, 1.0, 1.0, 1.0, 1.0, 1.0, 1.0, 1.0, 1.0, 1.0, 1.0, 1.0, 1.0, 1.0, 1.0, 1.0, 1.0, 1.0, 1.0, 1.0, 1.0, 1.0, 1.0, 1.0, 1.0, 1.0]",0.0,"[0.8, 0.8, 1.0, 0.8, 0.8, 1.0, 0.8, 0.8, 0.8, 1.0, 1.0, 0.8, 0.8, 0.8, 1.0, 0.8, 0.8, 1.0, 0.8, 0.8, 0.8, 0.8, 0.8, 1.0, 0.8, 0.8, 1.0, 1.0, 1.0, 1.0]",0.0963788819653397,0.0038095655813307
california,mlp,5000,5,8,abc_shap,A3,0.7488,3744.0,1256.0,0.9285714285714286,0.0373943459980626,0.8452380952380951,1.0,0.8866666666666667,0.0244642389517226,26.335188210232857,"[0.7857142857142856, 0.8571428571428571, 0.9285714285714285, 0.9285714285714285, 0.9285714285714285, 0.9285714285714285, 0.9285714285714285, 0.7857142857142856, 0.7857142857142856, 0.8571428571428571, 0.7857142857142856, 0.7142857142857142, 0.8571428571428571, 0.7857142857142856, 0.7142857142857142, 0.8571428571428571, 0.8571428571428571, 0.8571428571428571, 0.7857142857142856, 0.8571428571428571, 0.8571428571428571, 0.9285714285714285, 0.8571428571428571, 0.8571428571428571, 0.7857142857142856, 0.8571428571428571, 0.8571428571428571, 0.7857142857142856, 0.9285714285714285, 0.8571428571428571]",0.0613990331344172,0.0165316302918227,0.0331701387699333,0.0030580298689653,0.0029158789029642,"[0.019520464980641226, 0.02617934113261946, 0.0017829438863927439, 0.005587471459168295, 0.00738394852743038, 0.0031557943347875327, 0.05366203398528413, 0.02394219001920931, 0.010799930895430864, 0.003828558789092658, 0.014356592226654736, 0.05053084312535738, 0.013132322924202204, 0.07075115508002236, 0.08534633577775595, 0.01996446877726889, 0.0020871653207453623, 0.021681372027011505, 0.024909212375646625, 0.011817231493672843, 0.0041285797383624565, 0.02115054740638939, 0.03199967741138864, 0.036912169190224914, 0.06456454848360277, 0.004409735617597428, 0.005971079631959312, 0.07189409933288483, 0.0017696041854724034, 0.020707750415403615]",0.0233270312237143,3744.0,0.9150793650793648,0.9412698412698411,"[0.9047619047619048, 0.9523809523809524, 0.9761904761904763, 0.9761904761904763, 0.9761904761904763, 0.9761904761904763, 0.9761904761904763, 0.9047619047619048, 0.9047619047619048, 0.9285714285714287, 0.880952380952381, 0.8333333333333335, 0.9285714285714287, 0.9047619047619048, 0.8333333333333335, 0.9523809523809524, 0.9285714285714287, 0.9285714285714287, 0.9047619047619048, 0.9285714285714287, 0.9285714285714287, 0.9761904761904763, 0.9285714285714287, 0.9523809523809524, 0.9047619047619048, 0.9285714285714287, 0.9285714285714287, 0.9047619047619048, 0.9761904761904763, 0.9285714285714287]",1.007904246664839,0.0263572827749846,"[1.0, 1.0, 1.0, 1.0, 1.0, 1.0, 1.0, 1.0, 1.0, 1.0, 1.0, 1.0, 1.0, 1.0, 1.0, 1.0, 1.0, 1.0, 1.0, 1.0, 1.0, 1.0, 1.0, 1.0, 1.0, 1.0, 1.0, 1.0, 1.0, 1.0]",0.0,"[1.0, 0.8, 0.8, 0.8, 0.8, 0.8, 0.8, 1.0, 1.0, 1.0, 0.8, 0.8, 1.0, 0.8, 0.8, 0.8, 1.0, 1.0, 1.0, 0.8, 1.0, 0.8, 0.8, 0.8, 0.8, 1.0, 1.0, 0.8, 1.0, 1.0]",0.0991071249821233,0.0030226329368648
california,mlp,5000,6,8,abc_shap,A1,0.2496,1248.0,3752.0,0.8492063492063493,0.074620058879639,0.6952380952380952,0.8666666666666667,0.9666666666666668,0.0058351685605816,42.97187902918791,"[0.6428571428571428, 0.8571428571428571, 0.8571428571428571, 0.7857142857142856, 0.7857142857142856, 0.6428571428571428, 0.7142857142857142, 0.6428571428571428, 0.5714285714285714, 0.7857142857142856, 0.8571428571428571, 0.6428571428571428, 0.8571428571428571, 0.7857142857142856, 0.6428571428571428, 0.4999999999999999, 0.6428571428571428, 0.5714285714285714, 0.6428571428571428, 0.6428571428571428, 0.9285714285714285, 0.4999999999999999, 0.7142857142857142, 0.6428571428571428, 0.6428571428571428, 0.8571428571428571, 0.7142857142857142, 0.6428571428571428, 0.4999999999999999, 0.6428571428571428]",0.1150766283199483,0.0039104374218093,0.0083600020613719,0.0007293960700727,0.0007852199890032,"[0.004373984885636281, 0.0021542441320434517, 0.00040170017285140935, 0.0015806833508083878, 0.0013475761954313337, 0.008797606935426402, 0.0018530882803726798, 0.007603564068157121, 0.006342529955666188, 0.00045374314424858145, 0.0002464146854896656, 0.005780075927297343, 0.0010382485935912641, 0.0014175096864045952, 0.008597502843066691, 0.027999495987848233, 0.006254357547150488, 0.010184016312369872, 0.00795336125135005, 0.011393656224061294, 7.198481145448703e-05, 0.014662256657034247, 0.002656392059625782, 0.004684079321198687, 0.004453858036416221, 0.000731364925759904, 0.0023183545359254485, 0.003814753645738586, 0.021553053365676058, 0.004335599279348311]",0.0062817599120262,1248.0,0.822202380952381,0.873829365079365,"[0.8095238095238096, 0.9523809523809524, 0.9523809523809524, 0.9047619047619048, 0.9047619047619048, 0.8333333333333335, 0.880952380952381, 0.8095238095238096, 0.7380952380952381, 0.9047619047619048, 0.9285714285714287, 0.8095238095238096, 0.9523809523809524, 0.9047619047619048, 0.8333333333333335, 0.7142857142857144, 0.8333333333333335, 0.7380952380952381, 0.8333333333333335, 0.8333333333333335, 0.9761904761904763, 0.7142857142857144, 0.880952380952381, 0.8333333333333335, 0.8333333333333335, 0.9523809523809524, 0.8571428571428572, 0.8333333333333335, 0.7142857142857144, 0.8095238095238096]",0.9683331400039604,0.0111491723467422,"[0.6666666666666666, 0.6666666666666666, 1.0, 1.0, 1.0, 1.0, 0.6666666666666666, 0.6666666666666666, 0.6666666666666666, 1.0, 1.0, 0.6666666666666666, 1.0, 1.0, 1.0, 0.6666666666666666, 1.0, 0.6666666666666666, 1.0, 1.0, 1.0, 0.6666666666666666, 0.6666666666666666, 1.0, 1.0, 1.0, 1.0, 1.0, 0.6666666666666666, 0.6666666666666666]",0.1632993161855452,"[1.0, 1.0, 1.0, 1.0, 1.0, 1.0, 1.0, 1.0, 0.8, 1.0, 1.0, 1.0, 1.0, 1.0, 1.0, 0.8, 1.0, 0.8, 1.0, 1.0, 1.0, 0.8, 1.0, 1.0, 1.0, 1.0, 1.0, 1.0, 0.8, 1.0]",0.0745355992499929,0.0006952259715706
california,mlp,5000,6,8,abc_shap,A3,0.7488,3744.0,1256.0,0.8261904761904763,0.0743197927530759,0.6642857142857141,0.8333333333333335,0.94,0.0084316681858303,62.093257724098805,"[0.8571428571428571, 0.7857142857142856, 0.6428571428571428, 0.8571428571428571, 0.4999999999999999, 0.6428571428571428, 0.7857142857142856, 0.7857142857142856, 0.5714285714285714, 0.6428571428571428, 0.5714285714285714, 0.5714285714285714, 0.7142857142857142, 0.7857142857142856, 0.5714285714285714, 0.4999999999999999, 0.5714285714285714, 0.6428571428571428, 0.6428571428571428, 0.6428571428571428, 0.6428571428571428, 0.7142857142857142, 0.5714285714285714, 0.7857142857142856, 0.6428571428571428, 0.6428571428571428, 0.6428571428571428, 0.7857142857142856, 0.4999999999999999, 0.7142857142857142]",0.101267477705413,0.0055161149724674,0.0119791408244668,0.0010539585232287,0.0011936196818304,"[0.00037815930381096866, 0.0002911972084102861, 0.0033052602153894385, 0.0016593982123076791, 0.01911421359439407, 0.040840281720067616, 0.0015436227887613303, 0.004494049184828417, 0.014979112430522428, 0.0057978125394365755, 0.008613579140559312, 0.00909052321123148, 0.005042097704526881, 0.0007435335736596323, 0.013038536860156578, 0.008563728830988337, 0.010341579951028856, 0.019618810836048182, 0.007669253127056257, 0.002241528394976717, 0.004246003975976854, 0.004761802134951132, 0.009130364527158973, 0.0004086747370898961, 0.0034459449840706447, 0.011975929919186664, 0.004751841046642953, 0.00028102754675182577, 0.035428168492445275, 0.0011540093824744392]",0.0095489574546439,3744.0,0.7992063492063493,0.8524007936507937,"[0.9523809523809524, 0.9047619047619048, 0.8095238095238096, 0.9523809523809524, 0.7142857142857144, 0.8333333333333335, 0.9047619047619048, 0.9285714285714287, 0.7380952380952381, 0.8333333333333335, 0.7380952380952381, 0.7380952380952381, 0.880952380952381, 0.9047619047619048, 0.7380952380952381, 0.7142857142857144, 0.7380952380952381, 0.8333333333333335, 0.8333333333333335, 0.8333333333333335, 0.8095238095238096, 0.880952380952381, 0.7380952380952381, 0.9047619047619048, 0.8095238095238096, 0.8333333333333335, 0.8095238095238096, 0.9047619047619048, 0.7142857142857144, 0.8571428571428572]",1.0723834699989918,0.0671267868112935,"[1.0, 1.0, 0.6666666666666666, 1.0, 0.6666666666666666, 1.0, 1.0, 0.6666666666666666, 0.6666666666666666, 1.0, 0.6666666666666666, 0.6666666666666666, 0.6666666666666666, 1.0, 0.6666666666666666, 0.6666666666666666, 0.6666666666666666, 1.0, 1.0, 1.0, 0.6666666666666666, 1.0, 0.6666666666666666, 1.0, 0.6666666666666666, 1.0, 0.6666666666666666, 1.0, 0.6666666666666666, 1.0]",0.1666666666666666,"[1.0, 1.0, 1.0, 1.0, 0.8, 1.0, 1.0, 1.0, 0.8, 1.0, 0.8, 0.8, 1.0, 1.0, 0.8, 0.8, 0.8, 1.0, 1.0, 1.0, 1.0, 1.0, 0.8, 1.0, 1.0, 1.0, 1.0, 1.0, 0.8, 1.0]",0.0916515138991167,0.0009814094195383
california,mlp,5000,7,8,abc_shap,A1,0.2496,1248.0,3752.0,0.9857142857142857,0.0157934513826447,0.957142857142857,1.0,1.0,0.0030604821373637,32.569226120167755,"[0.9285714285714285, 0.9999999999999998, 0.9285714285714285, 0.9999999999999998, 0.8571428571428571, 0.9999999999999998, 0.9999999999999998, 0.9999999999999998, 0.9285714285714285, 0.9285714285714285, 0.9285714285714285, 0.9999999999999998, 0.9999999999999998, 0.9999999999999998, 0.9285714285714285, 0.9285714285714285, 0.9999999999999998, 0.9285714285714285, 0.8571428571428571, 0.9285714285714285, 0.9999999999999998, 0.9285714285714285, 0.9999999999999998, 0.8571428571428571, 0.9285714285714285, 0.9999999999999998, 0.9999999999999998, 0.9999999999999998, 0.9999999999999998, 0.9285714285714285]",0.0473803541479342,0.0018324091648522,0.0043161654300435,0.0003825602671704,0.0004341495123487,"[0.01177723356006776, 0.0010287997476854194, 0.006539951053611307, 0.002181642252017676, 0.002224965387850559, 0.0013614761410662428, 0.0005284370480879808, 0.0032730769909198776, 0.009122846365806698, 0.0007941519050333497, 0.010241265403548368, 0.00011632736754704457, 0.00048786596299404386, 4.959042477589267e-05, 0.005758056118914356, 0.004276911731956277, 0.0001000706999941804, 0.00026372770049997926, 0.0034733447453141626, 0.003840789690395553, 0.0002548317193848361, 0.004901490015573456, 0.0019295148610205019, 0.0010921905775218882, 0.0005368583152887777, 7.053637140155681e-05, 0.003445053444332099, 0.0006183313960627263, 0.00017239361463982673, 0.011352733507601374]",0.0034731960987903,1248.0,0.98015873015873,0.9912698412698412,"[0.9761904761904763, 1.0, 0.9761904761904763, 1.0, 0.9523809523809524, 1.0, 1.0, 1.0, 0.9761904761904763, 0.9761904761904763, 0.9761904761904763, 1.0, 1.0, 1.0, 0.9761904761904763, 0.9761904761904763, 1.0, 0.9761904761904763, 0.9523809523809524, 0.9761904761904763, 1.0, 0.9761904761904763, 1.0, 0.9523809523809524, 0.9761904761904763, 1.0, 1.0, 1.0, 1.0, 0.9761904761904763]",1.000277880001037,0.0494192869009209,"[1.0, 1.0, 1.0, 1.0, 1.0, 1.0, 1.0, 1.0, 1.0, 1.0, 1.0, 1.0, 1.0, 1.0, 1.0, 1.0, 1.0, 1.0, 1.0, 1.0, 1.0, 1.0, 1.0, 1.0, 1.0, 1.0, 1.0, 1.0, 1.0, 1.0]",0.0,"[1.0, 1.0, 1.0, 1.0, 1.0, 1.0, 1.0, 1.0, 1.0, 1.0, 1.0, 1.0, 1.0, 1.0, 1.0, 1.0, 1.0, 1.0, 1.0, 1.0, 1.0, 1.0, 1.0, 1.0, 1.0, 1.0, 1.0, 1.0, 1.0, 1.0]",0.0,0.0003782489637768
california,mlp,5000,7,8,abc_shap,A3,0.7488,3744.0,1256.0,0.976984126984127,0.024190080403378,0.9404761904761904,1.0,1.0,0.0040556115545268,43.15925525666657,"[0.9285714285714285, 0.9999999999999998, 0.9285714285714285, 0.9285714285714285, 0.9999999999999998, 0.9285714285714285, 0.8571428571428571, 0.9999999999999998, 0.9285714285714285, 0.8571428571428571, 0.9285714285714285, 0.9285714285714285, 0.8571428571428571, 0.9999999999999998, 0.9999999999999998, 0.9285714285714285, 0.8571428571428571, 0.9285714285714285, 0.8571428571428571, 0.9999999999999998, 0.9285714285714285, 0.9999999999999998, 0.9285714285714285, 0.9999999999999998, 0.8571428571428571, 0.8571428571428571, 0.9999999999999998, 0.9999999999999998, 0.9999999999999998, 0.9999999999999998]",0.0555838929996606,0.002589708082446,0.005698255443726,0.0005069514443158,0.0005554115782104,"[0.004765224991699022, 0.0003532917015022903, 0.007263515642661649, 0.0009186271605393532, 0.0019279043795641317, 0.0008518896674439616, 0.015190911747810818, 0.001362053711824746, 0.0006649431127325829, 0.010433774573917448, 0.0020486256796239566, 0.006471806629581354, 0.0019069670278826745, 0.0016700335706986032, 0.00035245579965634483, 0.007386275184091613, 0.002649294631644138, 0.008424283513051982, 0.011031357122452743, 0.0004928834536884762, 0.003349940910937343, 0.00015077757976137524, 0.00812218970979162, 0.0014683018481301707, 0.016221452392717016, 0.0030382177105284084, 0.00042479569032108334, 0.00032348872447152273, 0.001874020111166863, 0.0005290426559136593]",0.0044432926256832,3744.0,0.9674603174603176,0.9857142857142857,"[0.9761904761904763, 1.0, 0.9761904761904763, 0.9761904761904763, 1.0, 0.9761904761904763, 0.9285714285714287, 1.0, 0.9761904761904763, 0.9285714285714287, 0.9761904761904763, 0.9761904761904763, 0.9523809523809524, 1.0, 1.0, 0.9761904761904763, 0.9523809523809524, 0.9761904761904763, 0.9285714285714287, 1.0, 0.9761904761904763, 1.0, 0.9761904761904763, 1.0, 0.9285714285714287, 0.9523809523809524, 1.0, 1.0, 1.0, 1.0]",1.0077855666633695,0.0110603746550539,"[1.0, 1.0, 1.0, 1.0, 1.0, 1.0, 1.0, 1.0, 1.0, 1.0, 1.0, 1.0, 1.0, 1.0, 1.0, 1.0, 1.0, 1.0, 1.0, 1.0, 1.0, 1.0, 1.0, 1.0, 1.0, 1.0, 1.0, 1.0, 1.0, 1.0]",0.0,"[1.0, 1.0, 1.0, 1.0, 1.0, 1.0, 1.0, 1.0, 1.0, 1.0, 1.0, 1.0, 1.0, 1.0, 1.0, 1.0, 1.0, 1.0, 1.0, 1.0, 1.0, 1.0, 1.0, 1.0, 1.0, 1.0, 1.0, 1.0, 1.0, 1.0]",0.0,0.000496062301108
california,mlp,5000,8,8,abc_shap,A1,0.2496,1248.0,3752.0,0.9626984126984128,0.039690475396984,0.9166666666666664,1.0,1.0,0.0585787568033418,81.94001745822689,"[0.7142857142857142, 0.9999999999999998, 0.9999999999999998, 0.9999999999999998, 0.8571428571428571, 0.7857142857142856, 0.7857142857142856, 0.9999999999999998, 0.7857142857142856, 0.7857142857142856, 0.9999999999999998, 0.8571428571428571, 0.8571428571428571, 0.9285714285714285, 0.9999999999999998, 0.8571428571428571, 0.8571428571428571, 0.9999999999999998, 0.8571428571428571, 0.9285714285714285, 0.9285714285714285, 0.9285714285714285, 0.9285714285714285, 0.9999999999999998, 0.9999999999999998, 0.8571428571428571, 0.9999999999999998, 0.9999999999999998, 0.9999999999999998, 0.9999999999999998]",0.086667974872387,0.041382917827591,0.0781901723495722,0.0073223446004177,0.0063376544930896,"[0.14266218085982774, 0.18497519208867522, 0.005915010448652779, 0.09208354293161153, 0.009697816817612266, 0.01667842758667591, 0.1650954022223775, 0.04606412195643208, 0.12044811807905072, 0.08791327851993343, 0.03577618509683373, 0.02125310587622421, 0.019285815217017662, 0.04082440894970347, 0.09491269687053751, 0.041223585462150374, 0.0622191660026031, 0.06206460658096803, 0.06039024511955235, 0.04233910263370153, 0.07281902069648982, 0.016834297889212597, 0.0036520787739218546, 0.0017632992046389213, 0.0871212443500638, 0.0028840062722181453, 0.07713521868511151, 0.13477494482884522, 0.0046939014391157675, 0.0038626826404982665]",0.0507012359447171,1248.0,0.9476190476190476,0.9777777777777776,"[0.880952380952381, 1.0, 1.0, 1.0, 0.9285714285714287, 0.9047619047619048, 0.9047619047619048, 1.0, 0.9047619047619048, 0.9047619047619048, 1.0, 0.9285714285714287, 0.9285714285714287, 0.9761904761904763, 1.0, 0.9285714285714287, 0.9285714285714287, 1.0, 0.9285714285714287, 0.9761904761904763, 0.9761904761904763, 0.9761904761904763, 0.9761904761904763, 1.0, 1.0, 0.9285714285714287, 1.0, 1.0, 1.0, 1.0]",0.976736349996645,0.03531389508806,"[1.0, 1.0, 1.0, 1.0, 1.0, 1.0, 1.0, 1.0, 1.0, 1.0, 1.0, 1.0, 1.0, 1.0, 1.0, 1.0, 1.0, 1.0, 1.0, 1.0, 1.0, 1.0, 1.0, 1.0, 1.0, 1.0, 1.0, 1.0, 1.0, 1.0]",0.0,"[1.0, 1.0, 1.0, 1.0, 1.0, 1.0, 1.0, 1.0, 1.0, 1.0, 1.0, 1.0, 1.0, 1.0, 1.0, 1.0, 1.0, 1.0, 1.0, 1.0, 1.0, 1.0, 1.0, 1.0, 1.0, 1.0, 1.0, 1.0, 1.0, 1.0]",0.0,0.0072130659757119
california,mlp,5000,8,8,abc_shap,A3,0.7488,3744.0,1256.0,0.9619047619047618,0.037191665123365,0.9119047619047616,1.0,1.0,0.0376182448614481,52.62043458933673,"[0.7857142857142856, 0.9285714285714285, 0.9285714285714285, 0.9285714285714285, 0.7857142857142856, 0.9285714285714285, 0.9999999999999998, 0.9999999999999998, 0.9999999999999998, 0.9285714285714285, 0.8571428571428571, 0.9999999999999998, 0.9999999999999998, 0.8571428571428571, 0.8571428571428571, 0.9999999999999998, 0.9999999999999998, 0.7857142857142856, 0.7857142857142856, 0.9285714285714285, 0.7857142857142856, 0.7857142857142856, 0.9285714285714285, 0.9285714285714285, 0.9999999999999998, 0.8571428571428571, 0.8571428571428571, 0.9999999999999998, 0.9285714285714285, 0.9999999999999998]",0.0797174716323009,0.0259670408116332,0.0510827593257067,0.004702280607681,0.0044207644502487,"[0.015612704117742755, 0.03271977303121355, 0.0018387275202141568, 0.049125229586581845, 0.07342638070066086, 0.035125580225051446, 0.0038330237756829667, 0.011808194191080168, 0.11537492892909428, 0.003664561909818781, 0.021642448795189593, 0.14353236743876016, 0.07340899437155497, 0.020333582416110385, 0.040204229689102505, 0.06874199091893864, 0.0011680484332530904, 0.01192061638956617, 0.07011453222545437, 0.005453624252129887, 0.04579013842157651, 0.08424089225446196, 0.0030480448955971353, 0.03337891877668386, 0.007917318513729964, 0.05602925445495974, 0.006731724494718505, 0.05081407013090036, 0.04113470663637492, 0.00041273834724099193]",0.0353661156019898,3744.0,0.949186507936508,0.9753968253968252,"[0.9047619047619048, 0.9761904761904763, 0.9761904761904763, 0.9761904761904763, 0.9047619047619048, 0.9761904761904763, 1.0, 1.0, 1.0, 0.9761904761904763, 0.9285714285714287, 1.0, 1.0, 0.9285714285714287, 0.9285714285714287, 1.0, 1.0, 0.9047619047619048, 0.9047619047619048, 0.9761904761904763, 0.9047619047619048, 0.9047619047619048, 0.9761904761904763, 0.9761904761904763, 1.0, 0.9285714285714287, 0.9285714285714287, 1.0, 0.9761904761904763, 1.0]",1.0168208933338367,0.047392881282156,"[1.0, 1.0, 1.0, 1.0, 1.0, 1.0, 1.0, 1.0, 1.0, 1.0, 1.0, 1.0, 1.0, 1.0, 1.0, 1.0, 1.0, 1.0, 1.0, 1.0, 1.0, 1.0, 1.0, 1.0, 1.0, 1.0, 1.0, 1.0, 1.0, 1.0]",0.0,"[1.0, 1.0, 1.0, 1.0, 1.0, 1.0, 1.0, 1.0, 1.0, 1.0, 1.0, 1.0, 1.0, 1.0, 1.0, 1.0, 1.0, 1.0, 1.0, 1.0, 1.0, 1.0, 1.0, 1.0, 1.0, 1.0, 1.0, 1.0, 1.0, 1.0]",0.0,0.0046624578220005
california,mlp,5000,9,8,abc_shap,A1,0.2496,1248.0,3752.0,0.949206349206349,0.049078174075366,0.8857142857142855,0.9666666666666668,0.98,0.008118899455374,45.39332644540565,"[0.8571428571428571, 0.8571428571428571, 0.8571428571428571, 0.9285714285714285, 0.9999999999999998, 0.8571428571428571, 0.9285714285714285, 0.9285714285714285, 0.9285714285714285, 0.7857142857142856, 0.9285714285714285, 0.9285714285714285, 0.8571428571428571, 0.7142857142857142, 0.9999999999999998, 0.7142857142857142, 0.9999999999999998, 0.9999999999999998, 0.9285714285714285, 0.7142857142857142, 0.9999999999999998, 0.7142857142857142, 0.9999999999999998, 0.7857142857142856, 0.9999999999999998, 0.9285714285714285, 0.9285714285714285, 0.9285714285714285, 0.8571428571428571, 0.7142857142857142]",0.0968904283303609,0.0053369039099574,0.0111071330331207,0.0010148624319217,0.0010378547319742,"[0.007239591167354952, 0.0036191044499349267, 0.006755561717186438, 0.0029624221637306533, 0.00022538625585571528, 0.0308331580194031, 0.002358309735742882, 0.020998134729887236, 0.010760837343580024, 0.00849726931632918, 0.004443548128439242, 0.00029370025848318845, 0.005372014334167785, 0.016352260832108972, 0.004578920437911723, 0.024074959038874896, 0.000639009405701225, 0.0008631982541192504, 0.0008766212897495384, 0.02352185424023219, 8.400440644732361e-05, 0.013973469439216972, 0.00029495783837947206, 0.013646514234322607, 0.0003672397420268784, 0.006338201392519698, 0.002481266868190813, 0.004232805055097461, 0.007904447836013562, 0.01897821573021504]",0.0083028378557939,1248.0,0.9301587301587304,0.965079365079365,"[0.9285714285714287, 0.9285714285714287, 0.9285714285714287, 0.9761904761904763, 1.0, 0.9523809523809524, 0.9761904761904763, 0.9761904761904763, 0.9761904761904763, 0.9047619047619048, 0.9761904761904763, 0.9761904761904763, 0.9285714285714287, 0.880952380952381, 1.0, 0.8333333333333335, 1.0, 1.0, 0.9761904761904763, 0.8333333333333335, 1.0, 0.880952380952381, 1.0, 0.9047619047619048, 1.0, 0.9761904761904763, 0.9761904761904763, 0.9761904761904763, 0.9285714285714287, 0.880952380952381]",1.0378651566570625,0.0655685470335342,"[1.0, 1.0, 1.0, 1.0, 1.0, 1.0, 1.0, 1.0, 1.0, 1.0, 1.0, 1.0, 1.0, 0.6666666666666666, 1.0, 1.0, 1.0, 1.0, 1.0, 1.0, 1.0, 0.6666666666666666, 1.0, 1.0, 1.0, 1.0, 1.0, 1.0, 1.0, 0.6666666666666666]",0.1,"[1.0, 1.0, 1.0, 1.0, 1.0, 0.8, 1.0, 1.0, 1.0, 1.0, 1.0, 1.0, 1.0, 1.0, 1.0, 0.8, 1.0, 1.0, 1.0, 0.8, 1.0, 1.0, 1.0, 1.0, 1.0, 1.0, 1.0, 1.0, 1.0, 1.0]",0.0599999999999999,0.0009308221985836
california,mlp,5000,9,8,abc_shap,A3,0.7488,3744.0,1256.0,0.9404761904761904,0.0598404277655374,0.8642857142857141,0.9333333333333332,0.96,0.0113001558803076,63.17995038345303,"[0.9999999999999998, 0.8571428571428571, 0.9285714285714285, 0.9999999999999998, 0.7142857142857142, 0.9285714285714285, 0.7857142857142856, 0.8571428571428571, 0.8571428571428571, 0.9999999999999998, 0.9999999999999998, 0.7142857142857142, 0.9285714285714285, 0.8571428571428571, 0.8571428571428571, 0.8571428571428571, 0.9285714285714285, 0.9285714285714285, 0.9285714285714285, 0.5714285714285714, 0.7142857142857142, 0.8571428571428571, 0.9285714285714285, 0.9999999999999998, 0.9285714285714285, 0.8571428571428571, 0.9285714285714285, 0.5714285714285714, 0.7857142857142856, 0.8571428571428571]",0.1127123845575678,0.0076924968756884,0.0152865112943035,0.0014125194850384,0.0013824346825522,"[0.0005491242907559782, 0.020099715370713585, 0.0031382850280218754, 0.001773622190962449, 0.019631797056310508, 0.013486611857548049, 0.008891944800066318, 0.008067255084275247, 0.02704399721726504, 0.0007668166551471809, 0.0018586239203929793, 0.017050811533090265, 0.004437300269215057, 0.006344939291422412, 0.009281876578898755, 0.024037193170964716, 0.0006519158968671997, 0.00718084799461183, 0.010191403628388855, 0.03889302661466187, 0.01322934733707155, 0.017849617792198784, 0.003143772181303151, 0.0007015295338058148, 0.0005010023474980957, 0.00567166760001698, 0.007002925975984171, 0.046256073987293575, 0.0115143245888742, 0.009757306615602113]",0.0110594774604177,3744.0,0.919047619047619,0.9603174603174602,"[1.0, 0.9523809523809524, 0.9761904761904763, 1.0, 0.880952380952381, 0.9761904761904763, 0.9047619047619048, 0.9285714285714287, 0.9523809523809524, 1.0, 1.0, 0.880952380952381, 0.9761904761904763, 0.9285714285714287, 0.9285714285714287, 0.9523809523809524, 0.9761904761904763, 0.9761904761904763, 0.9761904761904763, 0.7619047619047621, 0.880952380952381, 0.9523809523809524, 0.9761904761904763, 1.0, 0.9761904761904763, 0.9285714285714287, 0.9761904761904763, 0.7619047619047621, 0.9047619047619048, 0.9285714285714287]",1.1145935766748152,0.0971519653583638,"[1.0, 1.0, 1.0, 1.0, 0.6666666666666666, 1.0, 1.0, 1.0, 1.0, 1.0, 1.0, 0.6666666666666666, 1.0, 1.0, 1.0, 1.0, 1.0, 1.0, 1.0, 0.6666666666666666, 0.6666666666666666, 1.0, 1.0, 1.0, 1.0, 1.0, 1.0, 0.6666666666666666, 0.6666666666666666, 1.0]",0.1333333333333333,"[1.0, 0.8, 1.0, 1.0, 1.0, 1.0, 1.0, 1.0, 0.8, 1.0, 1.0, 1.0, 1.0, 1.0, 1.0, 0.8, 1.0, 1.0, 1.0, 0.8, 1.0, 0.8, 1.0, 1.0, 1.0, 1.0, 1.0, 0.8, 1.0, 1.0]",0.0799999999999999,0.0013935852765924
