dataset,model,n_budget,instance_idx,M,method,mse,mse_std,mse_norm,mse_norm_std,mse_ci_lower,mse_ci_upper,mse_ratio_b2,spearman_mean,spearman_std,spearman_ci_lower,spearman_ci_upper,kendall_mean,kendall_std,top3_mean,top3_std,top5_mean,top5_std,variance,n_exploration,n_estimation,time_mean,time_std,n_coal_final,mse_per_run,spearman_per_run,kendall_per_run,top3_per_run,top5_per_run
california,ridge,5000,0,8,abc_shap,2.172310593010197e-16,1.0477089961417321e-16,2.7153882412627463e-17,1.3096362451771651e-17,1.7867433465882164e-16,2.5144726984134274e-16,7.544932243867454,1.0,0.0,1.0,1.0,0.9999999999999998,0.0,1.0,0.0,1.0,0.0,1.0444482570169799e-17,2496.0,2504.0,0.6483542433318993,0.06331739216647572,2496.0,"[9.444630621141001e-17, 2.335452760532364e-16, 2.5141491698086787e-16, 1.487142966195922e-16, 1.6923499843688679e-16, 3.349037297464007e-16, 3.7042369516816827e-16, 9.160517649274274e-17, 3.644325978037055e-16, 1.453987462021639e-16, 4.246237608468397e-16, 2.869576256109092e-16, 1.0134811827799515e-16, 8.145971701249524e-17, 1.4524654046489471e-16, 1.1907399839342136e-16, 7.605020090380082e-17, 1.5776792115091377e-16, 2.725093027860087e-16, 1.871753416262114e-16, 3.4369465524894534e-16, 2.1420608730446125e-16, 2.9754887669105576e-16, 6.257357377011655e-17, 2.835014562363079e-16, 2.7867500544400103e-16, 4.295809786495076e-16, 1.7003379755649172e-16, 1.7314763137002092e-16, 2.076374499710186e-16]","[1.0, 1.0, 1.0, 1.0, 1.0, 1.0, 1.0, 1.0, 1.0, 1.0, 1.0, 1.0, 1.0, 1.0, 1.0, 1.0, 1.0, 1.0, 1.0, 1.0, 1.0, 1.0, 1.0, 1.0, 1.0, 1.0, 1.0, 1.0, 1.0, 1.0]","[0.9999999999999998, 0.9999999999999998, 0.9999999999999998, 0.9999999999999998, 0.9999999999999998, 0.9999999999999998, 0.9999999999999998, 0.9999999999999998, 0.9999999999999998, 0.9999999999999998, 0.9999999999999998, 0.9999999999999998, 0.9999999999999998, 0.9999999999999998, 0.9999999999999998, 0.9999999999999998, 0.9999999999999998, 0.9999999999999998, 0.9999999999999998, 0.9999999999999998, 0.9999999999999998, 0.9999999999999998, 0.9999999999999998, 0.9999999999999998, 0.9999999999999998, 0.9999999999999998, 0.9999999999999998, 0.9999999999999998, 0.9999999999999998, 0.9999999999999998]","[1.0, 1.0, 1.0, 1.0, 1.0, 1.0, 1.0, 1.0, 1.0, 1.0, 1.0, 1.0, 1.0, 1.0, 1.0, 1.0, 1.0, 1.0, 1.0, 1.0, 1.0, 1.0, 1.0, 1.0, 1.0, 1.0, 1.0, 1.0, 1.0, 1.0]","[1.0, 1.0, 1.0, 1.0, 1.0, 1.0, 1.0, 1.0, 1.0, 1.0, 1.0, 1.0, 1.0, 1.0, 1.0, 1.0, 1.0, 1.0, 1.0, 1.0, 1.0, 1.0, 1.0, 1.0, 1.0, 1.0, 1.0, 1.0, 1.0, 1.0]"
california,ridge,5000,0,8,b1_uniform,4.1468853782817344e-16,1.6561179423293048e-16,5.183606722852168e-17,2.070147427911631e-17,3.5797000713610253e-16,4.755286760782579e-16,14.403082737291369,1.0,0.0,1.0,1.0,0.9999999999999998,0.0,1.0,0.0,1.0,0.0,1.7587528016716824e-17,0.0,5000.0,0.4884918866640267,0.038139133119865026,5000.0,"[5.138590994462674e-16, 3.253702432416635e-16, 4.267593052432244e-16, 1.7960506115527062e-16, 2.3100754019017285e-16, 5.014948914793236e-16, 1.1795640329206307e-16, 4.600525844047564e-16, 4.167305190837552e-16, 5.105850402316827e-16, 1.9149525306523052e-16, 4.0268282269393243e-16, 4.114686495829714e-16, 6.920687602463836e-16, 3.6150242041644353e-16, 4.1280533091654987e-16, 3.839197208195263e-16, 8.599862282402031e-16, 5.862082570051006e-16, 3.4247938950627253e-16, 2.841278352328949e-16, 5.640464503193763e-16, 5.631161733081457e-16, 4.96752120284986e-16, 4.0935583679138126e-16, 2.3237135912038545e-16, 6.566115956559865e-16, 1.8340229035936074e-16, 4.76131739248459e-16, 2.467032142634324e-16]","[1.0, 1.0, 1.0, 1.0, 1.0, 1.0, 1.0, 1.0, 1.0, 1.0, 1.0, 1.0, 1.0, 1.0, 1.0, 1.0, 1.0, 1.0, 1.0, 1.0, 1.0, 1.0, 1.0, 1.0, 1.0, 1.0, 1.0, 1.0, 1.0, 1.0]","[0.9999999999999998, 0.9999999999999998, 0.9999999999999998, 0.9999999999999998, 0.9999999999999998, 0.9999999999999998, 0.9999999999999998, 0.9999999999999998, 0.9999999999999998, 0.9999999999999998, 0.9999999999999998, 0.9999999999999998, 0.9999999999999998, 0.9999999999999998, 0.9999999999999998, 0.9999999999999998, 0.9999999999999998, 0.9999999999999998, 0.9999999999999998, 0.9999999999999998, 0.9999999999999998, 0.9999999999999998, 0.9999999999999998, 0.9999999999999998, 0.9999999999999998, 0.9999999999999998, 0.9999999999999998, 0.9999999999999998, 0.9999999999999998, 0.9999999999999998]","[1.0, 1.0, 1.0, 1.0, 1.0, 1.0, 1.0, 1.0, 1.0, 1.0, 1.0, 1.0, 1.0, 1.0, 1.0, 1.0, 1.0, 1.0, 1.0, 1.0, 1.0, 1.0, 1.0, 1.0, 1.0, 1.0, 1.0, 1.0, 1.0, 1.0]","[1.0, 1.0, 1.0, 1.0, 1.0, 1.0, 1.0, 1.0, 1.0, 1.0, 1.0, 1.0, 1.0, 1.0, 1.0, 1.0, 1.0, 1.0, 1.0, 1.0, 1.0, 1.0, 1.0, 1.0, 1.0, 1.0, 1.0, 1.0, 1.0, 1.0]"
california,ridge,5000,0,8,b2_stratified,2.879165143962503e-17,1.3075530567090303e-17,3.5989564299531286e-18,1.634441320886288e-18,2.3978700710306817e-17,3.3396062381019744e-17,1.0,1.0,0.0,1.0,1.0,0.9999999999999998,0.0,1.0,0.0,1.0,0.0,3.433318364954773e-18,0.0,5000.0,0.5036384833346044,0.0717805985188975,5000.0,"[2.9734583370074196e-17, 1.7791948184680174e-17, 5.28466291151744e-17, 2.8790061911235386e-17, 3.0130971607285334e-17, 1.0251848248025901e-17, 2.567226887238825e-17, 1.5409268062203137e-17, 3.090267995602386e-17, 3.192437457029674e-17, 4.9161069944320156e-17, 1.770837612742689e-17, 2.1955306034891995e-17, 3.315742586490688e-17, 1.8738926666922497e-17, 9.599047175784305e-18, 2.5603679236403434e-17, 6.412452568113001e-17, 5.762438865009357e-18, 4.6630017203903077e-17, 1.3415504756559135e-17, 3.2167714133692206e-17, 2.975938802846089e-17, 3.735946658551471e-17, 3.0270933475354496e-17, 3.1033382039811856e-17, 3.915182440974874e-17, 1.6760048860291953e-17, 3.966017562261421e-17, 2.827565857861671e-17]","[1.0, 1.0, 1.0, 1.0, 1.0, 1.0, 1.0, 1.0, 1.0, 1.0, 1.0, 1.0, 1.0, 1.0, 1.0, 1.0, 1.0, 1.0, 1.0, 1.0, 1.0, 1.0, 1.0, 1.0, 1.0, 1.0, 1.0, 1.0, 1.0, 1.0]","[0.9999999999999998, 0.9999999999999998, 0.9999999999999998, 0.9999999999999998, 0.9999999999999998, 0.9999999999999998, 0.9999999999999998, 0.9999999999999998, 0.9999999999999998, 0.9999999999999998, 0.9999999999999998, 0.9999999999999998, 0.9999999999999998, 0.9999999999999998, 0.9999999999999998, 0.9999999999999998, 0.9999999999999998, 0.9999999999999998, 0.9999999999999998, 0.9999999999999998, 0.9999999999999998, 0.9999999999999998, 0.9999999999999998, 0.9999999999999998, 0.9999999999999998, 0.9999999999999998, 0.9999999999999998, 0.9999999999999998, 0.9999999999999998, 0.9999999999999998]","[1.0, 1.0, 1.0, 1.0, 1.0, 1.0, 1.0, 1.0, 1.0, 1.0, 1.0, 1.0, 1.0, 1.0, 1.0, 1.0, 1.0, 1.0, 1.0, 1.0, 1.0, 1.0, 1.0, 1.0, 1.0, 1.0, 1.0, 1.0, 1.0, 1.0]","[1.0, 1.0, 1.0, 1.0, 1.0, 1.0, 1.0, 1.0, 1.0, 1.0, 1.0, 1.0, 1.0, 1.0, 1.0, 1.0, 1.0, 1.0, 1.0, 1.0, 1.0, 1.0, 1.0, 1.0, 1.0, 1.0, 1.0, 1.0, 1.0, 1.0]"
california,ridge,5000,0,8,b3_is,1.5564508655100797e-16,4.3577636210905863e-17,1.9455635818875996e-17,5.447204526363233e-18,1.4088900129744593e-16,1.711126810191122e-16,5.405910351387438,1.0,0.0,1.0,1.0,0.9999999999999998,0.0,1.0,0.0,1.0,0.0,2.483862862981441e-18,0.0,5000.0,0.6123171333320594,0.049220977631934865,5000.0,"[1.8267012522037078e-16, 1.5410426165123556e-16, 1.4651105988027714e-16, 1.341188484606596e-16, 1.6009280688484404e-16, 1.5920862411817566e-16, 1.863541500549158e-16, 1.9121389994480438e-16, 1.950817712707306e-16, 1.12781767993811e-16, 1.3076438414191554e-16, 1.4380408669946634e-16, 7.896121395137823e-17, 1.8382155362107973e-16, 1.586996350609051e-16, 1.6349947449373374e-16, 1.920590766889198e-16, 2.9248016794974843e-16, 1.0593072343851993e-16, 1.3991288010593669e-16, 1.3290919085559538e-16, 1.5847409238745493e-16, 6.815583956822723e-17, 1.2492846588535023e-16, 1.515520366996619e-16, 1.5214338550104601e-16, 1.57431893332347e-16, 1.4190533276418025e-16, 1.1882386452000106e-16, 2.5095798338494767e-16]","[1.0, 1.0, 1.0, 1.0, 1.0, 1.0, 1.0, 1.0, 1.0, 1.0, 1.0, 1.0, 1.0, 1.0, 1.0, 1.0, 1.0, 1.0, 1.0, 1.0, 1.0, 1.0, 1.0, 1.0, 1.0, 1.0, 1.0, 1.0, 1.0, 1.0]","[0.9999999999999998, 0.9999999999999998, 0.9999999999999998, 0.9999999999999998, 0.9999999999999998, 0.9999999999999998, 0.9999999999999998, 0.9999999999999998, 0.9999999999999998, 0.9999999999999998, 0.9999999999999998, 0.9999999999999998, 0.9999999999999998, 0.9999999999999998, 0.9999999999999998, 0.9999999999999998, 0.9999999999999998, 0.9999999999999998, 0.9999999999999998, 0.9999999999999998, 0.9999999999999998, 0.9999999999999998, 0.9999999999999998, 0.9999999999999998, 0.9999999999999998, 0.9999999999999998, 0.9999999999999998, 0.9999999999999998, 0.9999999999999998, 0.9999999999999998]","[1.0, 1.0, 1.0, 1.0, 1.0, 1.0, 1.0, 1.0, 1.0, 1.0, 1.0, 1.0, 1.0, 1.0, 1.0, 1.0, 1.0, 1.0, 1.0, 1.0, 1.0, 1.0, 1.0, 1.0, 1.0, 1.0, 1.0, 1.0, 1.0, 1.0]","[1.0, 1.0, 1.0, 1.0, 1.0, 1.0, 1.0, 1.0, 1.0, 1.0, 1.0, 1.0, 1.0, 1.0, 1.0, 1.0, 1.0, 1.0, 1.0, 1.0, 1.0, 1.0, 1.0, 1.0, 1.0, 1.0, 1.0, 1.0, 1.0, 1.0]"
california,ridge,5000,0,8,b4_antithetic,3.515598688893229e-16,1.655180646814382e-16,4.3944983611165363e-17,2.0689758085179775e-17,2.976018201964767e-16,4.1312159031145797e-16,12.21047947272251,1.0,0.0,1.0,1.0,0.9999999999999998,0.0,1.0,0.0,1.0,0.0,1.5225726588600938e-17,0.0,5000.0,0.46885526332868416,0.0629077651634856,5000.0,"[3.666623703131822e-16, 2.3227846314978047e-16, 3.4317889511608053e-16, 1.522440365159858e-16, 4.4732263885026e-16, 4.757002074726944e-16, 2.0505426136445038e-16, 9.422987914262345e-16, 1.4382525792594328e-16, 6.756977849795541e-16, 3.191267008992509e-16, 5.606864776430907e-16, 4.781648360816204e-16, 3.372148923747408e-16, 4.74397391846361e-16, 2.939074673603407e-16, 3.4913755137473e-16, 4.652734740313139e-16, 2.7356896769079337e-16, 2.1805853109094992e-16, 2.8175754036307838e-16, 1.9165882745746823e-16, 1.2128304651155474e-16, 3.2063298261279054e-16, 2.307553613283617e-16, 3.759524306375827e-16, 3.153236223926423e-16, 3.18200245329898e-16, 3.6301768605021097e-16, 2.7441532648874164e-16]","[1.0, 1.0, 1.0, 1.0, 1.0, 1.0, 1.0, 1.0, 1.0, 1.0, 1.0, 1.0, 1.0, 1.0, 1.0, 1.0, 1.0, 1.0, 1.0, 1.0, 1.0, 1.0, 1.0, 1.0, 1.0, 1.0, 1.0, 1.0, 1.0, 1.0]","[0.9999999999999998, 0.9999999999999998, 0.9999999999999998, 0.9999999999999998, 0.9999999999999998, 0.9999999999999998, 0.9999999999999998, 0.9999999999999998, 0.9999999999999998, 0.9999999999999998, 0.9999999999999998, 0.9999999999999998, 0.9999999999999998, 0.9999999999999998, 0.9999999999999998, 0.9999999999999998, 0.9999999999999998, 0.9999999999999998, 0.9999999999999998, 0.9999999999999998, 0.9999999999999998, 0.9999999999999998, 0.9999999999999998, 0.9999999999999998, 0.9999999999999998, 0.9999999999999998, 0.9999999999999998, 0.9999999999999998, 0.9999999999999998, 0.9999999999999998]","[1.0, 1.0, 1.0, 1.0, 1.0, 1.0, 1.0, 1.0, 1.0, 1.0, 1.0, 1.0, 1.0, 1.0, 1.0, 1.0, 1.0, 1.0, 1.0, 1.0, 1.0, 1.0, 1.0, 1.0, 1.0, 1.0, 1.0, 1.0, 1.0, 1.0]","[1.0, 1.0, 1.0, 1.0, 1.0, 1.0, 1.0, 1.0, 1.0, 1.0, 1.0, 1.0, 1.0, 1.0, 1.0, 1.0, 1.0, 1.0, 1.0, 1.0, 1.0, 1.0, 1.0, 1.0, 1.0, 1.0, 1.0, 1.0, 1.0, 1.0]"
california,ridge,5000,1,8,abc_shap,2.4259935408004013e-16,1.4563100778550291e-16,3.0324919260005016e-17,1.8203875973187864e-17,1.9497997196807323e-16,2.9792101980383325e-16,7.470772802026774,1.0,0.0,1.0,1.0,0.9999999999999998,0.0,1.0,0.0,1.0,0.0,8.650080869997966e-18,2496.0,2504.0,0.6338009366649203,0.029109899361650295,2496.0,"[1.9514938721223218e-16, 1.979880470845869e-16, 3.0184500064382555e-16, 1.54365630865846e-16, 1.7302208299690508e-16, 1.1244838651636756e-16, 2.3674500284666336e-16, 2.312906801962523e-16, 2.676617087240755e-16, 2.5137758011915053e-16, 1.2056126879981573e-16, 8.776936445841632e-16, 3.963361024505253e-16, 1.6631533497873947e-16, 2.992478626641967e-16, 1.2390278989966125e-16, 7.87371139577369e-17, 2.417436960194938e-16, 2.9178081843291626e-16, 4.1716665247078276e-16, 1.4495077105271228e-16, 3.385874379921876e-16, 1.4482167780052228e-16, 1.9763194628047963e-16, 2.4610541542868157e-16, 1.5649492880665592e-16, 3.3148733396428803e-16, 1.920089950544147e-16, 9.36890175954839e-17, 2.968243069618425e-16]","[1.0, 1.0, 1.0, 1.0, 1.0, 1.0, 1.0, 1.0, 1.0, 1.0, 1.0, 1.0, 1.0, 1.0, 1.0, 1.0, 1.0, 1.0, 1.0, 1.0, 1.0, 1.0, 1.0, 1.0, 1.0, 1.0, 1.0, 1.0, 1.0, 1.0]","[0.9999999999999998, 0.9999999999999998, 0.9999999999999998, 0.9999999999999998, 0.9999999999999998, 0.9999999999999998, 0.9999999999999998, 0.9999999999999998, 0.9999999999999998, 0.9999999999999998, 0.9999999999999998, 0.9999999999999998, 0.9999999999999998, 0.9999999999999998, 0.9999999999999998, 0.9999999999999998, 0.9999999999999998, 0.9999999999999998, 0.9999999999999998, 0.9999999999999998, 0.9999999999999998, 0.9999999999999998, 0.9999999999999998, 0.9999999999999998, 0.9999999999999998, 0.9999999999999998, 0.9999999999999998, 0.9999999999999998, 0.9999999999999998, 0.9999999999999998]","[1.0, 1.0, 1.0, 1.0, 1.0, 1.0, 1.0, 1.0, 1.0, 1.0, 1.0, 1.0, 1.0, 1.0, 1.0, 1.0, 1.0, 1.0, 1.0, 1.0, 1.0, 1.0, 1.0, 1.0, 1.0, 1.0, 1.0, 1.0, 1.0, 1.0]","[1.0, 1.0, 1.0, 1.0, 1.0, 1.0, 1.0, 1.0, 1.0, 1.0, 1.0, 1.0, 1.0, 1.0, 1.0, 1.0, 1.0, 1.0, 1.0, 1.0, 1.0, 1.0, 1.0, 1.0, 1.0, 1.0, 1.0, 1.0, 1.0, 1.0]"
california,ridge,5000,1,8,b1_uniform,2.883130868875373e-16,1.3849196836170849e-16,3.603913586094216e-17,1.731149604521356e-17,2.379964185677041e-16,3.368240445451016e-16,8.878513201964909,1.0,0.0,1.0,1.0,0.9999999999999998,0.0,1.0,0.0,1.0,0.0,1.2871753611951388e-17,0.0,5000.0,0.4801413166705364,0.023850290710978873,5000.0,"[1.676112944055558e-16, 2.871517464814375e-16, 4.334644477295843e-16, 1.651788806784902e-16, 2.1670278135933136e-16, 5.660998631767145e-16, 6.186347061116172e-17, 3.474309543849868e-16, 3.4935026461018453e-16, 2.011566363046552e-16, 1.7819254567942172e-16, 6.145223097591665e-16, 1.1920173889235856e-16, 3.453070187145178e-16, 3.464934025484263e-16, 8.934620111630752e-17, 3.3237983254574596e-16, 3.2517058807319103e-16, 2.24978093891387e-16, 2.906662850050698e-16, 2.440948700854661e-16, 4.817607831261794e-16, 3.4467514080168887e-16, 1.809878950916372e-16, 4.799049784838771e-16, 3.09904992869186e-16, 2.578111960513231e-16, 1.122926065191084e-16, 4.496692988973832e-16, 1.2602248873257884e-16]","[1.0, 1.0, 1.0, 1.0, 1.0, 1.0, 1.0, 1.0, 1.0, 1.0, 1.0, 1.0, 1.0, 1.0, 1.0, 1.0, 1.0, 1.0, 1.0, 1.0, 1.0, 1.0, 1.0, 1.0, 1.0, 1.0, 1.0, 1.0, 1.0, 1.0]","[0.9999999999999998, 0.9999999999999998, 0.9999999999999998, 0.9999999999999998, 0.9999999999999998, 0.9999999999999998, 0.9999999999999998, 0.9999999999999998, 0.9999999999999998, 0.9999999999999998, 0.9999999999999998, 0.9999999999999998, 0.9999999999999998, 0.9999999999999998, 0.9999999999999998, 0.9999999999999998, 0.9999999999999998, 0.9999999999999998, 0.9999999999999998, 0.9999999999999998, 0.9999999999999998, 0.9999999999999998, 0.9999999999999998, 0.9999999999999998, 0.9999999999999998, 0.9999999999999998, 0.9999999999999998, 0.9999999999999998, 0.9999999999999998, 0.9999999999999998]","[1.0, 1.0, 1.0, 1.0, 1.0, 1.0, 1.0, 1.0, 1.0, 1.0, 1.0, 1.0, 1.0, 1.0, 1.0, 1.0, 1.0, 1.0, 1.0, 1.0, 1.0, 1.0, 1.0, 1.0, 1.0, 1.0, 1.0, 1.0, 1.0, 1.0]","[1.0, 1.0, 1.0, 1.0, 1.0, 1.0, 1.0, 1.0, 1.0, 1.0, 1.0, 1.0, 1.0, 1.0, 1.0, 1.0, 1.0, 1.0, 1.0, 1.0, 1.0, 1.0, 1.0, 1.0, 1.0, 1.0, 1.0, 1.0, 1.0, 1.0]"
california,ridge,5000,1,8,b2_stratified,3.247312701227167e-17,1.7980613441814603e-17,4.059140876533959e-18,2.2475766802268253e-18,2.6339790279494643e-17,3.894499258593967e-17,1.0,1.0,0.0,1.0,1.0,0.9999999999999998,0.0,1.0,0.0,1.0,0.0,3.491298234081747e-18,0.0,5000.0,0.49958808667142873,0.04201797838820829,5000.0,"[5.878874754041798e-17, 2.838462707611047e-17, 1.5274857472101087e-17, 4.243248598665485e-17, 1.0937093588213614e-17, 3.2927436831669755e-17, 3.6633195897599576e-17, 7.168480444836834e-17, 5.805639372161374e-17, 9.802304399632815e-18, 1.248201915549941e-17, 1.5733891202720584e-17, 9.125356434433875e-18, 3.582248324743749e-17, 2.776702063398582e-17, 2.627754266198703e-17, 1.0571229278378956e-17, 3.8929920126568554e-17, 1.2445599125614559e-17, 5.691653490927862e-17, 1.85202379275082e-17, 1.619520790169423e-17, 5.4348682455591274e-17, 2.5626526964609363e-17, 3.553612200705749e-17, 3.217334985978975e-17, 3.202730086570564e-17, 6.772165271387129e-17, 2.994320521562088e-17, 5.110798071841478e-17]","[1.0, 1.0, 1.0, 1.0, 1.0, 1.0, 1.0, 1.0, 1.0, 1.0, 1.0, 1.0, 1.0, 1.0, 1.0, 1.0, 1.0, 1.0, 1.0, 1.0, 1.0, 1.0, 1.0, 1.0, 1.0, 1.0, 1.0, 1.0, 1.0, 1.0]","[0.9999999999999998, 0.9999999999999998, 0.9999999999999998, 0.9999999999999998, 0.9999999999999998, 0.9999999999999998, 0.9999999999999998, 0.9999999999999998, 0.9999999999999998, 0.9999999999999998, 0.9999999999999998, 0.9999999999999998, 0.9999999999999998, 0.9999999999999998, 0.9999999999999998, 0.9999999999999998, 0.9999999999999998, 0.9999999999999998, 0.9999999999999998, 0.9999999999999998, 0.9999999999999998, 0.9999999999999998, 0.9999999999999998, 0.9999999999999998, 0.9999999999999998, 0.9999999999999998, 0.9999999999999998, 0.9999999999999998, 0.9999999999999998, 0.9999999999999998]","[1.0, 1.0, 1.0, 1.0, 1.0, 1.0, 1.0, 1.0, 1.0, 1.0, 1.0, 1.0, 1.0, 1.0, 1.0, 1.0, 1.0, 1.0, 1.0, 1.0, 1.0, 1.0, 1.0, 1.0, 1.0, 1.0, 1.0, 1.0, 1.0, 1.0]","[1.0, 1.0, 1.0, 1.0, 1.0, 1.0, 1.0, 1.0, 1.0, 1.0, 1.0, 1.0, 1.0, 1.0, 1.0, 1.0, 1.0, 1.0, 1.0, 1.0, 1.0, 1.0, 1.0, 1.0, 1.0, 1.0, 1.0, 1.0, 1.0, 1.0]"
california,ridge,5000,1,8,b3_is,2.426500722863474e-16,4.540357521196008e-17,3.033125903579343e-17,5.67544690149501e-18,2.25563918571582e-16,2.5896527921795116e-16,7.472334653655295,1.0,0.0,1.0,1.0,0.9999999999999998,0.0,1.0,0.0,1.0,0.0,2.2817014831368586e-18,0.0,5000.0,0.6151938733363447,0.04114166778105069,5000.0,"[1.8813569993576964e-16, 2.4952062138012083e-16, 2.8864184731932305e-16, 1.5951629642095615e-16, 2.1440335057493086e-16, 2.4855261625775686e-16, 1.9583020158067992e-16, 2.641314901610105e-16, 1.8197261719840358e-16, 2.6882258708915663e-16, 2.443859981091345e-16, 3.2767662053880067e-16, 1.799481414372743e-16, 2.0836547082166137e-16, 2.1956961323215545e-16, 2.442254170366374e-16, 2.715959352823049e-16, 2.3150228243778407e-16, 2.1105158491758022e-16, 2.8449212676094154e-16, 2.4879370214248313e-16, 1.9291717790584552e-16, 3.282764979111849e-16, 2.4288141241079645e-16, 2.1802843496052528e-16, 2.113272647807594e-16, 2.4430892464764173e-16, 2.6353003240846434e-16, 3.093792526682901e-16, 3.3771895026204863e-16]","[1.0, 1.0, 1.0, 1.0, 1.0, 1.0, 1.0, 1.0, 1.0, 1.0, 1.0, 1.0, 1.0, 1.0, 1.0, 1.0, 1.0, 1.0, 1.0, 1.0, 1.0, 1.0, 1.0, 1.0, 1.0, 1.0, 1.0, 1.0, 1.0, 1.0]","[0.9999999999999998, 0.9999999999999998, 0.9999999999999998, 0.9999999999999998, 0.9999999999999998, 0.9999999999999998, 0.9999999999999998, 0.9999999999999998, 0.9999999999999998, 0.9999999999999998, 0.9999999999999998, 0.9999999999999998, 0.9999999999999998, 0.9999999999999998, 0.9999999999999998, 0.9999999999999998, 0.9999999999999998, 0.9999999999999998, 0.9999999999999998, 0.9999999999999998, 0.9999999999999998, 0.9999999999999998, 0.9999999999999998, 0.9999999999999998, 0.9999999999999998, 0.9999999999999998, 0.9999999999999998, 0.9999999999999998, 0.9999999999999998, 0.9999999999999998]","[1.0, 1.0, 1.0, 1.0, 1.0, 1.0, 1.0, 1.0, 1.0, 1.0, 1.0, 1.0, 1.0, 1.0, 1.0, 1.0, 1.0, 1.0, 1.0, 1.0, 1.0, 1.0, 1.0, 1.0, 1.0, 1.0, 1.0, 1.0, 1.0, 1.0]","[1.0, 1.0, 1.0, 1.0, 1.0, 1.0, 1.0, 1.0, 1.0, 1.0, 1.0, 1.0, 1.0, 1.0, 1.0, 1.0, 1.0, 1.0, 1.0, 1.0, 1.0, 1.0, 1.0, 1.0, 1.0, 1.0, 1.0, 1.0, 1.0, 1.0]"
california,ridge,5000,1,8,b4_antithetic,5.276590525340247e-16,1.289083452601033e-16,6.595738156675309e-17,1.6113543157512913e-17,4.775941899072448e-16,5.727288554036954e-16,16.24909890367568,1.0,0.0,1.0,1.0,0.9999999999999998,0.0,1.0,0.0,1.0,0.0,1.2533992623350817e-17,0.0,5000.0,0.46610471000312825,0.025562203659237753,5000.0,"[4.746981516512602e-16, 3.2874070136980817e-16, 6.4927231661474855e-16, 6.551314976150196e-16, 5.03030062913038e-16, 4.940320396673621e-16, 5.161392999015105e-16, 6.434648076649982e-16, 5.26639929844303e-16, 6.394108256211752e-16, 6.964409313846174e-16, 3.657560255240487e-16, 5.388550614304995e-16, 6.477834977367581e-16, 4.922226235080325e-16, 5.468888381491647e-16, 4.2695048101538944e-16, 2.623096851097421e-16, 5.556420461806474e-16, 4.993099323280742e-16, 3.927783629102198e-16, 4.977875600884293e-16, 5.680583285445062e-16, 7.764121109090113e-16, 4.752655289288103e-16, 3.8181825303085816e-16, 3.126726108181305e-16, 7.702041947628819e-16, 7.039913488218113e-16, 4.880645219758819e-16]","[1.0, 1.0, 1.0, 1.0, 1.0, 1.0, 1.0, 1.0, 1.0, 1.0, 1.0, 1.0, 1.0, 1.0, 1.0, 1.0, 1.0, 1.0, 1.0, 1.0, 1.0, 1.0, 1.0, 1.0, 1.0, 1.0, 1.0, 1.0, 1.0, 1.0]","[0.9999999999999998, 0.9999999999999998, 0.9999999999999998, 0.9999999999999998, 0.9999999999999998, 0.9999999999999998, 0.9999999999999998, 0.9999999999999998, 0.9999999999999998, 0.9999999999999998, 0.9999999999999998, 0.9999999999999998, 0.9999999999999998, 0.9999999999999998, 0.9999999999999998, 0.9999999999999998, 0.9999999999999998, 0.9999999999999998, 0.9999999999999998, 0.9999999999999998, 0.9999999999999998, 0.9999999999999998, 0.9999999999999998, 0.9999999999999998, 0.9999999999999998, 0.9999999999999998, 0.9999999999999998, 0.9999999999999998, 0.9999999999999998, 0.9999999999999998]","[1.0, 1.0, 1.0, 1.0, 1.0, 1.0, 1.0, 1.0, 1.0, 1.0, 1.0, 1.0, 1.0, 1.0, 1.0, 1.0, 1.0, 1.0, 1.0, 1.0, 1.0, 1.0, 1.0, 1.0, 1.0, 1.0, 1.0, 1.0, 1.0, 1.0]","[1.0, 1.0, 1.0, 1.0, 1.0, 1.0, 1.0, 1.0, 1.0, 1.0, 1.0, 1.0, 1.0, 1.0, 1.0, 1.0, 1.0, 1.0, 1.0, 1.0, 1.0, 1.0, 1.0, 1.0, 1.0, 1.0, 1.0, 1.0, 1.0, 1.0]"
california,ridge,5000,2,8,abc_shap,1.273092672278688e-16,7.847485505342086e-17,1.59136584034836e-17,9.809356881677607e-18,9.995762372196628e-17,1.5495785180442214e-16,4.792435726098995,1.0,0.0,1.0,1.0,0.9999999999999998,0.0,1.0,0.0,1.0,0.0,8.249064528395794e-18,2496.0,2504.0,0.625134436665879,0.031100494512146592,2496.0,"[2.7975079326833465e-17, 1.245305223066947e-16, 3.83569444433725e-17, 1.4374234026850374e-16, 2.018811270876984e-16, 2.2071868000928345e-17, 2.2971153927531238e-17, 2.623461051480606e-16, 5.35299865608316e-17, 6.684694854841839e-17, 2.7237491798443606e-16, 5.103986994736535e-17, 2.2659864710818666e-16, 2.5163660448928746e-16, 6.546958986272887e-17, 1.153907788553756e-16, 5.429303860901497e-17, 1.1923996590780106e-16, 1.775234752645456e-16, 3.3134420738896983e-17, 1.7151358492802287e-16, 1.627091817846161e-16, 3.2622692178541963e-17, 1.9037554778481306e-16, 9.186670429005779e-17, 2.4428127874783153e-16, 1.5303848589356513e-16, 8.892784854630722e-17, 1.9702719508187583e-16, 1.5596211321392125e-16]","[1.0, 1.0, 1.0, 1.0, 1.0, 1.0, 1.0, 1.0, 1.0, 1.0, 1.0, 1.0, 1.0, 1.0, 1.0, 1.0, 1.0, 1.0, 1.0, 1.0, 1.0, 1.0, 1.0, 1.0, 1.0, 1.0, 1.0, 1.0, 1.0, 1.0]","[0.9999999999999998, 0.9999999999999998, 0.9999999999999998, 0.9999999999999998, 0.9999999999999998, 0.9999999999999998, 0.9999999999999998, 0.9999999999999998, 0.9999999999999998, 0.9999999999999998, 0.9999999999999998, 0.9999999999999998, 0.9999999999999998, 0.9999999999999998, 0.9999999999999998, 0.9999999999999998, 0.9999999999999998, 0.9999999999999998, 0.9999999999999998, 0.9999999999999998, 0.9999999999999998, 0.9999999999999998, 0.9999999999999998, 0.9999999999999998, 0.9999999999999998, 0.9999999999999998, 0.9999999999999998, 0.9999999999999998, 0.9999999999999998, 0.9999999999999998]","[1.0, 1.0, 1.0, 1.0, 1.0, 1.0, 1.0, 1.0, 1.0, 1.0, 1.0, 1.0, 1.0, 1.0, 1.0, 1.0, 1.0, 1.0, 1.0, 1.0, 1.0, 1.0, 1.0, 1.0, 1.0, 1.0, 1.0, 1.0, 1.0, 1.0]","[1.0, 1.0, 1.0, 1.0, 1.0, 1.0, 1.0, 1.0, 1.0, 1.0, 1.0, 1.0, 1.0, 1.0, 1.0, 1.0, 1.0, 1.0, 1.0, 1.0, 1.0, 1.0, 1.0, 1.0, 1.0, 1.0, 1.0, 1.0, 1.0, 1.0]"
california,ridge,5000,2,8,b1_uniform,2.4699360243134537e-16,8.597496135919794e-17,3.087420030391817e-17,1.0746870169899742e-17,2.1501268834951691e-16,2.796226441311186e-16,9.297838171444221,1.0,0.0,1.0,1.0,0.9999999999999998,0.0,1.0,0.0,1.0,0.0,1.4351630816031827e-17,0.0,5000.0,0.47481659333279824,0.032867020017611354,5000.0,"[6.125701224431671e-17, 2.8451881290579237e-16, 1.5594187697516806e-16, 2.7061327295756795e-16, 1.356498946338239e-16, 3.734814373850296e-16, 2.1678480863917726e-16, 1.3965622990265084e-16, 4.257471061943215e-16, 3.9480503731458417e-16, 1.7074333286194209e-16, 1.7004043807731421e-16, 2.514463296906926e-16, 2.430022552378844e-16, 2.101050131447776e-16, 2.8894115154264403e-16, 2.80244893014266e-16, 2.162371617933311e-16, 2.0321021287680616e-16, 3.389747040864406e-16, 2.0219570005633593e-16, 1.6036979742262558e-16, 1.9104306849413164e-16, 2.490256877782804e-16, 3.1921029257746704e-16, 2.431224918929038e-16, 4.0214089015884666e-16, 1.9143206377238682e-16, 3.422418021397349e-16, 2.7762529716911687e-16]","[1.0, 1.0, 1.0, 1.0, 1.0, 1.0, 1.0, 1.0, 1.0, 1.0, 1.0, 1.0, 1.0, 1.0, 1.0, 1.0, 1.0, 1.0, 1.0, 1.0, 1.0, 1.0, 1.0, 1.0, 1.0, 1.0, 1.0, 1.0, 1.0, 1.0]","[0.9999999999999998, 0.9999999999999998, 0.9999999999999998, 0.9999999999999998, 0.9999999999999998, 0.9999999999999998, 0.9999999999999998, 0.9999999999999998, 0.9999999999999998, 0.9999999999999998, 0.9999999999999998, 0.9999999999999998, 0.9999999999999998, 0.9999999999999998, 0.9999999999999998, 0.9999999999999998, 0.9999999999999998, 0.9999999999999998, 0.9999999999999998, 0.9999999999999998, 0.9999999999999998, 0.9999999999999998, 0.9999999999999998, 0.9999999999999998, 0.9999999999999998, 0.9999999999999998, 0.9999999999999998, 0.9999999999999998, 0.9999999999999998, 0.9999999999999998]","[1.0, 1.0, 1.0, 1.0, 1.0, 1.0, 1.0, 1.0, 1.0, 1.0, 1.0, 1.0, 1.0, 1.0, 1.0, 1.0, 1.0, 1.0, 1.0, 1.0, 1.0, 1.0, 1.0, 1.0, 1.0, 1.0, 1.0, 1.0, 1.0, 1.0]","[1.0, 1.0, 1.0, 1.0, 1.0, 1.0, 1.0, 1.0, 1.0, 1.0, 1.0, 1.0, 1.0, 1.0, 1.0, 1.0, 1.0, 1.0, 1.0, 1.0, 1.0, 1.0, 1.0, 1.0, 1.0, 1.0, 1.0, 1.0, 1.0, 1.0]"
california,ridge,5000,2,8,b2_stratified,2.6564626946285104e-17,1.487618923314195e-17,3.320578368285638e-18,1.859523654142744e-18,2.1397761089125943e-17,3.179583048887205e-17,1.0,1.0,0.0,1.0,1.0,0.9999999999999998,0.0,1.0,0.0,1.0,0.0,2.9722172860885817e-18,0.0,5000.0,0.4893263766677895,0.04138336255990249,5000.0,"[3.207466025196057e-17, 3.003663837488084e-17, 3.6396460476732354e-17, 4.8413104249272307e-17, 1.1354165255700208e-17, 6.316464613093383e-18, 4.836516817228869e-17, 2.9978589229134106e-17, 3.213671603774845e-17, 1.192390915273347e-17, 7.459556991979956e-17, 6.892930409732712e-18, 1.7973515866262216e-17, 1.7033808051331002e-17, 1.8948645817698007e-17, 3.960486968921351e-17, 1.6633195324692295e-17, 2.3428635304595936e-17, 5.1442605046429515e-17, 1.2518538432602262e-17, 2.665743740678842e-17, 1.2109716599943278e-17, 2.2589329544279164e-17, 3.249797265358024e-17, 3.3719740564182164e-17, 2.2427546503963772e-17, 2.2366369929982355e-17, 2.0959355805716538e-17, 1.0439869534880081e-17, 2.7103280169335588e-17]","[1.0, 1.0, 1.0, 1.0, 1.0, 1.0, 1.0, 1.0, 1.0, 1.0, 1.0, 1.0, 1.0, 1.0, 1.0, 1.0, 1.0, 1.0, 1.0, 1.0, 1.0, 1.0, 1.0, 1.0, 1.0, 1.0, 1.0, 1.0, 1.0, 1.0]","[0.9999999999999998, 0.9999999999999998, 0.9999999999999998, 0.9999999999999998, 0.9999999999999998, 0.9999999999999998, 0.9999999999999998, 0.9999999999999998, 0.9999999999999998, 0.9999999999999998, 0.9999999999999998, 0.9999999999999998, 0.9999999999999998, 0.9999999999999998, 0.9999999999999998, 0.9999999999999998, 0.9999999999999998, 0.9999999999999998, 0.9999999999999998, 0.9999999999999998, 0.9999999999999998, 0.9999999999999998, 0.9999999999999998, 0.9999999999999998, 0.9999999999999998, 0.9999999999999998, 0.9999999999999998, 0.9999999999999998, 0.9999999999999998, 0.9999999999999998]","[1.0, 1.0, 1.0, 1.0, 1.0, 1.0, 1.0, 1.0, 1.0, 1.0, 1.0, 1.0, 1.0, 1.0, 1.0, 1.0, 1.0, 1.0, 1.0, 1.0, 1.0, 1.0, 1.0, 1.0, 1.0, 1.0, 1.0, 1.0, 1.0, 1.0]","[1.0, 1.0, 1.0, 1.0, 1.0, 1.0, 1.0, 1.0, 1.0, 1.0, 1.0, 1.0, 1.0, 1.0, 1.0, 1.0, 1.0, 1.0, 1.0, 1.0, 1.0, 1.0, 1.0, 1.0, 1.0, 1.0, 1.0, 1.0, 1.0, 1.0]"
california,ridge,5000,2,8,b3_is,1.2184795497529282e-16,2.690852424825341e-17,1.5230994371911603e-17,3.3635655310316763e-18,1.1283313920278982e-16,1.314521852581652e-16,4.586849844406812,1.0,0.0,1.0,1.0,0.9999999999999998,0.0,1.0,0.0,1.0,0.0,2.1543642582833557e-18,0.0,5000.0,0.6041618533335471,0.04438173228471058,5000.0,"[1.1474146851854762e-16, 8.423967892084996e-17, 1.1706324175823378e-16, 1.1713159403201913e-16, 1.216913575074093e-16, 1.4440390979241752e-16, 1.29195660502082e-16, 1.3928327228640005e-16, 1.833175939618837e-16, 1.569894265200809e-16, 1.1878909989667753e-16, 6.735576330178061e-17, 1.4156025738352785e-16, 8.989037405268468e-17, 1.232179312742291e-16, 1.306765693290822e-16, 9.144701719619362e-17, 1.221586883290817e-16, 6.987078237122729e-17, 7.922452343988276e-17, 1.306654906250058e-16, 1.1261991943854177e-16, 1.2942234581582073e-16, 1.485633709229856e-16, 1.4978347596949219e-16, 1.47226849494212e-16, 1.5152805692441144e-16, 1.237185520400593e-16, 8.874798000258048e-17, 1.309143976513847e-16]","[1.0, 1.0, 1.0, 1.0, 1.0, 1.0, 1.0, 1.0, 1.0, 1.0, 1.0, 1.0, 1.0, 1.0, 1.0, 1.0, 1.0, 1.0, 1.0, 1.0, 1.0, 1.0, 1.0, 1.0, 1.0, 1.0, 1.0, 1.0, 1.0, 1.0]","[0.9999999999999998, 0.9999999999999998, 0.9999999999999998, 0.9999999999999998, 0.9999999999999998, 0.9999999999999998, 0.9999999999999998, 0.9999999999999998, 0.9999999999999998, 0.9999999999999998, 0.9999999999999998, 0.9999999999999998, 0.9999999999999998, 0.9999999999999998, 0.9999999999999998, 0.9999999999999998, 0.9999999999999998, 0.9999999999999998, 0.9999999999999998, 0.9999999999999998, 0.9999999999999998, 0.9999999999999998, 0.9999999999999998, 0.9999999999999998, 0.9999999999999998, 0.9999999999999998, 0.9999999999999998, 0.9999999999999998, 0.9999999999999998, 0.9999999999999998]","[1.0, 1.0, 1.0, 1.0, 1.0, 1.0, 1.0, 1.0, 1.0, 1.0, 1.0, 1.0, 1.0, 1.0, 1.0, 1.0, 1.0, 1.0, 1.0, 1.0, 1.0, 1.0, 1.0, 1.0, 1.0, 1.0, 1.0, 1.0, 1.0, 1.0]","[1.0, 1.0, 1.0, 1.0, 1.0, 1.0, 1.0, 1.0, 1.0, 1.0, 1.0, 1.0, 1.0, 1.0, 1.0, 1.0, 1.0, 1.0, 1.0, 1.0, 1.0, 1.0, 1.0, 1.0, 1.0, 1.0, 1.0, 1.0, 1.0, 1.0]"
california,ridge,5000,2,8,b4_antithetic,2.2959237382328307e-16,1.0069366830851695e-16,2.8699046727910384e-17,1.2586708538564619e-17,1.9035772515278428e-16,2.65399932591931e-16,8.642785546641758,1.0,0.0,1.0,1.0,0.9999999999999998,0.0,1.0,0.0,1.0,0.0,1.2760761537605842e-17,0.0,5000.0,0.45396081999642773,0.018090166162061792,5000.0,"[2.78821542877103e-16, 2.62488202047486e-16, 3.026036816292678e-16, 2.1866389636600658e-16, 2.1541747394852732e-16, 2.1480062797598755e-16, 2.8306803688916216e-16, 3.208801934885328e-16, 2.4117650776030615e-16, 3.6761487215461755e-16, 2.8802211301184e-16, 2.1234491633658975e-16, 1.7493927640983571e-16, 8.270434788428842e-17, 1.0966827119829505e-16, 1.9258593001951803e-16, 2.297820908315806e-16, 3.465631424080468e-16, 4.74968860092359e-16, 3.828666891513871e-16, 8.320919114462322e-17, 8.847899209103226e-17, 2.577259291078281e-16, 2.0248090497341174e-16, 4.0976504948702985e-17, 2.9563565230356954e-17, 2.312758072816522e-16, 2.913587396540206e-16, 2.5051278618699905e-16, 2.122081215991282e-16]","[1.0, 1.0, 1.0, 1.0, 1.0, 1.0, 1.0, 1.0, 1.0, 1.0, 1.0, 1.0, 1.0, 1.0, 1.0, 1.0, 1.0, 1.0, 1.0, 1.0, 1.0, 1.0, 1.0, 1.0, 1.0, 1.0, 1.0, 1.0, 1.0, 1.0]","[0.9999999999999998, 0.9999999999999998, 0.9999999999999998, 0.9999999999999998, 0.9999999999999998, 0.9999999999999998, 0.9999999999999998, 0.9999999999999998, 0.9999999999999998, 0.9999999999999998, 0.9999999999999998, 0.9999999999999998, 0.9999999999999998, 0.9999999999999998, 0.9999999999999998, 0.9999999999999998, 0.9999999999999998, 0.9999999999999998, 0.9999999999999998, 0.9999999999999998, 0.9999999999999998, 0.9999999999999998, 0.9999999999999998, 0.9999999999999998, 0.9999999999999998, 0.9999999999999998, 0.9999999999999998, 0.9999999999999998, 0.9999999999999998, 0.9999999999999998]","[1.0, 1.0, 1.0, 1.0, 1.0, 1.0, 1.0, 1.0, 1.0, 1.0, 1.0, 1.0, 1.0, 1.0, 1.0, 1.0, 1.0, 1.0, 1.0, 1.0, 1.0, 1.0, 1.0, 1.0, 1.0, 1.0, 1.0, 1.0, 1.0, 1.0]","[1.0, 1.0, 1.0, 1.0, 1.0, 1.0, 1.0, 1.0, 1.0, 1.0, 1.0, 1.0, 1.0, 1.0, 1.0, 1.0, 1.0, 1.0, 1.0, 1.0, 1.0, 1.0, 1.0, 1.0, 1.0, 1.0, 1.0, 1.0, 1.0, 1.0]"
california,ridge,5000,3,8,abc_shap,7.475682343388766e-17,3.1455219252959756e-17,9.344602929235957e-18,3.9319024066199695e-18,6.388691800237415e-17,8.548891947327741e-17,6.719846996744162,1.0,0.0,1.0,1.0,0.9999999999999998,0.0,1.0,0.0,1.0,0.0,4.441327350413461e-18,2496.0,2504.0,0.59652134666588,0.00984694260162482,2496.0,"[7.522245986979657e-17, 6.009547294388462e-17, 1.1318365907113714e-16, 6.242706824690987e-17, 1.0056615507490466e-16, 5.932115603929426e-17, 3.27737690901865e-17, 6.696037446103714e-17, 1.1644729928677206e-16, 1.0795024490303351e-16, 7.436944997089805e-17, 1.06610304111774e-16, 1.0924522117974432e-16, 8.895501743652063e-17, 8.32902229274083e-17, 7.89082033204465e-17, 5.4605335564459144e-17, 2.876128169941729e-17, 7.877007196433731e-17, 1.3911588159644183e-16, 5.866902637526541e-17, 5.289957508936164e-17, 1.0005232835829217e-16, 2.3450724143220124e-17, 4.000478154695898e-17, 7.758545171084765e-17, 2.6872415496735632e-17, 1.1824851197309384e-16, 9.107254346430477e-17, 1.6270696100145457e-17]","[1.0, 1.0, 1.0, 1.0, 1.0, 1.0, 1.0, 1.0, 1.0, 1.0, 1.0, 1.0, 1.0, 1.0, 1.0, 1.0, 1.0, 1.0, 1.0, 1.0, 1.0, 1.0, 1.0, 1.0, 1.0, 1.0, 1.0, 1.0, 1.0, 1.0]","[0.9999999999999998, 0.9999999999999998, 0.9999999999999998, 0.9999999999999998, 0.9999999999999998, 0.9999999999999998, 0.9999999999999998, 0.9999999999999998, 0.9999999999999998, 0.9999999999999998, 0.9999999999999998, 0.9999999999999998, 0.9999999999999998, 0.9999999999999998, 0.9999999999999998, 0.9999999999999998, 0.9999999999999998, 0.9999999999999998, 0.9999999999999998, 0.9999999999999998, 0.9999999999999998, 0.9999999999999998, 0.9999999999999998, 0.9999999999999998, 0.9999999999999998, 0.9999999999999998, 0.9999999999999998, 0.9999999999999998, 0.9999999999999998, 0.9999999999999998]","[1.0, 1.0, 1.0, 1.0, 1.0, 1.0, 1.0, 1.0, 1.0, 1.0, 1.0, 1.0, 1.0, 1.0, 1.0, 1.0, 1.0, 1.0, 1.0, 1.0, 1.0, 1.0, 1.0, 1.0, 1.0, 1.0, 1.0, 1.0, 1.0, 1.0]","[1.0, 1.0, 1.0, 1.0, 1.0, 1.0, 1.0, 1.0, 1.0, 1.0, 1.0, 1.0, 1.0, 1.0, 1.0, 1.0, 1.0, 1.0, 1.0, 1.0, 1.0, 1.0, 1.0, 1.0, 1.0, 1.0, 1.0, 1.0, 1.0, 1.0]"
california,ridge,5000,3,8,b1_uniform,1.1597111486273498e-16,5.935318522435156e-17,1.4496389357841873e-17,7.419148153043945e-18,9.537749464720772e-17,1.3911125227250627e-16,10.424575471811146,1.0,0.0,1.0,1.0,0.9999999999999998,0.0,1.0,0.0,1.0,0.0,8.8817873965599e-18,0.0,5000.0,0.4598413833339388,0.013613721602498146,5000.0,"[1.6345380447259748e-16, 1.6852614470840945e-16, 1.1811983774832901e-16, 1.5449872179328513e-16, 1.2416206532635388e-16, 1.4929157864011924e-16, 6.558833899626518e-18, 1.2088372810724072e-16, 6.128811751515722e-17, 1.8546096615484307e-16, 6.281444487353908e-17, 1.4341236699231786e-16, 7.836958302119917e-17, 4.6516589931984745e-17, 6.45880124526586e-17, 5.364729568149273e-17, 4.468834616533808e-17, 9.162014457550585e-17, 2.308873845725634e-16, 5.817936696896812e-17, 1.219632564246189e-16, 1.2359168925326988e-16, 8.528706421439194e-17, 1.4831416380269428e-16, 1.0425936133424128e-16, 2.984480825480279e-16, 1.2758919876029443e-16, 1.0464509952297536e-16, 1.6278005902914375e-16, 7.528813739086243e-17]","[1.0, 1.0, 1.0, 1.0, 1.0, 1.0, 1.0, 1.0, 1.0, 1.0, 1.0, 1.0, 1.0, 1.0, 1.0, 1.0, 1.0, 1.0, 1.0, 1.0, 1.0, 1.0, 1.0, 1.0, 1.0, 1.0, 1.0, 1.0, 1.0, 1.0]","[0.9999999999999998, 0.9999999999999998, 0.9999999999999998, 0.9999999999999998, 0.9999999999999998, 0.9999999999999998, 0.9999999999999998, 0.9999999999999998, 0.9999999999999998, 0.9999999999999998, 0.9999999999999998, 0.9999999999999998, 0.9999999999999998, 0.9999999999999998, 0.9999999999999998, 0.9999999999999998, 0.9999999999999998, 0.9999999999999998, 0.9999999999999998, 0.9999999999999998, 0.9999999999999998, 0.9999999999999998, 0.9999999999999998, 0.9999999999999998, 0.9999999999999998, 0.9999999999999998, 0.9999999999999998, 0.9999999999999998, 0.9999999999999998, 0.9999999999999998]","[1.0, 1.0, 1.0, 1.0, 1.0, 1.0, 1.0, 1.0, 1.0, 1.0, 1.0, 1.0, 1.0, 1.0, 1.0, 1.0, 1.0, 1.0, 1.0, 1.0, 1.0, 1.0, 1.0, 1.0, 1.0, 1.0, 1.0, 1.0, 1.0, 1.0]","[1.0, 1.0, 1.0, 1.0, 1.0, 1.0, 1.0, 1.0, 1.0, 1.0, 1.0, 1.0, 1.0, 1.0, 1.0, 1.0, 1.0, 1.0, 1.0, 1.0, 1.0, 1.0, 1.0, 1.0, 1.0, 1.0, 1.0, 1.0, 1.0, 1.0]"
california,ridge,5000,3,8,b2_stratified,1.1124780589514633e-17,6.45758672186484e-18,1.3905975736893291e-18,8.07198340233105e-19,8.991882519946253e-18,1.3472783676240368e-17,1.0,1.0,0.0,1.0,1.0,0.9999999999999998,0.0,1.0,0.0,1.0,0.0,1.2809815897882836e-18,0.0,5000.0,0.4699347000035535,0.017850743100114776,5000.0,"[1.7644577450830713e-17, 2.4943499902683364e-17, 1.1019214195407618e-17, 9.137934971401028e-18, 1.0357569518506758e-17, 1.0068089468052105e-18, 2.3388947691966594e-17, 3.543559624658523e-18, 5.976316054822472e-18, 6.0050246584204294e-18, 2.3932372762778277e-18, 9.360380764684952e-18, 5.784960501539163e-18, 1.1096356589858772e-17, 1.1298072060502066e-17, 1.435528456172776e-17, 2.140415663668394e-17, 7.73689474176176e-18, 2.193254802620783e-17, 9.335525525570239e-18, 1.2660756880448379e-17, 2.3152726029853342e-17, 6.5904644237641325e-18, 5.377639638004801e-18, 1.0612140508185837e-17, 1.3196291428866825e-17, 2.6693574428447954e-18, 1.363716628233282e-17, 7.82699834905692e-18, 1.0299007001764084e-17]","[1.0, 1.0, 1.0, 1.0, 1.0, 1.0, 1.0, 1.0, 1.0, 1.0, 1.0, 1.0, 1.0, 1.0, 1.0, 1.0, 1.0, 1.0, 1.0, 1.0, 1.0, 1.0, 1.0, 1.0, 1.0, 1.0, 1.0, 1.0, 1.0, 1.0]","[0.9999999999999998, 0.9999999999999998, 0.9999999999999998, 0.9999999999999998, 0.9999999999999998, 0.9999999999999998, 0.9999999999999998, 0.9999999999999998, 0.9999999999999998, 0.9999999999999998, 0.9999999999999998, 0.9999999999999998, 0.9999999999999998, 0.9999999999999998, 0.9999999999999998, 0.9999999999999998, 0.9999999999999998, 0.9999999999999998, 0.9999999999999998, 0.9999999999999998, 0.9999999999999998, 0.9999999999999998, 0.9999999999999998, 0.9999999999999998, 0.9999999999999998, 0.9999999999999998, 0.9999999999999998, 0.9999999999999998, 0.9999999999999998, 0.9999999999999998]","[1.0, 1.0, 1.0, 1.0, 1.0, 1.0, 1.0, 1.0, 1.0, 1.0, 1.0, 1.0, 1.0, 1.0, 1.0, 1.0, 1.0, 1.0, 1.0, 1.0, 1.0, 1.0, 1.0, 1.0, 1.0, 1.0, 1.0, 1.0, 1.0, 1.0]","[1.0, 1.0, 1.0, 1.0, 1.0, 1.0, 1.0, 1.0, 1.0, 1.0, 1.0, 1.0, 1.0, 1.0, 1.0, 1.0, 1.0, 1.0, 1.0, 1.0, 1.0, 1.0, 1.0, 1.0, 1.0, 1.0, 1.0, 1.0, 1.0, 1.0]"
california,ridge,5000,3,8,b3_is,6.098442044448739e-17,1.441872239373742e-17,7.623052555560923e-18,1.8023402992171775e-18,5.564904291430927e-17,6.665013464297805e-17,5.481853772645785,1.0,0.0,1.0,1.0,0.9999999999999998,0.0,1.0,0.0,1.0,0.0,1.1100821042377422e-18,0.0,5000.0,0.5758948699988348,0.022818602315506985,5000.0,"[3.7645281792501116e-17, 3.780198383157081e-17, 3.0716640195926145e-17, 6.149202342347268e-17, 5.947976824410345e-17, 6.103556356420636e-17, 5.737580581948636e-17, 8.4498984695816e-17, 4.965829728817618e-17, 5.766653323946343e-17, 4.302726708987222e-17, 5.355955954703176e-17, 6.122932216634716e-17, 6.174194059033356e-17, 8.963896030303307e-17, 7.236852035430123e-17, 6.066636342986493e-17, 4.648922196387812e-17, 7.622249901921953e-17, 4.6587220562553294e-17, 6.128571273839159e-17, 7.03378235885933e-17, 5.45454121410056e-17, 5.465487536853827e-17, 7.4084066429378e-17, 6.958715729810248e-17, 6.446645760602706e-17, 7.05136967761224e-17, 6.902575299302825e-17, 9.212990127427719e-17]","[1.0, 1.0, 1.0, 1.0, 1.0, 1.0, 1.0, 1.0, 1.0, 1.0, 1.0, 1.0, 1.0, 1.0, 1.0, 1.0, 1.0, 1.0, 1.0, 1.0, 1.0, 1.0, 1.0, 1.0, 1.0, 1.0, 1.0, 1.0, 1.0, 1.0]","[0.9999999999999998, 0.9999999999999998, 0.9999999999999998, 0.9999999999999998, 0.9999999999999998, 0.9999999999999998, 0.9999999999999998, 0.9999999999999998, 0.9999999999999998, 0.9999999999999998, 0.9999999999999998, 0.9999999999999998, 0.9999999999999998, 0.9999999999999998, 0.9999999999999998, 0.9999999999999998, 0.9999999999999998, 0.9999999999999998, 0.9999999999999998, 0.9999999999999998, 0.9999999999999998, 0.9999999999999998, 0.9999999999999998, 0.9999999999999998, 0.9999999999999998, 0.9999999999999998, 0.9999999999999998, 0.9999999999999998, 0.9999999999999998, 0.9999999999999998]","[1.0, 1.0, 1.0, 1.0, 1.0, 1.0, 1.0, 1.0, 1.0, 1.0, 1.0, 1.0, 1.0, 1.0, 1.0, 1.0, 1.0, 1.0, 1.0, 1.0, 1.0, 1.0, 1.0, 1.0, 1.0, 1.0, 1.0, 1.0, 1.0, 1.0]","[1.0, 1.0, 1.0, 1.0, 1.0, 1.0, 1.0, 1.0, 1.0, 1.0, 1.0, 1.0, 1.0, 1.0, 1.0, 1.0, 1.0, 1.0, 1.0, 1.0, 1.0, 1.0, 1.0, 1.0, 1.0, 1.0, 1.0, 1.0, 1.0, 1.0]"
california,ridge,5000,3,8,b4_antithetic,1.4893037000136497e-16,5.164789836663153e-17,1.861629625017062e-17,6.455987295828941e-18,1.30912113151324e-16,1.6683558507342256e-16,13.387263578190058,1.0,0.0,1.0,1.0,0.9999999999999998,0.0,1.0,0.0,1.0,0.0,7.299383017609986e-18,0.0,5000.0,0.4391261433319111,0.009674405304380304,5000.0,"[5.1805058529705754e-17, 1.7969300971774233e-16, 1.7073038152714113e-16, 1.7528236730797417e-16, 2.4788768814384356e-16, 2.070216036239644e-16, 1.3629175425822373e-16, 1.604599771047874e-16, 1.346837885936586e-16, 1.9682647268802675e-16, 6.66419995872529e-17, 1.9629078386812584e-16, 2.0370589080614123e-16, 5.888954092611006e-17, 1.4334153096917607e-16, 1.6316803612956335e-16, 7.804155035692129e-17, 1.7198277622947727e-16, 1.1699688308836687e-16, 1.1092245625949118e-16, 1.961013040432368e-16, 1.2810919983921557e-16, 2.2331385471672865e-16, 1.4564576019796068e-16, 1.0546093107650179e-16, 1.8518884384020602e-16, 6.534101359805111e-17, 1.0362378638791187e-16, 2.0835390208293783e-16, 1.3610895454250554e-16]","[1.0, 1.0, 1.0, 1.0, 1.0, 1.0, 1.0, 1.0, 1.0, 1.0, 1.0, 1.0, 1.0, 1.0, 1.0, 1.0, 1.0, 1.0, 1.0, 1.0, 1.0, 1.0, 1.0, 1.0, 1.0, 1.0, 1.0, 1.0, 1.0, 1.0]","[0.9999999999999998, 0.9999999999999998, 0.9999999999999998, 0.9999999999999998, 0.9999999999999998, 0.9999999999999998, 0.9999999999999998, 0.9999999999999998, 0.9999999999999998, 0.9999999999999998, 0.9999999999999998, 0.9999999999999998, 0.9999999999999998, 0.9999999999999998, 0.9999999999999998, 0.9999999999999998, 0.9999999999999998, 0.9999999999999998, 0.9999999999999998, 0.9999999999999998, 0.9999999999999998, 0.9999999999999998, 0.9999999999999998, 0.9999999999999998, 0.9999999999999998, 0.9999999999999998, 0.9999999999999998, 0.9999999999999998, 0.9999999999999998, 0.9999999999999998]","[1.0, 1.0, 1.0, 1.0, 1.0, 1.0, 1.0, 1.0, 1.0, 1.0, 1.0, 1.0, 1.0, 1.0, 1.0, 1.0, 1.0, 1.0, 1.0, 1.0, 1.0, 1.0, 1.0, 1.0, 1.0, 1.0, 1.0, 1.0, 1.0, 1.0]","[1.0, 1.0, 1.0, 1.0, 1.0, 1.0, 1.0, 1.0, 1.0, 1.0, 1.0, 1.0, 1.0, 1.0, 1.0, 1.0, 1.0, 1.0, 1.0, 1.0, 1.0, 1.0, 1.0, 1.0, 1.0, 1.0, 1.0, 1.0, 1.0, 1.0]"
california,ridge,5000,4,8,abc_shap,2.2650515788690154e-15,9.409593642914896e-16,2.831314473586269e-16,1.176199205364362e-16,1.941801863930056e-15,2.576363153224829e-15,4.087574269777664,1.0,0.0,1.0,1.0,0.9999999999999998,0.0,1.0,0.0,1.0,0.0,1.240784635547418e-16,2496.0,2504.0,0.6194011266663437,0.027983326320780974,2496.0,"[2.061492749949028e-15, 3.959622938227468e-15, 2.686836068262498e-15, 1.9945252884174446e-15, 2.8544431514268065e-15, 3.408416650900254e-15, 1.6763082676100038e-15, 2.5356998796723125e-15, 2.9707973354682435e-15, 3.035673629038671e-15, 2.219114278452588e-15, 1.5478911012641445e-15, 1.4967615553079062e-15, 9.983839712186256e-16, 1.587217958702166e-15, 1.868311170628453e-15, 6.778126837995334e-16, 2.860227886410644e-15, 2.202943865373157e-15, 3.8071742700714265e-15, 1.4273945539534826e-15, 1.0493367339021015e-15, 2.716644537229742e-15, 1.509109737333276e-15, 5.166932247882113e-16, 2.182902899075631e-15, 2.3327805201820225e-15, 3.1353565854189565e-15, 2.162762387940739e-15, 4.468911486044931e-15]","[1.0, 1.0, 1.0, 1.0, 1.0, 1.0, 1.0, 1.0, 1.0, 1.0, 1.0, 1.0, 1.0, 1.0, 1.0, 1.0, 1.0, 1.0, 1.0, 1.0, 1.0, 1.0, 1.0, 1.0, 1.0, 1.0, 1.0, 1.0, 1.0, 1.0]","[0.9999999999999998, 0.9999999999999998, 0.9999999999999998, 0.9999999999999998, 0.9999999999999998, 0.9999999999999998, 0.9999999999999998, 0.9999999999999998, 0.9999999999999998, 0.9999999999999998, 0.9999999999999998, 0.9999999999999998, 0.9999999999999998, 0.9999999999999998, 0.9999999999999998, 0.9999999999999998, 0.9999999999999998, 0.9999999999999998, 0.9999999999999998, 0.9999999999999998, 0.9999999999999998, 0.9999999999999998, 0.9999999999999998, 0.9999999999999998, 0.9999999999999998, 0.9999999999999998, 0.9999999999999998, 0.9999999999999998, 0.9999999999999998, 0.9999999999999998]","[1.0, 1.0, 1.0, 1.0, 1.0, 1.0, 1.0, 1.0, 1.0, 1.0, 1.0, 1.0, 1.0, 1.0, 1.0, 1.0, 1.0, 1.0, 1.0, 1.0, 1.0, 1.0, 1.0, 1.0, 1.0, 1.0, 1.0, 1.0, 1.0, 1.0]","[1.0, 1.0, 1.0, 1.0, 1.0, 1.0, 1.0, 1.0, 1.0, 1.0, 1.0, 1.0, 1.0, 1.0, 1.0, 1.0, 1.0, 1.0, 1.0, 1.0, 1.0, 1.0, 1.0, 1.0, 1.0, 1.0, 1.0, 1.0, 1.0, 1.0]"
california,ridge,5000,4,8,b1_uniform,4.216517324688244e-15,1.8061629416102375e-15,5.270646655860305e-16,2.257703677012797e-16,3.57089632256073e-15,4.877078962288171e-15,7.609242935241836,1.0,0.0,1.0,1.0,0.9999999999999998,0.0,1.0,0.0,1.0,0.0,2.655773921733981e-16,0.0,5000.0,0.47423686999924636,0.01881445205503064,5000.0,"[8.017533989529032e-15, 4.146734089048776e-15, 4.072888476591825e-15, 2.726882264560765e-15, 4.427641335816764e-15, 5.424394695640646e-15, 2.2030999793606533e-15, 1.4038237910901674e-15, 3.6971127262226154e-15, 5.979551248813245e-15, 5.8440391131644275e-15, 2.2483827357282945e-15, 2.2905214274545574e-15, 1.6303782564364281e-15, 5.716754998341415e-15, 2.80833374596474e-15, 6.005160602179116e-15, 5.988811271323295e-15, 5.525350682157112e-15, 4.17855836474806e-15, 2.1110869393156674e-15, 3.9125598658913906e-15, 7.642513152262158e-15, 5.499688713617017e-15, 4.018161903254952e-15, 4.85387226505529e-15, 2.7865379685614767e-15, 2.16284139933946e-15, 2.3246334424323227e-15, 6.847670296745651e-15]","[1.0, 1.0, 1.0, 1.0, 1.0, 1.0, 1.0, 1.0, 1.0, 1.0, 1.0, 1.0, 1.0, 1.0, 1.0, 1.0, 1.0, 1.0, 1.0, 1.0, 1.0, 1.0, 1.0, 1.0, 1.0, 1.0, 1.0, 1.0, 1.0, 1.0]","[0.9999999999999998, 0.9999999999999998, 0.9999999999999998, 0.9999999999999998, 0.9999999999999998, 0.9999999999999998, 0.9999999999999998, 0.9999999999999998, 0.9999999999999998, 0.9999999999999998, 0.9999999999999998, 0.9999999999999998, 0.9999999999999998, 0.9999999999999998, 0.9999999999999998, 0.9999999999999998, 0.9999999999999998, 0.9999999999999998, 0.9999999999999998, 0.9999999999999998, 0.9999999999999998, 0.9999999999999998, 0.9999999999999998, 0.9999999999999998, 0.9999999999999998, 0.9999999999999998, 0.9999999999999998, 0.9999999999999998, 0.9999999999999998, 0.9999999999999998]","[1.0, 1.0, 1.0, 1.0, 1.0, 1.0, 1.0, 1.0, 1.0, 1.0, 1.0, 1.0, 1.0, 1.0, 1.0, 1.0, 1.0, 1.0, 1.0, 1.0, 1.0, 1.0, 1.0, 1.0, 1.0, 1.0, 1.0, 1.0, 1.0, 1.0]","[1.0, 1.0, 1.0, 1.0, 1.0, 1.0, 1.0, 1.0, 1.0, 1.0, 1.0, 1.0, 1.0, 1.0, 1.0, 1.0, 1.0, 1.0, 1.0, 1.0, 1.0, 1.0, 1.0, 1.0, 1.0, 1.0, 1.0, 1.0, 1.0, 1.0]"
california,ridge,5000,4,8,b2_stratified,5.541309905036217e-16,3.320759501635977e-16,6.926637381295272e-17,4.150949377044971e-17,4.473294221754224e-16,6.842648827259273e-16,1.0,1.0,0.0,1.0,1.0,0.9999999999999998,0.0,1.0,0.0,1.0,0.0,4.9724172545330614e-17,0.0,5000.0,0.4772856866698324,0.014444225259311215,5000.0,"[9.245553079949373e-16, 2.8535495382204873e-16, 4.543736179263662e-16, 2.4136963012955254e-16, 1.553540121708852e-16, 4.942401375923112e-16, 2.6662350691384395e-16, 6.183637852572732e-16, 1.621304700563693e-15, 8.28594671319186e-16, 2.1020258860089136e-16, 6.00155362816751e-16, 1.3875209817407487e-15, 6.332570090437228e-16, 4.896818617927419e-16, 6.207415626285208e-16, 6.482090232227867e-16, 1.076237434827936e-15, 3.7720651692415023e-16, 5.358270643329272e-16, 3.6626697813887955e-16, 5.3419301667141e-16, 5.312534703058643e-16, 2.387666254746983e-16, 6.150796925359574e-16, 2.1905305808309196e-16, 3.9317089398066847e-16, 3.1086541125359336e-16, 6.046746183874061e-16, 3.4143222065580837e-16]","[1.0, 1.0, 1.0, 1.0, 1.0, 1.0, 1.0, 1.0, 1.0, 1.0, 1.0, 1.0, 1.0, 1.0, 1.0, 1.0, 1.0, 1.0, 1.0, 1.0, 1.0, 1.0, 1.0, 1.0, 1.0, 1.0, 1.0, 1.0, 1.0, 1.0]","[0.9999999999999998, 0.9999999999999998, 0.9999999999999998, 0.9999999999999998, 0.9999999999999998, 0.9999999999999998, 0.9999999999999998, 0.9999999999999998, 0.9999999999999998, 0.9999999999999998, 0.9999999999999998, 0.9999999999999998, 0.9999999999999998, 0.9999999999999998, 0.9999999999999998, 0.9999999999999998, 0.9999999999999998, 0.9999999999999998, 0.9999999999999998, 0.9999999999999998, 0.9999999999999998, 0.9999999999999998, 0.9999999999999998, 0.9999999999999998, 0.9999999999999998, 0.9999999999999998, 0.9999999999999998, 0.9999999999999998, 0.9999999999999998, 0.9999999999999998]","[1.0, 1.0, 1.0, 1.0, 1.0, 1.0, 1.0, 1.0, 1.0, 1.0, 1.0, 1.0, 1.0, 1.0, 1.0, 1.0, 1.0, 1.0, 1.0, 1.0, 1.0, 1.0, 1.0, 1.0, 1.0, 1.0, 1.0, 1.0, 1.0, 1.0]","[1.0, 1.0, 1.0, 1.0, 1.0, 1.0, 1.0, 1.0, 1.0, 1.0, 1.0, 1.0, 1.0, 1.0, 1.0, 1.0, 1.0, 1.0, 1.0, 1.0, 1.0, 1.0, 1.0, 1.0, 1.0, 1.0, 1.0, 1.0, 1.0, 1.0]"
california,ridge,5000,4,8,b3_is,1.8283635550517648e-15,4.47886609725413e-16,2.285454443814706e-16,5.598582621567662e-17,1.6772444569404024e-15,1.9950832424636957e-15,3.2995150720411024,1.0,0.0,1.0,1.0,0.9999999999999998,0.0,1.0,0.0,1.0,0.0,3.822286826155701e-17,0.0,5000.0,0.5899973999980527,0.01676824234884697,5000.0,"[1.435320269607354e-15, 2.064608619522095e-15, 1.2101793788186762e-15, 2.7651481986275744e-15, 1.9053718303013485e-15, 1.5358208169012562e-15, 2.0763289090460125e-15, 1.9690120692766446e-15, 1.608414867078259e-15, 2.1639610602401237e-15, 9.842261632779205e-16, 1.0208936994553527e-15, 2.0448107203703525e-15, 1.566660088463435e-15, 1.2020659435907528e-15, 2.04091063551704e-15, 2.147637251972825e-15, 1.9386363488333506e-15, 2.2227549197922203e-15, 1.5738149497471152e-15, 1.5943563663292908e-15, 1.6035463300309037e-15, 2.498374580586795e-15, 2.0310505025900363e-15, 2.17842985810818e-15, 1.8719486414132075e-15, 2.3149774970362504e-15, 1.30445107863365e-15, 1.4054461897898168e-15, 2.5717488665951164e-15]","[1.0, 1.0, 1.0, 1.0, 1.0, 1.0, 1.0, 1.0, 1.0, 1.0, 1.0, 1.0, 1.0, 1.0, 1.0, 1.0, 1.0, 1.0, 1.0, 1.0, 1.0, 1.0, 1.0, 1.0, 1.0, 1.0, 1.0, 1.0, 1.0, 1.0]","[0.9999999999999998, 0.9999999999999998, 0.9999999999999998, 0.9999999999999998, 0.9999999999999998, 0.9999999999999998, 0.9999999999999998, 0.9999999999999998, 0.9999999999999998, 0.9999999999999998, 0.9999999999999998, 0.9999999999999998, 0.9999999999999998, 0.9999999999999998, 0.9999999999999998, 0.9999999999999998, 0.9999999999999998, 0.9999999999999998, 0.9999999999999998, 0.9999999999999998, 0.9999999999999998, 0.9999999999999998, 0.9999999999999998, 0.9999999999999998, 0.9999999999999998, 0.9999999999999998, 0.9999999999999998, 0.9999999999999998, 0.9999999999999998, 0.9999999999999998]","[1.0, 1.0, 1.0, 1.0, 1.0, 1.0, 1.0, 1.0, 1.0, 1.0, 1.0, 1.0, 1.0, 1.0, 1.0, 1.0, 1.0, 1.0, 1.0, 1.0, 1.0, 1.0, 1.0, 1.0, 1.0, 1.0, 1.0, 1.0, 1.0, 1.0]","[1.0, 1.0, 1.0, 1.0, 1.0, 1.0, 1.0, 1.0, 1.0, 1.0, 1.0, 1.0, 1.0, 1.0, 1.0, 1.0, 1.0, 1.0, 1.0, 1.0, 1.0, 1.0, 1.0, 1.0, 1.0, 1.0, 1.0, 1.0, 1.0, 1.0]"
california,ridge,5000,4,8,b4_antithetic,5.049182416328392e-15,2.1027702887081677e-15,6.31147802041049e-16,2.6284628608852096e-16,4.270373297976184e-15,5.804639691209231e-15,9.111893221744275,1.0,0.0,1.0,1.0,0.9999999999999998,0.0,1.0,0.0,1.0,0.0,2.120459265053172e-16,0.0,5000.0,0.44997985333320684,0.01826948997725505,5000.0,"[5.142706744548145e-15, 7.561547928088038e-15, 5.399275026012869e-15, 4.560573495556761e-15, 6.139923170195193e-15, 3.0927964144945925e-15, 1.0577090359132814e-15, 2.2033957467869777e-15, 9.56601687725588e-15, 2.5447644521220733e-15, 6.561248169485268e-15, 5.337355449658096e-15, 1.882418331116004e-15, 5.291694471749985e-15, 8.618801383013618e-15, 8.579092713198343e-15, 4.195328083672456e-15, 7.770533668633388e-15, 3.3164259851628257e-15, 6.521605784518566e-15, 2.8716849679221534e-15, 5.26263710261061e-15, 6.00480556510942e-15, 4.354473498557772e-15, 7.44901795585293e-15, 3.042269234415429e-15, 3.9845076755611295e-15, 5.001154434711011e-15, 3.693212348720825e-15, 4.468496775208136e-15]","[1.0, 1.0, 1.0, 1.0, 1.0, 1.0, 1.0, 1.0, 1.0, 1.0, 1.0, 1.0, 1.0, 1.0, 1.0, 1.0, 1.0, 1.0, 1.0, 1.0, 1.0, 1.0, 1.0, 1.0, 1.0, 1.0, 1.0, 1.0, 1.0, 1.0]","[0.9999999999999998, 0.9999999999999998, 0.9999999999999998, 0.9999999999999998, 0.9999999999999998, 0.9999999999999998, 0.9999999999999998, 0.9999999999999998, 0.9999999999999998, 0.9999999999999998, 0.9999999999999998, 0.9999999999999998, 0.9999999999999998, 0.9999999999999998, 0.9999999999999998, 0.9999999999999998, 0.9999999999999998, 0.9999999999999998, 0.9999999999999998, 0.9999999999999998, 0.9999999999999998, 0.9999999999999998, 0.9999999999999998, 0.9999999999999998, 0.9999999999999998, 0.9999999999999998, 0.9999999999999998, 0.9999999999999998, 0.9999999999999998, 0.9999999999999998]","[1.0, 1.0, 1.0, 1.0, 1.0, 1.0, 1.0, 1.0, 1.0, 1.0, 1.0, 1.0, 1.0, 1.0, 1.0, 1.0, 1.0, 1.0, 1.0, 1.0, 1.0, 1.0, 1.0, 1.0, 1.0, 1.0, 1.0, 1.0, 1.0, 1.0]","[1.0, 1.0, 1.0, 1.0, 1.0, 1.0, 1.0, 1.0, 1.0, 1.0, 1.0, 1.0, 1.0, 1.0, 1.0, 1.0, 1.0, 1.0, 1.0, 1.0, 1.0, 1.0, 1.0, 1.0, 1.0, 1.0, 1.0, 1.0, 1.0, 1.0]"
california,ridge,5000,5,8,abc_shap,5.71522322083081e-16,2.8563340962648728e-16,7.144029026038513e-17,3.570417620331091e-17,4.781180835122402e-16,6.739758192245091e-16,4.128840299135419,1.0,0.0,1.0,1.0,0.9999999999999998,0.0,1.0,0.0,1.0,0.0,3.014035632855104e-17,2496.0,2504.0,0.6023182766676958,0.028458696281587852,2496.0,"[7.020134199091515e-16, 5.904318250276547e-16, 6.539568962795369e-16, 3.3389031062311214e-16, 5.19021754524876e-16, 8.542824831620576e-16, 4.052240362082165e-16, 6.928999373888766e-16, 1.3160515091811498e-15, 6.725037912524949e-16, 4.154442309057087e-16, 5.554633867899716e-16, 5.869275663498504e-16, 5.514998846137898e-16, 6.06723465714073e-16, 2.46097968853016e-16, 8.636729450300114e-16, 3.88589875597519e-16, 4.057759305492661e-16, 6.394353875336112e-16, 3.4405474518402337e-16, 4.4320217810416676e-16, 1.452053568668802e-15, 2.7292544673249737e-16, 2.0705576805729343e-16, 5.499468439795329e-16, 2.5240231498836844e-16, 7.574911052936272e-16, 1.563681095979152e-16, 7.102629763922585e-16]","[1.0, 1.0, 1.0, 1.0, 1.0, 1.0, 1.0, 1.0, 1.0, 1.0, 1.0, 1.0, 1.0, 1.0, 1.0, 1.0, 1.0, 1.0, 1.0, 1.0, 1.0, 1.0, 1.0, 1.0, 1.0, 1.0, 1.0, 1.0, 1.0, 1.0]","[0.9999999999999998, 0.9999999999999998, 0.9999999999999998, 0.9999999999999998, 0.9999999999999998, 0.9999999999999998, 0.9999999999999998, 0.9999999999999998, 0.9999999999999998, 0.9999999999999998, 0.9999999999999998, 0.9999999999999998, 0.9999999999999998, 0.9999999999999998, 0.9999999999999998, 0.9999999999999998, 0.9999999999999998, 0.9999999999999998, 0.9999999999999998, 0.9999999999999998, 0.9999999999999998, 0.9999999999999998, 0.9999999999999998, 0.9999999999999998, 0.9999999999999998, 0.9999999999999998, 0.9999999999999998, 0.9999999999999998, 0.9999999999999998, 0.9999999999999998]","[1.0, 1.0, 1.0, 1.0, 1.0, 1.0, 1.0, 1.0, 1.0, 1.0, 1.0, 1.0, 1.0, 1.0, 1.0, 1.0, 1.0, 1.0, 1.0, 1.0, 1.0, 1.0, 1.0, 1.0, 1.0, 1.0, 1.0, 1.0, 1.0, 1.0]","[1.0, 1.0, 1.0, 1.0, 1.0, 1.0, 1.0, 1.0, 1.0, 1.0, 1.0, 1.0, 1.0, 1.0, 1.0, 1.0, 1.0, 1.0, 1.0, 1.0, 1.0, 1.0, 1.0, 1.0, 1.0, 1.0, 1.0, 1.0, 1.0, 1.0]"
california,ridge,5000,5,8,b1_uniform,1.4923040391351247e-15,6.250682047143741e-16,1.865380048918906e-16,7.813352558929677e-17,1.2777610606968132e-15,1.71465913283765e-15,10.780830104564105,1.0,0.0,1.0,1.0,0.9999999999999998,0.0,1.0,0.0,1.0,0.0,7.566230249842956e-17,0.0,5000.0,0.460923729997982,0.020833339496687635,5000.0,"[9.60629379457608e-16, 1.1594659676045825e-15, 1.1242093252014044e-15, 1.4252608838624924e-15, 2.1035231723914584e-15, 6.124110261687846e-16, 2.152199845555964e-15, 1.4930986516349655e-15, 1.5932227762294137e-15, 1.0417278389172841e-15, 2.9692604111879596e-16, 1.96636511728338e-15, 2.2829628542767177e-15, 1.0825734914951077e-15, 1.7978430330016685e-15, 6.807645278178519e-16, 1.9228929213252988e-15, 2.080924368326194e-15, 2.2337275153287966e-15, 1.5843722477524794e-15, 2.247152147263766e-15, 2.2880535490784128e-15, 5.638749069502762e-16, 9.399156100185032e-16, 1.810577463805851e-15, 7.634177984241301e-16, 1.4921500313237368e-15, 1.1400052581207279e-15, 1.089776507472957e-15, 2.83909691684513e-15]","[1.0, 1.0, 1.0, 1.0, 1.0, 1.0, 1.0, 1.0, 1.0, 1.0, 1.0, 1.0, 1.0, 1.0, 1.0, 1.0, 1.0, 1.0, 1.0, 1.0, 1.0, 1.0, 1.0, 1.0, 1.0, 1.0, 1.0, 1.0, 1.0, 1.0]","[0.9999999999999998, 0.9999999999999998, 0.9999999999999998, 0.9999999999999998, 0.9999999999999998, 0.9999999999999998, 0.9999999999999998, 0.9999999999999998, 0.9999999999999998, 0.9999999999999998, 0.9999999999999998, 0.9999999999999998, 0.9999999999999998, 0.9999999999999998, 0.9999999999999998, 0.9999999999999998, 0.9999999999999998, 0.9999999999999998, 0.9999999999999998, 0.9999999999999998, 0.9999999999999998, 0.9999999999999998, 0.9999999999999998, 0.9999999999999998, 0.9999999999999998, 0.9999999999999998, 0.9999999999999998, 0.9999999999999998, 0.9999999999999998, 0.9999999999999998]","[1.0, 1.0, 1.0, 1.0, 1.0, 1.0, 1.0, 1.0, 1.0, 1.0, 1.0, 1.0, 1.0, 1.0, 1.0, 1.0, 1.0, 1.0, 1.0, 1.0, 1.0, 1.0, 1.0, 1.0, 1.0, 1.0, 1.0, 1.0, 1.0, 1.0]","[1.0, 1.0, 1.0, 1.0, 1.0, 1.0, 1.0, 1.0, 1.0, 1.0, 1.0, 1.0, 1.0, 1.0, 1.0, 1.0, 1.0, 1.0, 1.0, 1.0, 1.0, 1.0, 1.0, 1.0, 1.0, 1.0, 1.0, 1.0, 1.0, 1.0]"
california,ridge,5000,5,8,b2_stratified,1.3842199762552165e-16,9.61814680472512e-17,1.7302749703190206e-17,1.20226835059064e-17,1.0859935191170762e-16,1.7757044826702162e-16,1.0,1.0,0.0,1.0,1.0,0.9999999999999998,0.0,1.0,0.0,1.0,0.0,1.5283774477792105e-17,0.0,5000.0,0.47665131666678157,0.026061893102590297,5000.0,"[4.790027554951668e-16, 1.436444854643835e-16, 9.832972207596622e-17, 1.7207253989181208e-16, 8.0328604821033e-17, 8.883201864075614e-17, 4.917668329226393e-17, 1.3622262977069782e-16, 9.759597355450235e-17, 1.44355375461509e-16, 1.7929145561457795e-16, 1.3162693011361233e-16, 4.41008388175263e-16, 1.628026736750796e-16, 1.1255511625029002e-16, 1.2013701287760731e-16, 1.2808346029061076e-16, 8.816383618478907e-17, 1.0944267452105194e-16, 7.009940709202365e-17, 3.401242060527151e-17, 1.2236174420274395e-16, 2.593687573843704e-16, 1.0178701630446596e-16, 1.4014893875411456e-16, 1.0666884992987343e-16, 5.619472984175265e-17, 8.506638032550074e-17, 9.072431383173076e-17, 1.2355503432282808e-16]","[1.0, 1.0, 1.0, 1.0, 1.0, 1.0, 1.0, 1.0, 1.0, 1.0, 1.0, 1.0, 1.0, 1.0, 1.0, 1.0, 1.0, 1.0, 1.0, 1.0, 1.0, 1.0, 1.0, 1.0, 1.0, 1.0, 1.0, 1.0, 1.0, 1.0]","[0.9999999999999998, 0.9999999999999998, 0.9999999999999998, 0.9999999999999998, 0.9999999999999998, 0.9999999999999998, 0.9999999999999998, 0.9999999999999998, 0.9999999999999998, 0.9999999999999998, 0.9999999999999998, 0.9999999999999998, 0.9999999999999998, 0.9999999999999998, 0.9999999999999998, 0.9999999999999998, 0.9999999999999998, 0.9999999999999998, 0.9999999999999998, 0.9999999999999998, 0.9999999999999998, 0.9999999999999998, 0.9999999999999998, 0.9999999999999998, 0.9999999999999998, 0.9999999999999998, 0.9999999999999998, 0.9999999999999998, 0.9999999999999998, 0.9999999999999998]","[1.0, 1.0, 1.0, 1.0, 1.0, 1.0, 1.0, 1.0, 1.0, 1.0, 1.0, 1.0, 1.0, 1.0, 1.0, 1.0, 1.0, 1.0, 1.0, 1.0, 1.0, 1.0, 1.0, 1.0, 1.0, 1.0, 1.0, 1.0, 1.0, 1.0]","[1.0, 1.0, 1.0, 1.0, 1.0, 1.0, 1.0, 1.0, 1.0, 1.0, 1.0, 1.0, 1.0, 1.0, 1.0, 1.0, 1.0, 1.0, 1.0, 1.0, 1.0, 1.0, 1.0, 1.0, 1.0, 1.0, 1.0, 1.0, 1.0, 1.0]"
california,ridge,5000,5,8,b3_is,4.156211639099709e-16,1.1070732198156716e-16,5.1952645488746364e-17,1.3838415247695895e-17,3.742788522804808e-16,4.545845002980893e-16,3.0025658568688396,1.0,0.0,1.0,1.0,0.9999999999999998,0.0,1.0,0.0,1.0,0.0,8.934579679610373e-18,0.0,5000.0,0.5884529933333397,0.04770371460414088,5000.0,"[4.367135197110292e-16, 6.201472264796467e-16, 4.1215771470399364e-16, 6.148849897870647e-16, 4.793236788124782e-16, 3.053826103721701e-16, 5.060195853296923e-16, 4.341705618108979e-16, 3.379163021429576e-16, 5.344057499583449e-16, 6.148979276848713e-16, 3.0399178327785226e-16, 3.3075980968496486e-16, 5.201411930628018e-16, 2.8200426508017047e-16, 1.9862914503541874e-16, 4.519798384466527e-16, 3.2533897374906783e-16, 3.065122271510401e-16, 3.6540442298958677e-16, 5.843476505817208e-16, 5.22065307501069e-16, 3.1193236783673823e-16, 3.772094005227232e-16, 3.594042145281597e-16, 3.184034642487819e-16, 3.9701001990556794e-16, 5.075892316176931e-16, 3.340453258312985e-16, 3.7584640945467366e-16]","[1.0, 1.0, 1.0, 1.0, 1.0, 1.0, 1.0, 1.0, 1.0, 1.0, 1.0, 1.0, 1.0, 1.0, 1.0, 1.0, 1.0, 1.0, 1.0, 1.0, 1.0, 1.0, 1.0, 1.0, 1.0, 1.0, 1.0, 1.0, 1.0, 1.0]","[0.9999999999999998, 0.9999999999999998, 0.9999999999999998, 0.9999999999999998, 0.9999999999999998, 0.9999999999999998, 0.9999999999999998, 0.9999999999999998, 0.9999999999999998, 0.9999999999999998, 0.9999999999999998, 0.9999999999999998, 0.9999999999999998, 0.9999999999999998, 0.9999999999999998, 0.9999999999999998, 0.9999999999999998, 0.9999999999999998, 0.9999999999999998, 0.9999999999999998, 0.9999999999999998, 0.9999999999999998, 0.9999999999999998, 0.9999999999999998, 0.9999999999999998, 0.9999999999999998, 0.9999999999999998, 0.9999999999999998, 0.9999999999999998, 0.9999999999999998]","[1.0, 1.0, 1.0, 1.0, 1.0, 1.0, 1.0, 1.0, 1.0, 1.0, 1.0, 1.0, 1.0, 1.0, 1.0, 1.0, 1.0, 1.0, 1.0, 1.0, 1.0, 1.0, 1.0, 1.0, 1.0, 1.0, 1.0, 1.0, 1.0, 1.0]","[1.0, 1.0, 1.0, 1.0, 1.0, 1.0, 1.0, 1.0, 1.0, 1.0, 1.0, 1.0, 1.0, 1.0, 1.0, 1.0, 1.0, 1.0, 1.0, 1.0, 1.0, 1.0, 1.0, 1.0, 1.0, 1.0, 1.0, 1.0, 1.0, 1.0]"
california,ridge,5000,5,8,b4_antithetic,9.772118192367053e-16,4.459729297285147e-16,1.2215147740458816e-16,5.574661621606434e-17,8.154094703719883e-16,1.1394912436573407e-15,7.059656962041496,1.0,0.0,1.0,1.0,0.9999999999999998,0.0,1.0,0.0,1.0,0.0,6.25284668051959e-17,0.0,5000.0,0.4456001000022904,0.03528037005277016,5000.0,"[1.7120650401190487e-15, 5.75330338625346e-16, 9.383567842871844e-16, 1.0795958499245648e-15, 9.021291507582573e-16, 5.697437171073654e-16, 1.0204486369713726e-15, 6.916634354413401e-16, 2.0936853099724128e-16, 1.827516007892356e-15, 8.423320628209502e-16, 6.271363553406485e-16, 1.0030167976148647e-15, 1.4415073812436943e-15, 2.6178404132069017e-16, 9.94457725836063e-16, 1.3144020178357787e-15, 1.309403777921221e-15, 1.91876541572086e-16, 1.387891361027706e-15, 1.1460849788317112e-15, 7.627030817374442e-16, 8.808930722963826e-16, 1.1150841593307213e-15, 1.5063339749242063e-15, 1.0362787590784556e-15, 4.83208028165705e-16, 3.404388464228612e-16, 1.7488635109034135e-15, 1.3964406107524812e-15]","[1.0, 1.0, 1.0, 1.0, 1.0, 1.0, 1.0, 1.0, 1.0, 1.0, 1.0, 1.0, 1.0, 1.0, 1.0, 1.0, 1.0, 1.0, 1.0, 1.0, 1.0, 1.0, 1.0, 1.0, 1.0, 1.0, 1.0, 1.0, 1.0, 1.0]","[0.9999999999999998, 0.9999999999999998, 0.9999999999999998, 0.9999999999999998, 0.9999999999999998, 0.9999999999999998, 0.9999999999999998, 0.9999999999999998, 0.9999999999999998, 0.9999999999999998, 0.9999999999999998, 0.9999999999999998, 0.9999999999999998, 0.9999999999999998, 0.9999999999999998, 0.9999999999999998, 0.9999999999999998, 0.9999999999999998, 0.9999999999999998, 0.9999999999999998, 0.9999999999999998, 0.9999999999999998, 0.9999999999999998, 0.9999999999999998, 0.9999999999999998, 0.9999999999999998, 0.9999999999999998, 0.9999999999999998, 0.9999999999999998, 0.9999999999999998]","[1.0, 1.0, 1.0, 1.0, 1.0, 1.0, 1.0, 1.0, 1.0, 1.0, 1.0, 1.0, 1.0, 1.0, 1.0, 1.0, 1.0, 1.0, 1.0, 1.0, 1.0, 1.0, 1.0, 1.0, 1.0, 1.0, 1.0, 1.0, 1.0, 1.0]","[1.0, 1.0, 1.0, 1.0, 1.0, 1.0, 1.0, 1.0, 1.0, 1.0, 1.0, 1.0, 1.0, 1.0, 1.0, 1.0, 1.0, 1.0, 1.0, 1.0, 1.0, 1.0, 1.0, 1.0, 1.0, 1.0, 1.0, 1.0, 1.0, 1.0]"
california,ridge,5000,6,8,abc_shap,1.4036065527405268e-16,9.962308612343173e-17,1.7545081909256585e-17,1.2452885765428967e-17,1.092420056265524e-16,1.782312238265374e-16,3.7252385210724266,1.0,0.0,1.0,1.0,0.9999999999999998,0.0,1.0,0.0,1.0,0.0,9.712971520388494e-18,2496.0,2504.0,0.629779626664822,0.08152972876537123,2496.0,"[5.597164642664711e-16, 6.848722124162826e-17, 1.4646279825923167e-16, 1.4306611333757352e-16, 3.2814052846046265e-16, 1.3744651206646476e-16, 1.3041257260411111e-16, 1.2945520806152994e-16, 7.665597752303423e-17, 2.2326633891772035e-17, 1.8539542224777866e-16, 1.4116886818219914e-16, 9.521481951105366e-17, 1.6465935389805025e-16, 1.1614884708528163e-16, 1.5670541443349734e-16, 1.0668472695652393e-16, 1.5098216553279944e-16, 1.41085866025594e-16, 7.828583805737058e-17, 2.2450941677580427e-16, 3.1083482804026715e-17, 1.0807892277198435e-16, 5.432922142621389e-17, 9.461165587056713e-17, 2.1139000837951884e-16, 7.764225536959672e-17, 7.505710766418504e-17, 1.966059627681225e-16, 5.901027274913354e-17]","[1.0, 1.0, 1.0, 1.0, 1.0, 1.0, 1.0, 1.0, 1.0, 1.0, 1.0, 1.0, 1.0, 1.0, 1.0, 1.0, 1.0, 1.0, 1.0, 1.0, 1.0, 1.0, 1.0, 1.0, 1.0, 1.0, 1.0, 1.0, 1.0, 1.0]","[0.9999999999999998, 0.9999999999999998, 0.9999999999999998, 0.9999999999999998, 0.9999999999999998, 0.9999999999999998, 0.9999999999999998, 0.9999999999999998, 0.9999999999999998, 0.9999999999999998, 0.9999999999999998, 0.9999999999999998, 0.9999999999999998, 0.9999999999999998, 0.9999999999999998, 0.9999999999999998, 0.9999999999999998, 0.9999999999999998, 0.9999999999999998, 0.9999999999999998, 0.9999999999999998, 0.9999999999999998, 0.9999999999999998, 0.9999999999999998, 0.9999999999999998, 0.9999999999999998, 0.9999999999999998, 0.9999999999999998, 0.9999999999999998, 0.9999999999999998]","[1.0, 1.0, 1.0, 1.0, 1.0, 1.0, 1.0, 1.0, 1.0, 1.0, 1.0, 1.0, 1.0, 1.0, 1.0, 1.0, 1.0, 1.0, 1.0, 1.0, 1.0, 1.0, 1.0, 1.0, 1.0, 1.0, 1.0, 1.0, 1.0, 1.0]","[1.0, 1.0, 1.0, 1.0, 1.0, 1.0, 1.0, 1.0, 1.0, 1.0, 1.0, 1.0, 1.0, 1.0, 1.0, 1.0, 1.0, 1.0, 1.0, 1.0, 1.0, 1.0, 1.0, 1.0, 1.0, 1.0, 1.0, 1.0, 1.0, 1.0]"
california,ridge,5000,6,8,b1_uniform,2.6654329723940743e-16,1.2924323751439323e-16,3.331791215492593e-17,1.6155404689299153e-17,2.2133030346128877e-16,3.2035112207849467e-16,7.0741858284374555,1.0,0.0,1.0,1.0,0.9999999999999998,0.0,1.0,0.0,1.0,0.0,1.7071873345758513e-17,0.0,5000.0,0.47663591999929245,0.04801883235379501,5000.0,"[2.5635507797252767e-16, 1.4465913333421886e-16, 2.818093181560283e-16, 3.0401587707245293e-16, 1.2487874078870422e-16, 3.1456830426782576e-16, 2.9805921290543447e-16, 4.584551057173579e-16, 2.0154663350608044e-16, 1.524722842824237e-16, 3.491638572840945e-16, 3.265425867612027e-16, 3.586779676331457e-16, 2.5836021119602617e-16, 9.47693934859307e-17, 3.570461128460207e-16, 1.8204333874078082e-16, 5.882739388988481e-17, 3.2900122763337143e-16, 1.6910234957724086e-16, 1.7639651710780215e-16, 1.3852179395171257e-16, 2.7351083390054156e-16, 6.810854156945493e-16, 2.731957339666946e-16, 2.5307085056484323e-16, 2.543461367255146e-16, 4.926442781706167e-16, 3.466333537720224e-16, 8.653987627717328e-17]","[1.0, 1.0, 1.0, 1.0, 1.0, 1.0, 1.0, 1.0, 1.0, 1.0, 1.0, 1.0, 1.0, 1.0, 1.0, 1.0, 1.0, 1.0, 1.0, 1.0, 1.0, 1.0, 1.0, 1.0, 1.0, 1.0, 1.0, 1.0, 1.0, 1.0]","[0.9999999999999998, 0.9999999999999998, 0.9999999999999998, 0.9999999999999998, 0.9999999999999998, 0.9999999999999998, 0.9999999999999998, 0.9999999999999998, 0.9999999999999998, 0.9999999999999998, 0.9999999999999998, 0.9999999999999998, 0.9999999999999998, 0.9999999999999998, 0.9999999999999998, 0.9999999999999998, 0.9999999999999998, 0.9999999999999998, 0.9999999999999998, 0.9999999999999998, 0.9999999999999998, 0.9999999999999998, 0.9999999999999998, 0.9999999999999998, 0.9999999999999998, 0.9999999999999998, 0.9999999999999998, 0.9999999999999998, 0.9999999999999998, 0.9999999999999998]","[1.0, 1.0, 1.0, 1.0, 1.0, 1.0, 1.0, 1.0, 1.0, 1.0, 1.0, 1.0, 1.0, 1.0, 1.0, 1.0, 1.0, 1.0, 1.0, 1.0, 1.0, 1.0, 1.0, 1.0, 1.0, 1.0, 1.0, 1.0, 1.0, 1.0]","[1.0, 1.0, 1.0, 1.0, 1.0, 1.0, 1.0, 1.0, 1.0, 1.0, 1.0, 1.0, 1.0, 1.0, 1.0, 1.0, 1.0, 1.0, 1.0, 1.0, 1.0, 1.0, 1.0, 1.0, 1.0, 1.0, 1.0, 1.0, 1.0, 1.0]"
california,ridge,5000,6,8,b2_stratified,3.7678300189391755e-17,1.7781020552633318e-17,4.709787523673969e-18,2.2226275690791648e-18,3.1533220508410115e-17,4.425269775060129e-17,1.0,1.0,0.0,1.0,1.0,0.9999999999999998,0.0,1.0,0.0,1.0,0.0,4.225504996858607e-18,0.0,5000.0,0.47845379333302845,0.02395311550469624,5000.0,"[2.4596771037492607e-17, 4.0624790141868734e-17, 1.1950096972174948e-17, 6.42148193399004e-17, 4.970062962837974e-17, 2.8650985545963325e-17, 2.9580014603857696e-17, 2.932068435204671e-17, 4.9211981767935234e-17, 4.952283701568297e-17, 2.748490164986464e-17, 1.8812764395580403e-17, 7.945167460154968e-17, 1.5620089660218408e-17, 6.13445311142396e-17, 5.83781350025786e-17, 7.289977319961709e-17, 3.735527892001014e-17, 1.565292266178459e-17, 3.4598445908950575e-17, 4.2334445413597335e-17, 4.055682765605955e-17, 2.6491853619495587e-17, 3.953003850779869e-17, 2.0903130604816028e-17, 1.8913600558108614e-17, 3.592181358443401e-17, 1.047529473470389e-17, 5.635885578519108e-17, 3.9891017697851826e-17]","[1.0, 1.0, 1.0, 1.0, 1.0, 1.0, 1.0, 1.0, 1.0, 1.0, 1.0, 1.0, 1.0, 1.0, 1.0, 1.0, 1.0, 1.0, 1.0, 1.0, 1.0, 1.0, 1.0, 1.0, 1.0, 1.0, 1.0, 1.0, 1.0, 1.0]","[0.9999999999999998, 0.9999999999999998, 0.9999999999999998, 0.9999999999999998, 0.9999999999999998, 0.9999999999999998, 0.9999999999999998, 0.9999999999999998, 0.9999999999999998, 0.9999999999999998, 0.9999999999999998, 0.9999999999999998, 0.9999999999999998, 0.9999999999999998, 0.9999999999999998, 0.9999999999999998, 0.9999999999999998, 0.9999999999999998, 0.9999999999999998, 0.9999999999999998, 0.9999999999999998, 0.9999999999999998, 0.9999999999999998, 0.9999999999999998, 0.9999999999999998, 0.9999999999999998, 0.9999999999999998, 0.9999999999999998, 0.9999999999999998, 0.9999999999999998]","[1.0, 1.0, 1.0, 1.0, 1.0, 1.0, 1.0, 1.0, 1.0, 1.0, 1.0, 1.0, 1.0, 1.0, 1.0, 1.0, 1.0, 1.0, 1.0, 1.0, 1.0, 1.0, 1.0, 1.0, 1.0, 1.0, 1.0, 1.0, 1.0, 1.0]","[1.0, 1.0, 1.0, 1.0, 1.0, 1.0, 1.0, 1.0, 1.0, 1.0, 1.0, 1.0, 1.0, 1.0, 1.0, 1.0, 1.0, 1.0, 1.0, 1.0, 1.0, 1.0, 1.0, 1.0, 1.0, 1.0, 1.0, 1.0, 1.0, 1.0]"
california,ridge,5000,6,8,b3_is,8.384972049825659e-17,3.194868973320147e-17,1.0481215062282074e-17,3.993586216650184e-18,7.274116942269144e-17,9.537280499855223e-17,2.2254114457600798,1.0,0.0,1.0,1.0,0.9999999999999998,0.0,1.0,0.0,1.0,0.0,2.6318595910778603e-18,0.0,5000.0,0.6098480433332346,0.12805843345697984,5000.0,"[1.3055667705959422e-16, 1.1625543607444253e-16, 1.0007991567735393e-16, 1.361602833614347e-16, 6.26393256774888e-17, 8.340065283043398e-17, 1.0273100105635889e-16, 1.1731484237342733e-16, 7.868651376741025e-17, 1.331910497881856e-16, 9.130339013469452e-17, 4.705080884984246e-17, 5.809928316939003e-17, 1.0084043742261306e-16, 6.089904588491832e-17, 2.9980324943856966e-17, 8.029277326063138e-17, 6.146456903953203e-17, 1.018073473645977e-16, 4.107169814092378e-17, 7.939835355374991e-17, 6.822453125538025e-17, 4.113104103462113e-17, 4.4988867140566775e-17, 1.665507982820961e-16, 5.755107738043611e-17, 7.176405975221397e-17, 7.306830418441259e-17, 8.278981638853143e-17, 9.619939009855888e-17]","[1.0, 1.0, 1.0, 1.0, 1.0, 1.0, 1.0, 1.0, 1.0, 1.0, 1.0, 1.0, 1.0, 1.0, 1.0, 1.0, 1.0, 1.0, 1.0, 1.0, 1.0, 1.0, 1.0, 1.0, 1.0, 1.0, 1.0, 1.0, 1.0, 1.0]","[0.9999999999999998, 0.9999999999999998, 0.9999999999999998, 0.9999999999999998, 0.9999999999999998, 0.9999999999999998, 0.9999999999999998, 0.9999999999999998, 0.9999999999999998, 0.9999999999999998, 0.9999999999999998, 0.9999999999999998, 0.9999999999999998, 0.9999999999999998, 0.9999999999999998, 0.9999999999999998, 0.9999999999999998, 0.9999999999999998, 0.9999999999999998, 0.9999999999999998, 0.9999999999999998, 0.9999999999999998, 0.9999999999999998, 0.9999999999999998, 0.9999999999999998, 0.9999999999999998, 0.9999999999999998, 0.9999999999999998, 0.9999999999999998, 0.9999999999999998]","[1.0, 1.0, 1.0, 1.0, 1.0, 1.0, 1.0, 1.0, 1.0, 1.0, 1.0, 1.0, 1.0, 1.0, 1.0, 1.0, 1.0, 1.0, 1.0, 1.0, 1.0, 1.0, 1.0, 1.0, 1.0, 1.0, 1.0, 1.0, 1.0, 1.0]","[1.0, 1.0, 1.0, 1.0, 1.0, 1.0, 1.0, 1.0, 1.0, 1.0, 1.0, 1.0, 1.0, 1.0, 1.0, 1.0, 1.0, 1.0, 1.0, 1.0, 1.0, 1.0, 1.0, 1.0, 1.0, 1.0, 1.0, 1.0, 1.0, 1.0]"
california,ridge,5000,6,8,b4_antithetic,2.5043608655827343e-16,1.2805942549578984e-16,3.130451081978418e-17,1.600742818697373e-17,2.064411199726507e-16,2.9651670352148656e-16,6.646692799288838,1.0,0.0,1.0,1.0,0.9999999999999998,0.0,1.0,0.0,1.0,0.0,1.8877388397648007e-17,0.0,5000.0,0.4517148033347136,0.027697884250186818,5000.0,"[2.587760648643052e-16, 5.922179168688754e-17, 3.950019558820371e-16, 2.1756033474794535e-16, 4.227607488159719e-17, 2.6706472575460963e-16, 1.7374678752716728e-16, 1.356095810402279e-16, 2.0917047071720415e-16, 2.739545076164539e-16, 2.6013633605648576e-16, 2.8109167296179414e-16, 2.8825543337894207e-16, 1.47015852962197e-16, 2.477889770962348e-16, 5.260630592936211e-16, 2.1366081760771043e-16, 2.5757062338355143e-16, 1.2311284786584482e-16, 3.642375337614448e-16, 1.5907761028383777e-16, 4.2640478591987785e-16, 1.4612146688108986e-16, 1.7262266253018867e-16, 1.509898594381297e-16, 3.4756378533782616e-16, 4.481088006134726e-16, 5.682073668719182e-16, 2.815161186315119e-16, 7.115469115408982e-17]","[1.0, 1.0, 1.0, 1.0, 1.0, 1.0, 1.0, 1.0, 1.0, 1.0, 1.0, 1.0, 1.0, 1.0, 1.0, 1.0, 1.0, 1.0, 1.0, 1.0, 1.0, 1.0, 1.0, 1.0, 1.0, 1.0, 1.0, 1.0, 1.0, 1.0]","[0.9999999999999998, 0.9999999999999998, 0.9999999999999998, 0.9999999999999998, 0.9999999999999998, 0.9999999999999998, 0.9999999999999998, 0.9999999999999998, 0.9999999999999998, 0.9999999999999998, 0.9999999999999998, 0.9999999999999998, 0.9999999999999998, 0.9999999999999998, 0.9999999999999998, 0.9999999999999998, 0.9999999999999998, 0.9999999999999998, 0.9999999999999998, 0.9999999999999998, 0.9999999999999998, 0.9999999999999998, 0.9999999999999998, 0.9999999999999998, 0.9999999999999998, 0.9999999999999998, 0.9999999999999998, 0.9999999999999998, 0.9999999999999998, 0.9999999999999998]","[1.0, 1.0, 1.0, 1.0, 1.0, 1.0, 1.0, 1.0, 1.0, 1.0, 1.0, 1.0, 1.0, 1.0, 1.0, 1.0, 1.0, 1.0, 1.0, 1.0, 1.0, 1.0, 1.0, 1.0, 1.0, 1.0, 1.0, 1.0, 1.0, 1.0]","[1.0, 1.0, 1.0, 1.0, 1.0, 1.0, 1.0, 1.0, 1.0, 1.0, 1.0, 1.0, 1.0, 1.0, 1.0, 1.0, 1.0, 1.0, 1.0, 1.0, 1.0, 1.0, 1.0, 1.0, 1.0, 1.0, 1.0, 1.0, 1.0, 1.0]"
california,ridge,5000,7,8,abc_shap,2.815482331908996e-17,1.4610724582793633e-17,3.519352914886245e-18,1.826340572849204e-18,2.2834566873560532e-17,3.3592020536857774e-17,2.3777253416574826,1.0,0.0,1.0,1.0,0.9999999999999998,0.0,1.0,0.0,1.0,0.0,2.8779563107323656e-18,2496.0,2504.0,0.5976535166701069,0.025953216246930432,2496.0,"[2.966912780130128e-17, 2.2453141245800972e-17, 1.5984327646269868e-17, 4.1145617245517725e-17, 3.6564509113999895e-17, 2.5997511611674395e-17, 9.429323099579928e-18, 2.5925684670046906e-17, 1.9318571569151968e-17, 2.3696690385573834e-17, 3.6867911198367934e-17, 1.813726928392711e-17, 3.9071087579901787e-17, 3.553520814528471e-17, 3.594024280811859e-17, 3.729187200160902e-17, 1.6779512380948166e-17, 3.023660046029954e-17, 2.5923955981587923e-17, 3.470452602223022e-18, 4.7531030209416524e-17, 6.66552477755e-18, 1.9383361322221367e-17, 1.880236099030559e-17, 6.713551171341873e-17, 4.2074267301147346e-17, 4.916636240967235e-18, 5.938759512579566e-17, 2.83061218948804e-17, 2.100367316581145e-17]","[1.0, 1.0, 1.0, 1.0, 1.0, 1.0, 1.0, 1.0, 1.0, 1.0, 1.0, 1.0, 1.0, 1.0, 1.0, 1.0, 1.0, 1.0, 1.0, 1.0, 1.0, 1.0, 1.0, 1.0, 1.0, 1.0, 1.0, 1.0, 1.0, 1.0]","[0.9999999999999998, 0.9999999999999998, 0.9999999999999998, 0.9999999999999998, 0.9999999999999998, 0.9999999999999998, 0.9999999999999998, 0.9999999999999998, 0.9999999999999998, 0.9999999999999998, 0.9999999999999998, 0.9999999999999998, 0.9999999999999998, 0.9999999999999998, 0.9999999999999998, 0.9999999999999998, 0.9999999999999998, 0.9999999999999998, 0.9999999999999998, 0.9999999999999998, 0.9999999999999998, 0.9999999999999998, 0.9999999999999998, 0.9999999999999998, 0.9999999999999998, 0.9999999999999998, 0.9999999999999998, 0.9999999999999998, 0.9999999999999998, 0.9999999999999998]","[1.0, 1.0, 1.0, 1.0, 1.0, 1.0, 1.0, 1.0, 1.0, 1.0, 1.0, 1.0, 1.0, 1.0, 1.0, 1.0, 1.0, 1.0, 1.0, 1.0, 1.0, 1.0, 1.0, 1.0, 1.0, 1.0, 1.0, 1.0, 1.0, 1.0]","[1.0, 1.0, 1.0, 1.0, 1.0, 1.0, 1.0, 1.0, 1.0, 1.0, 1.0, 1.0, 1.0, 1.0, 1.0, 1.0, 1.0, 1.0, 1.0, 1.0, 1.0, 1.0, 1.0, 1.0, 1.0, 1.0, 1.0, 1.0, 1.0, 1.0]"
california,ridge,5000,7,8,b1_uniform,7.951257466011461e-17,3.1087547016036714e-17,9.939071832514326e-18,3.885943377004589e-18,6.921753834747647e-17,9.099117242615934e-17,6.7149795829689465,1.0,0.0,1.0,1.0,0.9999999999999998,0.0,1.0,0.0,1.0,0.0,6.242352212151553e-18,0.0,5000.0,0.45616371333599093,0.0109302821162811,5000.0,"[3.1166472508552654e-17, 6.075150081522895e-17, 5.677097953515105e-17, 4.5837467946437904e-17, 6.019943533466142e-17, 4.9195725393666893e-17, 9.97376020652677e-17, 8.807690767792598e-17, 1.3456854057540109e-16, 1.4143537326252772e-16, 8.14034890876568e-17, 6.537488075660653e-17, 1.0252479414511446e-16, 4.048955760241518e-17, 1.6554188833134654e-16, 1.0461726239832807e-16, 8.120661623350855e-17, 7.449578625635321e-17, 9.061258057100979e-17, 6.062643655461918e-17, 1.0683192777557309e-16, 6.190717112716757e-17, 9.923202350679794e-17, 6.630015510559665e-17, 4.910022237849905e-17, 7.780374220122447e-17, 4.60972474667509e-17, 9.229297420455733e-17, 4.95204961759422e-17, 1.016579828095497e-16]","[1.0, 1.0, 1.0, 1.0, 1.0, 1.0, 1.0, 1.0, 1.0, 1.0, 1.0, 1.0, 1.0, 1.0, 1.0, 1.0, 1.0, 1.0, 1.0, 1.0, 1.0, 1.0, 1.0, 1.0, 1.0, 1.0, 1.0, 1.0, 1.0, 1.0]","[0.9999999999999998, 0.9999999999999998, 0.9999999999999998, 0.9999999999999998, 0.9999999999999998, 0.9999999999999998, 0.9999999999999998, 0.9999999999999998, 0.9999999999999998, 0.9999999999999998, 0.9999999999999998, 0.9999999999999998, 0.9999999999999998, 0.9999999999999998, 0.9999999999999998, 0.9999999999999998, 0.9999999999999998, 0.9999999999999998, 0.9999999999999998, 0.9999999999999998, 0.9999999999999998, 0.9999999999999998, 0.9999999999999998, 0.9999999999999998, 0.9999999999999998, 0.9999999999999998, 0.9999999999999998, 0.9999999999999998, 0.9999999999999998, 0.9999999999999998]","[1.0, 1.0, 1.0, 1.0, 1.0, 1.0, 1.0, 1.0, 1.0, 1.0, 1.0, 1.0, 1.0, 1.0, 1.0, 1.0, 1.0, 1.0, 1.0, 1.0, 1.0, 1.0, 1.0, 1.0, 1.0, 1.0, 1.0, 1.0, 1.0, 1.0]","[1.0, 1.0, 1.0, 1.0, 1.0, 1.0, 1.0, 1.0, 1.0, 1.0, 1.0, 1.0, 1.0, 1.0, 1.0, 1.0, 1.0, 1.0, 1.0, 1.0, 1.0, 1.0, 1.0, 1.0, 1.0, 1.0, 1.0, 1.0, 1.0, 1.0]"
california,ridge,5000,7,8,b2_stratified,1.184107467158658e-17,6.6845924655328394e-18,1.4801343339483224e-18,8.355740581916049e-19,9.651008820839137e-18,1.432832596053534e-17,1.0,1.0,0.0,1.0,1.0,0.9999999999999998,0.0,1.0,0.0,1.0,0.0,1.3580800230015672e-18,0.0,5000.0,0.46173643999791236,0.008040050910695649,5000.0,"[9.235009154548674e-18, 1.5679494610110232e-17, 2.361937622882885e-17, 1.920272487643721e-18, 1.4976856114682736e-17, 6.7939512356787885e-18, 8.868040708447071e-18, 1.6202263449968954e-17, 3.063449968575981e-17, 4.3057601421291734e-18, 6.532574898747906e-18, 4.731551852045322e-18, 8.100625492711084e-18, 8.054605109402568e-18, 1.0741626259735708e-17, 1.5861566738858442e-17, 8.031665741821211e-18, 1.53408322610168e-17, 1.8205376154368375e-17, 2.7020418144808175e-18, 1.6278174044034407e-17, 1.4717205669814654e-17, 6.964514281496405e-18, 2.3104620380737906e-17, 1.851288388733252e-17, 8.008585544273497e-18, 8.54699529819713e-18, 1.296120087299701e-17, 2.754728123727031e-18, 1.2845341904000643e-17]","[1.0, 1.0, 1.0, 1.0, 1.0, 1.0, 1.0, 1.0, 1.0, 1.0, 1.0, 1.0, 1.0, 1.0, 1.0, 1.0, 1.0, 1.0, 1.0, 1.0, 1.0, 1.0, 1.0, 1.0, 1.0, 1.0, 1.0, 1.0, 1.0, 1.0]","[0.9999999999999998, 0.9999999999999998, 0.9999999999999998, 0.9999999999999998, 0.9999999999999998, 0.9999999999999998, 0.9999999999999998, 0.9999999999999998, 0.9999999999999998, 0.9999999999999998, 0.9999999999999998, 0.9999999999999998, 0.9999999999999998, 0.9999999999999998, 0.9999999999999998, 0.9999999999999998, 0.9999999999999998, 0.9999999999999998, 0.9999999999999998, 0.9999999999999998, 0.9999999999999998, 0.9999999999999998, 0.9999999999999998, 0.9999999999999998, 0.9999999999999998, 0.9999999999999998, 0.9999999999999998, 0.9999999999999998, 0.9999999999999998, 0.9999999999999998]","[1.0, 1.0, 1.0, 1.0, 1.0, 1.0, 1.0, 1.0, 1.0, 1.0, 1.0, 1.0, 1.0, 1.0, 1.0, 1.0, 1.0, 1.0, 1.0, 1.0, 1.0, 1.0, 1.0, 1.0, 1.0, 1.0, 1.0, 1.0, 1.0, 1.0]","[1.0, 1.0, 1.0, 1.0, 1.0, 1.0, 1.0, 1.0, 1.0, 1.0, 1.0, 1.0, 1.0, 1.0, 1.0, 1.0, 1.0, 1.0, 1.0, 1.0, 1.0, 1.0, 1.0, 1.0, 1.0, 1.0, 1.0, 1.0, 1.0, 1.0]"
california,ridge,5000,7,8,b3_is,1.8318597924422002e-17,6.01576898785771e-18,2.2898247405527503e-18,7.519711234822138e-19,1.6021962129561572e-17,2.037211188288852e-17,1.5470384599785234,1.0,0.0,1.0,1.0,0.9999999999999998,0.0,1.0,0.0,1.0,0.0,7.907395491667231e-19,0.0,5000.0,0.5705097266676603,0.01786008089910574,5000.0,"[2.4940593346546426e-17, 1.3040984169713884e-17, 2.285673142521357e-17, 1.038896170703981e-17, 9.474139053887613e-18, 2.828814279204438e-17, 1.4216036166489297e-17, 2.5356339363208413e-17, 1.3600264353331842e-17, 2.4394443039874816e-17, 2.860002223667101e-17, 1.2591325243480176e-17, 1.1638862163693288e-17, 2.2937189843634753e-17, 1.148479903024918e-17, 2.1716276335101215e-17, 2.54946457121164e-17, 2.3343814916609545e-17, 1.65437106347078e-17, 1.5579479031871727e-17, 1.4388119641565515e-17, 2.2596187968360838e-17, 2.539456021963109e-17, 2.3535280581290085e-17, 1.7452228485186763e-17, 9.80812502294052e-18, 1.5499591950633462e-17, 1.9636426908569257e-17, 9.847842861105783e-18, 1.491281352789156e-17]","[1.0, 1.0, 1.0, 1.0, 1.0, 1.0, 1.0, 1.0, 1.0, 1.0, 1.0, 1.0, 1.0, 1.0, 1.0, 1.0, 1.0, 1.0, 1.0, 1.0, 1.0, 1.0, 1.0, 1.0, 1.0, 1.0, 1.0, 1.0, 1.0, 1.0]","[0.9999999999999998, 0.9999999999999998, 0.9999999999999998, 0.9999999999999998, 0.9999999999999998, 0.9999999999999998, 0.9999999999999998, 0.9999999999999998, 0.9999999999999998, 0.9999999999999998, 0.9999999999999998, 0.9999999999999998, 0.9999999999999998, 0.9999999999999998, 0.9999999999999998, 0.9999999999999998, 0.9999999999999998, 0.9999999999999998, 0.9999999999999998, 0.9999999999999998, 0.9999999999999998, 0.9999999999999998, 0.9999999999999998, 0.9999999999999998, 0.9999999999999998, 0.9999999999999998, 0.9999999999999998, 0.9999999999999998, 0.9999999999999998, 0.9999999999999998]","[1.0, 1.0, 1.0, 1.0, 1.0, 1.0, 1.0, 1.0, 1.0, 1.0, 1.0, 1.0, 1.0, 1.0, 1.0, 1.0, 1.0, 1.0, 1.0, 1.0, 1.0, 1.0, 1.0, 1.0, 1.0, 1.0, 1.0, 1.0, 1.0, 1.0]","[1.0, 1.0, 1.0, 1.0, 1.0, 1.0, 1.0, 1.0, 1.0, 1.0, 1.0, 1.0, 1.0, 1.0, 1.0, 1.0, 1.0, 1.0, 1.0, 1.0, 1.0, 1.0, 1.0, 1.0, 1.0, 1.0, 1.0, 1.0, 1.0, 1.0]"
california,ridge,5000,7,8,b4_antithetic,8.028027687630521e-17,4.426561177806024e-17,1.0035034609538152e-17,5.53320147225753e-18,6.65432373046987e-17,9.747331619518552e-17,6.7798134124551135,1.0,0.0,1.0,1.0,0.9999999999999998,0.0,1.0,0.0,1.0,0.0,6.964632622679409e-18,0.0,5000.0,0.4326488000030319,0.008630552314860741,5000.0,"[2.907849723550879e-17, 5.0588972109245707e-17, 1.6372413637896616e-16, 1.1581626010382155e-16, 1.3626295455315956e-16, 7.328789053407808e-17, 4.9319896980814227e-17, 1.1054192344671108e-16, 1.186695262232737e-16, 2.271014246046074e-17, 3.784282676725851e-17, 6.586403521083264e-17, 3.8687351603519154e-17, 4.527393971179886e-17, 9.053273805436474e-17, 7.520535276829555e-17, 3.367792468454771e-17, 6.536861463093538e-17, 6.883054712039914e-17, 5.820288952867235e-17, 7.72553554462688e-17, 8.444670666359622e-17, 6.487409432778797e-17, 1.2597022474840979e-16, 1.2337774239328027e-16, 6.650145506931201e-17, 4.370226024264839e-17, 2.247320967432828e-16, 1.0881871093782937e-16, 3.924323961007766e-17]","[1.0, 1.0, 1.0, 1.0, 1.0, 1.0, 1.0, 1.0, 1.0, 1.0, 1.0, 1.0, 1.0, 1.0, 1.0, 1.0, 1.0, 1.0, 1.0, 1.0, 1.0, 1.0, 1.0, 1.0, 1.0, 1.0, 1.0, 1.0, 1.0, 1.0]","[0.9999999999999998, 0.9999999999999998, 0.9999999999999998, 0.9999999999999998, 0.9999999999999998, 0.9999999999999998, 0.9999999999999998, 0.9999999999999998, 0.9999999999999998, 0.9999999999999998, 0.9999999999999998, 0.9999999999999998, 0.9999999999999998, 0.9999999999999998, 0.9999999999999998, 0.9999999999999998, 0.9999999999999998, 0.9999999999999998, 0.9999999999999998, 0.9999999999999998, 0.9999999999999998, 0.9999999999999998, 0.9999999999999998, 0.9999999999999998, 0.9999999999999998, 0.9999999999999998, 0.9999999999999998, 0.9999999999999998, 0.9999999999999998, 0.9999999999999998]","[1.0, 1.0, 1.0, 1.0, 1.0, 1.0, 1.0, 1.0, 1.0, 1.0, 1.0, 1.0, 1.0, 1.0, 1.0, 1.0, 1.0, 1.0, 1.0, 1.0, 1.0, 1.0, 1.0, 1.0, 1.0, 1.0, 1.0, 1.0, 1.0, 1.0]","[1.0, 1.0, 1.0, 1.0, 1.0, 1.0, 1.0, 1.0, 1.0, 1.0, 1.0, 1.0, 1.0, 1.0, 1.0, 1.0, 1.0, 1.0, 1.0, 1.0, 1.0, 1.0, 1.0, 1.0, 1.0, 1.0, 1.0, 1.0, 1.0, 1.0]"
california,ridge,5000,8,8,abc_shap,5.485331926997017e-15,2.7325301736311104e-15,6.856664908746271e-16,3.415662717038888e-16,4.5202023598828336e-15,6.576459413506979e-15,2.5134305417102207,1.0,0.0,1.0,1.0,0.9999999999999998,0.0,1.0,0.0,1.0,0.0,4.1330227848543963e-16,2496.0,2504.0,0.5988678900020508,0.01996123931335778,2496.0,"[4.654290750375695e-15, 1.1134181712834189e-15, 7.628764124764666e-15, 2.6522185443057407e-15, 1.3609072206826617e-15, 3.200367833362568e-15, 4.956769491104361e-15, 6.068358525897103e-15, 3.5612293194114654e-15, 4.884844809183689e-15, 3.0455888792804725e-15, 5.5455262650263415e-15, 1.0991307495054939e-14, 4.40397907602981e-15, 4.104332257699446e-15, 8.600631569967564e-15, 1.1066373265168543e-14, 7.295864804851536e-15, 6.308142644646513e-15, 2.1222599080242824e-15, 2.954276199143954e-15, 9.24948399623498e-15, 9.408129332050179e-15, 6.5820888053518665e-15, 6.179010385501497e-15, 6.196680073765749e-15, 2.4316009838243402e-15, 8.32630921215035e-15, 7.363076146700284e-15, 2.3041277190664753e-15]","[1.0, 1.0, 1.0, 1.0, 1.0, 1.0, 1.0, 1.0, 1.0, 1.0, 1.0, 1.0, 1.0, 1.0, 1.0, 1.0, 1.0, 1.0, 1.0, 1.0, 1.0, 1.0, 1.0, 1.0, 1.0, 1.0, 1.0, 1.0, 1.0, 1.0]","[0.9999999999999998, 0.9999999999999998, 0.9999999999999998, 0.9999999999999998, 0.9999999999999998, 0.9999999999999998, 0.9999999999999998, 0.9999999999999998, 0.9999999999999998, 0.9999999999999998, 0.9999999999999998, 0.9999999999999998, 0.9999999999999998, 0.9999999999999998, 0.9999999999999998, 0.9999999999999998, 0.9999999999999998, 0.9999999999999998, 0.9999999999999998, 0.9999999999999998, 0.9999999999999998, 0.9999999999999998, 0.9999999999999998, 0.9999999999999998, 0.9999999999999998, 0.9999999999999998, 0.9999999999999998, 0.9999999999999998, 0.9999999999999998, 0.9999999999999998]","[1.0, 1.0, 1.0, 1.0, 1.0, 1.0, 1.0, 1.0, 1.0, 1.0, 1.0, 1.0, 1.0, 1.0, 1.0, 1.0, 1.0, 1.0, 1.0, 1.0, 1.0, 1.0, 1.0, 1.0, 1.0, 1.0, 1.0, 1.0, 1.0, 1.0]","[1.0, 1.0, 1.0, 1.0, 1.0, 1.0, 1.0, 1.0, 1.0, 1.0, 1.0, 1.0, 1.0, 1.0, 1.0, 1.0, 1.0, 1.0, 1.0, 1.0, 1.0, 1.0, 1.0, 1.0, 1.0, 1.0, 1.0, 1.0, 1.0, 1.0]"
california,ridge,5000,8,8,b1_uniform,1.3549540265238824e-14,8.101617565276295e-15,1.693692533154853e-15,1.0127021956595369e-15,1.0911698263740324e-14,1.6783144661964258e-14,6.2085264450765445,1.0,0.0,1.0,1.0,0.9999999999999998,0.0,1.0,0.0,1.0,0.0,9.749079712277932e-16,0.0,5000.0,0.45504747666612577,0.007179422638010753,5000.0,"[1.3879635575056588e-14, 2.7251880023568365e-14, 1.113800355545556e-14, 5.560482757760084e-15, 4.691315745006871e-15, 1.0227168765102625e-14, 2.4448743320379175e-14, 1.631123688102789e-14, 8.695528438527923e-15, 1.677417595061141e-14, 1.1486259176941875e-14, 1.0278821019020183e-14, 1.5722880130203954e-14, 7.586728520058905e-15, 1.160418254433123e-14, 6.52216362205376e-15, 1.436164875986293e-14, 3.1565107032889745e-15, 1.3114901337617288e-14, 8.189449037380115e-15, 1.0711932411046181e-14, 1.2745374995527413e-14, 4.524859765074708e-14, 1.0082414386858895e-14, 6.894517946702557e-15, 1.5962286603154472e-14, 9.111936776487103e-15, 2.3975681240091155e-14, 1.3799025055424727e-14, 1.695272502786939e-14]","[1.0, 1.0, 1.0, 1.0, 1.0, 1.0, 1.0, 1.0, 1.0, 1.0, 1.0, 1.0, 1.0, 1.0, 1.0, 1.0, 1.0, 1.0, 1.0, 1.0, 1.0, 1.0, 1.0, 1.0, 1.0, 1.0, 1.0, 1.0, 1.0, 1.0]","[0.9999999999999998, 0.9999999999999998, 0.9999999999999998, 0.9999999999999998, 0.9999999999999998, 0.9999999999999998, 0.9999999999999998, 0.9999999999999998, 0.9999999999999998, 0.9999999999999998, 0.9999999999999998, 0.9999999999999998, 0.9999999999999998, 0.9999999999999998, 0.9999999999999998, 0.9999999999999998, 0.9999999999999998, 0.9999999999999998, 0.9999999999999998, 0.9999999999999998, 0.9999999999999998, 0.9999999999999998, 0.9999999999999998, 0.9999999999999998, 0.9999999999999998, 0.9999999999999998, 0.9999999999999998, 0.9999999999999998, 0.9999999999999998, 0.9999999999999998]","[1.0, 1.0, 1.0, 1.0, 1.0, 1.0, 1.0, 1.0, 1.0, 1.0, 1.0, 1.0, 1.0, 1.0, 1.0, 1.0, 1.0, 1.0, 1.0, 1.0, 1.0, 1.0, 1.0, 1.0, 1.0, 1.0, 1.0, 1.0, 1.0, 1.0]","[1.0, 1.0, 1.0, 1.0, 1.0, 1.0, 1.0, 1.0, 1.0, 1.0, 1.0, 1.0, 1.0, 1.0, 1.0, 1.0, 1.0, 1.0, 1.0, 1.0, 1.0, 1.0, 1.0, 1.0, 1.0, 1.0, 1.0, 1.0, 1.0, 1.0]"
california,ridge,5000,8,8,b2_stratified,2.182408399980935e-15,1.0637009300038987e-15,2.7280104999761687e-16,1.3296261625048734e-16,1.827545683108713e-15,2.5744252579368025e-15,1.0,1.0,0.0,1.0,1.0,0.9999999999999998,0.0,1.0,0.0,1.0,0.0,2.476860017983511e-16,0.0,5000.0,0.4627087433327688,0.00921886525568561,5000.0,"[2.356873366784349e-15, 1.4867267104734597e-15, 3.813530389887631e-15, 1.437214356151889e-15, 7.434836452641479e-16, 1.761495310307191e-15, 1.2138169261617746e-15, 1.1634714157974136e-15, 3.083401317180592e-15, 1.7085126999988845e-15, 1.3066184380867774e-15, 6.201998413278824e-16, 3.751701519770187e-15, 2.8464736089462384e-15, 2.0041348502176917e-15, 8.367034536522025e-16, 2.0419699996242245e-15, 2.0531267321924173e-15, 3.4685490102579545e-15, 1.7629258303172645e-15, 1.224314500850685e-15, 2.5534431032932763e-15, 3.5195684825370926e-15, 4.869025110282829e-15, 4.190307798699378e-15, 1.7790722447564774e-15, 1.5646272822666161e-15, 2.2738972439001577e-15, 2.483853161076723e-15, 1.5532136493646508e-15]","[1.0, 1.0, 1.0, 1.0, 1.0, 1.0, 1.0, 1.0, 1.0, 1.0, 1.0, 1.0, 1.0, 1.0, 1.0, 1.0, 1.0, 1.0, 1.0, 1.0, 1.0, 1.0, 1.0, 1.0, 1.0, 1.0, 1.0, 1.0, 1.0, 1.0]","[0.9999999999999998, 0.9999999999999998, 0.9999999999999998, 0.9999999999999998, 0.9999999999999998, 0.9999999999999998, 0.9999999999999998, 0.9999999999999998, 0.9999999999999998, 0.9999999999999998, 0.9999999999999998, 0.9999999999999998, 0.9999999999999998, 0.9999999999999998, 0.9999999999999998, 0.9999999999999998, 0.9999999999999998, 0.9999999999999998, 0.9999999999999998, 0.9999999999999998, 0.9999999999999998, 0.9999999999999998, 0.9999999999999998, 0.9999999999999998, 0.9999999999999998, 0.9999999999999998, 0.9999999999999998, 0.9999999999999998, 0.9999999999999998, 0.9999999999999998]","[1.0, 1.0, 1.0, 1.0, 1.0, 1.0, 1.0, 1.0, 1.0, 1.0, 1.0, 1.0, 1.0, 1.0, 1.0, 1.0, 1.0, 1.0, 1.0, 1.0, 1.0, 1.0, 1.0, 1.0, 1.0, 1.0, 1.0, 1.0, 1.0, 1.0]","[1.0, 1.0, 1.0, 1.0, 1.0, 1.0, 1.0, 1.0, 1.0, 1.0, 1.0, 1.0, 1.0, 1.0, 1.0, 1.0, 1.0, 1.0, 1.0, 1.0, 1.0, 1.0, 1.0, 1.0, 1.0, 1.0, 1.0, 1.0, 1.0, 1.0]"
california,ridge,5000,8,8,b3_is,4.4300543868820015e-15,1.6586827892958906e-15,5.537567983602502e-16,2.0733534866198633e-16,3.835520552072909e-15,4.975713358351601e-15,2.0298924742594933,1.0,0.0,1.0,1.0,0.9999999999999998,0.0,1.0,0.0,1.0,0.0,1.4151257816814062e-16,0.0,5000.0,0.5689726899989183,0.008462117611014027,5000.0,"[7.499762296960277e-15, 3.2221286027649078e-15, 2.574320162864076e-15, 1.768940523390614e-15, 5.166688309052304e-15, 4.864115765202664e-15, 3.5218135876332237e-15, 6.887245888248988e-15, 5.138303270790434e-15, 5.860340944073113e-15, 8.935687202883985e-15, 3.65102270833943e-15, 6.001567787126131e-15, 3.481719735575659e-15, 4.430467690173343e-15, 3.663278006252333e-15, 5.162775059375081e-15, 3.014087872987421e-15, 4.1578280753811156e-15, 3.0096146263677428e-15, 5.5991528058004285e-15, 4.153050241962924e-15, 5.333908106825579e-15, 2.0517154785849565e-15, 2.4377226074728127e-15, 1.8074773783939893e-15, 3.674957652863876e-15, 5.311866715088883e-15, 5.274181364332488e-15, 5.245891139691258e-15]","[1.0, 1.0, 1.0, 1.0, 1.0, 1.0, 1.0, 1.0, 1.0, 1.0, 1.0, 1.0, 1.0, 1.0, 1.0, 1.0, 1.0, 1.0, 1.0, 1.0, 1.0, 1.0, 1.0, 1.0, 1.0, 1.0, 1.0, 1.0, 1.0, 1.0]","[0.9999999999999998, 0.9999999999999998, 0.9999999999999998, 0.9999999999999998, 0.9999999999999998, 0.9999999999999998, 0.9999999999999998, 0.9999999999999998, 0.9999999999999998, 0.9999999999999998, 0.9999999999999998, 0.9999999999999998, 0.9999999999999998, 0.9999999999999998, 0.9999999999999998, 0.9999999999999998, 0.9999999999999998, 0.9999999999999998, 0.9999999999999998, 0.9999999999999998, 0.9999999999999998, 0.9999999999999998, 0.9999999999999998, 0.9999999999999998, 0.9999999999999998, 0.9999999999999998, 0.9999999999999998, 0.9999999999999998, 0.9999999999999998, 0.9999999999999998]","[1.0, 1.0, 1.0, 1.0, 1.0, 1.0, 1.0, 1.0, 1.0, 1.0, 1.0, 1.0, 1.0, 1.0, 1.0, 1.0, 1.0, 1.0, 1.0, 1.0, 1.0, 1.0, 1.0, 1.0, 1.0, 1.0, 1.0, 1.0, 1.0, 1.0]","[1.0, 1.0, 1.0, 1.0, 1.0, 1.0, 1.0, 1.0, 1.0, 1.0, 1.0, 1.0, 1.0, 1.0, 1.0, 1.0, 1.0, 1.0, 1.0, 1.0, 1.0, 1.0, 1.0, 1.0, 1.0, 1.0, 1.0, 1.0, 1.0, 1.0]"
california,ridge,5000,8,8,b4_antithetic,1.2450585821769644e-14,5.290621339797483e-15,1.5563232277212055e-15,6.613276674746854e-16,1.07612592113804e-14,1.4467489106752774e-14,5.704975210816825,1.0,0.0,1.0,1.0,0.9999999999999998,0.0,1.0,0.0,1.0,0.0,9.139805567045849e-16,0.0,5000.0,0.4348233633354539,0.008096188103096603,5000.0,"[9.898555142082347e-15, 6.578089999387116e-15, 1.5552731679119235e-14, 2.836185635433105e-15, 1.2219085525812939e-14, 1.5314299101331596e-14, 3.806168352113427e-15, 8.390739468774522e-15, 1.2072599725505356e-14, 1.08085305058323e-14, 7.294472292687489e-15, 8.990022086247444e-15, 1.4715954867309947e-14, 1.2200520418038932e-14, 4.292371050966612e-15, 1.124543774751946e-14, 1.7919300631955882e-14, 1.90566259905083e-14, 1.839779590417069e-14, 1.0784701071819888e-14, 1.0374429851691982e-14, 1.8751962444290743e-14, 1.8878137558325105e-14, 2.782091948638431e-14, 1.3788214607722489e-14, 1.2009371851601524e-14, 1.7704719494115832e-14, 8.137634774128023e-15, 1.227831369093889e-14, 1.1399683697273836e-14]","[1.0, 1.0, 1.0, 1.0, 1.0, 1.0, 1.0, 1.0, 1.0, 1.0, 1.0, 1.0, 1.0, 1.0, 1.0, 1.0, 1.0, 1.0, 1.0, 1.0, 1.0, 1.0, 1.0, 1.0, 1.0, 1.0, 1.0, 1.0, 1.0, 1.0]","[0.9999999999999998, 0.9999999999999998, 0.9999999999999998, 0.9999999999999998, 0.9999999999999998, 0.9999999999999998, 0.9999999999999998, 0.9999999999999998, 0.9999999999999998, 0.9999999999999998, 0.9999999999999998, 0.9999999999999998, 0.9999999999999998, 0.9999999999999998, 0.9999999999999998, 0.9999999999999998, 0.9999999999999998, 0.9999999999999998, 0.9999999999999998, 0.9999999999999998, 0.9999999999999998, 0.9999999999999998, 0.9999999999999998, 0.9999999999999998, 0.9999999999999998, 0.9999999999999998, 0.9999999999999998, 0.9999999999999998, 0.9999999999999998, 0.9999999999999998]","[1.0, 1.0, 1.0, 1.0, 1.0, 1.0, 1.0, 1.0, 1.0, 1.0, 1.0, 1.0, 1.0, 1.0, 1.0, 1.0, 1.0, 1.0, 1.0, 1.0, 1.0, 1.0, 1.0, 1.0, 1.0, 1.0, 1.0, 1.0, 1.0, 1.0]","[1.0, 1.0, 1.0, 1.0, 1.0, 1.0, 1.0, 1.0, 1.0, 1.0, 1.0, 1.0, 1.0, 1.0, 1.0, 1.0, 1.0, 1.0, 1.0, 1.0, 1.0, 1.0, 1.0, 1.0, 1.0, 1.0, 1.0, 1.0, 1.0, 1.0]"
california,ridge,5000,9,8,abc_shap,4.04744865442573e-16,2.8483095799223654e-16,5.0593108180321627e-17,3.560386974902957e-17,3.16048799055987e-16,5.153987486836492e-16,2.6472162337132192,1.0,0.0,1.0,1.0,0.9999999999999998,0.0,1.0,0.0,1.0,0.0,3.615163067721503e-17,2496.0,2504.0,0.5927730833316066,0.01692350573549022,2496.0,"[1.4162792381635094e-16, 3.4150774698036235e-16, 3.3424430075986026e-16, 4.2056015534090466e-16, 1.3228451607029155e-16, 1.0382356218788418e-16, 3.5785555784756316e-16, 7.889341359171342e-16, 2.9792166655460445e-16, 3.409727186517293e-16, 1.726674136942229e-16, 6.499162315944543e-16, 1.6071185150112173e-16, 1.4603167047512872e-15, 3.8185741283366645e-16, 5.076635388595803e-16, 8.332297680571836e-16, 3.989981564684257e-16, 2.906452787265871e-16, 5.379213767286657e-16, 4.0871188503836067e-16, 1.06768214351723e-16, 2.6887110303700697e-16, 2.850800609671055e-16, 6.38127663302029e-16, 4.845465802968507e-16, 7.756364651728181e-16, 1.551793943437721e-16, 3.0813276822865547e-16, 5.763181119698979e-17]","[1.0, 1.0, 1.0, 1.0, 1.0, 1.0, 1.0, 1.0, 1.0, 1.0, 1.0, 1.0, 1.0, 1.0, 1.0, 1.0, 1.0, 1.0, 1.0, 1.0, 1.0, 1.0, 1.0, 1.0, 1.0, 1.0, 1.0, 1.0, 1.0, 1.0]","[0.9999999999999998, 0.9999999999999998, 0.9999999999999998, 0.9999999999999998, 0.9999999999999998, 0.9999999999999998, 0.9999999999999998, 0.9999999999999998, 0.9999999999999998, 0.9999999999999998, 0.9999999999999998, 0.9999999999999998, 0.9999999999999998, 0.9999999999999998, 0.9999999999999998, 0.9999999999999998, 0.9999999999999998, 0.9999999999999998, 0.9999999999999998, 0.9999999999999998, 0.9999999999999998, 0.9999999999999998, 0.9999999999999998, 0.9999999999999998, 0.9999999999999998, 0.9999999999999998, 0.9999999999999998, 0.9999999999999998, 0.9999999999999998, 0.9999999999999998]","[1.0, 1.0, 1.0, 1.0, 1.0, 1.0, 1.0, 1.0, 1.0, 1.0, 1.0, 1.0, 1.0, 1.0, 1.0, 1.0, 1.0, 1.0, 1.0, 1.0, 1.0, 1.0, 1.0, 1.0, 1.0, 1.0, 1.0, 1.0, 1.0, 1.0]","[1.0, 1.0, 1.0, 1.0, 1.0, 1.0, 1.0, 1.0, 1.0, 1.0, 1.0, 1.0, 1.0, 1.0, 1.0, 1.0, 1.0, 1.0, 1.0, 1.0, 1.0, 1.0, 1.0, 1.0, 1.0, 1.0, 1.0, 1.0, 1.0, 1.0]"
california,ridge,5000,9,8,b1_uniform,8.628519089020406e-16,4.264708594219959e-16,1.0785648861275507e-16,5.3308857427749487e-17,7.00095238443057e-16,1.0110127982370394e-15,5.643445477778415,1.0,0.0,1.0,1.0,0.9999999999999998,0.0,1.0,0.0,1.0,0.0,7.433047947953532e-17,0.0,5000.0,0.4561133866664022,0.00887594941657732,5000.0,"[7.90417915438606e-16, 4.766684128682843e-16, 7.204637670983559e-16, 1.2657692225409346e-15, 1.15849290544556e-15, 3.268479578621984e-16, 6.764146527800171e-16, 2.4174439292823976e-16, 1.5596417813092165e-15, 1.790087432529691e-15, 1.2459223055997188e-15, 7.817621477333244e-16, 7.745310642207757e-16, 1.3044846833200554e-15, 4.6089420149814e-16, 6.812150354608786e-16, 3.066069716623886e-16, 1.2015348625999478e-15, 1.1578226589705094e-15, 5.12239148230212e-16, 1.1715418595958312e-15, 6.877771970624588e-16, 5.515545409919765e-16, 3.2008267931571077e-16, 1.117357085893619e-15, 3.419604073955053e-16, 1.4661191465626648e-15, 1.2654080195938673e-15, 1.2097258184021305e-15, 3.204689921503955e-16]","[1.0, 1.0, 1.0, 1.0, 1.0, 1.0, 1.0, 1.0, 1.0, 1.0, 1.0, 1.0, 1.0, 1.0, 1.0, 1.0, 1.0, 1.0, 1.0, 1.0, 1.0, 1.0, 1.0, 1.0, 1.0, 1.0, 1.0, 1.0, 1.0, 1.0]","[0.9999999999999998, 0.9999999999999998, 0.9999999999999998, 0.9999999999999998, 0.9999999999999998, 0.9999999999999998, 0.9999999999999998, 0.9999999999999998, 0.9999999999999998, 0.9999999999999998, 0.9999999999999998, 0.9999999999999998, 0.9999999999999998, 0.9999999999999998, 0.9999999999999998, 0.9999999999999998, 0.9999999999999998, 0.9999999999999998, 0.9999999999999998, 0.9999999999999998, 0.9999999999999998, 0.9999999999999998, 0.9999999999999998, 0.9999999999999998, 0.9999999999999998, 0.9999999999999998, 0.9999999999999998, 0.9999999999999998, 0.9999999999999998, 0.9999999999999998]","[1.0, 1.0, 1.0, 1.0, 1.0, 1.0, 1.0, 1.0, 1.0, 1.0, 1.0, 1.0, 1.0, 1.0, 1.0, 1.0, 1.0, 1.0, 1.0, 1.0, 1.0, 1.0, 1.0, 1.0, 1.0, 1.0, 1.0, 1.0, 1.0, 1.0]","[1.0, 1.0, 1.0, 1.0, 1.0, 1.0, 1.0, 1.0, 1.0, 1.0, 1.0, 1.0, 1.0, 1.0, 1.0, 1.0, 1.0, 1.0, 1.0, 1.0, 1.0, 1.0, 1.0, 1.0, 1.0, 1.0, 1.0, 1.0, 1.0, 1.0]"
california,ridge,5000,9,8,b2_stratified,1.5289452379749202e-16,7.807289186907532e-17,1.9111815474686502e-17,9.759111483634415e-18,1.2702667570849937e-16,1.822375684792483e-16,1.0,1.0,0.0,1.0,1.0,0.9999999999999998,0.0,1.0,0.0,1.0,0.0,1.5078837680764398e-17,0.0,5000.0,0.4667559766647173,0.013090784064101725,5000.0,"[1.6968490917734188e-16, 4.169648233632726e-16, 1.58971858132011e-16, 1.118978342038495e-16, 7.481384846515391e-17, 1.554745337669272e-16, 2.532431472286871e-16, 4.7083411371469284e-17, 1.2808012077723244e-16, 1.3932650292414357e-16, 1.506275726196441e-16, 4.667389414005533e-17, 1.1023728016198857e-16, 1.4737603712558543e-16, 1.9906804528785587e-16, 2.2468716685644523e-16, 9.634893613886448e-17, 1.727641307773493e-16, 4.055948300319786e-17, 1.4571116871321676e-16, 1.3827409710807031e-16, 3.1785698769067177e-16, 1.9126909860528797e-16, 9.016900538078538e-17, 1.3004962896861057e-16, 1.621141544522227e-16, 7.835393350891564e-17, 1.1205288358143543e-16, 2.276980622744395e-16, 1.494031581200289e-16]","[1.0, 1.0, 1.0, 1.0, 1.0, 1.0, 1.0, 1.0, 1.0, 1.0, 1.0, 1.0, 1.0, 1.0, 1.0, 1.0, 1.0, 1.0, 1.0, 1.0, 1.0, 1.0, 1.0, 1.0, 1.0, 1.0, 1.0, 1.0, 1.0, 1.0]","[0.9999999999999998, 0.9999999999999998, 0.9999999999999998, 0.9999999999999998, 0.9999999999999998, 0.9999999999999998, 0.9999999999999998, 0.9999999999999998, 0.9999999999999998, 0.9999999999999998, 0.9999999999999998, 0.9999999999999998, 0.9999999999999998, 0.9999999999999998, 0.9999999999999998, 0.9999999999999998, 0.9999999999999998, 0.9999999999999998, 0.9999999999999998, 0.9999999999999998, 0.9999999999999998, 0.9999999999999998, 0.9999999999999998, 0.9999999999999998, 0.9999999999999998, 0.9999999999999998, 0.9999999999999998, 0.9999999999999998, 0.9999999999999998, 0.9999999999999998]","[1.0, 1.0, 1.0, 1.0, 1.0, 1.0, 1.0, 1.0, 1.0, 1.0, 1.0, 1.0, 1.0, 1.0, 1.0, 1.0, 1.0, 1.0, 1.0, 1.0, 1.0, 1.0, 1.0, 1.0, 1.0, 1.0, 1.0, 1.0, 1.0, 1.0]","[1.0, 1.0, 1.0, 1.0, 1.0, 1.0, 1.0, 1.0, 1.0, 1.0, 1.0, 1.0, 1.0, 1.0, 1.0, 1.0, 1.0, 1.0, 1.0, 1.0, 1.0, 1.0, 1.0, 1.0, 1.0, 1.0, 1.0, 1.0, 1.0, 1.0]"
california,ridge,5000,9,8,b3_is,2.221311895132477e-16,1.0260590717921948e-16,2.776639868915596e-17,1.2825738397402435e-17,1.869115240412335e-16,2.586917877222462e-16,1.452839408476521,1.0,0.0,1.0,1.0,0.9999999999999998,0.0,1.0,0.0,1.0,0.0,9.88756369399474e-18,0.0,5000.0,0.573786460000944,0.01581282022174905,5000.0,"[1.879189757061347e-16, 1.3158174256569305e-16, 3.2393606967798694e-16, 2.399096090901739e-16, 3.267831100998984e-16, 1.7762820148732485e-16, 1.3531656872859399e-16, 1.9788344578181514e-16, 1.3802257745685264e-16, 1.2937463556738315e-16, 2.886900514758935e-16, 1.6849164608786438e-16, 4.4239722912635603e-16, 2.5204239558060317e-16, 9.095525525844303e-17, 1.237516733987543e-16, 1.9881075272704958e-16, 1.2080273645119322e-16, 1.5372526919069162e-16, 2.722562709808652e-16, 5.672835359828664e-16, 1.7707907583062947e-16, 2.7533308375413577e-16, 2.3659508934189914e-16, 1.0251522071909812e-16, 2.447382443887853e-16, 1.7098221498628754e-16, 3.375985060112802e-16, 2.607808810215977e-16, 1.9075161692127944e-16]","[1.0, 1.0, 1.0, 1.0, 1.0, 1.0, 1.0, 1.0, 1.0, 1.0, 1.0, 1.0, 1.0, 1.0, 1.0, 1.0, 1.0, 1.0, 1.0, 1.0, 1.0, 1.0, 1.0, 1.0, 1.0, 1.0, 1.0, 1.0, 1.0, 1.0]","[0.9999999999999998, 0.9999999999999998, 0.9999999999999998, 0.9999999999999998, 0.9999999999999998, 0.9999999999999998, 0.9999999999999998, 0.9999999999999998, 0.9999999999999998, 0.9999999999999998, 0.9999999999999998, 0.9999999999999998, 0.9999999999999998, 0.9999999999999998, 0.9999999999999998, 0.9999999999999998, 0.9999999999999998, 0.9999999999999998, 0.9999999999999998, 0.9999999999999998, 0.9999999999999998, 0.9999999999999998, 0.9999999999999998, 0.9999999999999998, 0.9999999999999998, 0.9999999999999998, 0.9999999999999998, 0.9999999999999998, 0.9999999999999998, 0.9999999999999998]","[1.0, 1.0, 1.0, 1.0, 1.0, 1.0, 1.0, 1.0, 1.0, 1.0, 1.0, 1.0, 1.0, 1.0, 1.0, 1.0, 1.0, 1.0, 1.0, 1.0, 1.0, 1.0, 1.0, 1.0, 1.0, 1.0, 1.0, 1.0, 1.0, 1.0]","[1.0, 1.0, 1.0, 1.0, 1.0, 1.0, 1.0, 1.0, 1.0, 1.0, 1.0, 1.0, 1.0, 1.0, 1.0, 1.0, 1.0, 1.0, 1.0, 1.0, 1.0, 1.0, 1.0, 1.0, 1.0, 1.0, 1.0, 1.0, 1.0, 1.0]"
california,ridge,5000,9,8,b4_antithetic,1.1469606867992478e-15,5.500598485288082e-16,1.4337008584990598e-16,6.875748106610102e-17,9.574429804850675e-16,1.341002143966204e-15,7.5016466143574325,1.0,0.0,1.0,1.0,0.9999999999999998,0.0,1.0,0.0,1.0,0.0,8.106154505015227e-17,0.0,5000.0,0.43715811666237037,0.011123545963083162,5000.0,"[1.5228561112136923e-15, 1.2568559146404567e-15, 2.61631001658404e-15, 1.068217885746304e-15, 1.444028461806725e-15, 9.449263694191353e-16, 9.709159066016601e-16, 8.104955733493154e-16, 1.7180257647164871e-15, 1.4773338295571307e-15, 6.685034299722826e-16, 1.611978500469117e-15, 7.542910903985326e-16, 4.1992385440382776e-16, 1.244740119264583e-15, 2.962232399765292e-16, 1.298123868797135e-15, 1.27178091809304e-15, 1.0147361513171546e-15, 1.5093202918983235e-15, 2.9162715360283996e-16, 1.0130921435923391e-15, 7.881839442720508e-16, 9.092156245184032e-16, 7.134248589095152e-16, 1.7867774218492654e-15, 7.919816397870184e-16, 5.627523096903801e-16, 1.072260603810397e-15, 2.559917605719755e-15]","[1.0, 1.0, 1.0, 1.0, 1.0, 1.0, 1.0, 1.0, 1.0, 1.0, 1.0, 1.0, 1.0, 1.0, 1.0, 1.0, 1.0, 1.0, 1.0, 1.0, 1.0, 1.0, 1.0, 1.0, 1.0, 1.0, 1.0, 1.0, 1.0, 1.0]","[0.9999999999999998, 0.9999999999999998, 0.9999999999999998, 0.9999999999999998, 0.9999999999999998, 0.9999999999999998, 0.9999999999999998, 0.9999999999999998, 0.9999999999999998, 0.9999999999999998, 0.9999999999999998, 0.9999999999999998, 0.9999999999999998, 0.9999999999999998, 0.9999999999999998, 0.9999999999999998, 0.9999999999999998, 0.9999999999999998, 0.9999999999999998, 0.9999999999999998, 0.9999999999999998, 0.9999999999999998, 0.9999999999999998, 0.9999999999999998, 0.9999999999999998, 0.9999999999999998, 0.9999999999999998, 0.9999999999999998, 0.9999999999999998, 0.9999999999999998]","[1.0, 1.0, 1.0, 1.0, 1.0, 1.0, 1.0, 1.0, 1.0, 1.0, 1.0, 1.0, 1.0, 1.0, 1.0, 1.0, 1.0, 1.0, 1.0, 1.0, 1.0, 1.0, 1.0, 1.0, 1.0, 1.0, 1.0, 1.0, 1.0, 1.0]","[1.0, 1.0, 1.0, 1.0, 1.0, 1.0, 1.0, 1.0, 1.0, 1.0, 1.0, 1.0, 1.0, 1.0, 1.0, 1.0, 1.0, 1.0, 1.0, 1.0, 1.0, 1.0, 1.0, 1.0, 1.0, 1.0, 1.0, 1.0, 1.0, 1.0]"
california,rf,5000,0,8,abc_shap,0.005258379503441832,0.00512594461596498,0.000657297437930229,0.0006407430769956225,0.003601581345553906,0.007216206192891126,27.55963648822914,0.9587301587301587,0.04300386407664782,0.942063492063492,0.973015873015873,0.8976190476190473,0.09877365958424539,1.0,0.0,0.9133333333333333,0.09910712498212336,0.00046129400621880423,2496.0,2504.0,53.39218315999994,4.468070342442845,2496.0,"[0.020920966683124324, 0.011221463421531583, 9.957264004094654e-05, 0.0032435374694216187, 0.0038198125700571223, 0.0007724333909762366, 0.0031483793374343636, 0.010412623098847456, 0.003363794886703431, 0.003000732830646056, 0.010389770460472828, 0.006202945545654827, 0.00713452536681836, 0.0005251070205592312, 0.0021068945061267644, 0.016147073256481296, 0.0009521899425131346, 0.0029685478960601802, 0.0029386422351357785, 0.0019120155321570625, 0.0027523119770430193, 0.0027806486562039576, 0.011601210280026829, 0.006895034842783367, 0.0021865396187642034, 0.0007362913298780969, 0.012874716906722403, 0.006025233179166562, 0.0003536776554611495, 0.0002646925664427708]","[0.9047619047619048, 0.9047619047619048, 0.9761904761904763, 1.0, 1.0, 0.9761904761904763, 0.9523809523809524, 0.880952380952381, 1.0, 0.9523809523809524, 0.880952380952381, 1.0, 0.9047619047619048, 1.0, 1.0, 0.9047619047619048, 0.9761904761904763, 0.9761904761904763, 1.0, 1.0, 0.9761904761904763, 0.9761904761904763, 0.880952380952381, 0.9047619047619048, 0.9761904761904763, 0.9761904761904763, 0.9047619047619048, 0.9761904761904763, 1.0, 1.0]","[0.7857142857142856, 0.7857142857142856, 0.9285714285714285, 0.9999999999999998, 0.9999999999999998, 0.9285714285714285, 0.8571428571428571, 0.7142857142857142, 0.9999999999999998, 0.8571428571428571, 0.7142857142857142, 0.9999999999999998, 0.7857142857142856, 0.9999999999999998, 0.9999999999999998, 0.7857142857142856, 0.9285714285714285, 0.9285714285714285, 0.9999999999999998, 0.9999999999999998, 0.9285714285714285, 0.9285714285714285, 0.7142857142857142, 0.7857142857142856, 0.9285714285714285, 0.9285714285714285, 0.7857142857142856, 0.9285714285714285, 0.9999999999999998, 0.9999999999999998]","[1.0, 1.0, 1.0, 1.0, 1.0, 1.0, 1.0, 1.0, 1.0, 1.0, 1.0, 1.0, 1.0, 1.0, 1.0, 1.0, 1.0, 1.0, 1.0, 1.0, 1.0, 1.0, 1.0, 1.0, 1.0, 1.0, 1.0, 1.0, 1.0, 1.0]","[0.8, 0.8, 1.0, 1.0, 1.0, 0.8, 0.8, 0.8, 1.0, 1.0, 0.8, 1.0, 0.8, 1.0, 1.0, 0.8, 1.0, 1.0, 1.0, 1.0, 0.8, 1.0, 0.8, 0.8, 1.0, 1.0, 0.8, 0.8, 1.0, 1.0]"
california,rf,5000,0,8,b1_uniform,0.0015692060866941218,0.000302800904904037,0.00019615076083676522,3.7850113113004625e-05,0.001453344143808913,0.001678674543409387,8.224349211786587,0.9785714285714284,0.01549144547297072,0.973015873015873,0.9841468253968255,0.9357142857142856,0.04647433641891217,1.0,0.0,0.9600000000000001,0.07999999999999999,2.1924465268902848e-05,0.0,5000.0,51.13504332666635,3.877545703311734,5000.0,"[0.0015879349801805978, 0.0018377423333196165, 0.0012487957205806228, 0.0020916966143115414, 0.0018712180837760508, 0.001797725937121134, 0.0016369256530336608, 0.0015561479360072295, 0.0014951585132890817, 0.0011369135702125107, 0.0017910092174874867, 0.001329312799394124, 0.0016908777015688223, 0.0020528652649771254, 0.0014498376500027869, 0.0017263254812478826, 0.0016933414336233524, 0.001272584029096564, 0.0018411513763548905, 0.002016026596879544, 0.001617633076052558, 0.0010677244317482467, 0.0010331223839248364, 0.0011945310822548967, 0.001570570777853785, 0.00130127866105748, 0.0013678064043950318, 0.0019143617117115853, 0.0017931596103403177, 0.0010924035690202942]","[0.9761904761904763, 0.9761904761904763, 0.9761904761904763, 0.9761904761904763, 0.9761904761904763, 0.9761904761904763, 1.0, 0.9761904761904763, 0.9761904761904763, 0.9761904761904763, 0.9523809523809524, 1.0, 0.9523809523809524, 0.9523809523809524, 1.0, 0.9761904761904763, 0.9761904761904763, 0.9761904761904763, 0.9761904761904763, 1.0, 1.0, 0.9761904761904763, 0.9761904761904763, 1.0, 0.9761904761904763, 1.0, 0.9761904761904763, 0.9523809523809524, 0.9523809523809524, 1.0]","[0.9285714285714285, 0.9285714285714285, 0.9285714285714285, 0.9285714285714285, 0.9285714285714285, 0.9285714285714285, 0.9999999999999998, 0.9285714285714285, 0.9285714285714285, 0.9285714285714285, 0.8571428571428571, 0.9999999999999998, 0.8571428571428571, 0.8571428571428571, 0.9999999999999998, 0.9285714285714285, 0.9285714285714285, 0.9285714285714285, 0.9285714285714285, 0.9999999999999998, 0.9999999999999998, 0.9285714285714285, 0.9285714285714285, 0.9999999999999998, 0.9285714285714285, 0.9999999999999998, 0.9285714285714285, 0.8571428571428571, 0.8571428571428571, 0.9999999999999998]","[1.0, 1.0, 1.0, 1.0, 1.0, 1.0, 1.0, 1.0, 1.0, 1.0, 1.0, 1.0, 1.0, 1.0, 1.0, 1.0, 1.0, 1.0, 1.0, 1.0, 1.0, 1.0, 1.0, 1.0, 1.0, 1.0, 1.0, 1.0, 1.0, 1.0]","[1.0, 1.0, 0.8, 1.0, 1.0, 1.0, 1.0, 1.0, 1.0, 0.8, 0.8, 1.0, 0.8, 1.0, 1.0, 1.0, 1.0, 1.0, 1.0, 1.0, 1.0, 1.0, 1.0, 1.0, 1.0, 1.0, 1.0, 0.8, 0.8, 1.0]"
california,rf,5000,0,8,b2_stratified,0.00019080003125903757,0.00012752520485808725,2.3850003907379696e-05,1.5940650607260906e-05,0.00014754645471980074,0.0002367763420657388,1.0,0.9888888888888888,0.01187827741832993,0.9849206349206348,0.9928571428571428,0.9666666666666663,0.03563483225498985,1.0,0.0,1.0,0.0,2.2117250370584303e-05,0.0,5000.0,52.23358846999957,3.7400055951794826,5000.0,"[0.00030618501232179137, 0.00029593444321834677, 2.480466810494341e-05, 5.515753807589794e-05, 0.00048460624431766284, 0.0004080851762637747, 0.0003006914891643987, 8.503759873924692e-05, 5.205512144535308e-05, 0.0001387847091425849, 0.0001151188930261626, 0.000137997088809776, 0.00013398000457001368, 0.00010347865248314526, 0.0002847458905894314, 2.8904257582062565e-05, 0.00015720380906734084, 5.5035405982879046e-05, 0.0003071572746862485, 7.827115923187811e-05, 0.0002765188029186207, 0.00043697201787448373, 0.00015286086553037783, 8.998110240194657e-05, 7.905458486111072e-05, 0.000270782306201958, 0.00022686093758571356, 0.00013108212357096276, 0.00013602930701166056, 0.0003706244529913556]","[0.9761904761904763, 0.9761904761904763, 1.0, 0.9761904761904763, 1.0, 0.9761904761904763, 0.9761904761904763, 1.0, 1.0, 1.0, 0.9761904761904763, 1.0, 1.0, 1.0, 1.0, 0.9761904761904763, 0.9761904761904763, 1.0, 1.0, 0.9761904761904763, 0.9761904761904763, 0.9761904761904763, 1.0, 1.0, 1.0, 0.9761904761904763, 1.0, 0.9761904761904763, 1.0, 0.9761904761904763]","[0.9285714285714285, 0.9285714285714285, 0.9999999999999998, 0.9285714285714285, 0.9999999999999998, 0.9285714285714285, 0.9285714285714285, 0.9999999999999998, 0.9999999999999998, 0.9999999999999998, 0.9285714285714285, 0.9999999999999998, 0.9999999999999998, 0.9999999999999998, 0.9999999999999998, 0.9285714285714285, 0.9285714285714285, 0.9999999999999998, 0.9999999999999998, 0.9285714285714285, 0.9285714285714285, 0.9285714285714285, 0.9999999999999998, 0.9999999999999998, 0.9999999999999998, 0.9285714285714285, 0.9999999999999998, 0.9285714285714285, 0.9999999999999998, 0.9285714285714285]","[1.0, 1.0, 1.0, 1.0, 1.0, 1.0, 1.0, 1.0, 1.0, 1.0, 1.0, 1.0, 1.0, 1.0, 1.0, 1.0, 1.0, 1.0, 1.0, 1.0, 1.0, 1.0, 1.0, 1.0, 1.0, 1.0, 1.0, 1.0, 1.0, 1.0]","[1.0, 1.0, 1.0, 1.0, 1.0, 1.0, 1.0, 1.0, 1.0, 1.0, 1.0, 1.0, 1.0, 1.0, 1.0, 1.0, 1.0, 1.0, 1.0, 1.0, 1.0, 1.0, 1.0, 1.0, 1.0, 1.0, 1.0, 1.0, 1.0, 1.0]"
california,rf,5000,0,8,b3_is,0.00031401013383564627,0.00018162464154082014,3.9251266729455784e-05,2.2703080192602517e-05,0.0002587874232601935,0.00038664864882361036,1.6457551487993933,0.9952380952380953,0.009523809523809492,0.992063492063492,0.9984126984126984,0.9857142857142855,0.02857142857142852,1.0,0.0,1.0,0.0,1.888144152120592e-05,0.0,5000.0,53.07744561666526,2.7249586725357924,5000.0,"[0.0003219379145456457, 0.00016336750662317544, 0.00027350850655191033, 0.00029310143869546964, 0.0002904054285339819, 9.30610415414064e-05, 0.0004857310177068227, 0.00015699982830055733, 0.00012799132792300585, 7.984370867971261e-05, 0.00031762400072857185, 0.00014597207342624576, 0.0005087569120777454, 0.00025530288171399706, 0.0006326280041742908, 0.0006714661616160725, 0.0007713643053561996, 0.0004110095469916485, 0.0002110641327539819, 0.00019076204404745812, 0.00030361734971324686, 0.00012279165945853964, 0.0003454173582380897, 0.00027746070123374977, 0.0006927514974768394, 0.0003247980063266386, 0.00021442655267151279, 0.0003218960999152465, 0.0002894243730147264, 0.0001258226350328994]","[1.0, 0.9761904761904763, 1.0, 1.0, 1.0, 0.9761904761904763, 0.9761904761904763, 1.0, 1.0, 1.0, 0.9761904761904763, 1.0, 1.0, 1.0, 1.0, 0.9761904761904763, 1.0, 1.0, 1.0, 1.0, 0.9761904761904763, 1.0, 1.0, 1.0, 1.0, 1.0, 1.0, 1.0, 1.0, 1.0]","[0.9999999999999998, 0.9285714285714285, 0.9999999999999998, 0.9999999999999998, 0.9999999999999998, 0.9285714285714285, 0.9285714285714285, 0.9999999999999998, 0.9999999999999998, 0.9999999999999998, 0.9285714285714285, 0.9999999999999998, 0.9999999999999998, 0.9999999999999998, 0.9999999999999998, 0.9285714285714285, 0.9999999999999998, 0.9999999999999998, 0.9999999999999998, 0.9999999999999998, 0.9285714285714285, 0.9999999999999998, 0.9999999999999998, 0.9999999999999998, 0.9999999999999998, 0.9999999999999998, 0.9999999999999998, 0.9999999999999998, 0.9999999999999998, 0.9999999999999998]","[1.0, 1.0, 1.0, 1.0, 1.0, 1.0, 1.0, 1.0, 1.0, 1.0, 1.0, 1.0, 1.0, 1.0, 1.0, 1.0, 1.0, 1.0, 1.0, 1.0, 1.0, 1.0, 1.0, 1.0, 1.0, 1.0, 1.0, 1.0, 1.0, 1.0]","[1.0, 1.0, 1.0, 1.0, 1.0, 1.0, 1.0, 1.0, 1.0, 1.0, 1.0, 1.0, 1.0, 1.0, 1.0, 1.0, 1.0, 1.0, 1.0, 1.0, 1.0, 1.0, 1.0, 1.0, 1.0, 1.0, 1.0, 1.0, 1.0, 1.0]"
california,rf,5000,0,8,b4_antithetic,0.001410021201310046,0.00017408644158755686,0.00017625265016375574,2.1760805198444607e-05,0.0013505808401765424,0.0014724768873654892,7.390047014173421,0.9873015873015871,0.013374840909803705,0.9825396825396825,0.992063492063492,0.9619047619047617,0.04012452272941116,1.0,0.0,0.9933333333333334,0.03590109871423002,4.5462298140491725e-06,0.0,5000.0,51.68538321333666,3.561090124353731,5000.0,"[0.0014743595666987144, 0.0014346313543827341, 0.0018424444973204133, 0.0015801004178597916, 0.0014678069271456507, 0.0014293135956887032, 0.0014819787308912025, 0.0011758571287178, 0.0014258392098256548, 0.001481720555174785, 0.0015549652538750958, 0.0016417385396647476, 0.0010438419333859742, 0.0013082042128886025, 0.0013969475834316176, 0.0012841617130674452, 0.0014651590767427245, 0.0014544854471801262, 0.0016421378490803543, 0.0012589548671137277, 0.0011989855001870214, 0.001535306348173579, 0.0013211900609774458, 0.001194071456125425, 0.001153600662568726, 0.0016783089816164675, 0.0013307291726614493, 0.0014725860070073265, 0.0012189864101575746, 0.0013522229796905014]","[0.9761904761904763, 0.9761904761904763, 0.9761904761904763, 1.0, 0.9761904761904763, 1.0, 0.9761904761904763, 1.0, 0.9761904761904763, 1.0, 0.9761904761904763, 1.0, 0.9761904761904763, 1.0, 0.9761904761904763, 0.9523809523809524, 0.9761904761904763, 1.0, 1.0, 1.0, 0.9761904761904763, 1.0, 1.0, 1.0, 0.9761904761904763, 1.0, 0.9761904761904763, 1.0, 0.9761904761904763, 1.0]","[0.9285714285714285, 0.9285714285714285, 0.9285714285714285, 0.9999999999999998, 0.9285714285714285, 0.9999999999999998, 0.9285714285714285, 0.9999999999999998, 0.9285714285714285, 0.9999999999999998, 0.9285714285714285, 0.9999999999999998, 0.9285714285714285, 0.9999999999999998, 0.9285714285714285, 0.8571428571428571, 0.9285714285714285, 0.9999999999999998, 0.9999999999999998, 0.9999999999999998, 0.9285714285714285, 0.9999999999999998, 0.9999999999999998, 0.9999999999999998, 0.9285714285714285, 0.9999999999999998, 0.9285714285714285, 0.9999999999999998, 0.9285714285714285, 0.9999999999999998]","[1.0, 1.0, 1.0, 1.0, 1.0, 1.0, 1.0, 1.0, 1.0, 1.0, 1.0, 1.0, 1.0, 1.0, 1.0, 1.0, 1.0, 1.0, 1.0, 1.0, 1.0, 1.0, 1.0, 1.0, 1.0, 1.0, 1.0, 1.0, 1.0, 1.0]","[1.0, 1.0, 1.0, 1.0, 1.0, 1.0, 1.0, 1.0, 1.0, 1.0, 1.0, 1.0, 1.0, 1.0, 1.0, 0.8, 1.0, 1.0, 1.0, 1.0, 1.0, 1.0, 1.0, 1.0, 1.0, 1.0, 1.0, 1.0, 1.0, 1.0]"
california,rf,5000,1,8,abc_shap,0.001866118046515638,0.0017920032841496755,0.00023326475581445476,0.00022400041051870944,0.001243409564797835,0.002534846154625322,50.827884889649745,0.9825396825396825,0.021236647873428,0.9746031746031746,0.9896825396825396,0.9499999999999997,0.05578749768504747,0.9777777777777777,0.08314794192830981,0.9933333333333334,0.03590109871423002,0.0002326391449096941,2496.0,2504.0,49.935212426664656,1.8048788050823783,2496.0,"[0.0003428553855338717, 0.003618631649818355, 0.003187837522668588, 0.0004741988141887136, 0.0005121066410553167, 0.0027835883459373023, 0.0003197721854085973, 0.00042505270014660186, 0.00029837749517107375, 0.004124585214807042, 0.005954304615702881, 0.002356646726407627, 0.004941827258997692, 0.0016954548240009106, 0.0031521349943349343, 0.00018839193786161575, 0.00247815722300691, 0.004350033953080486, 0.0008045941294281374, 0.0002550208396345921, 0.005128535756769293, 0.0005676696785051545, 0.0005676589728702945, 0.004297858583107069, 4.907177646447578e-05, 0.0010240502555791044, 0.0005284118765982085, 0.0004138639889166005, 0.0008811998907110503, 0.0002616481587566459]","[1.0, 0.9761904761904763, 0.9761904761904763, 1.0, 0.9761904761904763, 0.9523809523809524, 1.0, 0.9761904761904763, 1.0, 0.9523809523809524, 0.9047619047619048, 0.9761904761904763, 0.9761904761904763, 1.0, 0.9523809523809524, 1.0, 0.9761904761904763, 0.9761904761904763, 1.0, 1.0, 0.9761904761904763, 1.0, 1.0, 0.9761904761904763, 1.0, 0.9761904761904763, 1.0, 1.0, 0.9761904761904763, 1.0]","[0.9999999999999998, 0.9285714285714285, 0.9285714285714285, 0.9999999999999998, 0.9285714285714285, 0.8571428571428571, 0.9999999999999998, 0.9285714285714285, 0.9999999999999998, 0.8571428571428571, 0.7857142857142856, 0.9285714285714285, 0.9285714285714285, 0.9999999999999998, 0.8571428571428571, 0.9999999999999998, 0.9285714285714285, 0.9285714285714285, 0.9999999999999998, 0.9999999999999998, 0.9285714285714285, 0.9999999999999998, 0.9999999999999998, 0.9285714285714285, 0.9999999999999998, 0.9285714285714285, 0.9999999999999998, 0.9999999999999998, 0.9285714285714285, 0.9999999999999998]","[1.0, 1.0, 1.0, 1.0, 1.0, 1.0, 1.0, 1.0, 1.0, 1.0, 0.6666666666666666, 1.0, 1.0, 1.0, 1.0, 1.0, 1.0, 1.0, 1.0, 1.0, 1.0, 1.0, 1.0, 1.0, 1.0, 0.6666666666666666, 1.0, 1.0, 1.0, 1.0]","[1.0, 1.0, 1.0, 1.0, 1.0, 1.0, 1.0, 1.0, 1.0, 1.0, 0.8, 1.0, 1.0, 1.0, 1.0, 1.0, 1.0, 1.0, 1.0, 1.0, 1.0, 1.0, 1.0, 1.0, 1.0, 1.0, 1.0, 1.0, 1.0, 1.0]"
california,rf,5000,1,8,b1_uniform,0.0014006622019301007,0.0002999131597027826,0.00017508277524126258,3.7489144962847823e-05,0.0012930998047239548,0.0015121298964093555,38.150157382549004,0.9246031746031746,0.033153331070167366,0.9126785714285715,0.9373015873015871,0.8261904761904758,0.06822166086616382,0.6777777777777779,0.05983516452371672,1.0,0.0,7.085336741325658e-06,0.0,5000.0,48.89762636667195,1.9281080542746916,5000.0,"[0.0010565762466162533, 0.0011280426763259593, 0.0012995815785916299, 0.0012671290766611916, 0.0011970750436240325, 0.0010685425069929778, 0.0018276902889799629, 0.0020688331862249013, 0.0008452337558486508, 0.0015156846441015165, 0.0016382735493078717, 0.0015022535127952284, 0.0010729913652132027, 0.0014884176102440251, 0.0016628513995311464, 0.0016189302982610309, 0.0016138746633903719, 0.0016755671140520844, 0.0009466506460074449, 0.0016617192264855565, 0.0010362732016699868, 0.0015633011773061496, 0.0017113577402598267, 0.00119188461880234, 0.0018257397211968612, 0.0011464949356130628, 0.0013988203104695982, 0.0011457230309398956, 0.0012333959147328415, 0.0016109570176574188]","[0.9047619047619048, 0.9761904761904763, 0.9047619047619048, 0.9047619047619048, 0.9761904761904763, 0.9761904761904763, 0.9047619047619048, 0.9047619047619048, 1.0, 0.9047619047619048, 0.9047619047619048, 0.9047619047619048, 0.9761904761904763, 0.9047619047619048, 0.9047619047619048, 0.9047619047619048, 0.9047619047619048, 0.9047619047619048, 0.9761904761904763, 0.9047619047619048, 0.9761904761904763, 0.9047619047619048, 0.9047619047619048, 0.9047619047619048, 0.9047619047619048, 0.9047619047619048, 0.9047619047619048, 0.9761904761904763, 0.9047619047619048, 0.9047619047619048]","[0.7857142857142856, 0.9285714285714285, 0.7857142857142856, 0.7857142857142856, 0.9285714285714285, 0.9285714285714285, 0.7857142857142856, 0.7857142857142856, 0.9999999999999998, 0.7857142857142856, 0.7857142857142856, 0.7857142857142856, 0.9285714285714285, 0.7857142857142856, 0.7857142857142856, 0.7857142857142856, 0.7857142857142856, 0.7857142857142856, 0.9285714285714285, 0.7857142857142856, 0.9285714285714285, 0.7857142857142856, 0.7857142857142856, 0.7857142857142856, 0.7857142857142856, 0.7857142857142856, 0.7857142857142856, 0.9285714285714285, 0.7857142857142856, 0.7857142857142856]","[0.6666666666666666, 0.6666666666666666, 0.6666666666666666, 0.6666666666666666, 0.6666666666666666, 0.6666666666666666, 0.6666666666666666, 0.6666666666666666, 1.0, 0.6666666666666666, 0.6666666666666666, 0.6666666666666666, 0.6666666666666666, 0.6666666666666666, 0.6666666666666666, 0.6666666666666666, 0.6666666666666666, 0.6666666666666666, 0.6666666666666666, 0.6666666666666666, 0.6666666666666666, 0.6666666666666666, 0.6666666666666666, 0.6666666666666666, 0.6666666666666666, 0.6666666666666666, 0.6666666666666666, 0.6666666666666666, 0.6666666666666666, 0.6666666666666666]","[1.0, 1.0, 1.0, 1.0, 1.0, 1.0, 1.0, 1.0, 1.0, 1.0, 1.0, 1.0, 1.0, 1.0, 1.0, 1.0, 1.0, 1.0, 1.0, 1.0, 1.0, 1.0, 1.0, 1.0, 1.0, 1.0, 1.0, 1.0, 1.0, 1.0]"
california,rf,5000,1,8,b2_stratified,3.671445409477667e-05,2.7598092035846547e-05,4.5893067618470835e-06,3.4497615044808184e-06,2.779067490057023e-05,4.70530762571436e-05,1.0,1.0,0.0,1.0,1.0,0.9999999999999998,0.0,1.0,0.0,1.0,0.0,4.231244228842779e-06,0.0,5000.0,49.51576430666804,0.5426405789929925,5000.0,"[4.2147893462078215e-05, 1.5217302757707702e-05, 1.979675241557471e-05, 6.71379628407578e-05, 6.411036980238123e-05, 2.4674713155385502e-05, 1.4804425992188164e-05, 1.027688665181431e-05, 3.554338036638237e-05, 0.00011420801391904585, 1.7174949612834874e-05, 9.964831224813077e-05, 2.0075064719578567e-05, 2.76837228579274e-05, 3.9770464027013205e-05, 2.9767155858568088e-05, 1.7149861696879203e-05, 4.4057294719219124e-05, 1.7703630344286858e-05, 6.969593858122448e-05, 2.888283344056664e-05, 4.961034252705519e-05, 2.1709920252898805e-05, 2.9162309571460093e-05, 6.807802883216281e-06, 1.3161271199936582e-05, 1.0643863739570889e-05, 9.54105711263079e-05, 1.836425708549114e-05, 3.703635498781806e-05]","[1.0, 1.0, 1.0, 1.0, 1.0, 1.0, 1.0, 1.0, 1.0, 1.0, 1.0, 1.0, 1.0, 1.0, 1.0, 1.0, 1.0, 1.0, 1.0, 1.0, 1.0, 1.0, 1.0, 1.0, 1.0, 1.0, 1.0, 1.0, 1.0, 1.0]","[0.9999999999999998, 0.9999999999999998, 0.9999999999999998, 0.9999999999999998, 0.9999999999999998, 0.9999999999999998, 0.9999999999999998, 0.9999999999999998, 0.9999999999999998, 0.9999999999999998, 0.9999999999999998, 0.9999999999999998, 0.9999999999999998, 0.9999999999999998, 0.9999999999999998, 0.9999999999999998, 0.9999999999999998, 0.9999999999999998, 0.9999999999999998, 0.9999999999999998, 0.9999999999999998, 0.9999999999999998, 0.9999999999999998, 0.9999999999999998, 0.9999999999999998, 0.9999999999999998, 0.9999999999999998, 0.9999999999999998, 0.9999999999999998, 0.9999999999999998]","[1.0, 1.0, 1.0, 1.0, 1.0, 1.0, 1.0, 1.0, 1.0, 1.0, 1.0, 1.0, 1.0, 1.0, 1.0, 1.0, 1.0, 1.0, 1.0, 1.0, 1.0, 1.0, 1.0, 1.0, 1.0, 1.0, 1.0, 1.0, 1.0, 1.0]","[1.0, 1.0, 1.0, 1.0, 1.0, 1.0, 1.0, 1.0, 1.0, 1.0, 1.0, 1.0, 1.0, 1.0, 1.0, 1.0, 1.0, 1.0, 1.0, 1.0, 1.0, 1.0, 1.0, 1.0, 1.0, 1.0, 1.0, 1.0, 1.0, 1.0]"
california,rf,5000,1,8,b3_is,0.00015920701920020845,5.9252001775542605e-05,1.9900877400026056e-05,7.406500221942826e-06,0.00013759816042946152,0.00018011582340428533,4.336358067294774,0.9912698412698414,0.011473676424445167,0.9873015873015871,0.9952380952380951,0.9738095238095236,0.03442102927333555,1.0,0.0,1.0,0.0,4.1269449300117445e-06,0.0,5000.0,49.97188729333187,0.5102746436657286,5000.0,"[8.028790438135816e-05, 0.0001112407374490416, 0.00012830134753628435, 0.00017067888035946895, 0.0001560297472443062, 0.00027043647739813365, 0.0001730975429874786, 7.181311396289655e-05, 0.00017432708090695212, 7.797189346279849e-05, 0.00019173562137167062, 0.00015885412107319576, 0.0002927609819705563, 0.00020986039843606629, 0.00014696227160709106, 0.00017468898091549227, 0.0002190856112487388, 7.294402271505695e-05, 0.00013539837944190366, 0.000179809782195822, 0.0001381860750329324, 0.00017112075811437626, 6.122791940002382e-05, 0.00015116608379997097, 0.00017910055774584513, 0.00015379557473525944, 0.00012593404914081313, 9.280708613317327e-05, 0.0002320183462689061, 0.0002745692289706406]","[1.0, 1.0, 0.9761904761904763, 1.0, 1.0, 1.0, 0.9761904761904763, 1.0, 1.0, 1.0, 0.9761904761904763, 1.0, 0.9761904761904763, 0.9761904761904763, 1.0, 1.0, 0.9761904761904763, 1.0, 0.9761904761904763, 0.9761904761904763, 1.0, 0.9761904761904763, 1.0, 0.9761904761904763, 1.0, 1.0, 1.0, 1.0, 0.9761904761904763, 1.0]","[0.9999999999999998, 0.9999999999999998, 0.9285714285714285, 0.9999999999999998, 0.9999999999999998, 0.9999999999999998, 0.9285714285714285, 0.9999999999999998, 0.9999999999999998, 0.9999999999999998, 0.9285714285714285, 0.9999999999999998, 0.9285714285714285, 0.9285714285714285, 0.9999999999999998, 0.9999999999999998, 0.9285714285714285, 0.9999999999999998, 0.9285714285714285, 0.9285714285714285, 0.9999999999999998, 0.9285714285714285, 0.9999999999999998, 0.9285714285714285, 0.9999999999999998, 0.9999999999999998, 0.9999999999999998, 0.9999999999999998, 0.9285714285714285, 0.9999999999999998]","[1.0, 1.0, 1.0, 1.0, 1.0, 1.0, 1.0, 1.0, 1.0, 1.0, 1.0, 1.0, 1.0, 1.0, 1.0, 1.0, 1.0, 1.0, 1.0, 1.0, 1.0, 1.0, 1.0, 1.0, 1.0, 1.0, 1.0, 1.0, 1.0, 1.0]","[1.0, 1.0, 1.0, 1.0, 1.0, 1.0, 1.0, 1.0, 1.0, 1.0, 1.0, 1.0, 1.0, 1.0, 1.0, 1.0, 1.0, 1.0, 1.0, 1.0, 1.0, 1.0, 1.0, 1.0, 1.0, 1.0, 1.0, 1.0, 1.0, 1.0]"
california,rf,5000,1,8,b4_antithetic,0.0013103043199477718,0.00015249005422881095,0.00016378803999347148,1.906125677860137e-05,0.0012594956537263216,0.0013598535807255075,35.689059043756494,0.9087301587301587,0.008873285624999217,0.9055555555555557,0.9119047619047619,0.7976190476190473,0.026619856874997523,0.6666666666666669,2.220446049250313e-16,1.0,0.0,2.6519284534042475e-06,0.0,5000.0,48.761165793333205,0.6068841245668598,5000.0,"[0.001599797363076561, 0.0012520513447734055, 0.0011103377056078266, 0.0013448705752238863, 0.0014426765320588438, 0.0015104775111272925, 0.0012208685626128825, 0.0011569446766348493, 0.001350709514374554, 0.0012145171265081356, 0.0011283939616571611, 0.0015115709717653028, 0.0015473969344855852, 0.001416484179929062, 0.001399789538495183, 0.001207388212856576, 0.0015284849774039784, 0.001420302130875344, 0.0013385809456918864, 0.0013780763357719745, 0.0013442834247128705, 0.0012353437162182098, 0.0010248752884973447, 0.0012883269860144426, 0.0011941015766828798, 0.0010663177156198494, 0.0010428602621028837, 0.0013420045368829384, 0.001283485751910052, 0.0014078112388613978]","[0.9047619047619048, 0.9047619047619048, 0.9285714285714287, 0.9047619047619048, 0.9047619047619048, 0.9047619047619048, 0.9047619047619048, 0.9285714285714287, 0.9047619047619048, 0.9285714285714287, 0.9047619047619048, 0.9047619047619048, 0.9047619047619048, 0.9047619047619048, 0.9047619047619048, 0.9285714285714287, 0.9047619047619048, 0.9047619047619048, 0.9047619047619048, 0.9047619047619048, 0.9047619047619048, 0.9047619047619048, 0.9047619047619048, 0.9047619047619048, 0.9047619047619048, 0.9285714285714287, 0.9047619047619048, 0.9047619047619048, 0.9047619047619048, 0.9047619047619048]","[0.7857142857142856, 0.7857142857142856, 0.8571428571428571, 0.7857142857142856, 0.7857142857142856, 0.7857142857142856, 0.7857142857142856, 0.8571428571428571, 0.7857142857142856, 0.8571428571428571, 0.7857142857142856, 0.7857142857142856, 0.7857142857142856, 0.7857142857142856, 0.7857142857142856, 0.8571428571428571, 0.7857142857142856, 0.7857142857142856, 0.7857142857142856, 0.7857142857142856, 0.7857142857142856, 0.7857142857142856, 0.7857142857142856, 0.7857142857142856, 0.7857142857142856, 0.8571428571428571, 0.7857142857142856, 0.7857142857142856, 0.7857142857142856, 0.7857142857142856]","[0.6666666666666666, 0.6666666666666666, 0.6666666666666666, 0.6666666666666666, 0.6666666666666666, 0.6666666666666666, 0.6666666666666666, 0.6666666666666666, 0.6666666666666666, 0.6666666666666666, 0.6666666666666666, 0.6666666666666666, 0.6666666666666666, 0.6666666666666666, 0.6666666666666666, 0.6666666666666666, 0.6666666666666666, 0.6666666666666666, 0.6666666666666666, 0.6666666666666666, 0.6666666666666666, 0.6666666666666666, 0.6666666666666666, 0.6666666666666666, 0.6666666666666666, 0.6666666666666666, 0.6666666666666666, 0.6666666666666666, 0.6666666666666666, 0.6666666666666666]","[1.0, 1.0, 1.0, 1.0, 1.0, 1.0, 1.0, 1.0, 1.0, 1.0, 1.0, 1.0, 1.0, 1.0, 1.0, 1.0, 1.0, 1.0, 1.0, 1.0, 1.0, 1.0, 1.0, 1.0, 1.0, 1.0, 1.0, 1.0, 1.0, 1.0]"
california,rf,5000,2,8,abc_shap,0.0379012644385807,0.03901202965879108,0.004737658054822587,0.004876503707348885,0.025015782337707515,0.05221940074051483,45.75545332395676,0.8865079365079365,0.09557150634152947,0.8507936507936509,0.9198412698412697,0.7833333333333333,0.15592966028602798,1.0,0.0,0.8666666666666669,0.09428090415820632,0.004327686511863026,2496.0,2504.0,53.61600920999966,3.5243909522939587,2496.0,"[0.11577598133038963, 0.012123211750787902, 0.002033594803215633, 0.058395044499769615, 0.0019249202754291588, 0.001505288388445962, 0.02455124233462078, 0.046816458216654804, 0.09417648366779564, 0.028139039871155933, 0.006024223714502842, 0.11467821372579284, 0.08285641303912078, 0.02332752177065277, 0.013339699123267655, 0.04471143567064261, 0.030969235110948783, 0.009216125316795717, 0.000505092740455337, 0.04953817227928902, 0.12040611019577399, 0.0012174560527833994, 0.0025452419378622724, 0.026836478995857397, 0.012974730730567026, 0.015648755747707917, 0.006046322978888169, 0.08375375551122598, 0.005336709646268942, 0.10166497373075248]","[0.7619047619047621, 0.9761904761904763, 1.0, 0.7619047619047621, 0.9523809523809524, 1.0, 0.9523809523809524, 0.7857142857142858, 0.7619047619047621, 0.9761904761904763, 0.9761904761904763, 0.9285714285714287, 0.9523809523809524, 0.8571428571428572, 0.880952380952381, 0.7380952380952381, 0.7857142857142858, 0.9285714285714287, 1.0, 0.9523809523809524, 0.6904761904761906, 0.9761904761904763, 0.9761904761904763, 0.9761904761904763, 0.8333333333333335, 0.8095238095238096, 0.9285714285714287, 0.7857142857142858, 0.9285714285714287, 0.7619047619047621]","[0.5714285714285714, 0.9285714285714285, 0.9999999999999998, 0.5714285714285714, 0.8571428571428571, 0.9999999999999998, 0.8571428571428571, 0.6428571428571428, 0.5714285714285714, 0.9285714285714285, 0.9285714285714285, 0.8571428571428571, 0.8571428571428571, 0.7142857142857142, 0.7142857142857142, 0.4999999999999999, 0.6428571428571428, 0.8571428571428571, 0.9999999999999998, 0.8571428571428571, 0.4999999999999999, 0.9285714285714285, 0.9285714285714285, 0.9285714285714285, 0.7142857142857142, 0.7142857142857142, 0.8571428571428571, 0.6428571428571428, 0.8571428571428571, 0.5714285714285714]","[1.0, 1.0, 1.0, 1.0, 1.0, 1.0, 1.0, 1.0, 1.0, 1.0, 1.0, 1.0, 1.0, 1.0, 1.0, 1.0, 1.0, 1.0, 1.0, 1.0, 1.0, 1.0, 1.0, 1.0, 1.0, 1.0, 1.0, 1.0, 1.0, 1.0]","[0.8, 1.0, 1.0, 0.8, 0.8, 1.0, 0.8, 0.8, 0.8, 1.0, 1.0, 0.8, 1.0, 0.8, 0.8, 0.8, 0.8, 0.8, 1.0, 1.0, 0.8, 1.0, 0.8, 1.0, 0.8, 0.8, 0.8, 0.8, 0.8, 0.8]"
california,rf,5000,2,8,b1_uniform,0.005397955472167488,0.0027360236023952827,0.000674744434020936,0.00034200295029941034,0.004464224040203187,0.006393155688351062,6.5165609461868765,0.8626984126984125,0.03672296921034688,0.85,0.8762103174603175,0.7619047619047618,0.05634361698190111,1.0,0.0,0.8000000000000003,2.220446049250313e-16,9.988845910375338e-05,0.0,5000.0,51.07471038667039,2.4622095186462096,5000.0,"[0.0035906355078015296, 0.004649813863811926, 0.0031978740113546944, 0.006020416421978303, 0.011237661045952103, 0.011038553284625776, 0.011586137179611431, 0.0019412989162983338, 0.0029451912621364902, 0.0037107855153349534, 0.0039588910025309945, 0.007065764079700387, 0.004408575761270699, 0.003173176836804881, 0.003915840672829422, 0.003565362994573659, 0.005556467694055588, 0.0052313958410123455, 0.006204522102462523, 0.003248600010251608, 0.00855535866669762, 0.003024450120470053, 0.0021068319693094487, 0.007103476528385943, 0.009234439910361252, 0.0037090010504830344, 0.003273116693755421, 0.00940610990387886, 0.004950392925156459, 0.004328522392128912]","[0.8571428571428572, 0.8571428571428572, 0.880952380952381, 0.880952380952381, 0.8095238095238096, 0.880952380952381, 0.8571428571428572, 0.9761904761904763, 0.8571428571428572, 0.8571428571428572, 0.880952380952381, 0.8333333333333335, 0.8333333333333335, 0.8333333333333335, 0.8571428571428572, 0.8571428571428572, 0.8333333333333335, 0.9523809523809524, 0.8333333333333335, 0.9285714285714287, 0.8333333333333335, 0.8333333333333335, 0.8333333333333335, 0.880952380952381, 0.8333333333333335, 0.8333333333333335, 0.8333333333333335, 0.880952380952381, 0.880952380952381, 0.880952380952381]","[0.7857142857142856, 0.7857142857142856, 0.7857142857142856, 0.7857142857142856, 0.6428571428571428, 0.7857142857142856, 0.7142857142857142, 0.9285714285714285, 0.7857142857142856, 0.7857142857142856, 0.7857142857142856, 0.7142857142857142, 0.7142857142857142, 0.7142857142857142, 0.7857142857142856, 0.7857142857142856, 0.7142857142857142, 0.8571428571428571, 0.7142857142857142, 0.8571428571428571, 0.7142857142857142, 0.7142857142857142, 0.7142857142857142, 0.7857142857142856, 0.7142857142857142, 0.7142857142857142, 0.7142857142857142, 0.7857142857142856, 0.7857142857142856, 0.7857142857142856]","[1.0, 1.0, 1.0, 1.0, 1.0, 1.0, 1.0, 1.0, 1.0, 1.0, 1.0, 1.0, 1.0, 1.0, 1.0, 1.0, 1.0, 1.0, 1.0, 1.0, 1.0, 1.0, 1.0, 1.0, 1.0, 1.0, 1.0, 1.0, 1.0, 1.0]","[0.8, 0.8, 0.8, 0.8, 0.8, 0.8, 0.8, 0.8, 0.8, 0.8, 0.8, 0.8, 0.8, 0.8, 0.8, 0.8, 0.8, 0.8, 0.8, 0.8, 0.8, 0.8, 0.8, 0.8, 0.8, 0.8, 0.8, 0.8, 0.8, 0.8]"
california,rf,5000,2,8,b2_stratified,0.0008283442012962475,0.0009314513329996541,0.00010354302516203094,0.00011643141662495677,0.0005170905255209698,0.0011662429157624954,1.0,0.9896825396825396,0.013304011598603303,0.9849206349206348,0.9944444444444446,0.9690476190476187,0.03991203479580995,1.0,0.0,0.92,0.09797958971132711,9.985013583511308e-05,0.0,5000.0,52.56916676666685,3.1201010773373423,5000.0,"[0.0007300208291138168, 0.0007880126008318944, 0.001955139293472507, 0.00029945917470214, 0.0003188595669117898, 0.002035809829868114, 0.0001389181526839429, 0.00010160279519207224, 0.0004526791991034826, 0.00010737502028576427, 0.0011122161852599511, 0.0002625332534250949, 0.0007484844118292698, 0.0018607824706173698, 0.00050722449737406, 0.0007973513354716747, 0.0001501739868189709, 0.0007384634139029593, 0.0004237065100744223, 0.00010772827752673077, 0.0005217942140835721, 0.0005579324435596528, 0.003159491417271317, 0.0001758680412038686, 0.003976667651004257, 0.0002603372785413717, 0.0018310778592951736, 7.710425772347772e-05, 0.0004331904100780139, 0.000220321661660694]","[1.0, 0.9761904761904763, 0.9523809523809524, 0.9761904761904763, 0.9761904761904763, 1.0, 1.0, 0.9761904761904763, 1.0, 0.9761904761904763, 1.0, 1.0, 0.9761904761904763, 1.0, 1.0, 1.0, 1.0, 0.9761904761904763, 0.9761904761904763, 1.0, 1.0, 0.9761904761904763, 1.0, 1.0, 1.0, 1.0, 0.9761904761904763, 1.0, 1.0, 0.9761904761904763]","[0.9999999999999998, 0.9285714285714285, 0.8571428571428571, 0.9285714285714285, 0.9285714285714285, 0.9999999999999998, 0.9999999999999998, 0.9285714285714285, 0.9999999999999998, 0.9285714285714285, 0.9999999999999998, 0.9999999999999998, 0.9285714285714285, 0.9999999999999998, 0.9999999999999998, 0.9999999999999998, 0.9999999999999998, 0.9285714285714285, 0.9285714285714285, 0.9999999999999998, 0.9999999999999998, 0.9285714285714285, 0.9999999999999998, 0.9999999999999998, 0.9999999999999998, 0.9999999999999998, 0.9285714285714285, 0.9999999999999998, 0.9999999999999998, 0.9285714285714285]","[1.0, 1.0, 1.0, 1.0, 1.0, 1.0, 1.0, 1.0, 1.0, 1.0, 1.0, 1.0, 1.0, 1.0, 1.0, 1.0, 1.0, 1.0, 1.0, 1.0, 1.0, 1.0, 1.0, 1.0, 1.0, 1.0, 1.0, 1.0, 1.0, 1.0]","[1.0, 0.8, 0.8, 0.8, 0.8, 1.0, 1.0, 0.8, 1.0, 0.8, 1.0, 1.0, 0.8, 1.0, 1.0, 1.0, 1.0, 0.8, 0.8, 1.0, 1.0, 0.8, 1.0, 1.0, 1.0, 1.0, 0.8, 1.0, 1.0, 0.8]"
california,rf,5000,2,8,b3_is,0.0011477539582972322,0.001137526650906679,0.00014346924478715403,0.00014219083136333488,0.0007723520934905173,0.0015643188046338124,1.3856002812612815,0.9968253968253968,0.008093681767607566,0.9936507936507937,0.9992063492063491,0.9904761904761902,0.02428104530282274,1.0,0.0,1.0,0.0,9.919759729783542e-05,0.0,5000.0,52.87969404000323,2.974359743554451,5000.0,"[0.0008195338792637016, 0.0007575481562478357, 0.0005209749268383199, 0.0002403514381661494, 0.0004497615254235528, 0.0004054374117508123, 0.0002172284651356009, 0.00036758676595958486, 0.0005314089526321186, 0.00395370949332666, 0.0019609868916932983, 0.002459094305722605, 0.001556175369790437, 0.0005055373914242637, 0.00014551085434073128, 0.0010251514669353745, 0.0032524666233690112, 0.00048128140569677214, 0.0007515647021208094, 0.00043661083987909486, 0.00032542964443114356, 0.0006362859687744677, 0.00011641529046063662, 0.0003497179958875124, 0.0002580222556970486, 0.0020319827911744574, 0.0011131655074110881, 0.004418983571356135, 0.0020194042556011945, 0.002325290602406558]","[1.0, 1.0, 1.0, 1.0, 1.0, 1.0, 1.0, 1.0, 1.0, 0.9761904761904763, 1.0, 1.0, 1.0, 1.0, 1.0, 1.0, 1.0, 0.9761904761904763, 1.0, 1.0, 1.0, 1.0, 1.0, 1.0, 1.0, 1.0, 1.0, 0.9761904761904763, 1.0, 0.9761904761904763]","[0.9999999999999998, 0.9999999999999998, 0.9999999999999998, 0.9999999999999998, 0.9999999999999998, 0.9999999999999998, 0.9999999999999998, 0.9999999999999998, 0.9999999999999998, 0.9285714285714285, 0.9999999999999998, 0.9999999999999998, 0.9999999999999998, 0.9999999999999998, 0.9999999999999998, 0.9999999999999998, 0.9999999999999998, 0.9285714285714285, 0.9999999999999998, 0.9999999999999998, 0.9999999999999998, 0.9999999999999998, 0.9999999999999998, 0.9999999999999998, 0.9999999999999998, 0.9999999999999998, 0.9999999999999998, 0.9285714285714285, 0.9999999999999998, 0.9285714285714285]","[1.0, 1.0, 1.0, 1.0, 1.0, 1.0, 1.0, 1.0, 1.0, 1.0, 1.0, 1.0, 1.0, 1.0, 1.0, 1.0, 1.0, 1.0, 1.0, 1.0, 1.0, 1.0, 1.0, 1.0, 1.0, 1.0, 1.0, 1.0, 1.0, 1.0]","[1.0, 1.0, 1.0, 1.0, 1.0, 1.0, 1.0, 1.0, 1.0, 1.0, 1.0, 1.0, 1.0, 1.0, 1.0, 1.0, 1.0, 1.0, 1.0, 1.0, 1.0, 1.0, 1.0, 1.0, 1.0, 1.0, 1.0, 1.0, 1.0, 1.0]"
california,rf,5000,2,8,b4_antithetic,0.005772895947619982,0.0009356622171552178,0.0007216119934524977,0.00011695777714440223,0.005419980142524533,0.006131178984341015,6.969199444610314,0.8476190476190475,0.02093794596551254,0.8404761904761903,0.8555555555555555,0.7380952380952379,0.033671751485073675,1.0,0.0,0.8000000000000003,2.220446049250313e-16,1.3209739488354857e-05,0.0,5000.0,51.92012597333523,2.966253253422307,5000.0,"[0.005777105378937561, 0.004971122506489518, 0.005274042945395927, 0.005811871568519463, 0.005042311061758699, 0.006570444583232198, 0.004918481255292426, 0.0063495257492454235, 0.004925145049037303, 0.005881535638507728, 0.004130230194752298, 0.0055678624862073554, 0.004556528425258769, 0.005970956220524384, 0.0076001420402556875, 0.004691659566561515, 0.0036919784991120783, 0.006331601208228362, 0.00666549959294835, 0.005492339612357184, 0.005878868097905758, 0.006341277720997526, 0.006494929173986352, 0.004982920861491615, 0.008002923563568198, 0.006281275871605153, 0.0063488658987207415, 0.0062016652694697515, 0.005715908274802015, 0.006717860113430152]","[0.8571428571428572, 0.880952380952381, 0.8333333333333335, 0.880952380952381, 0.8333333333333335, 0.8333333333333335, 0.8333333333333335, 0.8333333333333335, 0.8333333333333335, 0.8333333333333335, 0.8333333333333335, 0.8333333333333335, 0.8333333333333335, 0.8333333333333335, 0.8333333333333335, 0.8333333333333335, 0.8571428571428572, 0.8333333333333335, 0.8333333333333335, 0.8333333333333335, 0.8333333333333335, 0.880952380952381, 0.880952380952381, 0.880952380952381, 0.880952380952381, 0.8333333333333335, 0.8333333333333335, 0.8333333333333335, 0.880952380952381, 0.880952380952381]","[0.7857142857142856, 0.7857142857142856, 0.7142857142857142, 0.7857142857142856, 0.7142857142857142, 0.7142857142857142, 0.7142857142857142, 0.7142857142857142, 0.7142857142857142, 0.7142857142857142, 0.7142857142857142, 0.7142857142857142, 0.7142857142857142, 0.7142857142857142, 0.7142857142857142, 0.7142857142857142, 0.7857142857142856, 0.7142857142857142, 0.7142857142857142, 0.7142857142857142, 0.7142857142857142, 0.7857142857142856, 0.7857142857142856, 0.7857142857142856, 0.7857142857142856, 0.7142857142857142, 0.7142857142857142, 0.7142857142857142, 0.7857142857142856, 0.7857142857142856]","[1.0, 1.0, 1.0, 1.0, 1.0, 1.0, 1.0, 1.0, 1.0, 1.0, 1.0, 1.0, 1.0, 1.0, 1.0, 1.0, 1.0, 1.0, 1.0, 1.0, 1.0, 1.0, 1.0, 1.0, 1.0, 1.0, 1.0, 1.0, 1.0, 1.0]","[0.8, 0.8, 0.8, 0.8, 0.8, 0.8, 0.8, 0.8, 0.8, 0.8, 0.8, 0.8, 0.8, 0.8, 0.8, 0.8, 0.8, 0.8, 0.8, 0.8, 0.8, 0.8, 0.8, 0.8, 0.8, 0.8, 0.8, 0.8, 0.8, 0.8]"
california,rf,5000,3,8,abc_shap,0.009192501867455493,0.008960967978163271,0.0011490627334319367,0.0011201209972704089,0.006188588721684148,0.012282707226903545,55.338345726316945,0.7420634920634923,0.17987180844400014,0.6785714285714287,0.8071825396825397,0.6595238095238094,0.19049107084732964,0.7555555555555558,0.14740554623801777,0.8666666666666668,0.09428090415820631,0.0007919718983410918,2496.0,2504.0,57.47787028666741,2.4008928219274783,2496.0,"[0.009998222031353733, 0.012912405280875488, 0.0016573472668337686, 0.0001246149885140292, 0.039994733153929415, 0.00038596900041588494, 0.0012569835169727146, 0.017914001170742877, 0.014452189481937851, 0.009616718427272327, 0.016687095450747775, 0.023444453784946077, 0.0012695758276310223, 0.011048910323962907, 0.0003954855169874779, 0.001594994029062367, 0.011827451610269511, 0.007992597013814695, 0.01157196259062139, 0.0007571453887598047, 0.0007727240650446752, 0.016008697339179194, 0.0247200371747, 0.01113273348817738, 0.0031508385267140213, 0.006026388011796977, 0.008627457787129708, 0.003425289545635137, 0.0013359032453676826, 0.00567213098426887]","[0.5714285714285715, 0.5714285714285715, 0.9047619047619048, 1.0, 0.9285714285714287, 0.9761904761904763, 1.0, 0.5952380952380953, 0.6428571428571429, 0.523809523809524, 0.9047619047619048, 0.5952380952380953, 0.9523809523809524, 0.6428571428571429, 0.9523809523809524, 0.9523809523809524, 0.5714285714285715, 0.6428571428571429, 0.523809523809524, 0.9761904761904763, 0.880952380952381, 0.5952380952380953, 0.5952380952380953, 0.523809523809524, 0.7619047619047621, 0.6428571428571429, 0.523809523809524, 0.7619047619047621, 0.9761904761904763, 0.5714285714285715]","[0.4999999999999999, 0.4999999999999999, 0.7857142857142856, 0.9999999999999998, 0.8571428571428571, 0.9285714285714285, 0.9999999999999998, 0.4999999999999999, 0.5714285714285714, 0.42857142857142855, 0.7857142857142856, 0.4999999999999999, 0.8571428571428571, 0.5714285714285714, 0.8571428571428571, 0.8571428571428571, 0.4999999999999999, 0.5714285714285714, 0.42857142857142855, 0.9285714285714285, 0.7142857142857142, 0.4999999999999999, 0.4999999999999999, 0.42857142857142855, 0.6428571428571428, 0.5714285714285714, 0.42857142857142855, 0.6428571428571428, 0.9285714285714285, 0.4999999999999999]","[0.6666666666666666, 0.6666666666666666, 0.6666666666666666, 1.0, 1.0, 1.0, 1.0, 0.6666666666666666, 0.6666666666666666, 0.6666666666666666, 1.0, 0.6666666666666666, 0.6666666666666666, 0.6666666666666666, 1.0, 0.6666666666666666, 0.6666666666666666, 0.6666666666666666, 0.6666666666666666, 1.0, 0.6666666666666666, 0.6666666666666666, 0.6666666666666666, 0.6666666666666666, 0.6666666666666666, 0.6666666666666666, 0.6666666666666666, 0.6666666666666666, 1.0, 0.6666666666666666]","[0.8, 0.8, 1.0, 1.0, 0.8, 1.0, 1.0, 0.8, 0.8, 0.8, 0.8, 0.8, 1.0, 0.8, 1.0, 1.0, 0.8, 0.8, 0.8, 1.0, 1.0, 0.8, 0.8, 0.8, 0.8, 0.8, 0.8, 0.8, 1.0, 0.8]"
california,rf,5000,3,8,b1_uniform,0.0026676373386023615,0.0006931336163512468,0.0003334546673252952,8.664170204390585e-05,0.0024245662542680675,0.002907257612048414,16.0590271772087,0.8412698412698414,0.0720432109073664,0.8142857142857145,0.8666666666666668,0.7333333333333331,0.07589227357385346,0.6666666666666669,2.220446049250313e-16,0.8400000000000002,0.07999999999999999,2.4111664529863306e-05,0.0,5000.0,56.3138516700002,3.0037803551541726,5000.0,"[0.0017943340366052866, 0.001770907916181026, 0.0029726182333944936, 0.0024994628265266705, 0.002514203966439739, 0.003426735025562076, 0.0033199151404410725, 0.0023489797044050635, 0.002549956630021965, 0.0016507768807994783, 0.0027356864453359827, 0.004174452998113929, 0.002925794234713612, 0.0026735524719565325, 0.0028677256505278198, 0.002956101606210442, 0.002870364347617236, 0.0038855158909613502, 0.0027327732245829564, 0.0027137317199801103, 0.0027887566655669166, 0.004121290041117027, 0.0017748029871077018, 0.0021447899441953727, 0.0030593236880412616, 0.0019903791295614623, 0.0021137180908808086, 0.0013993003322679061, 0.0032689626635091736, 0.0019842076654463608]","[0.9047619047619048, 0.9523809523809524, 0.8095238095238096, 0.7619047619047621, 0.9047619047619048, 0.7619047619047621, 0.7619047619047621, 0.9523809523809524, 0.8095238095238096, 0.9523809523809524, 0.8095238095238096, 0.7619047619047621, 0.8095238095238096, 0.9047619047619048, 0.8095238095238096, 0.7619047619047621, 0.7619047619047621, 0.7619047619047621, 0.8095238095238096, 0.9047619047619048, 0.9523809523809524, 0.8095238095238096, 0.8095238095238096, 0.7619047619047621, 0.7619047619047621, 0.9047619047619048, 0.9047619047619048, 0.9523809523809524, 0.8095238095238096, 0.9047619047619048]","[0.7857142857142856, 0.8571428571428571, 0.7142857142857142, 0.6428571428571428, 0.7857142857142856, 0.6428571428571428, 0.6428571428571428, 0.8571428571428571, 0.7142857142857142, 0.8571428571428571, 0.7142857142857142, 0.6428571428571428, 0.7142857142857142, 0.7857142857142856, 0.7142857142857142, 0.6428571428571428, 0.6428571428571428, 0.6428571428571428, 0.7142857142857142, 0.7857142857142856, 0.8571428571428571, 0.7142857142857142, 0.7142857142857142, 0.6428571428571428, 0.6428571428571428, 0.7857142857142856, 0.7857142857142856, 0.8571428571428571, 0.7142857142857142, 0.7857142857142856]","[0.6666666666666666, 0.6666666666666666, 0.6666666666666666, 0.6666666666666666, 0.6666666666666666, 0.6666666666666666, 0.6666666666666666, 0.6666666666666666, 0.6666666666666666, 0.6666666666666666, 0.6666666666666666, 0.6666666666666666, 0.6666666666666666, 0.6666666666666666, 0.6666666666666666, 0.6666666666666666, 0.6666666666666666, 0.6666666666666666, 0.6666666666666666, 0.6666666666666666, 0.6666666666666666, 0.6666666666666666, 0.6666666666666666, 0.6666666666666666, 0.6666666666666666, 0.6666666666666666, 0.6666666666666666, 0.6666666666666666, 0.6666666666666666, 0.6666666666666666]","[1.0, 1.0, 0.8, 0.8, 0.8, 0.8, 0.8, 1.0, 0.8, 1.0, 0.8, 0.8, 0.8, 0.8, 0.8, 0.8, 0.8, 0.8, 0.8, 0.8, 1.0, 0.8, 0.8, 0.8, 0.8, 0.8, 0.8, 1.0, 0.8, 0.8]"
california,rf,5000,3,8,b2_stratified,0.00016611450427011712,0.0001390983853775428,2.076431303376464e-05,1.738729817219285e-05,0.00011896752818285389,0.00021469008662780486,1.0,0.9936507936507937,0.010528967588429803,0.9896825396825396,0.9968253968253968,0.9809523809523807,0.03158690276528946,0.9777777777777777,0.08314794192830981,1.0,0.0,1.9615708731753753e-05,0.0,5000.0,57.115036599999684,3.435462004958373,5000.0,"[8.45400604741598e-05, 0.0003533228156050948, 5.3980841966709455e-05, 7.580852542232683e-05, 7.798599118562032e-05, 0.00021026892643688505, 0.00015093157392038575, 0.00017825127920852355, 0.0001117337092800189, 8.673920887979925e-05, 0.000587229565264315, 7.135348658277489e-05, 0.00012236581960773068, 0.0002598551713792597, 4.429792248832087e-05, 0.000384150729036741, 0.00015634040785845896, 0.00016987072171823723, 3.135788249471527e-05, 0.00037388639478032234, 3.350958047908935e-05, 6.407157047951117e-05, 0.000253304884823445, 0.00013357109806982217, 4.217503379268867e-05, 0.0001719749765236848, 6.572026418727758e-05, 0.0001319357874998484, 0.00047502092310643676, 2.7879975551310464e-05]","[1.0, 1.0, 1.0, 1.0, 1.0, 1.0, 1.0, 1.0, 0.9761904761904763, 1.0, 0.9761904761904763, 0.9761904761904763, 1.0, 0.9761904761904763, 1.0, 0.9761904761904763, 1.0, 1.0, 1.0, 0.9761904761904763, 1.0, 1.0, 0.9761904761904763, 1.0, 1.0, 1.0, 1.0, 0.9761904761904763, 1.0, 1.0]","[0.9999999999999998, 0.9999999999999998, 0.9999999999999998, 0.9999999999999998, 0.9999999999999998, 0.9999999999999998, 0.9999999999999998, 0.9999999999999998, 0.9285714285714285, 0.9999999999999998, 0.9285714285714285, 0.9285714285714285, 0.9999999999999998, 0.9285714285714285, 0.9999999999999998, 0.9285714285714285, 0.9999999999999998, 0.9999999999999998, 0.9999999999999998, 0.9285714285714285, 0.9999999999999998, 0.9999999999999998, 0.9285714285714285, 0.9999999999999998, 0.9999999999999998, 0.9999999999999998, 0.9999999999999998, 0.9285714285714285, 0.9999999999999998, 0.9999999999999998]","[1.0, 1.0, 1.0, 1.0, 1.0, 1.0, 1.0, 1.0, 1.0, 1.0, 0.6666666666666666, 1.0, 1.0, 0.6666666666666666, 1.0, 1.0, 1.0, 1.0, 1.0, 1.0, 1.0, 1.0, 1.0, 1.0, 1.0, 1.0, 1.0, 1.0, 1.0, 1.0]","[1.0, 1.0, 1.0, 1.0, 1.0, 1.0, 1.0, 1.0, 1.0, 1.0, 1.0, 1.0, 1.0, 1.0, 1.0, 1.0, 1.0, 1.0, 1.0, 1.0, 1.0, 1.0, 1.0, 1.0, 1.0, 1.0, 1.0, 1.0, 1.0, 1.0]"
california,rf,5000,3,8,b3_is,0.0004288281408043309,0.00028229191203248594,5.360351760054136e-05,3.528648900406074e-05,0.00032748067885598765,0.0005341422298740165,2.581521358947788,0.973015873015873,0.02438458967577331,0.9634920634920633,0.980952380952381,0.9333333333333331,0.048562090605645515,1.0,0.0,0.9599999999999999,0.07999999999999999,2.009791985921363e-05,0.0,5000.0,58.006431986669,2.513537598495785,5000.0,"[0.0002997674599171106, 0.00012129209704128248, 0.00041339979999335043, 0.0002951573814520244, 0.0011706983534570702, 0.0007724251656531157, 0.00022063910757752546, 0.0006124387623882408, 0.0008823609501382498, 0.00022385293555622195, 0.00028373330859047147, 7.555081257051958e-05, 0.0009427288069116913, 0.00029922722759281623, 0.000503201012924438, 0.000655650699024418, 0.000155648390655895, 0.0002328617887726351, 0.0007605328375574973, 0.0003301258173600523, 0.00010636204965179758, 0.0008692293363962633, 0.00032491770295382626, 0.0006657724243862925, 0.00017494632411987126, 0.00022118275322679699, 0.0003457270754486842, 0.0002254871501812843, 0.0002530639509810177, 0.00042686274164946604]","[0.9761904761904763, 0.9761904761904763, 0.9761904761904763, 1.0, 0.9285714285714287, 0.9761904761904763, 0.9761904761904763, 0.9761904761904763, 0.9285714285714287, 0.9761904761904763, 0.9761904761904763, 1.0, 0.9285714285714287, 0.9761904761904763, 0.9761904761904763, 0.9285714285714287, 0.9761904761904763, 0.9761904761904763, 0.9285714285714287, 1.0, 1.0, 0.9285714285714287, 0.9761904761904763, 0.9761904761904763, 1.0, 0.9761904761904763, 1.0, 1.0, 1.0, 0.9761904761904763]","[0.9285714285714285, 0.9285714285714285, 0.9285714285714285, 0.9999999999999998, 0.8571428571428571, 0.9285714285714285, 0.9285714285714285, 0.9285714285714285, 0.8571428571428571, 0.9285714285714285, 0.9285714285714285, 0.9999999999999998, 0.8571428571428571, 0.9285714285714285, 0.9285714285714285, 0.8571428571428571, 0.9285714285714285, 0.9285714285714285, 0.8571428571428571, 0.9999999999999998, 0.9999999999999998, 0.8571428571428571, 0.9285714285714285, 0.9285714285714285, 0.9999999999999998, 0.9285714285714285, 0.9999999999999998, 0.9999999999999998, 0.9999999999999998, 0.9285714285714285]","[1.0, 1.0, 1.0, 1.0, 1.0, 1.0, 1.0, 1.0, 1.0, 1.0, 1.0, 1.0, 1.0, 1.0, 1.0, 1.0, 1.0, 1.0, 1.0, 1.0, 1.0, 1.0, 1.0, 1.0, 1.0, 1.0, 1.0, 1.0, 1.0, 1.0]","[1.0, 1.0, 1.0, 1.0, 0.8, 1.0, 1.0, 1.0, 0.8, 1.0, 1.0, 1.0, 0.8, 1.0, 1.0, 0.8, 1.0, 1.0, 0.8, 1.0, 1.0, 0.8, 1.0, 1.0, 1.0, 1.0, 1.0, 1.0, 1.0, 1.0]"
california,rf,5000,3,8,b4_antithetic,0.0025426108670644804,0.0004338333559178044,0.00031782635838306005,5.422916948972555e-05,0.002390793667769776,0.0027023804674667752,15.306374830038722,0.8095238095238098,0.047619047619047554,0.7936507936507939,0.8269841269841272,0.7023809523809523,0.049084590781162604,0.6666666666666669,2.220446049250313e-16,0.8000000000000003,2.220446049250313e-16,7.209730048134112e-06,0.0,5000.0,56.870062976671036,2.697071517538661,5000.0,"[0.0022201928273092677, 0.002616022654268659, 0.0021167595828004942, 0.0029739120857948595, 0.0024757020400015357, 0.0034683511463058305, 0.0026190573379026747, 0.0027346900377895607, 0.0032730319045536074, 0.002022119873289505, 0.0020369117731416104, 0.002007349098397117, 0.0020403306369080575, 0.0026274829728213183, 0.0034563134296904247, 0.0026644753222033342, 0.002775394437625197, 0.002419003683170222, 0.002347994360887059, 0.002295467986111666, 0.0025934085760638595, 0.0034740968501466764, 0.002798381907007024, 0.002315062146254653, 0.0026132771925432086, 0.0023286954793703533, 0.0025573025912886686, 0.002072486477322642, 0.0023915057117806626, 0.0019435458891846544]","[0.8095238095238096, 0.8095238095238096, 0.7619047619047621, 0.8095238095238096, 0.7619047619047621, 0.8095238095238096, 0.7619047619047621, 0.7619047619047621, 0.7619047619047621, 0.9047619047619048, 0.8095238095238096, 0.7619047619047621, 0.9047619047619048, 0.8095238095238096, 0.8095238095238096, 0.8095238095238096, 0.8095238095238096, 0.7619047619047621, 0.8095238095238096, 0.9047619047619048, 0.8095238095238096, 0.8095238095238096, 0.8095238095238096, 0.7619047619047621, 0.7619047619047621, 0.8095238095238096, 0.7619047619047621, 0.9047619047619048, 0.8095238095238096, 0.9047619047619048]","[0.7142857142857142, 0.7142857142857142, 0.6428571428571428, 0.7142857142857142, 0.6428571428571428, 0.7142857142857142, 0.6428571428571428, 0.6428571428571428, 0.6428571428571428, 0.7857142857142856, 0.7142857142857142, 0.6428571428571428, 0.7857142857142856, 0.7142857142857142, 0.7142857142857142, 0.7142857142857142, 0.7142857142857142, 0.6428571428571428, 0.7142857142857142, 0.7857142857142856, 0.7142857142857142, 0.7142857142857142, 0.7142857142857142, 0.6428571428571428, 0.6428571428571428, 0.7142857142857142, 0.6428571428571428, 0.7857142857142856, 0.7142857142857142, 0.7857142857142856]","[0.6666666666666666, 0.6666666666666666, 0.6666666666666666, 0.6666666666666666, 0.6666666666666666, 0.6666666666666666, 0.6666666666666666, 0.6666666666666666, 0.6666666666666666, 0.6666666666666666, 0.6666666666666666, 0.6666666666666666, 0.6666666666666666, 0.6666666666666666, 0.6666666666666666, 0.6666666666666666, 0.6666666666666666, 0.6666666666666666, 0.6666666666666666, 0.6666666666666666, 0.6666666666666666, 0.6666666666666666, 0.6666666666666666, 0.6666666666666666, 0.6666666666666666, 0.6666666666666666, 0.6666666666666666, 0.6666666666666666, 0.6666666666666666, 0.6666666666666666]","[0.8, 0.8, 0.8, 0.8, 0.8, 0.8, 0.8, 0.8, 0.8, 0.8, 0.8, 0.8, 0.8, 0.8, 0.8, 0.8, 0.8, 0.8, 0.8, 0.8, 0.8, 0.8, 0.8, 0.8, 0.8, 0.8, 0.8, 0.8, 0.8, 0.8]"
california,rf,5000,4,8,abc_shap,0.015918202711339903,0.022020629410896202,0.001989775338917488,0.0027525786763620253,0.008615140417848551,0.024436707810049193,29.162976252226304,0.8436507936507937,0.09537358087779477,0.8102976190476191,0.8777976190476191,0.7357142857142855,0.1266389156854495,0.8111111111111112,0.1651785416368723,0.8733333333333334,0.09637888196533971,0.0014698291091732952,2496.0,2504.0,57.2027487666676,4.846820913468283,2496.0,"[0.005186890975768303, 0.0020969310546511827, 0.07425183388785603, 0.01225567217243032, 0.0024659524788933546, 0.0025232869709338147, 0.05100828357093639, 0.003444398277573796, 0.0719433503114943, 0.05313791855391127, 0.008406434548434582, 0.0007465754205668205, 0.002310682247805421, 0.0005431408309418368, 0.01049549494567261, 0.05822340411945764, 0.0002493264224165378, 0.005031804526583145, 0.004656824372029138, 0.003880580466264126, 0.0035770368559312764, 0.007301785016125588, 0.014895134192746396, 0.005601616653322583, 0.008919140342959686, 0.033100155092665555, 0.0005832004704029224, 0.0018032579111049419, 0.002760260008318745, 0.026145708641998697]","[0.9047619047619048, 0.9523809523809524, 0.6904761904761906, 0.8333333333333335, 0.8333333333333335, 0.9047619047619048, 0.6904761904761906, 0.8333333333333335, 0.6904761904761906, 0.6904761904761906, 0.7380952380952381, 0.9285714285714287, 0.9047619047619048, 0.9761904761904763, 0.8095238095238096, 0.6904761904761906, 1.0, 0.8333333333333335, 0.7857142857142858, 0.7619047619047621, 0.9285714285714287, 0.8571428571428572, 0.8095238095238096, 0.9285714285714287, 0.8333333333333335, 0.8095238095238096, 0.9761904761904763, 0.9285714285714287, 0.9761904761904763, 0.8095238095238096]","[0.7857142857142856, 0.8571428571428571, 0.5714285714285714, 0.7142857142857142, 0.7142857142857142, 0.7857142857142856, 0.5714285714285714, 0.7142857142857142, 0.5714285714285714, 0.5714285714285714, 0.6428571428571428, 0.8571428571428571, 0.7857142857142856, 0.9285714285714285, 0.6428571428571428, 0.5714285714285714, 0.9999999999999998, 0.7142857142857142, 0.6428571428571428, 0.5714285714285714, 0.8571428571428571, 0.7857142857142856, 0.6428571428571428, 0.8571428571428571, 0.7142857142857142, 0.6428571428571428, 0.9285714285714285, 0.8571428571428571, 0.9285714285714285, 0.6428571428571428]","[0.6666666666666666, 1.0, 0.6666666666666666, 0.6666666666666666, 1.0, 1.0, 0.6666666666666666, 0.6666666666666666, 0.6666666666666666, 0.6666666666666666, 1.0, 1.0, 0.6666666666666666, 1.0, 0.6666666666666666, 0.6666666666666666, 1.0, 0.6666666666666666, 1.0, 1.0, 1.0, 1.0, 0.6666666666666666, 0.6666666666666666, 0.6666666666666666, 0.6666666666666666, 1.0, 0.6666666666666666, 1.0, 0.6666666666666666]","[1.0, 1.0, 0.8, 0.8, 0.8, 1.0, 0.8, 0.8, 0.8, 0.8, 0.8, 0.8, 1.0, 1.0, 0.8, 0.8, 1.0, 0.8, 0.8, 0.8, 1.0, 0.8, 0.8, 1.0, 0.8, 0.8, 1.0, 1.0, 1.0, 0.8]"
california,rf,5000,4,8,b1_uniform,0.0022006102787487597,0.0007955092777268563,0.00027507628484359497,9.943865971585704e-05,0.001931770929187876,0.0025118804350725463,4.031632619795504,0.9222222222222223,0.040747611596804546,0.9063492063492063,0.9365079365079365,0.8214285714285713,0.0632186573683417,0.6666666666666669,2.220446049250313e-16,0.9600000000000001,0.07999999999999997,5.9692209016729696e-05,0.0,5000.0,55.50083237666501,4.005216127005117,5000.0,"[0.0022428828376189498, 0.0015767493964566838, 0.0033536884384222725, 0.002817310386434738, 0.0019066678671615025, 0.0010693818599392011, 0.002392028382810508, 0.001740387901951513, 0.0019483849732846003, 0.0009527313710207324, 0.002521126035747698, 0.002876343847295086, 0.0025428165663708723, 0.0031777078623036943, 0.0016933336098319848, 0.0011888710057064522, 0.0018705170111161832, 0.002888604201026074, 0.003544833980374632, 0.0021535618906595526, 0.0019205248838011248, 0.0017566744881944627, 0.002055998494710481, 0.001819478883237893, 0.0020828875773932568, 0.004796867850426332, 0.0015618766796189915, 0.0016785115404974835, 0.0015335121509454889, 0.002354046388104357]","[0.9761904761904763, 0.9047619047619048, 0.9047619047619048, 0.9047619047619048, 0.9047619047619048, 0.9285714285714287, 0.9285714285714287, 0.9285714285714287, 0.9047619047619048, 0.9523809523809524, 0.8333333333333335, 0.8333333333333335, 0.9047619047619048, 0.9285714285714287, 0.9523809523809524, 0.9047619047619048, 0.9523809523809524, 0.8333333333333335, 0.8571428571428572, 0.9761904761904763, 0.9761904761904763, 0.9761904761904763, 0.9523809523809524, 0.9523809523809524, 0.9523809523809524, 0.9047619047619048, 0.9523809523809524, 0.9047619047619048, 0.9523809523809524, 0.9285714285714287]","[0.9285714285714285, 0.7857142857142856, 0.7857142857142856, 0.7857142857142856, 0.7857142857142856, 0.7857142857142856, 0.8571428571428571, 0.8571428571428571, 0.7857142857142856, 0.8571428571428571, 0.7142857142857142, 0.7142857142857142, 0.7857142857142856, 0.8571428571428571, 0.8571428571428571, 0.7857142857142856, 0.8571428571428571, 0.7142857142857142, 0.7142857142857142, 0.9285714285714285, 0.9285714285714285, 0.9285714285714285, 0.8571428571428571, 0.8571428571428571, 0.8571428571428571, 0.7857142857142856, 0.8571428571428571, 0.7857142857142856, 0.8571428571428571, 0.7857142857142856]","[0.6666666666666666, 0.6666666666666666, 0.6666666666666666, 0.6666666666666666, 0.6666666666666666, 0.6666666666666666, 0.6666666666666666, 0.6666666666666666, 0.6666666666666666, 0.6666666666666666, 0.6666666666666666, 0.6666666666666666, 0.6666666666666666, 0.6666666666666666, 0.6666666666666666, 0.6666666666666666, 0.6666666666666666, 0.6666666666666666, 0.6666666666666666, 0.6666666666666666, 0.6666666666666666, 0.6666666666666666, 0.6666666666666666, 0.6666666666666666, 0.6666666666666666, 0.6666666666666666, 0.6666666666666666, 0.6666666666666666, 0.6666666666666666, 0.6666666666666666]","[1.0, 1.0, 1.0, 1.0, 1.0, 0.8, 1.0, 1.0, 1.0, 1.0, 0.8, 0.8, 1.0, 1.0, 1.0, 1.0, 1.0, 0.8, 0.8, 1.0, 1.0, 1.0, 1.0, 1.0, 1.0, 1.0, 1.0, 1.0, 1.0, 0.8]"
california,rf,5000,4,8,b2_stratified,0.0005458360139124931,0.00048787897957915295,6.822950173906163e-05,6.098487244739412e-05,0.0003795201146892259,0.0007343437606842843,1.0,0.98015873015873,0.018527964333220213,0.9738095238095238,0.9865079365079364,0.9404761904761902,0.05558389299966065,0.9555555555555556,0.11331154474650636,1.0,0.0,6.583917284442552e-05,0.0,5000.0,55.924053513330485,3.1712942979728895,5000.0,"[0.0002052151851777585, 0.0002476281563767526, 0.00020233988117826548, 0.0016334685449796483, 0.0003431636994516145, 0.0014360878357794627, 0.0002308870225824236, 0.00018663014296028057, 0.00022425324000094834, 0.0009678825927420809, 0.0006235265955376874, 0.00013743117844777216, 0.00033671566042495254, 0.000846991685585216, 0.00025869118863930136, 0.000603475516743876, 0.0006126711956172817, 0.000800300591374032, 0.00014399386848535875, 0.0001955374107492906, 0.0014135999913029527, 0.0004867376921644342, 0.00046180833365192794, 0.002035594376581435, 0.0006381296896555082, 0.00023982627859123721, 9.799424313700429e-05, 0.0002681029089965768, 0.00019775623595799413, 0.00029863947450171777]","[1.0, 1.0, 1.0, 1.0, 0.9761904761904763, 1.0, 1.0, 0.9761904761904763, 1.0, 0.9523809523809524, 0.9523809523809524, 0.9761904761904763, 1.0, 0.9761904761904763, 1.0, 0.9523809523809524, 0.9761904761904763, 0.9523809523809524, 0.9761904761904763, 1.0, 0.9761904761904763, 0.9523809523809524, 0.9523809523809524, 0.9761904761904763, 0.9761904761904763, 0.9761904761904763, 0.9761904761904763, 0.9523809523809524, 1.0, 1.0]","[0.9999999999999998, 0.9999999999999998, 0.9999999999999998, 0.9999999999999998, 0.9285714285714285, 0.9999999999999998, 0.9999999999999998, 0.9285714285714285, 0.9999999999999998, 0.8571428571428571, 0.8571428571428571, 0.9285714285714285, 0.9999999999999998, 0.9285714285714285, 0.9999999999999998, 0.8571428571428571, 0.9285714285714285, 0.8571428571428571, 0.9285714285714285, 0.9999999999999998, 0.9285714285714285, 0.8571428571428571, 0.8571428571428571, 0.9285714285714285, 0.9285714285714285, 0.9285714285714285, 0.9285714285714285, 0.8571428571428571, 0.9999999999999998, 0.9999999999999998]","[1.0, 1.0, 1.0, 1.0, 1.0, 1.0, 1.0, 1.0, 1.0, 0.6666666666666666, 1.0, 1.0, 1.0, 0.6666666666666666, 1.0, 1.0, 1.0, 1.0, 1.0, 1.0, 1.0, 1.0, 0.6666666666666666, 1.0, 1.0, 1.0, 1.0, 0.6666666666666666, 1.0, 1.0]","[1.0, 1.0, 1.0, 1.0, 1.0, 1.0, 1.0, 1.0, 1.0, 1.0, 1.0, 1.0, 1.0, 1.0, 1.0, 1.0, 1.0, 1.0, 1.0, 1.0, 1.0, 1.0, 1.0, 1.0, 1.0, 1.0, 1.0, 1.0, 1.0, 1.0]"
california,rf,5000,4,8,b3_is,0.0004920338306045627,0.0005081022260078854,6.150422882557033e-05,6.351277825098568e-05,0.0003342725719500841,0.000695226103401851,0.9014315986182696,0.9809523809523809,0.02489585260533032,0.9722222222222221,0.9888888888888889,0.9499999999999998,0.058756965139300246,1.0,0.0,0.9800000000000001,0.05999999999999999,5.0622402396834276e-05,0.0,5000.0,57.74592854333265,6.929710885053363,5000.0,"[0.0022272275676309314, 0.0003002984664727553, 0.0007120951010847181, 0.00012131437018536138, 0.0010532273808779185, 0.0017813460946021664, 8.093733091471868e-05, 0.0004844921242240489, 0.0011454354890735319, 0.00023112894478558642, 0.0004024677825205938, 0.0001927460081884744, 0.0007420422869033469, 0.00023754513696543599, 0.0001794073500656522, 0.0005223160314360226, 0.00010606696627165747, 0.000289807211763971, 0.000323766674259945, 0.00018456753534929708, 0.0002425319219735685, 0.00022865952276797784, 0.00019486765600293274, 0.00048852052817669, 0.00011192747989031835, 0.0001860831205679155, 5.023974028460956e-05, 0.001162499439152357, 0.0001543292548578837, 0.0006231204008864957]","[0.9761904761904763, 0.9761904761904763, 0.9761904761904763, 1.0, 1.0, 0.9047619047619048, 1.0, 1.0, 1.0, 1.0, 0.9761904761904763, 0.9761904761904763, 0.9761904761904763, 0.9523809523809524, 0.9761904761904763, 1.0, 0.9761904761904763, 1.0, 1.0, 0.9761904761904763, 0.9523809523809524, 1.0, 1.0, 1.0, 1.0, 1.0, 1.0, 0.9285714285714287, 0.9761904761904763, 0.9285714285714287]","[0.9285714285714285, 0.9285714285714285, 0.9285714285714285, 0.9999999999999998, 0.9999999999999998, 0.7857142857142856, 0.9999999999999998, 0.9999999999999998, 0.9999999999999998, 0.9999999999999998, 0.9285714285714285, 0.9285714285714285, 0.9285714285714285, 0.8571428571428571, 0.9285714285714285, 0.9999999999999998, 0.9285714285714285, 0.9999999999999998, 0.9999999999999998, 0.9285714285714285, 0.8571428571428571, 0.9999999999999998, 0.9999999999999998, 0.9999999999999998, 0.9999999999999998, 0.9999999999999998, 0.9999999999999998, 0.8571428571428571, 0.9285714285714285, 0.8571428571428571]","[1.0, 1.0, 1.0, 1.0, 1.0, 1.0, 1.0, 1.0, 1.0, 1.0, 1.0, 1.0, 1.0, 1.0, 1.0, 1.0, 1.0, 1.0, 1.0, 1.0, 1.0, 1.0, 1.0, 1.0, 1.0, 1.0, 1.0, 1.0, 1.0, 1.0]","[1.0, 1.0, 1.0, 1.0, 1.0, 0.8, 1.0, 1.0, 1.0, 1.0, 1.0, 1.0, 1.0, 1.0, 1.0, 1.0, 1.0, 1.0, 1.0, 1.0, 1.0, 1.0, 1.0, 1.0, 1.0, 1.0, 1.0, 0.8, 1.0, 0.8]"
california,rf,5000,4,8,b4_antithetic,0.0019825143534191914,0.0003145502767088291,0.0002478142941773989,3.931878458860364e-05,0.0018696012230091659,0.0020906460474060793,3.632069528004839,0.9246031746031745,0.026142331892064472,0.9150793650793652,0.934126984126984,0.8142857142857143,0.039555351728181344,0.6666666666666669,2.220446049250313e-16,0.9866666666666667,0.04988876515698587,9.658821397735112e-06,0.0,5000.0,56.28646584333328,5.778958323394209,5000.0,"[0.0016908014050608967, 0.0016316451139246914, 0.0022684821559164486, 0.002123573585405257, 0.002107484735142862, 0.0017000320242746365, 0.0016274483299318961, 0.0019974488541255344, 0.0017843629792726897, 0.0018138921212196158, 0.0022174018227126783, 0.002363269327283456, 0.0020258663770345714, 0.001407367848806058, 0.001453513134501467, 0.002437067145432856, 0.0015715198989046976, 0.002057362776988264, 0.0021856019777372437, 0.0017704386891165358, 0.002129620078508295, 0.0021036680724160735, 0.0020054116835059193, 0.002531360410752465, 0.0018002389853690516, 0.0014565681908967226, 0.0023271987562887807, 0.002209492002666978, 0.0022463265648060378, 0.0024309655545730635]","[0.9523809523809524, 0.9523809523809524, 0.9285714285714287, 0.9047619047619048, 0.9047619047619048, 0.9047619047619048, 0.9523809523809524, 0.9047619047619048, 0.9523809523809524, 0.9047619047619048, 0.9523809523809524, 0.9047619047619048, 0.9047619047619048, 0.9523809523809524, 0.9523809523809524, 0.9047619047619048, 0.9523809523809524, 0.8571428571428572, 0.9047619047619048, 0.9523809523809524, 0.9523809523809524, 0.9047619047619048, 0.9047619047619048, 0.9047619047619048, 0.9523809523809524, 0.9523809523809524, 0.9523809523809524, 0.9047619047619048, 0.9047619047619048, 0.9047619047619048]","[0.8571428571428571, 0.8571428571428571, 0.7857142857142856, 0.7857142857142856, 0.7857142857142856, 0.7857142857142856, 0.8571428571428571, 0.7857142857142856, 0.8571428571428571, 0.7857142857142856, 0.8571428571428571, 0.7857142857142856, 0.7857142857142856, 0.8571428571428571, 0.8571428571428571, 0.7857142857142856, 0.8571428571428571, 0.7142857142857142, 0.7857142857142856, 0.8571428571428571, 0.8571428571428571, 0.7857142857142856, 0.7857142857142856, 0.7857142857142856, 0.8571428571428571, 0.8571428571428571, 0.8571428571428571, 0.7857142857142856, 0.7857142857142856, 0.7857142857142856]","[0.6666666666666666, 0.6666666666666666, 0.6666666666666666, 0.6666666666666666, 0.6666666666666666, 0.6666666666666666, 0.6666666666666666, 0.6666666666666666, 0.6666666666666666, 0.6666666666666666, 0.6666666666666666, 0.6666666666666666, 0.6666666666666666, 0.6666666666666666, 0.6666666666666666, 0.6666666666666666, 0.6666666666666666, 0.6666666666666666, 0.6666666666666666, 0.6666666666666666, 0.6666666666666666, 0.6666666666666666, 0.6666666666666666, 0.6666666666666666, 0.6666666666666666, 0.6666666666666666, 0.6666666666666666, 0.6666666666666666, 0.6666666666666666, 0.6666666666666666]","[1.0, 1.0, 0.8, 1.0, 1.0, 1.0, 1.0, 1.0, 1.0, 1.0, 1.0, 1.0, 1.0, 1.0, 1.0, 1.0, 1.0, 0.8, 1.0, 1.0, 1.0, 1.0, 1.0, 1.0, 1.0, 1.0, 1.0, 1.0, 1.0, 1.0]"
california,rf,5000,5,8,abc_shap,0.0034995228003023024,0.002647861069796997,0.0004374403500377878,0.0003309826337246246,0.002616375173675827,0.004480026159681615,48.73319890310188,0.8349206349206348,0.11824065121564249,0.7920238095238095,0.8738095238095238,0.719047619047619,0.14630753805464014,0.7777777777777779,0.15713484026367724,0.8733333333333334,0.12092238098144702,0.00030690670428973836,2496.0,2504.0,54.783371403328296,4.565657758641028,2496.0,"[0.006764437296293579, 0.0012316929677710384, 0.008936717374423402, 0.0008657028429651215, 0.0008882739803837303, 0.00299458352553923, 0.0025082576356010287, 0.0026739662276225157, 0.0019742618459055753, 0.0010721492718783277, 0.0015090028593820217, 0.002965734354207294, 0.003144807400838721, 0.0004234653730028436, 0.005830867049822738, 0.0024825629119964616, 0.0019861610025327225, 0.00016186239924784591, 0.003950460023074536, 8.151952291966093e-05, 0.0024450052799262286, 0.009566427663029996, 0.0021809198210624514, 0.007044102287137435, 0.009066237863068333, 0.003309362151985456, 0.006190473761560731, 0.004062578945811239, 0.005611303319844675, 0.003062787050234147]","[0.6904761904761906, 0.9047619047619048, 0.5476190476190477, 0.9523809523809524, 0.9047619047619048, 0.8571428571428572, 0.8571428571428572, 0.9761904761904763, 0.9761904761904763, 0.9047619047619048, 0.8571428571428572, 0.8571428571428572, 0.7857142857142858, 0.9523809523809524, 0.7619047619047621, 0.7857142857142858, 0.9285714285714287, 0.9761904761904763, 0.7857142857142858, 0.9761904761904763, 0.7857142857142858, 0.5476190476190477, 0.9285714285714287, 0.7619047619047621, 0.6666666666666669, 0.7857142857142858, 0.6904761904761906, 0.7857142857142858, 0.9285714285714287, 0.9285714285714287]","[0.5714285714285714, 0.7857142857142856, 0.42857142857142855, 0.8571428571428571, 0.7857142857142856, 0.7142857142857142, 0.7142857142857142, 0.9285714285714285, 0.9285714285714285, 0.7857142857142856, 0.7142857142857142, 0.7142857142857142, 0.6428571428571428, 0.8571428571428571, 0.5714285714285714, 0.6428571428571428, 0.8571428571428571, 0.9285714285714285, 0.6428571428571428, 0.9285714285714285, 0.6428571428571428, 0.42857142857142855, 0.8571428571428571, 0.5714285714285714, 0.4999999999999999, 0.6428571428571428, 0.5714285714285714, 0.6428571428571428, 0.8571428571428571, 0.8571428571428571]","[0.6666666666666666, 0.6666666666666666, 0.6666666666666666, 1.0, 0.6666666666666666, 0.6666666666666666, 0.6666666666666666, 1.0, 1.0, 0.6666666666666666, 0.6666666666666666, 0.6666666666666666, 0.6666666666666666, 1.0, 0.6666666666666666, 0.6666666666666666, 1.0, 1.0, 0.6666666666666666, 1.0, 0.6666666666666666, 0.6666666666666666, 1.0, 0.6666666666666666, 0.6666666666666666, 0.6666666666666666, 0.6666666666666666, 0.6666666666666666, 1.0, 1.0]","[0.8, 1.0, 0.6, 1.0, 1.0, 0.8, 0.8, 1.0, 1.0, 1.0, 0.8, 0.8, 0.8, 1.0, 0.8, 0.8, 1.0, 1.0, 0.8, 1.0, 0.8, 0.6, 1.0, 0.8, 0.8, 0.8, 0.8, 0.8, 1.0, 1.0]"
california,rf,5000,5,8,b1_uniform,0.0010181873838258834,0.00036580763700959715,0.00012727342297823543,4.572595462619964e-05,0.0009015782452477575,0.0011640257638819678,14.178941280888179,0.9460317460317461,0.016187363535215205,0.9396825396825397,0.9507936507936509,0.8476190476190476,0.02428104530282281,0.9555555555555556,0.11331154474650636,1.0,0.0,1.3886744086028458e-05,0.0,5000.0,52.57558824333052,3.068585836478534,5000.0,"[0.0006918792404732892, 0.0010817230282721953, 0.001119155573213811, 0.0006822349187988246, 0.0006378070905332405, 0.0007458203071886995, 0.0008864472510808544, 0.001363666948165381, 0.0010378266152734018, 0.0017729363910218793, 0.0011843888578912942, 0.0006905171368743993, 0.0013889090282370876, 0.0007289188525904874, 0.000844764814940357, 0.0009160170344767799, 0.0011312564078044265, 0.0010942621374401453, 0.0008732438952528161, 0.0010040130532034078, 0.0007053379299754399, 0.0007105837945306149, 0.0010256892720314592, 0.000919209212978369, 0.0009573613634791996, 0.0010539353085440776, 0.0008196456398248588, 0.0009404917209398759, 0.0010479275777386398, 0.0024896511120011946]","[0.9523809523809524, 0.9523809523809524, 0.9523809523809524, 0.9523809523809524, 0.9523809523809524, 0.9523809523809524, 0.9523809523809524, 0.9047619047619048, 0.9523809523809524, 0.9523809523809524, 0.9047619047619048, 0.9523809523809524, 0.9523809523809524, 0.9523809523809524, 0.9523809523809524, 0.9047619047619048, 0.9523809523809524, 0.9523809523809524, 0.9523809523809524, 0.9523809523809524, 0.9523809523809524, 0.9523809523809524, 0.9523809523809524, 0.9523809523809524, 0.9523809523809524, 0.9047619047619048, 0.9523809523809524, 0.9523809523809524, 0.9523809523809524, 0.9523809523809524]","[0.8571428571428571, 0.8571428571428571, 0.8571428571428571, 0.8571428571428571, 0.8571428571428571, 0.8571428571428571, 0.8571428571428571, 0.7857142857142856, 0.8571428571428571, 0.8571428571428571, 0.7857142857142856, 0.8571428571428571, 0.8571428571428571, 0.8571428571428571, 0.8571428571428571, 0.7857142857142856, 0.8571428571428571, 0.8571428571428571, 0.8571428571428571, 0.8571428571428571, 0.8571428571428571, 0.8571428571428571, 0.8571428571428571, 0.8571428571428571, 0.8571428571428571, 0.7857142857142856, 0.8571428571428571, 0.8571428571428571, 0.8571428571428571, 0.8571428571428571]","[1.0, 1.0, 1.0, 1.0, 1.0, 1.0, 1.0, 0.6666666666666666, 1.0, 1.0, 0.6666666666666666, 1.0, 1.0, 1.0, 1.0, 0.6666666666666666, 1.0, 1.0, 1.0, 1.0, 1.0, 1.0, 1.0, 1.0, 1.0, 0.6666666666666666, 1.0, 1.0, 1.0, 1.0]","[1.0, 1.0, 1.0, 1.0, 1.0, 1.0, 1.0, 1.0, 1.0, 1.0, 1.0, 1.0, 1.0, 1.0, 1.0, 1.0, 1.0, 1.0, 1.0, 1.0, 1.0, 1.0, 1.0, 1.0, 1.0, 1.0, 1.0, 1.0, 1.0, 1.0]"
california,rf,5000,5,8,b2_stratified,7.180983147157116e-05,5.7321526713303705e-05,8.976228933946395e-06,7.165190839162963e-06,5.3949020238785164e-05,9.587563045690418e-05,1.0,0.9960317460317459,0.008873285624999134,0.9928571428571428,0.9992063492063491,0.9880952380952379,0.02661985687499744,1.0,0.0,1.0,0.0,8.414096432684428e-06,0.0,5000.0,53.80611864333332,2.7824944438144605,5000.0,"[4.7239595411399614e-05, 3.1670837787961327e-05, 2.233771875967822e-05, 5.058515175757072e-05, 7.077125612948782e-05, 0.0001118601434860514, 1.868399220040466e-05, 2.4951973297829988e-05, 4.081699257500501e-05, 4.4812902445125075e-05, 3.837960394844782e-05, 6.825291876195188e-05, 0.0001055842885273676, 3.13073585945576e-05, 0.00013271945431457462, 2.5359885932832336e-05, 6.470259036859503e-05, 5.077501012277588e-05, 0.00022494643548201643, 2.587944716271737e-05, 3.14086318272811e-05, 0.00011283399516651759, 5.794136537393432e-06, 0.00017851143853775555, 5.8646504187489556e-05, 8.021099876565498e-05, 7.37042650440971e-05, 0.00024060512585370123, 4.2961079763788e-05, 9.798121139710613e-05]","[0.9761904761904763, 1.0, 1.0, 1.0, 0.9761904761904763, 1.0, 1.0, 1.0, 1.0, 0.9761904761904763, 1.0, 1.0, 0.9761904761904763, 1.0, 1.0, 1.0, 1.0, 1.0, 0.9761904761904763, 1.0, 1.0, 1.0, 1.0, 1.0, 1.0, 1.0, 1.0, 1.0, 1.0, 1.0]","[0.9285714285714285, 0.9999999999999998, 0.9999999999999998, 0.9999999999999998, 0.9285714285714285, 0.9999999999999998, 0.9999999999999998, 0.9999999999999998, 0.9999999999999998, 0.9285714285714285, 0.9999999999999998, 0.9999999999999998, 0.9285714285714285, 0.9999999999999998, 0.9999999999999998, 0.9999999999999998, 0.9999999999999998, 0.9999999999999998, 0.9285714285714285, 0.9999999999999998, 0.9999999999999998, 0.9999999999999998, 0.9999999999999998, 0.9999999999999998, 0.9999999999999998, 0.9999999999999998, 0.9999999999999998, 0.9999999999999998, 0.9999999999999998, 0.9999999999999998]","[1.0, 1.0, 1.0, 1.0, 1.0, 1.0, 1.0, 1.0, 1.0, 1.0, 1.0, 1.0, 1.0, 1.0, 1.0, 1.0, 1.0, 1.0, 1.0, 1.0, 1.0, 1.0, 1.0, 1.0, 1.0, 1.0, 1.0, 1.0, 1.0, 1.0]","[1.0, 1.0, 1.0, 1.0, 1.0, 1.0, 1.0, 1.0, 1.0, 1.0, 1.0, 1.0, 1.0, 1.0, 1.0, 1.0, 1.0, 1.0, 1.0, 1.0, 1.0, 1.0, 1.0, 1.0, 1.0, 1.0, 1.0, 1.0, 1.0, 1.0]"
california,rf,5000,5,8,b3_is,0.00015233409073129382,9.202447481826152e-05,1.9041761341411728e-05,1.150305935228269e-05,0.00011674920829792633,0.0001838362424260234,2.121354243695746,0.9984126984126984,0.005939138709164965,0.9960317460317459,1.0,0.995238095238095,0.017817416127494927,1.0,0.0,1.0,0.0,7.061010987331837e-06,0.0,5000.0,54.163458096667696,3.758463669514262,5000.0,"[4.832605736778805e-05, 0.00012377687870528795, 0.00016691341380395378, 0.0002508071577391712, 0.00010759680483048637, 0.00016306761793671092, 0.00019789788583509621, 0.00016052706300096652, 0.0003022967258798134, 0.00018909712958707167, 0.00033323736946329433, 0.00044555318867769414, 7.554529891703091e-05, 0.0002404293883063111, 0.00016772474908873086, 9.659927080727367e-05, 4.527336036935047e-05, 2.7041942450852755e-05, 0.00021282339287944, 4.797144903625848e-05, 0.00010640058297963452, 0.00014490743782901515, 0.00011985406139598244, 0.00020643646815805432, 9.115164732573099e-05, 9.355321729469452e-05, 0.00012015854523116951, 6.434646012144397e-05, 0.0001363387680725063, 8.43693888480002e-05]","[1.0, 1.0, 1.0, 1.0, 1.0, 1.0, 1.0, 1.0, 1.0, 1.0, 0.9761904761904763, 0.9761904761904763, 1.0, 1.0, 1.0, 1.0, 1.0, 1.0, 1.0, 1.0, 1.0, 1.0, 1.0, 1.0, 1.0, 1.0, 1.0, 1.0, 1.0, 1.0]","[0.9999999999999998, 0.9999999999999998, 0.9999999999999998, 0.9999999999999998, 0.9999999999999998, 0.9999999999999998, 0.9999999999999998, 0.9999999999999998, 0.9999999999999998, 0.9999999999999998, 0.9285714285714285, 0.9285714285714285, 0.9999999999999998, 0.9999999999999998, 0.9999999999999998, 0.9999999999999998, 0.9999999999999998, 0.9999999999999998, 0.9999999999999998, 0.9999999999999998, 0.9999999999999998, 0.9999999999999998, 0.9999999999999998, 0.9999999999999998, 0.9999999999999998, 0.9999999999999998, 0.9999999999999998, 0.9999999999999998, 0.9999999999999998, 0.9999999999999998]","[1.0, 1.0, 1.0, 1.0, 1.0, 1.0, 1.0, 1.0, 1.0, 1.0, 1.0, 1.0, 1.0, 1.0, 1.0, 1.0, 1.0, 1.0, 1.0, 1.0, 1.0, 1.0, 1.0, 1.0, 1.0, 1.0, 1.0, 1.0, 1.0, 1.0]","[1.0, 1.0, 1.0, 1.0, 1.0, 1.0, 1.0, 1.0, 1.0, 1.0, 1.0, 1.0, 1.0, 1.0, 1.0, 1.0, 1.0, 1.0, 1.0, 1.0, 1.0, 1.0, 1.0, 1.0, 1.0, 1.0, 1.0, 1.0, 1.0, 1.0]"
california,rf,5000,5,8,b4_antithetic,0.0009656049503068423,0.0001337095558185881,0.00012070061878835529,1.6713694477323512e-05,0.0009180475899508347,0.001011503476138101,13.44669567549558,0.9523809523809524,0.0,0.9523809523809524,0.9523809523809524,0.8571428571428572,1.1102230246251565e-16,1.0,0.0,1.0,0.0,2.323192789598307e-06,0.0,5000.0,52.41084318666641,2.9820052887393627,5000.0,"[0.001136913569062166, 0.0009862629241906109, 0.0008161678451715657, 0.0007987004255270187, 0.0011137367728610518, 0.0007618572002002298, 0.0008890807597626341, 0.0009094785488447842, 0.0008806455417428148, 0.0010038376162386673, 0.0011242147337378618, 0.0010993031930055872, 0.0009304611413841183, 0.0006737982294470514, 0.0011518461136679804, 0.001125036983406504, 0.0009819883415220425, 0.0007642980717741499, 0.0010445895728429715, 0.001000921338382742, 0.0010611844404834038, 0.0007591243461241082, 0.000899178469088078, 0.0010731874149860485, 0.0008958088529702721, 0.0009696207852173224, 0.0011499301025886671, 0.001128357313873659, 0.0009144520091904574, 0.0009241658519107038]","[0.9523809523809524, 0.9523809523809524, 0.9523809523809524, 0.9523809523809524, 0.9523809523809524, 0.9523809523809524, 0.9523809523809524, 0.9523809523809524, 0.9523809523809524, 0.9523809523809524, 0.9523809523809524, 0.9523809523809524, 0.9523809523809524, 0.9523809523809524, 0.9523809523809524, 0.9523809523809524, 0.9523809523809524, 0.9523809523809524, 0.9523809523809524, 0.9523809523809524, 0.9523809523809524, 0.9523809523809524, 0.9523809523809524, 0.9523809523809524, 0.9523809523809524, 0.9523809523809524, 0.9523809523809524, 0.9523809523809524, 0.9523809523809524, 0.9523809523809524]","[0.8571428571428571, 0.8571428571428571, 0.8571428571428571, 0.8571428571428571, 0.8571428571428571, 0.8571428571428571, 0.8571428571428571, 0.8571428571428571, 0.8571428571428571, 0.8571428571428571, 0.8571428571428571, 0.8571428571428571, 0.8571428571428571, 0.8571428571428571, 0.8571428571428571, 0.8571428571428571, 0.8571428571428571, 0.8571428571428571, 0.8571428571428571, 0.8571428571428571, 0.8571428571428571, 0.8571428571428571, 0.8571428571428571, 0.8571428571428571, 0.8571428571428571, 0.8571428571428571, 0.8571428571428571, 0.8571428571428571, 0.8571428571428571, 0.8571428571428571]","[1.0, 1.0, 1.0, 1.0, 1.0, 1.0, 1.0, 1.0, 1.0, 1.0, 1.0, 1.0, 1.0, 1.0, 1.0, 1.0, 1.0, 1.0, 1.0, 1.0, 1.0, 1.0, 1.0, 1.0, 1.0, 1.0, 1.0, 1.0, 1.0, 1.0]","[1.0, 1.0, 1.0, 1.0, 1.0, 1.0, 1.0, 1.0, 1.0, 1.0, 1.0, 1.0, 1.0, 1.0, 1.0, 1.0, 1.0, 1.0, 1.0, 1.0, 1.0, 1.0, 1.0, 1.0, 1.0, 1.0, 1.0, 1.0, 1.0, 1.0]"
california,rf,5000,6,8,abc_shap,0.020288051923714485,0.01584228534390851,0.0025360064904643106,0.001980285667988564,0.01479807344378877,0.025843764479876068,40.34235469599905,0.9269841269841271,0.07034450732114392,0.9015674603174603,0.9515873015873015,0.8404761904761903,0.12189453082066859,0.9888888888888888,0.059835164523716726,0.9066666666666667,0.09977753031397174,0.002477288837123881,2496.0,2504.0,52.455497243338804,1.4159695554222749,2496.0,"[0.01743674639851447, 0.0010822548515816933, 0.04945393403146306, 0.002626391753064137, 0.014840865753485494, 0.011515176918464013, 0.0001510251358054922, 0.03964348794259527, 0.025170704161028883, 0.01937476909233771, 0.009686409844783517, 0.005886362460089475, 0.021290408273745887, 0.0038794898854293608, 0.006087688628829589, 0.006869786570208562, 0.0024738020754589626, 0.029432330149011747, 0.04407612225589761, 0.023986534834208408, 0.02171650766306592, 0.05270144377597902, 0.0011482620095795693, 0.0069268361501164015, 0.03649898776117169, 0.023704083497424984, 0.051978339196692015, 0.022721815172151404, 0.03590424537281682, 0.02037674609643352]","[0.9761904761904763, 1.0, 0.9761904761904763, 0.880952380952381, 0.880952380952381, 0.9761904761904763, 1.0, 0.7619047619047621, 0.7857142857142858, 0.9761904761904763, 1.0, 1.0, 0.9523809523809524, 0.9047619047619048, 0.9047619047619048, 0.9047619047619048, 0.9761904761904763, 0.7857142857142858, 0.9523809523809524, 0.9761904761904763, 0.880952380952381, 0.7857142857142858, 0.9761904761904763, 0.9523809523809524, 0.9761904761904763, 0.9761904761904763, 0.9523809523809524, 0.9047619047619048, 0.9761904761904763, 0.8571428571428572]","[0.9285714285714285, 0.9999999999999998, 0.9285714285714285, 0.7142857142857142, 0.7142857142857142, 0.9285714285714285, 0.9999999999999998, 0.5714285714285714, 0.6428571428571428, 0.9285714285714285, 0.9999999999999998, 0.9999999999999998, 0.8571428571428571, 0.7857142857142856, 0.7857142857142856, 0.7857142857142856, 0.9285714285714285, 0.6428571428571428, 0.8571428571428571, 0.9285714285714285, 0.7142857142857142, 0.6428571428571428, 0.9285714285714285, 0.8571428571428571, 0.9285714285714285, 0.9285714285714285, 0.8571428571428571, 0.7857142857142856, 0.9285714285714285, 0.7142857142857142]","[1.0, 1.0, 1.0, 1.0, 1.0, 1.0, 1.0, 1.0, 1.0, 1.0, 1.0, 1.0, 1.0, 1.0, 1.0, 1.0, 1.0, 1.0, 0.6666666666666666, 1.0, 1.0, 1.0, 1.0, 1.0, 1.0, 1.0, 1.0, 1.0, 1.0, 1.0]","[1.0, 1.0, 0.8, 1.0, 1.0, 1.0, 1.0, 0.8, 0.8, 1.0, 1.0, 1.0, 0.8, 1.0, 1.0, 1.0, 1.0, 0.8, 0.8, 0.8, 1.0, 0.8, 1.0, 0.8, 0.8, 0.8, 0.8, 1.0, 0.8, 0.8]"
california,rf,5000,6,8,b1_uniform,0.0007900349728209321,0.0004165895153647402,9.875437160261651e-05,5.207368942059252e-05,0.0006509765197217464,0.0009407097662195098,1.5709675436374118,0.9960317460317459,0.008873285624999134,0.9928571428571428,0.9984325396825396,0.9880952380952378,0.026619856874997447,1.0,0.0,1.0,0.0,6.170279994332931e-05,0.0,5000.0,51.37600079333546,1.151315100922296,5000.0,"[0.0003834635638689754, 0.000520695525924325, 0.00030151678819919205, 0.0009935862521838772, 0.0005263609615162662, 0.0021592790583063134, 0.0005851938467600284, 0.0009045289355772416, 0.0007796585748665473, 0.0009494485622535086, 0.0007927764018888614, 0.0004957006141203847, 0.0010805975244093187, 0.001171991966537137, 0.0007620373750497488, 0.0009649754583170196, 0.0003147128208644285, 0.0005125869472155024, 0.0004861269501320983, 0.0014367508058071605, 0.0003880240849998547, 0.0010310176326964492, 0.0008958214005792733, 0.0007111284618556702, 0.0015142214001805003, 0.0007466338395432883, 0.00021815811102297768, 0.00048690542285677156, 0.0003940181439484238, 0.001193131753146819]","[1.0, 1.0, 0.9761904761904763, 1.0, 1.0, 1.0, 1.0, 1.0, 1.0, 1.0, 1.0, 0.9761904761904763, 1.0, 1.0, 0.9761904761904763, 1.0, 1.0, 1.0, 1.0, 1.0, 1.0, 0.9761904761904763, 1.0, 1.0, 1.0, 1.0, 1.0, 1.0, 0.9761904761904763, 1.0]","[0.9999999999999998, 0.9999999999999998, 0.9285714285714285, 0.9999999999999998, 0.9999999999999998, 0.9999999999999998, 0.9999999999999998, 0.9999999999999998, 0.9999999999999998, 0.9999999999999998, 0.9999999999999998, 0.9285714285714285, 0.9999999999999998, 0.9999999999999998, 0.9285714285714285, 0.9999999999999998, 0.9999999999999998, 0.9999999999999998, 0.9999999999999998, 0.9999999999999998, 0.9999999999999998, 0.9285714285714285, 0.9999999999999998, 0.9999999999999998, 0.9999999999999998, 0.9999999999999998, 0.9999999999999998, 0.9999999999999998, 0.9285714285714285, 0.9999999999999998]","[1.0, 1.0, 1.0, 1.0, 1.0, 1.0, 1.0, 1.0, 1.0, 1.0, 1.0, 1.0, 1.0, 1.0, 1.0, 1.0, 1.0, 1.0, 1.0, 1.0, 1.0, 1.0, 1.0, 1.0, 1.0, 1.0, 1.0, 1.0, 1.0, 1.0]","[1.0, 1.0, 1.0, 1.0, 1.0, 1.0, 1.0, 1.0, 1.0, 1.0, 1.0, 1.0, 1.0, 1.0, 1.0, 1.0, 1.0, 1.0, 1.0, 1.0, 1.0, 1.0, 1.0, 1.0, 1.0, 1.0, 1.0, 1.0, 1.0, 1.0]"
california,rf,5000,6,8,b2_stratified,0.0005028970687654618,0.0006026433758542116,6.286213359568273e-05,7.533042198177645e-05,0.0003083359340363098,0.0007211272658353381,1.0,0.976984126984127,0.030418679201169505,0.9650793650793652,0.9880952380952379,0.9428571428571427,0.06751165180360864,1.0,0.0,1.0,0.0,4.3104220133364275e-05,0.0,5000.0,52.20079864999862,0.8437067347657672,5000.0,"[7.644020110598623e-05, 0.0009809358076061545, 0.0006374945455682756, 0.00021108772903092248, 0.0004265980224901905, 6.59786459479506e-05, 0.00013342014285555004, 0.00030725727200000587, 0.0001805791348420975, 0.002099820284644872, 0.0007055436437963808, 0.0003062599748113438, 7.899229568835521e-05, 0.00041654995391664863, 8.661553970076429e-05, 0.0006723849447113282, 0.0001686901139078127, 0.00019224800338227206, 6.35702216004146e-05, 0.0027739753908643176, 0.0006349616670554658, 0.0006390021212204952, 0.0004339889326923819, 0.0004052121634238354, 0.00010166313031658382, 0.0005565542693175415, 6.084359071747201e-05, 0.0002578197635542172, 8.332310909914308e-05, 0.0013291014470950748]","[0.9761904761904763, 0.9761904761904763, 0.9761904761904763, 1.0, 0.9047619047619048, 0.9761904761904763, 0.9761904761904763, 1.0, 0.9761904761904763, 0.9285714285714287, 0.9761904761904763, 1.0, 1.0, 0.9761904761904763, 1.0, 1.0, 1.0, 1.0, 0.9761904761904763, 0.9047619047619048, 0.9285714285714287, 0.9761904761904763, 1.0, 1.0, 0.9761904761904763, 1.0, 1.0, 1.0, 1.0, 0.9047619047619048]","[0.9285714285714285, 0.9285714285714285, 0.9285714285714285, 0.9999999999999998, 0.7857142857142856, 0.9285714285714285, 0.9285714285714285, 0.9999999999999998, 0.9285714285714285, 0.8571428571428571, 0.9285714285714285, 0.9999999999999998, 0.9999999999999998, 0.9285714285714285, 0.9999999999999998, 0.9999999999999998, 0.9999999999999998, 0.9999999999999998, 0.9285714285714285, 0.7857142857142856, 0.8571428571428571, 0.9285714285714285, 0.9999999999999998, 0.9999999999999998, 0.9285714285714285, 0.9999999999999998, 0.9999999999999998, 0.9999999999999998, 0.9999999999999998, 0.7857142857142856]","[1.0, 1.0, 1.0, 1.0, 1.0, 1.0, 1.0, 1.0, 1.0, 1.0, 1.0, 1.0, 1.0, 1.0, 1.0, 1.0, 1.0, 1.0, 1.0, 1.0, 1.0, 1.0, 1.0, 1.0, 1.0, 1.0, 1.0, 1.0, 1.0, 1.0]","[1.0, 1.0, 1.0, 1.0, 1.0, 1.0, 1.0, 1.0, 1.0, 1.0, 1.0, 1.0, 1.0, 1.0, 1.0, 1.0, 1.0, 1.0, 1.0, 1.0, 1.0, 1.0, 1.0, 1.0, 1.0, 1.0, 1.0, 1.0, 1.0, 1.0]"
california,rf,5000,6,8,b3_is,0.0007258587728508581,0.0006288405941026412,9.073234660635726e-05,7.860507426283015e-05,0.0005145858748150794,0.0009599464458300157,1.443354550927756,0.9468253968253968,0.03872658063097096,0.9333134920634919,0.9603174603174602,0.8785714285714282,0.0827873269081605,1.0,0.0,1.0,0.0,7.202961360266453e-05,0.0,5000.0,52.1557986200011,1.0350983000672602,5000.0,"[0.0008422239303087195, 0.00039838992194877294, 0.0006795673772244111, 0.0003567208073686642, 0.0010619083251626575, 0.001986477516506016, 0.0006986626028717795, 0.000293600512928497, 6.509384936294027e-05, 4.404426529209682e-05, 0.00018132506043713569, 0.001470020371236168, 0.0005359318287137557, 0.0003434659304224371, 0.00036864552718169773, 0.00021537167094653947, 0.0009552695416628353, 0.00184641604534178, 0.00199438720214144, 0.00014727523292154166, 0.00014484597300590932, 0.0018573754956340914, 0.00019337018339852106, 3.747932584009031e-05, 0.0006994766854720189, 0.0005182318841055779, 0.0016300504341506747, 0.001510972711677216, 0.0003069855753833591, 0.00039217739687839864]","[1.0, 0.9761904761904763, 0.9047619047619048, 1.0, 0.9047619047619048, 0.9047619047619048, 0.9047619047619048, 0.9285714285714287, 1.0, 0.9761904761904763, 1.0, 0.9285714285714287, 0.9047619047619048, 0.9761904761904763, 0.9761904761904763, 0.9761904761904763, 1.0, 0.9047619047619048, 0.9047619047619048, 1.0, 0.9761904761904763, 0.9285714285714287, 0.9285714285714287, 0.9761904761904763, 0.9047619047619048, 0.9285714285714287, 0.9047619047619048, 0.9047619047619048, 0.9047619047619048, 0.9761904761904763]","[0.9999999999999998, 0.9285714285714285, 0.7857142857142856, 0.9999999999999998, 0.7857142857142856, 0.7857142857142856, 0.7857142857142856, 0.8571428571428571, 0.9999999999999998, 0.9285714285714285, 0.9999999999999998, 0.8571428571428571, 0.7857142857142856, 0.9285714285714285, 0.9285714285714285, 0.9285714285714285, 0.9999999999999998, 0.7857142857142856, 0.7857142857142856, 0.9999999999999998, 0.9285714285714285, 0.8571428571428571, 0.8571428571428571, 0.9285714285714285, 0.7857142857142856, 0.8571428571428571, 0.7857142857142856, 0.7857142857142856, 0.7857142857142856, 0.9285714285714285]","[1.0, 1.0, 1.0, 1.0, 1.0, 1.0, 1.0, 1.0, 1.0, 1.0, 1.0, 1.0, 1.0, 1.0, 1.0, 1.0, 1.0, 1.0, 1.0, 1.0, 1.0, 1.0, 1.0, 1.0, 1.0, 1.0, 1.0, 1.0, 1.0, 1.0]","[1.0, 1.0, 1.0, 1.0, 1.0, 1.0, 1.0, 1.0, 1.0, 1.0, 1.0, 1.0, 1.0, 1.0, 1.0, 1.0, 1.0, 1.0, 1.0, 1.0, 1.0, 1.0, 1.0, 1.0, 1.0, 1.0, 1.0, 1.0, 1.0, 1.0]"
california,rf,5000,6,8,b4_antithetic,0.0002465371081679608,3.236953794506906e-05,3.08171385209951e-05,4.046192243133632e-06,0.00023459830789457367,0.00025745432990554944,0.49023373465503206,1.0,0.0,1.0,1.0,0.9999999999999998,0.0,1.0,0.0,1.0,0.0,1.1288940920387495e-06,0.0,5000.0,51.48982551333223,0.9109994333718393,5000.0,"[0.0002832560621354523, 0.00024007765645664303, 0.0002516401224563562, 0.0002504548735128694, 0.00024406435953981803, 0.00025210347422488966, 0.00025604761801441365, 0.0001975046385715964, 0.00019671622525393404, 0.0002661073449293924, 0.0002628029583422474, 0.00024253553333111703, 0.00016592016607272142, 0.00027753676093722766, 0.00021969936524574368, 0.0002174134110927995, 0.00027275968388067173, 0.0002391041078893755, 0.00032306262415555725, 0.00029522389520724097, 0.00023659840220594482, 0.00025685958243443175, 0.00019066500311871508, 0.0002582846438950123, 0.0002567323025388967, 0.0002380841121758396, 0.00025611213642662116, 0.00028966598555872327, 0.00022068512471768708, 0.0002383950707168873]","[1.0, 1.0, 1.0, 1.0, 1.0, 1.0, 1.0, 1.0, 1.0, 1.0, 1.0, 1.0, 1.0, 1.0, 1.0, 1.0, 1.0, 1.0, 1.0, 1.0, 1.0, 1.0, 1.0, 1.0, 1.0, 1.0, 1.0, 1.0, 1.0, 1.0]","[0.9999999999999998, 0.9999999999999998, 0.9999999999999998, 0.9999999999999998, 0.9999999999999998, 0.9999999999999998, 0.9999999999999998, 0.9999999999999998, 0.9999999999999998, 0.9999999999999998, 0.9999999999999998, 0.9999999999999998, 0.9999999999999998, 0.9999999999999998, 0.9999999999999998, 0.9999999999999998, 0.9999999999999998, 0.9999999999999998, 0.9999999999999998, 0.9999999999999998, 0.9999999999999998, 0.9999999999999998, 0.9999999999999998, 0.9999999999999998, 0.9999999999999998, 0.9999999999999998, 0.9999999999999998, 0.9999999999999998, 0.9999999999999998, 0.9999999999999998]","[1.0, 1.0, 1.0, 1.0, 1.0, 1.0, 1.0, 1.0, 1.0, 1.0, 1.0, 1.0, 1.0, 1.0, 1.0, 1.0, 1.0, 1.0, 1.0, 1.0, 1.0, 1.0, 1.0, 1.0, 1.0, 1.0, 1.0, 1.0, 1.0, 1.0]","[1.0, 1.0, 1.0, 1.0, 1.0, 1.0, 1.0, 1.0, 1.0, 1.0, 1.0, 1.0, 1.0, 1.0, 1.0, 1.0, 1.0, 1.0, 1.0, 1.0, 1.0, 1.0, 1.0, 1.0, 1.0, 1.0, 1.0, 1.0, 1.0, 1.0]"
california,rf,5000,7,8,abc_shap,0.001222867514430365,0.0013987442405204945,0.00015285843930379562,0.00017484303006506182,0.0007592678414617668,0.0017366857526323115,24.50641429300925,0.9849206349206348,0.014395521545410328,0.9801587301587299,0.9904761904761903,0.9547619047619045,0.043186564636231016,1.0,0.0,1.0,0.0,0.00014332336826823868,2496.0,2504.0,53.94071753666697,2.0745624175575297,2496.0,"[0.00021369674578865144, 0.00115009714514368, 0.00017455479171474633, 0.00043476209864674295, 0.0009430442022738951, 0.006075330823247793, 0.0029935961084418573, 0.00022316305319213545, 0.00020364726080877908, 0.0004711309527419358, 0.00015075600347452348, 0.0033360229923816197, 0.0015679497677244369, 7.808425390513526e-05, 0.0011627060352005967, 0.00011740561669070575, 0.003299331918888342, 0.000381262966293311, 0.0021073635149112748, 0.0031439293963182627, 0.0030949369344553885, 0.0010711228931498547, 0.0007412774389293859, 0.0002123767519223888, 0.00016110377051016658, 0.00020196039418030572, 0.001263162688324322, 0.000531439687463435, 0.0011355311637154394, 4.527806247184484e-05]","[1.0, 0.9761904761904763, 1.0, 1.0, 0.9761904761904763, 0.9523809523809524, 0.9761904761904763, 1.0, 1.0, 0.9761904761904763, 1.0, 0.9761904761904763, 0.9761904761904763, 1.0, 0.9761904761904763, 1.0, 0.9761904761904763, 1.0, 0.9761904761904763, 0.9761904761904763, 0.9761904761904763, 0.9523809523809524, 0.9761904761904763, 1.0, 1.0, 1.0, 0.9761904761904763, 1.0, 0.9761904761904763, 0.9761904761904763]","[0.9999999999999998, 0.9285714285714285, 0.9999999999999998, 0.9999999999999998, 0.9285714285714285, 0.8571428571428571, 0.9285714285714285, 0.9999999999999998, 0.9999999999999998, 0.9285714285714285, 0.9999999999999998, 0.9285714285714285, 0.9285714285714285, 0.9999999999999998, 0.9285714285714285, 0.9999999999999998, 0.9285714285714285, 0.9999999999999998, 0.9285714285714285, 0.9285714285714285, 0.9285714285714285, 0.8571428571428571, 0.9285714285714285, 0.9999999999999998, 0.9999999999999998, 0.9999999999999998, 0.9285714285714285, 0.9999999999999998, 0.9285714285714285, 0.9285714285714285]","[1.0, 1.0, 1.0, 1.0, 1.0, 1.0, 1.0, 1.0, 1.0, 1.0, 1.0, 1.0, 1.0, 1.0, 1.0, 1.0, 1.0, 1.0, 1.0, 1.0, 1.0, 1.0, 1.0, 1.0, 1.0, 1.0, 1.0, 1.0, 1.0, 1.0]","[1.0, 1.0, 1.0, 1.0, 1.0, 1.0, 1.0, 1.0, 1.0, 1.0, 1.0, 1.0, 1.0, 1.0, 1.0, 1.0, 1.0, 1.0, 1.0, 1.0, 1.0, 1.0, 1.0, 1.0, 1.0, 1.0, 1.0, 1.0, 1.0, 1.0]"
california,rf,5000,7,8,b1_uniform,0.00028064640291314817,9.084898828847105e-05,3.508080036414352e-05,1.1356123536058881e-05,0.00024973716070231705,0.00031167536380831846,5.624188179400727,1.0,0.0,1.0,1.0,0.9999999999999998,0.0,1.0,0.0,1.0,0.0,6.399174558543312e-06,0.0,5000.0,53.075025496663876,1.4545262838612119,5000.0,"[0.00020990308923988726, 0.00034617475158305115, 0.00047967680703527146, 0.00029197079512077154, 0.00016998186716503654, 0.0004519785303412495, 0.0004138711543589564, 0.0002636575673505461, 0.0003227295167929201, 0.00012689268990112413, 0.0002997085861587167, 0.00017739357482991048, 0.00023429152851820904, 0.00021902849236208385, 0.0003101278225234569, 0.00022322098378040693, 0.00013255899922977636, 0.0002640138647097778, 0.00019218471282133852, 0.0003562477190876411, 0.00022793290016970733, 0.00032432965659501023, 0.0001905671963661965, 0.00026688017698739744, 0.0004497832053149441, 0.0003325807720142573, 0.0003485551462269268, 0.0003292638299999848, 0.00021437344055868715, 0.0002495127102512024]","[1.0, 1.0, 1.0, 1.0, 1.0, 1.0, 1.0, 1.0, 1.0, 1.0, 1.0, 1.0, 1.0, 1.0, 1.0, 1.0, 1.0, 1.0, 1.0, 1.0, 1.0, 1.0, 1.0, 1.0, 1.0, 1.0, 1.0, 1.0, 1.0, 1.0]","[0.9999999999999998, 0.9999999999999998, 0.9999999999999998, 0.9999999999999998, 0.9999999999999998, 0.9999999999999998, 0.9999999999999998, 0.9999999999999998, 0.9999999999999998, 0.9999999999999998, 0.9999999999999998, 0.9999999999999998, 0.9999999999999998, 0.9999999999999998, 0.9999999999999998, 0.9999999999999998, 0.9999999999999998, 0.9999999999999998, 0.9999999999999998, 0.9999999999999998, 0.9999999999999998, 0.9999999999999998, 0.9999999999999998, 0.9999999999999998, 0.9999999999999998, 0.9999999999999998, 0.9999999999999998, 0.9999999999999998, 0.9999999999999998, 0.9999999999999998]","[1.0, 1.0, 1.0, 1.0, 1.0, 1.0, 1.0, 1.0, 1.0, 1.0, 1.0, 1.0, 1.0, 1.0, 1.0, 1.0, 1.0, 1.0, 1.0, 1.0, 1.0, 1.0, 1.0, 1.0, 1.0, 1.0, 1.0, 1.0, 1.0, 1.0]","[1.0, 1.0, 1.0, 1.0, 1.0, 1.0, 1.0, 1.0, 1.0, 1.0, 1.0, 1.0, 1.0, 1.0, 1.0, 1.0, 1.0, 1.0, 1.0, 1.0, 1.0, 1.0, 1.0, 1.0, 1.0, 1.0, 1.0, 1.0, 1.0, 1.0]"
california,rf,5000,7,8,b2_stratified,4.9899895586895495e-05,2.735178133672717e-05,6.237486948361937e-06,3.4189726670908962e-06,4.042876549655908e-05,5.90829955626224e-05,1.0,0.9984126984126983,0.005939138709164965,0.9960317460317459,1.0,0.995238095238095,0.017817416127494927,1.0,0.0,1.0,0.0,4.716915471053448e-06,0.0,5000.0,53.88077456667185,1.452942100953802,5000.0,"[6.853622568961445e-05, 2.6726999161130543e-05, 3.38194960319181e-05, 3.111116851266186e-05, 1.3886685452647828e-06, 4.674500716828984e-05, 3.416624093460277e-05, 3.682876353214039e-05, 6.140338272146457e-05, 3.7096846935716476e-05, 6.926832611443785e-05, 6.375109806890992e-05, 2.768216898712675e-05, 9.510296889373083e-05, 4.2225561735116894e-05, 1.808871645151603e-05, 1.779467910078535e-05, 0.00010188751861103652, 2.5608371036445694e-05, 9.614733531410981e-06, 7.915977809268764e-05, 7.377848518452317e-05, 5.6798775047966806e-05, 8.416527053240479e-05, 7.89673890495665e-05, 4.5765052733563155e-05, 6.0871380381547936e-05, 8.829804474682497e-05, 7.520481918272161e-05, 5.140930891737353e-06]","[1.0, 0.9761904761904763, 1.0, 1.0, 1.0, 1.0, 1.0, 1.0, 1.0, 1.0, 1.0, 1.0, 1.0, 1.0, 1.0, 1.0, 1.0, 1.0, 1.0, 1.0, 1.0, 1.0, 1.0, 1.0, 1.0, 0.9761904761904763, 1.0, 1.0, 1.0, 1.0]","[0.9999999999999998, 0.9285714285714285, 0.9999999999999998, 0.9999999999999998, 0.9999999999999998, 0.9999999999999998, 0.9999999999999998, 0.9999999999999998, 0.9999999999999998, 0.9999999999999998, 0.9999999999999998, 0.9999999999999998, 0.9999999999999998, 0.9999999999999998, 0.9999999999999998, 0.9999999999999998, 0.9999999999999998, 0.9999999999999998, 0.9999999999999998, 0.9999999999999998, 0.9999999999999998, 0.9999999999999998, 0.9999999999999998, 0.9999999999999998, 0.9999999999999998, 0.9285714285714285, 0.9999999999999998, 0.9999999999999998, 0.9999999999999998, 0.9999999999999998]","[1.0, 1.0, 1.0, 1.0, 1.0, 1.0, 1.0, 1.0, 1.0, 1.0, 1.0, 1.0, 1.0, 1.0, 1.0, 1.0, 1.0, 1.0, 1.0, 1.0, 1.0, 1.0, 1.0, 1.0, 1.0, 1.0, 1.0, 1.0, 1.0, 1.0]","[1.0, 1.0, 1.0, 1.0, 1.0, 1.0, 1.0, 1.0, 1.0, 1.0, 1.0, 1.0, 1.0, 1.0, 1.0, 1.0, 1.0, 1.0, 1.0, 1.0, 1.0, 1.0, 1.0, 1.0, 1.0, 1.0, 1.0, 1.0, 1.0, 1.0]"
california,rf,5000,7,8,b3_is,8.202707118551443e-05,4.5840302834312506e-05,1.0253383898189303e-05,5.730037854289063e-06,6.643679223723729e-05,9.89900751850217e-05,1.6438325215064384,0.9904761904761905,0.011664236870396045,0.9865079365079362,0.9944444444444446,0.9714285714285712,0.03499271061118819,1.0,0.0,1.0,0.0,5.576838418491786e-06,0.0,5000.0,54.188607923334345,1.4216882448856458,5000.0,"[3.0088492514469557e-05, 0.00014370011700254868, 7.558788858635713e-05, 8.89811881382729e-05, 5.355385797876292e-05, 4.2605082740950846e-05, 0.00020170647001866639, 0.0001869923975453066, 8.559995036926296e-05, 4.128718700785599e-05, 4.322440380220269e-05, 4.087208311344924e-05, 2.5833621168360745e-05, 3.49191100429147e-05, 0.00010782590705906923, 7.683515350111126e-05, 5.091277187834893e-05, 7.838469384331333e-05, 0.00010181029234635451, 0.00010378472538449502, 7.078243145153144e-05, 0.0001478194377858048, 0.0001431287385487727, 2.8949668849266672e-05, 0.00012727472855922887, 5.29319485546736e-05, 5.584726137141196e-05, 4.774321835964824e-05, 7.682315055879867e-05, 9.500615748422216e-05]","[1.0, 1.0, 1.0, 0.9761904761904763, 1.0, 0.9761904761904763, 1.0, 0.9761904761904763, 0.9761904761904763, 1.0, 1.0, 1.0, 1.0, 0.9761904761904763, 1.0, 0.9761904761904763, 0.9761904761904763, 0.9761904761904763, 1.0, 1.0, 1.0, 0.9761904761904763, 1.0, 0.9761904761904763, 1.0, 1.0, 1.0, 1.0, 0.9761904761904763, 0.9761904761904763]","[0.9999999999999998, 0.9999999999999998, 0.9999999999999998, 0.9285714285714285, 0.9999999999999998, 0.9285714285714285, 0.9999999999999998, 0.9285714285714285, 0.9285714285714285, 0.9999999999999998, 0.9999999999999998, 0.9999999999999998, 0.9999999999999998, 0.9285714285714285, 0.9999999999999998, 0.9285714285714285, 0.9285714285714285, 0.9285714285714285, 0.9999999999999998, 0.9999999999999998, 0.9999999999999998, 0.9285714285714285, 0.9999999999999998, 0.9285714285714285, 0.9999999999999998, 0.9999999999999998, 0.9999999999999998, 0.9999999999999998, 0.9285714285714285, 0.9285714285714285]","[1.0, 1.0, 1.0, 1.0, 1.0, 1.0, 1.0, 1.0, 1.0, 1.0, 1.0, 1.0, 1.0, 1.0, 1.0, 1.0, 1.0, 1.0, 1.0, 1.0, 1.0, 1.0, 1.0, 1.0, 1.0, 1.0, 1.0, 1.0, 1.0, 1.0]","[1.0, 1.0, 1.0, 1.0, 1.0, 1.0, 1.0, 1.0, 1.0, 1.0, 1.0, 1.0, 1.0, 1.0, 1.0, 1.0, 1.0, 1.0, 1.0, 1.0, 1.0, 1.0, 1.0, 1.0, 1.0, 1.0, 1.0, 1.0, 1.0, 1.0]"
california,rf,5000,7,8,b4_antithetic,0.00025728258793043736,3.7734359135484184e-05,3.216032349130467e-05,4.716794891935523e-06,0.00024352645400907438,0.0002712999858419254,5.155974474583948,1.0,0.0,1.0,1.0,0.9999999999999998,0.0,1.0,0.0,1.0,0.0,9.954687209153153e-07,0.0,5000.0,54.109519040003455,2.0798285632382085,5000.0,"[0.00027028106340304387, 0.0002078071124908364, 0.00024181019259271382, 0.00028658356902199714, 0.0002586948427134031, 0.0002896398854711288, 0.0003105722554559006, 0.0003108901332070026, 0.00024203963861550463, 0.00025675903492389127, 0.00021081041245538663, 0.00022105859728504076, 0.0001791218681477371, 0.00023556844585422406, 0.0001802657422582782, 0.00021888061479277587, 0.00032602413912153646, 0.00021599983147803608, 0.00030157413111855805, 0.0002721605866123705, 0.0002661256390603552, 0.0002989017643485992, 0.00027373322691193224, 0.00026605280393879473, 0.0002194277792191968, 0.0002651398489926624, 0.0003012345671135347, 0.00027532203288114615, 0.00026147799036043686, 0.0002545198880670965]","[1.0, 1.0, 1.0, 1.0, 1.0, 1.0, 1.0, 1.0, 1.0, 1.0, 1.0, 1.0, 1.0, 1.0, 1.0, 1.0, 1.0, 1.0, 1.0, 1.0, 1.0, 1.0, 1.0, 1.0, 1.0, 1.0, 1.0, 1.0, 1.0, 1.0]","[0.9999999999999998, 0.9999999999999998, 0.9999999999999998, 0.9999999999999998, 0.9999999999999998, 0.9999999999999998, 0.9999999999999998, 0.9999999999999998, 0.9999999999999998, 0.9999999999999998, 0.9999999999999998, 0.9999999999999998, 0.9999999999999998, 0.9999999999999998, 0.9999999999999998, 0.9999999999999998, 0.9999999999999998, 0.9999999999999998, 0.9999999999999998, 0.9999999999999998, 0.9999999999999998, 0.9999999999999998, 0.9999999999999998, 0.9999999999999998, 0.9999999999999998, 0.9999999999999998, 0.9999999999999998, 0.9999999999999998, 0.9999999999999998, 0.9999999999999998]","[1.0, 1.0, 1.0, 1.0, 1.0, 1.0, 1.0, 1.0, 1.0, 1.0, 1.0, 1.0, 1.0, 1.0, 1.0, 1.0, 1.0, 1.0, 1.0, 1.0, 1.0, 1.0, 1.0, 1.0, 1.0, 1.0, 1.0, 1.0, 1.0, 1.0]","[1.0, 1.0, 1.0, 1.0, 1.0, 1.0, 1.0, 1.0, 1.0, 1.0, 1.0, 1.0, 1.0, 1.0, 1.0, 1.0, 1.0, 1.0, 1.0, 1.0, 1.0, 1.0, 1.0, 1.0, 1.0, 1.0, 1.0, 1.0, 1.0, 1.0]"
california,rf,5000,8,8,abc_shap,0.014715726614745172,0.014382857502034982,0.0018394658268431464,0.0017978571877543727,0.009487545799837623,0.02004790364182547,43.45248821828595,0.8698412698412699,0.09869391464577658,0.8341269841269842,0.9039880952380952,0.7595238095238094,0.12574043739534185,0.7666666666666668,0.1527525231651947,0.8733333333333334,0.10934146311237813,0.001684913512886328,2496.0,2504.0,51.174670703330776,2.6931510897875803,2496.0,"[0.00919804535331579, 0.002084344293609213, 0.04328737763041507, 0.008885024164196703, 0.00086965642696832, 0.03575494189994712, 0.04581953042897085, 0.0028274245716833867, 0.02263716581565524, 0.028924819027909464, 0.019347753952286485, 0.0012649898315761482, 0.014390892500552165, 0.008350366787895417, 0.006375311930835902, 0.014411489492279595, 0.0310932074323805, 0.0389787320409639, 0.0057630403675568995, 0.0011327317305441294, 0.01189331337586946, 0.0024623268558026574, 0.03598915313521294, 0.002971826984472593, 0.004487997551576674, 0.0012313399101032576, 0.03152292959254036, 0.004963060143987261, 0.003161556586526405, 0.0013914486267211144]","[0.9523809523809524, 0.9285714285714287, 0.9047619047619048, 0.9047619047619048, 0.9761904761904763, 0.6904761904761906, 0.5714285714285715, 0.880952380952381, 0.7857142857142858, 0.7857142857142858, 0.7619047619047621, 0.9761904761904763, 0.9523809523809524, 0.7857142857142858, 0.9761904761904763, 0.7857142857142858, 0.7857142857142858, 0.9047619047619048, 0.9523809523809524, 0.9761904761904763, 0.8095238095238096, 0.9047619047619048, 0.7857142857142858, 0.9047619047619048, 0.9047619047619048, 0.9523809523809524, 0.7857142857142858, 0.8571428571428572, 0.9761904761904763, 0.9761904761904763]","[0.8571428571428571, 0.8571428571428571, 0.7857142857142856, 0.7857142857142856, 0.9285714285714285, 0.5714285714285714, 0.4999999999999999, 0.7142857142857142, 0.6428571428571428, 0.6428571428571428, 0.5714285714285714, 0.9285714285714285, 0.8571428571428571, 0.6428571428571428, 0.9285714285714285, 0.6428571428571428, 0.6428571428571428, 0.7857142857142856, 0.8571428571428571, 0.9285714285714285, 0.6428571428571428, 0.7857142857142856, 0.6428571428571428, 0.7857142857142856, 0.7857142857142856, 0.8571428571428571, 0.6428571428571428, 0.7142857142857142, 0.9285714285714285, 0.9285714285714285]","[1.0, 1.0, 0.6666666666666666, 0.6666666666666666, 1.0, 0.6666666666666666, 0.6666666666666666, 0.6666666666666666, 0.6666666666666666, 0.6666666666666666, 0.6666666666666666, 0.6666666666666666, 1.0, 0.6666666666666666, 1.0, 0.6666666666666666, 0.6666666666666666, 0.6666666666666666, 0.6666666666666666, 1.0, 0.6666666666666666, 0.6666666666666666, 0.6666666666666666, 0.6666666666666666, 0.6666666666666666, 1.0, 0.6666666666666666, 0.6666666666666666, 1.0, 1.0]","[1.0, 0.8, 1.0, 1.0, 1.0, 0.8, 0.6, 0.8, 0.8, 0.8, 0.8, 1.0, 1.0, 0.8, 1.0, 0.8, 0.8, 1.0, 1.0, 1.0, 0.8, 0.8, 0.8, 0.8, 0.8, 0.8, 0.8, 0.8, 1.0, 1.0]"
california,rf,5000,8,8,b1_uniform,0.0004259329772118108,0.00024159654881642057,5.324162215147635e-05,3.019956860205257e-05,0.0003491425778711255,0.0005227677055970446,1.2576917306638997,0.9714285714285713,0.014285714285714282,0.9666666666666667,0.9761904761904764,0.9142857142857141,0.042857142857142816,1.0,0.0,0.8200000000000002,0.06,3.26608500373361e-05,0.0,5000.0,50.155933253332236,3.8523280156642326,5000.0,"[0.00032310248751320913, 0.00045971997207549197, 0.000385791824348009, 0.0008819909218044568, 0.0002954043334944236, 0.0004542921932877802, 0.00129776774840354, 0.00027259488139977307, 0.00043958590366733805, 0.00012897290689994426, 0.00043903326175223287, 0.00024816031426426433, 0.0007513974576277624, 0.00014535224018161238, 0.0003627398422847708, 0.00036691788407137494, 7.619717487976703e-05, 0.00044510500464286, 0.0002672754676520045, 0.0006597700352404378, 0.00025997364636763746, 0.0005284913820513776, 0.0002660976454231082, 0.00041155731245925617, 0.00026795427525143676, 0.0003919159053878195, 0.0004283225674292112, 0.0002454019164886296, 0.0006551508766111109, 0.0006219519333936819]","[0.9761904761904763, 0.9761904761904763, 0.9761904761904763, 0.9523809523809524, 0.9761904761904763, 0.9523809523809524, 0.9761904761904763, 0.9761904761904763, 0.9761904761904763, 1.0, 0.9523809523809524, 0.9761904761904763, 0.9523809523809524, 0.9761904761904763, 0.9761904761904763, 0.9761904761904763, 1.0, 0.9523809523809524, 0.9761904761904763, 0.9761904761904763, 0.9523809523809524, 0.9523809523809524, 0.9761904761904763, 0.9761904761904763, 1.0, 0.9761904761904763, 0.9761904761904763, 0.9761904761904763, 0.9523809523809524, 0.9523809523809524]","[0.9285714285714285, 0.9285714285714285, 0.9285714285714285, 0.8571428571428571, 0.9285714285714285, 0.8571428571428571, 0.9285714285714285, 0.9285714285714285, 0.9285714285714285, 0.9999999999999998, 0.8571428571428571, 0.9285714285714285, 0.8571428571428571, 0.9285714285714285, 0.9285714285714285, 0.9285714285714285, 0.9999999999999998, 0.8571428571428571, 0.9285714285714285, 0.9285714285714285, 0.8571428571428571, 0.8571428571428571, 0.9285714285714285, 0.9285714285714285, 0.9999999999999998, 0.9285714285714285, 0.9285714285714285, 0.9285714285714285, 0.8571428571428571, 0.8571428571428571]","[1.0, 1.0, 1.0, 1.0, 1.0, 1.0, 1.0, 1.0, 1.0, 1.0, 1.0, 1.0, 1.0, 1.0, 1.0, 1.0, 1.0, 1.0, 1.0, 1.0, 1.0, 1.0, 1.0, 1.0, 1.0, 1.0, 1.0, 1.0, 1.0, 1.0]","[0.8, 0.8, 0.8, 0.8, 0.8, 0.8, 0.8, 0.8, 0.8, 1.0, 0.8, 0.8, 0.8, 0.8, 0.8, 0.8, 1.0, 0.8, 0.8, 0.8, 0.8, 0.8, 0.8, 0.8, 1.0, 0.8, 0.8, 0.8, 0.8, 0.8]"
california,rf,5000,8,8,b2_stratified,0.0003386624614180876,0.0003022366744631163,4.233280767726095e-05,3.777958430788954e-05,0.0002468292153560003,0.0004638190312816973,1.0,0.9880952380952382,0.011904761904761862,0.984126984126984,0.992063492063492,0.9642857142857141,0.03571428571428565,0.8555555555555556,0.16517854163687232,0.9933333333333334,0.03590109871423002,3.990554308681708e-05,0.0,5000.0,50.97494410000703,2.2929165692621725,5000.0,"[0.00015979158028506197, 0.0016239416224799472, 0.0004996261406302349, 0.0005192232433919661, 0.00019089971075812365, 0.0005066755844412047, 0.00014695211115041645, 0.00014807301921001588, 0.00028440820991502676, 0.0001840695439510152, 0.0001816222978259083, 0.000778939899538128, 0.00010994582561865258, 4.592866666822243e-05, 0.00032025818948839434, 0.00034932171786209825, 0.0002684946688304957, 0.0007835191072036662, 0.0004299968893468643, 0.00017652575338637856, 0.00022843250373510957, 0.0002072445882329445, 0.00014191707197430808, 0.0001376000899358605, 0.00012875955794886145, 0.00041616823191710625, 0.00010808060120843611, 0.0005237411491910103, 0.0002972531665916434, 0.0002624630998255254]","[0.9761904761904763, 1.0, 1.0, 0.9761904761904763, 0.9761904761904763, 0.9761904761904763, 0.9761904761904763, 1.0, 0.9761904761904763, 0.9761904761904763, 1.0, 1.0, 1.0, 1.0, 0.9761904761904763, 0.9761904761904763, 0.9761904761904763, 1.0, 0.9761904761904763, 0.9761904761904763, 0.9761904761904763, 1.0, 0.9761904761904763, 1.0, 1.0, 1.0, 1.0, 0.9761904761904763, 1.0, 1.0]","[0.9285714285714285, 0.9999999999999998, 0.9999999999999998, 0.9285714285714285, 0.9285714285714285, 0.9285714285714285, 0.9285714285714285, 0.9999999999999998, 0.9285714285714285, 0.9285714285714285, 0.9999999999999998, 0.9999999999999998, 0.9999999999999998, 0.9999999999999998, 0.9285714285714285, 0.9285714285714285, 0.9285714285714285, 0.9999999999999998, 0.9285714285714285, 0.9285714285714285, 0.9285714285714285, 0.9999999999999998, 0.9285714285714285, 0.9999999999999998, 0.9999999999999998, 0.9999999999999998, 0.9999999999999998, 0.9285714285714285, 0.9999999999999998, 0.9999999999999998]","[0.6666666666666666, 1.0, 1.0, 1.0, 0.6666666666666666, 0.6666666666666666, 0.6666666666666666, 1.0, 0.6666666666666666, 0.6666666666666666, 1.0, 1.0, 1.0, 1.0, 0.6666666666666666, 1.0, 0.6666666666666666, 1.0, 0.6666666666666666, 0.6666666666666666, 0.6666666666666666, 1.0, 0.6666666666666666, 1.0, 1.0, 1.0, 1.0, 0.6666666666666666, 1.0, 1.0]","[1.0, 1.0, 1.0, 1.0, 1.0, 1.0, 1.0, 1.0, 1.0, 1.0, 1.0, 1.0, 1.0, 1.0, 1.0, 0.8, 1.0, 1.0, 1.0, 1.0, 1.0, 1.0, 1.0, 1.0, 1.0, 1.0, 1.0, 1.0, 1.0, 1.0]"
california,rf,5000,8,8,b3_is,0.0003609914743857113,0.00020622965028064646,4.512393429821391e-05,2.5778706285080808e-05,0.0002935638694648444,0.0004397515483678173,1.0659329435985465,0.9825396825396824,0.014974573225486641,0.976984126984127,0.9880952380952379,0.9476190476190474,0.044923719676459944,0.8333333333333335,0.16666666666666666,0.9933333333333334,0.03590109871423002,3.746332343640049e-05,0.0,5000.0,52.34288977666486,4.332570366957289,5000.0,"[0.00041963537868954935, 0.00033689374234921585, 0.00021871593077077466, 0.00029888078200488035, 0.00020940399792102597, 6.833267515407967e-05, 9.549172773965445e-05, 0.00011570645739847391, 0.00012298595135004658, 0.0003313459294164352, 0.0007318941991572334, 0.00023721257733328645, 0.00015188317580689696, 0.00024179718601088172, 0.0005176639669367906, 0.0005008958883125006, 0.000601831792021766, 0.0007994149795044624, 0.00039589557294267107, 0.00020718427528365756, 0.00030618453784428585, 0.0008252075774730395, 0.0005161359801168915, 0.00025389208411520853, 0.00025319076917299286, 0.0006237241627171452, 0.0004191819804901837, 0.0005767281023814181, 0.00022426644143038133, 0.0002281664097255109]","[1.0, 1.0, 0.9761904761904763, 0.9761904761904763, 0.9761904761904763, 1.0, 1.0, 0.9761904761904763, 1.0, 0.9523809523809524, 0.9761904761904763, 0.9761904761904763, 0.9761904761904763, 0.9761904761904763, 1.0, 0.9761904761904763, 0.9761904761904763, 1.0, 0.9761904761904763, 0.9761904761904763, 1.0, 0.9523809523809524, 1.0, 1.0, 0.9761904761904763, 0.9761904761904763, 0.9761904761904763, 1.0, 0.9761904761904763, 0.9523809523809524]","[0.9999999999999998, 0.9999999999999998, 0.9285714285714285, 0.9285714285714285, 0.9285714285714285, 0.9999999999999998, 0.9999999999999998, 0.9285714285714285, 0.9999999999999998, 0.8571428571428571, 0.9285714285714285, 0.9285714285714285, 0.9285714285714285, 0.9285714285714285, 0.9999999999999998, 0.9285714285714285, 0.9285714285714285, 0.9999999999999998, 0.9285714285714285, 0.9285714285714285, 0.9999999999999998, 0.8571428571428571, 0.9999999999999998, 0.9999999999999998, 0.9285714285714285, 0.9285714285714285, 0.9285714285714285, 0.9999999999999998, 0.9285714285714285, 0.8571428571428571]","[1.0, 1.0, 1.0, 1.0, 0.6666666666666666, 1.0, 1.0, 0.6666666666666666, 1.0, 0.6666666666666666, 0.6666666666666666, 0.6666666666666666, 0.6666666666666666, 0.6666666666666666, 1.0, 1.0, 0.6666666666666666, 1.0, 0.6666666666666666, 0.6666666666666666, 1.0, 0.6666666666666666, 1.0, 1.0, 0.6666666666666666, 0.6666666666666666, 0.6666666666666666, 1.0, 1.0, 0.6666666666666666]","[1.0, 1.0, 1.0, 1.0, 1.0, 1.0, 1.0, 1.0, 1.0, 1.0, 1.0, 1.0, 1.0, 1.0, 1.0, 1.0, 1.0, 1.0, 1.0, 1.0, 1.0, 0.8, 1.0, 1.0, 1.0, 1.0, 1.0, 1.0, 1.0, 1.0]"
california,rf,5000,8,8,b4_antithetic,0.000169731759269538,3.0472681515941987e-05,2.121646990869225e-05,3.8090851894927483e-06,0.00015894580362374604,0.0001805359808113294,0.501182677757721,0.9761904761904759,3.3306690738754696e-16,0.9761904761904759,0.9761904761904759,0.9285714285714283,2.220446049250313e-16,1.0,0.0,0.8000000000000003,2.220446049250313e-16,6.261597440640799e-07,0.0,5000.0,50.4656255433365,2.5727282931547024,5000.0,"[0.00014005117756870023, 0.00015820137036752328, 0.0002040253396965478, 0.0001735698450203488, 0.00019478543045543264, 0.0001549605960164924, 0.000154181724051916, 0.00017366913517418193, 0.00011676067947665741, 0.00017197140514262755, 0.0001474523081738943, 0.00016315968160660968, 0.00020763206958445083, 0.00022107557322225023, 0.00016011346480594054, 0.00015048997495241368, 0.0002192060153568558, 0.0001277774194611123, 0.00017459317636687595, 0.0001700931270640205, 0.00019299983934457349, 0.00015992893419745395, 0.00010396447477237577, 0.00013899167137609687, 0.00014583167199947738, 0.0001723402307467516, 0.00021837771705267788, 0.0002048158332839832, 0.00015502087815017968, 0.00021591201359771683]","[0.9761904761904763, 0.9761904761904763, 0.9761904761904763, 0.9761904761904763, 0.9761904761904763, 0.9761904761904763, 0.9761904761904763, 0.9761904761904763, 0.9761904761904763, 0.9761904761904763, 0.9761904761904763, 0.9761904761904763, 0.9761904761904763, 0.9761904761904763, 0.9761904761904763, 0.9761904761904763, 0.9761904761904763, 0.9761904761904763, 0.9761904761904763, 0.9761904761904763, 0.9761904761904763, 0.9761904761904763, 0.9761904761904763, 0.9761904761904763, 0.9761904761904763, 0.9761904761904763, 0.9761904761904763, 0.9761904761904763, 0.9761904761904763, 0.9761904761904763]","[0.9285714285714285, 0.9285714285714285, 0.9285714285714285, 0.9285714285714285, 0.9285714285714285, 0.9285714285714285, 0.9285714285714285, 0.9285714285714285, 0.9285714285714285, 0.9285714285714285, 0.9285714285714285, 0.9285714285714285, 0.9285714285714285, 0.9285714285714285, 0.9285714285714285, 0.9285714285714285, 0.9285714285714285, 0.9285714285714285, 0.9285714285714285, 0.9285714285714285, 0.9285714285714285, 0.9285714285714285, 0.9285714285714285, 0.9285714285714285, 0.9285714285714285, 0.9285714285714285, 0.9285714285714285, 0.9285714285714285, 0.9285714285714285, 0.9285714285714285]","[1.0, 1.0, 1.0, 1.0, 1.0, 1.0, 1.0, 1.0, 1.0, 1.0, 1.0, 1.0, 1.0, 1.0, 1.0, 1.0, 1.0, 1.0, 1.0, 1.0, 1.0, 1.0, 1.0, 1.0, 1.0, 1.0, 1.0, 1.0, 1.0, 1.0]","[0.8, 0.8, 0.8, 0.8, 0.8, 0.8, 0.8, 0.8, 0.8, 0.8, 0.8, 0.8, 0.8, 0.8, 0.8, 0.8, 0.8, 0.8, 0.8, 0.8, 0.8, 0.8, 0.8, 0.8, 0.8, 0.8, 0.8, 0.8, 0.8, 0.8]"
california,rf,5000,9,8,abc_shap,0.015948979173819235,0.014653609792896562,0.0019936223967274044,0.0018317012241120703,0.010941530986333046,0.02192523778239051,67.13071962900128,0.8452380952380952,0.10208521331972438,0.8078968253968254,0.8785714285714286,0.726190476190476,0.14763824759930946,0.9888888888888888,0.059835164523716726,0.8133333333333336,0.07180219742846004,0.0017298457719594823,2496.0,2504.0,54.27011042333906,3.005087296625421,2496.0,"[0.012245475655068587, 0.0187447868253563, 0.001003402783412186, 0.012510799525376865, 0.007654115129214669, 0.02958730454723024, 0.020361011045142603, 0.0012608747284964734, 0.006025502552058089, 0.01108170071902514, 0.0013793148518638912, 0.014104078703591162, 0.019797968254337633, 0.02338098407600168, 0.05269038187023177, 0.008850928783999033, 0.0076682284266280844, 0.05744582409339455, 0.012678499859588042, 0.023241025058620964, 0.0014656645100720716, 0.034705355502122975, 0.0004951373618471631, 0.0009435578875381396, 0.0017395362307479642, 0.019055182059789396, 0.0002716430399545654, 0.014253320447736842, 0.0276153826137868, 0.03621238807234318]","[0.7857142857142858, 0.7857142857142858, 0.9761904761904763, 0.9523809523809524, 0.9523809523809524, 0.7619047619047621, 0.7857142857142858, 1.0, 0.7857142857142858, 0.7857142857142858, 0.9761904761904763, 0.7857142857142858, 0.7857142857142858, 0.7857142857142858, 0.7619047619047621, 0.7857142857142858, 0.9523809523809524, 0.5714285714285715, 0.7857142857142858, 0.7619047619047621, 0.9761904761904763, 0.7619047619047621, 0.880952380952381, 0.9285714285714287, 0.9761904761904763, 0.7857142857142858, 0.9761904761904763, 0.9523809523809524, 0.8333333333333335, 0.7619047619047621]","[0.6428571428571428, 0.6428571428571428, 0.9285714285714285, 0.8571428571428571, 0.8571428571428571, 0.5714285714285714, 0.6428571428571428, 0.9999999999999998, 0.6428571428571428, 0.6428571428571428, 0.9285714285714285, 0.6428571428571428, 0.6428571428571428, 0.6428571428571428, 0.5714285714285714, 0.6428571428571428, 0.8571428571428571, 0.42857142857142855, 0.6428571428571428, 0.5714285714285714, 0.9285714285714285, 0.5714285714285714, 0.7857142857142856, 0.8571428571428571, 0.9285714285714285, 0.6428571428571428, 0.9285714285714285, 0.8571428571428571, 0.7142857142857142, 0.5714285714285714]","[1.0, 1.0, 1.0, 1.0, 1.0, 1.0, 1.0, 1.0, 1.0, 1.0, 1.0, 1.0, 1.0, 1.0, 1.0, 1.0, 1.0, 1.0, 1.0, 0.6666666666666666, 1.0, 1.0, 1.0, 1.0, 1.0, 1.0, 1.0, 1.0, 1.0, 1.0]","[0.8, 0.8, 0.8, 0.8, 0.8, 0.8, 0.8, 1.0, 0.8, 0.8, 1.0, 0.8, 0.8, 0.8, 0.8, 0.8, 0.8, 0.6, 0.8, 0.8, 0.8, 0.8, 0.8, 1.0, 0.8, 0.8, 0.8, 0.8, 0.8, 0.8]"
california,rf,5000,9,8,b1_uniform,0.0018858243785023503,0.0006645517772912594,0.00023572804731279378,8.306897216140743e-05,0.0016500151598155752,0.0021322308072108304,7.9376081843902275,0.7674603174603177,0.014655702629063,0.7619047619047622,0.7730158730158732,0.5880952380952381,0.04396710788718902,0.9444444444444444,0.12422599874998834,0.8000000000000003,2.220446049250313e-16,3.268547940102055e-05,0.0,5000.0,52.23818985999872,2.790417604549107,5000.0,"[0.0033963447232790017, 0.0017771349578459077, 0.002557377694384458, 0.0014200867861411234, 0.002302902558600525, 0.0018453226990178702, 0.0018290749947804448, 0.001991735396021285, 0.002574282344001675, 0.0018887740881082709, 0.001803889889848978, 0.00280277788427174, 0.0022496670178169783, 0.002772889752999824, 0.0015344797843690294, 0.001388884856377623, 0.001456044648461682, 0.0012195595883162523, 0.001641096878102343, 0.0011548825744087253, 0.002470467907037581, 0.003566997642166777, 0.0015577807287347953, 0.001572320200680152, 0.001477891583458255, 0.0010961226169795117, 0.0013529285980886827, 0.00199649989877606, 0.0009992081247926204, 0.0008773049372023274]","[0.7857142857142858, 0.7619047619047621, 0.7619047619047621, 0.7857142857142858, 0.7619047619047621, 0.7619047619047621, 0.7619047619047621, 0.7380952380952381, 0.7619047619047621, 0.7380952380952381, 0.7619047619047621, 0.7619047619047621, 0.7619047619047621, 0.7619047619047621, 0.7857142857142858, 0.7857142857142858, 0.7619047619047621, 0.7857142857142858, 0.7380952380952381, 0.7857142857142858, 0.7857142857142858, 0.7619047619047621, 0.7857142857142858, 0.7619047619047621, 0.7619047619047621, 0.7857142857142858, 0.7619047619047621, 0.7619047619047621, 0.7857142857142858, 0.7619047619047621]","[0.6428571428571428, 0.5714285714285714, 0.5714285714285714, 0.6428571428571428, 0.5714285714285714, 0.5714285714285714, 0.5714285714285714, 0.4999999999999999, 0.5714285714285714, 0.4999999999999999, 0.5714285714285714, 0.5714285714285714, 0.5714285714285714, 0.5714285714285714, 0.6428571428571428, 0.6428571428571428, 0.5714285714285714, 0.6428571428571428, 0.4999999999999999, 0.6428571428571428, 0.6428571428571428, 0.5714285714285714, 0.6428571428571428, 0.5714285714285714, 0.5714285714285714, 0.6428571428571428, 0.5714285714285714, 0.5714285714285714, 0.6428571428571428, 0.5714285714285714]","[1.0, 1.0, 1.0, 1.0, 0.6666666666666666, 1.0, 1.0, 0.6666666666666666, 1.0, 0.6666666666666666, 1.0, 1.0, 1.0, 1.0, 1.0, 1.0, 1.0, 1.0, 0.6666666666666666, 1.0, 1.0, 1.0, 1.0, 1.0, 1.0, 1.0, 1.0, 1.0, 1.0, 0.6666666666666666]","[0.8, 0.8, 0.8, 0.8, 0.8, 0.8, 0.8, 0.8, 0.8, 0.8, 0.8, 0.8, 0.8, 0.8, 0.8, 0.8, 0.8, 0.8, 0.8, 0.8, 0.8, 0.8, 0.8, 0.8, 0.8, 0.8, 0.8, 0.8, 0.8, 0.8]"
california,rf,5000,9,8,b2_stratified,0.000237580935553223,0.0002818726816653675,2.9697616944152876e-05,3.523408520817094e-05,0.0001503566279430682,0.00034816800178092506,1.0,0.9841269841269842,0.017746571249998302,0.9777777777777779,0.9896825396825398,0.9523809523809521,0.05323971374999493,1.0,0.0,0.9266666666666666,0.09637888196533971,2.9318437357103116e-05,0.0,5000.0,53.669059063335105,3.523198471389974,5000.0,"[6.550474476093451e-05, 0.00017345462375320273, 0.00014654929426456003, 0.00016110890358413119, 0.0005153442416803335, 0.0002566499033321089, 0.00027315509755232697, 0.00012463827128031277, 0.00019424253458297821, 0.0005479829251066718, 1.2245092644002828e-05, 4.878904219196984e-05, 0.000379876937633354, 3.611432741243598e-05, 5.718373444597244e-05, 0.00012573601639486132, 1.64970817857224e-05, 4.2961855925803186e-05, 0.00014323072379047934, 0.0009254602802404491, 1.7510272321845392e-05, 0.0013469378212905502, 0.0004253447601339135, 0.00022145950168210625, 0.00016748450818951057, 7.291645954310853e-05, 8.298046918846099e-05, 0.00013038257153731838, 0.00023012449322727189, 0.00018556157711999396]","[1.0, 1.0, 0.9761904761904763, 0.9761904761904763, 0.9761904761904763, 0.9761904761904763, 1.0, 1.0, 0.9761904761904763, 1.0, 0.9761904761904763, 1.0, 0.9523809523809524, 1.0, 0.9523809523809524, 1.0, 1.0, 1.0, 0.9523809523809524, 1.0, 1.0, 0.9761904761904763, 1.0, 0.9523809523809524, 0.9761904761904763, 0.9761904761904763, 1.0, 1.0, 0.9523809523809524, 0.9761904761904763]","[0.9999999999999998, 0.9999999999999998, 0.9285714285714285, 0.9285714285714285, 0.9285714285714285, 0.9285714285714285, 0.9999999999999998, 0.9999999999999998, 0.9285714285714285, 0.9999999999999998, 0.9285714285714285, 0.9999999999999998, 0.8571428571428571, 0.9999999999999998, 0.8571428571428571, 0.9999999999999998, 0.9999999999999998, 0.9999999999999998, 0.8571428571428571, 0.9999999999999998, 0.9999999999999998, 0.9285714285714285, 0.9999999999999998, 0.8571428571428571, 0.9285714285714285, 0.9285714285714285, 0.9999999999999998, 0.9999999999999998, 0.8571428571428571, 0.9285714285714285]","[1.0, 1.0, 1.0, 1.0, 1.0, 1.0, 1.0, 1.0, 1.0, 1.0, 1.0, 1.0, 1.0, 1.0, 1.0, 1.0, 1.0, 1.0, 1.0, 1.0, 1.0, 1.0, 1.0, 1.0, 1.0, 1.0, 1.0, 1.0, 1.0, 1.0]","[1.0, 1.0, 1.0, 0.8, 0.8, 0.8, 1.0, 1.0, 0.8, 1.0, 0.8, 1.0, 0.8, 1.0, 0.8, 1.0, 1.0, 1.0, 0.8, 1.0, 1.0, 1.0, 1.0, 0.8, 1.0, 1.0, 1.0, 1.0, 0.8, 0.8]"
california,rf,5000,9,8,b3_is,0.000428460071014709,0.00032705942828175656,5.3557508876838626e-05,4.088242853521957e-05,0.0003211395461477777,0.0005477710824306476,1.8034278298341204,0.9928571428571428,0.015245533898649601,0.9865079365079364,0.9976190476190477,0.9809523809523807,0.03657688451365997,1.0,0.0,0.9666666666666667,0.07453559924999298,4.234901369018937e-05,0.0,5000.0,54.209336539996244,3.8376219833713803,5000.0,"[0.0001619512900039444, 0.00016416737596753483, 0.00018581473323978046, 0.0002748964145390085, 0.0009909973722062643, 3.741119208675974e-05, 0.0007772823169142368, 0.00030231284504808256, 5.651581310513863e-05, 0.0013384766050650284, 0.00017335150966603803, 7.16520870162353e-05, 0.0005935989216510438, 0.00015985939432958267, 0.0003105913733709492, 0.0003694087088923548, 0.0002476908083383783, 0.000587571295939631, 0.0005869061254954795, 0.00022992309247145211, 0.0008594090324907405, 0.0001525430712617188, 0.0003862718156135218, 0.0007494780737345519, 8.659853471611744e-05, 0.0009427170856577326, 0.0005468510796600367, 0.0005892196821982989, 0.00015139199971829154, 0.0007689424800433357]","[0.9761904761904763, 1.0, 1.0, 1.0, 1.0, 0.9761904761904763, 1.0, 1.0, 1.0, 0.9761904761904763, 1.0, 1.0, 1.0, 1.0, 0.9761904761904763, 1.0, 1.0, 1.0, 0.9761904761904763, 1.0, 0.9285714285714287, 1.0, 1.0, 1.0, 1.0, 1.0, 1.0, 1.0, 1.0, 0.9761904761904763]","[0.9285714285714285, 0.9999999999999998, 0.9999999999999998, 0.9999999999999998, 0.9999999999999998, 0.9285714285714285, 0.9999999999999998, 0.9999999999999998, 0.9999999999999998, 0.9285714285714285, 0.9999999999999998, 0.9999999999999998, 0.9999999999999998, 0.9999999999999998, 0.9285714285714285, 0.9999999999999998, 0.9999999999999998, 0.9999999999999998, 0.9285714285714285, 0.9999999999999998, 0.8571428571428571, 0.9999999999999998, 0.9999999999999998, 0.9999999999999998, 0.9999999999999998, 0.9999999999999998, 0.9999999999999998, 0.9999999999999998, 0.9999999999999998, 0.9285714285714285]","[1.0, 1.0, 1.0, 1.0, 1.0, 1.0, 1.0, 1.0, 1.0, 1.0, 1.0, 1.0, 1.0, 1.0, 1.0, 1.0, 1.0, 1.0, 1.0, 1.0, 1.0, 1.0, 1.0, 1.0, 1.0, 1.0, 1.0, 1.0, 1.0, 1.0]","[0.8, 1.0, 1.0, 1.0, 1.0, 0.8, 1.0, 1.0, 1.0, 0.8, 1.0, 1.0, 1.0, 1.0, 1.0, 1.0, 1.0, 1.0, 0.8, 1.0, 0.8, 1.0, 1.0, 1.0, 1.0, 1.0, 1.0, 1.0, 1.0, 1.0]"
california,rf,5000,9,8,b4_antithetic,0.0015587094722284082,0.00021605193616797242,0.00019483868402855103,2.7006492020996552e-05,0.0014821695053767788,0.001637633698606462,6.560751470225713,0.7619047619047623,2.220446049250313e-16,0.7619047619047623,0.7619047619047623,0.5714285714285714,0.0,1.0,0.0,0.8000000000000003,2.220446049250313e-16,3.859678759570364e-06,0.0,5000.0,53.02581591666482,3.5784324897968665,5000.0,"[0.0013289803489141743, 0.0014785261496847607, 0.0014163035916538243, 0.001489448381811746, 0.0014362345475964378, 0.0014811841982665273, 0.0018704230443772074, 0.0018403992700985283, 0.0016763728900843463, 0.0016726005853524883, 0.0015754814368074941, 0.0020277433788069917, 0.0016850831114180221, 0.0014521893059468744, 0.0015127039739411187, 0.001958422787687555, 0.0017647788374059853, 0.0012433253769499853, 0.0015248311117451421, 0.0014067486767855926, 0.0012182547538133802, 0.0016409426793487399, 0.0011591184665233254, 0.0015383370481577277, 0.0012650705424013045, 0.0014840547209046394, 0.0017015573631437853, 0.0016248908318637848, 0.0018698166697715627, 0.0014174600855891967]","[0.7619047619047621, 0.7619047619047621, 0.7619047619047621, 0.7619047619047621, 0.7619047619047621, 0.7619047619047621, 0.7619047619047621, 0.7619047619047621, 0.7619047619047621, 0.7619047619047621, 0.7619047619047621, 0.7619047619047621, 0.7619047619047621, 0.7619047619047621, 0.7619047619047621, 0.7619047619047621, 0.7619047619047621, 0.7619047619047621, 0.7619047619047621, 0.7619047619047621, 0.7619047619047621, 0.7619047619047621, 0.7619047619047621, 0.7619047619047621, 0.7619047619047621, 0.7619047619047621, 0.7619047619047621, 0.7619047619047621, 0.7619047619047621, 0.7619047619047621]","[0.5714285714285714, 0.5714285714285714, 0.5714285714285714, 0.5714285714285714, 0.5714285714285714, 0.5714285714285714, 0.5714285714285714, 0.5714285714285714, 0.5714285714285714, 0.5714285714285714, 0.5714285714285714, 0.5714285714285714, 0.5714285714285714, 0.5714285714285714, 0.5714285714285714, 0.5714285714285714, 0.5714285714285714, 0.5714285714285714, 0.5714285714285714, 0.5714285714285714, 0.5714285714285714, 0.5714285714285714, 0.5714285714285714, 0.5714285714285714, 0.5714285714285714, 0.5714285714285714, 0.5714285714285714, 0.5714285714285714, 0.5714285714285714, 0.5714285714285714]","[1.0, 1.0, 1.0, 1.0, 1.0, 1.0, 1.0, 1.0, 1.0, 1.0, 1.0, 1.0, 1.0, 1.0, 1.0, 1.0, 1.0, 1.0, 1.0, 1.0, 1.0, 1.0, 1.0, 1.0, 1.0, 1.0, 1.0, 1.0, 1.0, 1.0]","[0.8, 0.8, 0.8, 0.8, 0.8, 0.8, 0.8, 0.8, 0.8, 0.8, 0.8, 0.8, 0.8, 0.8, 0.8, 0.8, 0.8, 0.8, 0.8, 0.8, 0.8, 0.8, 0.8, 0.8, 0.8, 0.8, 0.8, 0.8, 0.8, 0.8]"
california,mlp,5000,0,8,abc_shap,0.010103861177480885,0.01248227197293671,0.0012629826471851106,0.0015602839966170888,0.006261328993330136,0.014976756644638914,23.278204300413936,0.9666666666666667,0.054502491153617084,0.9452182539682539,0.9833333333333331,0.9238095238095236,0.09391944249198102,1.0,0.0,0.92,0.09797958971132711,0.0012511397044745074,2496.0,2504.0,0.9549059666673808,0.013296229718912292,2496.0,"[0.012797411623506645, 0.002289096118220588, 0.02681392462088731, 0.006255939639217478, 0.006775000599531886, 0.0036665088798513946, 0.007724476622534985, 0.006493534395544435, 0.0057767677062232825, 0.0017369823448160095, 0.027368574476612242, 0.001510048100655795, 0.0584319243471248, 0.011796384560312378, 0.009077757158034308, 0.006190006549887866, 0.007224521941716616, 0.0065579783962030685, 0.0013058507323371184, 0.013714385733204187, 0.015590692600571134, 0.001321040096466269, 0.0013524961538511906, 0.005201552821314659, 0.0005345245186409646, 0.03867042104772525, 0.0008197943583735797, 0.010485884449608638, 0.0011132005735986353, 0.0045191541578538195]","[0.9761904761904763, 0.9761904761904763, 0.9761904761904763, 1.0, 0.9761904761904763, 1.0, 0.9761904761904763, 1.0, 1.0, 0.9761904761904763, 0.8333333333333335, 1.0, 0.7619047619047621, 0.9761904761904763, 0.9761904761904763, 0.9761904761904763, 0.9761904761904763, 0.9761904761904763, 0.9761904761904763, 0.9761904761904763, 0.9761904761904763, 1.0, 0.9761904761904763, 1.0, 0.9761904761904763, 0.8333333333333335, 1.0, 0.9761904761904763, 0.9761904761904763, 1.0]","[0.9285714285714285, 0.9285714285714285, 0.9285714285714285, 0.9999999999999998, 0.9285714285714285, 0.9999999999999998, 0.9285714285714285, 0.9999999999999998, 0.9999999999999998, 0.9285714285714285, 0.7142857142857142, 0.9999999999999998, 0.5714285714285714, 0.9285714285714285, 0.9285714285714285, 0.9285714285714285, 0.9285714285714285, 0.9285714285714285, 0.9285714285714285, 0.9285714285714285, 0.9285714285714285, 0.9999999999999998, 0.9285714285714285, 0.9999999999999998, 0.9285714285714285, 0.7142857142857142, 0.9999999999999998, 0.9285714285714285, 0.9285714285714285, 0.9999999999999998]","[1.0, 1.0, 1.0, 1.0, 1.0, 1.0, 1.0, 1.0, 1.0, 1.0, 1.0, 1.0, 1.0, 1.0, 1.0, 1.0, 1.0, 1.0, 1.0, 1.0, 1.0, 1.0, 1.0, 1.0, 1.0, 1.0, 1.0, 1.0, 1.0, 1.0]","[0.8, 1.0, 0.8, 1.0, 0.8, 1.0, 0.8, 1.0, 1.0, 0.8, 0.8, 1.0, 0.8, 0.8, 0.8, 1.0, 1.0, 1.0, 1.0, 1.0, 0.8, 1.0, 1.0, 1.0, 1.0, 0.8, 1.0, 0.8, 1.0, 1.0]"
california,mlp,5000,0,8,b1_uniform,0.0012371504564499271,0.0005240498168409292,0.0001546438070562409,6.550622710511615e-05,0.0010653918399821914,0.0014269345400571526,2.8502609615992265,0.9809523809523808,0.01672325992516305,0.9746031746031747,0.9865079365079364,0.9428571428571427,0.050169779775489164,1.0,0.0,0.9600000000000001,0.07999999999999999,6.541755378484842e-05,0.0,5000.0,0.8230118500068784,0.06339694731553366,5000.0,"[0.0009014983431091173, 0.0011115791467912334, 0.0030033098866887845, 0.0018546369753013785, 0.0015228488179609208, 0.0011720414077454524, 0.0021800502289083023, 0.0004206516754793377, 0.001910917347848941, 0.0005849429001456959, 0.0012251649633126145, 0.0011206212958846198, 0.0014236917855046864, 0.0012260307271823798, 0.0011943623851404467, 0.0007535053876845695, 0.0012973582069207843, 0.0007613487710350084, 0.0005042646178234667, 0.0007944133917085808, 0.0009260807328323486, 0.0009362610689149652, 0.001218704087325995, 0.0014318567417280195, 0.0008146869165107241, 0.0011615950411743912, 0.0013060754706821294, 0.0016545900559157142, 0.0010139580504592623, 0.0016874672657779478]","[1.0, 0.9761904761904763, 0.9761904761904763, 0.9523809523809524, 0.9761904761904763, 1.0, 0.9761904761904763, 0.9761904761904763, 0.9523809523809524, 1.0, 1.0, 1.0, 0.9761904761904763, 0.9761904761904763, 0.9523809523809524, 1.0, 0.9761904761904763, 1.0, 1.0, 1.0, 1.0, 0.9761904761904763, 0.9761904761904763, 0.9761904761904763, 0.9761904761904763, 0.9761904761904763, 0.9523809523809524, 0.9523809523809524, 0.9761904761904763, 1.0]","[0.9999999999999998, 0.9285714285714285, 0.9285714285714285, 0.8571428571428571, 0.9285714285714285, 0.9999999999999998, 0.9285714285714285, 0.9285714285714285, 0.8571428571428571, 0.9999999999999998, 0.9999999999999998, 0.9999999999999998, 0.9285714285714285, 0.9285714285714285, 0.8571428571428571, 0.9999999999999998, 0.9285714285714285, 0.9999999999999998, 0.9999999999999998, 0.9999999999999998, 0.9999999999999998, 0.9285714285714285, 0.9285714285714285, 0.9285714285714285, 0.9285714285714285, 0.9285714285714285, 0.8571428571428571, 0.8571428571428571, 0.9285714285714285, 0.9999999999999998]","[1.0, 1.0, 1.0, 1.0, 1.0, 1.0, 1.0, 1.0, 1.0, 1.0, 1.0, 1.0, 1.0, 1.0, 1.0, 1.0, 1.0, 1.0, 1.0, 1.0, 1.0, 1.0, 1.0, 1.0, 1.0, 1.0, 1.0, 1.0, 1.0, 1.0]","[1.0, 1.0, 1.0, 0.8, 1.0, 1.0, 1.0, 1.0, 0.8, 1.0, 1.0, 1.0, 0.8, 1.0, 0.8, 1.0, 1.0, 1.0, 1.0, 1.0, 1.0, 1.0, 1.0, 1.0, 1.0, 1.0, 0.8, 0.8, 1.0, 1.0]"
california,mlp,5000,0,8,b2_stratified,0.0004340481356330916,0.0003642788391141447,5.425601695413645e-05,4.553485488926809e-05,0.0003190370957723449,0.0005791626285794849,1.0,0.9888888888888888,0.014720029357929652,0.9833333333333333,0.9936507936507937,0.9666666666666665,0.044160088073788996,1.0,0.0,1.0,0.0,5.046847722417937e-05,0.0,5000.0,0.8378630466603985,0.06295779140901113,5000.0,"[9.587532579095357e-05, 0.00013494298015779803, 0.0002347810179443369, 0.0014433311421446942, 0.0005479134219849381, 0.000573887154287173, 0.0005341745201806417, 0.00034995791883330254, 0.0006342059954935781, 0.00041976549813681115, 5.579682423163087e-06, 0.00020040133191919025, 0.0007571101762624368, 0.0007003938068336857, 0.00035666344728821874, 0.00013423643772603522, 0.0005654709897120247, 0.0002190749338112305, 0.0005045302372102666, 0.0002894443400976265, 0.00024672457167798596, 0.00027157236352774153, 0.00034389043214858603, 0.0003186118330968968, 0.0017193788676652768, 0.0005083209553784739, 0.0005199917357452688, 0.00017811985692727889, 0.00014005638806298426, 7.303670652414844e-05]","[1.0, 0.9761904761904763, 1.0, 0.9523809523809524, 1.0, 1.0, 0.9761904761904763, 1.0, 1.0, 0.9761904761904763, 1.0, 1.0, 0.9761904761904763, 0.9523809523809524, 0.9761904761904763, 1.0, 1.0, 1.0, 1.0, 1.0, 0.9761904761904763, 0.9761904761904763, 1.0, 0.9761904761904763, 1.0, 0.9761904761904763, 1.0, 0.9761904761904763, 1.0, 1.0]","[0.9999999999999998, 0.9285714285714285, 0.9999999999999998, 0.8571428571428571, 0.9999999999999998, 0.9999999999999998, 0.9285714285714285, 0.9999999999999998, 0.9999999999999998, 0.9285714285714285, 0.9999999999999998, 0.9999999999999998, 0.9285714285714285, 0.8571428571428571, 0.9285714285714285, 0.9999999999999998, 0.9999999999999998, 0.9999999999999998, 0.9999999999999998, 0.9999999999999998, 0.9285714285714285, 0.9285714285714285, 0.9999999999999998, 0.9285714285714285, 0.9999999999999998, 0.9285714285714285, 0.9999999999999998, 0.9285714285714285, 0.9999999999999998, 0.9999999999999998]","[1.0, 1.0, 1.0, 1.0, 1.0, 1.0, 1.0, 1.0, 1.0, 1.0, 1.0, 1.0, 1.0, 1.0, 1.0, 1.0, 1.0, 1.0, 1.0, 1.0, 1.0, 1.0, 1.0, 1.0, 1.0, 1.0, 1.0, 1.0, 1.0, 1.0]","[1.0, 1.0, 1.0, 1.0, 1.0, 1.0, 1.0, 1.0, 1.0, 1.0, 1.0, 1.0, 1.0, 1.0, 1.0, 1.0, 1.0, 1.0, 1.0, 1.0, 1.0, 1.0, 1.0, 1.0, 1.0, 1.0, 1.0, 1.0, 1.0, 1.0]"
california,mlp,5000,0,8,b3_is,0.0004079696591042672,0.0002292878496569796,5.09962073880334e-05,2.866098120712245e-05,0.00032992182694818923,0.0004988777578236343,0.9399180081932917,0.9896825396825396,0.015892844757540273,0.9841269841269842,0.9952380952380951,0.9690476190476188,0.04767853427262086,1.0,0.0,1.0,0.0,3.7635053312451074e-05,0.0,5000.0,0.9435592766676564,0.06999793478393784,5000.0,"[0.0006718905236395557, 0.0005852367565160755, 0.0006099153709414295, 0.00019895717731007313, 0.00038760562935744736, 0.00032098279456543844, 0.0005313404975451798, 0.000373926611129923, 0.0004352349114436275, 0.00013847881754423032, 0.00024070005184810656, 0.0002061033879850085, 0.0011215494965127037, 7.336865350472608e-05, 0.0006201801778658208, 0.0004462520704329039, 0.0003482495609125661, 0.00037883036045941663, 0.0002729013057835998, 0.0002582790952361639, 0.0002547636631072969, 0.0004957502664511211, 0.0005978441104791506, 0.0004920779579456559, 0.0007088542235933758, 0.0003170437569313785, 0.0007462806344944418, 0.00010397603138501057, 0.00013265172076592341, 0.00016986415744066314]","[1.0, 1.0, 0.9523809523809524, 1.0, 0.9523809523809524, 0.9761904761904763, 1.0, 1.0, 1.0, 0.9761904761904763, 1.0, 1.0, 1.0, 1.0, 0.9761904761904763, 0.9761904761904763, 1.0, 1.0, 1.0, 0.9761904761904763, 1.0, 1.0, 0.9761904761904763, 0.9523809523809524, 1.0, 1.0, 1.0, 1.0, 0.9761904761904763, 1.0]","[0.9999999999999998, 0.9999999999999998, 0.8571428571428571, 0.9999999999999998, 0.8571428571428571, 0.9285714285714285, 0.9999999999999998, 0.9999999999999998, 0.9999999999999998, 0.9285714285714285, 0.9999999999999998, 0.9999999999999998, 0.9999999999999998, 0.9999999999999998, 0.9285714285714285, 0.9285714285714285, 0.9999999999999998, 0.9999999999999998, 0.9999999999999998, 0.9285714285714285, 0.9999999999999998, 0.9999999999999998, 0.9285714285714285, 0.8571428571428571, 0.9999999999999998, 0.9999999999999998, 0.9999999999999998, 0.9999999999999998, 0.9285714285714285, 0.9999999999999998]","[1.0, 1.0, 1.0, 1.0, 1.0, 1.0, 1.0, 1.0, 1.0, 1.0, 1.0, 1.0, 1.0, 1.0, 1.0, 1.0, 1.0, 1.0, 1.0, 1.0, 1.0, 1.0, 1.0, 1.0, 1.0, 1.0, 1.0, 1.0, 1.0, 1.0]","[1.0, 1.0, 1.0, 1.0, 1.0, 1.0, 1.0, 1.0, 1.0, 1.0, 1.0, 1.0, 1.0, 1.0, 1.0, 1.0, 1.0, 1.0, 1.0, 1.0, 1.0, 1.0, 1.0, 1.0, 1.0, 1.0, 1.0, 1.0, 1.0, 1.0]"
california,mlp,5000,0,8,b4_antithetic,0.0007639656783831068,9.81104511754981e-05,9.549570979788835e-05,1.2263806396937263e-05,0.0007300561130319847,0.0008005590776878,1.7600943666508457,0.9761904761904759,3.3306690738754696e-16,0.9761904761904759,0.9761904761904759,0.9285714285714283,2.220446049250313e-16,1.0,0.0,1.0,0.0,1.6138571127776849e-06,0.0,5000.0,0.7895458299977084,0.03679928365912363,5000.0,"[0.0006249498160696347, 0.0006903844298392158, 0.0006586737884363347, 0.0007854922688948844, 0.0007383663983409423, 0.0009071183670678179, 0.0007442186624585181, 0.0007976578819748857, 0.0008340599454277061, 0.0006389931831282782, 0.0006926467756406206, 0.0006284851913450285, 0.0006734051602745451, 0.0006329507346041937, 0.0007743495477839471, 0.0006444755540979773, 0.0007705021711591714, 0.0007550965158590373, 0.0007633102398188712, 0.0007036599507790568, 0.0008298281167747279, 0.0009134386998267406, 0.0008525913630013453, 0.0008869849100083219, 0.0009404840642401957, 0.0009571116649634747, 0.0008424009229914758, 0.0006418371537212256, 0.0007772328489526378, 0.0008182640240123943]","[0.9761904761904763, 0.9761904761904763, 0.9761904761904763, 0.9761904761904763, 0.9761904761904763, 0.9761904761904763, 0.9761904761904763, 0.9761904761904763, 0.9761904761904763, 0.9761904761904763, 0.9761904761904763, 0.9761904761904763, 0.9761904761904763, 0.9761904761904763, 0.9761904761904763, 0.9761904761904763, 0.9761904761904763, 0.9761904761904763, 0.9761904761904763, 0.9761904761904763, 0.9761904761904763, 0.9761904761904763, 0.9761904761904763, 0.9761904761904763, 0.9761904761904763, 0.9761904761904763, 0.9761904761904763, 0.9761904761904763, 0.9761904761904763, 0.9761904761904763]","[0.9285714285714285, 0.9285714285714285, 0.9285714285714285, 0.9285714285714285, 0.9285714285714285, 0.9285714285714285, 0.9285714285714285, 0.9285714285714285, 0.9285714285714285, 0.9285714285714285, 0.9285714285714285, 0.9285714285714285, 0.9285714285714285, 0.9285714285714285, 0.9285714285714285, 0.9285714285714285, 0.9285714285714285, 0.9285714285714285, 0.9285714285714285, 0.9285714285714285, 0.9285714285714285, 0.9285714285714285, 0.9285714285714285, 0.9285714285714285, 0.9285714285714285, 0.9285714285714285, 0.9285714285714285, 0.9285714285714285, 0.9285714285714285, 0.9285714285714285]","[1.0, 1.0, 1.0, 1.0, 1.0, 1.0, 1.0, 1.0, 1.0, 1.0, 1.0, 1.0, 1.0, 1.0, 1.0, 1.0, 1.0, 1.0, 1.0, 1.0, 1.0, 1.0, 1.0, 1.0, 1.0, 1.0, 1.0, 1.0, 1.0, 1.0]","[1.0, 1.0, 1.0, 1.0, 1.0, 1.0, 1.0, 1.0, 1.0, 1.0, 1.0, 1.0, 1.0, 1.0, 1.0, 1.0, 1.0, 1.0, 1.0, 1.0, 1.0, 1.0, 1.0, 1.0, 1.0, 1.0, 1.0, 1.0, 1.0, 1.0]"
california,mlp,5000,1,8,abc_shap,0.003103335423137801,0.002498116432803446,0.0003879169278922251,0.00031226455410043077,0.002224225309956105,0.003981846881451688,42.114520958303885,0.9634920634920634,0.031785689515080595,0.9507936507936509,0.9746230158730159,0.9095238095238093,0.06370994362028404,0.9777777777777777,0.08314794192830981,0.9733333333333333,0.06798692684790376,0.00024410565734160597,2496.0,2504.0,0.9710205966664944,0.06090374586447104,2496.0,"[0.0065373176554253355, 0.00022239133570504095, 0.004297776903290141, 0.0010968554401304628, 0.0003435495296540877, 0.00030502835915496455, 0.0026367142649602144, 0.006840270742141484, 0.001405123954951528, 0.007077039835618908, 0.006623881714616381, 0.00832674252861343, 0.0005432206627606813, 0.00424237329071652, 0.0005073369615336763, 0.0028176774507683677, 0.004327501703777868, 0.00130425208871844, 0.0013201185262894852, 0.001769843337088597, 0.0016194945354656718, 0.0027940571987970265, 0.006618134036354495, 0.000839192978890668, 0.00040215563222429425, 0.0036928981993996335, 0.005509922679031759, 0.002459180706669108, 0.006103899536200435, 0.000516110905185316]","[0.880952380952381, 0.9761904761904763, 0.9761904761904763, 0.9761904761904763, 0.9761904761904763, 0.9761904761904763, 1.0, 0.880952380952381, 0.9285714285714287, 0.9285714285714287, 0.9047619047619048, 0.9285714285714287, 0.9761904761904763, 0.9761904761904763, 0.9761904761904763, 0.9761904761904763, 0.9761904761904763, 0.9761904761904763, 0.9761904761904763, 0.9761904761904763, 1.0, 0.9761904761904763, 0.9285714285714287, 1.0, 0.9761904761904763, 1.0, 0.9761904761904763, 0.9761904761904763, 0.9761904761904763, 0.9523809523809524]","[0.7142857142857142, 0.9285714285714285, 0.9285714285714285, 0.9285714285714285, 0.9285714285714285, 0.9285714285714285, 0.9999999999999998, 0.7857142857142856, 0.8571428571428571, 0.8571428571428571, 0.7857142857142856, 0.8571428571428571, 0.9285714285714285, 0.9285714285714285, 0.9285714285714285, 0.9285714285714285, 0.9285714285714285, 0.9285714285714285, 0.9285714285714285, 0.9285714285714285, 0.9999999999999998, 0.9285714285714285, 0.8571428571428571, 0.9999999999999998, 0.9285714285714285, 0.9999999999999998, 0.9285714285714285, 0.9285714285714285, 0.9285714285714285, 0.8571428571428571]","[0.6666666666666666, 1.0, 1.0, 1.0, 1.0, 1.0, 1.0, 1.0, 1.0, 1.0, 0.6666666666666666, 1.0, 1.0, 1.0, 1.0, 1.0, 1.0, 1.0, 1.0, 1.0, 1.0, 1.0, 1.0, 1.0, 1.0, 1.0, 1.0, 1.0, 1.0, 1.0]","[1.0, 1.0, 1.0, 1.0, 1.0, 1.0, 1.0, 0.8, 1.0, 0.8, 1.0, 0.8, 1.0, 1.0, 1.0, 1.0, 1.0, 1.0, 1.0, 1.0, 1.0, 1.0, 0.8, 1.0, 1.0, 1.0, 1.0, 1.0, 1.0, 1.0]"
california,mlp,5000,1,8,b1_uniform,0.0013121137219344594,0.0002956686113920633,0.00016401421524180743,3.695857642400791e-05,0.0012083175077511514,0.0014150326015394971,17.80633844156432,0.9936507936507935,0.010528967588429803,0.9896825396825396,0.9968253968253968,0.9809523809523807,0.03158690276528946,0.9888888888888888,0.059835164523716726,1.0,0.0,8.949678075114158e-06,0.0,5000.0,0.8087436133355368,0.01347753605065488,5000.0,"[0.0012010092407297097, 0.0010257948102299359, 0.0015072921053242594, 0.0011688280572576344, 0.0019297583567123467, 0.0013610416920019478, 0.0004943497055678771, 0.001090830410760986, 0.0013339261080993546, 0.0008793520059319328, 0.0008576257168787074, 0.0014584648812239547, 0.00145804247474508, 0.0010528810300066867, 0.0013124887561138951, 0.0011599477102812146, 0.0009790699635297128, 0.001230774378826856, 0.001298720446556113, 0.0012065705365838888, 0.0013141817888614267, 0.0014863516382146206, 0.001808373139892752, 0.001657534070928537, 0.0015495124369486206, 0.0014436052500597949, 0.0013987342056010592, 0.001623725148505896, 0.0016718336796564212, 0.0014027919120025636]","[1.0, 1.0, 1.0, 1.0, 1.0, 0.9761904761904763, 1.0, 1.0, 1.0, 1.0, 1.0, 1.0, 1.0, 1.0, 1.0, 1.0, 0.9761904761904763, 1.0, 1.0, 1.0, 0.9761904761904763, 1.0, 0.9761904761904763, 0.9761904761904763, 0.9761904761904763, 1.0, 1.0, 0.9761904761904763, 0.9761904761904763, 1.0]","[0.9999999999999998, 0.9999999999999998, 0.9999999999999998, 0.9999999999999998, 0.9999999999999998, 0.9285714285714285, 0.9999999999999998, 0.9999999999999998, 0.9999999999999998, 0.9999999999999998, 0.9999999999999998, 0.9999999999999998, 0.9999999999999998, 0.9999999999999998, 0.9999999999999998, 0.9999999999999998, 0.9285714285714285, 0.9999999999999998, 0.9999999999999998, 0.9999999999999998, 0.9285714285714285, 0.9999999999999998, 0.9285714285714285, 0.9285714285714285, 0.9285714285714285, 0.9999999999999998, 0.9999999999999998, 0.9285714285714285, 0.9285714285714285, 0.9999999999999998]","[1.0, 1.0, 1.0, 1.0, 1.0, 0.6666666666666666, 1.0, 1.0, 1.0, 1.0, 1.0, 1.0, 1.0, 1.0, 1.0, 1.0, 1.0, 1.0, 1.0, 1.0, 1.0, 1.0, 1.0, 1.0, 1.0, 1.0, 1.0, 1.0, 1.0, 1.0]","[1.0, 1.0, 1.0, 1.0, 1.0, 1.0, 1.0, 1.0, 1.0, 1.0, 1.0, 1.0, 1.0, 1.0, 1.0, 1.0, 1.0, 1.0, 1.0, 1.0, 1.0, 1.0, 1.0, 1.0, 1.0, 1.0, 1.0, 1.0, 1.0, 1.0]"
california,mlp,5000,1,8,b2_stratified,7.368801431245781e-05,5.047717138416891e-05,9.211001789057226e-06,6.309646423021114e-06,5.709071957686227e-05,9.292304582913644e-05,1.0,0.9801587301587299,0.013860515235375351,0.9753968253968253,0.9849206349206348,0.9404761904761901,0.041581545706126086,1.0,0.0,1.0,0.0,8.136518361336949e-06,0.0,5000.0,0.8192794566663603,0.018953214018352,5000.0,"[5.345561544058511e-05, 4.269509329660284e-05, 3.838480245456964e-05, 0.00015082416991515744, 0.00015833629353570922, 7.721062905294117e-05, 6.92416353336497e-05, 4.246262241315119e-05, 1.0787060152875518e-05, 2.7345371231169784e-05, 4.423340652988023e-05, 8.810957317682162e-05, 2.2770451062567296e-05, 2.8702259134534086e-05, 2.4819172839277864e-05, 2.635196579459727e-05, 7.52285387152292e-05, 4.662276693608531e-05, 0.0001456004541858758, 7.423050065056678e-05, 5.7679012933055195e-05, 0.00020616452809199583, 8.565300889172996e-05, 4.0230345960565364e-05, 0.0001717670618302037, 5.4053832393100484e-05, 0.0001529769554317906, 3.069304130263054e-05, 8.521049297894478e-05, 7.879976770787103e-05]","[0.9761904761904763, 0.9761904761904763, 0.9761904761904763, 1.0, 1.0, 0.9523809523809524, 0.9761904761904763, 0.9761904761904763, 1.0, 0.9761904761904763, 1.0, 0.9523809523809524, 1.0, 1.0, 1.0, 0.9761904761904763, 0.9761904761904763, 0.9761904761904763, 0.9761904761904763, 0.9523809523809524, 0.9761904761904763, 0.9761904761904763, 0.9761904761904763, 0.9761904761904763, 1.0, 0.9761904761904763, 0.9761904761904763, 0.9761904761904763, 0.9761904761904763, 0.9761904761904763]","[0.9285714285714285, 0.9285714285714285, 0.9285714285714285, 0.9999999999999998, 0.9999999999999998, 0.8571428571428571, 0.9285714285714285, 0.9285714285714285, 0.9999999999999998, 0.9285714285714285, 0.9999999999999998, 0.8571428571428571, 0.9999999999999998, 0.9999999999999998, 0.9999999999999998, 0.9285714285714285, 0.9285714285714285, 0.9285714285714285, 0.9285714285714285, 0.8571428571428571, 0.9285714285714285, 0.9285714285714285, 0.9285714285714285, 0.9285714285714285, 0.9999999999999998, 0.9285714285714285, 0.9285714285714285, 0.9285714285714285, 0.9285714285714285, 0.9285714285714285]","[1.0, 1.0, 1.0, 1.0, 1.0, 1.0, 1.0, 1.0, 1.0, 1.0, 1.0, 1.0, 1.0, 1.0, 1.0, 1.0, 1.0, 1.0, 1.0, 1.0, 1.0, 1.0, 1.0, 1.0, 1.0, 1.0, 1.0, 1.0, 1.0, 1.0]","[1.0, 1.0, 1.0, 1.0, 1.0, 1.0, 1.0, 1.0, 1.0, 1.0, 1.0, 1.0, 1.0, 1.0, 1.0, 1.0, 1.0, 1.0, 1.0, 1.0, 1.0, 1.0, 1.0, 1.0, 1.0, 1.0, 1.0, 1.0, 1.0, 1.0]"
california,mlp,5000,1,8,b3_is,0.00020003872827439436,8.527865954568134e-05,2.5004841034299295e-05,1.0659832443210168e-05,0.00017029237917898034,0.0002329076983300926,2.714671173335926,0.9547619047619048,0.0071428571428571504,0.9523809523809524,0.9579365079365079,0.8642857142857142,0.02142857142857142,1.0,0.0,1.0,0.0,6.604017908809387e-06,0.0,5000.0,0.9458722999940316,0.07851164375793175,5000.0,"[8.562620655590515e-05, 0.00020187928885035853, 0.00018864624244050978, 0.00011970746731605541, 0.00020682216503659442, 0.00022475690745213508, 0.00025880279119942654, 0.0002726925304591446, 0.00017801712776301497, 0.00017933359082404046, 0.0002330263348129614, 0.00014245878542690248, 0.0001484679930088418, 9.461659954171172e-05, 0.00025672094174846393, 0.00012483780951440086, 9.599235855273484e-05, 0.00023293016514942474, 0.0003411970371568512, 0.0002963177009616407, 0.00016831364475983513, 0.0001442487223654403, 0.0001498550908355973, 0.0004186428269740203, 0.00021646256142359495, 0.00020187046725633875, 0.000136957039877899, 4.4071169523369055e-05, 0.0003851485391692714, 0.0002527417422753474]","[0.9523809523809524, 0.9523809523809524, 0.9523809523809524, 0.9523809523809524, 0.9523809523809524, 0.9761904761904763, 0.9523809523809524, 0.9523809523809524, 0.9523809523809524, 0.9523809523809524, 0.9523809523809524, 0.9523809523809524, 0.9523809523809524, 0.9523809523809524, 0.9523809523809524, 0.9523809523809524, 0.9523809523809524, 0.9523809523809524, 0.9523809523809524, 0.9523809523809524, 0.9523809523809524, 0.9523809523809524, 0.9761904761904763, 0.9523809523809524, 0.9523809523809524, 0.9523809523809524, 0.9523809523809524, 0.9761904761904763, 0.9523809523809524, 0.9523809523809524]","[0.8571428571428571, 0.8571428571428571, 0.8571428571428571, 0.8571428571428571, 0.8571428571428571, 0.9285714285714285, 0.8571428571428571, 0.8571428571428571, 0.8571428571428571, 0.8571428571428571, 0.8571428571428571, 0.8571428571428571, 0.8571428571428571, 0.8571428571428571, 0.8571428571428571, 0.8571428571428571, 0.8571428571428571, 0.8571428571428571, 0.8571428571428571, 0.8571428571428571, 0.8571428571428571, 0.8571428571428571, 0.9285714285714285, 0.8571428571428571, 0.8571428571428571, 0.8571428571428571, 0.8571428571428571, 0.9285714285714285, 0.8571428571428571, 0.8571428571428571]","[1.0, 1.0, 1.0, 1.0, 1.0, 1.0, 1.0, 1.0, 1.0, 1.0, 1.0, 1.0, 1.0, 1.0, 1.0, 1.0, 1.0, 1.0, 1.0, 1.0, 1.0, 1.0, 1.0, 1.0, 1.0, 1.0, 1.0, 1.0, 1.0, 1.0]","[1.0, 1.0, 1.0, 1.0, 1.0, 1.0, 1.0, 1.0, 1.0, 1.0, 1.0, 1.0, 1.0, 1.0, 1.0, 1.0, 1.0, 1.0, 1.0, 1.0, 1.0, 1.0, 1.0, 1.0, 1.0, 1.0, 1.0, 1.0, 1.0, 1.0]"
california,mlp,5000,1,8,b4_antithetic,0.0013542820993858798,0.00020900622270611497,0.00016928526242323497,2.612577783826437e-05,0.0012792680975400323,0.0014321597650822223,18.378594022677074,0.9960317460317459,0.008873285624999136,0.9920634920634921,0.9984325396825396,0.9880952380952379,0.026619856874997443,0.9777777777777777,0.08314794192830981,1.0,0.0,5.211518704656356e-06,0.0,5000.0,0.7891636633333595,0.034067078606316165,5000.0,"[0.0010627416075686118, 0.0018403876174266662, 0.0015467245218969386, 0.0015241680275791792, 0.0015200729761180064, 0.0011604191023384769, 0.0013891629475566941, 0.001125041798336258, 0.0016400375723065654, 0.0015092903604170026, 0.0014799937725773426, 0.0013002290443104283, 0.0013542559974886498, 0.0013269865084137424, 0.0011190947949430703, 0.001223425801862148, 0.0017070539735825098, 0.0011455980246562576, 0.0011890599640503089, 0.0014635161359997455, 0.0014850472774830994, 0.0011931303495561158, 0.001499824843996799, 0.0012695521501677536, 0.0010764853386088563, 0.0011496009155376255, 0.0013908269911605312, 0.0015697581451332846, 0.001410490297371684, 0.0009564861231320354]","[1.0, 0.9761904761904763, 1.0, 0.9761904761904763, 1.0, 1.0, 1.0, 1.0, 0.9761904761904763, 1.0, 1.0, 1.0, 1.0, 1.0, 1.0, 1.0, 0.9761904761904763, 1.0, 1.0, 1.0, 0.9761904761904763, 1.0, 1.0, 1.0, 1.0, 1.0, 1.0, 1.0, 1.0, 1.0]","[0.9999999999999998, 0.9285714285714285, 0.9999999999999998, 0.9285714285714285, 0.9999999999999998, 0.9999999999999998, 0.9999999999999998, 0.9999999999999998, 0.9285714285714285, 0.9999999999999998, 0.9999999999999998, 0.9999999999999998, 0.9999999999999998, 0.9999999999999998, 0.9999999999999998, 0.9999999999999998, 0.9285714285714285, 0.9999999999999998, 0.9999999999999998, 0.9999999999999998, 0.9285714285714285, 0.9999999999999998, 0.9999999999999998, 0.9999999999999998, 0.9999999999999998, 0.9999999999999998, 0.9999999999999998, 0.9999999999999998, 0.9999999999999998, 0.9999999999999998]","[1.0, 0.6666666666666666, 1.0, 1.0, 1.0, 1.0, 1.0, 1.0, 0.6666666666666666, 1.0, 1.0, 1.0, 1.0, 1.0, 1.0, 1.0, 1.0, 1.0, 1.0, 1.0, 1.0, 1.0, 1.0, 1.0, 1.0, 1.0, 1.0, 1.0, 1.0, 1.0]","[1.0, 1.0, 1.0, 1.0, 1.0, 1.0, 1.0, 1.0, 1.0, 1.0, 1.0, 1.0, 1.0, 1.0, 1.0, 1.0, 1.0, 1.0, 1.0, 1.0, 1.0, 1.0, 1.0, 1.0, 1.0, 1.0, 1.0, 1.0, 1.0, 1.0]"
california,mlp,5000,2,8,abc_shap,0.013410254211077305,0.012604949773251535,0.001676281776384663,0.0015756187216564418,0.009094749238020741,0.018010097753869202,57.38189706530415,0.9095238095238097,0.09001553573814491,0.876984126984127,0.9396825396825396,0.8285714285714285,0.13375782766845845,0.8777777777777779,0.1606314699422329,0.8533333333333334,0.1359738536958076,0.0015316609485411794,2496.0,2504.0,0.9584073499989851,0.030862225121095183,2496.0,"[0.029434923221105844, 0.002223592850101939, 0.026294854055962907, 0.02083369213365768, 0.003275056394371989, 0.005468778291676527, 0.011921422223687514, 0.00934364428205595, 0.03814588000004409, 0.007957137386279267, 0.0009495551340796943, 0.006666210007114116, 0.02037903821624738, 0.005906405506395375, 0.021571198945315617, 0.0013661015489833087, 0.0032317964604656273, 0.01813440177743516, 0.00421761765112858, 0.0115026397525985, 0.0011341755869461567, 0.010086088900196667, 0.04516548393529666, 0.03230146886307158, 0.0033648477890349097, 0.0064068187083197595, 0.03923766556506193, 0.011711680891283275, 0.0015793212915636956, 0.002496128962837455]","[0.9761904761904763, 1.0, 0.9761904761904763, 0.7380952380952381, 1.0, 0.9761904761904763, 0.880952380952381, 0.9047619047619048, 0.7142857142857144, 0.9285714285714287, 0.9761904761904763, 0.880952380952381, 0.8571428571428572, 0.9761904761904763, 0.9047619047619048, 1.0, 0.9761904761904763, 0.880952380952381, 0.9047619047619048, 0.9047619047619048, 1.0, 0.9047619047619048, 0.7142857142857144, 0.7857142857142858, 0.9047619047619048, 0.9761904761904763, 0.7142857142857144, 0.9523809523809524, 1.0, 0.9761904761904763]","[0.9285714285714285, 0.9999999999999998, 0.9285714285714285, 0.6428571428571428, 0.9999999999999998, 0.9285714285714285, 0.7142857142857142, 0.7857142857142856, 0.5714285714285714, 0.8571428571428571, 0.9285714285714285, 0.7857142857142856, 0.7857142857142856, 0.9285714285714285, 0.7857142857142856, 0.9999999999999998, 0.9285714285714285, 0.7142857142857142, 0.7857142857142856, 0.7857142857142856, 0.9999999999999998, 0.7857142857142856, 0.5714285714285714, 0.6428571428571428, 0.7857142857142856, 0.9285714285714285, 0.5714285714285714, 0.8571428571428571, 0.9999999999999998, 0.9285714285714285]","[1.0, 1.0, 1.0, 1.0, 1.0, 0.6666666666666666, 1.0, 0.6666666666666666, 0.6666666666666666, 1.0, 1.0, 1.0, 1.0, 1.0, 0.6666666666666666, 1.0, 1.0, 0.6666666666666666, 1.0, 0.6666666666666666, 1.0, 0.6666666666666666, 0.6666666666666666, 0.6666666666666666, 1.0, 1.0, 0.6666666666666666, 0.6666666666666666, 1.0, 1.0]","[1.0, 1.0, 1.0, 0.6, 1.0, 1.0, 0.8, 0.8, 0.6, 0.8, 0.8, 0.8, 0.8, 1.0, 0.8, 1.0, 1.0, 0.8, 0.8, 0.8, 1.0, 0.8, 0.6, 0.8, 0.8, 1.0, 0.6, 0.8, 1.0, 1.0]"
california,mlp,5000,2,8,b1_uniform,0.008352992105543243,0.0015326983528117352,0.0010441240131929053,0.0001915872941014669,0.007819530216812386,0.008946996053667729,35.74209151021571,0.9206349206349205,0.011223917161691297,0.9166468253968252,0.9246031746031744,0.8333333333333335,0.033671751485073724,1.0,0.0,0.8000000000000003,2.220446049250313e-16,4.380240394151335e-05,0.0,5000.0,0.8034425066648206,0.011153323225746753,5000.0,"[0.007842997547621921, 0.008472412329246524, 0.006442415587324539, 0.011363728272829847, 0.008142796205544648, 0.007549930078184194, 0.010277779734596048, 0.008965438841703552, 0.008867633867879754, 0.007294056534375781, 0.0058001565747337665, 0.009992176285840166, 0.00896149164867397, 0.008380528772092891, 0.009347939710039619, 0.006136229912428937, 0.010431083183322223, 0.009360622911271483, 0.009707255597081039, 0.01105460986247631, 0.010640711272507646, 0.007369021530425179, 0.008589903487571552, 0.006912031367044038, 0.00639785965811398, 0.006283208091957881, 0.008646534648844094, 0.0071319720254144564, 0.0067295182021658234, 0.007497719424985389]","[0.9285714285714287, 0.9285714285714287, 0.9285714285714287, 0.9285714285714287, 0.9285714285714287, 0.9285714285714287, 0.9047619047619048, 0.9285714285714287, 0.9285714285714287, 0.9047619047619048, 0.9285714285714287, 0.9285714285714287, 0.9047619047619048, 0.9047619047619048, 0.9285714285714287, 0.9047619047619048, 0.9047619047619048, 0.9047619047619048, 0.9047619047619048, 0.9285714285714287, 0.9285714285714287, 0.9285714285714287, 0.9285714285714287, 0.9047619047619048, 0.9285714285714287, 0.9285714285714287, 0.9285714285714287, 0.9285714285714287, 0.9285714285714287, 0.9047619047619048]","[0.8571428571428571, 0.8571428571428571, 0.8571428571428571, 0.8571428571428571, 0.8571428571428571, 0.8571428571428571, 0.7857142857142856, 0.8571428571428571, 0.8571428571428571, 0.7857142857142856, 0.8571428571428571, 0.8571428571428571, 0.7857142857142856, 0.7857142857142856, 0.8571428571428571, 0.7857142857142856, 0.7857142857142856, 0.7857142857142856, 0.7857142857142856, 0.8571428571428571, 0.8571428571428571, 0.8571428571428571, 0.8571428571428571, 0.7857142857142856, 0.8571428571428571, 0.8571428571428571, 0.8571428571428571, 0.8571428571428571, 0.8571428571428571, 0.7857142857142856]","[1.0, 1.0, 1.0, 1.0, 1.0, 1.0, 1.0, 1.0, 1.0, 1.0, 1.0, 1.0, 1.0, 1.0, 1.0, 1.0, 1.0, 1.0, 1.0, 1.0, 1.0, 1.0, 1.0, 1.0, 1.0, 1.0, 1.0, 1.0, 1.0, 1.0]","[0.8, 0.8, 0.8, 0.8, 0.8, 0.8, 0.8, 0.8, 0.8, 0.8, 0.8, 0.8, 0.8, 0.8, 0.8, 0.8, 0.8, 0.8, 0.8, 0.8, 0.8, 0.8, 0.8, 0.8, 0.8, 0.8, 0.8, 0.8, 0.8, 0.8]"
california,mlp,5000,2,8,b2_stratified,0.00023370182752612039,0.000132591932065124,2.9212728440765048e-05,1.65739915081405e-05,0.00019076565644693164,0.0002870631413145559,1.0,0.992063492063492,0.011223917161691192,0.9880952380952379,0.9960317460317459,0.9761904761904758,0.03367175148507363,1.0,0.0,0.9333333333333333,0.09428090415820632,2.535417976678001e-05,0.0,5000.0,0.8197987866607339,0.03500095467934509,5000.0,"[0.0003214073845705078, 0.0001714709806408475, 0.00022953695534099568, 0.000125295227428087, 0.00028966185087243943, 8.664964453773258e-05, 0.0002120937518733568, 0.0002067348613740427, 0.00018595505624825382, 0.00016388158051373113, 8.124141174489472e-05, 0.00011400376936589123, 0.0006872253095922843, 0.00013159771225953372, 4.295704858307886e-05, 0.0004042157488595967, 0.00037854808731276296, 0.00017765751513258997, 0.00013067981431961776, 0.0003919980934713649, 0.0002394324275300227, 0.0002954560643363624, 0.00024378690439100334, 0.0003619097834532334, 8.182830141611988e-05, 0.000327066070998131, 5.933138708828907e-05, 0.0002890629142214303, 0.000286341961978069, 0.00029402720632934156]","[1.0, 1.0, 0.9761904761904763, 1.0, 1.0, 0.9761904761904763, 0.9761904761904763, 1.0, 1.0, 0.9761904761904763, 1.0, 1.0, 1.0, 1.0, 0.9761904761904763, 1.0, 1.0, 1.0, 1.0, 0.9761904761904763, 1.0, 1.0, 0.9761904761904763, 1.0, 1.0, 0.9761904761904763, 0.9761904761904763, 1.0, 1.0, 0.9761904761904763]","[0.9999999999999998, 0.9999999999999998, 0.9285714285714285, 0.9999999999999998, 0.9999999999999998, 0.9285714285714285, 0.9285714285714285, 0.9999999999999998, 0.9999999999999998, 0.9285714285714285, 0.9999999999999998, 0.9999999999999998, 0.9999999999999998, 0.9999999999999998, 0.9285714285714285, 0.9999999999999998, 0.9999999999999998, 0.9999999999999998, 0.9999999999999998, 0.9285714285714285, 0.9999999999999998, 0.9999999999999998, 0.9285714285714285, 0.9999999999999998, 0.9999999999999998, 0.9285714285714285, 0.9285714285714285, 0.9999999999999998, 0.9999999999999998, 0.9285714285714285]","[1.0, 1.0, 1.0, 1.0, 1.0, 1.0, 1.0, 1.0, 1.0, 1.0, 1.0, 1.0, 1.0, 1.0, 1.0, 1.0, 1.0, 1.0, 1.0, 1.0, 1.0, 1.0, 1.0, 1.0, 1.0, 1.0, 1.0, 1.0, 1.0, 1.0]","[1.0, 1.0, 0.8, 1.0, 1.0, 0.8, 0.8, 1.0, 1.0, 0.8, 1.0, 1.0, 1.0, 1.0, 0.8, 1.0, 1.0, 1.0, 1.0, 0.8, 1.0, 1.0, 0.8, 1.0, 1.0, 0.8, 0.8, 1.0, 1.0, 0.8]"
california,mlp,5000,2,8,b3_is,0.0008718679216990471,0.00027497926948685537,0.00010898349021238088,3.437240868585692e-05,0.0007829076966640811,0.0009723361907044085,3.730685082475875,0.9992063492063491,0.004273940323122607,0.9976190476190477,1.0,0.9976190476190473,0.012821820969367842,1.0,0.0,1.0,0.0,3.02648561737596e-05,0.0,5000.0,0.9275549499997093,0.014415862221732125,5000.0,"[0.0006773520293671687, 0.0008157111565274953, 0.0013130097899102708, 0.0008712958031645321, 0.0006206827792473197, 0.0011976906676534431, 0.0007302158959615237, 0.0007271899158613471, 0.0007791217862571398, 0.001062038753030045, 0.0004970683708269027, 0.0012924976094610026, 0.0007414997158201574, 0.0007776550653017825, 0.0007282177117127718, 0.0008068403343760527, 0.000841104185603797, 0.0005269859862385055, 0.0009285567090805295, 0.0007803310999396765, 0.0005726687246297898, 0.0011214131142716264, 0.0013849669183069572, 0.0006184940982038185, 0.0006460786842075444, 0.0010470746225990065, 0.0006504258189651051, 0.0007037380041485925, 0.0010427563153300188, 0.0016533559849674939]","[1.0, 1.0, 1.0, 1.0, 1.0, 1.0, 1.0, 1.0, 1.0, 1.0, 1.0, 1.0, 1.0, 1.0, 1.0, 1.0, 1.0, 1.0, 1.0, 1.0, 1.0, 1.0, 1.0, 1.0, 1.0, 1.0, 1.0, 1.0, 1.0, 0.9761904761904763]","[0.9999999999999998, 0.9999999999999998, 0.9999999999999998, 0.9999999999999998, 0.9999999999999998, 0.9999999999999998, 0.9999999999999998, 0.9999999999999998, 0.9999999999999998, 0.9999999999999998, 0.9999999999999998, 0.9999999999999998, 0.9999999999999998, 0.9999999999999998, 0.9999999999999998, 0.9999999999999998, 0.9999999999999998, 0.9999999999999998, 0.9999999999999998, 0.9999999999999998, 0.9999999999999998, 0.9999999999999998, 0.9999999999999998, 0.9999999999999998, 0.9999999999999998, 0.9999999999999998, 0.9999999999999998, 0.9999999999999998, 0.9999999999999998, 0.9285714285714285]","[1.0, 1.0, 1.0, 1.0, 1.0, 1.0, 1.0, 1.0, 1.0, 1.0, 1.0, 1.0, 1.0, 1.0, 1.0, 1.0, 1.0, 1.0, 1.0, 1.0, 1.0, 1.0, 1.0, 1.0, 1.0, 1.0, 1.0, 1.0, 1.0, 1.0]","[1.0, 1.0, 1.0, 1.0, 1.0, 1.0, 1.0, 1.0, 1.0, 1.0, 1.0, 1.0, 1.0, 1.0, 1.0, 1.0, 1.0, 1.0, 1.0, 1.0, 1.0, 1.0, 1.0, 1.0, 1.0, 1.0, 1.0, 1.0, 1.0, 1.0]"
california,mlp,5000,2,8,b4_antithetic,0.008242260800614094,0.0011629543962556042,0.0010302826000767617,0.00014536929953195052,0.007835469440454632,0.008667099003290196,35.26827705141875,0.9269841269841268,0.005939138709165021,0.9246031746031744,0.9285714285714284,0.8523809523809525,0.017817416127494975,1.0,0.0,0.8000000000000003,2.220446049250313e-16,2.2113390036707535e-05,0.0,5000.0,0.7944155133290527,0.04919382359618605,5000.0,"[0.008687432912078257, 0.010553893718389015, 0.0086549631945093, 0.007582754613120787, 0.008409293080660997, 0.007468615887649198, 0.009443020892984115, 0.008811007398741176, 0.007775129175552032, 0.00804686720864143, 0.007852302917193339, 0.009424955579203836, 0.008458443308417423, 0.009777326628718646, 0.00999131681503136, 0.006480333941149577, 0.010365127888260018, 0.00710698697412788, 0.008225369487027838, 0.007638095441961408, 0.006200526078541867, 0.00804357690011073, 0.010298515206653015, 0.00649827035864508, 0.006967727517764182, 0.007566376626563964, 0.00848613555981928, 0.007325640935383745, 0.007317636337106535, 0.007810181434416825]","[0.9285714285714287, 0.9285714285714287, 0.9285714285714287, 0.9285714285714287, 0.9285714285714287, 0.9285714285714287, 0.9285714285714287, 0.9285714285714287, 0.9285714285714287, 0.9285714285714287, 0.9285714285714287, 0.9285714285714287, 0.9285714285714287, 0.9047619047619048, 0.9285714285714287, 0.9285714285714287, 0.9285714285714287, 0.9285714285714287, 0.9047619047619048, 0.9285714285714287, 0.9285714285714287, 0.9285714285714287, 0.9285714285714287, 0.9285714285714287, 0.9285714285714287, 0.9285714285714287, 0.9285714285714287, 0.9285714285714287, 0.9285714285714287, 0.9285714285714287]","[0.8571428571428571, 0.8571428571428571, 0.8571428571428571, 0.8571428571428571, 0.8571428571428571, 0.8571428571428571, 0.8571428571428571, 0.8571428571428571, 0.8571428571428571, 0.8571428571428571, 0.8571428571428571, 0.8571428571428571, 0.8571428571428571, 0.7857142857142856, 0.8571428571428571, 0.8571428571428571, 0.8571428571428571, 0.8571428571428571, 0.7857142857142856, 0.8571428571428571, 0.8571428571428571, 0.8571428571428571, 0.8571428571428571, 0.8571428571428571, 0.8571428571428571, 0.8571428571428571, 0.8571428571428571, 0.8571428571428571, 0.8571428571428571, 0.8571428571428571]","[1.0, 1.0, 1.0, 1.0, 1.0, 1.0, 1.0, 1.0, 1.0, 1.0, 1.0, 1.0, 1.0, 1.0, 1.0, 1.0, 1.0, 1.0, 1.0, 1.0, 1.0, 1.0, 1.0, 1.0, 1.0, 1.0, 1.0, 1.0, 1.0, 1.0]","[0.8, 0.8, 0.8, 0.8, 0.8, 0.8, 0.8, 0.8, 0.8, 0.8, 0.8, 0.8, 0.8, 0.8, 0.8, 0.8, 0.8, 0.8, 0.8, 0.8, 0.8, 0.8, 0.8, 0.8, 0.8, 0.8, 0.8, 0.8, 0.8, 0.8]"
california,mlp,5000,3,8,abc_shap,0.04651013294984008,0.05106377693397646,0.00581376661873001,0.006382972116747057,0.0298305946040876,0.06580618545871975,50.32165414779799,0.8373015873015873,0.1253993369248186,0.7849007936507936,0.877797619047619,0.7333333333333333,0.1341809790819559,0.9444444444444444,0.12422599874998834,0.8400000000000001,0.09521904571390465,0.0053636537305828,2496.0,2504.0,0.959630536668313,0.021147036126966542,2496.0,"[0.0021948216043511863, 0.18034124612374713, 0.016727592404983324, 0.05635629542311614, 0.007973436470418243, 0.009928511138777782, 0.11932071569550126, 0.05010108834884813, 0.001663313619278659, 0.0032019340810182013, 0.0004156520404285889, 0.09145611541041845, 0.053914669659534245, 0.15662584440939115, 0.0037407681036787334, 0.018872603920464217, 0.01778696964625687, 0.07278018932608397, 0.10550625796759341, 0.01132745659700245, 0.07680378136791793, 0.002689696854243007, 0.013743097801146423, 0.026749606790454263, 0.052567778616170055, 0.033440657977301134, 0.007370226845405042, 0.0062223948478287655, 0.15806004078186697, 0.03742122462197663]","[0.9285714285714287, 0.7142857142857144, 0.8571428571428572, 0.9285714285714287, 0.8333333333333335, 0.8571428571428572, 0.9047619047619048, 0.8333333333333335, 1.0, 1.0, 0.9285714285714287, 0.6190476190476191, 0.4285714285714286, 0.9047619047619048, 0.8333333333333335, 0.7142857142857144, 0.7619047619047621, 0.9047619047619048, 0.6190476190476191, 0.8333333333333335, 0.9285714285714287, 0.9285714285714287, 0.7857142857142858, 0.8095238095238096, 0.9523809523809524, 0.6904761904761906, 0.9285714285714287, 0.9047619047619048, 0.9523809523809524, 0.8333333333333335]","[0.8571428571428571, 0.6428571428571428, 0.7142857142857142, 0.7857142857142856, 0.7142857142857142, 0.7142857142857142, 0.7857142857142856, 0.7142857142857142, 0.9999999999999998, 0.9999999999999998, 0.8571428571428571, 0.4999999999999999, 0.42857142857142855, 0.7857142857142856, 0.7142857142857142, 0.6428571428571428, 0.5714285714285714, 0.7857142857142856, 0.4999999999999999, 0.7142857142857142, 0.7857142857142856, 0.8571428571428571, 0.6428571428571428, 0.6428571428571428, 0.8571428571428571, 0.5714285714285714, 0.8571428571428571, 0.7857142857142856, 0.8571428571428571, 0.7142857142857142]","[1.0, 0.6666666666666666, 1.0, 1.0, 1.0, 1.0, 1.0, 1.0, 1.0, 1.0, 1.0, 0.6666666666666666, 0.6666666666666666, 1.0, 1.0, 0.6666666666666666, 1.0, 1.0, 0.6666666666666666, 1.0, 1.0, 1.0, 1.0, 1.0, 1.0, 1.0, 1.0, 1.0, 1.0, 1.0]","[0.8, 0.8, 0.8, 0.8, 0.8, 0.8, 1.0, 0.8, 1.0, 1.0, 0.8, 0.8, 0.6, 1.0, 0.8, 0.8, 0.8, 1.0, 0.8, 0.8, 0.8, 0.8, 0.8, 0.8, 1.0, 0.8, 0.8, 0.8, 1.0, 0.8]"
california,mlp,5000,3,8,b1_uniform,0.006048467028039918,0.003173362822618752,0.0007560583785049897,0.000396670352827344,0.004939391410356202,0.007212310881021211,6.5441409560716135,0.846031746031746,0.06410419208351957,0.8238095238095239,0.8690476190476191,0.726190476190476,0.09773512262749426,1.0,0.0,0.8000000000000003,2.220446049250313e-16,0.00017877847174726263,0.0,5000.0,0.8080149599952468,0.015676814218361663,5000.0,"[0.0027709167809133145, 0.008011209745263, 0.0017485488042541736, 0.00465449043786233, 0.0035997626880774074, 0.0062804249465706116, 0.007374455081503819, 0.01074489650296573, 0.005209545974076039, 0.011376141152081002, 0.005763423639028653, 0.013236385008958866, 0.005142904295518431, 0.0014673430850945135, 0.0011500563317285578, 0.008965482769510853, 0.010985272397411615, 0.005807861084451005, 0.0073994090080881005, 0.010272582121229109, 0.0049516945627007605, 0.009398486469936055, 0.0052353106793626486, 0.006949004757971422, 0.00469075842363407, 0.005571602165572906, 0.003565015558709022, 0.005235767117828029, 0.002825493126842927, 0.0010697661240525323]","[0.9285714285714287, 0.7857142857142858, 0.8333333333333335, 0.9047619047619048, 0.8095238095238096, 0.7857142857142858, 0.8095238095238096, 0.7619047619047621, 0.8333333333333335, 0.7619047619047621, 0.880952380952381, 0.7619047619047621, 0.9285714285714287, 0.9285714285714287, 0.9047619047619048, 0.7857142857142858, 0.7619047619047621, 0.8095238095238096, 0.9285714285714287, 0.7857142857142858, 0.9285714285714287, 0.7619047619047621, 0.8333333333333335, 0.7619047619047621, 0.880952380952381, 0.880952380952381, 0.9047619047619048, 0.9047619047619048, 0.9047619047619048, 0.9285714285714287]","[0.8571428571428571, 0.6428571428571428, 0.7142857142857142, 0.7857142857142856, 0.7142857142857142, 0.6428571428571428, 0.7142857142857142, 0.5714285714285714, 0.7142857142857142, 0.5714285714285714, 0.7857142857142856, 0.5714285714285714, 0.8571428571428571, 0.8571428571428571, 0.7857142857142856, 0.6428571428571428, 0.5714285714285714, 0.7142857142857142, 0.8571428571428571, 0.6428571428571428, 0.8571428571428571, 0.5714285714285714, 0.7142857142857142, 0.6428571428571428, 0.7857142857142856, 0.7857142857142856, 0.7857142857142856, 0.7857142857142856, 0.7857142857142856, 0.8571428571428571]","[1.0, 1.0, 1.0, 1.0, 1.0, 1.0, 1.0, 1.0, 1.0, 1.0, 1.0, 1.0, 1.0, 1.0, 1.0, 1.0, 1.0, 1.0, 1.0, 1.0, 1.0, 1.0, 1.0, 1.0, 1.0, 1.0, 1.0, 1.0, 1.0, 1.0]","[0.8, 0.8, 0.8, 0.8, 0.8, 0.8, 0.8, 0.8, 0.8, 0.8, 0.8, 0.8, 0.8, 0.8, 0.8, 0.8, 0.8, 0.8, 0.8, 0.8, 0.8, 0.8, 0.8, 0.8, 0.8, 0.8, 0.8, 0.8, 0.8, 0.8]"
california,mlp,5000,3,8,b2_stratified,0.000924256838084789,0.0009301351229671278,0.00011553210476059862,0.00011626689037089098,0.0006271784021390056,0.0012761608757574678,1.0,0.9698412698412697,0.03419152258498094,0.9571230158730157,0.9809722222222222,0.9309523809523806,0.06249716546860322,1.0,0.0,0.9333333333333333,0.09428090415820632,0.00010975494343933002,0.0,5000.0,0.8298498633337051,0.05082027612817757,5000.0,"[0.0010524842428528349, 0.0008387522011264731, 0.0002977365564172036, 0.0005242958188691364, 0.0020496012018090238, 0.0022702156492740307, 0.00103480122784144, 0.0003553591747772697, 0.0004310201203113606, 0.002748148231148414, 0.00016145193139987117, 0.00032389372364833566, 0.0008160225720229419, 0.00034176307037474783, 0.00013487102824540886, 0.004434847027028969, 0.001176901383637473, 0.0003981248091101105, 0.0013433743896776233, 0.00022660461186142428, 0.001920324180851754, 0.0003548512757104867, 0.0002447532764154743, 0.0006015732737443579, 0.00017674274152367633, 0.001178866223087449, 0.0003648694813603151, 0.0005467818456961435, 0.000888384524691313, 0.0004902893480286086]","[0.9761904761904763, 0.9761904761904763, 0.9761904761904763, 1.0, 1.0, 1.0, 0.9285714285714287, 1.0, 1.0, 0.9761904761904763, 1.0, 1.0, 0.9761904761904763, 0.9047619047619048, 1.0, 0.9285714285714287, 0.9761904761904763, 0.9761904761904763, 0.8571428571428572, 0.9285714285714287, 0.9761904761904763, 1.0, 0.9761904761904763, 0.9761904761904763, 0.9285714285714287, 0.9761904761904763, 0.9761904761904763, 1.0, 0.9761904761904763, 0.9285714285714287]","[0.9285714285714285, 0.9285714285714285, 0.9285714285714285, 0.9999999999999998, 0.9999999999999998, 0.9999999999999998, 0.8571428571428571, 0.9999999999999998, 0.9999999999999998, 0.9285714285714285, 0.9999999999999998, 0.9999999999999998, 0.9285714285714285, 0.7857142857142856, 0.9999999999999998, 0.8571428571428571, 0.9285714285714285, 0.9285714285714285, 0.7857142857142856, 0.8571428571428571, 0.9285714285714285, 0.9999999999999998, 0.9285714285714285, 0.9285714285714285, 0.8571428571428571, 0.9285714285714285, 0.9285714285714285, 0.9999999999999998, 0.9285714285714285, 0.8571428571428571]","[1.0, 1.0, 1.0, 1.0, 1.0, 1.0, 1.0, 1.0, 1.0, 1.0, 1.0, 1.0, 1.0, 1.0, 1.0, 1.0, 1.0, 1.0, 1.0, 1.0, 1.0, 1.0, 1.0, 1.0, 1.0, 1.0, 1.0, 1.0, 1.0, 1.0]","[1.0, 0.8, 1.0, 1.0, 1.0, 1.0, 0.8, 1.0, 1.0, 1.0, 1.0, 1.0, 0.8, 0.8, 1.0, 0.8, 1.0, 0.8, 0.8, 0.8, 1.0, 1.0, 1.0, 1.0, 0.8, 1.0, 1.0, 1.0, 0.8, 1.0]"
california,mlp,5000,3,8,b3_is,0.0019748483055335975,0.0011621176713975017,0.0002468560381916997,0.0001452647089246877,0.001536310616424659,0.0023717363872324663,2.136687795165038,0.9785714285714284,0.02970629725748077,0.9682341269841269,0.9881150793650795,0.9428571428571427,0.07237468644557453,1.0,0.0,0.9733333333333333,0.06798692684790376,0.00020507264447356673,0.0,5000.0,0.9333887999993749,0.02460475551429749,5000.0,"[0.0005805027194096181, 0.0008729310632074669, 0.002447320548045832, 0.0014945653704118336, 0.002715345700240723, 0.0029255509953314356, 0.002181796546612362, 0.0033565075176218142, 0.0019307099578212137, 0.000362814799858129, 0.002689805730109784, 0.0033168568568536397, 0.00012858197378302848, 0.0003550734252110902, 0.002402260477306008, 0.0014592689372364366, 0.0028265797765813488, 0.0014210662270780414, 0.00031701760442706044, 0.0033419483838204454, 0.00014441065161290606, 0.0016763389926086104, 0.0013462401089467308, 0.004041759836934033, 0.0033861931070842018, 0.003355695637376672, 0.0030415179543717154, 0.002609464987577477, 0.00028803688027261926, 0.0022292863982556494]","[1.0, 0.9761904761904763, 1.0, 1.0, 0.9761904761904763, 0.9761904761904763, 0.9285714285714287, 0.9761904761904763, 0.9523809523809524, 1.0, 0.9523809523809524, 0.9761904761904763, 1.0, 0.9523809523809524, 1.0, 0.9761904761904763, 1.0, 1.0, 1.0, 0.9047619047619048, 1.0, 1.0, 1.0, 0.9761904761904763, 0.880952380952381, 0.9761904761904763, 1.0, 0.9761904761904763, 1.0, 1.0]","[0.9999999999999998, 0.9285714285714285, 0.9999999999999998, 0.9999999999999998, 0.9285714285714285, 0.9285714285714285, 0.8571428571428571, 0.9285714285714285, 0.8571428571428571, 0.9999999999999998, 0.8571428571428571, 0.9285714285714285, 0.9999999999999998, 0.8571428571428571, 0.9999999999999998, 0.9285714285714285, 0.9999999999999998, 0.9999999999999998, 0.9999999999999998, 0.7857142857142856, 0.9999999999999998, 0.9999999999999998, 0.9999999999999998, 0.9285714285714285, 0.7142857142857142, 0.9285714285714285, 0.9999999999999998, 0.9285714285714285, 0.9999999999999998, 0.9999999999999998]","[1.0, 1.0, 1.0, 1.0, 1.0, 1.0, 1.0, 1.0, 1.0, 1.0, 1.0, 1.0, 1.0, 1.0, 1.0, 1.0, 1.0, 1.0, 1.0, 1.0, 1.0, 1.0, 1.0, 1.0, 1.0, 1.0, 1.0, 1.0, 1.0, 1.0]","[1.0, 1.0, 1.0, 1.0, 1.0, 1.0, 0.8, 1.0, 1.0, 1.0, 1.0, 1.0, 1.0, 0.8, 1.0, 1.0, 1.0, 1.0, 1.0, 0.8, 1.0, 1.0, 1.0, 1.0, 0.8, 1.0, 1.0, 1.0, 1.0, 1.0]"
california,mlp,5000,3,8,b4_antithetic,0.004231373679866616,0.0006428083487841675,0.000528921709983327,8.035104359802094e-05,0.004011191902664713,0.0044560033172882305,4.57813619062285,0.9198412698412696,0.014395521545410404,0.9142857142857143,0.9246031746031744,0.8357142857142856,0.03273268353539889,1.0,0.0,0.8000000000000003,2.220446049250313e-16,1.1930439174999287e-05,0.0,5000.0,0.7836894666698451,0.012125100476767637,5000.0,"[0.0060838717515001835, 0.005969472961066769, 0.004185385206647217, 0.004452741549749423, 0.00379263126976463, 0.004424730178006376, 0.005114225855489225, 0.0034933994684176353, 0.0036091946793683958, 0.004552083776270508, 0.0040616041549558285, 0.003934203936267536, 0.003731547196305631, 0.004948525862044695, 0.004345850875283222, 0.0036706092814358317, 0.003658214076877529, 0.003942719761458793, 0.004368101584688413, 0.003871718141387718, 0.0045778872261780686, 0.004198352590941129, 0.0036653569151256287, 0.0033698465969058708, 0.004489221689762608, 0.00412149564608622, 0.004582880685603966, 0.003537697363728487, 0.0037982479898299895, 0.0043893921248509896]","[0.9285714285714287, 0.880952380952381, 0.9285714285714287, 0.9285714285714287, 0.9285714285714287, 0.9285714285714287, 0.9285714285714287, 0.9285714285714287, 0.9047619047619048, 0.9047619047619048, 0.9047619047619048, 0.9285714285714287, 0.9285714285714287, 0.9285714285714287, 0.9285714285714287, 0.9285714285714287, 0.9047619047619048, 0.9285714285714287, 0.9285714285714287, 0.9285714285714287, 0.9047619047619048, 0.9285714285714287, 0.9047619047619048, 0.9285714285714287, 0.9285714285714287, 0.9047619047619048, 0.880952380952381, 0.9285714285714287, 0.9285714285714287, 0.9285714285714287]","[0.8571428571428571, 0.7857142857142856, 0.8571428571428571, 0.8571428571428571, 0.8571428571428571, 0.8571428571428571, 0.8571428571428571, 0.8571428571428571, 0.7857142857142856, 0.7857142857142856, 0.7857142857142856, 0.8571428571428571, 0.8571428571428571, 0.8571428571428571, 0.8571428571428571, 0.8571428571428571, 0.7857142857142856, 0.8571428571428571, 0.8571428571428571, 0.8571428571428571, 0.7857142857142856, 0.8571428571428571, 0.7857142857142856, 0.8571428571428571, 0.8571428571428571, 0.7857142857142856, 0.7857142857142856, 0.8571428571428571, 0.8571428571428571, 0.8571428571428571]","[1.0, 1.0, 1.0, 1.0, 1.0, 1.0, 1.0, 1.0, 1.0, 1.0, 1.0, 1.0, 1.0, 1.0, 1.0, 1.0, 1.0, 1.0, 1.0, 1.0, 1.0, 1.0, 1.0, 1.0, 1.0, 1.0, 1.0, 1.0, 1.0, 1.0]","[0.8, 0.8, 0.8, 0.8, 0.8, 0.8, 0.8, 0.8, 0.8, 0.8, 0.8, 0.8, 0.8, 0.8, 0.8, 0.8, 0.8, 0.8, 0.8, 0.8, 0.8, 0.8, 0.8, 0.8, 0.8, 0.8, 0.8, 0.8, 0.8, 0.8]"
california,mlp,5000,4,8,abc_shap,0.02349939126642249,0.02125604059925119,0.002937423908302811,0.002657005074906399,0.015927678935349233,0.03150192041009352,100.62782705462119,0.8063492063492063,0.12011164706281025,0.7610912698412697,0.8476587301587302,0.6880952380952382,0.1386074245507417,0.8444444444444446,0.16629588385661964,0.8400000000000001,0.11999999999999998,0.002893804757462028,2496.0,2504.0,0.9525143199988331,0.019816614254948323,2496.0,"[0.08398156612959168, 0.03319533570421208, 0.028292785495283346, 0.004125612832556173, 0.02783055705841899, 0.044761584010080124, 0.02749632165689308, 0.026674003088697253, 0.03454053672047054, 0.010536086088842302, 0.010653947428748665, 0.017429432375799223, 0.005076860840516143, 0.006573892201855642, 0.01632420607059635, 0.0005784969465325462, 0.038666435383907655, 0.010029077893320672, 0.038800456766119394, 0.012631159429216492, 0.0011800259717555783, 0.004748477619405578, 0.0008985275062450771, 0.060896488417827174, 0.0007501254592643045, 0.002455043185180702, 0.05432959170718199, 0.010743119576110995, 0.027255134504796826, 0.06352684992324804]","[0.880952380952381, 0.6190476190476191, 0.6190476190476191, 0.7380952380952381, 0.8333333333333335, 0.7857142857142858, 0.8333333333333335, 0.7857142857142858, 0.6190476190476191, 0.9047619047619048, 0.880952380952381, 0.7142857142857144, 0.5952380952380953, 0.9047619047619048, 0.880952380952381, 1.0, 0.8333333333333335, 0.880952380952381, 0.5476190476190477, 0.9047619047619048, 0.9285714285714287, 0.6904761904761906, 0.9285714285714287, 0.7142857142857144, 0.9761904761904763, 0.9285714285714287, 0.7142857142857144, 0.880952380952381, 0.8333333333333335, 0.8333333333333335]","[0.7142857142857142, 0.4999999999999999, 0.4999999999999999, 0.6428571428571428, 0.7142857142857142, 0.6428571428571428, 0.7142857142857142, 0.6428571428571428, 0.4999999999999999, 0.7857142857142856, 0.7857142857142856, 0.5714285714285714, 0.42857142857142855, 0.7857142857142856, 0.7142857142857142, 0.9999999999999998, 0.7142857142857142, 0.7857142857142856, 0.42857142857142855, 0.7857142857142856, 0.8571428571428571, 0.5714285714285714, 0.8571428571428571, 0.5714285714285714, 0.9285714285714285, 0.7857142857142856, 0.5714285714285714, 0.7142857142857142, 0.7142857142857142, 0.7142857142857142]","[0.6666666666666666, 0.6666666666666666, 0.6666666666666666, 1.0, 1.0, 1.0, 1.0, 1.0, 0.6666666666666666, 0.6666666666666666, 1.0, 0.6666666666666666, 1.0, 0.6666666666666666, 0.6666666666666666, 1.0, 1.0, 1.0, 0.6666666666666666, 0.6666666666666666, 1.0, 1.0, 1.0, 0.6666666666666666, 1.0, 0.6666666666666666, 0.6666666666666666, 0.6666666666666666, 1.0, 1.0]","[1.0, 0.8, 0.8, 0.6, 0.8, 0.8, 0.8, 0.8, 0.8, 1.0, 0.8, 0.8, 0.6, 1.0, 1.0, 1.0, 0.8, 0.8, 0.8, 1.0, 0.8, 0.6, 1.0, 0.8, 1.0, 0.8, 0.8, 1.0, 0.8, 0.8]"
california,mlp,5000,4,8,b1_uniform,0.0007097737968753162,0.00031820909821215256,8.872172460941452e-05,3.977613727651907e-05,0.0006013347705384975,0.0008236888120342943,3.039355107973589,0.9357142857142858,0.04265826873135454,0.9198214285714285,0.9515873015873014,0.8571428571428571,0.06388765649999398,1.0,0.0,0.8200000000000002,0.06,3.262609321948908e-05,0.0,5000.0,0.8119562666727386,0.03151589356882531,5000.0,"[0.0015848065145981293, 0.0007002545727514415, 0.0014375928660342746, 0.0006888935871539915, 0.0008506597112968004, 0.0007611720741671416, 0.0004992161496249364, 0.0006312738526295978, 0.000921799723901141, 0.0002459366152732124, 0.0005474766929380066, 0.0005288859516924896, 0.0004565327077643923, 0.000424866243175889, 0.0002296601752242702, 0.0006446934960585338, 0.0009091448749032785, 0.0007330511542853414, 0.0005427508993849094, 0.000492370833678063, 0.0008073066674764599, 0.0010690400612948258, 0.00042598451707051246, 0.0006971668101967869, 0.0005991274313824219, 0.0011742618561947013, 0.0004804217114383923, 0.0004864281267180085, 0.0012207361680754976, 0.0005017018598760402]","[0.9523809523809524, 0.9761904761904763, 0.9523809523809524, 0.9761904761904763, 0.9523809523809524, 0.880952380952381, 1.0, 0.880952380952381, 0.9523809523809524, 0.9523809523809524, 0.9761904761904763, 0.880952380952381, 1.0, 0.880952380952381, 0.9523809523809524, 0.9761904761904763, 0.9285714285714287, 0.8571428571428572, 0.9523809523809524, 0.9285714285714287, 0.880952380952381, 0.8333333333333335, 0.9285714285714287, 0.9523809523809524, 0.9523809523809524, 0.9523809523809524, 0.880952380952381, 0.9761904761904763, 0.9523809523809524, 0.9523809523809524]","[0.8571428571428571, 0.9285714285714285, 0.8571428571428571, 0.9285714285714285, 0.8571428571428571, 0.7857142857142856, 0.9999999999999998, 0.7857142857142856, 0.8571428571428571, 0.8571428571428571, 0.9285714285714285, 0.7857142857142856, 0.9999999999999998, 0.7857142857142856, 0.8571428571428571, 0.9285714285714285, 0.8571428571428571, 0.7857142857142856, 0.8571428571428571, 0.8571428571428571, 0.7857142857142856, 0.7142857142857142, 0.8571428571428571, 0.8571428571428571, 0.8571428571428571, 0.8571428571428571, 0.7857142857142856, 0.9285714285714285, 0.8571428571428571, 0.8571428571428571]","[1.0, 1.0, 1.0, 1.0, 1.0, 1.0, 1.0, 1.0, 1.0, 1.0, 1.0, 1.0, 1.0, 1.0, 1.0, 1.0, 1.0, 1.0, 1.0, 1.0, 1.0, 1.0, 1.0, 1.0, 1.0, 1.0, 1.0, 1.0, 1.0, 1.0]","[0.8, 1.0, 0.8, 0.8, 0.8, 0.8, 1.0, 0.8, 0.8, 0.8, 0.8, 0.8, 1.0, 0.8, 0.8, 0.8, 0.8, 0.8, 0.8, 0.8, 0.8, 0.8, 0.8, 0.8, 0.8, 0.8, 0.8, 0.8, 0.8, 0.8]"
california,mlp,5000,4,8,b2_stratified,0.00023352776219312502,0.0001537827009234926,2.9190970274140628e-05,1.9222837615436575e-05,0.0001817695331864605,0.0002888383186213417,1.0,0.9880952380952382,0.014741409223021164,0.9825396825396824,0.9928769841269842,0.9642857142857141,0.044224227669063525,1.0,0.0,0.9533333333333334,0.08459051693633012,2.5189253641073184e-05,0.0,5000.0,0.8278432866636043,0.04752390952165697,5000.0,"[0.00013311167702782534, 0.00016975831890683057, 0.00016640661841964705, 0.00023275195154068743, 0.0005906609338010891, 0.0004782396927300777, 8.806347637943725e-05, 7.56108515116047e-05, 0.00010986186886039093, 0.00028517476147091233, 3.5631634924006916e-05, 0.000204617294217218, 0.00016007511256390788, 0.00016607948607710776, 0.00016426764940967602, 0.00014571343269220732, 0.00019431644396811562, 0.00023977351975332223, 0.00019113473726830064, 0.00030677778669715544, 0.00019059707056982684, 0.00029518731233204774, 0.0001090419001305669, 0.0006070172952459642, 0.00016568742444297694, 0.0005682308390142635, 0.00045206214667451914, 0.0002869744497371986, 5.9686474691857556e-05, 0.00013332070473500877]","[1.0, 1.0, 1.0, 0.9761904761904763, 0.9761904761904763, 1.0, 0.9761904761904763, 1.0, 1.0, 1.0, 1.0, 0.9761904761904763, 0.9761904761904763, 1.0, 0.9761904761904763, 0.9761904761904763, 0.9761904761904763, 1.0, 1.0, 1.0, 0.9761904761904763, 1.0, 1.0, 0.9761904761904763, 1.0, 0.9523809523809524, 0.9523809523809524, 1.0, 0.9761904761904763, 1.0]","[0.9999999999999998, 0.9999999999999998, 0.9999999999999998, 0.9285714285714285, 0.9285714285714285, 0.9999999999999998, 0.9285714285714285, 0.9999999999999998, 0.9999999999999998, 0.9999999999999998, 0.9999999999999998, 0.9285714285714285, 0.9285714285714285, 0.9999999999999998, 0.9285714285714285, 0.9285714285714285, 0.9285714285714285, 0.9999999999999998, 0.9999999999999998, 0.9999999999999998, 0.9285714285714285, 0.9999999999999998, 0.9999999999999998, 0.9285714285714285, 0.9999999999999998, 0.8571428571428571, 0.8571428571428571, 0.9999999999999998, 0.9285714285714285, 0.9999999999999998]","[1.0, 1.0, 1.0, 1.0, 1.0, 1.0, 1.0, 1.0, 1.0, 1.0, 1.0, 1.0, 1.0, 1.0, 1.0, 1.0, 1.0, 1.0, 1.0, 1.0, 1.0, 1.0, 1.0, 1.0, 1.0, 1.0, 1.0, 1.0, 1.0, 1.0]","[1.0, 1.0, 1.0, 0.8, 1.0, 1.0, 1.0, 1.0, 1.0, 1.0, 1.0, 0.8, 0.8, 1.0, 0.8, 1.0, 1.0, 1.0, 1.0, 1.0, 1.0, 1.0, 1.0, 1.0, 1.0, 0.8, 0.8, 1.0, 0.8, 1.0]"
california,mlp,5000,4,8,b3_is,0.00036803186272780304,0.0002400736005654514,4.600398284097538e-05,3.0009200070681424e-05,0.00028577165110737563,0.00045253222310745516,1.575966211775046,0.9904761904761905,0.01579345138264472,0.9849206349206348,0.9952380952380951,0.9738095238095236,0.039050522540134996,1.0,0.0,1.0,0.0,2.2282062898886987e-05,0.0,5000.0,0.9325306633312721,0.025195221075774155,5000.0,"[0.0010169986852829821, 0.00021753764364080942, 0.000193161642062952, 0.00018829216170476924, 0.0002719042259665217, 0.00060710175548819, 0.00042478813987845956, 0.0006358790515396292, 0.0006630556962102196, 7.90279862838314e-05, 0.0010186049502239945, 0.0002564225940676556, 0.0003167769658732048, 0.00011913869374257128, 0.00035761521635964617, 0.0003040136176011424, 7.744709811132904e-05, 0.000192458116915411, 0.0005687609274907092, 0.0005437200503358295, 0.0002736826725671599, 0.00033276944038366406, 0.0003997871142640662, 0.00038385816657427645, 0.0002723439751390464, 0.00018554756577723582, 0.00017184207504276905, 0.00021213081924575632, 0.00015156298873752718, 0.0006047258453227325]","[1.0, 0.9285714285714287, 1.0, 0.9761904761904763, 1.0, 1.0, 1.0, 1.0, 1.0, 1.0, 1.0, 1.0, 0.9761904761904763, 0.9761904761904763, 1.0, 1.0, 0.9761904761904763, 1.0, 0.9761904761904763, 1.0, 0.9761904761904763, 0.9761904761904763, 1.0, 1.0, 1.0, 0.9761904761904763, 0.9761904761904763, 1.0, 1.0, 1.0]","[0.9999999999999998, 0.8571428571428571, 0.9999999999999998, 0.9285714285714285, 0.9999999999999998, 0.9999999999999998, 0.9999999999999998, 0.9999999999999998, 0.9999999999999998, 0.9999999999999998, 0.9999999999999998, 0.9999999999999998, 0.9285714285714285, 0.9285714285714285, 0.9999999999999998, 0.9999999999999998, 0.9285714285714285, 0.9999999999999998, 0.9285714285714285, 0.9999999999999998, 0.9285714285714285, 0.9285714285714285, 0.9999999999999998, 0.9999999999999998, 0.9999999999999998, 0.9285714285714285, 0.9285714285714285, 0.9999999999999998, 0.9999999999999998, 0.9999999999999998]","[1.0, 1.0, 1.0, 1.0, 1.0, 1.0, 1.0, 1.0, 1.0, 1.0, 1.0, 1.0, 1.0, 1.0, 1.0, 1.0, 1.0, 1.0, 1.0, 1.0, 1.0, 1.0, 1.0, 1.0, 1.0, 1.0, 1.0, 1.0, 1.0, 1.0]","[1.0, 1.0, 1.0, 1.0, 1.0, 1.0, 1.0, 1.0, 1.0, 1.0, 1.0, 1.0, 1.0, 1.0, 1.0, 1.0, 1.0, 1.0, 1.0, 1.0, 1.0, 1.0, 1.0, 1.0, 1.0, 1.0, 1.0, 1.0, 1.0, 1.0]"
california,mlp,5000,4,8,b4_antithetic,0.0004458537276880045,9.871193450018001e-05,5.573171596100056e-05,1.2338991812522501e-05,0.00041126933260713554,0.00047874722671045056,1.9092108086030821,0.9555555555555557,0.022782063641916383,0.9468253968253968,0.9626984126984127,0.8761904761904761,0.040963453652583935,1.0,0.0,0.8000000000000003,2.220446049250313e-16,2.995178192098361e-06,0.0,5000.0,0.7850122766685672,0.014535831880060295,5000.0,"[0.000552763319901273, 0.0005685418215921872, 0.0004358064646221036, 0.0004361760065826901, 0.0003948724864292517, 0.0005292813236689325, 0.00048280687374180375, 0.0003871284144435498, 0.0004654168703355081, 0.0003408904027207926, 0.0003448449678020087, 0.0003944342178494562, 0.00031440529092178544, 0.00047686572584230107, 0.00038969779156821364, 0.0005491077724240443, 0.0001799748796706081, 0.0003696504191214323, 0.00039431756086092583, 0.000499086722940529, 0.00042159568889953435, 0.0003750439166581576, 0.0005077929406567865, 0.00041139634564257827, 0.0003767182450071859, 0.0004618914775481734, 0.0005581268084991927, 0.0006332061457090088, 0.0004553845159211443, 0.0006683864130589751]","[0.9761904761904763, 0.9761904761904763, 0.9523809523809524, 0.9761904761904763, 0.9761904761904763, 0.9523809523809524, 0.9523809523809524, 0.9761904761904763, 0.9761904761904763, 0.9761904761904763, 0.9523809523809524, 0.9523809523809524, 0.880952380952381, 0.9523809523809524, 0.9523809523809524, 0.9523809523809524, 0.9523809523809524, 0.9523809523809524, 0.9523809523809524, 0.9523809523809524, 0.9523809523809524, 0.9523809523809524, 0.9523809523809524, 0.9761904761904763, 0.9523809523809524, 0.9761904761904763, 0.9761904761904763, 0.9523809523809524, 0.880952380952381, 0.9523809523809524]","[0.9285714285714285, 0.9285714285714285, 0.8571428571428571, 0.9285714285714285, 0.9285714285714285, 0.8571428571428571, 0.8571428571428571, 0.9285714285714285, 0.9285714285714285, 0.9285714285714285, 0.8571428571428571, 0.8571428571428571, 0.7857142857142856, 0.8571428571428571, 0.8571428571428571, 0.8571428571428571, 0.8571428571428571, 0.8571428571428571, 0.8571428571428571, 0.8571428571428571, 0.8571428571428571, 0.8571428571428571, 0.8571428571428571, 0.9285714285714285, 0.8571428571428571, 0.9285714285714285, 0.9285714285714285, 0.8571428571428571, 0.7857142857142856, 0.8571428571428571]","[1.0, 1.0, 1.0, 1.0, 1.0, 1.0, 1.0, 1.0, 1.0, 1.0, 1.0, 1.0, 1.0, 1.0, 1.0, 1.0, 1.0, 1.0, 1.0, 1.0, 1.0, 1.0, 1.0, 1.0, 1.0, 1.0, 1.0, 1.0, 1.0, 1.0]","[0.8, 0.8, 0.8, 0.8, 0.8, 0.8, 0.8, 0.8, 0.8, 0.8, 0.8, 0.8, 0.8, 0.8, 0.8, 0.8, 0.8, 0.8, 0.8, 0.8, 0.8, 0.8, 0.8, 0.8, 0.8, 0.8, 0.8, 0.8, 0.8, 0.8]"
california,mlp,5000,5,8,abc_shap,0.02084170087388015,0.02176910006726731,0.0026052126092350187,0.0027211375084084137,0.013990794817944489,0.029265061091755907,22.435609634868584,0.9023809523809524,0.06158341503036932,0.8793650793650795,0.926190476190476,0.8190476190476189,0.09355658430661191,1.0,0.0,0.8866666666666668,0.09910712498212335,0.002575101180342218,2496.0,2504.0,0.9522636066675962,0.014031138387903822,2496.0,"[0.0010214768070988488, 0.06220531866347233, 0.0038403380956597444, 0.011399912528016557, 0.0006682905995332065, 0.0028522475303791477, 0.00231940408693654, 0.006919499432284393, 0.06679056905651318, 0.04491250952337322, 0.026011670674305366, 0.008818024638725339, 0.022491641627714536, 0.0015149332516382406, 0.04798789925923401, 0.011481142165359351, 0.030679357334398947, 0.002680264382016793, 0.03541070182651767, 0.017239493672117745, 0.01297175300556334, 0.011328769739875316, 0.006126916716630135, 0.012363153453016362, 0.002483373083555951, 0.033045718962383085, 0.005972224188536111, 0.06499067708141731, 0.06820026924235412, 0.0005234755877776889]","[0.8333333333333335, 0.9523809523809524, 0.9047619047619048, 0.8571428571428572, 0.9761904761904763, 0.9285714285714287, 0.8333333333333335, 0.8571428571428572, 0.9761904761904763, 0.9761904761904763, 0.9761904761904763, 0.8333333333333335, 0.8333333333333335, 0.880952380952381, 1.0, 0.8333333333333335, 0.8333333333333335, 0.9285714285714287, 0.8333333333333335, 0.9047619047619048, 0.8333333333333335, 0.9285714285714287, 0.9285714285714287, 0.8333333333333335, 0.9761904761904763, 1.0, 0.8571428571428572, 0.8333333333333335, 0.9761904761904763, 0.9523809523809524]","[0.7142857142857142, 0.8571428571428571, 0.7857142857142856, 0.7857142857142856, 0.9285714285714285, 0.8571428571428571, 0.7142857142857142, 0.7857142857142856, 0.9285714285714285, 0.9285714285714285, 0.9285714285714285, 0.7142857142857142, 0.7142857142857142, 0.7857142857142856, 0.9999999999999998, 0.7142857142857142, 0.7142857142857142, 0.8571428571428571, 0.7142857142857142, 0.7857142857142856, 0.7142857142857142, 0.8571428571428571, 0.8571428571428571, 0.7142857142857142, 0.9285714285714285, 0.9999999999999998, 0.7857142857142856, 0.7142857142857142, 0.9285714285714285, 0.8571428571428571]","[1.0, 1.0, 1.0, 1.0, 1.0, 1.0, 1.0, 1.0, 1.0, 1.0, 1.0, 1.0, 1.0, 1.0, 1.0, 1.0, 1.0, 1.0, 1.0, 1.0, 1.0, 1.0, 1.0, 1.0, 1.0, 1.0, 1.0, 1.0, 1.0, 1.0]","[0.8, 1.0, 1.0, 0.8, 0.8, 1.0, 0.8, 0.8, 1.0, 1.0, 1.0, 0.8, 0.8, 0.8, 1.0, 0.8, 0.8, 0.8, 0.8, 1.0, 0.8, 1.0, 1.0, 0.8, 1.0, 1.0, 0.8, 0.8, 1.0, 0.8]"
california,mlp,5000,5,8,b1_uniform,0.0016306578892215224,0.0010012853512219666,0.0002038322361526903,0.00012516066890274583,0.0013020787749569278,0.0020022517174170707,1.7553655563900132,0.9412698412698414,0.0559171903295509,0.9206349206349208,0.961111111111111,0.8809523809523808,0.08908708063747477,1.0,0.0,0.9,0.09999999999999999,0.00012585221790094422,0.0,5000.0,0.8083168033335824,0.014033785249641832,5000.0,"[0.0007470914620300804, 0.0013139310376350964, 0.0021103441961293186, 0.0016459312111111789, 0.0005825700816484515, 0.004150642956269661, 0.0013196909733749634, 0.002428592230971136, 0.0006153296141643396, 0.0023797728949752424, 0.0006623476488849811, 0.0006996038357666846, 0.0023316962305404716, 0.002722219885255586, 0.0023350969071750903, 0.0011261164551602562, 0.002109811961473535, 0.0006526548879335618, 0.0006207137511387044, 0.001780438429467356, 0.0014027060820683615, 0.0008155158054152345, 0.004656802140255697, 0.002139156251417188, 0.002052579026744964, 0.0017979092081433007, 0.0006797840327464241, 0.000685267431984834, 0.001476067382820488, 0.0008793526639434747]","[0.9761904761904763, 0.9285714285714287, 0.9285714285714287, 0.9761904761904763, 0.9047619047619048, 0.9761904761904763, 0.9285714285714287, 0.8095238095238096, 0.9761904761904763, 0.9047619047619048, 0.9285714285714287, 0.9761904761904763, 0.9761904761904763, 0.9047619047619048, 0.9523809523809524, 1.0, 0.9047619047619048, 1.0, 1.0, 0.9761904761904763, 0.880952380952381, 0.8095238095238096, 0.9285714285714287, 0.9285714285714287, 0.9761904761904763, 0.8095238095238096, 1.0, 1.0, 1.0, 0.9761904761904763]","[0.9285714285714285, 0.8571428571428571, 0.8571428571428571, 0.9285714285714285, 0.7857142857142856, 0.9285714285714285, 0.8571428571428571, 0.7142857142857142, 0.9285714285714285, 0.7857142857142856, 0.8571428571428571, 0.9285714285714285, 0.9285714285714285, 0.7857142857142856, 0.8571428571428571, 0.9999999999999998, 0.7857142857142856, 0.9999999999999998, 0.9999999999999998, 0.9285714285714285, 0.7857142857142856, 0.7142857142857142, 0.8571428571428571, 0.8571428571428571, 0.9285714285714285, 0.7142857142857142, 0.9999999999999998, 0.9999999999999998, 0.9999999999999998, 0.9285714285714285]","[1.0, 1.0, 1.0, 1.0, 1.0, 1.0, 1.0, 1.0, 1.0, 1.0, 1.0, 1.0, 1.0, 1.0, 1.0, 1.0, 1.0, 1.0, 1.0, 1.0, 1.0, 1.0, 1.0, 1.0, 1.0, 1.0, 1.0, 1.0, 1.0, 1.0]","[1.0, 0.8, 0.8, 1.0, 0.8, 1.0, 0.8, 0.8, 1.0, 0.8, 0.8, 1.0, 1.0, 0.8, 0.8, 1.0, 0.8, 1.0, 1.0, 1.0, 0.8, 0.8, 0.8, 0.8, 1.0, 0.8, 1.0, 1.0, 1.0, 1.0]"
california,mlp,5000,5,8,b2_stratified,0.0009289562981827229,0.0007495317086034902,0.00011611953727284036,9.369146357543628e-05,0.0006924206831316833,0.0012121661814004784,1.0,0.9388888888888888,0.056237313454148785,0.919047619047619,0.9587301587301587,0.8761904761904759,0.08438116736509214,1.0,0.0,0.9000000000000001,0.09999999999999996,9.614660764333547e-05,0.0,5000.0,0.825800126666824,0.04809857997677951,5000.0,"[8.525533329283591e-05, 0.0005614731740378697, 0.00018841996426646415, 0.0024950413398298985, 0.00028975006360513046, 0.00023328886718958092, 0.0022669753135587077, 0.0008968086850776913, 0.0006212526379583117, 0.0013378036805779096, 5.891796490102477e-05, 0.0018201830188507896, 0.0017390086008117326, 0.0006955305620107695, 0.001035722605910994, 0.0018941237616202148, 0.0016214531834650352, 0.0004952840261140809, 0.0003104888976733746, 0.0003200925348306402, 0.00010240425979561283, 0.000637376798429075, 0.0023922713081179882, 0.00012005723935064283, 0.001171110754985239, 0.000663158895108467, 0.000479265526355225, 0.000661049282887644, 0.002090425919842514, 0.0005846947450262178]","[0.9761904761904763, 0.9285714285714287, 0.9523809523809524, 0.8571428571428572, 0.8333333333333335, 0.9285714285714287, 1.0, 0.9761904761904763, 0.8571428571428572, 0.9285714285714287, 0.9761904761904763, 0.9285714285714287, 0.9761904761904763, 0.9285714285714287, 0.8333333333333335, 0.9761904761904763, 0.9761904761904763, 0.9761904761904763, 0.9761904761904763, 0.9761904761904763, 1.0, 0.880952380952381, 0.9761904761904763, 0.9761904761904763, 0.7857142857142858, 0.880952380952381, 0.9761904761904763, 0.9761904761904763, 0.9761904761904763, 0.9761904761904763]","[0.9285714285714285, 0.8571428571428571, 0.8571428571428571, 0.7857142857142856, 0.7142857142857142, 0.8571428571428571, 0.9999999999999998, 0.9285714285714285, 0.7857142857142856, 0.8571428571428571, 0.9285714285714285, 0.8571428571428571, 0.9285714285714285, 0.8571428571428571, 0.7142857142857142, 0.9285714285714285, 0.9285714285714285, 0.9285714285714285, 0.9285714285714285, 0.9285714285714285, 0.9999999999999998, 0.7857142857142856, 0.9285714285714285, 0.9285714285714285, 0.6428571428571428, 0.7857142857142856, 0.9285714285714285, 0.9285714285714285, 0.9285714285714285, 0.9285714285714285]","[1.0, 1.0, 1.0, 1.0, 1.0, 1.0, 1.0, 1.0, 1.0, 1.0, 1.0, 1.0, 1.0, 1.0, 1.0, 1.0, 1.0, 1.0, 1.0, 1.0, 1.0, 1.0, 1.0, 1.0, 1.0, 1.0, 1.0, 1.0, 1.0, 1.0]","[1.0, 1.0, 0.8, 0.8, 0.8, 0.8, 1.0, 1.0, 0.8, 0.8, 1.0, 0.8, 1.0, 1.0, 0.8, 1.0, 1.0, 1.0, 0.8, 0.8, 1.0, 0.8, 1.0, 0.8, 0.8, 0.8, 0.8, 1.0, 1.0, 1.0]"
california,mlp,5000,5,8,b3_is,0.0008291080886021932,0.0009831787548747173,0.00010363851107527416,0.00012289734435933967,0.0005016864777736469,0.0011893637151212002,0.8925157084613577,0.918253968253968,0.05756567557393201,0.8975992063492062,0.9388888888888888,0.838095238095238,0.08637312927246217,1.0,0.0,0.8800000000000002,0.09797958971132709,8.657660893144645e-05,0.0,5000.0,0.9311369799970028,0.017589483776859503,5000.0,"[0.0014866553300996066, 0.0028413981197800676, 0.00012275596193313704, 0.00019124205671561275, 0.0031800723440769583, 0.00028600195047066596, 0.0001757110960485053, 0.00035440121327726066, 0.0003287348199204488, 0.0009732061291407276, 0.0005889868347849704, 0.0002997274448282269, 0.0006002530482083414, 0.0009437130328868523, 4.711256834685033e-05, 8.415903607761409e-05, 0.00028658206331557226, 0.0005971756520995747, 0.0013207528116741937, 0.0001968352707174325, 0.0003648131489299035, 0.0002457465510312181, 0.003830354409554264, 0.002746309356535131, 0.00022109505515178574, 0.0006259304873216488, 0.000800517710928881, 0.0005495938997423356, 0.0003038412154323846, 0.0002795640390356207]","[0.8333333333333335, 0.9285714285714287, 0.9761904761904763, 0.880952380952381, 0.9761904761904763, 0.880952380952381, 0.8333333333333335, 0.9523809523809524, 0.880952380952381, 0.9761904761904763, 0.8333333333333335, 0.9761904761904763, 0.880952380952381, 0.880952380952381, 0.9761904761904763, 0.9523809523809524, 0.880952380952381, 0.9761904761904763, 0.8333333333333335, 0.880952380952381, 0.9761904761904763, 0.9523809523809524, 0.9761904761904763, 1.0, 0.9761904761904763, 0.9761904761904763, 0.880952380952381, 0.8333333333333335, 0.8333333333333335, 0.9523809523809524]","[0.7142857142857142, 0.8571428571428571, 0.9285714285714285, 0.7857142857142856, 0.9285714285714285, 0.7857142857142856, 0.7142857142857142, 0.8571428571428571, 0.7857142857142856, 0.9285714285714285, 0.7142857142857142, 0.9285714285714285, 0.7857142857142856, 0.7857142857142856, 0.9285714285714285, 0.8571428571428571, 0.7857142857142856, 0.9285714285714285, 0.7142857142857142, 0.7857142857142856, 0.9285714285714285, 0.8571428571428571, 0.9285714285714285, 0.9999999999999998, 0.9285714285714285, 0.9285714285714285, 0.7857142857142856, 0.7142857142857142, 0.7142857142857142, 0.8571428571428571]","[1.0, 1.0, 1.0, 1.0, 1.0, 1.0, 1.0, 1.0, 1.0, 1.0, 1.0, 1.0, 1.0, 1.0, 1.0, 1.0, 1.0, 1.0, 1.0, 1.0, 1.0, 1.0, 1.0, 1.0, 1.0, 1.0, 1.0, 1.0, 1.0, 1.0]","[0.8, 1.0, 1.0, 0.8, 1.0, 0.8, 0.8, 0.8, 0.8, 1.0, 0.8, 1.0, 0.8, 0.8, 1.0, 0.8, 0.8, 1.0, 0.8, 0.8, 1.0, 0.8, 1.0, 1.0, 1.0, 1.0, 0.8, 0.8, 0.8, 0.8]"
california,mlp,5000,5,8,b4_antithetic,0.0006458809319484098,7.677743519414166e-05,8.073511649355122e-05,9.597179399267707e-06,0.0006206789049324757,0.0006754496573061477,0.6952759061022771,0.9642857142857141,0.0219512963268878,0.9555555555555555,0.9722222222222219,0.9119047619047618,0.035395401779329747,1.0,0.0,0.9466666666666668,0.08844332774281063,1.5450752694678584e-06,0.0,5000.0,0.7829428766679485,0.005770668787055369,5000.0,"[0.0006508274947937019, 0.0006071699383419579, 0.0007105553570793842, 0.0006449227870306015, 0.0007176505036483602, 0.0005244190305315098, 0.0007453148576588761, 0.000626586225711098, 0.0006714149724012594, 0.0007260793932439825, 0.0005699313380612717, 0.0006458827950151875, 0.0006556399790645438, 0.0006487123309206309, 0.0006084535896804291, 0.0008384118489581624, 0.0006034875621895419, 0.000620729327430376, 0.000622898746337595, 0.000568842293060302, 0.0006218148214596472, 0.0005573340103453804, 0.000502439772444566, 0.0005901947557455766, 0.0007339501023972856, 0.0007807947662510809, 0.0007137338773122413, 0.0005730609811453547, 0.0007272409929119244, 0.0005679335072804601]","[0.9761904761904763, 0.9285714285714287, 0.9761904761904763, 0.9761904761904763, 0.9285714285714287, 0.9761904761904763, 0.9761904761904763, 0.9761904761904763, 0.9285714285714287, 0.9285714285714287, 0.9761904761904763, 0.9761904761904763, 0.9285714285714287, 0.9761904761904763, 1.0, 0.9761904761904763, 0.9761904761904763, 0.9761904761904763, 0.9761904761904763, 0.9761904761904763, 0.9761904761904763, 0.9761904761904763, 0.9761904761904763, 0.9761904761904763, 0.9761904761904763, 0.9285714285714287, 0.9285714285714287, 0.9761904761904763, 0.9285714285714287, 0.9761904761904763]","[0.9285714285714285, 0.8571428571428571, 0.9285714285714285, 0.9285714285714285, 0.8571428571428571, 0.9285714285714285, 0.9285714285714285, 0.9285714285714285, 0.8571428571428571, 0.8571428571428571, 0.9285714285714285, 0.9285714285714285, 0.8571428571428571, 0.9285714285714285, 0.9999999999999998, 0.9285714285714285, 0.9285714285714285, 0.9285714285714285, 0.9285714285714285, 0.9285714285714285, 0.9285714285714285, 0.9285714285714285, 0.9285714285714285, 0.9285714285714285, 0.9285714285714285, 0.8571428571428571, 0.8571428571428571, 0.9285714285714285, 0.8571428571428571, 0.9285714285714285]","[1.0, 1.0, 1.0, 1.0, 1.0, 1.0, 1.0, 1.0, 1.0, 1.0, 1.0, 1.0, 1.0, 1.0, 1.0, 1.0, 1.0, 1.0, 1.0, 1.0, 1.0, 1.0, 1.0, 1.0, 1.0, 1.0, 1.0, 1.0, 1.0, 1.0]","[1.0, 0.8, 1.0, 1.0, 0.8, 1.0, 1.0, 1.0, 0.8, 0.8, 1.0, 1.0, 0.8, 1.0, 1.0, 1.0, 1.0, 1.0, 1.0, 1.0, 1.0, 1.0, 1.0, 1.0, 1.0, 0.8, 0.8, 1.0, 0.8, 1.0]"
california,mlp,5000,6,8,abc_shap,0.010729592524441925,0.010074780363857005,0.0013411990655552407,0.0012593475454821257,0.007428984696652375,0.01442679620161145,79.01584113736837,0.8015873015873017,0.13778472661871052,0.7523611111111114,0.8515873015873014,0.6404761904761904,0.21147629234082532,0.8444444444444446,0.16629588385661964,0.94,0.09165151389911678,0.001225886337150351,2496.0,2504.0,0.9856515600035588,0.06824376481727376,2496.0,"[0.00046621286113425405, 0.0006773665314439047, 0.0038873125935935562, 0.001664817664930063, 0.021886439924858992, 0.003675647754740967, 0.016704008157432317, 0.025494730641772587, 0.025917019698072315, 0.006121289309192164, 0.0003838280851881636, 0.0004963997701525269, 0.007781312504807183, 0.0006408148910199971, 0.0005287226046334572, 0.031625747845879605, 0.02051555966260044, 0.020032216638058847, 0.0010262752568106766, 0.012858803901972245, 0.002266040948987916, 0.01546956149469511, 0.005188164606262552, 0.006921160578883089, 0.02319229083121586, 0.0002514993907046753, 0.029243651581504986, 0.02164169829578946, 0.008317863899077814, 0.007011317807842061]","[0.9761904761904763, 0.8333333333333335, 0.9285714285714287, 0.9285714285714287, 0.6190476190476191, 0.7619047619047621, 0.6428571428571429, 0.9047619047619048, 0.6190476190476191, 0.7142857142857144, 0.9523809523809524, 0.9523809523809524, 0.7142857142857144, 0.9761904761904763, 0.9047619047619048, 0.9285714285714287, 0.6428571428571429, 0.6190476190476191, 0.880952380952381, 0.6428571428571429, 0.9285714285714287, 0.9047619047619048, 0.7142857142857144, 0.7142857142857144, 0.6190476190476191, 0.9761904761904763, 0.6190476190476191, 0.6190476190476191, 0.9047619047619048, 0.9047619047619048]","[0.9285714285714285, 0.6428571428571428, 0.8571428571428571, 0.8571428571428571, 0.3571428571428571, 0.5714285714285714, 0.42857142857142855, 0.7857142857142856, 0.3571428571428571, 0.4999999999999999, 0.8571428571428571, 0.8571428571428571, 0.4999999999999999, 0.9285714285714285, 0.7857142857142856, 0.8571428571428571, 0.42857142857142855, 0.3571428571428571, 0.7142857142857142, 0.42857142857142855, 0.8571428571428571, 0.7857142857142856, 0.4999999999999999, 0.4999999999999999, 0.3571428571428571, 0.9285714285714285, 0.3571428571428571, 0.3571428571428571, 0.7857142857142856, 0.7857142857142856]","[1.0, 1.0, 1.0, 1.0, 0.6666666666666666, 0.6666666666666666, 0.6666666666666666, 1.0, 0.6666666666666666, 0.6666666666666666, 1.0, 1.0, 0.6666666666666666, 1.0, 1.0, 1.0, 0.6666666666666666, 0.6666666666666666, 1.0, 0.6666666666666666, 1.0, 1.0, 0.6666666666666666, 0.6666666666666666, 0.6666666666666666, 1.0, 0.6666666666666666, 0.6666666666666666, 1.0, 1.0]","[1.0, 1.0, 1.0, 1.0, 0.8, 1.0, 0.8, 1.0, 0.8, 1.0, 1.0, 1.0, 1.0, 1.0, 1.0, 1.0, 0.8, 0.8, 1.0, 0.8, 1.0, 1.0, 1.0, 1.0, 0.8, 1.0, 0.8, 0.8, 1.0, 1.0]"
california,mlp,5000,6,8,b1_uniform,0.0010639880659983375,0.00036061076492828145,0.0001329985082497922,4.507634561603518e-05,0.0009352232723012284,0.001191867911884638,7.8355176865724685,0.8857142857142858,0.017817416127494927,0.8793650793650793,0.8912698412698412,0.7333333333333332,0.03657688451366002,0.9888888888888889,0.05983516452371672,1.0,0.0,2.2856601969584632e-05,0.0,5000.0,0.867568613330756,0.124022412937322,5000.0,"[0.0015632522328908026, 0.000704384819703673, 0.00045225966810968053, 0.0011299781280329749, 0.0010409454451697849, 0.00032647577800943184, 0.0011636549173114142, 0.0015574593937056009, 0.0010290863439549043, 0.001266625314346348, 0.0013651345725677934, 0.001445959588430549, 0.0010101180121822172, 0.0008726305399999924, 0.0009319232027337077, 0.0015226325783594162, 0.001039745727280549, 0.0009187714551338094, 0.0010439303375945762, 0.0009505230357112819, 0.001099858443377665, 0.0016081251330963267, 0.0007038840628476416, 0.000720328224014654, 0.00048954555259324, 0.000926938786406915, 0.0009004291690308567, 0.0015978667604669074, 0.0017562352744745569, 0.0007809394824128598]","[0.880952380952381, 0.880952380952381, 0.880952380952381, 0.880952380952381, 0.9047619047619048, 0.9047619047619048, 0.9047619047619048, 0.880952380952381, 0.9047619047619048, 0.9047619047619048, 0.880952380952381, 0.880952380952381, 0.880952380952381, 0.880952380952381, 0.880952380952381, 0.9047619047619048, 0.880952380952381, 0.880952380952381, 0.880952380952381, 0.880952380952381, 0.880952380952381, 0.880952380952381, 0.880952380952381, 0.880952380952381, 0.880952380952381, 0.9047619047619048, 0.9047619047619048, 0.880952380952381, 0.8095238095238096, 0.9047619047619048]","[0.7142857142857142, 0.7142857142857142, 0.7142857142857142, 0.7142857142857142, 0.7857142857142856, 0.7857142857142856, 0.7857142857142856, 0.7142857142857142, 0.7857142857142856, 0.7857142857142856, 0.7142857142857142, 0.7142857142857142, 0.7142857142857142, 0.7142857142857142, 0.7142857142857142, 0.7857142857142856, 0.7142857142857142, 0.7142857142857142, 0.7142857142857142, 0.7142857142857142, 0.7142857142857142, 0.7142857142857142, 0.7142857142857142, 0.7142857142857142, 0.7142857142857142, 0.7857142857142856, 0.7857142857142856, 0.7142857142857142, 0.6428571428571428, 0.7857142857142856]","[1.0, 1.0, 1.0, 1.0, 1.0, 1.0, 1.0, 1.0, 1.0, 1.0, 1.0, 1.0, 1.0, 1.0, 1.0, 1.0, 1.0, 1.0, 1.0, 1.0, 1.0, 1.0, 1.0, 1.0, 1.0, 1.0, 1.0, 1.0, 0.6666666666666666, 1.0]","[1.0, 1.0, 1.0, 1.0, 1.0, 1.0, 1.0, 1.0, 1.0, 1.0, 1.0, 1.0, 1.0, 1.0, 1.0, 1.0, 1.0, 1.0, 1.0, 1.0, 1.0, 1.0, 1.0, 1.0, 1.0, 1.0, 1.0, 1.0, 1.0, 1.0]"
california,mlp,5000,6,8,b2_stratified,0.0001357903981024339,0.00010080072897034102,1.697379976280424e-05,1.2600091121292628e-05,0.00010322785449559083,0.00017397852808585766,1.0,0.9626984126984126,0.040163748980571394,0.948392857142857,0.9761904761904762,0.9047619047619045,0.09464098530643705,1.0,0.0,1.0,0.0,1.4280930441209014e-05,0.0,5000.0,0.880304876670319,0.13941341257949177,5000.0,"[0.000158321127644061, 0.0001079430135930919, 9.76490771432961e-05, 0.00015416618274428405, 3.215019909209142e-05, 0.00021511979303069672, 0.00011776403286434573, 0.00016699365511060993, 6.946675537848332e-05, 0.0003265506946657165, 0.00027451398515991046, 0.00012833371495294448, 0.00029551641766298846, 6.377404222349592e-05, 0.00040499429487028053, 0.00025735922510354716, 1.863939712711521e-05, 4.2591659221412036e-05, 5.486298189302451e-05, 6.740137695772765e-05, 3.1296740578841395e-05, 0.00017747852365749983, 7.776535499597005e-05, 3.1979811355681974e-05, 0.00012509700490280644, 1.9905450097069435e-05, 8.119463924839632e-05, 0.00021096178630793062, 0.00023858350618231826, 2.5337499307380772e-05]","[1.0, 0.9761904761904763, 0.9523809523809524, 1.0, 0.9523809523809524, 0.880952380952381, 0.9523809523809524, 1.0, 1.0, 0.9047619047619048, 0.9761904761904763, 0.9523809523809524, 0.9047619047619048, 1.0, 0.9047619047619048, 0.880952380952381, 1.0, 1.0, 1.0, 0.9761904761904763, 1.0, 1.0, 1.0, 0.9761904761904763, 0.9761904761904763, 0.9285714285714287, 0.9761904761904763, 0.880952380952381, 0.9523809523809524, 0.9761904761904763]","[0.9999999999999998, 0.9285714285714285, 0.8571428571428571, 0.9999999999999998, 0.8571428571428571, 0.7142857142857142, 0.8571428571428571, 0.9999999999999998, 0.9999999999999998, 0.7857142857142856, 0.9285714285714285, 0.8571428571428571, 0.7857142857142856, 0.9999999999999998, 0.7857142857142856, 0.7142857142857142, 0.9999999999999998, 0.9999999999999998, 0.9999999999999998, 0.9285714285714285, 0.9999999999999998, 0.9999999999999998, 0.9999999999999998, 0.9285714285714285, 0.9285714285714285, 0.8571428571428571, 0.9285714285714285, 0.7142857142857142, 0.8571428571428571, 0.9285714285714285]","[1.0, 1.0, 1.0, 1.0, 1.0, 1.0, 1.0, 1.0, 1.0, 1.0, 1.0, 1.0, 1.0, 1.0, 1.0, 1.0, 1.0, 1.0, 1.0, 1.0, 1.0, 1.0, 1.0, 1.0, 1.0, 1.0, 1.0, 1.0, 1.0, 1.0]","[1.0, 1.0, 1.0, 1.0, 1.0, 1.0, 1.0, 1.0, 1.0, 1.0, 1.0, 1.0, 1.0, 1.0, 1.0, 1.0, 1.0, 1.0, 1.0, 1.0, 1.0, 1.0, 1.0, 1.0, 1.0, 1.0, 1.0, 1.0, 1.0, 1.0]"
california,mlp,5000,6,8,b3_is,0.0001803243977175741,0.00011143541552093619,2.254054971469676e-05,1.3929426940117023e-05,0.0001443534558120413,0.00022381004589598058,1.3279613303846847,0.9793650793650791,0.02931140525812598,0.9674603174603175,0.9880952380952382,0.9452380952380948,0.07067058133169438,1.0,0.0,1.0,0.0,1.342711999413035e-05,0.0,5000.0,0.9946713333328565,0.12636562643487165,5000.0,"[0.0001856807545950127, 0.00016976224794369865, 0.0002491968220724033, 0.00013606239968778864, 0.00014762806202628953, 0.0001281286877019944, 0.0001877919959516618, 9.869505190637087e-05, 0.00015054306928746923, 7.682563514520903e-05, 0.00018081389449881027, 0.0001503617050620335, 0.00014986618852075, 0.00033208362344210133, 0.0002351409148950992, 0.0003612146720509272, 6.557333082209463e-05, 0.00018933880025983157, 0.00022361860589832988, 0.00024327034198013789, 0.00012408732321811026, 0.00019692629571849759, 0.00016113854004555473, 0.00016953328852117814, 0.0006417916696730593, 8.976115968167139e-05, 0.00015906547803166672, 5.291500238959363e-05, 5.950326589259067e-05, 9.341310460728592e-05]","[1.0, 0.9285714285714287, 1.0, 1.0, 1.0, 1.0, 0.9523809523809524, 0.9047619047619048, 1.0, 0.9761904761904763, 1.0, 1.0, 0.9761904761904763, 1.0, 1.0, 1.0, 0.880952380952381, 0.9761904761904763, 0.9761904761904763, 0.9761904761904763, 1.0, 0.9523809523809524, 1.0, 1.0, 1.0, 0.9761904761904763, 0.9761904761904763, 0.9761904761904763, 0.9761904761904763, 0.9761904761904763]","[0.9999999999999998, 0.8571428571428571, 0.9999999999999998, 0.9999999999999998, 0.9999999999999998, 0.9999999999999998, 0.8571428571428571, 0.7857142857142856, 0.9999999999999998, 0.9285714285714285, 0.9999999999999998, 0.9999999999999998, 0.9285714285714285, 0.9999999999999998, 0.9999999999999998, 0.9999999999999998, 0.7142857142857142, 0.9285714285714285, 0.9285714285714285, 0.9285714285714285, 0.9999999999999998, 0.8571428571428571, 0.9999999999999998, 0.9999999999999998, 0.9999999999999998, 0.9285714285714285, 0.9285714285714285, 0.9285714285714285, 0.9285714285714285, 0.9285714285714285]","[1.0, 1.0, 1.0, 1.0, 1.0, 1.0, 1.0, 1.0, 1.0, 1.0, 1.0, 1.0, 1.0, 1.0, 1.0, 1.0, 1.0, 1.0, 1.0, 1.0, 1.0, 1.0, 1.0, 1.0, 1.0, 1.0, 1.0, 1.0, 1.0, 1.0]","[1.0, 1.0, 1.0, 1.0, 1.0, 1.0, 1.0, 1.0, 1.0, 1.0, 1.0, 1.0, 1.0, 1.0, 1.0, 1.0, 1.0, 1.0, 1.0, 1.0, 1.0, 1.0, 1.0, 1.0, 1.0, 1.0, 1.0, 1.0, 1.0, 1.0]"
california,mlp,5000,6,8,b4_antithetic,0.0007931570955438025,0.00012525326548872527,9.914463694297532e-05,1.565665818609066e-05,0.0007485699703308099,0.000838437347986754,5.841039621560591,0.8809523809523808,2.220446049250313e-16,0.8809523809523808,0.8809523809523808,0.7142857142857143,1.1102230246251565e-16,1.0,0.0,1.0,0.0,2.533026614169007e-06,0.0,5000.0,0.8369082066657332,0.1405724853622703,5000.0,"[0.0008672760597496298, 0.0009107250212259218, 0.0007059664375625724, 0.0007410430715676699, 0.0007557602085108086, 0.0008525822508004754, 0.000529039863800961, 0.0009754382027586539, 0.0007150029695823036, 0.0006460362270580421, 0.0005579833314878853, 0.0008825924353651355, 0.000855422870232993, 0.0007862167603685566, 0.0009141253699500338, 0.0008998807756356365, 0.0007743312086085836, 0.0007434671624789412, 0.0007006922975375288, 0.0007501829885189839, 0.0009511128573822321, 0.0006477371107707659, 0.0005391425970761818, 0.0008040703011385957, 0.0009173970681939912, 0.0007307750957137528, 0.0008971444588861318, 0.0010104550426268148, 0.0008678977222008125, 0.0008652150995234761]","[0.880952380952381, 0.880952380952381, 0.880952380952381, 0.880952380952381, 0.880952380952381, 0.880952380952381, 0.880952380952381, 0.880952380952381, 0.880952380952381, 0.880952380952381, 0.880952380952381, 0.880952380952381, 0.880952380952381, 0.880952380952381, 0.880952380952381, 0.880952380952381, 0.880952380952381, 0.880952380952381, 0.880952380952381, 0.880952380952381, 0.880952380952381, 0.880952380952381, 0.880952380952381, 0.880952380952381, 0.880952380952381, 0.880952380952381, 0.880952380952381, 0.880952380952381, 0.880952380952381, 0.880952380952381]","[0.7142857142857142, 0.7142857142857142, 0.7142857142857142, 0.7142857142857142, 0.7142857142857142, 0.7142857142857142, 0.7142857142857142, 0.7142857142857142, 0.7142857142857142, 0.7142857142857142, 0.7142857142857142, 0.7142857142857142, 0.7142857142857142, 0.7142857142857142, 0.7142857142857142, 0.7142857142857142, 0.7142857142857142, 0.7142857142857142, 0.7142857142857142, 0.7142857142857142, 0.7142857142857142, 0.7142857142857142, 0.7142857142857142, 0.7142857142857142, 0.7142857142857142, 0.7142857142857142, 0.7142857142857142, 0.7142857142857142, 0.7142857142857142, 0.7142857142857142]","[1.0, 1.0, 1.0, 1.0, 1.0, 1.0, 1.0, 1.0, 1.0, 1.0, 1.0, 1.0, 1.0, 1.0, 1.0, 1.0, 1.0, 1.0, 1.0, 1.0, 1.0, 1.0, 1.0, 1.0, 1.0, 1.0, 1.0, 1.0, 1.0, 1.0]","[1.0, 1.0, 1.0, 1.0, 1.0, 1.0, 1.0, 1.0, 1.0, 1.0, 1.0, 1.0, 1.0, 1.0, 1.0, 1.0, 1.0, 1.0, 1.0, 1.0, 1.0, 1.0, 1.0, 1.0, 1.0, 1.0, 1.0, 1.0, 1.0, 1.0]"
california,mlp,5000,7,8,abc_shap,0.003839197423739937,0.004129628670334817,0.00047989967796749214,0.0005162035837918521,0.0024720207454302628,0.005450071635000248,40.856206114459056,0.9777777777777779,0.0252974245246178,0.9682539682539681,0.9857341269841271,0.9404761904761904,0.061399033134417205,1.0,0.0,1.0,0.0,0.0004731960953736447,2496.0,2504.0,0.9734929000008076,0.06082650465341682,2496.0,"[0.0002739731431977817, 0.005363366843718094, 0.007764304686915897, 0.0012143278835900799, 0.007341477371623217, 0.0015000663477452846, 0.007424651870498634, 0.012287514650494064, 0.013472096319622097, 0.0019274011492408276, 0.0028795865538067417, 0.0002075747878155961, 0.016041029499195093, 0.002058681207409763, 0.0009855193129284317, 0.0034005070157430905, 0.005259826276377522, 0.007905672794485152, 0.00042710208140992405, 0.0020179199005152222, 0.0003634266498943131, 0.003203931384022218, 0.0005468463601507631, 0.0008312016177117235, 0.002871278909611892, 0.0004781345588426009, 0.0033589903656247922, 0.00045732884600239586, 0.0006435831818929656, 0.00266860114211195]","[0.9761904761904763, 0.9761904761904763, 0.9761904761904763, 0.9523809523809524, 0.9761904761904763, 0.9523809523809524, 0.9761904761904763, 0.9761904761904763, 0.9285714285714287, 1.0, 1.0, 1.0, 0.9285714285714287, 0.9523809523809524, 0.9761904761904763, 1.0, 0.9761904761904763, 0.9047619047619048, 1.0, 1.0, 0.9761904761904763, 0.9761904761904763, 1.0, 1.0, 0.9523809523809524, 1.0, 1.0, 1.0, 1.0, 1.0]","[0.9285714285714285, 0.9285714285714285, 0.9285714285714285, 0.8571428571428571, 0.9285714285714285, 0.8571428571428571, 0.9285714285714285, 0.9285714285714285, 0.8571428571428571, 0.9999999999999998, 0.9999999999999998, 0.9999999999999998, 0.8571428571428571, 0.8571428571428571, 0.9285714285714285, 0.9999999999999998, 0.9285714285714285, 0.7857142857142856, 0.9999999999999998, 0.9999999999999998, 0.9285714285714285, 0.9285714285714285, 0.9999999999999998, 0.9999999999999998, 0.8571428571428571, 0.9999999999999998, 0.9999999999999998, 0.9999999999999998, 0.9999999999999998, 0.9999999999999998]","[1.0, 1.0, 1.0, 1.0, 1.0, 1.0, 1.0, 1.0, 1.0, 1.0, 1.0, 1.0, 1.0, 1.0, 1.0, 1.0, 1.0, 1.0, 1.0, 1.0, 1.0, 1.0, 1.0, 1.0, 1.0, 1.0, 1.0, 1.0, 1.0, 1.0]","[1.0, 1.0, 1.0, 1.0, 1.0, 1.0, 1.0, 1.0, 1.0, 1.0, 1.0, 1.0, 1.0, 1.0, 1.0, 1.0, 1.0, 1.0, 1.0, 1.0, 1.0, 1.0, 1.0, 1.0, 1.0, 1.0, 1.0, 1.0, 1.0, 1.0]"
california,mlp,5000,7,8,b1_uniform,0.0003556534991975438,0.00015586216008963246,4.4456687399692976e-05,1.9482770011204058e-05,0.0003017499468299263,0.0004120986719548103,3.7848151748311176,0.9880952380952379,0.011904761904761862,0.9833333333333331,0.992063492063492,0.9642857142857139,0.03571428571428564,1.0,0.0,1.0,0.0,1.31872010891177e-05,0.0,5000.0,0.8147570500014505,0.05036577091927751,5000.0,"[0.00031221932951894693, 0.00038999248403521943, 0.00035944731501788725, 0.00015569329453973946, 0.00032048554613585227, 0.00047058456066905314, 0.00014188613451466205, 0.0002429228559369039, 0.0003471203169059288, 0.00031715864750911246, 0.0007968676460938012, 0.0006505316549546479, 0.000451340945976841, 0.0002582950445641737, 0.0003436894126601364, 0.00032004723122344117, 0.00023946279921361458, 0.0004943153604402105, 0.0007326597751336945, 0.0002254231082521699, 0.00020968721056819893, 0.00041888480431903527, 0.00016554455696846858, 0.0003130926439123764, 0.00030434544379542345, 0.00033411857799814696, 0.0003360568225803151, 0.0002880594501000854, 0.0005170792603354192, 0.0002125927420528064]","[0.9761904761904763, 1.0, 1.0, 0.9761904761904763, 0.9761904761904763, 1.0, 1.0, 0.9761904761904763, 1.0, 0.9761904761904763, 0.9761904761904763, 1.0, 0.9761904761904763, 1.0, 0.9761904761904763, 0.9761904761904763, 1.0, 1.0, 0.9761904761904763, 1.0, 1.0, 0.9761904761904763, 1.0, 1.0, 1.0, 0.9761904761904763, 1.0, 0.9761904761904763, 0.9761904761904763, 0.9761904761904763]","[0.9285714285714285, 0.9999999999999998, 0.9999999999999998, 0.9285714285714285, 0.9285714285714285, 0.9999999999999998, 0.9999999999999998, 0.9285714285714285, 0.9999999999999998, 0.9285714285714285, 0.9285714285714285, 0.9999999999999998, 0.9285714285714285, 0.9999999999999998, 0.9285714285714285, 0.9285714285714285, 0.9999999999999998, 0.9999999999999998, 0.9285714285714285, 0.9999999999999998, 0.9999999999999998, 0.9285714285714285, 0.9999999999999998, 0.9999999999999998, 0.9999999999999998, 0.9285714285714285, 0.9999999999999998, 0.9285714285714285, 0.9285714285714285, 0.9285714285714285]","[1.0, 1.0, 1.0, 1.0, 1.0, 1.0, 1.0, 1.0, 1.0, 1.0, 1.0, 1.0, 1.0, 1.0, 1.0, 1.0, 1.0, 1.0, 1.0, 1.0, 1.0, 1.0, 1.0, 1.0, 1.0, 1.0, 1.0, 1.0, 1.0, 1.0]","[1.0, 1.0, 1.0, 1.0, 1.0, 1.0, 1.0, 1.0, 1.0, 1.0, 1.0, 1.0, 1.0, 1.0, 1.0, 1.0, 1.0, 1.0, 1.0, 1.0, 1.0, 1.0, 1.0, 1.0, 1.0, 1.0, 1.0, 1.0, 1.0, 1.0]"
california,mlp,5000,7,8,b2_stratified,9.396852495271805e-05,8.417718024685634e-05,1.1746065619089756e-05,1.0522147530857043e-05,6.780680214626957e-05,0.00012612046612424873,1.0,0.9992063492063491,0.004273940323122608,0.9976190476190477,1.0,0.9976190476190474,0.012821820969367839,1.0,0.0,1.0,0.0,1.1087471268083343e-05,0.0,5000.0,0.8172508599915697,0.01813850862356797,5000.0,"[2.9066020874951577e-05, 0.00020252763808520095, 3.767684268520587e-05, 0.00010840891045184403, 0.0002063580634678679, 7.51727183956377e-05, 2.0204169995811602e-05, 1.044884627882124e-05, 3.301932235824223e-05, 0.0001584786411948327, 6.488834155462297e-05, 8.257900263629614e-05, 7.282692409803586e-05, 7.383975882554505e-05, 0.0004352385896056571, 9.4685309646491e-05, 7.481241196634372e-05, 3.190228826345332e-05, 0.0001828752165249111, 8.348188452843015e-05, 0.00018298023280426186, 0.00013652276973017525, 0.0001024070180782134, 2.2354847648349528e-05, 4.896971971599193e-05, 3.410665414346929e-05, 1.4140035964072546e-05, 6.060664267399882e-05, 7.772005972549863e-05, 6.07568666593077e-05]","[1.0, 1.0, 1.0, 1.0, 1.0, 1.0, 1.0, 1.0, 1.0, 0.9761904761904763, 1.0, 1.0, 1.0, 1.0, 1.0, 1.0, 1.0, 1.0, 1.0, 1.0, 1.0, 1.0, 1.0, 1.0, 1.0, 1.0, 1.0, 1.0, 1.0, 1.0]","[0.9999999999999998, 0.9999999999999998, 0.9999999999999998, 0.9999999999999998, 0.9999999999999998, 0.9999999999999998, 0.9999999999999998, 0.9999999999999998, 0.9999999999999998, 0.9285714285714285, 0.9999999999999998, 0.9999999999999998, 0.9999999999999998, 0.9999999999999998, 0.9999999999999998, 0.9999999999999998, 0.9999999999999998, 0.9999999999999998, 0.9999999999999998, 0.9999999999999998, 0.9999999999999998, 0.9999999999999998, 0.9999999999999998, 0.9999999999999998, 0.9999999999999998, 0.9999999999999998, 0.9999999999999998, 0.9999999999999998, 0.9999999999999998, 0.9999999999999998]","[1.0, 1.0, 1.0, 1.0, 1.0, 1.0, 1.0, 1.0, 1.0, 1.0, 1.0, 1.0, 1.0, 1.0, 1.0, 1.0, 1.0, 1.0, 1.0, 1.0, 1.0, 1.0, 1.0, 1.0, 1.0, 1.0, 1.0, 1.0, 1.0, 1.0]","[1.0, 1.0, 1.0, 1.0, 1.0, 1.0, 1.0, 1.0, 1.0, 1.0, 1.0, 1.0, 1.0, 1.0, 1.0, 1.0, 1.0, 1.0, 1.0, 1.0, 1.0, 1.0, 1.0, 1.0, 1.0, 1.0, 1.0, 1.0, 1.0, 1.0]"
california,mlp,5000,7,8,b3_is,0.00011218590733998712,0.00012735493798862982,1.402323841749839e-05,1.5919367248578727e-05,7.460491566659283e-05,0.00016075296077368685,1.193866854847785,0.9992063492063491,0.004273940323122608,0.9976190476190477,1.0,0.9976190476190473,0.012821820969367842,1.0,0.0,1.0,0.0,1.1199948737076658e-05,0.0,5000.0,0.9287334433426925,0.00882918351465258,5000.0,"[6.444848845400966e-05, 0.00011739763607837368, 5.974782689182805e-05, 0.00016488285020729528, 3.081566658437493e-05, 6.64573153619206e-05, 0.00014279703395443142, 7.375515341182903e-05, 3.98624911029991e-05, 7.224538104601803e-05, 6.801329785461078e-05, 0.00011901287151249663, 5.787714999123242e-05, 3.92293809729439e-05, 8.20155787824107e-05, 0.00014202727593121443, 4.880538103299042e-05, 0.00013872692480207055, 2.4786644109651198e-05, 0.00010205656558352024, 5.040335583904825e-05, 6.765608453039433e-05, 8.416880252296593e-05, 8.628340786517535e-05, 8.17254680036235e-05, 4.980936413914744e-05, 0.00047124350791520527, 8.921473770490292e-05, 0.0006538889413673469, 7.622263664558264e-05]","[1.0, 1.0, 1.0, 1.0, 1.0, 1.0, 1.0, 1.0, 1.0, 1.0, 1.0, 1.0, 1.0, 1.0, 1.0, 1.0, 1.0, 1.0, 1.0, 1.0, 1.0, 1.0, 1.0, 1.0, 1.0, 1.0, 0.9761904761904763, 1.0, 1.0, 1.0]","[0.9999999999999998, 0.9999999999999998, 0.9999999999999998, 0.9999999999999998, 0.9999999999999998, 0.9999999999999998, 0.9999999999999998, 0.9999999999999998, 0.9999999999999998, 0.9999999999999998, 0.9999999999999998, 0.9999999999999998, 0.9999999999999998, 0.9999999999999998, 0.9999999999999998, 0.9999999999999998, 0.9999999999999998, 0.9999999999999998, 0.9999999999999998, 0.9999999999999998, 0.9999999999999998, 0.9999999999999998, 0.9999999999999998, 0.9999999999999998, 0.9999999999999998, 0.9999999999999998, 0.9285714285714285, 0.9999999999999998, 0.9999999999999998, 0.9999999999999998]","[1.0, 1.0, 1.0, 1.0, 1.0, 1.0, 1.0, 1.0, 1.0, 1.0, 1.0, 1.0, 1.0, 1.0, 1.0, 1.0, 1.0, 1.0, 1.0, 1.0, 1.0, 1.0, 1.0, 1.0, 1.0, 1.0, 1.0, 1.0, 1.0, 1.0]","[1.0, 1.0, 1.0, 1.0, 1.0, 1.0, 1.0, 1.0, 1.0, 1.0, 1.0, 1.0, 1.0, 1.0, 1.0, 1.0, 1.0, 1.0, 1.0, 1.0, 1.0, 1.0, 1.0, 1.0, 1.0, 1.0, 1.0, 1.0, 1.0, 1.0]"
california,mlp,5000,7,8,b4_antithetic,0.0002619764788040973,2.7285002291776524e-05,3.2747059850512164e-05,3.4106252864720655e-06,0.0002520546574038242,0.0002715643780771304,2.7879173258909353,0.9825396825396823,0.010528967588429802,0.9785714285714284,0.9865079365079364,0.9476190476190473,0.031586902765289464,1.0,0.0,1.0,0.0,7.371121141409075e-07,0.0,5000.0,0.7867433399990357,0.021389735002807525,5000.0,"[0.0002402920905607745, 0.00025608043299307694, 0.00022657590325370338, 0.00028589037002916894, 0.000256503177874283, 0.0002133029996919011, 0.0002794007061862993, 0.000284119488485184, 0.0002437964319332188, 0.0002693928006257948, 0.00024520592839222586, 0.00026871998322291097, 0.00024915915948175413, 0.00029782310489558594, 0.00025208748964886666, 0.00028068905345772244, 0.00022089939090692243, 0.00024163740875149655, 0.00024425870671377985, 0.000314916388395152, 0.0002407161643611076, 0.0002830407684102048, 0.0002849474073619179, 0.000207767509223363, 0.0002947407806621909, 0.0002919070558077604, 0.00028502388189669675, 0.00025379239755325114, 0.00030328699837115864, 0.00024332038497544645]","[1.0, 0.9761904761904763, 1.0, 1.0, 0.9761904761904763, 0.9761904761904763, 0.9761904761904763, 0.9761904761904763, 1.0, 0.9761904761904763, 0.9761904761904763, 1.0, 0.9761904761904763, 0.9761904761904763, 0.9761904761904763, 0.9761904761904763, 0.9761904761904763, 1.0, 1.0, 1.0, 0.9761904761904763, 0.9761904761904763, 0.9761904761904763, 0.9761904761904763, 0.9761904761904763, 0.9761904761904763, 0.9761904761904763, 0.9761904761904763, 0.9761904761904763, 0.9761904761904763]","[0.9999999999999998, 0.9285714285714285, 0.9999999999999998, 0.9999999999999998, 0.9285714285714285, 0.9285714285714285, 0.9285714285714285, 0.9285714285714285, 0.9999999999999998, 0.9285714285714285, 0.9285714285714285, 0.9999999999999998, 0.9285714285714285, 0.9285714285714285, 0.9285714285714285, 0.9285714285714285, 0.9285714285714285, 0.9999999999999998, 0.9999999999999998, 0.9999999999999998, 0.9285714285714285, 0.9285714285714285, 0.9285714285714285, 0.9285714285714285, 0.9285714285714285, 0.9285714285714285, 0.9285714285714285, 0.9285714285714285, 0.9285714285714285, 0.9285714285714285]","[1.0, 1.0, 1.0, 1.0, 1.0, 1.0, 1.0, 1.0, 1.0, 1.0, 1.0, 1.0, 1.0, 1.0, 1.0, 1.0, 1.0, 1.0, 1.0, 1.0, 1.0, 1.0, 1.0, 1.0, 1.0, 1.0, 1.0, 1.0, 1.0, 1.0]","[1.0, 1.0, 1.0, 1.0, 1.0, 1.0, 1.0, 1.0, 1.0, 1.0, 1.0, 1.0, 1.0, 1.0, 1.0, 1.0, 1.0, 1.0, 1.0, 1.0, 1.0, 1.0, 1.0, 1.0, 1.0, 1.0, 1.0, 1.0, 1.0, 1.0]"
california,mlp,5000,8,8,abc_shap,0.028383567998883575,0.029524556748000558,0.003547945999860447,0.0036905695935000697,0.01915793056048031,0.040190470219066535,39.70296032677984,0.9619047619047618,0.034006802040680205,0.9499801587301586,0.9746031746031745,0.914285714285714,0.06998542122237646,1.0,0.0,1.0,0.0,0.0035126792436364546,2496.0,2504.0,0.9738685400011794,0.04906084008819498,2496.0,"[0.024663332335322967, 0.0025652888897799743, 0.02000854142174355, 0.004304945439620704, 0.01824845166191879, 0.009545912103362838, 0.026833946818308373, 0.015267976414844097, 0.07525461956214766, 0.04233339431551801, 0.015636311411253278, 0.004066668870014417, 0.0917958238373718, 0.01831543964931615, 0.0385322689176295, 0.014018552297226629, 0.0049801051248404195, 0.05242094381024976, 0.0623743887037824, 0.007724391288851391, 0.0022716723702210064, 0.0007860512508556027, 0.12065499272826924, 0.05690689353667692, 0.0005165459918118911, 0.01047470497152784, 0.006856414547459004, 0.038281318302661085, 0.006169040813728833, 0.059698102580193]","[0.9285714285714287, 1.0, 0.9285714285714287, 0.9285714285714287, 0.9047619047619048, 0.9761904761904763, 0.9285714285714287, 0.9285714285714287, 1.0, 0.9285714285714287, 0.9285714285714287, 1.0, 0.9047619047619048, 0.9761904761904763, 0.9285714285714287, 1.0, 0.9761904761904763, 0.9285714285714287, 1.0, 1.0, 0.9761904761904763, 0.9761904761904763, 0.9047619047619048, 0.9761904761904763, 1.0, 0.9761904761904763, 0.9761904761904763, 0.9761904761904763, 1.0, 1.0]","[0.8571428571428571, 0.9999999999999998, 0.8571428571428571, 0.8571428571428571, 0.7857142857142856, 0.9285714285714285, 0.8571428571428571, 0.8571428571428571, 0.9999999999999998, 0.8571428571428571, 0.8571428571428571, 0.9999999999999998, 0.7857142857142856, 0.9285714285714285, 0.8571428571428571, 0.9999999999999998, 0.9285714285714285, 0.8571428571428571, 0.9999999999999998, 0.9999999999999998, 0.9285714285714285, 0.9285714285714285, 0.7857142857142856, 0.9285714285714285, 0.9999999999999998, 0.9285714285714285, 0.9285714285714285, 0.9285714285714285, 0.9999999999999998, 0.9999999999999998]","[1.0, 1.0, 1.0, 1.0, 1.0, 1.0, 1.0, 1.0, 1.0, 1.0, 1.0, 1.0, 1.0, 1.0, 1.0, 1.0, 1.0, 1.0, 1.0, 1.0, 1.0, 1.0, 1.0, 1.0, 1.0, 1.0, 1.0, 1.0, 1.0, 1.0]","[1.0, 1.0, 1.0, 1.0, 1.0, 1.0, 1.0, 1.0, 1.0, 1.0, 1.0, 1.0, 1.0, 1.0, 1.0, 1.0, 1.0, 1.0, 1.0, 1.0, 1.0, 1.0, 1.0, 1.0, 1.0, 1.0, 1.0, 1.0, 1.0, 1.0]"
california,mlp,5000,8,8,b1_uniform,0.005909843192970503,0.0011112884918404076,0.0007387303991213129,0.00013891106148005095,0.005492654734456722,0.006314735697826529,8.266693949021029,0.9976190476190477,0.0071428571428571175,0.9944444444444446,1.0,0.9928571428571425,0.02142857142857138,1.0,0.0,1.0,0.0,0.00010047746303695682,0.0,5000.0,0.8192743633349892,0.017095835651489245,5000.0,"[0.00643657602770171, 0.004562974818742367, 0.0065084696102684575, 0.007276490349298459, 0.006524351827151225, 0.005532615321198534, 0.0041464389319874435, 0.00644601324053527, 0.007100293025627497, 0.004172289762820393, 0.007723997223417348, 0.006003014331503029, 0.005257596844158096, 0.0069711875004500315, 0.0077914294595723245, 0.005398904239207746, 0.0046896762441065165, 0.006340791128155656, 0.005228594492565261, 0.007962672670435053, 0.006920248935725415, 0.0047230965261441426, 0.005752897866198553, 0.005484705911304311, 0.004968457586578664, 0.004697162352272494, 0.00605309968450757, 0.006606054615331313, 0.006067636816512601, 0.003947558445637616]","[1.0, 1.0, 1.0, 1.0, 1.0, 1.0, 1.0, 1.0, 1.0, 1.0, 1.0, 0.9761904761904763, 1.0, 1.0, 1.0, 1.0, 1.0, 1.0, 1.0, 1.0, 0.9761904761904763, 1.0, 1.0, 1.0, 1.0, 0.9761904761904763, 1.0, 1.0, 1.0, 1.0]","[0.9999999999999998, 0.9999999999999998, 0.9999999999999998, 0.9999999999999998, 0.9999999999999998, 0.9999999999999998, 0.9999999999999998, 0.9999999999999998, 0.9999999999999998, 0.9999999999999998, 0.9999999999999998, 0.9285714285714285, 0.9999999999999998, 0.9999999999999998, 0.9999999999999998, 0.9999999999999998, 0.9999999999999998, 0.9999999999999998, 0.9999999999999998, 0.9999999999999998, 0.9285714285714285, 0.9999999999999998, 0.9999999999999998, 0.9999999999999998, 0.9999999999999998, 0.9285714285714285, 0.9999999999999998, 0.9999999999999998, 0.9999999999999998, 0.9999999999999998]","[1.0, 1.0, 1.0, 1.0, 1.0, 1.0, 1.0, 1.0, 1.0, 1.0, 1.0, 1.0, 1.0, 1.0, 1.0, 1.0, 1.0, 1.0, 1.0, 1.0, 1.0, 1.0, 1.0, 1.0, 1.0, 1.0, 1.0, 1.0, 1.0, 1.0]","[1.0, 1.0, 1.0, 1.0, 1.0, 1.0, 1.0, 1.0, 1.0, 1.0, 1.0, 1.0, 1.0, 1.0, 1.0, 1.0, 1.0, 1.0, 1.0, 1.0, 1.0, 1.0, 1.0, 1.0, 1.0, 1.0, 1.0, 1.0, 1.0, 1.0]"
california,mlp,5000,8,8,b2_stratified,0.0007148980268793388,0.0008135963201357526,8.936225335991734e-05,0.00010169954001696908,0.0004618108239378333,0.0010307909725797248,1.0,0.9904761904761905,0.011664236870396045,0.9865079365079362,0.9944444444444446,0.9714285714285712,0.03499271061118819,1.0,0.0,1.0,0.0,8.293032511458268e-05,0.0,5000.0,0.8427362233342137,0.04682551284979121,5000.0,"[0.00010540799838787907, 0.0011240869276451983, 0.0006024721039984965, 4.1394700553894e-05, 0.00014381408509285472, 0.000256654587463266, 0.001166779823865014, 0.0002626783144272282, 0.00012713863082166598, 0.000244166585774517, 0.002172624236101599, 0.000519470214547113, 0.0004066112246964261, 0.0004607695531297242, 0.0013434585395921568, 0.0004659773047552015, 0.0003874962130345364, 0.0007971042842701374, 0.0007493774726071063, 0.00016437470372029654, 0.00010930032787199857, 0.0005316313081103041, 0.0005222446583240634, 0.0004798803102758543, 0.0005395656932543371, 0.004132002892270201, 0.0009826645300302134, 0.0005174040824804515, 0.00014681663945441192, 0.001943572859824014]","[1.0, 1.0, 1.0, 1.0, 0.9761904761904763, 1.0, 1.0, 0.9761904761904763, 0.9761904761904763, 1.0, 0.9761904761904763, 1.0, 1.0, 1.0, 1.0, 0.9761904761904763, 1.0, 1.0, 0.9761904761904763, 0.9761904761904763, 1.0, 0.9761904761904763, 0.9761904761904763, 0.9761904761904763, 1.0, 0.9761904761904763, 0.9761904761904763, 1.0, 1.0, 1.0]","[0.9999999999999998, 0.9999999999999998, 0.9999999999999998, 0.9999999999999998, 0.9285714285714285, 0.9999999999999998, 0.9999999999999998, 0.9285714285714285, 0.9285714285714285, 0.9999999999999998, 0.9285714285714285, 0.9999999999999998, 0.9999999999999998, 0.9999999999999998, 0.9999999999999998, 0.9285714285714285, 0.9999999999999998, 0.9999999999999998, 0.9285714285714285, 0.9285714285714285, 0.9999999999999998, 0.9285714285714285, 0.9285714285714285, 0.9285714285714285, 0.9999999999999998, 0.9285714285714285, 0.9285714285714285, 0.9999999999999998, 0.9999999999999998, 0.9999999999999998]","[1.0, 1.0, 1.0, 1.0, 1.0, 1.0, 1.0, 1.0, 1.0, 1.0, 1.0, 1.0, 1.0, 1.0, 1.0, 1.0, 1.0, 1.0, 1.0, 1.0, 1.0, 1.0, 1.0, 1.0, 1.0, 1.0, 1.0, 1.0, 1.0, 1.0]","[1.0, 1.0, 1.0, 1.0, 1.0, 1.0, 1.0, 1.0, 1.0, 1.0, 1.0, 1.0, 1.0, 1.0, 1.0, 1.0, 1.0, 1.0, 1.0, 1.0, 1.0, 1.0, 1.0, 1.0, 1.0, 1.0, 1.0, 1.0, 1.0, 1.0]"
california,mlp,5000,8,8,b3_is,0.0010142940948872105,0.0011675525007801538,0.0001267867618609013,0.00014594406259751922,0.0007108132314020162,0.0014920785111650892,1.4187954879590179,0.9888888888888888,0.01187827741832993,0.9849206349206348,0.9936507936507937,0.9666666666666665,0.03563483225498985,1.0,0.0,1.0,0.0,5.459561548471815e-05,0.0,5000.0,0.941540156659903,0.017154173591918776,5000.0,"[0.00695420376481314, 0.0002193224092201535, 0.00091195404456296, 0.0012569886238447906, 0.0005437739121284713, 0.0010143076929876717, 0.001394178697281291, 0.00037821474931711376, 0.0002738041792749183, 0.0008237519597453892, 0.0006130375951804899, 0.0007650108049451245, 0.0005980980649798883, 0.0006092028375540971, 0.0005020701147820785, 0.0012447501527133886, 0.0005491853337967174, 0.0007664932740239464, 0.0007182804118000415, 0.000704206628701432, 0.000561448420204794, 0.0007934598469051483, 0.0005234369398249536, 0.0014281455260093253, 0.001776258750982138, 0.0016532848423582397, 0.0004729626910019935, 0.001080695165670763, 0.0006451838197871016, 0.0006531115922187613]","[0.9761904761904763, 1.0, 1.0, 1.0, 0.9761904761904763, 1.0, 0.9761904761904763, 0.9761904761904763, 0.9761904761904763, 1.0, 0.9761904761904763, 0.9761904761904763, 1.0, 1.0, 1.0, 1.0, 0.9761904761904763, 0.9761904761904763, 0.9761904761904763, 1.0, 1.0, 1.0, 0.9761904761904763, 0.9761904761904763, 1.0, 1.0, 0.9761904761904763, 0.9761904761904763, 1.0, 1.0]","[0.9285714285714285, 0.9999999999999998, 0.9999999999999998, 0.9999999999999998, 0.9285714285714285, 0.9999999999999998, 0.9285714285714285, 0.9285714285714285, 0.9285714285714285, 0.9999999999999998, 0.9285714285714285, 0.9285714285714285, 0.9999999999999998, 0.9999999999999998, 0.9999999999999998, 0.9999999999999998, 0.9285714285714285, 0.9285714285714285, 0.9285714285714285, 0.9999999999999998, 0.9999999999999998, 0.9999999999999998, 0.9285714285714285, 0.9285714285714285, 0.9999999999999998, 0.9999999999999998, 0.9285714285714285, 0.9285714285714285, 0.9999999999999998, 0.9999999999999998]","[1.0, 1.0, 1.0, 1.0, 1.0, 1.0, 1.0, 1.0, 1.0, 1.0, 1.0, 1.0, 1.0, 1.0, 1.0, 1.0, 1.0, 1.0, 1.0, 1.0, 1.0, 1.0, 1.0, 1.0, 1.0, 1.0, 1.0, 1.0, 1.0, 1.0]","[1.0, 1.0, 1.0, 1.0, 1.0, 1.0, 1.0, 1.0, 1.0, 1.0, 1.0, 1.0, 1.0, 1.0, 1.0, 1.0, 1.0, 1.0, 1.0, 1.0, 1.0, 1.0, 1.0, 1.0, 1.0, 1.0, 1.0, 1.0, 1.0, 1.0]"
california,mlp,5000,8,8,b4_antithetic,0.00511280046846492,0.0008168504707297227,0.000639100058558115,0.00010210630884121534,0.0048293528472650084,0.005415741072119326,7.151789872442695,1.0,0.0,1.0,1.0,0.9999999999999998,0.0,1.0,0.0,1.0,0.0,1.0256700346764792e-05,0.0,5000.0,0.7981798599998001,0.018942184566374677,5000.0,"[0.007036475981076629, 0.0054660659689457, 0.004256468213952709, 0.004246534587282124, 0.0039018408497295885, 0.005213765976723611, 0.004796213214185344, 0.004777833987591057, 0.005560357397623777, 0.004972899564169181, 0.005726646120930546, 0.005434947325657365, 0.0042223418240432365, 0.004572676362949804, 0.0051745096343656285, 0.00464570984593862, 0.004714988652460646, 0.0055260267485290225, 0.0038728197466978012, 0.004918362077374138, 0.006450825567081508, 0.004709477615629457, 0.004617490666732112, 0.005992791239092908, 0.0044505210332324244, 0.007035676779121332, 0.00551282290972814, 0.006280173388228556, 0.0047981422674800945, 0.00449860850739455]","[1.0, 1.0, 1.0, 1.0, 1.0, 1.0, 1.0, 1.0, 1.0, 1.0, 1.0, 1.0, 1.0, 1.0, 1.0, 1.0, 1.0, 1.0, 1.0, 1.0, 1.0, 1.0, 1.0, 1.0, 1.0, 1.0, 1.0, 1.0, 1.0, 1.0]","[0.9999999999999998, 0.9999999999999998, 0.9999999999999998, 0.9999999999999998, 0.9999999999999998, 0.9999999999999998, 0.9999999999999998, 0.9999999999999998, 0.9999999999999998, 0.9999999999999998, 0.9999999999999998, 0.9999999999999998, 0.9999999999999998, 0.9999999999999998, 0.9999999999999998, 0.9999999999999998, 0.9999999999999998, 0.9999999999999998, 0.9999999999999998, 0.9999999999999998, 0.9999999999999998, 0.9999999999999998, 0.9999999999999998, 0.9999999999999998, 0.9999999999999998, 0.9999999999999998, 0.9999999999999998, 0.9999999999999998, 0.9999999999999998, 0.9999999999999998]","[1.0, 1.0, 1.0, 1.0, 1.0, 1.0, 1.0, 1.0, 1.0, 1.0, 1.0, 1.0, 1.0, 1.0, 1.0, 1.0, 1.0, 1.0, 1.0, 1.0, 1.0, 1.0, 1.0, 1.0, 1.0, 1.0, 1.0, 1.0, 1.0, 1.0]","[1.0, 1.0, 1.0, 1.0, 1.0, 1.0, 1.0, 1.0, 1.0, 1.0, 1.0, 1.0, 1.0, 1.0, 1.0, 1.0, 1.0, 1.0, 1.0, 1.0, 1.0, 1.0, 1.0, 1.0, 1.0, 1.0, 1.0, 1.0, 1.0, 1.0]"
california,mlp,5000,9,8,abc_shap,0.012538592877124144,0.012913868498417703,0.001567324109640518,0.001614233562302213,0.008198201124311726,0.017322774758200446,70.10413699117728,0.9269841269841271,0.07193821710237876,0.8999801587301587,0.9507936507936509,0.8452380952380951,0.13437096247164246,0.8888888888888891,0.15713484026367724,0.9466666666666668,0.08844332774281063,0.0010794654013795983,2496.0,2504.0,0.9578430766686021,0.011812269232430336,2496.0,"[0.018185514966705146, 0.0012608241281074789, 0.0008851935929182463, 0.009171117852130041, 0.0023017268467556166, 0.0009118596200175401, 0.005547707092696907, 0.008327438497609111, 0.02487727256556384, 0.04600563699162448, 0.00933418712001026, 0.007563898044637032, 0.012290876491161708, 0.024307772356442988, 0.02474790079143005, 0.0034461424807330945, 0.00021154819543662943, 0.004121881946013877, 0.0004345644331403289, 0.004628216498862329, 0.0018595625128310833, 0.008737907841880119, 0.01944138798468362, 0.0008260552269547462, 0.0032255398945020284, 0.035665610328792716, 0.03660559990114805, 0.030835829865295174, 0.029650546183958622, 0.0007484660616815193]","[0.880952380952381, 1.0, 0.9761904761904763, 0.9285714285714287, 1.0, 0.9761904761904763, 0.9761904761904763, 0.9285714285714287, 0.880952380952381, 0.7619047619047621, 0.9523809523809524, 0.9285714285714287, 0.880952380952381, 0.880952380952381, 0.8095238095238096, 0.9761904761904763, 1.0, 0.9761904761904763, 1.0, 1.0, 0.9761904761904763, 0.9523809523809524, 0.9285714285714287, 1.0, 0.9761904761904763, 0.8333333333333335, 0.8095238095238096, 0.8095238095238096, 0.8095238095238096, 1.0]","[0.7142857142857142, 0.9999999999999998, 0.9285714285714285, 0.8571428571428571, 0.9999999999999998, 0.9285714285714285, 0.9285714285714285, 0.8571428571428571, 0.7142857142857142, 0.5714285714285714, 0.8571428571428571, 0.8571428571428571, 0.7142857142857142, 0.7142857142857142, 0.6428571428571428, 0.9285714285714285, 0.9999999999999998, 0.9285714285714285, 0.9999999999999998, 0.9999999999999998, 0.9285714285714285, 0.8571428571428571, 0.8571428571428571, 0.9999999999999998, 0.9285714285714285, 0.7142857142857142, 0.6428571428571428, 0.6428571428571428, 0.6428571428571428, 0.9999999999999998]","[0.6666666666666666, 1.0, 1.0, 1.0, 1.0, 1.0, 1.0, 1.0, 0.6666666666666666, 0.6666666666666666, 1.0, 1.0, 0.6666666666666666, 0.6666666666666666, 0.6666666666666666, 1.0, 1.0, 1.0, 1.0, 1.0, 1.0, 1.0, 1.0, 1.0, 1.0, 0.6666666666666666, 0.6666666666666666, 0.6666666666666666, 0.6666666666666666, 1.0]","[1.0, 1.0, 1.0, 1.0, 1.0, 1.0, 1.0, 1.0, 1.0, 0.8, 0.8, 1.0, 1.0, 1.0, 0.8, 1.0, 1.0, 1.0, 1.0, 1.0, 1.0, 0.8, 1.0, 1.0, 1.0, 0.8, 0.8, 0.8, 0.8, 1.0]"
california,mlp,5000,9,8,b1_uniform,0.0016015260074802795,0.000367839257480238,0.00020019075093503493,4.597990718502975e-05,0.0014711906863958712,0.001735474901491018,8.954242292065059,0.9777777777777776,0.005939138709164965,0.9761904761904759,0.9801587301587299,0.933333333333333,0.01781741612749492,1.0,0.0,1.0,0.0,2.8548380690492312e-05,0.0,5000.0,0.8149903066650344,0.02427621376812843,5000.0,"[0.002534212781989755, 0.0010127128419134942, 0.0013970649947836113, 0.0013087565775383825, 0.0013796857850014697, 0.002478988723442302, 0.0011963166209638752, 0.0016397491915857677, 0.001887978979609306, 0.0016954444442876906, 0.00190563382392123, 0.0014633004387228298, 0.001740329502617039, 0.0015077156137377407, 0.0016783703426819895, 0.0014310661671597426, 0.0011566939539043373, 0.0014564092351874321, 0.0015902806997788903, 0.001866361066720531, 0.001966706394252339, 0.0008268656769632104, 0.001531253230293932, 0.001453348967136846, 0.00165572520487533, 0.001562572381871295, 0.0017011680477245648, 0.0017555384656191538, 0.002065859913200881, 0.0011996701569234219]","[0.9761904761904763, 0.9761904761904763, 0.9761904761904763, 0.9761904761904763, 0.9761904761904763, 0.9761904761904763, 0.9761904761904763, 1.0, 0.9761904761904763, 0.9761904761904763, 0.9761904761904763, 0.9761904761904763, 0.9761904761904763, 0.9761904761904763, 0.9761904761904763, 0.9761904761904763, 1.0, 0.9761904761904763, 0.9761904761904763, 0.9761904761904763, 0.9761904761904763, 0.9761904761904763, 0.9761904761904763, 0.9761904761904763, 0.9761904761904763, 0.9761904761904763, 0.9761904761904763, 0.9761904761904763, 0.9761904761904763, 0.9761904761904763]","[0.9285714285714285, 0.9285714285714285, 0.9285714285714285, 0.9285714285714285, 0.9285714285714285, 0.9285714285714285, 0.9285714285714285, 0.9999999999999998, 0.9285714285714285, 0.9285714285714285, 0.9285714285714285, 0.9285714285714285, 0.9285714285714285, 0.9285714285714285, 0.9285714285714285, 0.9285714285714285, 0.9999999999999998, 0.9285714285714285, 0.9285714285714285, 0.9285714285714285, 0.9285714285714285, 0.9285714285714285, 0.9285714285714285, 0.9285714285714285, 0.9285714285714285, 0.9285714285714285, 0.9285714285714285, 0.9285714285714285, 0.9285714285714285, 0.9285714285714285]","[1.0, 1.0, 1.0, 1.0, 1.0, 1.0, 1.0, 1.0, 1.0, 1.0, 1.0, 1.0, 1.0, 1.0, 1.0, 1.0, 1.0, 1.0, 1.0, 1.0, 1.0, 1.0, 1.0, 1.0, 1.0, 1.0, 1.0, 1.0, 1.0, 1.0]","[1.0, 1.0, 1.0, 1.0, 1.0, 1.0, 1.0, 1.0, 1.0, 1.0, 1.0, 1.0, 1.0, 1.0, 1.0, 1.0, 1.0, 1.0, 1.0, 1.0, 1.0, 1.0, 1.0, 1.0, 1.0, 1.0, 1.0, 1.0, 1.0, 1.0]"
california,mlp,5000,9,8,b2_stratified,0.0001788566754441631,0.00012725787298876155,2.235708443052039e-05,1.5907234123595194e-05,0.00013899394894586065,0.00022953394760362125,1.0,1.0,0.0,1.0,1.0,0.9999999999999998,0.0,1.0,0.0,1.0,0.0,2.0578487438902343e-05,0.0,5000.0,0.8259728566627018,0.027067292535896948,5000.0,"[5.0886901830898886e-05, 4.65096554032256e-05, 0.00011298022588058319, 0.0002859183084428483, 0.00013604793776280524, 0.0001338795362895389, 0.00016997397123234687, 7.56036916119024e-05, 0.00023803782475544108, 0.00036710758749126325, 0.00019727454895610924, 0.00020477232298257903, 0.00018951013111053442, 0.00011891918239026152, 0.00023628215563041962, 5.17891244021187e-05, 7.271692877531044e-05, 0.00010167031292097962, 0.00023346884777143196, 0.00015315229200434227, 0.0002296214544576475, 0.00033890827690137397, 0.0001335187948804489, 0.00012726085195132023, 8.134175696581833e-05, 0.00017871409818642897, 0.00012026552854858332, 7.486604952492181e-05, 0.00019611501829046256, 0.0007085869459729474]","[1.0, 1.0, 1.0, 1.0, 1.0, 1.0, 1.0, 1.0, 1.0, 1.0, 1.0, 1.0, 1.0, 1.0, 1.0, 1.0, 1.0, 1.0, 1.0, 1.0, 1.0, 1.0, 1.0, 1.0, 1.0, 1.0, 1.0, 1.0, 1.0, 1.0]","[0.9999999999999998, 0.9999999999999998, 0.9999999999999998, 0.9999999999999998, 0.9999999999999998, 0.9999999999999998, 0.9999999999999998, 0.9999999999999998, 0.9999999999999998, 0.9999999999999998, 0.9999999999999998, 0.9999999999999998, 0.9999999999999998, 0.9999999999999998, 0.9999999999999998, 0.9999999999999998, 0.9999999999999998, 0.9999999999999998, 0.9999999999999998, 0.9999999999999998, 0.9999999999999998, 0.9999999999999998, 0.9999999999999998, 0.9999999999999998, 0.9999999999999998, 0.9999999999999998, 0.9999999999999998, 0.9999999999999998, 0.9999999999999998, 0.9999999999999998]","[1.0, 1.0, 1.0, 1.0, 1.0, 1.0, 1.0, 1.0, 1.0, 1.0, 1.0, 1.0, 1.0, 1.0, 1.0, 1.0, 1.0, 1.0, 1.0, 1.0, 1.0, 1.0, 1.0, 1.0, 1.0, 1.0, 1.0, 1.0, 1.0, 1.0]","[1.0, 1.0, 1.0, 1.0, 1.0, 1.0, 1.0, 1.0, 1.0, 1.0, 1.0, 1.0, 1.0, 1.0, 1.0, 1.0, 1.0, 1.0, 1.0, 1.0, 1.0, 1.0, 1.0, 1.0, 1.0, 1.0, 1.0, 1.0, 1.0, 1.0]"
california,mlp,5000,9,8,b3_is,0.00029534596002404114,0.00013226769622313195,3.691824500300514e-05,1.6533462027891493e-05,0.00025292772715690854,0.0003441833744523943,1.6512996190418656,0.9896825396825396,0.01179846725977655,0.9857142857142857,0.9936507936507937,0.9690476190476187,0.035395401779329705,1.0,0.0,1.0,0.0,2.2436268555723216e-05,0.0,5000.0,0.9418299333367031,0.0447091058757801,5000.0,"[0.00020220993338495127, 0.0002653209433505487, 0.00020817860730772787, 0.0001968167868856652, 0.00022243662250482103, 0.0003309542826582435, 0.0004284457045261364, 0.00020047669286268674, 0.00027289225692149146, 0.0006086441389416527, 0.0003296407663662649, 0.00025786070798890605, 0.0006361638616902308, 0.00060056614731699, 0.0003370623206026776, 0.0003763654164829273, 0.00045998116529208914, 0.0001261106090442759, 0.00019222759523070365, 0.000124246204020698, 0.00025754626425305796, 0.0002472360088913721, 0.0002461727741835863, 0.00034499793958636096, 0.00017010888751330325, 0.00020919719814044516, 0.0003056014504759206, 0.00017282320701219442, 0.00023803296322253467, 0.0002920613440627723]","[0.9761904761904763, 1.0, 1.0, 1.0, 1.0, 1.0, 0.9761904761904763, 0.9761904761904763, 0.9761904761904763, 1.0, 0.9761904761904763, 1.0, 0.9761904761904763, 0.9761904761904763, 1.0, 0.9761904761904763, 0.9761904761904763, 1.0, 1.0, 1.0, 0.9761904761904763, 1.0, 1.0, 1.0, 0.9761904761904763, 1.0, 0.9761904761904763, 1.0, 1.0, 0.9761904761904763]","[0.9285714285714285, 0.9999999999999998, 0.9999999999999998, 0.9999999999999998, 0.9999999999999998, 0.9999999999999998, 0.9285714285714285, 0.9285714285714285, 0.9285714285714285, 0.9999999999999998, 0.9285714285714285, 0.9999999999999998, 0.9285714285714285, 0.9285714285714285, 0.9999999999999998, 0.9285714285714285, 0.9285714285714285, 0.9999999999999998, 0.9999999999999998, 0.9999999999999998, 0.9285714285714285, 0.9999999999999998, 0.9999999999999998, 0.9999999999999998, 0.9285714285714285, 0.9999999999999998, 0.9285714285714285, 0.9999999999999998, 0.9999999999999998, 0.9285714285714285]","[1.0, 1.0, 1.0, 1.0, 1.0, 1.0, 1.0, 1.0, 1.0, 1.0, 1.0, 1.0, 1.0, 1.0, 1.0, 1.0, 1.0, 1.0, 1.0, 1.0, 1.0, 1.0, 1.0, 1.0, 1.0, 1.0, 1.0, 1.0, 1.0, 1.0]","[1.0, 1.0, 1.0, 1.0, 1.0, 1.0, 1.0, 1.0, 1.0, 1.0, 1.0, 1.0, 1.0, 1.0, 1.0, 1.0, 1.0, 1.0, 1.0, 1.0, 1.0, 1.0, 1.0, 1.0, 1.0, 1.0, 1.0, 1.0, 1.0, 1.0]"
california,mlp,5000,9,8,b4_antithetic,0.0014476696132980633,0.00022232387181342965,0.00018095870166225792,2.7790483976678707e-05,0.0013630780373577954,0.001519842195438019,8.09402058773036,0.9761904761904759,3.3306690738754696e-16,0.9761904761904759,0.9761904761904759,0.9285714285714283,2.220446049250313e-16,1.0,0.0,1.0,0.0,6.917555404355928e-06,0.0,5000.0,0.7926180733270788,0.02368578091723544,5000.0,"[0.0013697523879448066, 0.0017058296682808825, 0.001626997814669648, 0.0013526106242849729, 0.001346781725368281, 0.0013693183177374722, 0.001627461211160537, 0.0014674288691088786, 0.0014091151660178434, 0.001300222373743651, 0.001636967714846848, 0.0017560572887211385, 0.0016160835033054773, 0.0013039400864857545, 0.0011885843961963187, 0.0011587949404263528, 0.0008025808303011106, 0.0012613796134812775, 0.0015775673982920987, 0.0014240202585424654, 0.001304797005328126, 0.0015813763749218583, 0.0016636864402490136, 0.0014339622553058492, 0.0011208111166231922, 0.001843594565377279, 0.0016842192228343751, 0.0014228905541156394, 0.0013407644696503715, 0.001732492205620393]","[0.9761904761904763, 0.9761904761904763, 0.9761904761904763, 0.9761904761904763, 0.9761904761904763, 0.9761904761904763, 0.9761904761904763, 0.9761904761904763, 0.9761904761904763, 0.9761904761904763, 0.9761904761904763, 0.9761904761904763, 0.9761904761904763, 0.9761904761904763, 0.9761904761904763, 0.9761904761904763, 0.9761904761904763, 0.9761904761904763, 0.9761904761904763, 0.9761904761904763, 0.9761904761904763, 0.9761904761904763, 0.9761904761904763, 0.9761904761904763, 0.9761904761904763, 0.9761904761904763, 0.9761904761904763, 0.9761904761904763, 0.9761904761904763, 0.9761904761904763]","[0.9285714285714285, 0.9285714285714285, 0.9285714285714285, 0.9285714285714285, 0.9285714285714285, 0.9285714285714285, 0.9285714285714285, 0.9285714285714285, 0.9285714285714285, 0.9285714285714285, 0.9285714285714285, 0.9285714285714285, 0.9285714285714285, 0.9285714285714285, 0.9285714285714285, 0.9285714285714285, 0.9285714285714285, 0.9285714285714285, 0.9285714285714285, 0.9285714285714285, 0.9285714285714285, 0.9285714285714285, 0.9285714285714285, 0.9285714285714285, 0.9285714285714285, 0.9285714285714285, 0.9285714285714285, 0.9285714285714285, 0.9285714285714285, 0.9285714285714285]","[1.0, 1.0, 1.0, 1.0, 1.0, 1.0, 1.0, 1.0, 1.0, 1.0, 1.0, 1.0, 1.0, 1.0, 1.0, 1.0, 1.0, 1.0, 1.0, 1.0, 1.0, 1.0, 1.0, 1.0, 1.0, 1.0, 1.0, 1.0, 1.0, 1.0]","[1.0, 1.0, 1.0, 1.0, 1.0, 1.0, 1.0, 1.0, 1.0, 1.0, 1.0, 1.0, 1.0, 1.0, 1.0, 1.0, 1.0, 1.0, 1.0, 1.0, 1.0, 1.0, 1.0, 1.0, 1.0, 1.0, 1.0, 1.0, 1.0, 1.0]"
