dataset,model,n_budget,instance_idx,M,method,mse,mse_std,mse_norm,mse_norm_std,mse_ci_lower,mse_ci_upper,mse_ratio_b2,spearman_mean,spearman_std,spearman_ci_lower,spearman_ci_upper,kendall_mean,kendall_std,top3_mean,top3_std,top5_mean,top5_std,variance,n_exploration,n_estimation,time_mean,time_std,n_coal_final,mse_per_run,spearman_per_run,kendall_per_run,top3_per_run,top5_per_run
adult,ridge,5000,0,14,abc_shap,0.0009483897364306169,0.0007763550298957562,6.774212403075835e-05,5.545393070683973e-05,0.0006689807463258292,0.0012362877290609284,12.91091372124866,0.9557509157509158,0.04272161658970341,0.9408058608058608,0.9704065934065934,0.8959706959706961,0.0786173094522861,1.0,0.0,0.9866666666666667,0.04988876515698587,6.438941162700886e-05,2352.0,2648.0,0.6862662500013054,0.016755318130192896,2352.0,"[0.0015702301261727566, 0.00018594544953819041, 0.0011798798077815868, 0.00041005294050558693, 0.0014127590847639216, 0.0013803126340043283, 0.00036144200760919844, 0.0018151271644299535, 0.0016870737414395455, 0.0007342937161310825, 0.0023415591500489264, 9.655405379533292e-05, 0.001401752324176727, 0.003194479735067752, 0.001672801216707069, 0.0019893572871204066, 7.709086165721132e-05, 0.00038557581000636855, 0.00021153188258721495, 0.0003626217098414432, 0.0016661209441352126, 0.0008929095020851088, 0.000935738961538009, 0.00030717880435127094, 0.0005846178153526663, 0.0003627081839360997, 0.00018429959227483827, 0.000638615293877364, 0.00023818517024509647, 0.00017087712173823294]","[0.8681318681318682, 0.9912087912087912, 0.9824175824175824, 0.9472527472527472, 0.9472527472527472, 0.8945054945054945, 0.9340659340659341, 0.9956043956043955, 0.9868131868131869, 0.9824175824175824, 0.8725274725274725, 0.9824175824175824, 0.9428571428571428, 0.8505494505494505, 0.9912087912087912, 0.8857142857142857, 0.9956043956043955, 0.9956043956043955, 0.9912087912087912, 0.9956043956043955, 0.9956043956043955, 0.9824175824175824, 0.9428571428571428, 0.9516483516483516, 0.9428571428571428, 0.9384615384615385, 0.956043956043956, 0.9384615384615385, 0.9956043956043955, 0.9956043956043955]","[0.7362637362637363, 0.9560439560439562, 0.9340659340659341, 0.8901098901098902, 0.8901098901098902, 0.8021978021978022, 0.8461538461538461, 0.9780219780219781, 0.9560439560439562, 0.9340659340659341, 0.7582417582417583, 0.9340659340659341, 0.8681318681318682, 0.6923076923076924, 0.9560439560439562, 0.7802197802197802, 0.9780219780219781, 0.9780219780219781, 0.9560439560439562, 0.9780219780219781, 0.9780219780219781, 0.9340659340659341, 0.8681318681318682, 0.8901098901098902, 0.8681318681318682, 0.8461538461538461, 0.8901098901098902, 0.8461538461538461, 0.9780219780219781, 0.9780219780219781]","[1.0, 1.0, 1.0, 1.0, 1.0, 1.0, 1.0, 1.0, 1.0, 1.0, 1.0, 1.0, 1.0, 1.0, 1.0, 1.0, 1.0, 1.0, 1.0, 1.0, 1.0, 1.0, 1.0, 1.0, 1.0, 1.0, 1.0, 1.0, 1.0, 1.0]","[0.8, 1.0, 1.0, 1.0, 1.0, 1.0, 1.0, 1.0, 1.0, 1.0, 1.0, 1.0, 1.0, 1.0, 1.0, 1.0, 1.0, 1.0, 1.0, 1.0, 1.0, 1.0, 1.0, 1.0, 1.0, 1.0, 1.0, 0.8, 1.0, 1.0]"
adult,ridge,5000,0,14,b1_uniform,0.0005220687833014282,0.0002237501919447095,3.729062737867344e-05,1.598215656747925e-05,0.00044452015266348315,0.0006018676791824537,7.107188910679571,0.9617582417582418,0.020147985294709188,0.9542857142857142,0.968791208791209,0.9025641025641027,0.039594341734422486,1.0,0.0,0.9533333333333334,0.08459051693633012,1.513368650640571e-05,0.0,5000.0,0.5620811900007538,0.013981939997934515,5000.0,"[0.0008653879359492528, 0.00033697746577590653, 0.000623928945502563, 0.00029229985962386096, 0.00025309417669522604, 0.0004570667227344767, 0.000536606488184567, 0.0002641979617245206, 0.0002060688355554977, 0.0005338769549650842, 0.0006937706848781376, 0.0010685716053327422, 0.0003798499345366256, 0.0005039945558992645, 0.0007911793793760154, 0.0008218331754254551, 0.0001900624565128789, 0.0004314832538770079, 0.00033066287922163486, 0.00035672704875010675, 0.0006634107363287943, 0.0008471483261488485, 0.0002777797116695857, 0.00039410927105024813, 0.000635276729729389, 0.0004088111639347322, 0.0005656005585174153, 0.0005478055713543755, 0.0008685102501381362, 0.0005159708596504959]","[0.9824175824175824, 0.9868131868131869, 0.9736263736263736, 0.9648351648351648, 0.9824175824175824, 0.956043956043956, 0.9736263736263736, 0.9868131868131869, 0.9868131868131869, 0.9692307692307693, 0.9824175824175824, 0.9516483516483516, 0.9736263736263736, 0.956043956043956, 0.9120879120879121, 0.9384615384615385, 0.9868131868131869, 0.9472527472527472, 0.9472527472527472, 0.9868131868131869, 0.9296703296703297, 0.9428571428571428, 0.9472527472527472, 0.9384615384615385, 0.956043956043956, 0.9428571428571428, 0.9868131868131869, 0.9692307692307693, 0.9428571428571428, 0.9516483516483516]","[0.9340659340659341, 0.9560439560439562, 0.9120879120879122, 0.9120879120879122, 0.9340659340659341, 0.9120879120879122, 0.9340659340659341, 0.9560439560439562, 0.9560439560439562, 0.9120879120879122, 0.9340659340659341, 0.8901098901098902, 0.9340659340659341, 0.8901098901098902, 0.8241758241758242, 0.8461538461538461, 0.9560439560439562, 0.8681318681318682, 0.8681318681318682, 0.9560439560439562, 0.8461538461538461, 0.8681318681318682, 0.8681318681318682, 0.8461538461538461, 0.8901098901098902, 0.8681318681318682, 0.9560439560439562, 0.9120879120879122, 0.8681318681318682, 0.8681318681318682]","[1.0, 1.0, 1.0, 1.0, 1.0, 1.0, 1.0, 1.0, 1.0, 1.0, 1.0, 1.0, 1.0, 1.0, 1.0, 1.0, 1.0, 1.0, 1.0, 1.0, 1.0, 1.0, 1.0, 1.0, 1.0, 1.0, 1.0, 1.0, 1.0, 1.0]","[1.0, 1.0, 0.8, 1.0, 0.8, 1.0, 1.0, 1.0, 1.0, 1.0, 0.8, 1.0, 1.0, 1.0, 1.0, 1.0, 1.0, 1.0, 0.8, 1.0, 1.0, 1.0, 0.8, 1.0, 1.0, 0.8, 1.0, 1.0, 1.0, 0.8]"
adult,ridge,5000,0,14,b2_stratified,7.345643824338831e-05,5.735685142349567e-05,5.246888445956308e-06,4.0969179588211195e-06,5.432326601239688e-05,9.399209086439334e-05,1.0,0.9951648351648352,0.004146804893211684,0.9936996336996338,0.9964835164835165,0.9772893772893774,0.017475253394690908,1.0,0.0,0.9866666666666667,0.04988876515698587,4.7994452982516085e-06,0.0,5000.0,0.5724700299984155,0.011951376349946592,5000.0,"[4.521775948264145e-05, 0.00015636774201115635, 0.00012268212413654416, 1.2247141880726285e-05, 0.00013846210321091256, 0.0001910198159662407, 5.95741499157941e-05, 6.901883628299615e-05, 0.00022222487092365346, 3.073056053112988e-05, 2.4005090028837963e-05, 4.355564932832704e-05, 0.00017613130867272196, 0.000143281242584731, 9.402586725113802e-05, 2.9612343083311686e-05, 4.168384737253932e-05, 7.681719895035305e-05, 2.475947776375528e-05, 9.444003583993447e-05, 2.6639900998691553e-05, 4.551221593816225e-05, 0.00010381132030149564, 2.0497675788210138e-05, 5.090051343582687e-05, 6.910202337272718e-05, 3.472947356713741e-05, 2.1928482194778627e-05, 1.3799059548551655e-05, 2.091531693862346e-05]","[0.9956043956043955, 0.9868131868131869, 0.9956043956043955, 0.9956043956043955, 0.9956043956043955, 0.9824175824175824, 0.9956043956043955, 0.9956043956043955, 0.9956043956043955, 0.9956043956043955, 0.9956043956043955, 0.9956043956043955, 1.0, 0.9956043956043955, 0.9868131868131869, 1.0, 1.0, 1.0, 0.9912087912087912, 0.9912087912087912, 0.9956043956043955, 0.9912087912087912, 0.9956043956043955, 0.9956043956043955, 0.9956043956043955, 0.9956043956043955, 1.0, 0.9956043956043955, 1.0, 1.0]","[0.9780219780219781, 0.9340659340659341, 0.9780219780219781, 0.9780219780219781, 0.9780219780219781, 0.9340659340659341, 0.9780219780219781, 0.9780219780219781, 0.9780219780219781, 0.9780219780219781, 0.9780219780219781, 0.9780219780219781, 1.0, 0.9780219780219781, 0.9560439560439562, 1.0, 1.0, 1.0, 0.9560439560439562, 0.9560439560439562, 0.9780219780219781, 0.9560439560439562, 0.9780219780219781, 0.9780219780219781, 0.9780219780219781, 0.9780219780219781, 1.0, 0.9780219780219781, 1.0, 1.0]","[1.0, 1.0, 1.0, 1.0, 1.0, 1.0, 1.0, 1.0, 1.0, 1.0, 1.0, 1.0, 1.0, 1.0, 1.0, 1.0, 1.0, 1.0, 1.0, 1.0, 1.0, 1.0, 1.0, 1.0, 1.0, 1.0, 1.0, 1.0, 1.0, 1.0]","[1.0, 1.0, 0.8, 1.0, 1.0, 1.0, 1.0, 1.0, 1.0, 1.0, 1.0, 1.0, 1.0, 1.0, 1.0, 1.0, 1.0, 1.0, 1.0, 0.8, 1.0, 1.0, 1.0, 1.0, 1.0, 1.0, 1.0, 1.0, 1.0, 1.0]"
adult,ridge,5000,0,14,b3_is,3.4222743081735364e-05,2.6896153650459097e-05,2.444481648695383e-06,1.92115383217565e-06,2.4216129417354047e-05,4.472995938012221e-05,0.46589167539464377,0.9970695970695971,0.0026210320615382386,0.9961904761904762,0.997948717948718,0.9853479853479854,0.013105160307691027,1.0,0.0,1.0,0.0,2.286162899125989e-06,0.0,5000.0,0.6727143700001761,0.01627200922252366,5000.0,"[7.44572791046775e-05, 1.189416149593573e-05, 4.158157535832473e-05, 1.6513095763029345e-05, 1.620140469521365e-05, 0.0001006148568070498, 4.494637179594198e-05, 4.991416143405426e-05, 5.6467953959300476e-05, 2.440650639538238e-05, 4.783028749734807e-05, 0.00011808345093955448, 2.1885033523792823e-05, 1.1339390419847306e-05, 7.4315479433043845e-06, 2.065537099067465e-05, 1.3371471432094838e-05, 1.646582080691348e-05, 4.7947358406725956e-05, 1.8680967308557846e-05, 1.1836649396472423e-05, 4.76465405072095e-06, 3.826226139583014e-05, 1.0127140802167942e-05, 3.849023010033729e-05, 1.4343575261027725e-05, 2.438943426300779e-05, 5.5864976741381995e-05, 1.6466433822953846e-05, 5.144887054043708e-05]","[1.0, 0.9956043956043955, 0.9956043956043955, 1.0, 1.0, 0.9956043956043955, 0.9956043956043955, 0.9956043956043955, 0.9956043956043955, 1.0, 0.9956043956043955, 0.9956043956043955, 0.9956043956043955, 1.0, 1.0, 0.9956043956043955, 0.9956043956043955, 0.9912087912087912, 0.9956043956043955, 1.0, 0.9956043956043955, 1.0, 1.0, 0.9956043956043955, 1.0, 0.9956043956043955, 0.9956043956043955, 1.0, 1.0, 0.9912087912087912]","[1.0, 0.9780219780219781, 0.9780219780219781, 1.0, 1.0, 0.9780219780219781, 0.9780219780219781, 0.9780219780219781, 0.9780219780219781, 1.0, 0.9780219780219781, 0.9780219780219781, 0.9780219780219781, 1.0, 1.0, 0.9780219780219781, 0.9780219780219781, 0.9560439560439562, 0.9780219780219781, 1.0, 0.9780219780219781, 1.0, 1.0, 0.9780219780219781, 1.0, 0.9780219780219781, 0.9780219780219781, 1.0, 1.0, 0.9560439560439562]","[1.0, 1.0, 1.0, 1.0, 1.0, 1.0, 1.0, 1.0, 1.0, 1.0, 1.0, 1.0, 1.0, 1.0, 1.0, 1.0, 1.0, 1.0, 1.0, 1.0, 1.0, 1.0, 1.0, 1.0, 1.0, 1.0, 1.0, 1.0, 1.0, 1.0]","[1.0, 1.0, 1.0, 1.0, 1.0, 1.0, 1.0, 1.0, 1.0, 1.0, 1.0, 1.0, 1.0, 1.0, 1.0, 1.0, 1.0, 1.0, 1.0, 1.0, 1.0, 1.0, 1.0, 1.0, 1.0, 1.0, 1.0, 1.0, 1.0, 1.0]"
adult,ridge,5000,0,14,b4_antithetic,0.0003253009772876762,0.00010495049684217491,2.323578409197687e-05,7.496464060155351e-06,0.00028909094385912447,0.00036157662645803216,4.428488299552912,0.9614652014652013,0.015997557811174068,0.9557509157509156,0.9670366300366301,0.9069597069597071,0.029857412267127986,1.0,0.0,1.0,0.0,2.040703972789249e-06,0.0,5000.0,0.5463718866667477,0.012905125971055992,5000.0,"[0.00015440832820346503, 0.0003444290446046559, 0.00042261086061177295, 0.00039338063637080184, 0.00042979076417313465, 0.00041754374091283535, 0.0004402380596415463, 0.00017221148047830978, 0.00033728021279928, 0.00023939558056941188, 0.0003823683548500566, 0.00019921639178563453, 0.0003898453214283516, 0.00039443109035410396, 0.0004575934373391475, 0.000222699577478533, 0.0001697860827384741, 0.00038975716152176473, 0.00023759988640594925, 0.00035884847832092875, 0.0001691694790357176, 0.0001669909855509121, 0.000403900971579529, 0.000423893072659744, 0.00020054882299600055, 0.0003806919339327867, 0.00025721394078272007, 0.0005137514565664489, 0.0002946613523064821, 0.00039477281263178624]","[0.9428571428571428, 0.9340659340659341, 0.956043956043956, 0.9428571428571428, 0.956043956043956, 0.956043956043956, 0.9824175824175824, 0.9428571428571428, 0.956043956043956, 0.9648351648351648, 0.9692307692307693, 0.9868131868131869, 0.9736263736263736, 0.956043956043956, 0.9428571428571428, 0.9824175824175824, 0.9692307692307693, 0.9516483516483516, 0.9736263736263736, 0.9824175824175824, 0.9912087912087912, 0.9648351648351648, 0.9736263736263736, 0.956043956043956, 0.9692307692307693, 0.9428571428571428, 0.9516483516483516, 0.9428571428571428, 0.9868131868131869, 0.9428571428571428]","[0.8681318681318682, 0.8461538461538461, 0.9120879120879122, 0.8681318681318682, 0.9120879120879122, 0.9120879120879122, 0.9340659340659341, 0.8681318681318682, 0.9120879120879122, 0.9120879120879122, 0.9120879120879122, 0.9560439560439562, 0.9340659340659341, 0.9120879120879122, 0.8681318681318682, 0.9340659340659341, 0.9120879120879122, 0.8901098901098902, 0.9340659340659341, 0.9340659340659341, 0.9560439560439562, 0.9120879120879122, 0.9340659340659341, 0.9120879120879122, 0.9120879120879122, 0.8681318681318682, 0.8901098901098902, 0.8681318681318682, 0.9560439560439562, 0.8681318681318682]","[1.0, 1.0, 1.0, 1.0, 1.0, 1.0, 1.0, 1.0, 1.0, 1.0, 1.0, 1.0, 1.0, 1.0, 1.0, 1.0, 1.0, 1.0, 1.0, 1.0, 1.0, 1.0, 1.0, 1.0, 1.0, 1.0, 1.0, 1.0, 1.0, 1.0]","[1.0, 1.0, 1.0, 1.0, 1.0, 1.0, 1.0, 1.0, 1.0, 1.0, 1.0, 1.0, 1.0, 1.0, 1.0, 1.0, 1.0, 1.0, 1.0, 1.0, 1.0, 1.0, 1.0, 1.0, 1.0, 1.0, 1.0, 1.0, 1.0, 1.0]"
adult,ridge,5000,1,14,abc_shap,0.0005968670841844272,0.0006014147223920157,4.263336315603051e-05,4.2958194456572546e-05,0.0003989983952307302,0.0008130114392474121,12.429463130199093,0.8811721611721614,0.0711081759514468,0.8572820512820514,0.9065238095238095,0.764835164835165,0.10664059980168754,0.788888888888889,0.16063146994223293,0.98,0.05999999999999998,2.8901317315345027e-05,2352.0,2648.0,0.7048516166677776,0.05523883295315545,2352.0,"[0.00011827370182857568, 0.00018618801043805068, 3.5759930830732644e-05, 0.00035148246226492005, 4.3814010864944914e-05, 0.00016392940126101443, 0.00039320568487505, 0.0004509693036474248, 0.0018880628134263968, 0.00040466503709667574, 0.0007417774377658947, 0.0008371086689951286, 0.00026865599632490395, 0.0004323654246927998, 0.0019233464734868203, 0.00038254559168684853, 0.0003229684130214102, 5.412549553820724e-05, 0.0003547698454534461, 0.00016739998155359528, 0.0008479365825444422, 0.0018850135687770503, 0.0020135971316658542, 0.00019383365583094868, 0.001056921839695291, 0.0002860136424240352, 0.0004215758637437699, 0.00028389479041889194, 5.094531438904484e-05, 0.0013448664509906414]","[0.9868131868131869, 0.9516483516483516, 0.9956043956043955, 0.8813186813186813, 0.9824175824175824, 0.9824175824175824, 0.8285714285714285, 0.8945054945054945, 0.7934065934065934, 0.8373626373626375, 0.8021978021978022, 0.8065934065934066, 0.9032967032967033, 0.9736263736263736, 0.7714285714285714, 0.8725274725274725, 0.8901098901098902, 0.8857142857142857, 0.9428571428571428, 0.8857142857142857, 0.8505494505494505, 0.7890109890109891, 0.7934065934065934, 0.9780219780219781, 0.8285714285714285, 0.9296703296703297, 0.832967032967033, 0.8285714285714285, 0.956043956043956, 0.7802197802197802]","[0.9560439560439562, 0.8461538461538461, 0.9780219780219781, 0.7582417582417583, 0.9340659340659341, 0.9120879120879122, 0.7142857142857144, 0.7362637362637363, 0.6483516483516484, 0.6703296703296704, 0.6703296703296704, 0.6923076923076924, 0.7802197802197802, 0.8901098901098902, 0.5824175824175825, 0.7582417582417583, 0.7582417582417583, 0.7142857142857144, 0.8461538461538461, 0.7362637362637363, 0.7142857142857144, 0.6263736263736264, 0.6483516483516484, 0.9120879120879122, 0.7142857142857144, 0.8241758241758242, 0.7362637362637363, 0.7142857142857144, 0.8681318681318682, 0.6043956043956044]","[1.0, 1.0, 1.0, 0.6666666666666666, 1.0, 0.6666666666666666, 0.6666666666666666, 1.0, 0.6666666666666666, 0.6666666666666666, 0.6666666666666666, 0.6666666666666666, 0.6666666666666666, 1.0, 0.6666666666666666, 0.6666666666666666, 0.6666666666666666, 1.0, 1.0, 0.6666666666666666, 0.6666666666666666, 0.6666666666666666, 0.6666666666666666, 0.6666666666666666, 0.6666666666666666, 1.0, 1.0, 1.0, 0.6666666666666666, 0.6666666666666666]","[1.0, 0.8, 1.0, 1.0, 1.0, 1.0, 1.0, 0.8, 1.0, 1.0, 1.0, 1.0, 1.0, 1.0, 1.0, 1.0, 1.0, 1.0, 0.8, 1.0, 1.0, 1.0, 1.0, 1.0, 1.0, 1.0, 1.0, 1.0, 1.0, 1.0]"
adult,ridge,5000,1,14,b1_uniform,0.00012441387544622824,4.888359107905376e-05,8.886705389016303e-06,3.4916850770752685e-06,0.00010738692295166231,0.00014220995475795463,2.5908576946525863,0.9198534798534799,0.04714694120080651,0.9016849816849818,0.9359743589743589,0.811721611721612,0.0726014348886537,0.8555555555555556,0.16517854163687232,0.9933333333333334,0.03590109871423002,7.346152366482374e-06,0.0,5000.0,0.5813200599989311,0.0465368596966343,5000.0,"[0.00010352353528947471, 5.5699086484598444e-05, 0.0001352395398971379, 0.0001725729365715673, 7.586611304551977e-05, 6.707801083730658e-05, 0.00016904509782818638, 0.0001017634199862152, 9.873296485844542e-05, 6.018391635185952e-05, 0.00015542886153685048, 0.00014287659752567234, 0.0002207391129817681, 0.00011867433008655165, 0.00019718154197152787, 0.00012783897876206827, 0.00013564148563304087, 5.446603545582755e-05, 5.842543369473378e-05, 0.0001431301663587143, 6.845232153944236e-05, 0.00011198699887256704, 0.0001856526743721552, 0.00024053207797030906, 0.00010193435529281029, 0.0001109445713501958, 0.00012690376540338516, 0.0001817576250517207, 9.355314501025596e-05, 0.00011659156336693852]","[0.9164835164835166, 0.9252747252747253, 0.9780219780219781, 0.832967032967033, 0.9296703296703297, 0.956043956043956, 0.9120879120879121, 0.9252747252747253, 0.8505494505494505, 0.9604395604395607, 0.9428571428571428, 0.8945054945054945, 0.9692307692307693, 0.8109890109890111, 0.832967032967033, 0.9472527472527472, 0.9648351648351648, 0.9384615384615385, 0.8901098901098902, 0.8461538461538461, 0.9780219780219781, 0.9076923076923077, 0.9692307692307693, 0.8901098901098902, 0.9340659340659341, 0.8725274725274725, 0.9384615384615385, 0.9824175824175824, 0.9472527472527472, 0.9516483516483516]","[0.8021978021978022, 0.8021978021978022, 0.9120879120879122, 0.7142857142857144, 0.8461538461538461, 0.8461538461538461, 0.7802197802197802, 0.7802197802197802, 0.7142857142857144, 0.8681318681318682, 0.8461538461538461, 0.7802197802197802, 0.8901098901098902, 0.6483516483516484, 0.6483516483516484, 0.8681318681318682, 0.8681318681318682, 0.8461538461538461, 0.8021978021978022, 0.7142857142857144, 0.9120879120879122, 0.7802197802197802, 0.8681318681318682, 0.7582417582417583, 0.8241758241758242, 0.7582417582417583, 0.8021978021978022, 0.9340659340659341, 0.8901098901098902, 0.8461538461538461]","[0.6666666666666666, 0.6666666666666666, 0.6666666666666666, 1.0, 1.0, 0.6666666666666666, 0.6666666666666666, 1.0, 1.0, 0.6666666666666666, 1.0, 1.0, 0.6666666666666666, 1.0, 0.6666666666666666, 1.0, 0.6666666666666666, 1.0, 1.0, 1.0, 1.0, 1.0, 0.6666666666666666, 1.0, 0.6666666666666666, 1.0, 0.6666666666666666, 1.0, 1.0, 0.6666666666666666]","[1.0, 1.0, 1.0, 1.0, 1.0, 1.0, 1.0, 1.0, 1.0, 1.0, 1.0, 1.0, 1.0, 1.0, 1.0, 1.0, 1.0, 1.0, 1.0, 1.0, 1.0, 1.0, 1.0, 1.0, 1.0, 1.0, 1.0, 0.8, 1.0, 1.0]"
adult,ridge,5000,1,14,b2_stratified,4.8020343109933393e-05,2.6938447797124026e-05,3.430024507852385e-06,1.924174842651716e-06,3.913292592422493e-05,5.876874595519868e-05,1.0,0.9772893772893774,0.01243696284419687,0.9730402930402932,0.9816886446886447,0.9201465201465202,0.036549361709205634,0.8777777777777778,0.16063146994223293,1.0,0.0,3.1686253126053964e-06,0.0,5000.0,0.5975912399992619,0.08592061992476267,5000.0,"[3.45495035331226e-05, 3.2587066755969565e-05, 7.50374947807985e-05, 3.3761517866422905e-05, 3.7432202462910976e-05, 3.456184801004919e-05, 6.033395822570671e-05, 6.390520802833752e-05, 2.1759437374831613e-05, 8.376062550015404e-05, 4.6210676317239076e-05, 5.6884827290844946e-05, 6.19020483559349e-05, 2.1842895349497903e-05, 4.5622157900145715e-05, 7.969470339416454e-05, 2.0138862535166516e-05, 1.4496386563293067e-05, 0.00011626999306691861, 8.96971634072881e-05, 1.5230274806829033e-05, 5.6411583527751115e-05, 0.00010585589682891692, 2.86993094035441e-05, 2.581432489840081e-05, 6.78794011444315e-05, 2.8951327086940003e-05, 3.248767476639284e-05, 2.1440455883564607e-05, 2.7391468232433958e-05]","[0.9736263736263736, 0.9692307692307693, 0.9648351648351648, 0.9604395604395607, 0.9736263736263736, 0.9868131868131869, 0.9780219780219781, 0.9824175824175824, 0.9868131868131869, 0.9604395604395607, 0.9604395604395607, 0.9868131868131869, 0.9780219780219781, 0.9868131868131869, 0.9824175824175824, 0.9912087912087912, 0.9736263736263736, 1.0, 0.9692307692307693, 0.9824175824175824, 0.9736263736263736, 0.9604395604395607, 0.9516483516483516, 0.9736263736263736, 0.9868131868131869, 0.9956043956043955, 0.9604395604395607, 0.9824175824175824, 0.9868131868131869, 1.0]","[0.9120879120879122, 0.9120879120879122, 0.8681318681318682, 0.8681318681318682, 0.8901098901098902, 0.9340659340659341, 0.9120879120879122, 0.9340659340659341, 0.9340659340659341, 0.8681318681318682, 0.8901098901098902, 0.9560439560439562, 0.9120879120879122, 0.9560439560439562, 0.9340659340659341, 0.9560439560439562, 0.9120879120879122, 1.0, 0.8901098901098902, 0.9340659340659341, 0.9120879120879122, 0.8901098901098902, 0.8461538461538461, 0.9120879120879122, 0.9340659340659341, 0.9780219780219781, 0.8901098901098902, 0.9340659340659341, 0.9340659340659341, 1.0]","[1.0, 1.0, 0.6666666666666666, 0.6666666666666666, 1.0, 1.0, 0.6666666666666666, 0.6666666666666666, 1.0, 0.6666666666666666, 0.6666666666666666, 1.0, 1.0, 1.0, 1.0, 1.0, 0.6666666666666666, 1.0, 0.6666666666666666, 1.0, 1.0, 1.0, 0.6666666666666666, 0.6666666666666666, 1.0, 1.0, 1.0, 0.6666666666666666, 1.0, 1.0]","[1.0, 1.0, 1.0, 1.0, 1.0, 1.0, 1.0, 1.0, 1.0, 1.0, 1.0, 1.0, 1.0, 1.0, 1.0, 1.0, 1.0, 1.0, 1.0, 1.0, 1.0, 1.0, 1.0, 1.0, 1.0, 1.0, 1.0, 1.0, 1.0, 1.0]"
adult,ridge,5000,1,14,b3_is,2.15011379266661e-05,1.2835598770274394e-05,1.5357955661904356e-06,9.168284835910281e-07,1.698790679554154e-05,2.603095924655344e-05,0.4477506101412761,0.9847619047619048,0.012522116113829388,0.9800732600732601,0.9888644688644689,0.945787545787546,0.03196692194765046,0.9444444444444445,0.12422599874998834,1.0,0.0,1.438289210320107e-06,0.0,5000.0,0.6996808266664932,0.07665271508305971,5000.0,"[3.945874023649561e-05, 2.1109639920972153e-05, 3.5168962104996664e-05, 1.2445070817689232e-05, 1.4571039218374489e-05, 6.0104812633261436e-05, 5.616579453788455e-06, 2.3407731015343552e-05, 2.4928233082017275e-05, 2.7206386127556473e-05, 1.5427716843863748e-05, 5.073009247079332e-06, 1.2542434871469277e-05, 3.941448149339491e-05, 5.600423512641145e-06, 1.0309233982575452e-05, 1.3846682843079363e-05, 6.629548384114459e-06, 2.376618563068617e-05, 2.1384547304363604e-05, 9.04560767623568e-06, 2.7828597406159283e-05, 2.0728931030174944e-05, 1.0618548794534783e-05, 2.274418310312203e-05, 2.9539225128312263e-05, 4.7194328338660245e-05, 2.3996443262985208e-05, 2.3386992604268097e-05, 1.1939821731767587e-05]","[0.9956043956043955, 1.0, 0.9824175824175824, 0.9780219780219781, 0.9912087912087912, 0.9868131868131869, 0.9956043956043955, 0.9868131868131869, 0.9648351648351648, 0.9912087912087912, 0.9956043956043955, 0.9956043956043955, 0.9912087912087912, 0.956043956043956, 0.9956043956043955, 0.9956043956043955, 0.9912087912087912, 0.9912087912087912, 0.9604395604395607, 0.9868131868131869, 0.9692307692307693, 0.9780219780219781, 0.9912087912087912, 0.9912087912087912, 0.9912087912087912, 0.9604395604395607, 0.9868131868131869, 0.9912087912087912, 0.9604395604395607, 0.9912087912087912]","[0.9780219780219781, 1.0, 0.9340659340659341, 0.9340659340659341, 0.9560439560439562, 0.9560439560439562, 0.9780219780219781, 0.9560439560439562, 0.9120879120879122, 0.9560439560439562, 0.9780219780219781, 0.9780219780219781, 0.9560439560439562, 0.8681318681318682, 0.9780219780219781, 0.9780219780219781, 0.9560439560439562, 0.9560439560439562, 0.8901098901098902, 0.9340659340659341, 0.8901098901098902, 0.9340659340659341, 0.9560439560439562, 0.9560439560439562, 0.9560439560439562, 0.8901098901098902, 0.9560439560439562, 0.9560439560439562, 0.8901098901098902, 0.9560439560439562]","[1.0, 1.0, 0.6666666666666666, 1.0, 1.0, 0.6666666666666666, 1.0, 1.0, 1.0, 0.6666666666666666, 1.0, 1.0, 1.0, 1.0, 1.0, 1.0, 1.0, 1.0, 1.0, 1.0, 1.0, 1.0, 1.0, 1.0, 1.0, 1.0, 0.6666666666666666, 1.0, 0.6666666666666666, 1.0]","[1.0, 1.0, 1.0, 1.0, 1.0, 1.0, 1.0, 1.0, 1.0, 1.0, 1.0, 1.0, 1.0, 1.0, 1.0, 1.0, 1.0, 1.0, 1.0, 1.0, 1.0, 1.0, 1.0, 1.0, 1.0, 1.0, 1.0, 1.0, 1.0, 1.0]"
adult,ridge,5000,1,14,b4_antithetic,1.59772320435011e-05,3.448205890395155e-06,1.1412308602500785e-06,2.4630042074251106e-07,1.4797133969794262e-05,1.7232677132434152e-05,0.33271799010107617,0.9654212454212454,0.014873057922871231,0.9598498168498169,0.9704029304029304,0.8974358974358976,0.02621032061538216,1.0,0.0,1.0,0.0,1.2754848068322553e-07,0.0,5000.0,0.5602275133341512,0.04802171691236747,5000.0,"[1.974427725514824e-05, 1.6592132579914877e-05, 1.0961682976591224e-05, 1.3877599162327457e-05, 1.8062194018050064e-05, 1.631171246453132e-05, 1.9164388263584113e-05, 1.7201076862210505e-05, 1.0471410723142483e-05, 1.2518547058854621e-05, 1.7688287999484345e-05, 1.2285976237948846e-05, 1.5033298380114777e-05, 1.3958955850521227e-05, 1.9579970638240336e-05, 1.9119572219481188e-05, 1.0990731570672056e-05, 2.0727940291660506e-05, 1.8611972405849383e-05, 9.312302327021536e-06, 2.0422078018837307e-05, 1.840866231962849e-05, 1.9714893683500214e-05, 1.222606205637693e-05, 1.9775773069026196e-05, 1.740879516898067e-05, 1.9881479808316015e-05, 1.338144711226891e-05, 1.2486831141392129e-05, 1.3396909641356966e-05]","[0.9604395604395607, 0.9736263736263736, 0.9780219780219781, 0.9736263736263736, 0.956043956043956, 0.9736263736263736, 0.956043956043956, 0.9736263736263736, 0.9824175824175824, 0.9692307692307693, 0.9472527472527472, 0.9824175824175824, 0.9736263736263736, 0.9736263736263736, 0.9384615384615385, 0.9736263736263736, 0.9692307692307693, 0.9164835164835166, 0.9736263736263736, 0.9780219780219781, 0.956043956043956, 0.9736263736263736, 0.956043956043956, 0.9736263736263736, 0.956043956043956, 0.9516483516483516, 0.9428571428571428, 0.9824175824175824, 0.9736263736263736, 0.9736263736263736]","[0.8901098901098902, 0.9120879120879122, 0.9120879120879122, 0.9120879120879122, 0.8901098901098902, 0.9120879120879122, 0.8901098901098902, 0.9120879120879122, 0.9340659340659341, 0.8901098901098902, 0.8461538461538461, 0.9340659340659341, 0.9120879120879122, 0.9120879120879122, 0.8461538461538461, 0.9120879120879122, 0.8901098901098902, 0.8241758241758242, 0.9120879120879122, 0.9120879120879122, 0.8901098901098902, 0.9120879120879122, 0.8901098901098902, 0.9120879120879122, 0.8681318681318682, 0.8681318681318682, 0.8681318681318682, 0.9340659340659341, 0.9120879120879122, 0.9120879120879122]","[1.0, 1.0, 1.0, 1.0, 1.0, 1.0, 1.0, 1.0, 1.0, 1.0, 1.0, 1.0, 1.0, 1.0, 1.0, 1.0, 1.0, 1.0, 1.0, 1.0, 1.0, 1.0, 1.0, 1.0, 1.0, 1.0, 1.0, 1.0, 1.0, 1.0]","[1.0, 1.0, 1.0, 1.0, 1.0, 1.0, 1.0, 1.0, 1.0, 1.0, 1.0, 1.0, 1.0, 1.0, 1.0, 1.0, 1.0, 1.0, 1.0, 1.0, 1.0, 1.0, 1.0, 1.0, 1.0, 1.0, 1.0, 1.0, 1.0, 1.0]"
adult,ridge,5000,2,14,abc_shap,0.00022146442373823378,0.0002101925434903848,1.5818887409873842e-05,1.5013753106456058e-05,0.00015304225682380925,0.00029561818013216725,10.106121830275088,0.9601465201465202,0.04872230006181021,0.9422637362637363,0.976849816849817,0.8901098901098903,0.08045277018779397,1.0,0.0,0.9733333333333333,0.06798692684790379,1.5691903015019452e-05,2352.0,2648.0,0.8425516300000405,0.10739134382993984,2352.0,"[0.0001284416613625406, 3.672532055766585e-05, 0.00023489078590933538, 0.0005796982912701975, 0.00020336485589995436, 6.988197954846054e-05, 3.284815806324914e-05, 6.981511314629657e-05, 0.00013171979967676998, 4.4538201035917445e-05, 0.00010849320205138789, 0.0002583776287556502, 7.567286292756726e-05, 0.0006921615890667529, 0.0001270901493769497, 0.00023735798616488608, 0.00011930435395534002, 0.00024644459497862324, 0.00028135326460103756, 0.00030519635967732274, 6.56939157271312e-05, 0.00029921829236444496, 1.3522702178435243e-05, 0.000200749128071838, 4.741954811857027e-05, 0.00017116367561182362, 0.00012440216928511215, 0.00029252827598881385, 0.00047702458905416736, 0.0009688342577207715]","[0.9736263736263736, 0.9824175824175824, 0.9780219780219781, 0.8197802197802198, 0.956043956043956, 0.9824175824175824, 0.9956043956043955, 0.9956043956043955, 0.9912087912087912, 0.9868131868131869, 0.9824175824175824, 0.9384615384615385, 0.9956043956043955, 0.8725274725274725, 0.9736263736263736, 0.956043956043956, 0.9824175824175824, 0.9252747252747253, 0.9340659340659341, 0.9868131868131869, 0.9780219780219781, 0.9780219780219781, 0.9956043956043955, 0.9824175824175824, 0.9956043956043955, 0.9824175824175824, 0.9868131868131869, 0.9824175824175824, 0.9120879120879121, 0.8021978021978022]","[0.8901098901098902, 0.9340659340659341, 0.8901098901098902, 0.6923076923076924, 0.8681318681318682, 0.9340659340659341, 0.9780219780219781, 0.9780219780219781, 0.9560439560439562, 0.9340659340659341, 0.9120879120879122, 0.8681318681318682, 0.9780219780219781, 0.7362637362637363, 0.9340659340659341, 0.8681318681318682, 0.9120879120879122, 0.8241758241758242, 0.8021978021978022, 0.9340659340659341, 0.9120879120879122, 0.8901098901098902, 0.9780219780219781, 0.9120879120879122, 0.9780219780219781, 0.9120879120879122, 0.9340659340659341, 0.9120879120879122, 0.7802197802197802, 0.6703296703296704]","[1.0, 1.0, 1.0, 1.0, 1.0, 1.0, 1.0, 1.0, 1.0, 1.0, 1.0, 1.0, 1.0, 1.0, 1.0, 1.0, 1.0, 1.0, 1.0, 1.0, 1.0, 1.0, 1.0, 1.0, 1.0, 1.0, 1.0, 1.0, 1.0, 1.0]","[1.0, 1.0, 1.0, 0.8, 1.0, 1.0, 1.0, 1.0, 1.0, 1.0, 1.0, 1.0, 1.0, 0.8, 1.0, 0.8, 1.0, 1.0, 1.0, 1.0, 1.0, 1.0, 1.0, 1.0, 1.0, 1.0, 1.0, 1.0, 1.0, 0.8]"
adult,ridge,5000,2,14,b1_uniform,8.07958878521442e-05,5.959320269323752e-05,5.771134846581728e-06,4.256657335231252e-06,6.189800871446186e-05,0.00010487272941792681,3.6869718044833104,0.9793406593406594,0.012284121857127132,0.9745054945054946,0.9834432234432235,0.9194139194139195,0.03420547261517585,0.9888888888888888,0.059835164523716726,1.0,0.0,3.6371905974204e-06,0.0,5000.0,0.6629435000000133,0.05729448137847669,5000.0,"[4.5550355529143055e-05, 5.557362762821872e-05, 3.90983271452767e-05, 3.8165165098376056e-05, 5.3456561151738105e-05, 3.321589233389141e-05, 2.5328548423160867e-05, 4.401360652827709e-05, 8.89590934185995e-05, 0.00010509679888403938, 0.00010799646358076248, 2.5917921559282877e-05, 3.606671020385386e-05, 4.910616409805069e-05, 0.00023595052574498185, 0.00020729418323141307, 0.00014564525836230143, 8.175362555758825e-05, 9.157845347695555e-05, 0.00010945934841192027, 7.748248463332159e-05, 6.00970179236504e-05, 4.139359102563569e-05, 3.9480921235723334e-05, 0.00010194442144113875, 4.090338143211817e-05, 3.373540458525103e-05, 0.00010593791136765501, 4.611511491607844e-05, 0.0002575597566359221]","[0.9912087912087912, 0.9780219780219781, 0.9824175824175824, 0.9868131868131869, 0.9912087912087912, 0.9648351648351648, 0.9956043956043955, 0.9736263736263736, 0.9780219780219781, 0.9868131868131869, 0.9824175824175824, 0.9824175824175824, 0.9912087912087912, 0.9824175824175824, 0.9824175824175824, 0.9736263736263736, 0.9648351648351648, 0.956043956043956, 0.9868131868131869, 0.9736263736263736, 0.9912087912087912, 0.9824175824175824, 0.9780219780219781, 0.9604395604395607, 0.9736263736263736, 0.9912087912087912, 0.9824175824175824, 0.9912087912087912, 0.9868131868131869, 0.9384615384615385]","[0.9560439560439562, 0.9120879120879122, 0.9340659340659341, 0.9340659340659341, 0.9560439560439562, 0.8901098901098902, 0.9780219780219781, 0.8901098901098902, 0.9120879120879122, 0.9340659340659341, 0.9340659340659341, 0.9340659340659341, 0.9560439560439562, 0.9340659340659341, 0.9120879120879122, 0.8901098901098902, 0.8681318681318682, 0.8681318681318682, 0.9340659340659341, 0.8901098901098902, 0.9560439560439562, 0.9340659340659341, 0.9120879120879122, 0.8681318681318682, 0.8901098901098902, 0.9560439560439562, 0.9340659340659341, 0.9560439560439562, 0.9340659340659341, 0.8241758241758242]","[1.0, 1.0, 1.0, 1.0, 1.0, 1.0, 1.0, 1.0, 1.0, 1.0, 1.0, 1.0, 1.0, 1.0, 1.0, 1.0, 0.6666666666666666, 1.0, 1.0, 1.0, 1.0, 1.0, 1.0, 1.0, 1.0, 1.0, 1.0, 1.0, 1.0, 1.0]","[1.0, 1.0, 1.0, 1.0, 1.0, 1.0, 1.0, 1.0, 1.0, 1.0, 1.0, 1.0, 1.0, 1.0, 1.0, 1.0, 1.0, 1.0, 1.0, 1.0, 1.0, 1.0, 1.0, 1.0, 1.0, 1.0, 1.0, 1.0, 1.0, 1.0]"
adult,ridge,5000,2,14,b2_stratified,2.191388818159592e-05,1.8776301576134956e-05,1.5652777272568514e-06,1.341164398295354e-06,1.5440562326685814e-05,2.9544629587830607e-05,1.0,0.9917948717948718,0.00668876906110669,0.9893040293040294,0.9941391941391942,0.9655677655677657,0.025176322750827207,1.0,0.0,1.0,0.0,1.402353196942819e-06,0.0,5000.0,0.6966390333342133,0.07114385196620888,5000.0,"[6.17935939455014e-06, 5.808192524534031e-06, 5.617705234392092e-06, 5.699811233434549e-05, 1.493520326200034e-05, 9.888571235990218e-06, 1.1896046520060393e-05, 1.2308106554702388e-05, 1.009428710622051e-05, 8.297362106842577e-06, 1.6704403253742476e-05, 4.465396123487027e-06, 8.442326774503915e-06, 3.558094545892602e-05, 4.436295100906657e-05, 1.071246159455445e-05, 8.252850753001914e-06, 3.4883252791426904e-06, 5.840956645542224e-05, 2.179377275701422e-05, 3.679019625044794e-05, 1.0893048271559117e-05, 2.3537006869514206e-05, 3.8749914260058324e-05, 4.993974146530327e-05, 2.5243361451477217e-05, 7.707448966549656e-05, 1.4705346643573728e-05, 1.3296876535877697e-05, 1.2950718302069898e-05]","[0.9912087912087912, 0.9912087912087912, 0.9956043956043955, 0.9868131868131869, 0.9956043956043955, 0.9912087912087912, 0.9912087912087912, 1.0, 0.9824175824175824, 0.9780219780219781, 0.9956043956043955, 1.0, 0.9956043956043955, 0.9868131868131869, 1.0, 0.9824175824175824, 0.9912087912087912, 0.9824175824175824, 1.0, 0.9824175824175824, 0.9956043956043955, 0.9956043956043955, 0.9956043956043955, 0.9868131868131869, 0.9956043956043955, 1.0, 0.9912087912087912, 0.9780219780219781, 0.9956043956043955, 1.0]","[0.9560439560439562, 0.9560439560439562, 0.9780219780219781, 0.9560439560439562, 0.9780219780219781, 0.9560439560439562, 0.9560439560439562, 1.0, 0.9340659340659341, 0.9120879120879122, 0.9780219780219781, 1.0, 0.9780219780219781, 0.9560439560439562, 1.0, 0.9340659340659341, 0.9560439560439562, 0.9340659340659341, 1.0, 0.9340659340659341, 0.9780219780219781, 0.9780219780219781, 0.9780219780219781, 0.9560439560439562, 0.9780219780219781, 1.0, 0.9560439560439562, 0.9120879120879122, 0.9780219780219781, 1.0]","[1.0, 1.0, 1.0, 1.0, 1.0, 1.0, 1.0, 1.0, 1.0, 1.0, 1.0, 1.0, 1.0, 1.0, 1.0, 1.0, 1.0, 1.0, 1.0, 1.0, 1.0, 1.0, 1.0, 1.0, 1.0, 1.0, 1.0, 1.0, 1.0, 1.0]","[1.0, 1.0, 1.0, 1.0, 1.0, 1.0, 1.0, 1.0, 1.0, 1.0, 1.0, 1.0, 1.0, 1.0, 1.0, 1.0, 1.0, 1.0, 1.0, 1.0, 1.0, 1.0, 1.0, 1.0, 1.0, 1.0, 1.0, 1.0, 1.0, 1.0]"
adult,ridge,5000,2,14,b3_is,1.2874851649796557e-05,1.0010667983611162e-05,9.196322606997541e-07,7.15047713115083e-07,9.462311316072309e-06,1.641824250208604e-05,0.58752018551456,0.9954578754578755,0.003305645178806865,0.9942857142857143,0.9966300366300367,0.9780219780219781,0.015013847276131228,1.0,0.0,1.0,0.0,7.286915595590218e-07,0.0,5000.0,0.7998682366674378,0.09041408363418096,5000.0,"[2.592188139384282e-05, 2.2084245489440568e-06, 2.8408425987569016e-06, 2.3411410099846877e-05, 1.6609679378139896e-05, 1.7535842728686968e-05, 1.0532296932990384e-06, 2.8576909738434453e-06, 3.430889750800082e-05, 4.092305417314613e-06, 2.6258016460641395e-05, 8.636716555780409e-07, 1.4215856447819318e-05, 3.593173921462926e-06, 2.223645708249656e-05, 4.1974688013946435e-06, 7.110754102494849e-06, 1.1119288043365067e-05, 1.0520764166140651e-05, 1.0804148829754193e-05, 1.8664279788105363e-05, 3.6992808887054784e-05, 1.1911427579571065e-06, 4.9384427297229065e-06, 8.909904718363957e-06, 7.641470500555686e-06, 1.6515752201741477e-05, 1.5534446162092173e-05, 7.965307707569801e-06, 2.6132190188910346e-05]","[0.9912087912087912, 0.9956043956043955, 0.9868131868131869, 0.9956043956043955, 0.9956043956043955, 0.9956043956043955, 1.0, 0.9956043956043955, 0.9956043956043955, 0.9956043956043955, 0.9956043956043955, 1.0, 0.9956043956043955, 0.9956043956043955, 0.9912087912087912, 0.9956043956043955, 0.9956043956043955, 1.0, 1.0, 0.9912087912087912, 1.0, 0.9912087912087912, 1.0, 0.9912087912087912, 0.9912087912087912, 1.0, 0.9956043956043955, 0.9956043956043955, 0.9956043956043955, 0.9956043956043955]","[0.9560439560439562, 0.9780219780219781, 0.9560439560439562, 0.9780219780219781, 0.9780219780219781, 0.9780219780219781, 1.0, 0.9780219780219781, 0.9780219780219781, 0.9780219780219781, 0.9780219780219781, 1.0, 0.9780219780219781, 0.9780219780219781, 0.9560439560439562, 0.9780219780219781, 0.9780219780219781, 1.0, 1.0, 0.9560439560439562, 1.0, 0.9560439560439562, 1.0, 0.9560439560439562, 0.9560439560439562, 1.0, 0.9780219780219781, 0.9780219780219781, 0.9780219780219781, 0.9780219780219781]","[1.0, 1.0, 1.0, 1.0, 1.0, 1.0, 1.0, 1.0, 1.0, 1.0, 1.0, 1.0, 1.0, 1.0, 1.0, 1.0, 1.0, 1.0, 1.0, 1.0, 1.0, 1.0, 1.0, 1.0, 1.0, 1.0, 1.0, 1.0, 1.0, 1.0]","[1.0, 1.0, 1.0, 1.0, 1.0, 1.0, 1.0, 1.0, 1.0, 1.0, 1.0, 1.0, 1.0, 1.0, 1.0, 1.0, 1.0, 1.0, 1.0, 1.0, 1.0, 1.0, 1.0, 1.0, 1.0, 1.0, 1.0, 1.0, 1.0, 1.0]"
adult,ridge,5000,2,14,b4_antithetic,2.6794325232777495e-05,4.4782663457112495e-06,1.913880373769821e-06,3.1987616755080355e-07,2.5107246804982927e-05,2.8294924610861935e-05,1.2227097724848457,0.9797802197802199,0.0031288141397893656,0.9786080586080587,0.980952380952381,0.9208791208791209,0.01564407069894696,1.0,0.0,1.0,0.0,1.4039819365489043e-07,0.0,5000.0,0.6609795766654618,0.10511756790025684,5000.0,"[2.6141346033865952e-05, 2.0153639353586826e-05, 3.165709303896501e-05, 2.922015367431788e-05, 2.3465277167719592e-05, 2.248715024710761e-05, 2.155398689226062e-05, 2.390063023711265e-05, 2.6826247239846946e-05, 3.053940279378213e-05, 2.6684951483018846e-05, 2.82698086360782e-05, 2.9639300785566554e-05, 2.7911617202944007e-05, 3.102053777469581e-05, 1.8997308452203108e-05, 3.181663477358794e-05, 2.9019774293698685e-05, 2.6359982532561143e-05, 2.7303406548864214e-05, 2.5979723983974615e-05, 2.5833312886655117e-05, 3.369962465217117e-05, 3.720839266610127e-05, 1.9180111637957155e-05, 1.6783383608001835e-05, 2.6208958115553235e-05, 2.9255665063946372e-05, 2.8564528472191114e-05, 2.8147806734989094e-05]","[0.9736263736263736, 0.9736263736263736, 0.9780219780219781, 0.9780219780219781, 0.9824175824175824, 0.9824175824175824, 0.9824175824175824, 0.9824175824175824, 0.9824175824175824, 0.9824175824175824, 0.9780219780219781, 0.9824175824175824, 0.9824175824175824, 0.9780219780219781, 0.9780219780219781, 0.9780219780219781, 0.9780219780219781, 0.9780219780219781, 0.9824175824175824, 0.9780219780219781, 0.9824175824175824, 0.9824175824175824, 0.9780219780219781, 0.9736263736263736, 0.9868131868131869, 0.9824175824175824, 0.9824175824175824, 0.9780219780219781, 0.9780219780219781, 0.9780219780219781]","[0.8901098901098902, 0.8901098901098902, 0.9120879120879122, 0.9120879120879122, 0.9340659340659341, 0.9340659340659341, 0.9340659340659341, 0.9340659340659341, 0.9340659340659341, 0.9340659340659341, 0.9120879120879122, 0.9340659340659341, 0.9340659340659341, 0.9120879120879122, 0.9120879120879122, 0.9120879120879122, 0.9120879120879122, 0.9120879120879122, 0.9340659340659341, 0.9120879120879122, 0.9340659340659341, 0.9340659340659341, 0.9120879120879122, 0.8901098901098902, 0.9560439560439562, 0.9340659340659341, 0.9340659340659341, 0.9120879120879122, 0.9120879120879122, 0.9120879120879122]","[1.0, 1.0, 1.0, 1.0, 1.0, 1.0, 1.0, 1.0, 1.0, 1.0, 1.0, 1.0, 1.0, 1.0, 1.0, 1.0, 1.0, 1.0, 1.0, 1.0, 1.0, 1.0, 1.0, 1.0, 1.0, 1.0, 1.0, 1.0, 1.0, 1.0]","[1.0, 1.0, 1.0, 1.0, 1.0, 1.0, 1.0, 1.0, 1.0, 1.0, 1.0, 1.0, 1.0, 1.0, 1.0, 1.0, 1.0, 1.0, 1.0, 1.0, 1.0, 1.0, 1.0, 1.0, 1.0, 1.0, 1.0, 1.0, 1.0, 1.0]"
adult,ridge,5000,3,14,abc_shap,0.00031320560504664624,0.0002797906669379268,2.2371828931903302e-05,1.9985047638423343e-05,0.00022039175247983851,0.0004189265219825518,15.170428375700748,0.8697435897435899,0.09242262743950307,0.8356043956043957,0.9008095238095238,0.7619047619047621,0.1262647511040148,0.9666666666666667,0.1,1.0,0.0,1.9657301099692622e-05,2352.0,2648.0,0.7818815933322185,0.1866159297666047,2352.0,"[3.31843236679426e-05, 7.375858098599901e-05, 0.0001636675100188927, 0.00016475895865408847, 0.0006811548996166001, 2.510864373185662e-05, 0.00018463459990015617, 7.663186621856551e-05, 1.5306563753283943e-05, 0.0006903048040071109, 2.3736675113197796e-05, 0.00011687731014510555, 0.00037454532892243833, 5.8928566886701564e-05, 0.0006181071134575279, 4.469573898243697e-05, 0.0007059659437926607, 0.0008296073180991771, 0.0008181641185717258, 0.00037359606991778084, 4.2596998589442876e-05, 0.00025433049299111146, 0.0005644691426950789, 0.0006267323219195651, 0.0006947350587711276, 0.0004762343292797963, 0.0004509352666908335, 4.303057235518892e-05, 3.5659664841814975e-05, 0.00013470936882217766]","[0.9780219780219781, 0.9472527472527472, 0.9472527472527472, 0.9340659340659341, 0.7274725274725276, 0.9648351648351648, 0.8813186813186813, 0.9296703296703297, 0.9472527472527472, 0.7318681318681319, 0.9780219780219781, 0.9296703296703297, 0.8285714285714285, 0.956043956043956, 0.7406593406593407, 0.9472527472527472, 0.7758241758241758, 0.7758241758241758, 0.7230769230769231, 0.8065934065934066, 0.9956043956043955, 0.8549450549450549, 0.8109890109890111, 0.7626373626373627, 0.7274725274725276, 0.8153846153846154, 0.8241758241758241, 0.9604395604395607, 0.9912087912087912, 0.8989010989010989]","[0.9120879120879122, 0.8461538461538461, 0.8681318681318682, 0.8241758241758242, 0.6043956043956044, 0.8901098901098902, 0.7582417582417583, 0.8241758241758242, 0.8681318681318682, 0.5384615384615384, 0.9340659340659341, 0.8021978021978022, 0.7142857142857144, 0.8681318681318682, 0.6263736263736264, 0.8681318681318682, 0.6263736263736264, 0.6263736263736264, 0.5604395604395604, 0.6703296703296704, 0.9780219780219781, 0.7362637362637363, 0.6923076923076924, 0.6263736263736264, 0.5824175824175825, 0.6923076923076924, 0.6923076923076924, 0.8901098901098902, 0.9560439560439562, 0.7802197802197802]","[1.0, 1.0, 1.0, 1.0, 1.0, 1.0, 1.0, 1.0, 1.0, 1.0, 1.0, 0.6666666666666666, 1.0, 1.0, 1.0, 1.0, 0.6666666666666666, 0.6666666666666666, 1.0, 1.0, 1.0, 1.0, 1.0, 1.0, 1.0, 1.0, 1.0, 1.0, 1.0, 1.0]","[1.0, 1.0, 1.0, 1.0, 1.0, 1.0, 1.0, 1.0, 1.0, 1.0, 1.0, 1.0, 1.0, 1.0, 1.0, 1.0, 1.0, 1.0, 1.0, 1.0, 1.0, 1.0, 1.0, 1.0, 1.0, 1.0, 1.0, 1.0, 1.0, 1.0]"
adult,ridge,5000,3,14,b1_uniform,8.419398908700866e-05,4.5522787106345395e-05,6.013856363357762e-06,3.2516276504532423e-06,6.811377234873884e-05,0.00010053774501515847,4.078020509622652,0.9367032967032968,0.031218076315718164,0.9254175824175824,0.9478388278388279,0.8432234432234433,0.056671295548172074,0.9333333333333333,0.13333333333333336,1.0,0.0,4.534165286992637e-06,0.0,5000.0,0.6298906200017276,0.08107124155832299,5000.0,"[0.0001774197353993309, 9.149474390952665e-05, 4.6556327396991285e-05, 5.374018820557965e-05, 6.426501859487359e-05, 0.00016530838870018968, 3.365561092722333e-05, 0.00010463641254071823, 3.077890131969797e-05, 8.177327049047937e-05, 4.2203893301861e-05, 6.430974090117999e-05, 0.00012779640239917912, 7.472998434296148e-05, 6.042270646463886e-05, 4.934758753219891e-05, 2.9124870965536422e-05, 2.594353802848876e-05, 0.00014829319776677396, 0.00019221603774034843, 8.775214767609926e-05, 0.00012352694370990316, 7.125415611104944e-05, 9.84289338606388e-05, 0.00010436243887734027, 0.0001145346129595191, 6.5527970876871e-05, 1.8112249583023457e-05, 5.659224131272991e-05, 0.00012171142071530763]","[0.8989010989010989, 0.9604395604395607, 0.9208791208791209, 0.9604395604395607, 0.9252747252747253, 0.8813186813186813, 0.9736263736263736, 0.9340659340659341, 0.9384615384615385, 0.9428571428571428, 0.9692307692307693, 0.956043956043956, 0.8901098901098902, 0.9516483516483516, 0.9472527472527472, 0.9208791208791209, 0.9912087912087912, 0.9736263736263736, 0.9120879120879121, 0.9428571428571428, 0.9648351648351648, 0.9736263736263736, 0.8945054945054945, 0.9252747252747253, 0.9032967032967033, 0.9692307692307693, 0.9032967032967033, 0.9824175824175824, 0.8945054945054945, 0.8989010989010989]","[0.7582417582417583, 0.8901098901098902, 0.8241758241758242, 0.8901098901098902, 0.8241758241758242, 0.7582417582417583, 0.9120879120879122, 0.8241758241758242, 0.8461538461538461, 0.8681318681318682, 0.8901098901098902, 0.8681318681318682, 0.7582417582417583, 0.8461538461538461, 0.8461538461538461, 0.8021978021978022, 0.9560439560439562, 0.9120879120879122, 0.8021978021978022, 0.8461538461538461, 0.8901098901098902, 0.9120879120879122, 0.7582417582417583, 0.8021978021978022, 0.8021978021978022, 0.9120879120879122, 0.7802197802197802, 0.9340659340659341, 0.7802197802197802, 0.8021978021978022]","[0.6666666666666666, 1.0, 1.0, 1.0, 0.6666666666666666, 1.0, 1.0, 1.0, 1.0, 1.0, 1.0, 1.0, 1.0, 0.6666666666666666, 1.0, 0.6666666666666666, 1.0, 1.0, 0.6666666666666666, 1.0, 1.0, 1.0, 0.6666666666666666, 1.0, 1.0, 1.0, 1.0, 1.0, 1.0, 1.0]","[1.0, 1.0, 1.0, 1.0, 1.0, 1.0, 1.0, 1.0, 1.0, 1.0, 1.0, 1.0, 1.0, 1.0, 1.0, 1.0, 1.0, 1.0, 1.0, 1.0, 1.0, 1.0, 1.0, 1.0, 1.0, 1.0, 1.0, 1.0, 1.0, 1.0]"
adult,ridge,5000,3,14,b2_stratified,2.0645798344648178e-05,1.4450623742756947e-05,1.474699881760584e-06,1.0321874101969247e-06,1.595702765802063e-05,2.5974714621576398e-05,1.0,0.9805128205128206,0.015957248093630638,0.9747948717948719,0.9862271062271063,0.9377289377289378,0.041344911529736156,1.0,0.0,1.0,0.0,1.3763396838790192e-06,0.0,5000.0,0.6335458433347715,0.08510932847751075,5000.0,"[6.431681904779779e-05, 1.7494755144092323e-05, 2.9069253216165455e-05, 1.2887841959615785e-05, 4.649216778047063e-06, 2.2611696066176324e-05, 1.2032149269671354e-05, 1.5157269473962727e-05, 2.436185303741533e-05, 3.184738890210725e-05, 8.258934336545453e-06, 2.3100261594669567e-05, 4.5060375815367344e-05, 2.2540635671958764e-05, 2.560758894849564e-05, 4.213538122171443e-06, 3.101238764534881e-06, 2.4765288194696058e-05, 6.836714124516891e-06, 8.031905675046831e-06, 4.506677278347828e-05, 1.2373143976415247e-05, 1.4783491468553788e-05, 4.5530700947807514e-05, 7.36404626266223e-06, 3.048331025440512e-05, 6.072400866884935e-06, 2.4944348878248147e-05, 8.050391301166722e-06, 1.8760619456769056e-05]","[0.9780219780219781, 0.9868131868131869, 0.956043956043956, 0.9868131868131869, 0.9868131868131869, 0.9780219780219781, 0.9824175824175824, 0.9868131868131869, 1.0, 0.9604395604395607, 0.9956043956043955, 0.9824175824175824, 0.9472527472527472, 0.9736263736263736, 0.9516483516483516, 1.0, 1.0, 0.956043956043956, 1.0, 0.9692307692307693, 0.9956043956043955, 0.9868131868131869, 0.9912087912087912, 0.9472527472527472, 0.9780219780219781, 0.9956043956043955, 0.9868131868131869, 0.9780219780219781, 0.9956043956043955, 0.9824175824175824]","[0.9120879120879122, 0.9560439560439562, 0.8681318681318682, 0.9560439560439562, 0.9560439560439562, 0.9120879120879122, 0.9340659340659341, 0.9560439560439562, 1.0, 0.8901098901098902, 0.9780219780219781, 0.9340659340659341, 0.8681318681318682, 0.8901098901098902, 0.8901098901098902, 1.0, 1.0, 0.8901098901098902, 1.0, 0.9120879120879122, 0.9780219780219781, 0.9560439560439562, 0.9560439560439562, 0.8681318681318682, 0.9120879120879122, 0.9780219780219781, 0.9560439560439562, 0.9120879120879122, 0.9780219780219781, 0.9340659340659341]","[1.0, 1.0, 1.0, 1.0, 1.0, 1.0, 1.0, 1.0, 1.0, 1.0, 1.0, 1.0, 1.0, 1.0, 1.0, 1.0, 1.0, 1.0, 1.0, 1.0, 1.0, 1.0, 1.0, 1.0, 1.0, 1.0, 1.0, 1.0, 1.0, 1.0]","[1.0, 1.0, 1.0, 1.0, 1.0, 1.0, 1.0, 1.0, 1.0, 1.0, 1.0, 1.0, 1.0, 1.0, 1.0, 1.0, 1.0, 1.0, 1.0, 1.0, 1.0, 1.0, 1.0, 1.0, 1.0, 1.0, 1.0, 1.0, 1.0, 1.0]"
adult,ridge,5000,3,14,b3_is,1.3127115694701478e-05,8.883534981014927e-06,9.376511210501056e-07,6.345382129296377e-07,1.0083382577442521e-05,1.6181519608768e-05,0.6358250466058776,0.9818315018315019,0.012522116113829395,0.976996336996337,0.9860805860805861,0.9413919413919415,0.034205472615175814,1.0,0.0,1.0,0.0,8.30806036255611e-07,0.0,5000.0,0.7425540766649646,0.08573562152349438,5000.0,"[1.2996449218586295e-05, 1.448466880836152e-05, 2.1280360611071108e-05, 4.990424840957085e-06, 5.992708476064915e-06, 4.51906253437762e-06, 7.272234621802584e-06, 9.92379725178924e-06, 1.8080074182657104e-05, 4.4093678636908406e-06, 8.761489207168425e-06, 2.051873940499946e-06, 2.4236662031351367e-05, 1.854941257422432e-05, 3.232880903695954e-06, 3.296069532133943e-05, 4.868977936837543e-06, 1.9226216948644777e-05, 6.067720729247981e-06, 8.239325736017783e-06, 2.5505663619149386e-05, 6.416339108604619e-06, 7.29670491029053e-06, 2.0660011780500812e-05, 5.953737137264347e-06, 2.100578659537872e-05, 3.4840297573804755e-05, 1.872338793781155e-05, 1.696702143485836e-05, 4.300117004995398e-06]","[0.9824175824175824, 0.9824175824175824, 0.9780219780219781, 0.9868131868131869, 1.0, 0.9956043956043955, 1.0, 0.9824175824175824, 0.9648351648351648, 0.9824175824175824, 0.9824175824175824, 1.0, 0.9824175824175824, 0.9868131868131869, 1.0, 0.9648351648351648, 1.0, 0.9868131868131869, 0.9824175824175824, 0.9604395604395607, 0.9648351648351648, 0.9824175824175824, 0.9868131868131869, 0.9780219780219781, 0.9824175824175824, 0.9604395604395607, 0.9648351648351648, 0.9780219780219781, 0.9604395604395607, 0.9956043956043955]","[0.9340659340659341, 0.9340659340659341, 0.9120879120879122, 0.9560439560439562, 1.0, 0.9780219780219781, 1.0, 0.9340659340659341, 0.9120879120879122, 0.9340659340659341, 0.9340659340659341, 1.0, 0.9340659340659341, 0.9560439560439562, 1.0, 0.9120879120879122, 1.0, 0.9560439560439562, 0.9340659340659341, 0.8901098901098902, 0.9120879120879122, 0.9340659340659341, 0.9560439560439562, 0.9120879120879122, 0.9340659340659341, 0.8901098901098902, 0.9120879120879122, 0.9120879120879122, 0.8901098901098902, 0.9780219780219781]","[1.0, 1.0, 1.0, 1.0, 1.0, 1.0, 1.0, 1.0, 1.0, 1.0, 1.0, 1.0, 1.0, 1.0, 1.0, 1.0, 1.0, 1.0, 1.0, 1.0, 1.0, 1.0, 1.0, 1.0, 1.0, 1.0, 1.0, 1.0, 1.0, 1.0]","[1.0, 1.0, 1.0, 1.0, 1.0, 1.0, 1.0, 1.0, 1.0, 1.0, 1.0, 1.0, 1.0, 1.0, 1.0, 1.0, 1.0, 1.0, 1.0, 1.0, 1.0, 1.0, 1.0, 1.0, 1.0, 1.0, 1.0, 1.0, 1.0, 1.0]"
adult,ridge,5000,3,14,b4_antithetic,1.7039222608300626e-05,2.2012775017050084e-06,1.2170873291643304e-06,1.5723410726464346e-07,1.632199393473089e-05,1.781242171448416e-05,0.8253118781777479,0.9718681318681319,0.007579497234507019,0.9692271062271063,0.9743626373626374,0.9010989010989012,0.013607454667404192,1.0,0.0,1.0,0.0,8.706918812043013e-08,0.0,5000.0,0.6062991866667289,0.07681956571263994,5000.0,"[2.0572691965074872e-05, 1.559625264464716e-05, 1.7797833656951488e-05, 1.3531525592202923e-05, 1.6814188852193675e-05, 1.4459582942936556e-05, 1.5219202913741178e-05, 1.3415871911158888e-05, 1.8156937112338663e-05, 1.981004600147699e-05, 1.4934440105705199e-05, 1.8840208591300214e-05, 2.149726225060558e-05, 1.7500677177312362e-05, 1.5288169318802787e-05, 1.655039651625657e-05, 1.619252416933418e-05, 1.9261369165171357e-05, 1.7909556606718216e-05, 1.8461086702693753e-05, 1.5365251342632684e-05, 1.8276633782652135e-05, 1.419245632314353e-05, 2.1370638580542042e-05, 1.6266291695578966e-05, 1.546960388997469e-05, 1.4175453207656193e-05, 1.8220164342625044e-05, 1.8557500774926564e-05, 1.747286011266425e-05]","[0.9780219780219781, 0.9824175824175824, 0.9736263736263736, 0.9780219780219781, 0.9780219780219781, 0.9780219780219781, 0.9780219780219781, 0.9736263736263736, 0.9648351648351648, 0.9648351648351648, 0.9692307692307693, 0.9780219780219781, 0.9648351648351648, 0.9648351648351648, 0.9780219780219781, 0.9780219780219781, 0.9780219780219781, 0.9780219780219781, 0.9648351648351648, 0.9648351648351648, 0.9780219780219781, 0.9648351648351648, 0.9736263736263736, 0.9648351648351648, 0.9780219780219781, 0.9736263736263736, 0.9648351648351648, 0.9648351648351648, 0.9472527472527472, 0.9780219780219781]","[0.9120879120879122, 0.9340659340659341, 0.8901098901098902, 0.9120879120879122, 0.9120879120879122, 0.9120879120879122, 0.9120879120879122, 0.8901098901098902, 0.8901098901098902, 0.8901098901098902, 0.9120879120879122, 0.9120879120879122, 0.8901098901098902, 0.8901098901098902, 0.9120879120879122, 0.9120879120879122, 0.9120879120879122, 0.9120879120879122, 0.8901098901098902, 0.8901098901098902, 0.9120879120879122, 0.8901098901098902, 0.8901098901098902, 0.8901098901098902, 0.9120879120879122, 0.8901098901098902, 0.8901098901098902, 0.8901098901098902, 0.8681318681318682, 0.9120879120879122]","[1.0, 1.0, 1.0, 1.0, 1.0, 1.0, 1.0, 1.0, 1.0, 1.0, 1.0, 1.0, 1.0, 1.0, 1.0, 1.0, 1.0, 1.0, 1.0, 1.0, 1.0, 1.0, 1.0, 1.0, 1.0, 1.0, 1.0, 1.0, 1.0, 1.0]","[1.0, 1.0, 1.0, 1.0, 1.0, 1.0, 1.0, 1.0, 1.0, 1.0, 1.0, 1.0, 1.0, 1.0, 1.0, 1.0, 1.0, 1.0, 1.0, 1.0, 1.0, 1.0, 1.0, 1.0, 1.0, 1.0, 1.0, 1.0, 1.0, 1.0]"
adult,ridge,5000,4,14,abc_shap,0.00027034761966974726,0.00028341999405018286,1.9310544262124803e-05,2.0244285289298775e-05,0.00017531594984589535,0.00038631570232492736,10.358253766166392,0.9573626373626374,0.06304947648574563,0.931868131868132,0.977,0.9040293040293041,0.11184824385249328,1.0,0.0,1.0,0.0,1.5294461643553875e-05,2352.0,2648.0,0.7347283666672108,0.01324958593898611,2352.0,"[0.00041646870164451254, 0.00015390033177754709, 0.00012621730386209515, 0.0008042384377160944, 0.0001662191713484198, 1.2086841946487534e-05, 0.00016938187356156916, 0.00020984824555380266, 2.2149174570316838e-05, 0.0005212124349189737, 3.258940300416803e-05, 2.288719711081012e-05, 0.00014291090029249593, 0.00019241148697790554, 0.0007928988070098989, 0.00010342663327800021, 0.0001809895135618168, 4.765015599280944e-05, 0.00043414590972675615, 4.570816106168494e-05, 0.00022295183955032747, 0.00032226408183043994, 1.1115248704762596e-05, 0.00022194960207490738, 7.462548239616172e-05, 0.0008560452619392175, 0.0008808985556887012, 5.264680784734619e-05, 0.0008517455404948894, 1.8845484649497455e-05]","[0.9516483516483516, 0.9868131868131869, 0.9824175824175824, 0.8505494505494505, 0.9604395604395607, 1.0, 0.9956043956043955, 1.0, 0.9956043956043955, 0.9340659340659341, 0.9956043956043955, 0.9956043956043955, 0.9868131868131869, 0.9736263736263736, 0.832967032967033, 0.9956043956043955, 0.9956043956043955, 0.9956043956043955, 0.9164835164835166, 0.9912087912087912, 0.9956043956043955, 0.9956043956043955, 1.0, 0.9604395604395607, 0.9912087912087912, 0.8901098901098902, 0.7802197802197802, 0.9956043956043955, 0.7890109890109891, 0.9868131868131869]","[0.8461538461538461, 0.9560439560439562, 0.9340659340659341, 0.7362637362637363, 0.8901098901098902, 1.0, 0.9780219780219781, 1.0, 0.9780219780219781, 0.8241758241758242, 0.9780219780219781, 0.9780219780219781, 0.9560439560439562, 0.9340659340659341, 0.6923076923076924, 0.9780219780219781, 0.9780219780219781, 0.9780219780219781, 0.8241758241758242, 0.9560439560439562, 0.9780219780219781, 0.9780219780219781, 1.0, 0.8901098901098902, 0.9560439560439562, 0.7582417582417583, 0.6043956043956044, 0.9780219780219781, 0.6263736263736264, 0.9560439560439562]","[1.0, 1.0, 1.0, 1.0, 1.0, 1.0, 1.0, 1.0, 1.0, 1.0, 1.0, 1.0, 1.0, 1.0, 1.0, 1.0, 1.0, 1.0, 1.0, 1.0, 1.0, 1.0, 1.0, 1.0, 1.0, 1.0, 1.0, 1.0, 1.0, 1.0]","[1.0, 1.0, 1.0, 1.0, 1.0, 1.0, 1.0, 1.0, 1.0, 1.0, 1.0, 1.0, 1.0, 1.0, 1.0, 1.0, 1.0, 1.0, 1.0, 1.0, 1.0, 1.0, 1.0, 1.0, 1.0, 1.0, 1.0, 1.0, 1.0, 1.0]"
adult,ridge,5000,4,14,b1_uniform,0.00038224708183568195,0.00013516315441579896,2.7303362988262995e-05,9.654511029699925e-06,0.00033726843601054944,0.00043237196508210356,14.645633942948441,0.9391941391941392,0.03470548577577155,0.9263003663003663,0.9512124542124544,0.8578754578754579,0.05581244528861807,0.9666666666666667,0.10000000000000002,1.0,0.0,7.487859271195203e-06,0.0,5000.0,0.6025654399990648,0.017779269901902185,5000.0,"[0.00026343613474996377, 0.00039307125969366484, 0.000282695045071593, 0.000562006770728515, 0.00020151319879621807, 0.00022551173897674892, 0.0003640279168408889, 0.0003269308521034932, 0.00043970417872037115, 0.0004973504019823024, 0.00017091280516693346, 0.0001873153281540702, 0.0003833292528050906, 0.0004242053213759525, 0.0004906222623716325, 0.00039585312142527526, 0.0003493305238481557, 0.0004290708497523545, 0.0002474017244620219, 0.0005864818738218641, 0.0005797594599338419, 0.0004042221103060051, 0.0005946248527584625, 0.00014920592115133343, 0.0003630591957167072, 0.0002386633090172458, 0.00047843282288424386, 0.0005482327986098681, 0.00028664356252532683, 0.0006037978613203156]","[0.9604395604395607, 0.8901098901098902, 0.9824175824175824, 0.9164835164835166, 0.9692307692307693, 0.9868131868131869, 0.956043956043956, 0.9516483516483516, 0.8813186813186813, 0.9516483516483516, 0.9648351648351648, 0.9912087912087912, 0.9120879120879121, 0.8945054945054945, 0.956043956043956, 0.9296703296703297, 0.9604395604395607, 0.8945054945054945, 0.9868131868131869, 0.8637362637362638, 0.9428571428571428, 0.8857142857142857, 0.8945054945054945, 0.9648351648351648, 0.9208791208791209, 0.956043956043956, 0.9516483516483516, 0.9516483516483516, 0.9516483516483516, 0.956043956043956]","[0.8901098901098902, 0.8021978021978022, 0.9340659340659341, 0.8241758241758242, 0.9120879120879122, 0.9560439560439562, 0.8681318681318682, 0.8461538461538461, 0.7802197802197802, 0.8901098901098902, 0.8901098901098902, 0.9560439560439562, 0.8021978021978022, 0.7802197802197802, 0.8681318681318682, 0.8461538461538461, 0.8901098901098902, 0.7802197802197802, 0.9560439560439562, 0.7362637362637363, 0.8681318681318682, 0.7802197802197802, 0.8241758241758242, 0.8901098901098902, 0.8241758241758242, 0.8681318681318682, 0.8681318681318682, 0.8901098901098902, 0.8461538461538461, 0.8681318681318682]","[1.0, 1.0, 1.0, 0.6666666666666666, 1.0, 1.0, 1.0, 1.0, 1.0, 1.0, 1.0, 1.0, 1.0, 1.0, 1.0, 1.0, 1.0, 1.0, 1.0, 1.0, 1.0, 0.6666666666666666, 1.0, 1.0, 1.0, 1.0, 1.0, 1.0, 0.6666666666666666, 1.0]","[1.0, 1.0, 1.0, 1.0, 1.0, 1.0, 1.0, 1.0, 1.0, 1.0, 1.0, 1.0, 1.0, 1.0, 1.0, 1.0, 1.0, 1.0, 1.0, 1.0, 1.0, 1.0, 1.0, 1.0, 1.0, 1.0, 1.0, 1.0, 1.0, 1.0]"
adult,ridge,5000,4,14,b2_stratified,2.609972933399211e-05,1.897836136929247e-05,1.8642663809994365e-06,1.3555972406637479e-06,1.9751091099475444e-05,3.31928092014288e-05,1.0,0.9975091575091575,0.0027056681776731948,0.9964835164835165,0.9983882783882784,0.9875457875457876,0.013528340888365803,1.0,0.0,1.0,0.0,1.715193632670177e-06,0.0,5000.0,0.6151092600019183,0.034121197985124266,5000.0,"[2.65477432487809e-05, 1.6488217996670586e-05, 3.530309151552018e-05, 5.0470870670663614e-05, 3.0375977776209794e-05, 6.19987797180621e-06, 5.836476308347659e-06, 3.710722710949287e-05, 1.6507414384452194e-05, 1.8952261348802497e-05, 4.7749307157246747e-05, 1.4221084783345605e-05, 5.244913569360693e-06, 7.143248108061734e-05, 2.986488057106338e-05, 8.272087812990194e-05, 3.142172128078086e-05, 1.5229822865800402e-05, 3.0251895638579332e-05, 3.802764430785065e-05, 1.2061575761186417e-05, 1.1126929894978767e-05, 4.7404867247793485e-05, 8.271794031405938e-06, 1.544367253478149e-05, 1.445556160769266e-05, 8.52945461282229e-06, 3.485849629140199e-05, 9.6679053951145e-06, 1.1217834927292339e-05]","[1.0, 1.0, 1.0, 0.9956043956043955, 1.0, 0.9956043956043955, 1.0, 1.0, 0.9956043956043955, 1.0, 0.9912087912087912, 1.0, 0.9956043956043955, 1.0, 0.9956043956043955, 0.9912087912087912, 1.0, 1.0, 1.0, 0.9956043956043955, 1.0, 0.9956043956043955, 1.0, 0.9956043956043955, 0.9956043956043955, 0.9956043956043955, 0.9956043956043955, 1.0, 0.9956043956043955, 0.9956043956043955]","[1.0, 1.0, 1.0, 0.9780219780219781, 1.0, 0.9780219780219781, 1.0, 1.0, 0.9780219780219781, 1.0, 0.9560439560439562, 1.0, 0.9780219780219781, 1.0, 0.9780219780219781, 0.9560439560439562, 1.0, 1.0, 1.0, 0.9780219780219781, 1.0, 0.9780219780219781, 1.0, 0.9780219780219781, 0.9780219780219781, 0.9780219780219781, 0.9780219780219781, 1.0, 0.9780219780219781, 0.9780219780219781]","[1.0, 1.0, 1.0, 1.0, 1.0, 1.0, 1.0, 1.0, 1.0, 1.0, 1.0, 1.0, 1.0, 1.0, 1.0, 1.0, 1.0, 1.0, 1.0, 1.0, 1.0, 1.0, 1.0, 1.0, 1.0, 1.0, 1.0, 1.0, 1.0, 1.0]","[1.0, 1.0, 1.0, 1.0, 1.0, 1.0, 1.0, 1.0, 1.0, 1.0, 1.0, 1.0, 1.0, 1.0, 1.0, 1.0, 1.0, 1.0, 1.0, 1.0, 1.0, 1.0, 1.0, 1.0, 1.0, 1.0, 1.0, 1.0, 1.0, 1.0]"
adult,ridge,5000,4,14,b3_is,1.3070481800381157e-05,1.4943730441099932e-05,9.336058428843683e-07,1.0674093172214237e-06,8.506202918311509e-06,1.9219522931087728e-05,0.5007899366741038,0.9992673992673993,0.0016381450384614197,0.9986813186813187,0.9998534798534798,0.9963369963369964,0.008190725192306892,1.0,0.0,1.0,0.0,7.687121294740059e-07,0.0,5000.0,0.7326240266668417,0.06915435992203893,5000.0,"[9.370302179312566e-06, 6.775434716701943e-06, 3.443660913578373e-06, 3.708403927459644e-06, 1.2555085209506891e-05, 6.311896793807014e-06, 1.81153982229038e-05, 6.884644223428973e-06, 1.56537864303733e-05, 7.316227597411268e-06, 2.3019797101775864e-06, 1.2034683454064346e-05, 4.2420214863221025e-06, 5.296823714018538e-06, 1.7151382200453417e-05, 4.6320884897886266e-05, 4.6593487855315266e-06, 1.0979841863457726e-05, 1.1309121269073237e-05, 1.0637995284381624e-05, 3.133802643370138e-06, 3.3995669266131037e-06, 6.427947349130461e-06, 2.3594772807198428e-05, 3.36292329203595e-05, 6.42638604878958e-06, 5.887136218133027e-06, 6.040223873486743e-06, 1.2671020864252633e-05, 7.583544148025092e-05]","[1.0, 1.0, 0.9956043956043955, 1.0, 1.0, 1.0, 0.9956043956043955, 1.0, 0.9956043956043955, 1.0, 1.0, 1.0, 0.9956043956043955, 1.0, 1.0, 1.0, 1.0, 1.0, 1.0, 1.0, 1.0, 1.0, 1.0, 1.0, 0.9956043956043955, 1.0, 1.0, 1.0, 1.0, 1.0]","[1.0, 1.0, 0.9780219780219781, 1.0, 1.0, 1.0, 0.9780219780219781, 1.0, 0.9780219780219781, 1.0, 1.0, 1.0, 0.9780219780219781, 1.0, 1.0, 1.0, 1.0, 1.0, 1.0, 1.0, 1.0, 1.0, 1.0, 1.0, 0.9780219780219781, 1.0, 1.0, 1.0, 1.0, 1.0]","[1.0, 1.0, 1.0, 1.0, 1.0, 1.0, 1.0, 1.0, 1.0, 1.0, 1.0, 1.0, 1.0, 1.0, 1.0, 1.0, 1.0, 1.0, 1.0, 1.0, 1.0, 1.0, 1.0, 1.0, 1.0, 1.0, 1.0, 1.0, 1.0, 1.0]","[1.0, 1.0, 1.0, 1.0, 1.0, 1.0, 1.0, 1.0, 1.0, 1.0, 1.0, 1.0, 1.0, 1.0, 1.0, 1.0, 1.0, 1.0, 1.0, 1.0, 1.0, 1.0, 1.0, 1.0, 1.0, 1.0, 1.0, 1.0, 1.0, 1.0]"
adult,ridge,5000,4,14,b4_antithetic,0.00038721385824865923,6.783578791839961e-05,2.765813273204709e-05,4.845413422742829e-06,0.0003610436224737496,0.0004091282347374869,14.83593386328166,0.9346520146520146,0.023251967091431375,0.9261501831501832,0.9425641025641025,0.8476190476190477,0.031047062418193543,1.0,0.0,1.0,0.0,2.307271708857557e-06,0.0,5000.0,0.5898567766683603,0.039149439295665535,5000.0,"[0.00039482260176854555, 0.0004026992235888832, 0.0004522178954355213, 0.000421253088318154, 0.00038410208540957675, 0.0003005441883354652, 0.0004274146946251416, 0.0003325425191429528, 0.00039563211678454843, 0.0002736375014227385, 0.0004029490076124366, 0.00045338931338291804, 0.0002315980346865703, 0.0003911231522148908, 0.0003984923123574019, 0.00042238822295107643, 0.0004033016151235059, 0.00046261830150311537, 0.0002959242168516957, 0.0004248470186924065, 0.0004100971463035771, 0.0004711781572639909, 0.00039302292941226355, 0.0004231735611487967, 0.0003115647358043819, 0.00044518300619290983, 0.0004824717886763697, 0.0004027582342017763, 0.00020328179235498114, 0.000402187285893186]","[0.9384615384615385, 0.9208791208791209, 0.9296703296703297, 0.9516483516483516, 0.9296703296703297, 0.9604395604395607, 0.8901098901098902, 0.9648351648351648, 0.9208791208791209, 0.956043956043956, 0.9428571428571428, 0.9164835164835166, 0.9604395604395607, 0.9340659340659341, 0.9252747252747253, 0.9384615384615385, 0.9604395604395607, 0.9208791208791209, 0.9516483516483516, 0.9428571428571428, 0.9648351648351648, 0.8857142857142857, 0.956043956043956, 0.9296703296703297, 0.9120879120879121, 0.8725274725274725, 0.9208791208791209, 0.9428571428571428, 0.9604395604395607, 0.9384615384615385]","[0.8461538461538461, 0.8241758241758242, 0.8241758241758242, 0.8461538461538461, 0.8241758241758242, 0.8901098901098902, 0.8021978021978022, 0.8901098901098902, 0.8461538461538461, 0.8681318681318682, 0.8681318681318682, 0.8241758241758242, 0.8901098901098902, 0.8461538461538461, 0.8241758241758242, 0.8461538461538461, 0.8901098901098902, 0.8461538461538461, 0.8461538461538461, 0.8681318681318682, 0.8901098901098902, 0.7802197802197802, 0.8681318681318682, 0.8461538461538461, 0.8021978021978022, 0.7802197802197802, 0.8461538461538461, 0.8681318681318682, 0.8901098901098902, 0.8461538461538461]","[1.0, 1.0, 1.0, 1.0, 1.0, 1.0, 1.0, 1.0, 1.0, 1.0, 1.0, 1.0, 1.0, 1.0, 1.0, 1.0, 1.0, 1.0, 1.0, 1.0, 1.0, 1.0, 1.0, 1.0, 1.0, 1.0, 1.0, 1.0, 1.0, 1.0]","[1.0, 1.0, 1.0, 1.0, 1.0, 1.0, 1.0, 1.0, 1.0, 1.0, 1.0, 1.0, 1.0, 1.0, 1.0, 1.0, 1.0, 1.0, 1.0, 1.0, 1.0, 1.0, 1.0, 1.0, 1.0, 1.0, 1.0, 1.0, 1.0, 1.0]"
adult,ridge,5000,5,14,abc_shap,0.00012726586125280098,0.00010398443549737995,9.090418660914355e-06,7.427459678384282e-06,9.105050116674389e-05,0.0001661905076099861,14.43064591075143,0.9752380952380953,0.013499746429904747,0.9705494505494506,0.9803663003663005,0.9113553113553114,0.03827093886185786,1.0,0.0,1.0,0.0,8.437181503175417e-06,2352.0,2648.0,0.7801946133346064,0.06865077430703628,2352.0,"[3.2859377935692275e-05, 0.00014642427423821474, 0.000286838028428659, 7.65702325770452e-06, 4.086467246068555e-05, 6.126322966996162e-05, 9.367319419668346e-05, 0.00021848422825961874, 0.00028434721899850765, 0.00021817714832678668, 4.215915837938236e-05, 0.00016095854418044303, 1.433568400630675e-05, 8.009114257860851e-05, 0.000395191250363632, 6.726366478957503e-05, 0.00013952191124540076, 8.212249426264616e-05, 0.00024811498652135177, 0.00014204572854010011, 2.4057459422477567e-05, 2.8623063562739385e-05, 3.2244408550914297e-06, 4.737217738282766e-05, 0.00022114673750546653, 3.108454540393837e-05, 0.00022787577192196206, 0.0001763465549054614, 0.00027396187902219485, 2.1890246961909106e-05]","[0.9780219780219781, 0.9868131868131869, 0.956043956043956, 0.9824175824175824, 0.9868131868131869, 0.9824175824175824, 0.9868131868131869, 0.9692307692307693, 0.9516483516483516, 0.956043956043956, 0.9868131868131869, 0.9516483516483516, 0.9912087912087912, 0.9692307692307693, 0.9472527472527472, 0.9824175824175824, 0.9780219780219781, 0.9868131868131869, 0.9736263736263736, 0.956043956043956, 0.9868131868131869, 0.9780219780219781, 0.9868131868131869, 0.9824175824175824, 0.9780219780219781, 0.9912087912087912, 0.9516483516483516, 0.9780219780219781, 0.9780219780219781, 0.9868131868131869]","[0.9120879120879122, 0.9560439560439562, 0.8681318681318682, 0.9120879120879122, 0.9560439560439562, 0.9340659340659341, 0.9560439560439562, 0.8901098901098902, 0.8461538461538461, 0.8681318681318682, 0.9560439560439562, 0.8461538461538461, 0.9560439560439562, 0.8681318681318682, 0.8461538461538461, 0.9340659340659341, 0.9120879120879122, 0.9560439560439562, 0.8901098901098902, 0.8681318681318682, 0.9340659340659341, 0.9120879120879122, 0.9560439560439562, 0.9340659340659341, 0.9120879120879122, 0.9560439560439562, 0.8461538461538461, 0.9120879120879122, 0.9120879120879122, 0.9340659340659341]","[1.0, 1.0, 1.0, 1.0, 1.0, 1.0, 1.0, 1.0, 1.0, 1.0, 1.0, 1.0, 1.0, 1.0, 1.0, 1.0, 1.0, 1.0, 1.0, 1.0, 1.0, 1.0, 1.0, 1.0, 1.0, 1.0, 1.0, 1.0, 1.0, 1.0]","[1.0, 1.0, 1.0, 1.0, 1.0, 1.0, 1.0, 1.0, 1.0, 1.0, 1.0, 1.0, 1.0, 1.0, 1.0, 1.0, 1.0, 1.0, 1.0, 1.0, 1.0, 1.0, 1.0, 1.0, 1.0, 1.0, 1.0, 1.0, 1.0, 1.0]"
adult,ridge,5000,5,14,b1_uniform,3.16063088875592e-05,2.0109003131681814e-05,2.2575934919685144e-06,1.436357366548701e-06,2.5073661755025213e-05,3.940062046734801e-05,3.5838318902836526,0.9850549450549451,0.00919231480812195,0.9816849816849818,0.9881318681318682,0.9472527472527474,0.023806705947651184,1.0,0.0,1.0,0.0,1.2861378166619512e-06,0.0,5000.0,0.6550392566661078,0.06317672566464586,5000.0,"[2.3388141752986763e-05, 5.412063935688952e-05, 7.79202311282852e-06, 2.0962761483305272e-05, 1.6734204171530563e-05, 2.2793793714966812e-05, 0.000114389328749764, 4.483470199567872e-05, 3.672015630009382e-05, 1.3353828465669608e-05, 3.9458700066687306e-05, 4.82630659698135e-05, 2.959351891853981e-05, 1.995393102224604e-05, 5.005945804821845e-05, 2.2288186223059177e-05, 1.93003388504283e-05, 2.4473722825494816e-05, 7.527809162582361e-06, 1.4973044246568088e-05, 1.3201004487351659e-05, 2.4476205268586173e-05, 3.881517342685533e-05, 3.101435410470963e-05, 5.1067970113571225e-05, 2.259461353141052e-05, 4.165889423236947e-05, 2.3382826868785502e-05, 4.338097998315303e-05, 2.761589017263227e-05]","[0.9824175824175824, 0.9736263736263736, 0.9868131868131869, 0.9912087912087912, 0.9868131868131869, 0.9868131868131869, 0.956043956043956, 0.9868131868131869, 0.9956043956043955, 0.9824175824175824, 0.9956043956043955, 0.9868131868131869, 0.9868131868131869, 0.9912087912087912, 0.9824175824175824, 0.9956043956043955, 0.9912087912087912, 0.9780219780219781, 0.9824175824175824, 0.9912087912087912, 0.9824175824175824, 0.9868131868131869, 0.9956043956043955, 0.9868131868131869, 0.9868131868131869, 0.9604395604395607, 0.9736263736263736, 0.9868131868131869, 0.9868131868131869, 0.9956043956043955]","[0.9340659340659341, 0.9120879120879122, 0.9560439560439562, 0.9560439560439562, 0.9560439560439562, 0.9560439560439562, 0.8901098901098902, 0.9560439560439562, 0.9780219780219781, 0.9340659340659341, 0.9780219780219781, 0.9560439560439562, 0.9560439560439562, 0.9560439560439562, 0.9340659340659341, 0.9780219780219781, 0.9560439560439562, 0.9120879120879122, 0.9340659340659341, 0.9560439560439562, 0.9340659340659341, 0.9560439560439562, 0.9780219780219781, 0.9560439560439562, 0.9560439560439562, 0.8901098901098902, 0.9120879120879122, 0.9560439560439562, 0.9560439560439562, 0.9780219780219781]","[1.0, 1.0, 1.0, 1.0, 1.0, 1.0, 1.0, 1.0, 1.0, 1.0, 1.0, 1.0, 1.0, 1.0, 1.0, 1.0, 1.0, 1.0, 1.0, 1.0, 1.0, 1.0, 1.0, 1.0, 1.0, 1.0, 1.0, 1.0, 1.0, 1.0]","[1.0, 1.0, 1.0, 1.0, 1.0, 1.0, 1.0, 1.0, 1.0, 1.0, 1.0, 1.0, 1.0, 1.0, 1.0, 1.0, 1.0, 1.0, 1.0, 1.0, 1.0, 1.0, 1.0, 1.0, 1.0, 1.0, 1.0, 1.0, 1.0, 1.0]"
adult,ridge,5000,5,14,b2_stratified,8.819138245085941e-06,7.880641896179092e-06,6.299384460775673e-07,5.629029925842209e-07,6.405223377957295e-06,1.1914046035120963e-05,1.0,0.9932600732600733,0.007154025269294456,0.9904761904761905,0.9954578754578755,0.9692307692307693,0.0298124394862649,1.0,0.0,1.0,0.0,5.975224029914933e-07,0.0,5000.0,0.6479987000018202,0.05001540222984712,5000.0,"[8.956004261384303e-06, 1.1727784207157702e-05, 1.1667433479767108e-05, 1.7874467281082145e-06, 1.996842879627347e-06, 8.833594986840067e-06, 7.786486181644033e-06, 5.33948678978643e-06, 5.300084815355198e-06, 6.051914683080439e-06, 1.1483148408072991e-05, 8.674054035329205e-06, 1.6265891461008001e-06, 8.30045109794991e-06, 1.3522756528278803e-05, 2.8769290704770326e-06, 6.1464094243592e-07, 2.5223851050500167e-06, 3.867888434213247e-05, 1.5836034802911928e-05, 8.612099472281567e-06, 1.6628687182075525e-06, 2.230937981003147e-06, 1.9438319581564675e-05, 1.7748120160223904e-06, 2.2469992205209742e-05, 4.347404203859369e-06, 3.7994889644101876e-06, 1.677296140312106e-05, 9.882310315408641e-06]","[0.9912087912087912, 0.9868131868131869, 0.9956043956043955, 0.9956043956043955, 1.0, 0.9956043956043955, 0.9868131868131869, 0.9956043956043955, 0.9956043956043955, 0.9956043956043955, 0.9956043956043955, 1.0, 0.9912087912087912, 0.9956043956043955, 1.0, 0.9956043956043955, 1.0, 0.9956043956043955, 0.9736263736263736, 0.9912087912087912, 1.0, 1.0, 0.9956043956043955, 0.9868131868131869, 0.9956043956043955, 0.9780219780219781, 0.9956043956043955, 1.0, 0.9736263736263736, 0.9956043956043955]","[0.9560439560439562, 0.9340659340659341, 0.9780219780219781, 0.9780219780219781, 1.0, 0.9780219780219781, 0.9340659340659341, 0.9780219780219781, 0.9780219780219781, 0.9780219780219781, 0.9780219780219781, 1.0, 0.9560439560439562, 0.9780219780219781, 1.0, 0.9780219780219781, 1.0, 0.9780219780219781, 0.8901098901098902, 0.9560439560439562, 1.0, 1.0, 0.9780219780219781, 0.9560439560439562, 0.9780219780219781, 0.9120879120879122, 0.9780219780219781, 1.0, 0.8901098901098902, 0.9780219780219781]","[1.0, 1.0, 1.0, 1.0, 1.0, 1.0, 1.0, 1.0, 1.0, 1.0, 1.0, 1.0, 1.0, 1.0, 1.0, 1.0, 1.0, 1.0, 1.0, 1.0, 1.0, 1.0, 1.0, 1.0, 1.0, 1.0, 1.0, 1.0, 1.0, 1.0]","[1.0, 1.0, 1.0, 1.0, 1.0, 1.0, 1.0, 1.0, 1.0, 1.0, 1.0, 1.0, 1.0, 1.0, 1.0, 1.0, 1.0, 1.0, 1.0, 1.0, 1.0, 1.0, 1.0, 1.0, 1.0, 1.0, 1.0, 1.0, 1.0, 1.0]"
adult,ridge,5000,5,14,b3_is,4.951952269194523e-06,3.70535236027346e-06,3.537108763710374e-07,2.6466802573381856e-07,3.7673880455072117e-06,6.364547187278479e-06,0.5615006967323333,0.9964835164835165,0.003660072086973414,0.9951648351648352,0.9976556776556776,0.9824175824175825,0.018300360434867036,1.0,0.0,1.0,0.0,3.281213486899819e-07,0.0,5000.0,0.758861033336628,0.042896645621395,5000.0,"[9.136670835451306e-06, 5.081622174068111e-06, 3.3973324453701935e-06, 2.700339686290638e-06, 3.3630661994109447e-06, 1.8239889170082382e-06, 1.2108948889728957e-05, 1.596829273037113e-06, 5.5010508768176645e-06, 2.527191856138583e-06, 3.0954949079654648e-06, 3.6431836353454236e-06, 4.289406925631575e-06, 6.619682756876448e-07, 1.5135834300652105e-05, 1.2611349268281804e-05, 4.237758479541933e-06, 7.708203160934048e-06, 1.606090330643059e-06, 4.1932783861933745e-06, 2.355246056325e-06, 7.828453320809114e-06, 5.51604943045951e-06, 1.0183972742267622e-05, 7.982299896184448e-06, 2.276696541526501e-06, 3.9891638399785285e-06, 1.4932795547777737e-06, 1.7050254914647913e-06, 8.087723778442031e-07]","[0.9912087912087912, 1.0, 0.9956043956043955, 1.0, 1.0, 0.9956043956043955, 0.9912087912087912, 0.9956043956043955, 0.9912087912087912, 1.0, 1.0, 0.9912087912087912, 1.0, 1.0, 0.9912087912087912, 0.9912087912087912, 0.9956043956043955, 0.9912087912087912, 0.9956043956043955, 1.0, 1.0, 1.0, 1.0, 0.9956043956043955, 0.9912087912087912, 0.9956043956043955, 0.9956043956043955, 1.0, 1.0, 1.0]","[0.9560439560439562, 1.0, 0.9780219780219781, 1.0, 1.0, 0.9780219780219781, 0.9560439560439562, 0.9780219780219781, 0.9560439560439562, 1.0, 1.0, 0.9560439560439562, 1.0, 1.0, 0.9560439560439562, 0.9560439560439562, 0.9780219780219781, 0.9560439560439562, 0.9780219780219781, 1.0, 1.0, 1.0, 1.0, 0.9780219780219781, 0.9560439560439562, 0.9780219780219781, 0.9780219780219781, 1.0, 1.0, 1.0]","[1.0, 1.0, 1.0, 1.0, 1.0, 1.0, 1.0, 1.0, 1.0, 1.0, 1.0, 1.0, 1.0, 1.0, 1.0, 1.0, 1.0, 1.0, 1.0, 1.0, 1.0, 1.0, 1.0, 1.0, 1.0, 1.0, 1.0, 1.0, 1.0, 1.0]","[1.0, 1.0, 1.0, 1.0, 1.0, 1.0, 1.0, 1.0, 1.0, 1.0, 1.0, 1.0, 1.0, 1.0, 1.0, 1.0, 1.0, 1.0, 1.0, 1.0, 1.0, 1.0, 1.0, 1.0, 1.0, 1.0, 1.0, 1.0, 1.0, 1.0]"
adult,ridge,5000,5,14,b4_antithetic,9.16157721295591e-06,2.6668451197702413e-06,6.543983723539936e-07,1.904889371264458e-07,8.154414401421615e-06,1.0057494873232794e-05,1.03882907358446,0.9876923076923078,0.002637362637362595,0.9868131868131869,0.9885787545787547,0.9582417582417584,0.006593406593406569,1.0,0.0,1.0,0.0,7.778835333766678e-08,0.0,5000.0,0.6241441100006341,0.06800277837757124,5000.0,"[1.0474412202959352e-05, 1.0284474975689398e-05, 8.485597909256668e-06, 1.269577465483526e-05, 1.1859449768058568e-05, 8.383580416391182e-06, 1.338456234774195e-05, 7.725704319382565e-06, 9.69401453291869e-06, 8.44040127013815e-06, 7.34675575559265e-06, 1.2061532933544387e-05, 1.2655558266153688e-05, 9.824319009846372e-06, 9.899448877860307e-06, 3.6151853434790336e-06, 9.205781419949752e-06, 7.1373803535560465e-06, 4.64299191549932e-06, 1.0807516701053595e-05, 1.3188301167849504e-05, 6.367160627565905e-06, 7.027876843270336e-06, 7.0367251829871e-06, 1.0702681183849468e-05, 3.879451738154359e-06, 1.0638388993866602e-05, 9.233390081079327e-06, 1.2267856572648914e-05, 5.881041023498796e-06]","[0.9868131868131869, 0.9868131868131869, 0.9956043956043955, 0.9868131868131869, 0.9868131868131869, 0.9868131868131869, 0.9868131868131869, 0.9868131868131869, 0.9868131868131869, 0.9868131868131869, 0.9868131868131869, 0.9868131868131869, 0.9868131868131869, 0.9868131868131869, 0.9868131868131869, 0.9868131868131869, 0.9868131868131869, 0.9868131868131869, 0.9868131868131869, 0.9868131868131869, 0.9868131868131869, 0.9868131868131869, 0.9868131868131869, 0.9956043956043955, 0.9868131868131869, 0.9868131868131869, 0.9868131868131869, 0.9868131868131869, 0.9868131868131869, 0.9956043956043955]","[0.9560439560439562, 0.9560439560439562, 0.9780219780219781, 0.9560439560439562, 0.9560439560439562, 0.9560439560439562, 0.9560439560439562, 0.9560439560439562, 0.9560439560439562, 0.9560439560439562, 0.9560439560439562, 0.9560439560439562, 0.9560439560439562, 0.9560439560439562, 0.9560439560439562, 0.9560439560439562, 0.9560439560439562, 0.9560439560439562, 0.9560439560439562, 0.9560439560439562, 0.9560439560439562, 0.9560439560439562, 0.9560439560439562, 0.9780219780219781, 0.9560439560439562, 0.9560439560439562, 0.9560439560439562, 0.9560439560439562, 0.9560439560439562, 0.9780219780219781]","[1.0, 1.0, 1.0, 1.0, 1.0, 1.0, 1.0, 1.0, 1.0, 1.0, 1.0, 1.0, 1.0, 1.0, 1.0, 1.0, 1.0, 1.0, 1.0, 1.0, 1.0, 1.0, 1.0, 1.0, 1.0, 1.0, 1.0, 1.0, 1.0, 1.0]","[1.0, 1.0, 1.0, 1.0, 1.0, 1.0, 1.0, 1.0, 1.0, 1.0, 1.0, 1.0, 1.0, 1.0, 1.0, 1.0, 1.0, 1.0, 1.0, 1.0, 1.0, 1.0, 1.0, 1.0, 1.0, 1.0, 1.0, 1.0, 1.0, 1.0]"
adult,ridge,5000,6,14,abc_shap,0.0004978817561762151,0.0005180125669025013,3.556298258401536e-05,3.700089763589295e-05,0.00032648545108421404,0.0007018468613399427,10.800417435517321,0.9217582417582418,0.085621439335531,0.8893772893772894,0.9503333333333333,0.8285714285714288,0.12970136835944754,0.9444444444444445,0.12422599874998834,0.9066666666666667,0.09977753031397174,3.523100116414179e-05,2352.0,2648.0,0.8293417533326041,0.15972564732827818,2352.0,"[0.0001912728379462562, 0.00010196414099710226, 0.0014374927916065083, 0.001867346229786076, 0.00015897681080373062, 0.00040141212298490646, 1.817255413549308e-05, 0.00012610020505955379, 0.0002509714788947116, 8.235839853920442e-05, 0.00033598822759914386, 0.00025761750768092526, 0.0009540518426215241, 0.0012543013936776094, 0.00015802859295409907, 0.0010326886910446795, 0.0003084867460897473, 0.00026410530976874944, 0.0002500464743421865, 0.0014028089907192015, 0.0001665867338441461, 3.295372950180254e-05, 8.849623295460235e-05, 0.001176619970806234, 0.0009701541970784043, 0.00024383835101473073, 6.415269710362375e-05, 0.00011303834302776823, 0.00012650622947065818, 0.0010999148532330727]","[0.9340659340659341, 0.9516483516483516, 0.7362637362637363, 0.745054945054945, 0.9780219780219781, 0.9824175824175824, 0.9912087912087912, 0.9692307692307693, 0.9648351648351648, 0.9956043956043955, 0.8813186813186813, 0.9824175824175824, 0.9516483516483516, 0.956043956043956, 0.8813186813186813, 0.956043956043956, 0.9516483516483516, 0.956043956043956, 0.9648351648351648, 0.7362637362637363, 0.9428571428571428, 0.9648351648351648, 0.9912087912087912, 0.9516483516483516, 0.7626373626373627, 0.8725274725274725, 0.9912087912087912, 0.9824175824175824, 0.9912087912087912, 0.7362637362637363]","[0.8241758241758242, 0.8681318681318682, 0.5604395604395604, 0.5604395604395604, 0.9120879120879122, 0.9120879120879122, 0.9560439560439562, 0.9120879120879122, 0.8901098901098902, 0.9780219780219781, 0.7582417582417583, 0.9340659340659341, 0.8461538461538461, 0.8681318681318682, 0.7582417582417583, 0.8681318681318682, 0.8461538461538461, 0.8681318681318682, 0.8901098901098902, 0.5604395604395604, 0.8681318681318682, 0.8681318681318682, 0.9560439560439562, 0.8461538461538461, 0.6043956043956044, 0.7362637362637363, 0.9560439560439562, 0.9340659340659341, 0.9560439560439562, 0.5604395604395604]","[1.0, 1.0, 0.6666666666666666, 0.6666666666666666, 1.0, 1.0, 1.0, 1.0, 1.0, 1.0, 1.0, 1.0, 1.0, 1.0, 1.0, 1.0, 1.0, 1.0, 1.0, 0.6666666666666666, 1.0, 1.0, 1.0, 1.0, 0.6666666666666666, 1.0, 1.0, 1.0, 1.0, 0.6666666666666666]","[0.8, 0.8, 0.8, 0.8, 0.8, 0.8, 1.0, 1.0, 1.0, 0.8, 0.8, 1.0, 1.0, 1.0, 0.8, 1.0, 1.0, 1.0, 1.0, 0.8, 1.0, 0.8, 1.0, 1.0, 0.8, 0.8, 1.0, 1.0, 1.0, 0.8]"
adult,ridge,5000,6,14,b1_uniform,0.00013960728226448783,7.331174482550753e-05,9.971948733177702e-06,5.236553201821967e-06,0.00011320552119107283,0.00016594837196195038,3.028463900896383,0.9724542124542126,0.01652237990799757,0.9667399267399268,0.9778754578754579,0.9003663003663005,0.04494611472579627,0.8888888888888888,0.15713484026367727,0.8933333333333334,0.09977753031397174,8.259003196756795e-06,0.0,5000.0,0.7113706466669101,0.1525048180780149,5000.0,"[0.0001880843926622713, 0.000117092442321554, 9.933336348223259e-05, 3.7870077228389484e-05, 0.0001246872522088, 0.0003160754421312062, 5.731546479598745e-05, 7.354711100733105e-05, 0.0001386927623196866, 0.00010409655488030628, 0.0002729278481951244, 4.8853173182832415e-05, 0.00012778396267041562, 0.0002112587625058471, 0.00013712952460603005, 9.181789006117852e-05, 7.841704653674592e-05, 0.000257417810727845, 0.0001185215861709378, 0.00016615252698807964, 5.2325266687459115e-05, 0.0001516894165062504, 0.00012422056456008604, 0.00017901404699416132, 0.00011676441547158152, 0.00011328285303784649, 7.543186800795738e-05, 0.00022167440328914315, 0.0003003690163891482, 8.637162230820012e-05]","[0.9428571428571428, 0.9824175824175824, 0.9780219780219781, 0.9868131868131869, 0.9648351648351648, 0.9164835164835166, 0.9824175824175824, 0.956043956043956, 0.956043956043956, 0.9956043956043955, 0.9780219780219781, 0.9956043956043955, 0.9824175824175824, 0.9648351648351648, 0.9824175824175824, 0.9736263736263736, 0.9780219780219781, 0.9604395604395607, 0.9604395604395607, 0.9692307692307693, 0.9912087912087912, 0.9736263736263736, 0.956043956043956, 0.9868131868131869, 0.9912087912087912, 0.9736263736263736, 0.9824175824175824, 0.9736263736263736, 0.9604395604395607, 0.9780219780219781]","[0.8241758241758242, 0.9120879120879122, 0.9120879120879122, 0.9560439560439562, 0.8681318681318682, 0.7802197802197802, 0.9340659340659341, 0.8461538461538461, 0.8681318681318682, 0.9780219780219781, 0.8901098901098902, 0.9780219780219781, 0.9120879120879122, 0.8901098901098902, 0.9340659340659341, 0.9120879120879122, 0.9120879120879122, 0.8681318681318682, 0.8461538461538461, 0.8901098901098902, 0.9560439560439562, 0.9120879120879122, 0.8461538461538461, 0.9340659340659341, 0.9560439560439562, 0.8901098901098902, 0.9340659340659341, 0.8901098901098902, 0.8681318681318682, 0.9120879120879122]","[0.6666666666666666, 0.6666666666666666, 1.0, 1.0, 1.0, 0.6666666666666666, 1.0, 1.0, 1.0, 0.6666666666666666, 1.0, 1.0, 1.0, 0.6666666666666666, 1.0, 0.6666666666666666, 0.6666666666666666, 0.6666666666666666, 1.0, 0.6666666666666666, 1.0, 0.6666666666666666, 1.0, 1.0, 1.0, 1.0, 1.0, 1.0, 1.0, 1.0]","[0.8, 0.8, 0.8, 1.0, 0.8, 0.8, 0.8, 0.8, 0.8, 1.0, 1.0, 1.0, 1.0, 0.8, 1.0, 1.0, 1.0, 0.8, 0.8, 0.8, 1.0, 1.0, 1.0, 0.8, 1.0, 0.8, 1.0, 0.8, 1.0, 0.8]"
adult,ridge,5000,6,14,b2_stratified,4.6098380840255685e-05,2.49938145570265e-05,3.2927414885896916e-06,1.7852724683590358e-06,3.7501509070554536e-05,5.4505832318724976e-05,1.0,0.9922344322344323,0.008469067262486933,0.9891575091575092,0.9948717948717949,0.9670329670329672,0.028795961915067444,0.9888888888888888,0.059835164523716726,0.9866666666666667,0.04988876515698587,3.1413473466825018e-06,0.0,5000.0,0.7032236833324229,0.1385983182204299,5000.0,"[6.852076687568642e-05, 1.1125528660205128e-05, 3.211848478531367e-05, 2.952892024361158e-05, 4.863404834613985e-05, 2.156459849914019e-05, 2.747809836690786e-05, 2.0706707801801973e-05, 8.247464527420821e-05, 2.764248663056962e-05, 7.45556613870412e-05, 6.827115681356734e-05, 5.192641201797086e-05, 7.89360250532822e-05, 8.992197135036704e-05, 2.6363453903751534e-05, 1.912767791754403e-05, 4.679746564636038e-05, 8.47691054334992e-05, 8.823061687951192e-06, 8.493526859990427e-05, 2.9868040941456513e-05, 2.3811168431687295e-05, 1.8091432668235238e-05, 6.74223666414129e-05, 4.754143069443784e-05, 4.6606195345803024e-05, 2.1593506513995312e-05, 4.895325522707698e-05, 7.484248344874176e-05]","[0.9868131868131869, 1.0, 0.9956043956043955, 0.9956043956043955, 0.9912087912087912, 0.9912087912087912, 1.0, 0.9912087912087912, 0.9604395604395607, 1.0, 0.9912087912087912, 0.9956043956043955, 0.9824175824175824, 0.9868131868131869, 0.9956043956043955, 0.9956043956043955, 1.0, 1.0, 0.9780219780219781, 0.9956043956043955, 0.9912087912087912, 0.9868131868131869, 0.9956043956043955, 0.9956043956043955, 1.0, 0.9956043956043955, 0.9956043956043955, 0.9956043956043955, 1.0, 0.9780219780219781]","[0.9340659340659341, 1.0, 0.9780219780219781, 0.9780219780219781, 0.9560439560439562, 0.9560439560439562, 1.0, 0.9560439560439562, 0.8901098901098902, 1.0, 0.9560439560439562, 0.9780219780219781, 0.9340659340659341, 0.9340659340659341, 0.9780219780219781, 0.9780219780219781, 1.0, 1.0, 0.9120879120879122, 0.9780219780219781, 0.9560439560439562, 0.9560439560439562, 0.9780219780219781, 0.9780219780219781, 1.0, 0.9780219780219781, 0.9780219780219781, 0.9780219780219781, 1.0, 0.9120879120879122]","[1.0, 1.0, 1.0, 1.0, 1.0, 1.0, 1.0, 1.0, 0.6666666666666666, 1.0, 1.0, 1.0, 1.0, 1.0, 1.0, 1.0, 1.0, 1.0, 1.0, 1.0, 1.0, 1.0, 1.0, 1.0, 1.0, 1.0, 1.0, 1.0, 1.0, 1.0]","[0.8, 1.0, 1.0, 1.0, 1.0, 1.0, 1.0, 1.0, 1.0, 1.0, 1.0, 1.0, 1.0, 1.0, 1.0, 1.0, 1.0, 1.0, 0.8, 1.0, 1.0, 1.0, 1.0, 1.0, 1.0, 1.0, 1.0, 1.0, 1.0, 1.0]"
adult,ridge,5000,6,14,b3_is,3.30876720497046e-05,2.5378641991048145e-05,2.3634051464074715e-06,1.8127601422177246e-06,2.435384232303199e-05,4.257451721971371e-05,0.7177621306128521,0.9948717948717949,0.004690933507276789,0.9932600732600733,0.9963369963369964,0.9750915750915752,0.02102959720792278,0.9888888888888888,0.059835164523716726,0.9666666666666667,0.07453559924999298,1.760125702027763e-06,0.0,5000.0,0.8089515366673974,0.18193573498302804,5000.0,"[5.522633717912198e-05, 5.749320162829419e-05, 1.6105302407196194e-05, 2.9166094104901895e-05, 1.7999816733588056e-05, 8.06153058936075e-05, 2.9644597219112718e-05, 5.830917730121701e-06, 2.225136472727096e-05, 0.00010344076522510199, 1.162772561511871e-05, 0.00010278067254442807, 1.9413165317393023e-05, 1.5864465227716837e-05, 2.8504884015364363e-05, 1.4365829969188991e-05, 1.6363214558812742e-05, 2.2451966406010598e-05, 1.559181990138866e-05, 7.0831702755595085e-06, 9.308926635234704e-06, 5.8976055498583775e-05, 3.405787766054199e-05, 1.3526205326020259e-05, 4.147210203300259e-05, 2.0650299907204824e-05, 3.3779500787789156e-05, 4.410141438318022e-05, 3.98757878731994e-05, 2.5061374707082304e-05]","[0.9912087912087912, 0.9780219780219781, 1.0, 1.0, 0.9956043956043955, 0.9868131868131869, 0.9956043956043955, 0.9956043956043955, 1.0, 0.9912087912087912, 0.9956043956043955, 0.9912087912087912, 0.9912087912087912, 0.9956043956043955, 0.9912087912087912, 1.0, 0.9956043956043955, 0.9956043956043955, 0.9956043956043955, 1.0, 1.0, 0.9956043956043955, 0.9912087912087912, 0.9956043956043955, 0.9912087912087912, 0.9956043956043955, 0.9956043956043955, 1.0, 0.9956043956043955, 1.0]","[0.9560439560439562, 0.9120879120879122, 1.0, 1.0, 0.9780219780219781, 0.9340659340659341, 0.9780219780219781, 0.9780219780219781, 1.0, 0.9560439560439562, 0.9780219780219781, 0.9560439560439562, 0.9560439560439562, 0.9780219780219781, 0.9560439560439562, 1.0, 0.9780219780219781, 0.9780219780219781, 0.9780219780219781, 1.0, 1.0, 0.9780219780219781, 0.9560439560439562, 0.9780219780219781, 0.9560439560439562, 0.9780219780219781, 0.9780219780219781, 1.0, 0.9780219780219781, 1.0]","[1.0, 0.6666666666666666, 1.0, 1.0, 1.0, 1.0, 1.0, 1.0, 1.0, 1.0, 1.0, 1.0, 1.0, 1.0, 1.0, 1.0, 1.0, 1.0, 1.0, 1.0, 1.0, 1.0, 1.0, 1.0, 1.0, 1.0, 1.0, 1.0, 1.0, 1.0]","[0.8, 1.0, 1.0, 1.0, 1.0, 1.0, 1.0, 1.0, 1.0, 1.0, 1.0, 0.8, 1.0, 1.0, 0.8, 1.0, 0.8, 1.0, 1.0, 1.0, 1.0, 1.0, 1.0, 1.0, 0.8, 1.0, 1.0, 1.0, 1.0, 1.0]"
adult,ridge,5000,6,14,b4_antithetic,1.764435163306765e-05,4.155619487607522e-06,1.2603108309334036e-06,2.968299634005373e-07,1.6194741988930683e-05,1.9142633940212245e-05,0.38275425972574756,0.9970695970695971,0.0026210320615382386,0.9961904761904762,0.997948717948718,0.9853479853479854,0.013105160307691028,1.0,0.0,0.9000000000000001,0.09999999999999996,1.1857646218371415e-07,0.0,5000.0,0.6617337100004079,0.18099744600425782,5000.0,"[2.2771529805167558e-05, 2.0392355433599928e-05, 1.550810968568186e-05, 1.8694084129132965e-05, 2.0279248796309614e-05, 2.0270406127127443e-05, 1.7607451587085146e-05, 1.0368929194698506e-05, 1.7774650947379952e-05, 1.6841529711184188e-05, 2.1469022206725988e-05, 2.4778622979030435e-05, 1.5836663985860376e-05, 2.1030056752408484e-05, 1.9426445106102095e-05, 1.4957814968935426e-05, 1.3890228940335435e-05, 1.0291345914634212e-05, 2.0931235629143618e-05, 1.3677559785558088e-05, 1.2128329760231314e-05, 2.2223890408795985e-05, 1.5358861320221388e-05, 2.3210324994970378e-05, 2.201165422459025e-05, 1.2722917515561302e-05, 1.5824044721926747e-05, 2.3819838020888526e-05, 1.1415281830243374e-05, 1.381811450849904e-05]","[0.9956043956043955, 0.9912087912087912, 1.0, 1.0, 0.9956043956043955, 0.9956043956043955, 0.9956043956043955, 1.0, 0.9956043956043955, 1.0, 0.9956043956043955, 0.9956043956043955, 0.9956043956043955, 0.9956043956043955, 0.9956043956043955, 1.0, 1.0, 1.0, 0.9956043956043955, 1.0, 1.0, 0.9956043956043955, 0.9956043956043955, 0.9956043956043955, 0.9956043956043955, 1.0, 0.9956043956043955, 0.9912087912087912, 1.0, 1.0]","[0.9780219780219781, 0.9560439560439562, 1.0, 1.0, 0.9780219780219781, 0.9780219780219781, 0.9780219780219781, 1.0, 0.9780219780219781, 1.0, 0.9780219780219781, 0.9780219780219781, 0.9780219780219781, 0.9780219780219781, 0.9780219780219781, 1.0, 1.0, 1.0, 0.9780219780219781, 1.0, 1.0, 0.9780219780219781, 0.9780219780219781, 0.9780219780219781, 0.9780219780219781, 1.0, 0.9780219780219781, 0.9560439560439562, 1.0, 1.0]","[1.0, 1.0, 1.0, 1.0, 1.0, 1.0, 1.0, 1.0, 1.0, 1.0, 1.0, 1.0, 1.0, 1.0, 1.0, 1.0, 1.0, 1.0, 1.0, 1.0, 1.0, 1.0, 1.0, 1.0, 1.0, 1.0, 1.0, 1.0, 1.0, 1.0]","[0.8, 0.8, 1.0, 1.0, 1.0, 0.8, 0.8, 1.0, 0.8, 1.0, 0.8, 0.8, 0.8, 0.8, 1.0, 1.0, 1.0, 1.0, 0.8, 1.0, 1.0, 0.8, 0.8, 0.8, 1.0, 1.0, 0.8, 0.8, 1.0, 1.0]"
adult,ridge,5000,7,14,abc_shap,0.0002598404639712739,0.00019070919887885838,1.8560033140805277e-05,1.362208563420417e-05,0.00019832774056799342,0.00033149313502008385,15.915660693748507,0.9844688644688645,0.009876805594931952,0.980952380952381,0.9876959706959707,0.9406593406593408,0.033161817722362694,1.0,0.0,1.0,0.0,1.431512625509326e-05,2352.0,2648.0,0.8280356166670875,0.1529419673357364,2352.0,"[0.00044636673292935183, 0.00033965101111622676, 5.763699958726406e-05, 0.0005013470454869975, 0.00020315124777312108, 0.00025776864287166445, 0.0003001163200954689, 0.0001378047709523998, 0.00022177996445890458, 3.695978294649461e-05, 2.64949174897594e-05, 0.00014672961674171988, 6.614872659259694e-05, 3.888364150250788e-06, 0.0004614823737891757, 0.0007365394662680599, 0.00024627528070646015, 0.0005794627636814775, 0.00039614821654747144, 5.7852987209430645e-05, 0.00029496987748341445, 0.00030345493060652786, 1.3262631955045319e-05, 0.00027251597294932064, 0.00048413190625915995, 0.0002727731386556316, 0.0005670958024430324, 0.0002104386517359465, 5.082482996384367e-05, 0.00010214094569199742]","[0.9780219780219781, 0.9780219780219781, 0.9912087912087912, 0.9780219780219781, 0.9824175824175824, 0.9824175824175824, 0.9780219780219781, 0.9912087912087912, 0.9780219780219781, 1.0, 1.0, 0.9824175824175824, 0.9956043956043955, 0.9956043956043955, 0.9824175824175824, 0.9780219780219781, 0.9824175824175824, 0.9780219780219781, 0.9780219780219781, 0.9956043956043955, 0.9736263736263736, 0.9824175824175824, 1.0, 0.9736263736263736, 0.9780219780219781, 0.9736263736263736, 0.9604395604395607, 0.9912087912087912, 1.0, 0.9956043956043955]","[0.9120879120879122, 0.9120879120879122, 0.9560439560439562, 0.9120879120879122, 0.9340659340659341, 0.9340659340659341, 0.9120879120879122, 0.9560439560439562, 0.9120879120879122, 1.0, 1.0, 0.9340659340659341, 0.9780219780219781, 0.9780219780219781, 0.9340659340659341, 0.9120879120879122, 0.9340659340659341, 0.9120879120879122, 0.9120879120879122, 0.9780219780219781, 0.9120879120879122, 0.9340659340659341, 1.0, 0.9120879120879122, 0.9120879120879122, 0.9120879120879122, 0.8901098901098902, 0.9560439560439562, 1.0, 0.9780219780219781]","[1.0, 1.0, 1.0, 1.0, 1.0, 1.0, 1.0, 1.0, 1.0, 1.0, 1.0, 1.0, 1.0, 1.0, 1.0, 1.0, 1.0, 1.0, 1.0, 1.0, 1.0, 1.0, 1.0, 1.0, 1.0, 1.0, 1.0, 1.0, 1.0, 1.0]","[1.0, 1.0, 1.0, 1.0, 1.0, 1.0, 1.0, 1.0, 1.0, 1.0, 1.0, 1.0, 1.0, 1.0, 1.0, 1.0, 1.0, 1.0, 1.0, 1.0, 1.0, 1.0, 1.0, 1.0, 1.0, 1.0, 1.0, 1.0, 1.0, 1.0]"
adult,ridge,5000,7,14,b1_uniform,5.511604325243151e-05,5.896518997258994e-05,3.936860232316536e-06,4.211799283756424e-06,3.806769503191656e-05,7.911630248810908e-05,3.3759493413029182,0.9893040293040294,0.00854477556736895,0.9863699633699634,0.9920879120879121,0.9567765567765569,0.028078780801079565,1.0,0.0,1.0,0.0,2.587136669446275e-06,0.0,5000.0,0.6657965533333481,0.10431439866324374,5000.0,"[9.853426370844965e-05, 3.4795026810382204e-05, 1.8087025297297712e-05, 3.075558230558484e-05, 9.781324642288846e-05, 2.189361306409698e-05, 2.5947903078537512e-05, 2.5496107527611304e-05, 3.211421943601228e-05, 4.6388987678728534e-05, 6.931128817067011e-05, 0.00034085869780951144, 8.755373782881708e-05, 3.242386645643298e-05, 5.91596216984127e-05, 3.226384056888964e-05, 2.322847905978849e-05, 9.837268417529368e-05, 5.255943243260034e-05, 4.231484141846447e-05, 9.227364910378393e-06, 4.033075914422608e-05, 4.7847254011040904e-05, 1.4768014473631378e-05, 2.9956228042887243e-05, 3.3130783680972766e-05, 5.018430924801975e-05, 2.915811254321099e-05, 9.428256300758636e-05, 3.4723443562521104e-05]","[0.9824175824175824, 0.9956043956043955, 0.9912087912087912, 0.9956043956043955, 0.9912087912087912, 1.0, 0.9956043956043955, 0.9956043956043955, 0.9824175824175824, 0.9912087912087912, 1.0, 0.9604395604395607, 1.0, 0.9824175824175824, 0.9824175824175824, 0.9912087912087912, 0.9824175824175824, 0.9956043956043955, 0.9956043956043955, 0.9824175824175824, 0.9912087912087912, 0.9956043956043955, 0.9956043956043955, 0.9824175824175824, 0.9956043956043955, 0.9824175824175824, 0.9912087912087912, 0.9868131868131869, 0.9736263736263736, 0.9912087912087912]","[0.9340659340659341, 0.9780219780219781, 0.9560439560439562, 0.9780219780219781, 0.9560439560439562, 1.0, 0.9780219780219781, 0.9780219780219781, 0.9340659340659341, 0.9560439560439562, 1.0, 0.8681318681318682, 1.0, 0.9340659340659341, 0.9340659340659341, 0.9560439560439562, 0.9340659340659341, 0.9780219780219781, 0.9780219780219781, 0.9340659340659341, 0.9560439560439562, 0.9780219780219781, 0.9780219780219781, 0.9340659340659341, 0.9780219780219781, 0.9340659340659341, 0.9560439560439562, 0.9560439560439562, 0.9120879120879122, 0.9560439560439562]","[1.0, 1.0, 1.0, 1.0, 1.0, 1.0, 1.0, 1.0, 1.0, 1.0, 1.0, 1.0, 1.0, 1.0, 1.0, 1.0, 1.0, 1.0, 1.0, 1.0, 1.0, 1.0, 1.0, 1.0, 1.0, 1.0, 1.0, 1.0, 1.0, 1.0]","[1.0, 1.0, 1.0, 1.0, 1.0, 1.0, 1.0, 1.0, 1.0, 1.0, 1.0, 1.0, 1.0, 1.0, 1.0, 1.0, 1.0, 1.0, 1.0, 1.0, 1.0, 1.0, 1.0, 1.0, 1.0, 1.0, 1.0, 1.0, 1.0, 1.0]"
adult,ridge,5000,7,14,b2_stratified,1.6326087177350817e-05,1.589458035729302e-05,1.166149084096487e-06,1.1353271683780728e-06,1.0899929654943462e-05,2.2200745900013488e-05,1.0,0.9973626373626374,0.0031288141397894046,0.9961868131868131,0.9983882783882784,0.9868131868131869,0.015644070698946917,1.0,0.0,1.0,0.0,1.0285403902969487e-06,0.0,5000.0,0.6897644366666403,0.1280115687880665,5000.0,"[6.168325780879506e-05, 2.3362590749524928e-05, 4.3938162658869045e-05, 1.7789600355541192e-06, 2.034113994101978e-05, 3.832977212805929e-05, 3.2372964148485334e-05, 1.8455933521261136e-05, 9.488852078087368e-06, 2.9556855461687025e-06, 8.14301069953403e-06, 1.341039866678707e-05, 1.3178231553320287e-05, 3.237208057503175e-05, 2.8875103644903417e-05, 2.592507470664914e-05, 1.4680991462885698e-06, 4.020854420249241e-06, 3.2236579418916033e-06, 1.4816793044345527e-05, 1.4515802286751383e-05, 4.830394895588306e-05, 8.196156315438538e-06, 1.8100490828029641e-06, 7.1071295359050795e-06, 4.202469841410216e-06, 2.215642597293456e-06, 2.8862060687677443e-06, 1.3266961315529727e-06, 1.0778914898937015e-06]","[0.9956043956043955, 0.9912087912087912, 1.0, 0.9956043956043955, 1.0, 1.0, 0.9956043956043955, 1.0, 1.0, 0.9956043956043955, 1.0, 1.0, 1.0, 0.9956043956043955, 0.9912087912087912, 1.0, 0.9912087912087912, 0.9956043956043955, 1.0, 0.9912087912087912, 1.0, 0.9956043956043955, 1.0, 0.9956043956043955, 1.0, 1.0, 0.9956043956043955, 1.0, 1.0, 0.9956043956043955]","[0.9780219780219781, 0.9560439560439562, 1.0, 0.9780219780219781, 1.0, 1.0, 0.9780219780219781, 1.0, 1.0, 0.9780219780219781, 1.0, 1.0, 1.0, 0.9780219780219781, 0.9560439560439562, 1.0, 0.9560439560439562, 0.9780219780219781, 1.0, 0.9560439560439562, 1.0, 0.9780219780219781, 1.0, 0.9780219780219781, 1.0, 1.0, 0.9780219780219781, 1.0, 1.0, 0.9780219780219781]","[1.0, 1.0, 1.0, 1.0, 1.0, 1.0, 1.0, 1.0, 1.0, 1.0, 1.0, 1.0, 1.0, 1.0, 1.0, 1.0, 1.0, 1.0, 1.0, 1.0, 1.0, 1.0, 1.0, 1.0, 1.0, 1.0, 1.0, 1.0, 1.0, 1.0]","[1.0, 1.0, 1.0, 1.0, 1.0, 1.0, 1.0, 1.0, 1.0, 1.0, 1.0, 1.0, 1.0, 1.0, 1.0, 1.0, 1.0, 1.0, 1.0, 1.0, 1.0, 1.0, 1.0, 1.0, 1.0, 1.0, 1.0, 1.0, 1.0, 1.0]"
adult,ridge,5000,7,14,b3_is,7.939079746731357e-06,1.1077601355753435e-05,5.670771247665255e-07,7.912572396966738e-07,4.386803552245208e-06,1.2145773727031964e-05,0.4862818420904455,0.9992673992673993,0.0016381450384614197,0.9986813186813187,0.9998534798534798,0.9963369963369964,0.008190725192306894,1.0,0.0,1.0,0.0,4.051177079507703e-07,0.0,5000.0,0.8013119400008387,0.1438628017515591,5000.0,"[3.7360558035073037e-06, 7.121624395291139e-06, 1.9650129364862005e-06, 2.868711456147718e-07, 2.8179012468421514e-05, 6.419999582339928e-07, 8.288348950545752e-06, 8.246782112836474e-07, 3.6042975085657166e-06, 4.467572755139854e-06, 3.317916246868126e-06, 3.674414784256207e-06, 2.7353115137662083e-06, 7.530999014346527e-06, 1.0830730042033857e-05, 4.201984944726756e-06, 4.5020669799111753e-07, 5.0093129619600016e-05, 9.202365455096375e-07, 1.2302366762322666e-05, 8.561826938430631e-07, 2.1857171968495527e-06, 3.821692023476897e-06, 2.379861577090787e-05, 4.598425733032083e-07, 2.89456423351783e-06, 5.812349203933458e-06, 1.1559072582717383e-05, 6.508933110304706e-07, 3.096069250784993e-05]","[1.0, 1.0, 0.9956043956043955, 1.0, 1.0, 1.0, 1.0, 1.0, 0.9956043956043955, 1.0, 1.0, 1.0, 1.0, 1.0, 1.0, 1.0, 1.0, 1.0, 0.9956043956043955, 1.0, 1.0, 1.0, 1.0, 1.0, 0.9956043956043955, 1.0, 1.0, 1.0, 1.0, 0.9956043956043955]","[1.0, 1.0, 0.9780219780219781, 1.0, 1.0, 1.0, 1.0, 1.0, 0.9780219780219781, 1.0, 1.0, 1.0, 1.0, 1.0, 1.0, 1.0, 1.0, 1.0, 0.9780219780219781, 1.0, 1.0, 1.0, 1.0, 1.0, 0.9780219780219781, 1.0, 1.0, 1.0, 1.0, 0.9780219780219781]","[1.0, 1.0, 1.0, 1.0, 1.0, 1.0, 1.0, 1.0, 1.0, 1.0, 1.0, 1.0, 1.0, 1.0, 1.0, 1.0, 1.0, 1.0, 1.0, 1.0, 1.0, 1.0, 1.0, 1.0, 1.0, 1.0, 1.0, 1.0, 1.0, 1.0]","[1.0, 1.0, 1.0, 1.0, 1.0, 1.0, 1.0, 1.0, 1.0, 1.0, 1.0, 1.0, 1.0, 1.0, 1.0, 1.0, 1.0, 1.0, 1.0, 1.0, 1.0, 1.0, 1.0, 1.0, 1.0, 1.0, 1.0, 1.0, 1.0, 1.0]"
adult,ridge,5000,7,14,b4_antithetic,2.163537213754719e-05,3.7062270149006465e-06,1.5453837241105135e-06,2.6473050106433187e-07,2.0378862521168617e-05,2.2977845835716687e-05,1.3252025364388562,0.9985347985347985,0.002072107783696888,0.9978021978021978,0.9992673992673993,0.9926739926739927,0.010360538918484173,1.0,0.0,1.0,0.0,5.968400956853868e-08,0.0,5000.0,0.6617823666650414,0.14353430634914208,5000.0,"[2.657350664080724e-05, 2.9587105386960463e-05, 2.9570585553595598e-05, 2.0374916579671606e-05, 1.8228684573902417e-05, 1.8874125428716437e-05, 2.4983757852214094e-05, 1.8438823240559356e-05, 1.741029860161981e-05, 1.9005526483019485e-05, 2.1697806006513884e-05, 2.0419131509416833e-05, 1.5622570881973568e-05, 2.370478460465485e-05, 2.0011586384132503e-05, 2.069241773775778e-05, 2.5055260062525795e-05, 1.8898659115973536e-05, 1.7955231253818165e-05, 2.583739420964076e-05, 2.4437913699639295e-05, 2.161253543520218e-05, 2.23644228700136e-05, 2.353168809073738e-05, 1.7983884250508712e-05, 2.4822249922124e-05, 2.139971254063478e-05, 2.5839771749505465e-05, 1.8413228681259924e-05, 1.5713584779316242e-05]","[1.0, 1.0, 0.9956043956043955, 1.0, 1.0, 1.0, 1.0, 1.0, 1.0, 0.9956043956043955, 1.0, 0.9956043956043955, 0.9956043956043955, 0.9956043956043955, 1.0, 0.9956043956043955, 1.0, 1.0, 1.0, 1.0, 1.0, 0.9956043956043955, 0.9956043956043955, 0.9956043956043955, 0.9956043956043955, 1.0, 1.0, 1.0, 1.0, 1.0]","[1.0, 1.0, 0.9780219780219781, 1.0, 1.0, 1.0, 1.0, 1.0, 1.0, 0.9780219780219781, 1.0, 0.9780219780219781, 0.9780219780219781, 0.9780219780219781, 1.0, 0.9780219780219781, 1.0, 1.0, 1.0, 1.0, 1.0, 0.9780219780219781, 0.9780219780219781, 0.9780219780219781, 0.9780219780219781, 1.0, 1.0, 1.0, 1.0, 1.0]","[1.0, 1.0, 1.0, 1.0, 1.0, 1.0, 1.0, 1.0, 1.0, 1.0, 1.0, 1.0, 1.0, 1.0, 1.0, 1.0, 1.0, 1.0, 1.0, 1.0, 1.0, 1.0, 1.0, 1.0, 1.0, 1.0, 1.0, 1.0, 1.0, 1.0]","[1.0, 1.0, 1.0, 1.0, 1.0, 1.0, 1.0, 1.0, 1.0, 1.0, 1.0, 1.0, 1.0, 1.0, 1.0, 1.0, 1.0, 1.0, 1.0, 1.0, 1.0, 1.0, 1.0, 1.0, 1.0, 1.0, 1.0, 1.0, 1.0, 1.0]"
adult,ridge,5000,8,14,abc_shap,0.0008506537893826137,0.0009104339238657494,6.076098495590098e-05,6.503099456183925e-05,0.0005594216877600071,0.0012151555573805461,12.776595893712432,0.9702564102564104,0.02511485244180014,0.9607326007326008,0.9787582417582418,0.9142857142857144,0.05423719859012338,1.0,0.0,0.9933333333333334,0.03590109871423002,5.906421246877657e-05,2352.0,2648.0,0.8188730633317998,0.04053656138090774,2352.0,"[0.00020992703180253147, 0.001862452939178535, 0.0028635840800235687, 4.3607445709437664e-05, 0.0019764275834361815, 0.0007811760867662776, 0.0005119252160917567, 0.0006337028452783266, 0.0005820315806667972, 0.0002288854331086987, 0.00014835596218688613, 0.0001943619324465582, 0.0027728720328631423, 0.0009518968875396205, 0.0001443935192734839, 0.0005428609781046151, 0.002032794476394766, 0.00022458325257264128, 0.002591786837096879, 0.00011095571978906191, 0.00010050408281889017, 0.00047166447190589674, 0.0006788604345128789, 0.002745710113589439, 0.0005681584414830665, 0.0007051754929593699, 0.0005673879330558373, 0.00013483024411272361, 0.0001150058346967448, 2.3734792013798848e-05]","[0.9956043956043955, 0.9472527472527472, 0.9120879120879121, 0.9956043956043955, 0.9648351648351648, 0.9780219780219781, 0.9824175824175824, 0.9824175824175824, 0.9692307692307693, 0.9868131868131869, 0.9604395604395607, 0.9736263736263736, 0.9120879120879121, 0.9692307692307693, 0.9956043956043955, 0.9868131868131869, 0.9208791208791209, 1.0, 0.9648351648351648, 0.9868131868131869, 0.9956043956043955, 0.9692307692307693, 0.9692307692307693, 0.9164835164835166, 0.9516483516483516, 0.9824175824175824, 0.9780219780219781, 0.9824175824175824, 0.9824175824175824, 0.9956043956043955]","[0.9780219780219781, 0.8241758241758242, 0.8021978021978022, 0.9780219780219781, 0.8901098901098902, 0.9120879120879122, 0.9340659340659341, 0.9340659340659341, 0.8901098901098902, 0.9560439560439562, 0.8901098901098902, 0.9340659340659341, 0.8021978021978022, 0.9120879120879122, 0.9780219780219781, 0.9560439560439562, 0.8461538461538461, 1.0, 0.8901098901098902, 0.9560439560439562, 0.9780219780219781, 0.9120879120879122, 0.9120879120879122, 0.8241758241758242, 0.8461538461538461, 0.9340659340659341, 0.9120879120879122, 0.9340659340659341, 0.9340659340659341, 0.9780219780219781]","[1.0, 1.0, 1.0, 1.0, 1.0, 1.0, 1.0, 1.0, 1.0, 1.0, 1.0, 1.0, 1.0, 1.0, 1.0, 1.0, 1.0, 1.0, 1.0, 1.0, 1.0, 1.0, 1.0, 1.0, 1.0, 1.0, 1.0, 1.0, 1.0, 1.0]","[1.0, 0.8, 1.0, 1.0, 1.0, 1.0, 1.0, 1.0, 1.0, 1.0, 1.0, 1.0, 1.0, 1.0, 1.0, 1.0, 1.0, 1.0, 1.0, 1.0, 1.0, 1.0, 1.0, 1.0, 1.0, 1.0, 1.0, 1.0, 1.0, 1.0]"
adult,ridge,5000,8,14,b1_uniform,0.0002756541980398177,9.80976330365884e-05,1.9689585574272693e-05,7.0069737883277435e-06,0.00024275313839652453,0.00031227648923888216,4.140253460007818,0.9831501831501832,0.00786991882900849,0.9802197802197803,0.985934065934066,0.9355311355311358,0.025335701781378176,1.0,0.0,1.0,0.0,1.2499500005882803e-05,0.0,5000.0,0.666979683333678,0.03581605017660575,5000.0,"[0.00032633201013788904, 0.00021763279313261258, 0.00033545587004952897, 0.0002834685504666124, 0.00041937078386813746, 0.000378044648316996, 0.0002058068274873388, 0.00025192577023404013, 0.00012010386459269407, 0.0002387610392608553, 0.00019896069410499766, 0.00048588225921510764, 0.00014167987604926188, 0.00023818837642478245, 0.0004496962262061376, 0.00014592663602883095, 0.00028221395984365493, 0.00025268962629644266, 0.00027048755612570574, 0.00040892765723057146, 0.00025982635497039076, 0.00022897704778691665, 0.00020488406840463806, 0.00021628705129639949, 0.00026466308583739524, 0.0002889928514153979, 0.0002644572027434776, 0.0004840966537418926, 0.0002942335152666855, 0.00011165308465914108]","[0.9736263736263736, 0.9868131868131869, 0.9824175824175824, 0.9912087912087912, 0.9824175824175824, 0.9868131868131869, 0.9868131868131869, 0.9780219780219781, 0.9868131868131869, 0.9912087912087912, 0.9912087912087912, 0.9604395604395607, 0.9824175824175824, 0.9912087912087912, 0.9868131868131869, 0.9912087912087912, 0.9868131868131869, 0.9736263736263736, 0.9912087912087912, 0.9868131868131869, 0.9736263736263736, 0.9868131868131869, 0.9692307692307693, 0.9824175824175824, 0.9824175824175824, 0.9956043956043955, 0.9692307692307693, 0.9824175824175824, 0.9824175824175824, 0.9824175824175824]","[0.8901098901098902, 0.9560439560439562, 0.9340659340659341, 0.9560439560439562, 0.9340659340659341, 0.9560439560439562, 0.9560439560439562, 0.9120879120879122, 0.9560439560439562, 0.9560439560439562, 0.9560439560439562, 0.8681318681318682, 0.9340659340659341, 0.9560439560439562, 0.9560439560439562, 0.9560439560439562, 0.9340659340659341, 0.8901098901098902, 0.9560439560439562, 0.9560439560439562, 0.8901098901098902, 0.9340659340659341, 0.9120879120879122, 0.9340659340659341, 0.9340659340659341, 0.9780219780219781, 0.9120879120879122, 0.9340659340659341, 0.9340659340659341, 0.9340659340659341]","[1.0, 1.0, 1.0, 1.0, 1.0, 1.0, 1.0, 1.0, 1.0, 1.0, 1.0, 1.0, 1.0, 1.0, 1.0, 1.0, 1.0, 1.0, 1.0, 1.0, 1.0, 1.0, 1.0, 1.0, 1.0, 1.0, 1.0, 1.0, 1.0, 1.0]","[1.0, 1.0, 1.0, 1.0, 1.0, 1.0, 1.0, 1.0, 1.0, 1.0, 1.0, 1.0, 1.0, 1.0, 1.0, 1.0, 1.0, 1.0, 1.0, 1.0, 1.0, 1.0, 1.0, 1.0, 1.0, 1.0, 1.0, 1.0, 1.0, 1.0]"
adult,ridge,5000,8,14,b2_stratified,6.65790635047974e-05,5.6214573792871304e-05,4.755647393199814e-06,4.015326699490807e-06,4.826612794469968e-05,8.689666897075363e-05,1.0,0.9967765567765567,0.003196692194765054,0.9956043956043956,0.9978021978021978,0.9846153846153847,0.01407280052183039,1.0,0.0,1.0,0.0,4.599285392599494e-06,0.0,5000.0,0.6811943466644153,0.0505263729037187,5000.0,"[1.8554259594659322e-05, 4.2455467272388764e-05, 2.981080964300664e-05, 9.434226706630142e-05, 8.032772361850594e-05, 5.533563111724944e-05, 4.670238075923373e-05, 4.526071638465876e-05, 3.412970044000676e-05, 1.887196381838311e-05, 0.0001875513174929852, 0.00020763613195680833, 3.5284039886781794e-05, 0.000134899742516685, 4.8867979987811906e-05, 8.573152295403455e-05, 0.00018674004059737414, 5.5045188166633275e-05, 2.5607380939708675e-05, 3.0607757784407835e-05, 5.846507060040468e-05, 5.115753860751714e-05, 2.5671791779820303e-05, 3.8710714183059826e-05, 2.5706623229706833e-05, 4.109437802225298e-05, 2.8866533265248417e-05, 4.056744553039937e-05, 0.0002001509028386126, 2.3218885089274963e-05]","[1.0, 0.9912087912087912, 0.9956043956043955, 0.9956043956043955, 0.9956043956043955, 0.9956043956043955, 1.0, 1.0, 0.9956043956043955, 1.0, 1.0, 0.9868131868131869, 1.0, 1.0, 0.9956043956043955, 0.9956043956043955, 0.9956043956043955, 0.9956043956043955, 0.9956043956043955, 1.0, 0.9956043956043955, 1.0, 1.0, 0.9956043956043955, 0.9956043956043955, 0.9956043956043955, 0.9956043956043955, 1.0, 0.9912087912087912, 1.0]","[1.0, 0.9560439560439562, 0.9780219780219781, 0.9780219780219781, 0.9780219780219781, 0.9780219780219781, 1.0, 1.0, 0.9780219780219781, 1.0, 1.0, 0.9560439560439562, 1.0, 1.0, 0.9780219780219781, 0.9780219780219781, 0.9780219780219781, 0.9780219780219781, 0.9780219780219781, 1.0, 0.9780219780219781, 1.0, 1.0, 0.9780219780219781, 0.9780219780219781, 0.9780219780219781, 0.9780219780219781, 1.0, 0.9560439560439562, 1.0]","[1.0, 1.0, 1.0, 1.0, 1.0, 1.0, 1.0, 1.0, 1.0, 1.0, 1.0, 1.0, 1.0, 1.0, 1.0, 1.0, 1.0, 1.0, 1.0, 1.0, 1.0, 1.0, 1.0, 1.0, 1.0, 1.0, 1.0, 1.0, 1.0, 1.0]","[1.0, 1.0, 1.0, 1.0, 1.0, 1.0, 1.0, 1.0, 1.0, 1.0, 1.0, 1.0, 1.0, 1.0, 1.0, 1.0, 1.0, 1.0, 1.0, 1.0, 1.0, 1.0, 1.0, 1.0, 1.0, 1.0, 1.0, 1.0, 1.0, 1.0]"
adult,ridge,5000,8,14,b3_is,3.408867343062692e-05,1.9802921913852114e-05,2.43490524504478e-06,1.414494422418008e-06,2.693394918546822e-05,4.0827609031705487e-05,0.512002897550078,0.9985347985347985,0.0028562034710063063,0.9973626373626374,0.9994139194139194,0.9934065934065934,0.01156024457000692,1.0,0.0,1.0,0.0,2.204766776061317e-06,0.0,5000.0,0.8052423933341439,0.057381129862223025,5000.0,"[3.704282705264867e-05, 6.63929561461791e-05, 3.190584049608178e-05, 1.5548302975284195e-05, 3.2901496391218964e-05, 4.2506399027975697e-05, 5.013275249106941e-05, 6.003125902322382e-05, 3.99137028708583e-05, 1.699965328033548e-05, 5.006150949876434e-05, 4.846620127368599e-05, 1.4136462598948895e-05, 1.4165847312239446e-05, 2.6983459569704804e-05, 2.3047119472831298e-05, 4.970843778029268e-05, 5.066800555648051e-05, 1.1633836078565061e-05, 1.8843465017106573e-05, 9.568769468992305e-06, 2.1790694291641933e-05, 1.0713063113019235e-05, 9.180749204947947e-05, 1.902703799206835e-05, 1.844753879887715e-05, 4.215539822936905e-05, 8.397670463367877e-06, 5.356274806549193e-05, 4.610025653300529e-05]","[1.0, 1.0, 1.0, 1.0, 1.0, 0.9956043956043955, 1.0, 0.9956043956043955, 1.0, 1.0, 1.0, 0.9956043956043955, 1.0, 1.0, 0.9956043956043955, 1.0, 1.0, 1.0, 0.9956043956043955, 1.0, 1.0, 1.0, 1.0, 1.0, 1.0, 1.0, 0.9956043956043955, 1.0, 0.9956043956043955, 0.9868131868131869]","[1.0, 1.0, 1.0, 1.0, 1.0, 0.9780219780219781, 1.0, 0.9780219780219781, 1.0, 1.0, 1.0, 0.9780219780219781, 1.0, 1.0, 0.9780219780219781, 1.0, 1.0, 1.0, 0.9780219780219781, 1.0, 1.0, 1.0, 1.0, 1.0, 1.0, 1.0, 0.9780219780219781, 1.0, 0.9780219780219781, 0.9560439560439562]","[1.0, 1.0, 1.0, 1.0, 1.0, 1.0, 1.0, 1.0, 1.0, 1.0, 1.0, 1.0, 1.0, 1.0, 1.0, 1.0, 1.0, 1.0, 1.0, 1.0, 1.0, 1.0, 1.0, 1.0, 1.0, 1.0, 1.0, 1.0, 1.0, 1.0]","[1.0, 1.0, 1.0, 1.0, 1.0, 1.0, 1.0, 1.0, 1.0, 1.0, 1.0, 1.0, 1.0, 1.0, 1.0, 1.0, 1.0, 1.0, 1.0, 1.0, 1.0, 1.0, 1.0, 1.0, 1.0, 1.0, 1.0, 1.0, 1.0, 1.0]"
adult,ridge,5000,8,14,b4_antithetic,0.00010096720346280713,2.717801284619111e-05,7.211943104486224e-06,1.9412866318707938e-06,9.012202381098074e-05,0.00011014187104962575,1.516500805925753,0.9825641025641026,0.0038459794134524847,0.9812454212454214,0.9840293040293041,0.9340659340659341,0.01702410262069196,1.0,0.0,1.0,0.0,6.338998180366653e-07,0.0,5000.0,0.6540865066645589,0.04365758979435988,5000.0,"[5.568949822551859e-05, 8.604506458968817e-05, 0.00012902601185830434, 6.773001769122466e-05, 7.767429369313298e-05, 0.00012580752349531106, 6.150131899954986e-05, 0.00011625308145464952, 5.390148143399101e-05, 9.817967641125147e-05, 0.00012382126600742283, 0.000133866271572447, 0.00011238508237400858, 0.00012377506730740408, 0.00012720886577110457, 0.00012347961289699852, 0.0001209193483711544, 0.00010731710353939765, 0.00011338646125684008, 8.90590176424431e-05, 8.584892053262195e-05, 0.00010590637326961935, 0.00011271027498903509, 0.00010528753051624806, 0.00013328235849603578, 7.163479848502609e-05, 6.245664554630792e-05, 0.000135905789590864, 4.527399656534704e-05, 0.00012368335130126656]","[0.9824175824175824, 0.9824175824175824, 0.9824175824175824, 0.9824175824175824, 0.9868131868131869, 0.9780219780219781, 0.9824175824175824, 0.9824175824175824, 0.9824175824175824, 0.9868131868131869, 0.9824175824175824, 0.9780219780219781, 0.9780219780219781, 0.9780219780219781, 0.9824175824175824, 0.9868131868131869, 0.9868131868131869, 0.9824175824175824, 0.9956043956043955, 0.9824175824175824, 0.9868131868131869, 0.9780219780219781, 0.9824175824175824, 0.9824175824175824, 0.9780219780219781, 0.9824175824175824, 0.9824175824175824, 0.9780219780219781, 0.9868131868131869, 0.9780219780219781]","[0.9340659340659341, 0.9340659340659341, 0.9340659340659341, 0.9340659340659341, 0.9560439560439562, 0.9120879120879122, 0.9340659340659341, 0.9340659340659341, 0.9340659340659341, 0.9560439560439562, 0.9340659340659341, 0.9120879120879122, 0.9120879120879122, 0.9120879120879122, 0.9340659340659341, 0.9560439560439562, 0.9560439560439562, 0.9340659340659341, 0.9780219780219781, 0.9340659340659341, 0.9560439560439562, 0.9120879120879122, 0.9340659340659341, 0.9340659340659341, 0.9120879120879122, 0.9340659340659341, 0.9340659340659341, 0.9120879120879122, 0.9560439560439562, 0.9120879120879122]","[1.0, 1.0, 1.0, 1.0, 1.0, 1.0, 1.0, 1.0, 1.0, 1.0, 1.0, 1.0, 1.0, 1.0, 1.0, 1.0, 1.0, 1.0, 1.0, 1.0, 1.0, 1.0, 1.0, 1.0, 1.0, 1.0, 1.0, 1.0, 1.0, 1.0]","[1.0, 1.0, 1.0, 1.0, 1.0, 1.0, 1.0, 1.0, 1.0, 1.0, 1.0, 1.0, 1.0, 1.0, 1.0, 1.0, 1.0, 1.0, 1.0, 1.0, 1.0, 1.0, 1.0, 1.0, 1.0, 1.0, 1.0, 1.0, 1.0, 1.0]"
adult,ridge,5000,9,14,abc_shap,0.002691321687656523,0.002575419972589021,0.00019223726340403735,0.00018395856947064435,0.0018122416739432357,0.0036022926207463107,19.589214121831265,0.9621978021978023,0.02788351916862188,0.9523772893772894,0.9717216117216119,0.8945054945054947,0.056291202087321766,1.0,0.0,0.9333333333333333,0.09428090415820631,0.0001856030974529722,2352.0,2648.0,0.8257474766656135,0.10129435742038755,2352.0,"[0.002409431670720697, 0.0005680036210800896, 0.0005162772455122531, 0.003081990731620349, 0.00011853323235454718, 0.0025654874943068433, 0.0003787621317557379, 0.0009860284489115845, 0.003186034144057322, 0.0023517074906914287, 0.006409952773163325, 0.002355850858534994, 0.005861011929753183, 0.00030163762263669453, 0.007830282998571256, 0.0019237288583084217, 0.0007831664143479371, 0.002921292045714985, 0.0006598833525913167, 0.0009031029683808526, 0.0023521012737931068, 0.006185960126535549, 0.006404835969027878, 0.007908546291214853, 0.0023559969186075403, 0.0001604419010288878, 0.008191781100032894, 0.00024514827907160284, 0.0005784646385421568, 0.00024420809882741033]","[0.9516483516483516, 0.9868131868131869, 0.9956043956043955, 0.9428571428571428, 1.0, 0.9252747252747253, 0.9472527472527472, 0.9648351648351648, 0.9340659340659341, 0.9956043956043955, 0.9604395604395607, 0.9868131868131869, 0.9208791208791209, 0.9956043956043955, 0.9164835164835166, 0.9956043956043955, 0.9780219780219781, 0.9736263736263736, 0.9428571428571428, 0.9956043956043955, 0.9736263736263736, 0.9472527472527472, 0.9604395604395607, 0.9472527472527472, 0.9208791208791209, 0.9780219780219781, 0.9032967032967033, 0.9912087912087912, 0.9472527472527472, 0.9868131868131869]","[0.8461538461538461, 0.9340659340659341, 0.9780219780219781, 0.8681318681318682, 1.0, 0.8461538461538461, 0.8681318681318682, 0.8901098901098902, 0.8461538461538461, 0.9780219780219781, 0.8681318681318682, 0.9340659340659341, 0.8461538461538461, 0.9780219780219781, 0.8241758241758242, 0.9780219780219781, 0.9120879120879122, 0.8901098901098902, 0.8461538461538461, 0.9780219780219781, 0.8901098901098902, 0.8461538461538461, 0.8681318681318682, 0.8461538461538461, 0.8241758241758242, 0.9120879120879122, 0.8021978021978022, 0.9560439560439562, 0.8461538461538461, 0.9340659340659341]","[1.0, 1.0, 1.0, 1.0, 1.0, 1.0, 1.0, 1.0, 1.0, 1.0, 1.0, 1.0, 1.0, 1.0, 1.0, 1.0, 1.0, 1.0, 1.0, 1.0, 1.0, 1.0, 1.0, 1.0, 1.0, 1.0, 1.0, 1.0, 1.0, 1.0]","[1.0, 0.8, 1.0, 0.8, 1.0, 0.8, 1.0, 0.8, 1.0, 1.0, 1.0, 1.0, 0.8, 1.0, 0.8, 1.0, 0.8, 1.0, 0.8, 1.0, 1.0, 1.0, 1.0, 1.0, 0.8, 1.0, 0.8, 1.0, 1.0, 1.0]"
adult,ridge,5000,9,14,b1_uniform,0.0013984865954583057,0.0006031252562618416,9.989189967559327e-05,4.3080375447274406e-05,0.0012109110383201735,0.0016371395299648493,10.17910771892827,0.8624175824175826,0.06206109829764207,0.8396959706959708,0.8830769230769231,0.7443223443223446,0.08502272597465123,1.0,0.0,1.0,0.0,2.9354175460584007e-05,0.0,5000.0,0.6770949233323336,0.10049664702270618,5000.0,"[0.001018396534476533, 0.00169849746179361, 0.0014979574291482407, 0.00199720389112366, 0.0008758591478888883, 0.0008887422031732975, 0.0010333206967534367, 0.0009101714495951358, 0.0013136884944975659, 0.0012383667474027713, 0.0009155711921820189, 0.0019779913656836575, 0.0015789469291769703, 0.0008130365948238779, 0.00175850655728491, 0.0017550770773109114, 0.00041480059900369745, 0.0011995938450742962, 0.0016079064496787529, 0.0015900150336770843, 0.002505491449673245, 0.001405655328797182, 0.0010906339415146856, 0.0011554614206333246, 0.0015381907124000958, 0.0007580368550294716, 0.0008599001149197173, 0.0008206972206955442, 0.002462840644798935, 0.003274040475537646]","[0.9164835164835166, 0.9208791208791209, 0.8285714285714285, 0.8021978021978022, 0.9648351648351648, 0.9208791208791209, 0.8461538461538461, 0.8373626373626375, 0.832967032967033, 0.8505494505494505, 0.8681318681318682, 0.7758241758241758, 0.8549450549450549, 0.956043956043956, 0.9032967032967033, 0.7802197802197802, 0.9384615384615385, 0.8285714285714285, 0.8549450549450549, 0.8109890109890111, 0.8417582417582418, 0.8505494505494505, 0.9516483516483516, 0.8285714285714285, 0.8285714285714285, 0.8945054945054945, 0.9472527472527472, 0.9428571428571428, 0.7142857142857143, 0.7802197802197802]","[0.8241758241758242, 0.8241758241758242, 0.6923076923076924, 0.6703296703296704, 0.8901098901098902, 0.8241758241758242, 0.7582417582417583, 0.6923076923076924, 0.7142857142857144, 0.7362637362637363, 0.7362637362637363, 0.6263736263736264, 0.7142857142857144, 0.8681318681318682, 0.8021978021978022, 0.6483516483516484, 0.8681318681318682, 0.6923076923076924, 0.7142857142857144, 0.6263736263736264, 0.6923076923076924, 0.7362637362637363, 0.8681318681318682, 0.6923076923076924, 0.7142857142857144, 0.7802197802197802, 0.8681318681318682, 0.8461538461538461, 0.5824175824175825, 0.6263736263736264]","[1.0, 1.0, 1.0, 1.0, 1.0, 1.0, 1.0, 1.0, 1.0, 1.0, 1.0, 1.0, 1.0, 1.0, 1.0, 1.0, 1.0, 1.0, 1.0, 1.0, 1.0, 1.0, 1.0, 1.0, 1.0, 1.0, 1.0, 1.0, 1.0, 1.0]","[1.0, 1.0, 1.0, 1.0, 1.0, 1.0, 1.0, 1.0, 1.0, 1.0, 1.0, 1.0, 1.0, 1.0, 1.0, 1.0, 1.0, 1.0, 1.0, 1.0, 1.0, 1.0, 1.0, 1.0, 1.0, 1.0, 1.0, 1.0, 1.0, 1.0]"
adult,ridge,5000,9,14,b2_stratified,0.00013738793557099212,0.00011017290451240489,9.81342396935658e-06,7.869493179457492e-06,0.0001011905514888754,0.0001805865070075005,1.0,0.9913553113553114,0.009595671402217084,0.9876886446886447,0.9945824175824175,0.9663003663003664,0.031966921947650426,1.0,0.0,0.98,0.05999999999999998,9.69165227714372e-06,0.0,5000.0,0.688191059998159,0.0835172589611386,5000.0,"[2.024508386750222e-05, 0.0001344721354144234, 6.23532260255947e-05, 0.00020460420731928863, 0.0002641059118787972, 0.00022729483291381556, 4.455491897540601e-05, 0.00010035247262535643, 3.613657496446435e-05, 3.750368532480098e-05, 2.6592976913020743e-05, 0.00017605452193051493, 9.180434397258218e-06, 3.548116862152429e-05, 0.0001788430409323214, 9.675312191852532e-05, 0.00019981135373174603, 0.0003538887719353899, 6.246094008182552e-05, 0.000478899517237982, 8.970204780710058e-05, 0.00018404985289963656, 0.0001223077488343049, 0.0001618667534633831, 2.161698882395461e-05, 0.00020807965796174223, 8.95333875899926e-05, 0.0003164028218557816, 3.321875146182259e-05, 0.00014527115942248735]","[1.0, 0.9956043956043955, 0.9956043956043955, 1.0, 0.9912087912087912, 1.0, 0.9956043956043955, 0.9912087912087912, 1.0, 0.9868131868131869, 0.9868131868131869, 0.9956043956043955, 0.9956043956043955, 1.0, 0.9824175824175824, 0.9956043956043955, 0.9648351648351648, 0.9780219780219781, 0.9956043956043955, 0.9868131868131869, 0.9956043956043955, 0.9780219780219781, 0.9824175824175824, 0.9956043956043955, 1.0, 0.9648351648351648, 1.0, 0.9912087912087912, 1.0, 0.9956043956043955]","[1.0, 0.9780219780219781, 0.9780219780219781, 1.0, 0.9560439560439562, 1.0, 0.9780219780219781, 0.9560439560439562, 1.0, 0.9560439560439562, 0.9560439560439562, 0.9780219780219781, 0.9780219780219781, 1.0, 0.9340659340659341, 0.9780219780219781, 0.8901098901098902, 0.9120879120879122, 0.9780219780219781, 0.9560439560439562, 0.9780219780219781, 0.9120879120879122, 0.9340659340659341, 0.9780219780219781, 1.0, 0.8901098901098902, 1.0, 0.9560439560439562, 1.0, 0.9780219780219781]","[1.0, 1.0, 1.0, 1.0, 1.0, 1.0, 1.0, 1.0, 1.0, 1.0, 1.0, 1.0, 1.0, 1.0, 1.0, 1.0, 1.0, 1.0, 1.0, 1.0, 1.0, 1.0, 1.0, 1.0, 1.0, 1.0, 1.0, 1.0, 1.0, 1.0]","[1.0, 1.0, 1.0, 1.0, 1.0, 1.0, 1.0, 0.8, 1.0, 1.0, 1.0, 0.8, 1.0, 1.0, 1.0, 1.0, 1.0, 1.0, 1.0, 1.0, 1.0, 0.8, 1.0, 1.0, 1.0, 1.0, 1.0, 1.0, 1.0, 1.0]"
adult,ridge,5000,9,14,b3_is,8.933496939612497e-05,8.27467335214927e-05,6.3810692425803554e-06,5.910480965820907e-06,6.234644019385802e-05,0.00011914802473042621,0.6502388220977608,0.9916483516483516,0.009244712998884873,0.9881282051282051,0.9948717948717949,0.9655677655677657,0.03389812542493558,1.0,0.0,0.9666666666666667,0.07453559924999298,5.714960208440511e-06,0.0,5000.0,0.810578370000682,0.07276914701053613,5000.0,"[2.6983814945239467e-05, 7.371336650413542e-05, 0.00024399260747318472, 2.6481808318483466e-05, 0.00036847289383504787, 3.372020858509042e-05, 3.3873410363093576e-05, 4.1263286512410305e-06, 0.0002223367132442762, 0.00012916590961402748, 0.00018540759683057155, 0.00012364330762636397, 2.7071107147182266e-05, 0.00018349731983364234, 5.438211114642841e-05, 6.51668370744744e-05, 4.3185965732475645e-05, 4.60339032814079e-05, 1.4602112930529604e-05, 1.6642808543610165e-05, 0.00013876678952761624, 0.00011676043606950383, 0.00013348942120409402, 7.327532696562931e-05, 6.436284787735407e-05, 0.00012183716595435446, 3.080635743057253e-05, 4.26910470955014e-05, 1.3826364369321912e-05, 2.173319370929583e-05]","[0.9956043956043955, 0.9780219780219781, 0.9824175824175824, 1.0, 0.9912087912087912, 0.9912087912087912, 1.0, 0.9956043956043955, 0.9648351648351648, 0.9956043956043955, 0.9824175824175824, 0.9780219780219781, 0.9956043956043955, 0.9780219780219781, 1.0, 1.0, 0.9868131868131869, 1.0, 0.9956043956043955, 1.0, 0.9780219780219781, 0.9956043956043955, 0.9912087912087912, 0.9824175824175824, 1.0, 1.0, 0.9956043956043955, 1.0, 0.9956043956043955, 1.0]","[0.9780219780219781, 0.9120879120879122, 0.9340659340659341, 1.0, 0.9560439560439562, 0.9560439560439562, 1.0, 0.9780219780219781, 0.8901098901098902, 0.9780219780219781, 0.9340659340659341, 0.9120879120879122, 0.9780219780219781, 0.9120879120879122, 1.0, 1.0, 0.9340659340659341, 1.0, 0.9780219780219781, 1.0, 0.9120879120879122, 0.9780219780219781, 0.9560439560439562, 0.9340659340659341, 1.0, 1.0, 0.9780219780219781, 1.0, 0.9780219780219781, 1.0]","[1.0, 1.0, 1.0, 1.0, 1.0, 1.0, 1.0, 1.0, 1.0, 1.0, 1.0, 1.0, 1.0, 1.0, 1.0, 1.0, 1.0, 1.0, 1.0, 1.0, 1.0, 1.0, 1.0, 1.0, 1.0, 1.0, 1.0, 1.0, 1.0, 1.0]","[1.0, 1.0, 1.0, 1.0, 1.0, 1.0, 1.0, 1.0, 0.8, 1.0, 1.0, 0.8, 0.8, 1.0, 1.0, 1.0, 0.8, 1.0, 1.0, 1.0, 0.8, 1.0, 1.0, 1.0, 1.0, 1.0, 1.0, 1.0, 1.0, 1.0]"
adult,ridge,5000,9,14,b4_antithetic,0.0009735362966407142,0.00024608132172809874,6.953830690290815e-05,1.757723726629277e-05,0.0008846468788767448,0.0010618236392374624,7.086039196925419,0.8782417582417583,0.034762348642549436,0.8659340659340661,0.8904065934065934,0.7523809523809526,0.04393161714451265,1.0,0.0,1.0,0.0,7.101036086834368e-06,0.0,5000.0,0.6487552733354581,0.06811856255271935,5000.0,"[0.001076586834551362, 0.0006013116492445435, 0.0011243346337615153, 0.001211657536354585, 0.0007717566426556342, 0.0012612128047876903, 0.0009234973292738917, 0.0012968523046415637, 0.0013306916925953625, 0.0006221196000253664, 0.0007163970338898719, 0.000718812036008095, 0.000721588615170649, 0.0009375195292454914, 0.0012766440449348431, 0.0011808975504160703, 0.0007652161040150833, 0.0009292051265236472, 0.0013596605051759603, 0.0006363173879735293, 0.001263838363023966, 0.0006835382225862171, 0.001039975545316213, 0.0011335187457216698, 0.00110436516640794, 0.0007584186704284659, 0.0009332825873412294, 0.0006606218471855453, 0.0012860423953461382, 0.0008802083946192848]","[0.8857142857142857, 0.9208791208791209, 0.8769230769230769, 0.8681318681318682, 0.9032967032967033, 0.8549450549450549, 0.8593406593406594, 0.8593406593406594, 0.8637362637362638, 0.9296703296703297, 0.9032967032967033, 0.9208791208791209, 0.8593406593406594, 0.9340659340659341, 0.832967032967033, 0.8989010989010989, 0.9164835164835166, 0.8857142857142857, 0.8153846153846154, 0.9120879120879121, 0.832967032967033, 0.8285714285714285, 0.8285714285714285, 0.8769230769230769, 0.8549450549450549, 0.9120879120879121, 0.8637362637362638, 0.9340659340659341, 0.8285714285714285, 0.8857142857142857]","[0.7582417582417583, 0.8021978021978022, 0.7582417582417583, 0.7582417582417583, 0.7582417582417583, 0.7142857142857144, 0.7362637362637363, 0.7362637362637363, 0.7362637362637363, 0.8241758241758242, 0.7582417582417583, 0.8241758241758242, 0.7362637362637363, 0.8241758241758242, 0.7142857142857144, 0.7362637362637363, 0.8021978021978022, 0.7582417582417583, 0.6703296703296704, 0.7802197802197802, 0.7142857142857144, 0.6923076923076924, 0.6923076923076924, 0.7362637362637363, 0.7142857142857144, 0.8021978021978022, 0.7362637362637363, 0.8461538461538461, 0.6923076923076924, 0.7582417582417583]","[1.0, 1.0, 1.0, 1.0, 1.0, 1.0, 1.0, 1.0, 1.0, 1.0, 1.0, 1.0, 1.0, 1.0, 1.0, 1.0, 1.0, 1.0, 1.0, 1.0, 1.0, 1.0, 1.0, 1.0, 1.0, 1.0, 1.0, 1.0, 1.0, 1.0]","[1.0, 1.0, 1.0, 1.0, 1.0, 1.0, 1.0, 1.0, 1.0, 1.0, 1.0, 1.0, 1.0, 1.0, 1.0, 1.0, 1.0, 1.0, 1.0, 1.0, 1.0, 1.0, 1.0, 1.0, 1.0, 1.0, 1.0, 1.0, 1.0, 1.0]"
adult,rf,5000,0,14,abc_shap,0.007312896995603581,0.007436836203049186,0.0005223497854002558,0.0005312025859320847,0.004720422689679098,0.010269531182417607,16.08721824786983,0.9386080586080586,0.05334802357761713,0.9172051282051282,0.9561941391941391,0.8520146520146521,0.08043942699669336,0.8444444444444444,0.223330569358242,0.9333333333333333,0.09428090415820632,0.00048631999292823424,2352.0,2648.0,44.669259976667426,2.418503921679835,2352.0,"[0.0032826375222655205, 0.006374434584430562, 0.001626906297594511, 0.020009689345077953, 0.013309133982549674, 0.00017956962558807286, 0.010416616032125126, 0.0032673679878764943, 0.011609828075383218, 0.014524144403642327, 0.004470319836160887, 0.002098200253282168, 0.0034686813314362174, 0.0012054346831451206, 0.004886160639126117, 0.0031591239745133526, 0.0009276505796939342, 0.02388733926806108, 0.025202311245834025, 0.0007434367512048709, 0.0019407607231018084, 0.00655357551030314, 0.000575566963463853, 0.01707694230070819, 0.016927827651957626, 0.0005916605438346386, 0.00026350419368855, 0.004457575268690654, 0.015555653769407408, 0.0007948565239603046]","[0.9428571428571428, 0.8461538461538461, 0.9648351648351648, 0.9208791208791209, 0.9604395604395607, 0.9868131868131869, 0.956043956043956, 0.9516483516483516, 0.956043956043956, 0.8989010989010989, 0.9692307692307693, 0.9648351648351648, 0.9120879120879121, 0.9384615384615385, 0.9648351648351648, 0.9472527472527472, 0.9868131868131869, 0.9164835164835166, 0.9032967032967033, 0.9956043956043955, 0.9692307692307693, 0.9120879120879121, 0.9736263736263736, 0.7802197802197802, 0.7846153846153847, 0.9956043956043955, 0.9868131868131869, 0.9296703296703297, 0.9516483516483516, 0.9912087912087912]","[0.8681318681318682, 0.7142857142857144, 0.8901098901098902, 0.7802197802197802, 0.8901098901098902, 0.9340659340659341, 0.8681318681318682, 0.8461538461538461, 0.8681318681318682, 0.8021978021978022, 0.8901098901098902, 0.9120879120879122, 0.8021978021978022, 0.8241758241758242, 0.9120879120879122, 0.8461538461538461, 0.9340659340659341, 0.7582417582417583, 0.7362637362637363, 0.9780219780219781, 0.8901098901098902, 0.7802197802197802, 0.8901098901098902, 0.6703296703296704, 0.6923076923076924, 0.9780219780219781, 0.9340659340659341, 0.8681318681318682, 0.8461538461538461, 0.9560439560439562]","[1.0, 1.0, 1.0, 0.3333333333333333, 0.6666666666666666, 1.0, 0.6666666666666666, 1.0, 0.6666666666666666, 1.0, 0.6666666666666666, 1.0, 0.6666666666666666, 1.0, 1.0, 1.0, 1.0, 0.3333333333333333, 0.3333333333333333, 1.0, 0.6666666666666666, 1.0, 0.6666666666666666, 1.0, 1.0, 1.0, 1.0, 1.0, 0.6666666666666666, 1.0]","[1.0, 1.0, 1.0, 0.8, 0.8, 1.0, 0.8, 1.0, 0.8, 0.8, 1.0, 1.0, 1.0, 1.0, 1.0, 1.0, 1.0, 0.8, 0.8, 1.0, 1.0, 1.0, 1.0, 0.8, 0.8, 1.0, 1.0, 1.0, 0.8, 1.0]"
adult,rf,5000,0,14,b1_uniform,0.006646910227166823,0.0028692379636260828,0.00047477930194048736,0.0002049455688304345,0.00558523543369756,0.007614655990303021,14.622152556328338,0.9135531135531136,0.039156806704294604,0.8994835164835165,0.9267435897435897,0.7948717948717952,0.06352962165180599,0.9111111111111111,0.1474055462380178,0.94,0.09165151389911678,7.656686292230074e-05,0.0,5000.0,42.20030586333353,1.1650395420620356,5000.0,"[0.005727506909358636, 0.006559966514172725, 0.007253431481938934, 0.0035683494573838003, 0.001636449714312746, 0.006152840486409633, 0.007063559060468238, 0.001299384449483478, 0.011370271749606245, 0.010052251807306444, 0.008714362819993856, 0.0017816206992619565, 0.008354331248808071, 0.006029478264542146, 0.0018337205246024863, 0.0034796426376329727, 0.00252804855801791, 0.0068921196875066865, 0.007255929110794595, 0.007603341217719244, 0.009030140957606814, 0.009460293340077343, 0.007745161979632077, 0.009560380285254664, 0.005434608299067699, 0.008883351494807767, 0.0072570948409882334, 0.010523176058568642, 0.010975836115794528, 0.0053806570438861435]","[0.8901098901098902, 0.9296703296703297, 0.8725274725274725, 0.8901098901098902, 0.956043956043956, 0.9604395604395607, 0.9780219780219781, 0.9604395604395607, 0.8417582417582418, 0.9736263736263736, 0.9692307692307693, 0.9164835164835166, 0.8505494505494505, 0.9296703296703297, 0.9340659340659341, 0.8637362637362638, 0.9252747252747253, 0.9472527472527472, 0.8813186813186813, 0.9164835164835166, 0.9164835164835166, 0.9384615384615385, 0.9208791208791209, 0.9252747252747253, 0.9428571428571428, 0.8637362637362638, 0.8637362637362638, 0.8593406593406594, 0.8725274725274725, 0.9164835164835166]","[0.7582417582417583, 0.8241758241758242, 0.7362637362637363, 0.8021978021978022, 0.8681318681318682, 0.8681318681318682, 0.9120879120879122, 0.8681318681318682, 0.6923076923076924, 0.8901098901098902, 0.8901098901098902, 0.7802197802197802, 0.7142857142857144, 0.8021978021978022, 0.8021978021978022, 0.7362637362637363, 0.8021978021978022, 0.8241758241758242, 0.7362637362637363, 0.7802197802197802, 0.8241758241758242, 0.8461538461538461, 0.7802197802197802, 0.7802197802197802, 0.8681318681318682, 0.6703296703296704, 0.7142857142857144, 0.7142857142857144, 0.7362637362637363, 0.8241758241758242]","[0.6666666666666666, 1.0, 1.0, 0.6666666666666666, 1.0, 1.0, 1.0, 0.6666666666666666, 0.6666666666666666, 1.0, 1.0, 1.0, 1.0, 0.6666666666666666, 0.6666666666666666, 1.0, 0.6666666666666666, 1.0, 0.6666666666666666, 1.0, 1.0, 1.0, 1.0, 1.0, 1.0, 1.0, 1.0, 1.0, 1.0, 1.0]","[1.0, 1.0, 1.0, 1.0, 1.0, 0.8, 1.0, 1.0, 0.8, 1.0, 1.0, 1.0, 1.0, 0.8, 1.0, 1.0, 1.0, 0.8, 1.0, 0.8, 1.0, 1.0, 0.8, 0.8, 1.0, 0.8, 0.8, 1.0, 1.0, 1.0]"
adult,rf,5000,0,14,b2_stratified,0.0004545780931748041,0.00044321654629579194,3.2469863798200296e-05,3.165832473541371e-05,0.0003104878868090549,0.0006164284466204077,1.0,0.9893040293040294,0.008315583076139265,0.9862271062271063,0.9922344322344323,0.9553113553113555,0.027499376379668084,1.0,0.0,1.0,0.0,3.135621128160516e-05,0.0,5000.0,44.18731081999867,2.006428140624628,5000.0,"[0.00012971340387277035, 0.00048335835316920496, 0.002021097070075599, 0.0006454538456977752, 0.0007465434652583428, 0.0012358316853124114, 0.00013497933739973036, 5.2758924124505325e-05, 0.00033177814991681303, 0.000294105087196255, 0.00012206876761498946, 0.0005263729518811149, 0.0007457003619882648, 0.00039321682712454485, 4.783904854084264e-05, 7.807803729564607e-05, 0.0002572413678152369, 6.821060784300496e-05, 0.0001836162998384322, 0.00019988135908035305, 7.145403385937118e-05, 0.0012253934772620022, 0.0002546403243693456, 0.0003418249395255745, 0.00037369724337791167, 0.0011733616010146852, 0.0005702695916656834, 0.00042542242236417077, 0.0004019113564669647, 0.00010152285429257595]","[0.9956043956043955, 0.9912087912087912, 0.9692307692307693, 0.9956043956043955, 0.9956043956043955, 0.9692307692307693, 0.9956043956043955, 0.9868131868131869, 0.9912087912087912, 0.9956043956043955, 0.9868131868131869, 0.9868131868131869, 0.9912087912087912, 0.9956043956043955, 0.9868131868131869, 0.9868131868131869, 0.9868131868131869, 0.9868131868131869, 0.9956043956043955, 0.9736263736263736, 0.9912087912087912, 0.9912087912087912, 0.9956043956043955, 0.9956043956043955, 0.9912087912087912, 1.0, 0.9912087912087912, 0.9692307692307693, 0.9956043956043955, 0.9956043956043955]","[0.9780219780219781, 0.9560439560439562, 0.8901098901098902, 0.9780219780219781, 0.9780219780219781, 0.8901098901098902, 0.9780219780219781, 0.9560439560439562, 0.9560439560439562, 0.9780219780219781, 0.9340659340659341, 0.9340659340659341, 0.9560439560439562, 0.9780219780219781, 0.9340659340659341, 0.9560439560439562, 0.9560439560439562, 0.9340659340659341, 0.9780219780219781, 0.9340659340659341, 0.9560439560439562, 0.9560439560439562, 0.9780219780219781, 0.9780219780219781, 0.9560439560439562, 1.0, 0.9560439560439562, 0.8901098901098902, 0.9780219780219781, 0.9780219780219781]","[1.0, 1.0, 1.0, 1.0, 1.0, 1.0, 1.0, 1.0, 1.0, 1.0, 1.0, 1.0, 1.0, 1.0, 1.0, 1.0, 1.0, 1.0, 1.0, 1.0, 1.0, 1.0, 1.0, 1.0, 1.0, 1.0, 1.0, 1.0, 1.0, 1.0]","[1.0, 1.0, 1.0, 1.0, 1.0, 1.0, 1.0, 1.0, 1.0, 1.0, 1.0, 1.0, 1.0, 1.0, 1.0, 1.0, 1.0, 1.0, 1.0, 1.0, 1.0, 1.0, 1.0, 1.0, 1.0, 1.0, 1.0, 1.0, 1.0, 1.0]"
adult,rf,5000,0,14,b3_is,0.00018023699529438439,0.00017850524454963762,1.2874071092456028e-05,1.2750374610688401e-05,0.00012007215490547312,0.00025199602781910134,0.3964929194796807,0.9922344322344323,0.004041938234178331,0.9907692307692308,0.9938461538461538,0.9641025641025642,0.017475253394690922,1.0,0.0,1.0,0.0,1.1623009274332498e-05,0.0,5000.0,44.47571472999844,1.8556758758753074,5000.0,"[3.8970893802445686e-05, 0.00010064486583875923, 4.070647795528615e-05, 0.000332430802936096, 0.00047457491102118233, 2.8815652065146176e-05, 0.0002231286083438349, 0.00011095622791595277, 7.53179775158579e-05, 8.081860761756348e-05, 7.421404830784753e-05, 0.00010021662663457312, 3.937891770880963e-05, 0.00012785396136966715, 8.313232686600876e-05, 1.4155181327968436e-05, 0.00032373003085290936, 0.00034318716868750104, 5.481404650682251e-05, 0.00011585417667189416, 0.00030852059804772664, 0.0007630755720368518, 6.266266360226208e-05, 4.3038556514316296e-05, 5.898312788123797e-05, 0.0001600794644732691, 0.0005546222410177766, 3.3531792749139026e-05, 0.0002967893620923411, 0.00034290497047048527]","[0.9868131868131869, 1.0, 0.9912087912087912, 0.9912087912087912, 0.9912087912087912, 0.9956043956043955, 0.9956043956043955, 0.9956043956043955, 0.9956043956043955, 0.9912087912087912, 0.9868131868131869, 0.9956043956043955, 0.9956043956043955, 0.9868131868131869, 0.9956043956043955, 0.9868131868131869, 0.9912087912087912, 0.9868131868131869, 0.9868131868131869, 0.9956043956043955, 0.9956043956043955, 0.9912087912087912, 0.9912087912087912, 0.9912087912087912, 0.9956043956043955, 0.9956043956043955, 0.9868131868131869, 1.0, 0.9868131868131869, 0.9912087912087912]","[0.9560439560439562, 1.0, 0.9560439560439562, 0.9560439560439562, 0.9560439560439562, 0.9780219780219781, 0.9780219780219781, 0.9780219780219781, 0.9780219780219781, 0.9560439560439562, 0.9340659340659341, 0.9780219780219781, 0.9780219780219781, 0.9340659340659341, 0.9780219780219781, 0.9560439560439562, 0.9560439560439562, 0.9560439560439562, 0.9560439560439562, 0.9780219780219781, 0.9780219780219781, 0.9560439560439562, 0.9560439560439562, 0.9560439560439562, 0.9780219780219781, 0.9780219780219781, 0.9340659340659341, 1.0, 0.9340659340659341, 0.9560439560439562]","[1.0, 1.0, 1.0, 1.0, 1.0, 1.0, 1.0, 1.0, 1.0, 1.0, 1.0, 1.0, 1.0, 1.0, 1.0, 1.0, 1.0, 1.0, 1.0, 1.0, 1.0, 1.0, 1.0, 1.0, 1.0, 1.0, 1.0, 1.0, 1.0, 1.0]","[1.0, 1.0, 1.0, 1.0, 1.0, 1.0, 1.0, 1.0, 1.0, 1.0, 1.0, 1.0, 1.0, 1.0, 1.0, 1.0, 1.0, 1.0, 1.0, 1.0, 1.0, 1.0, 1.0, 1.0, 1.0, 1.0, 1.0, 1.0, 1.0, 1.0]"
adult,rf,5000,0,14,b4_antithetic,0.006334365837851247,0.0014526951719656383,0.00045245470270366053,0.00010376394085468845,0.005797423115705373,0.006816003229298443,13.934604269228217,0.9076923076923078,0.035183145416096705,0.894945054945055,0.9202967032967033,0.7824175824175827,0.05242576018407279,0.8777777777777779,0.16063146994223293,0.9466666666666667,0.08844332774281065,1.858242121689294e-05,0.0,5000.0,42.22063076000146,1.3508684532185442,5000.0,"[0.007317174009343503, 0.006715033296669382, 0.006106870128537587, 0.0050641837143271294, 0.006670635492049438, 0.006689978612866763, 0.00304581099244319, 0.0031048989195609673, 0.0071291520888576865, 0.0034755139326606743, 0.007546506292632477, 0.00577287420072254, 0.005742097911019178, 0.006927326336256974, 0.008490035057809195, 0.00717678547726911, 0.002730295422524036, 0.0077233023609800415, 0.0060284141137105975, 0.006916612108331717, 0.007269173423591507, 0.006732492143045413, 0.006729898484661134, 0.0073095369654315396, 0.006484576042684704, 0.006369279341047622, 0.008276855233632996, 0.006436247860673253, 0.006750387752782922, 0.007299027419414169]","[0.9032967032967033, 0.9516483516483516, 0.8549450549450549, 0.9076923076923077, 0.8857142857142857, 0.9164835164835166, 0.9604395604395607, 0.9120879120879121, 0.8769230769230769, 0.9384615384615385, 0.9076923076923077, 0.9032967032967033, 0.9604395604395607, 0.8813186813186813, 0.8725274725274725, 0.8769230769230769, 0.9648351648351648, 0.8901098901098902, 0.9076923076923077, 0.9296703296703297, 0.9472527472527472, 0.8945054945054945, 0.9648351648351648, 0.8549450549450549, 0.8373626373626375, 0.9428571428571428, 0.8505494505494505, 0.9076923076923077, 0.9208791208791209, 0.9076923076923077]","[0.7802197802197802, 0.8461538461538461, 0.7362637362637363, 0.8021978021978022, 0.7362637362637363, 0.7802197802197802, 0.8681318681318682, 0.7802197802197802, 0.7142857142857144, 0.8241758241758242, 0.7582417582417583, 0.7582417582417583, 0.8901098901098902, 0.7362637362637363, 0.7582417582417583, 0.7142857142857144, 0.8901098901098902, 0.7582417582417583, 0.7582417582417583, 0.8021978021978022, 0.8241758241758242, 0.7582417582417583, 0.8681318681318682, 0.7362637362637363, 0.6923076923076924, 0.8241758241758242, 0.7142857142857144, 0.8021978021978022, 0.7802197802197802, 0.7802197802197802]","[1.0, 1.0, 1.0, 1.0, 1.0, 1.0, 1.0, 0.6666666666666666, 0.6666666666666666, 1.0, 0.6666666666666666, 0.6666666666666666, 1.0, 1.0, 1.0, 1.0, 1.0, 1.0, 0.6666666666666666, 1.0, 1.0, 0.6666666666666666, 0.6666666666666666, 1.0, 0.6666666666666666, 0.6666666666666666, 0.6666666666666666, 1.0, 0.6666666666666666, 1.0]","[1.0, 1.0, 1.0, 1.0, 0.8, 1.0, 1.0, 1.0, 0.8, 1.0, 1.0, 1.0, 1.0, 1.0, 1.0, 1.0, 1.0, 1.0, 0.8, 0.8, 0.8, 0.8, 0.8, 1.0, 1.0, 0.8, 1.0, 1.0, 1.0, 1.0]"
adult,rf,5000,1,14,abc_shap,0.0005914454390680094,0.000464859621841364,4.22461027905721e-05,3.3204258702954576e-05,0.0004226298190678504,0.0007694998438004417,13.977078739524433,0.9012454212454214,0.0773820599439561,0.8732527472527473,0.9271868131868132,0.7758241758241761,0.13823459510783637,0.7444444444444446,0.20517983680688212,0.9466666666666667,0.08844332774281065,4.0648326914798856e-05,2352.0,2648.0,45.46327372666613,1.539108557235832,2352.0,"[4.179573253256691e-05, 0.001302663969906711, 0.000362362056037438, 0.00045574085523838694, 0.00021978455712548807, 0.0013876653102873797, 0.000289341395418257, 0.0003202130162708497, 0.00022521075958120893, 0.00014457038172131377, 0.001277947742106622, 0.0003366614351634771, 0.00025501683883967735, 0.0007978973132440574, 0.00047667762177870004, 0.00013536859457863364, 0.0013459909177912068, 0.0008668593179896227, 0.0003381487787376931, 0.00046311393310307405, 0.00021739491720492888, 0.000419186418877391, 0.0004728150657356886, 0.0005218550201656487, 0.0017429324777552687, 0.00023594587962038005, 5.4254044525006755e-05, 0.0006236459764628444, 0.0012697417105180806, 0.0011425611337226838]","[0.9956043956043955, 0.7538461538461538, 0.9824175824175824, 0.9120879120879121, 0.9692307692307693, 0.9736263736263736, 0.8593406593406594, 0.9780219780219781, 0.9076923076923077, 0.8989010989010989, 0.7758241758241758, 0.9384615384615385, 0.9384615384615385, 0.8109890109890111, 0.8549450549450549, 0.9428571428571428, 0.7582417582417583, 0.7758241758241758, 0.9868131868131869, 0.832967032967033, 0.9516483516483516, 0.9692307692307693, 0.8725274725274725, 0.9340659340659341, 0.7714285714285714, 0.956043956043956, 0.9780219780219781, 0.8373626373626375, 0.9516483516483516, 0.9692307692307693]","[0.9780219780219781, 0.4945054945054945, 0.9340659340659341, 0.7802197802197802, 0.8901098901098902, 0.8901098901098902, 0.7362637362637363, 0.9340659340659341, 0.7582417582417583, 0.7802197802197802, 0.5384615384615384, 0.8461538461538461, 0.8461538461538461, 0.6263736263736264, 0.7142857142857144, 0.8681318681318682, 0.5164835164835165, 0.5604395604395604, 0.9340659340659341, 0.6923076923076924, 0.8461538461538461, 0.8901098901098902, 0.7142857142857144, 0.8241758241758242, 0.5384615384615384, 0.8461538461538461, 0.9120879120879122, 0.6703296703296704, 0.8461538461538461, 0.8681318681318682]","[1.0, 0.3333333333333333, 1.0, 0.6666666666666666, 1.0, 0.6666666666666666, 1.0, 1.0, 0.6666666666666666, 1.0, 0.3333333333333333, 0.6666666666666666, 0.6666666666666666, 0.6666666666666666, 0.6666666666666666, 1.0, 0.6666666666666666, 0.6666666666666666, 1.0, 0.6666666666666666, 1.0, 1.0, 0.6666666666666666, 0.6666666666666666, 0.3333333333333333, 0.6666666666666666, 0.6666666666666666, 0.6666666666666666, 0.6666666666666666, 0.6666666666666666]","[1.0, 1.0, 0.8, 0.8, 0.8, 0.8, 1.0, 1.0, 1.0, 1.0, 1.0, 1.0, 1.0, 1.0, 1.0, 1.0, 1.0, 1.0, 1.0, 1.0, 0.8, 0.8, 1.0, 1.0, 1.0, 1.0, 1.0, 1.0, 0.8, 0.8]"
adult,rf,5000,1,14,b1_uniform,0.00040127877551049743,0.00010370055764060137,2.8662769679321245e-05,7.407182688614383e-06,0.0003638128163144882,0.00043494627769159234,9.483047245487736,0.8934798534798536,0.04561955997785188,0.8756043956043958,0.9084249084249085,0.7721611721611724,0.06891510880655774,1.0,0.0,1.0,0.0,7.042698746606383e-06,0.0,5000.0,44.90133530666644,1.6768560127092365,5000.0,"[0.00026917795787481045, 0.0004382342587630767, 0.0005655371963847096, 0.00039373437547995157, 0.0003599710029744683, 0.00026195710533114013, 0.000489754070933794, 0.0003474453095692893, 0.0005138174181116605, 0.00046277321860364076, 0.00047713231792048276, 0.00020371565696505244, 0.0004134002900762391, 0.0004086498637705497, 0.00035253748962885053, 0.00031113707566288694, 0.00021488847265324594, 0.0004846663482732069, 0.0005860746112175466, 0.00037198232398239324, 0.0004176680451967056, 0.0004906550115785269, 0.00040331365861670125, 0.00038421047267633385, 0.00031577863583918627, 0.000574878984203629, 0.0005254802930617995, 0.00044986820560768097, 0.00025789822266533485, 0.00029202537169202916]","[0.9428571428571428, 0.9120879120879121, 0.9208791208791209, 0.9076923076923077, 0.9868131868131869, 0.8593406593406594, 0.832967032967033, 0.9296703296703297, 0.8945054945054945, 0.8637362637362638, 0.9252747252747253, 0.8505494505494505, 0.8901098901098902, 0.8549450549450549, 0.9208791208791209, 0.8769230769230769, 0.9428571428571428, 0.8769230769230769, 0.9296703296703297, 0.9208791208791209, 0.9252747252747253, 0.9032967032967033, 0.8769230769230769, 0.7978021978021977, 0.8593406593406594, 0.8021978021978022, 0.9780219780219781, 0.9076923076923077, 0.8945054945054945, 0.8197802197802198]","[0.8681318681318682, 0.8021978021978022, 0.8021978021978022, 0.8021978021978022, 0.9340659340659341, 0.7142857142857144, 0.6703296703296704, 0.8241758241758242, 0.7582417582417583, 0.7142857142857144, 0.8021978021978022, 0.7362637362637363, 0.8021978021978022, 0.7142857142857144, 0.8021978021978022, 0.7582417582417583, 0.8461538461538461, 0.7582417582417583, 0.8021978021978022, 0.8021978021978022, 0.7802197802197802, 0.7802197802197802, 0.7582417582417583, 0.6263736263736264, 0.7142857142857144, 0.6263736263736264, 0.8901098901098902, 0.8241758241758242, 0.7582417582417583, 0.6923076923076924]","[1.0, 1.0, 1.0, 1.0, 1.0, 1.0, 1.0, 1.0, 1.0, 1.0, 1.0, 1.0, 1.0, 1.0, 1.0, 1.0, 1.0, 1.0, 1.0, 1.0, 1.0, 1.0, 1.0, 1.0, 1.0, 1.0, 1.0, 1.0, 1.0, 1.0]","[1.0, 1.0, 1.0, 1.0, 1.0, 1.0, 1.0, 1.0, 1.0, 1.0, 1.0, 1.0, 1.0, 1.0, 1.0, 1.0, 1.0, 1.0, 1.0, 1.0, 1.0, 1.0, 1.0, 1.0, 1.0, 1.0, 1.0, 1.0, 1.0, 1.0]"
adult,rf,5000,1,14,b2_stratified,4.231538292730067e-05,2.9391393546575198e-05,3.022527351950048e-06,2.0993852533267997e-06,3.252819457008989e-05,5.3106164633077634e-05,1.0,0.9718681318681319,0.020976445618371593,0.9642490842490844,0.9789047619047619,0.9128205128205129,0.04696079270487136,0.8333333333333335,0.16666666666666666,1.0,0.0,2.098066393577026e-06,0.0,5000.0,46.32142410333375,2.118498126562457,5000.0,"[1.2141719528694995e-05, 5.9061785000006996e-05, 7.250755127178007e-05, 1.2929869061216696e-05, 1.7362984928002906e-05, 4.052511898123509e-05, 7.937524994271456e-05, 8.373051639885314e-05, 1.2693243432113172e-05, 8.199461357990274e-05, 1.700595375399162e-05, 9.440643963068543e-05, 1.8538349804785904e-05, 1.9971904564724423e-05, 3.802441828598759e-05, 2.0617535241074944e-05, 4.927183395473253e-05, 4.95219402849899e-05, 4.387194366494752e-05, 3.3075137887178574e-05, 2.0145156498559687e-05, 0.0001254264984194277, 4.0320834202778964e-05, 5.8841386206859436e-05, 2.5719579367401482e-05, 4.115245268389939e-05, 9.596379872481938e-06, 6.925791243511639e-05, 1.1066725798230208e-05, 1.130645313664613e-05]","[0.956043956043956, 0.9956043956043955, 0.9824175824175824, 1.0, 0.9868131868131869, 0.9648351648351648, 0.9824175824175824, 0.9692307692307693, 0.9912087912087912, 0.9780219780219781, 0.9384615384615385, 0.9164835164835166, 0.9912087912087912, 0.9736263736263736, 0.9164835164835166, 0.9824175824175824, 0.9384615384615385, 0.9868131868131869, 0.9780219780219781, 0.9648351648351648, 0.9692307692307693, 0.9736263736263736, 0.9912087912087912, 0.9780219780219781, 0.9648351648351648, 0.9736263736263736, 0.9824175824175824, 0.9692307692307693, 1.0, 0.9604395604395607]","[0.8681318681318682, 0.9780219780219781, 0.9340659340659341, 1.0, 0.9560439560439562, 0.9120879120879122, 0.9340659340659341, 0.8901098901098902, 0.9560439560439562, 0.9120879120879122, 0.8461538461538461, 0.8241758241758242, 0.9560439560439562, 0.8901098901098902, 0.8021978021978022, 0.9340659340659341, 0.8461538461538461, 0.9560439560439562, 0.9120879120879122, 0.8901098901098902, 0.8901098901098902, 0.9120879120879122, 0.9560439560439562, 0.9120879120879122, 0.8901098901098902, 0.9120879120879122, 0.9340659340659341, 0.9120879120879122, 1.0, 0.8681318681318682]","[1.0, 1.0, 1.0, 1.0, 1.0, 1.0, 0.6666666666666666, 0.6666666666666666, 1.0, 0.6666666666666666, 0.6666666666666666, 0.6666666666666666, 0.6666666666666666, 0.6666666666666666, 0.6666666666666666, 1.0, 0.6666666666666666, 1.0, 1.0, 1.0, 0.6666666666666666, 0.6666666666666666, 1.0, 0.6666666666666666, 1.0, 0.6666666666666666, 0.6666666666666666, 1.0, 1.0, 0.6666666666666666]","[1.0, 1.0, 1.0, 1.0, 1.0, 1.0, 1.0, 1.0, 1.0, 1.0, 1.0, 1.0, 1.0, 1.0, 1.0, 1.0, 1.0, 1.0, 1.0, 1.0, 1.0, 1.0, 1.0, 1.0, 1.0, 1.0, 1.0, 1.0, 1.0, 1.0]"
adult,rf,5000,1,14,b3_is,2.6144988509895337e-05,1.783068196013356e-05,1.8674991792782383e-06,1.27362014000954e-06,2.023914808314938e-05,3.2383984374024904e-05,0.6178601421334968,0.9787545787545788,0.016528225894034392,0.9726007326007327,0.9843260073260073,0.9296703296703297,0.03865466947479246,0.8000000000000002,0.16329931618554522,1.0,0.0,1.0140507454414587e-06,0.0,5000.0,46.72639174333502,1.6182945095353118,5000.0,"[1.8285631442594222e-05, 5.1914200391826394e-05, 1.8858147365495384e-05, 3.256611063366879e-05, 4.5979223618356655e-06, 1.0725680281507534e-05, 4.558491329141248e-05, 6.946126924916155e-05, 2.4036433312436518e-05, 2.8236851539140283e-05, 2.2268414285020786e-05, 1.4250101786387948e-05, 4.320621884935521e-05, 1.895271083192272e-05, 1.5743548625612826e-05, 4.3053317934094724e-05, 1.946817058115203e-05, 9.129901805979967e-06, 9.470346271431002e-06, 7.938296188056145e-05, 2.066748509811728e-05, 2.690840133069068e-05, 3.285927639852949e-05, 4.42984400501905e-05, 1.4248386580143678e-05, 1.5511133334246656e-05, 1.4192642484349162e-05, 1.4116228971662479e-05, 8.21757138136572e-06, 1.413723694696682e-05]","[0.9956043956043955, 0.9428571428571428, 0.9780219780219781, 0.956043956043956, 0.9956043956043955, 0.9824175824175824, 0.9736263736263736, 0.9384615384615385, 0.9516483516483516, 0.9956043956043955, 0.9956043956043955, 0.9780219780219781, 0.9824175824175824, 0.9824175824175824, 0.9956043956043955, 0.9780219780219781, 0.9956043956043955, 0.9780219780219781, 0.9780219780219781, 0.9912087912087912, 0.9912087912087912, 0.9780219780219781, 0.956043956043956, 0.9868131868131869, 0.9736263736263736, 0.9956043956043955, 0.9516483516483516, 0.9912087912087912, 0.9824175824175824, 0.9912087912087912]","[0.9780219780219781, 0.8681318681318682, 0.9120879120879122, 0.8681318681318682, 0.9780219780219781, 0.9340659340659341, 0.9120879120879122, 0.8461538461538461, 0.8901098901098902, 0.9780219780219781, 0.9780219780219781, 0.9120879120879122, 0.9340659340659341, 0.9340659340659341, 0.9780219780219781, 0.9120879120879122, 0.9780219780219781, 0.9120879120879122, 0.9340659340659341, 0.9560439560439562, 0.9560439560439562, 0.9120879120879122, 0.8681318681318682, 0.9340659340659341, 0.9340659340659341, 0.9780219780219781, 0.8681318681318682, 0.9560439560439562, 0.9340659340659341, 0.9560439560439562]","[0.6666666666666666, 0.6666666666666666, 0.6666666666666666, 0.6666666666666666, 1.0, 0.6666666666666666, 0.6666666666666666, 0.6666666666666666, 1.0, 1.0, 0.6666666666666666, 0.6666666666666666, 0.6666666666666666, 1.0, 1.0, 0.6666666666666666, 1.0, 0.6666666666666666, 1.0, 1.0, 1.0, 0.6666666666666666, 0.6666666666666666, 1.0, 1.0, 0.6666666666666666, 0.6666666666666666, 1.0, 0.6666666666666666, 0.6666666666666666]","[1.0, 1.0, 1.0, 1.0, 1.0, 1.0, 1.0, 1.0, 1.0, 1.0, 1.0, 1.0, 1.0, 1.0, 1.0, 1.0, 1.0, 1.0, 1.0, 1.0, 1.0, 1.0, 1.0, 1.0, 1.0, 1.0, 1.0, 1.0, 1.0, 1.0]"
adult,rf,5000,1,14,b4_antithetic,0.00033446728252246015,6.695583443875586e-05,2.3890520180175725e-05,4.782559602768275e-06,0.00030932934625734333,0.0003584713888946683,7.904153510724145,0.922930402930403,0.04160346613666532,0.9081318681318682,0.9384615384615385,0.8256410256410258,0.06736740766342944,1.0,0.0,1.0,0.0,1.9159959419965588e-06,0.0,5000.0,45.30871985333409,1.5646928660495973,5000.0,"[0.00029591946215592866, 0.00035384360558677366, 0.00037565409977641137, 0.0003482475767606311, 0.0003592415210931, 0.00040634851071298526, 0.0004283743011759786, 0.00031333443431290055, 0.0003573210203475749, 0.000202580896484991, 0.00033350175194475466, 0.00025851246706886077, 0.0003384323071752878, 0.00043943041823454193, 0.00037947622007478317, 0.00022921161377121435, 0.00021244707873874043, 0.00039524050077098955, 0.0003028168087654028, 0.00041508945688574045, 0.00020109772682534214, 0.0003184011117596585, 0.00030263118567589077, 0.0004077790738675963, 0.0002575147156676099, 0.000363596900975938, 0.00029941779401136903, 0.0003810792380057569, 0.00033832656308983085, 0.0004191501139572191]","[0.8373626373626375, 0.9032967032967033, 0.9076923076923077, 0.9648351648351648, 0.8901098901098902, 0.9076923076923077, 0.9340659340659341, 0.8285714285714285, 0.9472527472527472, 0.9780219780219781, 0.9516483516483516, 0.9032967032967033, 0.9868131868131869, 0.9472527472527472, 0.9032967032967033, 0.9472527472527472, 0.9120879120879121, 0.9252747252747253, 0.9076923076923077, 0.9824175824175824, 0.8813186813186813, 0.956043956043956, 0.9516483516483516, 0.9868131868131869, 0.9296703296703297, 0.9736263736263736, 0.8813186813186813, 0.8549450549450549, 0.8989010989010989, 0.9076923076923077]","[0.7142857142857144, 0.8021978021978022, 0.8021978021978022, 0.8901098901098902, 0.7582417582417583, 0.8021978021978022, 0.8241758241758242, 0.6703296703296704, 0.8681318681318682, 0.9340659340659341, 0.8461538461538461, 0.8021978021978022, 0.9560439560439562, 0.8241758241758242, 0.8021978021978022, 0.8681318681318682, 0.8021978021978022, 0.8241758241758242, 0.7582417582417583, 0.9120879120879122, 0.7582417582417583, 0.8681318681318682, 0.8901098901098902, 0.9340659340659341, 0.8241758241758242, 0.9120879120879122, 0.7582417582417583, 0.7362637362637363, 0.8241758241758242, 0.8021978021978022]","[1.0, 1.0, 1.0, 1.0, 1.0, 1.0, 1.0, 1.0, 1.0, 1.0, 1.0, 1.0, 1.0, 1.0, 1.0, 1.0, 1.0, 1.0, 1.0, 1.0, 1.0, 1.0, 1.0, 1.0, 1.0, 1.0, 1.0, 1.0, 1.0, 1.0]","[1.0, 1.0, 1.0, 1.0, 1.0, 1.0, 1.0, 1.0, 1.0, 1.0, 1.0, 1.0, 1.0, 1.0, 1.0, 1.0, 1.0, 1.0, 1.0, 1.0, 1.0, 1.0, 1.0, 1.0, 1.0, 1.0, 1.0, 1.0, 1.0, 1.0]"
adult,rf,5000,2,14,abc_shap,0.00337974755951418,0.002717238281854577,0.00024141053996529858,0.00019408844870389834,0.0024688936232116665,0.004414380890995233,12.341965375708233,0.8861538461538463,0.05883490895799842,0.8651941391941393,0.9076923076923078,0.7472527472527475,0.1003556048952165,0.8777777777777779,0.1606314699422329,0.8133333333333336,0.13597385369580758,0.00023084442029143966,2352.0,2648.0,47.88371483333224,4.51077532822467,2352.0,"[0.00115152823045569, 0.003100200497395521, 0.0024427866489836725, 0.00010685000913857403, 0.0014542176479700076, 0.00656746856994204, 0.00023251829074031716, 0.003687029287563603, 0.002288655231631527, 0.0009488096653261581, 0.0006533493813537103, 0.009609480371211343, 0.0040246298290688215, 0.0018860482528111828, 0.00881733287133065, 0.004526828337534307, 0.009080724987271393, 0.00211399011792729, 0.0006435014150967973, 0.00306332181606477, 0.0040714584799081445, 0.0008381871811662594, 0.00396592617831555, 0.0005778161978686634, 0.002485870705457971, 0.004385537369723373, 0.0035230768266369967, 0.008180599360481993, 0.0009919822959756973, 0.00597270073107338]","[0.956043956043956, 0.9296703296703297, 0.9648351648351648, 0.9736263736263736, 0.832967032967033, 0.9252747252747253, 0.9912087912087912, 0.9032967032967033, 0.8153846153846154, 0.9648351648351648, 0.9164835164835166, 0.8417582417582418, 0.9296703296703297, 0.8769230769230769, 0.8417582417582418, 0.8021978021978022, 0.7890109890109891, 0.8241758241758241, 0.9164835164835166, 0.8549450549450549, 0.9340659340659341, 0.9516483516483516, 0.8505494505494505, 0.8857142857142857, 0.8197802197802198, 0.8505494505494505, 0.8989010989010989, 0.8153846153846154, 0.9252747252747253, 0.8021978021978022]","[0.8461538461538461, 0.8241758241758242, 0.8901098901098902, 0.9120879120879122, 0.6263736263736264, 0.8021978021978022, 0.9560439560439562, 0.7802197802197802, 0.6483516483516484, 0.8901098901098902, 0.7802197802197802, 0.6923076923076924, 0.8021978021978022, 0.7142857142857144, 0.6483516483516484, 0.6043956043956044, 0.5824175824175825, 0.6703296703296704, 0.7802197802197802, 0.6923076923076924, 0.8021978021978022, 0.8241758241758242, 0.6923076923076924, 0.7802197802197802, 0.6263736263736264, 0.7142857142857144, 0.7802197802197802, 0.6263736263736264, 0.8241758241758242, 0.6043956043956044]","[0.6666666666666666, 1.0, 1.0, 1.0, 0.6666666666666666, 1.0, 1.0, 1.0, 0.6666666666666666, 1.0, 1.0, 1.0, 1.0, 1.0, 0.6666666666666666, 0.6666666666666666, 0.6666666666666666, 1.0, 1.0, 0.6666666666666666, 0.6666666666666666, 1.0, 1.0, 1.0, 0.6666666666666666, 1.0, 1.0, 0.6666666666666666, 1.0, 0.6666666666666666]","[0.8, 1.0, 1.0, 0.8, 0.8, 0.8, 1.0, 1.0, 0.8, 0.8, 0.8, 0.8, 0.8, 0.8, 0.6, 0.6, 0.6, 0.8, 0.8, 0.8, 0.8, 1.0, 0.8, 1.0, 0.6, 0.8, 1.0, 0.6, 1.0, 0.6]"
adult,rf,5000,2,14,b1_uniform,0.0023980546467026213,0.0006346459713531946,0.0001712896176216158,4.5331855096656755e-05,0.0021779697018403784,0.002610685457956441,8.757076348895819,0.8865934065934068,0.04972281579737769,0.8688571428571429,0.9031501831501833,0.7465201465201468,0.08218199948647711,0.7222222222222224,0.12422599874998833,0.8333333333333335,0.12736648783028534,4.134801467589622e-05,0.0,5000.0,47.41889993999939,5.139082880917948,5000.0,"[0.0037481784130376896, 0.0015166945924035655, 0.0030755917442052937, 0.002720421434120132, 0.0029436448607338137, 0.002484979786030566, 0.003549924939061958, 0.001906830166126936, 0.00214637117674234, 0.002440940071884185, 0.001883467570302269, 0.0024553680141752602, 0.003150580983727345, 0.0027476118386967033, 0.002888824438933905, 0.0022607056664752366, 0.002467767575408605, 0.0023157653219476756, 0.0013221469187179491, 0.002678866134012282, 0.0018414990792039447, 0.0016578585641363202, 0.00182567642120644, 0.0020010065636097553, 0.002972397680200279, 0.002635896828582066, 0.0033950473267435597, 0.0016943280903425767, 0.0014541600200508587, 0.0017590871802591285]","[0.7890109890109891, 0.8901098901098902, 0.8989010989010989, 0.8285714285714285, 0.8637362637362638, 0.8593406593406594, 0.9032967032967033, 0.8461538461538461, 0.9692307692307693, 0.8813186813186813, 0.9032967032967033, 0.9164835164835166, 0.9076923076923077, 0.8285714285714285, 0.9208791208791209, 0.8549450549450549, 0.9472527472527472, 0.9252747252747253, 0.9032967032967033, 0.8901098901098902, 0.9384615384615385, 0.7406593406593407, 0.8813186813186813, 0.9604395604395607, 0.8725274725274725, 0.8637362637362638, 0.8461538461538461, 0.9604395604395607, 0.8857142857142857, 0.9208791208791209]","[0.6043956043956044, 0.7582417582417583, 0.7802197802197802, 0.6483516483516484, 0.6923076923076924, 0.6923076923076924, 0.7362637362637363, 0.6703296703296704, 0.8681318681318682, 0.7582417582417583, 0.7802197802197802, 0.8241758241758242, 0.8021978021978022, 0.6263736263736264, 0.8021978021978022, 0.6923076923076924, 0.8461538461538461, 0.8021978021978022, 0.7362637362637363, 0.7582417582417583, 0.8461538461538461, 0.5164835164835165, 0.7362637362637363, 0.8681318681318682, 0.7142857142857144, 0.7142857142857144, 0.6923076923076924, 0.8681318681318682, 0.7582417582417583, 0.8021978021978022]","[0.6666666666666666, 1.0, 0.6666666666666666, 0.6666666666666666, 0.6666666666666666, 0.6666666666666666, 0.6666666666666666, 0.6666666666666666, 1.0, 0.6666666666666666, 0.6666666666666666, 0.6666666666666666, 0.6666666666666666, 0.6666666666666666, 0.6666666666666666, 0.6666666666666666, 0.6666666666666666, 0.6666666666666666, 1.0, 0.6666666666666666, 0.6666666666666666, 0.6666666666666666, 0.6666666666666666, 1.0, 0.6666666666666666, 0.6666666666666666, 0.6666666666666666, 0.6666666666666666, 1.0, 0.6666666666666666]","[0.8, 1.0, 0.8, 0.8, 0.8, 0.6, 0.8, 0.6, 1.0, 0.8, 1.0, 0.8, 0.8, 0.6, 0.8, 0.8, 1.0, 0.8, 1.0, 0.8, 0.8, 0.6, 0.8, 1.0, 0.8, 0.8, 0.8, 1.0, 1.0, 1.0]"
adult,rf,5000,2,14,b2_stratified,0.000273841925222565,0.00023254643350528875,1.95601375158975e-05,1.6610459536092052e-05,0.00019279334707997446,0.00036170005442809534,1.0,0.9786080586080587,0.013887760423235482,0.9733333333333334,0.9833003663003663,0.9208791208791209,0.03789748617253501,0.9777777777777777,0.08314794192830981,0.9000000000000001,0.09999999999999996,1.586380328043989e-05,0.0,5000.0,47.1141890999992,1.6066219228818153,5000.0,"[8.195221939459955e-05, 0.0003535342425320718, 0.0005741863200136589, 0.00015148096971789898, 9.56752358450421e-05, 0.00014973134510933738, 0.00034575441515934195, 4.765939815526817e-05, 7.79957986088861e-05, 0.0006856725285338728, 0.0002976407182001836, 0.00017831405593912605, 0.00030351958286445335, 5.96461990861739e-05, 0.0005558120380185628, 0.0006575138524959943, 9.184374644191527e-05, 6.705924662663586e-05, 0.00011896264155056006, 0.0003255225522955958, 4.624616801349397e-05, 0.0006192181426452988, 0.0006679471514459025, 5.100007722944451e-05, 0.00012428093321992226, 0.0006281159751994464, 5.067529203949209e-05, 0.00012655534113437488, 4.7256050076582485e-05, 0.0006344855190838127]","[0.9780219780219781, 0.9868131868131869, 0.9736263736263736, 0.9824175824175824, 0.9736263736263736, 0.9956043956043955, 0.9912087912087912, 0.9956043956043955, 0.9516483516483516, 0.9824175824175824, 0.9824175824175824, 0.9824175824175824, 0.9912087912087912, 0.9868131868131869, 0.9604395604395607, 0.9780219780219781, 0.9868131868131869, 0.9912087912087912, 0.9472527472527472, 0.956043956043956, 0.9912087912087912, 0.9604395604395607, 0.9648351648351648, 0.9824175824175824, 0.9736263736263736, 0.956043956043956, 0.9956043956043955, 0.9868131868131869, 0.9780219780219781, 0.9956043956043955]","[0.9120879120879122, 0.9340659340659341, 0.8901098901098902, 0.9120879120879122, 0.8901098901098902, 0.9780219780219781, 0.9560439560439562, 0.9780219780219781, 0.8461538461538461, 0.9340659340659341, 0.9340659340659341, 0.9340659340659341, 0.9560439560439562, 0.9340659340659341, 0.8901098901098902, 0.9120879120879122, 0.9340659340659341, 0.9560439560439562, 0.8461538461538461, 0.8681318681318682, 0.9560439560439562, 0.8901098901098902, 0.8901098901098902, 0.9120879120879122, 0.8901098901098902, 0.8681318681318682, 0.9780219780219781, 0.9560439560439562, 0.9120879120879122, 0.9780219780219781]","[1.0, 1.0, 1.0, 1.0, 1.0, 1.0, 1.0, 1.0, 1.0, 1.0, 0.6666666666666666, 1.0, 1.0, 1.0, 1.0, 1.0, 1.0, 1.0, 1.0, 1.0, 1.0, 1.0, 0.6666666666666666, 1.0, 1.0, 1.0, 1.0, 1.0, 1.0, 1.0]","[0.8, 1.0, 0.8, 1.0, 0.8, 1.0, 0.8, 1.0, 0.8, 0.8, 1.0, 1.0, 1.0, 1.0, 1.0, 0.8, 0.8, 0.8, 0.8, 1.0, 1.0, 0.8, 1.0, 0.8, 1.0, 0.8, 0.8, 1.0, 0.8, 1.0]"
adult,rf,5000,2,14,b3_is,0.00015264701991696188,0.00011066649428138627,1.0903358565497278e-05,7.904749591527591e-06,0.00011473913881550911,0.00019343767166849323,0.5574275005293584,0.9813919413919414,0.011388112850885306,0.9772893772893774,0.9852014652014652,0.9267399267399268,0.03125381539589972,1.0,0.0,0.8666666666666668,0.09428090415820631,8.523903186878604e-06,0.0,5000.0,46.96403966333212,0.8348466109878206,5000.0,"[0.0002916891529242908, 9.163457666956042e-05, 0.0001023693249573501, 4.874535361919975e-05, 0.00011687642396532392, 0.000326854852561344, 9.183246315089467e-05, 0.000105205923407789, 0.0004731916436157306, 8.819320882908995e-05, 0.00010179014833579154, 5.92425261248077e-05, 7.325917722104349e-05, 0.00026595737708247895, 3.111787436285642e-05, 0.00014685444925255638, 0.0001355283966926886, 6.763120840169471e-05, 9.62274734603433e-05, 0.00014302742205746363, 4.879701824699898e-05, 0.0003469835540070579, 7.390126310124421e-05, 0.0001176183196270048, 0.0002685682466618702, 0.0002810363037467241, 7.152342689042116e-05, 0.00032811194940699683, 8.676580216468137e-05, 9.887573696356045e-05]","[0.9736263736263736, 0.956043956043956, 0.9912087912087912, 0.9780219780219781, 0.9780219780219781, 0.9912087912087912, 0.9692307692307693, 0.9912087912087912, 0.9824175824175824, 0.9956043956043955, 0.9824175824175824, 0.9912087912087912, 0.9824175824175824, 0.9472527472527472, 0.9956043956043955, 0.9868131868131869, 0.9868131868131869, 0.9912087912087912, 0.9824175824175824, 0.9780219780219781, 0.9912087912087912, 0.9736263736263736, 0.9824175824175824, 0.9912087912087912, 0.9824175824175824, 0.9648351648351648, 0.9868131868131869, 0.9648351648351648, 0.9868131868131869, 0.9868131868131869]","[0.9120879120879122, 0.8681318681318682, 0.9560439560439562, 0.9120879120879122, 0.9120879120879122, 0.9560439560439562, 0.9120879120879122, 0.9560439560439562, 0.9120879120879122, 0.9780219780219781, 0.9340659340659341, 0.9560439560439562, 0.9340659340659341, 0.8461538461538461, 0.9780219780219781, 0.9340659340659341, 0.9340659340659341, 0.9560439560439562, 0.9340659340659341, 0.9120879120879122, 0.9560439560439562, 0.8901098901098902, 0.9340659340659341, 0.9560439560439562, 0.9120879120879122, 0.8901098901098902, 0.9340659340659341, 0.8681318681318682, 0.9340659340659341, 0.9340659340659341]","[1.0, 1.0, 1.0, 1.0, 1.0, 1.0, 1.0, 1.0, 1.0, 1.0, 1.0, 1.0, 1.0, 1.0, 1.0, 1.0, 1.0, 1.0, 1.0, 1.0, 1.0, 1.0, 1.0, 1.0, 1.0, 1.0, 1.0, 1.0, 1.0, 1.0]","[1.0, 0.8, 1.0, 0.8, 0.8, 1.0, 1.0, 1.0, 0.8, 1.0, 0.8, 0.8, 0.8, 0.8, 0.8, 0.8, 0.8, 0.8, 0.8, 0.8, 0.8, 1.0, 0.8, 1.0, 0.8, 0.8, 0.8, 0.8, 1.0, 1.0]"
adult,rf,5000,2,14,b4_antithetic,0.002176849970145542,0.00039071624938735435,0.00015548928358182442,2.7908303527668167e-05,0.0020428013858725816,0.0023187818619918262,7.949293989137373,0.9075457875457876,0.01745312658776503,0.9010989010989012,0.913992673992674,0.781684981684982,0.034950506789381865,0.6777777777777779,0.05983516452371672,0.8066666666666669,0.035901098714230015,7.077564146218962e-06,0.0,5000.0,47.0710409433319,3.513251829129732,5000.0,"[0.0026341811677511864, 0.0029798115633574993, 0.0023791450595305017, 0.0021910076898467436, 0.002586572955614354, 0.0023507892415526306, 0.0015125313826423888, 0.0021635396964638544, 0.0018998682025436813, 0.0025874022737506523, 0.0018606447394851871, 0.0013481604152120964, 0.0021695796830745752, 0.0021088797079597886, 0.0016725746468795402, 0.002116058878368958, 0.001879954659618759, 0.002035765494874235, 0.0019212305637344548, 0.002130092566367034, 0.0017822637991053872, 0.002507983886496231, 0.0031150192781482238, 0.002353905653753908, 0.002326464917018842, 0.002026149160949806, 0.0024375302285135052, 0.0017902758372092794, 0.0019621602419928053, 0.002475955512550139]","[0.9120879120879121, 0.9164835164835166, 0.9076923076923077, 0.9120879120879121, 0.8769230769230769, 0.8945054945054945, 0.9384615384615385, 0.9076923076923077, 0.9032967032967033, 0.8945054945054945, 0.9252747252747253, 0.9208791208791209, 0.9032967032967033, 0.8945054945054945, 0.9120879120879121, 0.9076923076923077, 0.8813186813186813, 0.9164835164835166, 0.9076923076923077, 0.8901098901098902, 0.9472527472527472, 0.9120879120879121, 0.8945054945054945, 0.9164835164835166, 0.9120879120879121, 0.9164835164835166, 0.8945054945054945, 0.9384615384615385, 0.8637362637362638, 0.9076923076923077]","[0.8021978021978022, 0.7802197802197802, 0.7802197802197802, 0.8021978021978022, 0.7362637362637363, 0.7362637362637363, 0.8021978021978022, 0.7802197802197802, 0.7802197802197802, 0.7362637362637363, 0.8021978021978022, 0.8021978021978022, 0.7802197802197802, 0.7582417582417583, 0.7802197802197802, 0.8021978021978022, 0.7582417582417583, 0.8241758241758242, 0.8021978021978022, 0.7362637362637363, 0.8241758241758242, 0.8021978021978022, 0.7362637362637363, 0.8241758241758242, 0.8021978021978022, 0.8241758241758242, 0.7362637362637363, 0.8461538461538461, 0.6923076923076924, 0.7802197802197802]","[0.6666666666666666, 0.6666666666666666, 0.6666666666666666, 0.6666666666666666, 0.6666666666666666, 0.6666666666666666, 0.6666666666666666, 0.6666666666666666, 0.6666666666666666, 0.6666666666666666, 0.6666666666666666, 0.6666666666666666, 0.6666666666666666, 0.6666666666666666, 0.6666666666666666, 0.6666666666666666, 0.6666666666666666, 0.6666666666666666, 0.6666666666666666, 0.6666666666666666, 1.0, 0.6666666666666666, 0.6666666666666666, 0.6666666666666666, 0.6666666666666666, 0.6666666666666666, 0.6666666666666666, 0.6666666666666666, 0.6666666666666666, 0.6666666666666666]","[0.8, 0.8, 0.8, 0.8, 0.8, 0.8, 1.0, 0.8, 0.8, 0.8, 0.8, 0.8, 0.8, 0.8, 0.8, 0.8, 0.8, 0.8, 0.8, 0.8, 0.8, 0.8, 0.8, 0.8, 0.8, 0.8, 0.8, 0.8, 0.8, 0.8]"
adult,rf,5000,3,14,abc_shap,0.0005649265771724872,0.0005776656162558277,4.0351898369463375e-05,4.1261829732559126e-05,0.0003591126332758353,0.0007898621548445094,11.359219623896845,0.911941391941392,0.06355141398113812,0.8863003663003665,0.9337765567765567,0.7963369963369966,0.10795860524418253,0.9222222222222223,0.14098419489388359,0.9933333333333334,0.03590109871423002,3.522845130797923e-05,2352.0,2648.0,45.15192582333257,1.5997906598402505,2352.0,"[0.00021899972982647022, 0.0008072209515741717, 0.0019751686010142074, 0.0010494638395931548, 0.0005900590667828597, 4.918148768702458e-05, 0.0010544540736016834, 0.0007969451199176297, 0.000127544177587624, 0.00013206066477023079, 0.00016241595426584897, 4.061180536447203e-05, 0.00016902611416629783, 0.0003144712884588076, 0.0014448268509274686, 0.00024404795069855734, 2.7991367824420014e-05, 0.0013197101726744793, 0.00013572157622662964, 0.0011053271947133695, 0.00011365794401196007, 0.002108403104820598, 6.690239212771033e-05, 0.00028225624512630574, 0.0003066596821209614, 0.0001314893326115391, 0.0003808653017771253, 0.0006244849726407405, 0.0011297146950992694, 3.811565716299819e-05]","[0.8153846153846154, 0.9120879120879121, 0.8373626373626375, 0.9120879120879121, 0.8021978021978022, 0.9824175824175824, 0.9164835164835166, 0.9164835164835166, 0.9428571428571428, 0.9824175824175824, 0.9824175824175824, 0.9868131868131869, 0.956043956043956, 0.832967032967033, 0.767032967032967, 0.8813186813186813, 0.9824175824175824, 0.8681318681318682, 0.9340659340659341, 0.8857142857142857, 0.9692307692307693, 0.8241758241758241, 0.9956043956043955, 0.9648351648351648, 0.832967032967033, 0.9340659340659341, 0.9472527472527472, 0.9340659340659341, 0.8813186813186813, 0.9780219780219781]","[0.6923076923076924, 0.7362637362637363, 0.6703296703296704, 0.7582417582417583, 0.6483516483516484, 0.9340659340659341, 0.7582417582417583, 0.7582417582417583, 0.8461538461538461, 0.9340659340659341, 0.9340659340659341, 0.9560439560439562, 0.8681318681318682, 0.6923076923076924, 0.5604395604395604, 0.7582417582417583, 0.9340659340659341, 0.6923076923076924, 0.8461538461538461, 0.7362637362637363, 0.8901098901098902, 0.6483516483516484, 0.9780219780219781, 0.8681318681318682, 0.7142857142857144, 0.8461538461538461, 0.8241758241758242, 0.7802197802197802, 0.7142857142857144, 0.9120879120879122]","[1.0, 1.0, 1.0, 1.0, 0.6666666666666666, 1.0, 1.0, 1.0, 0.6666666666666666, 1.0, 1.0, 1.0, 1.0, 1.0, 0.6666666666666666, 0.6666666666666666, 1.0, 1.0, 1.0, 1.0, 0.6666666666666666, 1.0, 1.0, 1.0, 0.6666666666666666, 0.6666666666666666, 1.0, 1.0, 1.0, 1.0]","[1.0, 1.0, 1.0, 1.0, 1.0, 1.0, 1.0, 1.0, 1.0, 1.0, 1.0, 1.0, 1.0, 1.0, 0.8, 1.0, 1.0, 1.0, 1.0, 1.0, 1.0, 1.0, 1.0, 1.0, 1.0, 1.0, 1.0, 1.0, 1.0, 1.0]"
adult,rf,5000,3,14,b1_uniform,0.00034647180951768525,0.00012273655840957685,2.4747986394120374e-05,8.766897029255489e-06,0.0003019311400366576,0.00038964713051620864,6.966656441441736,0.9449084249084249,0.019974087253277064,0.9378717948717948,0.951941391941392,0.8366300366300368,0.04563932051918687,0.9777777777777777,0.08314794192830981,1.0,0.0,8.165762210010046e-06,0.0,5000.0,43.887667753333034,1.6334480882834932,5000.0,"[0.00039387434547405816, 0.0004365631667976145, 0.0003624529328990442, 0.000270489009012141, 0.0002653119683280275, 0.0001898055742798625, 0.0004450045554188706, 0.0004015255200847372, 0.00014408823302396756, 0.000442138531770273, 0.0003078134242738944, 0.0004618471529526528, 0.00038366811795554506, 0.0003564819342150814, 0.0006485221281214052, 0.00032315557399630556, 0.00024235728633718425, 0.00029012445595306215, 0.00040974300178036574, 0.0005265007485098296, 0.00040987912943401877, 0.00024472193896427194, 0.000203865230162797, 0.00027374723415838644, 0.0005699686294973684, 0.00018428088189678573, 0.0001015957034307373, 0.00031059843344403515, 0.000382162584349351, 0.0004118668590088844]","[0.956043956043956, 0.9472527472527472, 0.9604395604395607, 0.9516483516483516, 0.9472527472527472, 0.9384615384615385, 0.9516483516483516, 0.9340659340659341, 0.9164835164835166, 0.9604395604395607, 0.9516483516483516, 0.9296703296703297, 0.9208791208791209, 0.9692307692307693, 0.9604395604395607, 0.956043956043956, 0.9472527472527472, 0.9076923076923077, 0.9604395604395607, 0.9120879120879121, 0.9428571428571428, 0.9736263736263736, 0.9120879120879121, 0.9868131868131869, 0.9252747252747253, 0.9472527472527472, 0.9252747252747253, 0.9472527472527472, 0.9296703296703297, 0.9780219780219781]","[0.8681318681318682, 0.8681318681318682, 0.8681318681318682, 0.8461538461538461, 0.8241758241758242, 0.8021978021978022, 0.8681318681318682, 0.8021978021978022, 0.7582417582417583, 0.8681318681318682, 0.8461538461538461, 0.8021978021978022, 0.8021978021978022, 0.8901098901098902, 0.8681318681318682, 0.8681318681318682, 0.8241758241758242, 0.7582417582417583, 0.8681318681318682, 0.7582417582417583, 0.8461538461538461, 0.9120879120879122, 0.7802197802197802, 0.9340659340659341, 0.8021978021978022, 0.8241758241758242, 0.8021978021978022, 0.8241758241758242, 0.8021978021978022, 0.9120879120879122]","[1.0, 1.0, 1.0, 1.0, 1.0, 1.0, 1.0, 1.0, 1.0, 1.0, 1.0, 1.0, 1.0, 1.0, 1.0, 1.0, 0.6666666666666666, 1.0, 1.0, 1.0, 1.0, 1.0, 0.6666666666666666, 1.0, 1.0, 1.0, 1.0, 1.0, 1.0, 1.0]","[1.0, 1.0, 1.0, 1.0, 1.0, 1.0, 1.0, 1.0, 1.0, 1.0, 1.0, 1.0, 1.0, 1.0, 1.0, 1.0, 1.0, 1.0, 1.0, 1.0, 1.0, 1.0, 1.0, 1.0, 1.0, 1.0, 1.0, 1.0, 1.0, 1.0]"
adult,rf,5000,3,14,b2_stratified,4.973286861925167e-05,4.7022806440631557e-05,3.5523477585179764e-06,3.3587718886165396e-06,3.41143482715076e-05,6.858956702980991e-05,1.0,0.9893040293040294,0.00597148245342557,0.9871062271062272,0.9913553113553114,0.9553113553113555,0.020837307916963952,1.0,0.0,1.0,0.0,2.9104882478738968e-06,0.0,5000.0,44.96893706999933,1.2065953419700215,5000.0,"[3.0156042690774964e-05, 1.9323200605540003e-05, 1.5207395978840136e-05, 0.00013570103269725992, 3.16944815806507e-05, 4.9051721835277005e-05, 1.5444265804094782e-05, 1.8432122321519876e-05, 4.823331128975386e-05, 1.7108653258165416e-05, 7.228590402657059e-05, 1.2303358233616594e-05, 3.1613611320726385e-05, 7.724659199906251e-05, 0.00010843213354408193, 4.42467053991272e-05, 5.640659873884567e-06, 1.805135873329447e-05, 0.00019525300706764762, 2.6462239535206904e-05, 0.00014491852899539755, 2.1102177945957505e-05, 1.887389707839375e-05, 0.00012626922771138117, 4.31433305420217e-05, 8.352714865264336e-05, 3.533891708366011e-05, 2.649764602490663e-05, 1.282484034322192e-05, 7.602546404871242e-06]","[0.9912087912087912, 0.9912087912087912, 0.9824175824175824, 0.9824175824175824, 0.9824175824175824, 0.9912087912087912, 0.9956043956043955, 0.9956043956043955, 0.9956043956043955, 0.9912087912087912, 0.9824175824175824, 0.9956043956043955, 0.9956043956043955, 0.9868131868131869, 0.9824175824175824, 1.0, 0.9824175824175824, 0.9912087912087912, 0.9780219780219781, 0.9868131868131869, 0.9780219780219781, 0.9868131868131869, 0.9956043956043955, 0.9912087912087912, 0.9824175824175824, 0.9956043956043955, 0.9912087912087912, 0.9912087912087912, 0.9956043956043955, 0.9912087912087912]","[0.9560439560439562, 0.9560439560439562, 0.9340659340659341, 0.9340659340659341, 0.9340659340659341, 0.9560439560439562, 0.9780219780219781, 0.9780219780219781, 0.9780219780219781, 0.9560439560439562, 0.9340659340659341, 0.9780219780219781, 0.9780219780219781, 0.9560439560439562, 0.9340659340659341, 1.0, 0.9340659340659341, 0.9560439560439562, 0.9120879120879122, 0.9560439560439562, 0.9120879120879122, 0.9560439560439562, 0.9780219780219781, 0.9560439560439562, 0.9340659340659341, 0.9780219780219781, 0.9560439560439562, 0.9560439560439562, 0.9780219780219781, 0.9560439560439562]","[1.0, 1.0, 1.0, 1.0, 1.0, 1.0, 1.0, 1.0, 1.0, 1.0, 1.0, 1.0, 1.0, 1.0, 1.0, 1.0, 1.0, 1.0, 1.0, 1.0, 1.0, 1.0, 1.0, 1.0, 1.0, 1.0, 1.0, 1.0, 1.0, 1.0]","[1.0, 1.0, 1.0, 1.0, 1.0, 1.0, 1.0, 1.0, 1.0, 1.0, 1.0, 1.0, 1.0, 1.0, 1.0, 1.0, 1.0, 1.0, 1.0, 1.0, 1.0, 1.0, 1.0, 1.0, 1.0, 1.0, 1.0, 1.0, 1.0, 1.0]"
adult,rf,5000,3,14,b3_is,3.210864987244178e-05,2.5882156197058658e-05,2.2934749908886988e-06,1.848725442647047e-06,2.3222086880251652e-05,4.130136757892918e-05,0.6456223170688463,0.9909157509157509,0.005890036994063505,0.9887179487179487,0.9928241758241758,0.961904761904762,0.02118217186051422,1.0,0.0,1.0,0.0,1.602656371079495e-06,0.0,5000.0,45.07792218333392,1.2048509061279165,5000.0,"[3.1963071809082035e-05, 2.002051381768622e-05, 1.3755723507019754e-05, 1.8705577957285886e-05, 1.2955581133465462e-05, 8.232799034458122e-05, 7.242098632914517e-06, 6.846198611449439e-06, 1.3878004118161986e-05, 1.7888863046049888e-05, 7.450372608095659e-05, 8.847777411159771e-06, 4.330846909433965e-05, 1.7867409783508992e-05, 3.44546643101833e-05, 1.3601535817992684e-05, 1.4208812818652319e-05, 3.822869630376915e-05, 1.4699706390735735e-05, 4.038584586698249e-05, 5.2618558686824244e-05, 6.389651169998443e-05, 9.597476492328907e-06, 2.0016540806986632e-05, 1.4662478230027862e-05, 2.559824543063368e-05, 4.5790360139798456e-05, 7.14363161248066e-05, 1.9999218337626373e-05, 0.00011395352336825905]","[0.9956043956043955, 0.9956043956043955, 0.9912087912087912, 0.9868131868131869, 0.9824175824175824, 0.9824175824175824, 1.0, 0.9956043956043955, 0.9956043956043955, 0.9956043956043955, 0.9956043956043955, 1.0, 0.9912087912087912, 0.9868131868131869, 0.9824175824175824, 0.9912087912087912, 0.9956043956043955, 0.9912087912087912, 0.9868131868131869, 0.9956043956043955, 0.9912087912087912, 0.9824175824175824, 0.9956043956043955, 0.9824175824175824, 1.0, 0.9912087912087912, 0.9912087912087912, 0.9868131868131869, 0.9780219780219781, 0.9912087912087912]","[0.9780219780219781, 0.9780219780219781, 0.9560439560439562, 0.9560439560439562, 0.9340659340659341, 0.9340659340659341, 1.0, 0.9780219780219781, 0.9780219780219781, 0.9780219780219781, 0.9780219780219781, 1.0, 0.9560439560439562, 0.9560439560439562, 0.9340659340659341, 0.9560439560439562, 0.9780219780219781, 0.9560439560439562, 0.9560439560439562, 0.9780219780219781, 0.9560439560439562, 0.9340659340659341, 0.9780219780219781, 0.9340659340659341, 1.0, 0.9560439560439562, 0.9560439560439562, 0.9560439560439562, 0.9120879120879122, 0.9560439560439562]","[1.0, 1.0, 1.0, 1.0, 1.0, 1.0, 1.0, 1.0, 1.0, 1.0, 1.0, 1.0, 1.0, 1.0, 1.0, 1.0, 1.0, 1.0, 1.0, 1.0, 1.0, 1.0, 1.0, 1.0, 1.0, 1.0, 1.0, 1.0, 1.0, 1.0]","[1.0, 1.0, 1.0, 1.0, 1.0, 1.0, 1.0, 1.0, 1.0, 1.0, 1.0, 1.0, 1.0, 1.0, 1.0, 1.0, 1.0, 1.0, 1.0, 1.0, 1.0, 1.0, 1.0, 1.0, 1.0, 1.0, 1.0, 1.0, 1.0, 1.0]"
adult,rf,5000,3,14,b4_antithetic,0.00029577080865688895,8.392815776106096e-05,2.1126486332634924e-05,5.994868411504354e-06,0.00026245614945215556,0.000323977041793674,5.947189793560302,0.9585347985347986,0.0219100291362808,0.9506227106227105,0.9664468864468866,0.8725274725274726,0.04894737901389032,1.0,0.0,1.0,0.0,1.996971961385024e-06,0.0,5000.0,43.928577369999644,1.4585790426312808,5000.0,"[0.0002628950854252196, 0.0002958958095025775, 0.0004309167358097465, 0.00034918347543130124, 0.0004263767914223243, 0.000288353246184717, 0.00026651264958432974, 0.00017093423081852442, 0.00039882044963149104, 0.00035729288216698735, 0.0002893999597213746, 0.0003693905126579658, 0.00028651283894359504, 0.00017123486587443024, 0.0003524070562336951, 0.0001110477113227823, 0.0003625755372727769, 0.00019463300015243573, 0.00022002922787056977, 0.0003313472030070747, 0.00034747858029605824, 0.0001916462718967272, 0.0003431423976535188, 0.0003913391325576005, 0.00023825577723104508, 0.00014191570462738292, 0.0003916997066209074, 0.000296585332046329, 0.0002980202297972391, 0.0002972818579459415]","[0.9868131868131869, 0.9868131868131869, 0.9164835164835166, 0.9912087912087912, 0.9252747252747253, 0.9516483516483516, 0.9428571428571428, 0.9692307692307693, 0.9252747252747253, 0.9780219780219781, 0.9868131868131869, 0.9736263736263736, 0.9516483516483516, 0.956043956043956, 0.9516483516483516, 0.9208791208791209, 0.9736263736263736, 0.9252747252747253, 0.9780219780219781, 0.9604395604395607, 0.956043956043956, 0.956043956043956, 0.9428571428571428, 0.9692307692307693, 0.9780219780219781, 0.956043956043956, 0.9252747252747253, 0.9648351648351648, 0.9824175824175824, 0.9736263736263736]","[0.9340659340659341, 0.9340659340659341, 0.8021978021978022, 0.9560439560439562, 0.8021978021978022, 0.8461538461538461, 0.8241758241758242, 0.8901098901098902, 0.8021978021978022, 0.9120879120879122, 0.9340659340659341, 0.9120879120879122, 0.8461538461538461, 0.8681318681318682, 0.8681318681318682, 0.7802197802197802, 0.9120879120879122, 0.8021978021978022, 0.9120879120879122, 0.8681318681318682, 0.8681318681318682, 0.8681318681318682, 0.8241758241758242, 0.8901098901098902, 0.9120879120879122, 0.8681318681318682, 0.8021978021978022, 0.8901098901098902, 0.9340659340659341, 0.9120879120879122]","[1.0, 1.0, 1.0, 1.0, 1.0, 1.0, 1.0, 1.0, 1.0, 1.0, 1.0, 1.0, 1.0, 1.0, 1.0, 1.0, 1.0, 1.0, 1.0, 1.0, 1.0, 1.0, 1.0, 1.0, 1.0, 1.0, 1.0, 1.0, 1.0, 1.0]","[1.0, 1.0, 1.0, 1.0, 1.0, 1.0, 1.0, 1.0, 1.0, 1.0, 1.0, 1.0, 1.0, 1.0, 1.0, 1.0, 1.0, 1.0, 1.0, 1.0, 1.0, 1.0, 1.0, 1.0, 1.0, 1.0, 1.0, 1.0, 1.0, 1.0]"
adult,rf,5000,4,14,abc_shap,0.007375880624864401,0.006081540933769211,0.000526848616061743,0.00043439578098351507,0.00536334994435194,0.009593292786417096,7.396844384156978,0.7030036630036631,0.20047259972328557,0.632084249084249,0.7758791208791209,0.558974358974359,0.21375878358783162,0.611111111111111,0.2865288212939473,0.7800000000000001,0.13012814197295425,0.00039933423576463286,2352.0,2648.0,48.03294455000141,1.696750847302055,2352.0,"[0.009570909067701095, 0.0011238571190014901, 0.014183137412129732, 0.0012503987738593098, 0.01337305403291038, 0.010033415083900904, 0.0012656900465817039, 0.005021565260794067, 0.0009678171059156013, 0.008438168954359719, 0.002981192234916932, 0.004138292338562418, 0.0026502862922500666, 0.00854797271901094, 0.021843207842569604, 0.0026348463815557203, 0.015953955284278717, 0.0026991417968525245, 0.014494015449803572, 0.0012908933890432316, 0.0026886565467500343, 0.0014323827091862063, 0.009215080580376542, 0.024305686811736168, 0.0019057907988678446, 0.008227039920803843, 0.007946426563210046, 0.005617080005961666, 0.00904280549108061, 0.00843365273196137]","[0.5076923076923077, 0.9340659340659341, 0.4241758241758242, 0.9296703296703297, 0.4901098901098901, 0.8153846153846154, 0.9472527472527472, 0.7054945054945055, 0.9428571428571428, 0.5164835164835165, 0.8197802197802198, 0.8153846153846154, 0.956043956043956, 0.5780219780219781, 0.6175824175824175, 0.7934065934065934, 0.49890109890109896, 0.8285714285714285, 0.5032967032967033, 0.9428571428571428, 0.8637362637362638, 0.9384615384615385, 0.3494505494505495, 0.389010989010989, 0.956043956043956, 0.4681318681318682, 0.5164835164835165, 0.7494505494505495, 0.7714285714285714, 0.5208791208791209]","[0.3406593406593407, 0.8461538461538461, 0.3406593406593407, 0.7802197802197802, 0.3186813186813187, 0.6703296703296704, 0.8461538461538461, 0.5604395604395604, 0.8241758241758242, 0.3186813186813187, 0.6263736263736264, 0.6703296703296704, 0.8461538461538461, 0.4065934065934066, 0.3626373626373627, 0.6703296703296704, 0.3406593406593407, 0.6703296703296704, 0.3626373626373627, 0.8241758241758242, 0.7142857142857144, 0.8241758241758242, 0.23076923076923078, 0.2527472527472528, 0.8681318681318682, 0.3186813186813187, 0.3626373626373627, 0.5824175824175825, 0.6043956043956044, 0.38461538461538464]","[0.3333333333333333, 1.0, 0.3333333333333333, 0.6666666666666666, 0.3333333333333333, 1.0, 1.0, 0.3333333333333333, 0.6666666666666666, 0.3333333333333333, 0.6666666666666666, 1.0, 0.6666666666666666, 0.3333333333333333, 0.3333333333333333, 0.6666666666666666, 1.0, 0.3333333333333333, 0.3333333333333333, 1.0, 0.6666666666666666, 1.0, 0.3333333333333333, 0.3333333333333333, 1.0, 0.3333333333333333, 0.3333333333333333, 0.6666666666666666, 1.0, 0.3333333333333333]","[0.8, 1.0, 0.6, 1.0, 0.6, 1.0, 0.8, 0.8, 1.0, 0.8, 0.8, 0.8, 0.8, 0.8, 0.8, 0.6, 0.6, 0.8, 0.6, 0.8, 1.0, 0.8, 0.6, 0.8, 0.8, 0.8, 0.6, 0.8, 0.6, 0.8]"
adult,rf,5000,4,14,b1_uniform,0.010169352489130031,0.00247431700754579,0.000726382320652145,0.0001767369291104136,0.009339861238275507,0.01100572566597444,10.198255866040013,0.5328937728937729,0.17170610889027968,0.4732454212454213,0.5877069597069597,0.3941391941391942,0.15234044262886237,0.47777777777777786,0.16517854163687226,0.6933333333333335,0.12364824660660942,0.00018663856371193635,0.0,5000.0,47.14256456666674,0.3491469219511833,5000.0,"[0.00798173332346759, 0.01188946050426101, 0.014560913382103436, 0.010383308390922644, 0.010638638565676572, 0.012095542186364015, 0.005853241469117058, 0.010142819588495819, 0.0032671714362189274, 0.012769443011255616, 0.009161467339557883, 0.006556238370508194, 0.011974844144440031, 0.009004691612572314, 0.013313699884682832, 0.010641193334765743, 0.009796690577877994, 0.012955518842940586, 0.011573588798944986, 0.01229987204999361, 0.011382567873213834, 0.011346919550079309, 0.010694951504151083, 0.012827638605249934, 0.0070375268842000314, 0.009524895260178847, 0.007162296397877739, 0.01047828211648867, 0.007550738599651566, 0.010214681068643115]","[0.6967032967032967, 0.432967032967033, 0.4241758241758242, 0.432967032967033, 0.5912087912087912, 0.4769230769230769, 0.5428571428571429, 0.4593406593406593, 0.8637362637362638, 0.48571428571428577, 0.6527472527472528, 0.7318681318681319, 0.5824175824175825, 0.7142857142857143, 0.6, 0.6967032967032967, 0.3274725274725274, 0.178021978021978, 0.5164835164835165, 0.3274725274725274, 0.410989010989011, 0.432967032967033, 0.6703296703296703, 0.5076923076923077, 0.7890109890109891, 0.4769230769230769, 0.8197802197802198, 0.1824175824175824, 0.6351648351648352, 0.3274725274725274]","[0.5604395604395604, 0.27472527472527475, 0.2087912087912088, 0.3626373626373627, 0.4065934065934066, 0.2967032967032967, 0.3406593406593407, 0.27472527472527475, 0.7142857142857144, 0.38461538461538464, 0.5164835164835165, 0.5164835164835165, 0.42857142857142855, 0.5604395604395604, 0.5164835164835165, 0.5384615384615384, 0.2527472527472528, 0.07692307692307693, 0.38461538461538464, 0.18681318681318684, 0.3186813186813187, 0.3406593406593407, 0.5384615384615384, 0.3626373626373627, 0.6043956043956044, 0.3406593406593407, 0.6483516483516484, 0.14285714285714285, 0.4725274725274726, 0.2527472527472528]","[0.6666666666666666, 0.6666666666666666, 0.3333333333333333, 0.6666666666666666, 0.6666666666666666, 0.3333333333333333, 0.3333333333333333, 0.3333333333333333, 0.6666666666666666, 0.3333333333333333, 0.3333333333333333, 0.6666666666666666, 0.3333333333333333, 0.6666666666666666, 0.6666666666666666, 0.6666666666666666, 0.6666666666666666, 0.3333333333333333, 0.3333333333333333, 0.3333333333333333, 0.3333333333333333, 0.6666666666666666, 0.6666666666666666, 0.3333333333333333, 0.3333333333333333, 0.3333333333333333, 0.6666666666666666, 0.3333333333333333, 0.3333333333333333, 0.3333333333333333]","[0.6, 0.8, 0.6, 0.6, 0.6, 0.8, 0.8, 0.8, 0.8, 0.8, 0.6, 0.8, 0.8, 0.8, 0.6, 0.8, 0.6, 0.4, 0.6, 0.6, 0.6, 0.8, 0.6, 0.6, 0.8, 0.8, 0.8, 0.4, 0.8, 0.8]"
adult,rf,5000,4,14,b2_stratified,0.0009971658509759273,0.0005388925501245421,7.122613221256624e-05,3.8492325008895864e-05,0.0008169625417531607,0.0011862466927646993,1.0,0.9446153846153845,0.02856804713718141,0.9343589743589743,0.9548717948717951,0.8490842490842492,0.0552324595603539,0.9333333333333333,0.13333333333333336,0.9,0.09999999999999999,6.0490020095154265e-05,0.0,5000.0,47.221382683334134,0.6550263043980068,5000.0,"[0.001073325019671687, 0.0003616605819837171, 0.002031709873414324, 0.0008350044104684472, 0.0004985214593529583, 0.0018095192447433967, 0.0008668735697159515, 0.0007717106221498641, 0.0009942262739675676, 0.0008319198732175486, 0.0003437960579072173, 0.0009274069646561736, 0.002435583791277914, 0.0007795341343301231, 0.0007979553100331212, 0.0015786555826933096, 0.00017402038585023243, 0.0014942480926117825, 0.0006442680655832156, 0.001392253324580135, 0.0007924753552141265, 0.0006684571360551861, 0.0015260924344199151, 0.0005429739994449192, 0.0013062873303047256, 0.0004459644637824633, 0.0005007454241350837, 0.0006023622208386077, 0.0011013228104989714, 0.0017861017163751333]","[0.9736263736263736, 0.956043956043956, 0.8945054945054945, 0.9340659340659341, 0.8769230769230769, 0.9472527472527472, 0.9208791208791209, 0.9824175824175824, 0.9604395604395607, 0.956043956043956, 0.9912087912087912, 0.9428571428571428, 0.9032967032967033, 0.9296703296703297, 0.9428571428571428, 0.9604395604395607, 0.9780219780219781, 0.9208791208791209, 0.9296703296703297, 0.9604395604395607, 0.956043956043956, 0.9604395604395607, 0.9692307692307693, 0.956043956043956, 0.9472527472527472, 0.9824175824175824, 0.9296703296703297, 0.9516483516483516, 0.9472527472527472, 0.8769230769230769]","[0.9120879120879122, 0.8681318681318682, 0.7802197802197802, 0.8021978021978022, 0.7362637362637363, 0.8241758241758242, 0.8021978021978022, 0.9340659340659341, 0.8681318681318682, 0.8681318681318682, 0.9560439560439562, 0.8461538461538461, 0.7802197802197802, 0.8021978021978022, 0.8241758241758242, 0.8461538461538461, 0.9120879120879122, 0.7802197802197802, 0.8461538461538461, 0.8461538461538461, 0.8901098901098902, 0.8901098901098902, 0.9120879120879122, 0.8681318681318682, 0.8681318681318682, 0.9340659340659341, 0.8241758241758242, 0.8461538461538461, 0.8681318681318682, 0.7362637362637363]","[1.0, 1.0, 1.0, 1.0, 1.0, 1.0, 0.6666666666666666, 1.0, 1.0, 0.6666666666666666, 1.0, 1.0, 0.6666666666666666, 1.0, 1.0, 0.6666666666666666, 1.0, 1.0, 1.0, 0.6666666666666666, 1.0, 1.0, 0.6666666666666666, 1.0, 1.0, 1.0, 1.0, 1.0, 1.0, 1.0]","[1.0, 1.0, 1.0, 1.0, 0.8, 0.8, 0.8, 1.0, 0.8, 1.0, 1.0, 1.0, 0.8, 0.8, 0.8, 0.8, 1.0, 0.8, 0.8, 0.8, 1.0, 0.8, 1.0, 0.8, 1.0, 0.8, 1.0, 1.0, 0.8, 1.0]"
adult,rf,5000,4,14,b3_is,0.0005624370614455716,0.0004265128880143754,4.017407581754082e-05,3.04652062867411e-05,0.00041209632716426744,0.0007323975070344912,0.5640356224544932,0.9635164835164837,0.027383592311512113,0.9534029304029303,0.9734835164835165,0.8959706959706961,0.05529073190948928,1.0,0.0,0.94,0.09165151389911678,2.7773571483216435e-05,0.0,5000.0,47.53741687333338,1.0988217108765577,5000.0,"[0.0006534737702515288, 0.0007547563282639686, 0.0005194649687312969, 7.064070437431472e-05, 0.0005244773777428939, 0.0001532141122245827, 0.00026981001747622803, 0.0004303151982577416, 0.0005449351631919545, 0.00013402590932614427, 0.0006699173412991038, 0.0019996261579323547, 0.0005317516222282138, 0.0001893739457812899, 0.00020712173090053055, 0.00017800645701012422, 0.0008442271651715012, 0.00028483105921629044, 0.00028756414711771376, 0.0013786487022368018, 0.0009819250960367556, 0.0006303419189796074, 0.0002126220329895775, 0.0006959893044783732, 0.0014375950005992442, 0.0003992015378889832, 0.0006321208447007662, 0.00020832025781348872, 0.0007201763839005365, 0.0003286375872452381]","[0.9868131868131869, 0.9076923076923077, 0.9472527472527472, 0.9956043956043955, 0.9648351648351648, 0.9824175824175824, 0.9340659340659341, 0.9824175824175824, 0.9516483516483516, 0.9912087912087912, 0.9296703296703297, 0.9868131868131869, 0.9956043956043955, 0.9428571428571428, 0.9736263736263736, 0.9780219780219781, 0.9824175824175824, 0.9648351648351648, 0.9824175824175824, 0.9516483516483516, 0.9604395604395607, 0.9252747252747253, 0.9912087912087912, 0.9912087912087912, 0.9824175824175824, 0.9472527472527472, 0.8901098901098902, 0.9868131868131869, 0.9296703296703297, 0.9692307692307693]","[0.9560439560439562, 0.7802197802197802, 0.8681318681318682, 0.9780219780219781, 0.8901098901098902, 0.9340659340659341, 0.8241758241758242, 0.9340659340659341, 0.8681318681318682, 0.9560439560439562, 0.8241758241758242, 0.9340659340659341, 0.9780219780219781, 0.8461538461538461, 0.9120879120879122, 0.9120879120879122, 0.9120879120879122, 0.8901098901098902, 0.9340659340659341, 0.8461538461538461, 0.8901098901098902, 0.8681318681318682, 0.9560439560439562, 0.9560439560439562, 0.9340659340659341, 0.8461538461538461, 0.7802197802197802, 0.9560439560439562, 0.8241758241758242, 0.8901098901098902]","[1.0, 1.0, 1.0, 1.0, 1.0, 1.0, 1.0, 1.0, 1.0, 1.0, 1.0, 1.0, 1.0, 1.0, 1.0, 1.0, 1.0, 1.0, 1.0, 1.0, 1.0, 1.0, 1.0, 1.0, 1.0, 1.0, 1.0, 1.0, 1.0, 1.0]","[1.0, 0.8, 1.0, 1.0, 1.0, 1.0, 0.8, 1.0, 1.0, 1.0, 1.0, 1.0, 1.0, 1.0, 1.0, 0.8, 1.0, 1.0, 1.0, 0.8, 0.8, 1.0, 1.0, 0.8, 1.0, 0.8, 1.0, 1.0, 0.8, 0.8]"
adult,rf,5000,4,14,b4_antithetic,0.008718201258816831,0.0014949208197497681,0.0006227286613440594,0.00010678005855355487,0.00811555547881246,0.009215561453983955,8.742980167526113,0.6165567765567767,0.09702034827798209,0.5827069597069598,0.6548021978021981,0.4527472527472528,0.08612655619215216,0.4222222222222223,0.14740554623801777,0.7600000000000002,0.08000000000000003,7.168006774300141e-05,0.0,5000.0,47.67350423999839,1.8889873486441475,5000.0,"[0.007055729768527385, 0.009196121947375261, 0.010312435684005004, 0.005925830750088526, 0.010433026034211835, 0.008316850995688668, 0.007592952805065586, 0.00856695359650963, 0.007491746071068057, 0.008519067077970042, 0.010592348720985988, 0.00860749939616865, 0.009252187703605677, 0.010766420542599927, 0.010221465006657788, 0.004944695045962773, 0.009927121494267442, 0.006644809775048828, 0.00771823169877824, 0.009099372375436347, 0.00858644955581854, 0.009872222545019817, 0.008228660230771153, 0.01058137991045033, 0.008526828268967505, 0.00695275500965591, 0.008834237014066701, 0.007619467146863101, 0.01053359125373321, 0.010625580339136973]","[0.7802197802197802, 0.5428571428571429, 0.5560439560439561, 0.767032967032967, 0.4945054945054946, 0.5516483516483517, 0.6791208791208792, 0.6791208791208792, 0.6, 0.5824175824175825, 0.5604395604395604, 0.5956043956043956, 0.745054945054945, 0.48571428571428577, 0.4681318681318682, 0.7978021978021977, 0.5208791208791209, 0.7538461538461538, 0.7802197802197802, 0.5472527472527472, 0.5648351648351648, 0.6263736263736264, 0.621978021978022, 0.6043956043956044, 0.5736263736263736, 0.6747252747252748, 0.6351648351648352, 0.7010989010989012, 0.5384615384615385, 0.4681318681318682]","[0.6043956043956044, 0.4065934065934066, 0.3626373626373627, 0.5824175824175825, 0.4065934065934066, 0.38461538461538464, 0.5164835164835165, 0.4725274725274726, 0.4945054945054945, 0.45054945054945056, 0.38461538461538464, 0.38461538461538464, 0.5384615384615384, 0.3186813186813187, 0.3406593406593407, 0.6043956043956044, 0.38461538461538464, 0.5604395604395604, 0.6263736263736264, 0.4065934065934066, 0.4065934065934066, 0.45054945054945056, 0.4945054945054945, 0.4725274725274726, 0.45054945054945056, 0.45054945054945056, 0.45054945054945056, 0.5164835164835165, 0.3626373626373627, 0.2967032967032967]","[0.3333333333333333, 0.3333333333333333, 0.3333333333333333, 0.3333333333333333, 0.6666666666666666, 0.3333333333333333, 0.3333333333333333, 0.3333333333333333, 0.6666666666666666, 0.6666666666666666, 0.3333333333333333, 0.6666666666666666, 0.3333333333333333, 0.3333333333333333, 0.3333333333333333, 0.3333333333333333, 0.3333333333333333, 0.3333333333333333, 0.3333333333333333, 0.6666666666666666, 0.3333333333333333, 0.3333333333333333, 0.6666666666666666, 0.6666666666666666, 0.6666666666666666, 0.3333333333333333, 0.3333333333333333, 0.3333333333333333, 0.3333333333333333, 0.3333333333333333]","[0.8, 0.8, 0.6, 0.8, 0.8, 0.8, 0.8, 0.8, 0.8, 0.8, 0.8, 0.8, 0.8, 0.6, 0.6, 0.8, 0.6, 0.8, 0.8, 0.8, 0.8, 0.6, 0.8, 0.8, 0.8, 0.8, 0.6, 0.8, 0.8, 0.8]"
adult,rf,5000,5,14,abc_shap,0.002306747812650597,0.0019005613627833453,0.00016476770090361408,0.00013575438305595322,0.0016312830335662926,0.0029440964968461144,15.703796136528291,0.9465201465201465,0.03295400638034754,0.9343553113553114,0.9572197802197802,0.8490842490842492,0.06586891367908872,0.9444444444444444,0.12422599874998834,0.94,0.09165151389911678,0.000155026282057695,2352.0,2648.0,47.02854573333316,3.6753077930607,2352.0,"[0.000138714297675471, 0.0010799430886750095, 0.0006212800372808815, 0.004397528417758206, 0.005778711172569564, 0.006523356150664909, 0.003469932611641043, 0.0033775491307506188, 0.0015926464647346348, 0.001611641869611619, 0.00046318662712790433, 0.002488014950691122, 0.0014936048052782713, 0.0006471708001182479, 0.001765200292495468, 0.00020105783835025178, 0.0001304530687098175, 0.0035542761085244124, 0.00455336861284012, 0.000702712530361118, 0.0055117873506301965, 0.0021934950068681937, 0.0005210687453670624, 0.0005897032106240507, 0.004545888687901081, 0.0005165371102007578, 0.00036221659044377173, 0.0028317665166703904, 0.002514059746354868, 0.005025562538598849]","[0.9824175824175824, 0.9428571428571428, 0.9428571428571428, 0.9868131868131869, 0.9824175824175824, 0.9076923076923077, 0.9296703296703297, 0.9428571428571428, 0.9648351648351648, 0.9648351648351648, 0.9692307692307693, 0.9120879120879121, 0.9340659340659341, 0.9472527472527472, 0.956043956043956, 0.9780219780219781, 0.9780219780219781, 0.9076923076923077, 0.9296703296703297, 0.9472527472527472, 0.8373626373626375, 0.9384615384615385, 0.9428571428571428, 0.9648351648351648, 0.9780219780219781, 0.9648351648351648, 0.9824175824175824, 0.9780219780219781, 0.9076923076923077, 0.8945054945054945]","[0.9340659340659341, 0.8241758241758242, 0.8681318681318682, 0.9340659340659341, 0.9120879120879122, 0.7362637362637363, 0.8021978021978022, 0.8241758241758242, 0.8901098901098902, 0.8901098901098902, 0.9120879120879122, 0.7802197802197802, 0.8241758241758242, 0.8461538461538461, 0.8461538461538461, 0.9120879120879122, 0.9120879120879122, 0.7802197802197802, 0.8021978021978022, 0.8461538461538461, 0.6703296703296704, 0.8241758241758242, 0.8681318681318682, 0.9120879120879122, 0.8901098901098902, 0.8681318681318682, 0.9340659340659341, 0.9120879120879122, 0.7802197802197802, 0.7362637362637363]","[1.0, 1.0, 1.0, 1.0, 1.0, 0.6666666666666666, 1.0, 1.0, 1.0, 1.0, 1.0, 0.6666666666666666, 1.0, 1.0, 1.0, 1.0, 1.0, 0.6666666666666666, 1.0, 1.0, 0.6666666666666666, 1.0, 1.0, 1.0, 1.0, 1.0, 1.0, 1.0, 1.0, 0.6666666666666666]","[1.0, 1.0, 1.0, 0.8, 0.8, 1.0, 0.8, 1.0, 0.8, 0.8, 0.8, 1.0, 1.0, 1.0, 1.0, 1.0, 1.0, 1.0, 1.0, 1.0, 1.0, 1.0, 1.0, 1.0, 0.8, 1.0, 0.8, 0.8, 1.0, 1.0]"
adult,rf,5000,5,14,b1_uniform,0.0010620911240381782,0.0003857004486778518,7.586365171701273e-05,2.7550032048417985e-05,0.0009189240374474235,0.0012021964205170038,7.230466372978449,0.9163369963369964,0.02838447333591813,0.9057838827838829,0.9263040293040292,0.8102564102564105,0.04930245086708054,1.0,0.0,0.9866666666666667,0.04988876515698587,2.502485072548195e-05,0.0,5000.0,45.97845421999955,4.358069302971481,5000.0,"[0.0014671000151621424, 0.0015871856151090178, 0.001929038920467373, 0.0007079691599887694, 0.0006941933326371849, 0.0014028846881608645, 0.0008108327682904126, 0.0012555865080057385, 0.000580936596061825, 0.0011351740263027246, 0.0018929266598461303, 0.0016581347944540394, 0.0009169708495723935, 0.0006092182158243312, 0.001434749705035206, 0.000799656338302936, 0.0007897761563607005, 0.0010100720061974983, 0.000784836545177036, 0.0007974567036440906, 0.0005773942246970594, 0.0010798685459555643, 0.0007612692951278244, 0.0012150464878074802, 0.001223684275520781, 0.0009616111524753997, 0.0003965776480544961, 0.0010487656306242083, 0.0011241649771155087, 0.0012096518791666062]","[0.9516483516483516, 0.8901098901098902, 0.8505494505494505, 0.9516483516483516, 0.9296703296703297, 0.9516483516483516, 0.9296703296703297, 0.8813186813186813, 0.9164835164835166, 0.9252747252747253, 0.9516483516483516, 0.9296703296703297, 0.9340659340659341, 0.9208791208791209, 0.8945054945054945, 0.8901098901098902, 0.9340659340659341, 0.9252747252747253, 0.9428571428571428, 0.9208791208791209, 0.9604395604395607, 0.8769230769230769, 0.9252747252747253, 0.8681318681318682, 0.9164835164835166, 0.9340659340659341, 0.9164835164835166, 0.9032967032967033, 0.8593406593406594, 0.9076923076923077]","[0.8461538461538461, 0.8021978021978022, 0.6923076923076924, 0.8901098901098902, 0.8461538461538461, 0.8681318681318682, 0.8461538461538461, 0.7582417582417583, 0.8021978021978022, 0.8241758241758242, 0.8461538461538461, 0.8241758241758242, 0.8461538461538461, 0.8021978021978022, 0.8241758241758242, 0.7582417582417583, 0.8461538461538461, 0.8241758241758242, 0.8461538461538461, 0.8241758241758242, 0.8901098901098902, 0.7582417582417583, 0.8241758241758242, 0.7362637362637363, 0.7802197802197802, 0.8681318681318682, 0.8021978021978022, 0.7582417582417583, 0.7142857142857144, 0.7582417582417583]","[1.0, 1.0, 1.0, 1.0, 1.0, 1.0, 1.0, 1.0, 1.0, 1.0, 1.0, 1.0, 1.0, 1.0, 1.0, 1.0, 1.0, 1.0, 1.0, 1.0, 1.0, 1.0, 1.0, 1.0, 1.0, 1.0, 1.0, 1.0, 1.0, 1.0]","[1.0, 1.0, 1.0, 1.0, 1.0, 1.0, 1.0, 1.0, 0.8, 1.0, 1.0, 1.0, 1.0, 1.0, 1.0, 1.0, 1.0, 0.8, 1.0, 1.0, 1.0, 1.0, 1.0, 1.0, 1.0, 1.0, 1.0, 1.0, 1.0, 1.0]"
adult,rf,5000,5,14,b2_stratified,0.0001468910951591454,9.042983294372804e-05,1.0492221082796098e-05,6.45927378169486e-06,0.00011793595459746371,0.00018258500903302503,1.0,0.9800732600732601,0.017276955865768405,0.9737728937728939,0.9862271062271063,0.9369963369963372,0.04385825508306453,1.0,0.0,0.9533333333333333,0.08459051693633012,9.891176054679237e-06,0.0,5000.0,45.664331906668664,1.6378947844817247,5000.0,"[0.00011019094616844555, 0.00013399121253998255, 0.00044130238136061667, 0.0001381316868686634, 0.00012158974046219006, 0.00011084281706135489, 0.00015185161391074282, 6.759828796776578e-05, 3.177049714016928e-05, 9.644376525009883e-05, 0.00011050274909866128, 0.000289412464022535, 8.525589619863728e-05, 0.00022806992877155808, 0.00014770458235260737, 0.000103262221155459, 0.00030021675453793724, 6.705186534787808e-05, 9.337656995636929e-05, 0.00018131640500937957, 0.00017843714264691223, 0.00022656628108570206, 0.00015170984160567117, 5.684109708642426e-05, 0.00028540846627988906, 7.786928481887787e-05, 5.9875680435338437e-05, 6.898202219234674e-05, 6.787467674595087e-05, 0.00022328597669619724]","[1.0, 0.9956043956043955, 0.9956043956043955, 0.9868131868131869, 0.9868131868131869, 0.9780219780219781, 0.9648351648351648, 0.9736263736263736, 0.9868131868131869, 1.0, 0.9912087912087912, 0.9340659340659341, 0.9824175824175824, 0.9648351648351648, 0.9912087912087912, 0.9868131868131869, 0.9912087912087912, 0.9516483516483516, 0.9956043956043955, 0.9516483516483516, 0.9516483516483516, 0.9956043956043955, 0.9868131868131869, 0.9956043956043955, 0.9780219780219781, 0.9780219780219781, 0.9692307692307693, 0.9956043956043955, 0.9912087912087912, 0.9516483516483516]","[1.0, 0.9780219780219781, 0.9780219780219781, 0.9560439560439562, 0.9560439560439562, 0.9120879120879122, 0.8901098901098902, 0.9340659340659341, 0.9560439560439562, 1.0, 0.9560439560439562, 0.8241758241758242, 0.9340659340659341, 0.8901098901098902, 0.9560439560439562, 0.9560439560439562, 0.9560439560439562, 0.8901098901098902, 0.9780219780219781, 0.8901098901098902, 0.8461538461538461, 0.9780219780219781, 0.9560439560439562, 0.9780219780219781, 0.9120879120879122, 0.9340659340659341, 0.9120879120879122, 0.9780219780219781, 0.9560439560439562, 0.8681318681318682]","[1.0, 1.0, 1.0, 1.0, 1.0, 1.0, 1.0, 1.0, 1.0, 1.0, 1.0, 1.0, 1.0, 1.0, 1.0, 1.0, 1.0, 1.0, 1.0, 1.0, 1.0, 1.0, 1.0, 1.0, 1.0, 1.0, 1.0, 1.0, 1.0, 1.0]","[1.0, 0.8, 1.0, 1.0, 1.0, 1.0, 1.0, 1.0, 1.0, 1.0, 0.8, 1.0, 0.8, 0.8, 0.8, 1.0, 0.8, 1.0, 1.0, 1.0, 1.0, 0.8, 1.0, 1.0, 1.0, 1.0, 1.0, 1.0, 1.0, 1.0]"
adult,rf,5000,5,14,b3_is,9.129190643719705e-05,6.651998500818442e-05,6.520850459799789e-06,4.751427500584602e-06,7.021078374756101e-05,0.00011609052522843986,0.6214938103517383,0.987985347985348,0.009824500872814718,0.9844688644688645,0.9912087912087912,0.9567765567765569,0.02749937637966807,1.0,0.0,0.9866666666666667,0.04988876515698587,5.65635224892383e-06,0.0,5000.0,46.265319136666946,3.1556796057781638,5000.0,"[0.0002136057041192755, 4.261702543514541e-05, 7.45823860506141e-05, 5.081834014270869e-05, 0.0002967118919634627, 4.21750166362793e-05, 9.110025343161271e-05, 0.00021383946032658873, 8.99562614883054e-05, 8.106879583088457e-05, 8.089263573841422e-05, 4.212260869534074e-05, 1.658757360569178e-05, 4.198870487579049e-05, 7.075846437175188e-05, 9.87631996867289e-05, 5.1905745153437874e-05, 1.0910579060684088e-05, 0.00020656843951683592, 0.00019994668231937033, 4.7248535528056564e-05, 0.00010844599366333291, 5.648781381926971e-05, 9.785485309387017e-05, 6.76239325968305e-05, 0.00010979234428296696, 3.958813963758433e-05, 7.233628647531548e-05, 7.560432075258723e-05, 4.685520481717442e-05]","[0.9780219780219781, 0.9956043956043955, 0.9956043956043955, 0.9956043956043955, 0.9868131868131869, 0.9692307692307693, 0.9956043956043955, 0.9824175824175824, 0.9868131868131869, 0.9868131868131869, 0.9824175824175824, 0.9956043956043955, 0.9824175824175824, 0.9912087912087912, 0.9868131868131869, 0.9912087912087912, 0.9956043956043955, 0.9912087912087912, 0.9692307692307693, 0.9824175824175824, 0.9868131868131869, 0.9956043956043955, 0.9956043956043955, 0.9912087912087912, 0.9604395604395607, 0.9736263736263736, 0.9956043956043955, 1.0, 1.0, 1.0]","[0.9120879120879122, 0.9780219780219781, 0.9780219780219781, 0.9780219780219781, 0.9560439560439562, 0.9120879120879122, 0.9780219780219781, 0.9340659340659341, 0.9560439560439562, 0.9560439560439562, 0.9340659340659341, 0.9780219780219781, 0.9340659340659341, 0.9560439560439562, 0.9560439560439562, 0.9560439560439562, 0.9780219780219781, 0.9560439560439562, 0.9120879120879122, 0.9340659340659341, 0.9560439560439562, 0.9780219780219781, 0.9780219780219781, 0.9560439560439562, 0.8901098901098902, 0.9340659340659341, 0.9780219780219781, 1.0, 1.0, 1.0]","[1.0, 1.0, 1.0, 1.0, 1.0, 1.0, 1.0, 1.0, 1.0, 1.0, 1.0, 1.0, 1.0, 1.0, 1.0, 1.0, 1.0, 1.0, 1.0, 1.0, 1.0, 1.0, 1.0, 1.0, 1.0, 1.0, 1.0, 1.0, 1.0, 1.0]","[1.0, 1.0, 1.0, 1.0, 1.0, 1.0, 1.0, 1.0, 1.0, 1.0, 1.0, 1.0, 1.0, 1.0, 1.0, 0.8, 1.0, 1.0, 1.0, 1.0, 1.0, 1.0, 1.0, 0.8, 1.0, 1.0, 1.0, 1.0, 1.0, 1.0]"
adult,rf,5000,5,14,b4_antithetic,0.0008085664989136533,0.00015362029382452697,5.775474992240381e-05,1.0972878130323355e-05,0.00074805657343528,0.0008602815282435963,5.504530400822682,0.9208791208791209,0.018786602695765108,0.9142857142857144,0.9286446886446886,0.8234432234432236,0.0378478867489802,1.0,0.0,1.0,0.0,5.550496867723268e-06,0.0,5000.0,45.756699033332794,3.081256444751272,5000.0,"[0.0006745983592828465, 0.0008735334895127589, 0.0007213455205740584, 0.000807126501971953, 0.0006719595419575773, 0.0009228749297803276, 0.0008563698992216792, 0.0004192790846782382, 0.0007830934287756843, 0.0008547863173480476, 0.0008418647449828867, 0.0008187778400160655, 0.00039640585410381985, 0.0009303614859898446, 0.0008332662484542981, 0.0010972462431612141, 0.0009172358534194067, 0.000876535439033224, 0.0007050590436039686, 0.0008431581304947119, 0.0009762309849054956, 0.0009305947606279041, 0.0006216017786980675, 0.0010342502905172054, 0.0008828097797440733, 0.0007858967465451527, 0.000993295894392084, 0.0007189855421246422, 0.0006922349668867271, 0.0007762162666056339]","[0.9164835164835166, 0.9164835164835166, 0.9252747252747253, 0.9296703296703297, 0.9164835164835166, 0.9208791208791209, 0.9076923076923077, 0.9736263736263736, 0.9120879120879121, 0.9472527472527472, 0.9120879120879121, 0.8945054945054945, 0.9296703296703297, 0.9340659340659341, 0.9296703296703297, 0.9164835164835166, 0.9032967032967033, 0.8989010989010989, 0.9692307692307693, 0.9120879120879121, 0.9252747252747253, 0.9120879120879121, 0.9252747252747253, 0.9076923076923077, 0.9076923076923077, 0.8989010989010989, 0.9076923076923077, 0.9296703296703297, 0.9472527472527472, 0.8989010989010989]","[0.8021978021978022, 0.8021978021978022, 0.8241758241758242, 0.8461538461538461, 0.8021978021978022, 0.8241758241758242, 0.8021978021978022, 0.9340659340659341, 0.8241758241758242, 0.8681318681318682, 0.8241758241758242, 0.7582417582417583, 0.8461538461538461, 0.8681318681318682, 0.8241758241758242, 0.8021978021978022, 0.8021978021978022, 0.7802197802197802, 0.9120879120879122, 0.8241758241758242, 0.8241758241758242, 0.8241758241758242, 0.8241758241758242, 0.8021978021978022, 0.7802197802197802, 0.7802197802197802, 0.8021978021978022, 0.8461538461538461, 0.8681318681318682, 0.7802197802197802]","[1.0, 1.0, 1.0, 1.0, 1.0, 1.0, 1.0, 1.0, 1.0, 1.0, 1.0, 1.0, 1.0, 1.0, 1.0, 1.0, 1.0, 1.0, 1.0, 1.0, 1.0, 1.0, 1.0, 1.0, 1.0, 1.0, 1.0, 1.0, 1.0, 1.0]","[1.0, 1.0, 1.0, 1.0, 1.0, 1.0, 1.0, 1.0, 1.0, 1.0, 1.0, 1.0, 1.0, 1.0, 1.0, 1.0, 1.0, 1.0, 1.0, 1.0, 1.0, 1.0, 1.0, 1.0, 1.0, 1.0, 1.0, 1.0, 1.0, 1.0]"
adult,rf,5000,6,14,abc_shap,0.0006911289939332887,0.0006315397909273403,4.936635670952062e-05,4.510998506623859e-05,0.0004939713577344112,0.0009272102690860571,8.862686995639175,0.8882051282051283,0.07153440079703106,0.8632967032967035,0.9125311355311355,0.7743589743589746,0.10307564739611168,0.9333333333333333,0.13333333333333336,0.9600000000000001,0.07999999999999999,4.842501841282383e-05,2352.0,2648.0,42.3270263533331,2.32127373256665,2352.0,"[0.00036042828510469515, 0.0009272779027689634, 0.002500853554349929, 0.0002993746019573038, 0.0002613021259093807, 0.00014107173208950102, 0.0002996614006519761, 0.0011888268615561318, 0.00016944242427186014, 0.0021221500228095383, 0.0005917040689544667, 0.0005708476283753398, 0.0011282756135761226, 0.00026603097876506644, 0.0020912984758228816, 9.891874671948414e-05, 0.00012417124903559286, 8.131988845008154e-05, 0.0003847918524033775, 0.0006973408356027384, 0.0006337661081122332, 0.0003766807160202969, 0.00045887175596516033, 0.0005471134386812466, 0.0003388175297598799, 0.0012369502641155219, 0.0006520987152623996, 0.00033592671330602856, 0.0015698355061116798, 0.00027872082148978493]","[0.8989010989010989, 0.8065934065934066, 0.8021978021978022, 0.956043956043956, 0.9164835164835166, 0.9824175824175824, 0.9868131868131869, 0.7714285714285714, 0.9780219780219781, 0.8813186813186813, 0.9032967032967033, 0.8505494505494505, 0.8945054945054945, 0.9428571428571428, 0.8241758241758241, 0.9340659340659341, 0.9296703296703297, 0.9384615384615385, 0.9208791208791209, 0.7582417582417583, 0.7802197802197802, 0.9296703296703297, 0.9252747252747253, 0.7978021978021977, 0.9736263736263736, 0.9032967032967033, 0.7230769230769231, 0.9032967032967033, 0.8945054945054945, 0.9384615384615385]","[0.7802197802197802, 0.6703296703296704, 0.6263736263736264, 0.8681318681318682, 0.8021978021978022, 0.9340659340659341, 0.9340659340659341, 0.6263736263736264, 0.9340659340659341, 0.7362637362637363, 0.7802197802197802, 0.7142857142857144, 0.7582417582417583, 0.8241758241758242, 0.6483516483516484, 0.8461538461538461, 0.8241758241758242, 0.8681318681318682, 0.8021978021978022, 0.6263736263736264, 0.6263736263736264, 0.8461538461538461, 0.8241758241758242, 0.6483516483516484, 0.8901098901098902, 0.8021978021978022, 0.5604395604395604, 0.8021978021978022, 0.7582417582417583, 0.8681318681318682]","[1.0, 1.0, 0.6666666666666666, 1.0, 1.0, 1.0, 1.0, 1.0, 1.0, 0.6666666666666666, 0.6666666666666666, 1.0, 0.6666666666666666, 1.0, 1.0, 1.0, 1.0, 1.0, 1.0, 1.0, 1.0, 1.0, 0.6666666666666666, 1.0, 1.0, 1.0, 1.0, 1.0, 0.6666666666666666, 1.0]","[1.0, 1.0, 1.0, 1.0, 1.0, 1.0, 1.0, 1.0, 1.0, 0.8, 0.8, 1.0, 0.8, 0.8, 1.0, 1.0, 1.0, 1.0, 1.0, 1.0, 1.0, 1.0, 1.0, 1.0, 1.0, 0.8, 1.0, 1.0, 0.8, 1.0]"
adult,rf,5000,6,14,b1_uniform,0.0006406842301661186,0.00025635995072016845,4.57631592975799e-05,1.8311425051440603e-05,0.0005528330877048877,0.0007349023469029436,8.215808980446916,0.9093040293040294,0.03652115686324934,0.8966996336996338,0.9214652014652015,0.7780219780219784,0.05364018317358381,0.9777777777777777,0.08314794192830981,0.9733333333333333,0.06798692684790376,1.2466014107261783e-05,0.0,5000.0,40.92683120333725,1.3865644887241633,5000.0,"[0.0006561648516439838, 0.0007919845239085568, 0.0010248782100792469, 0.0005384682520237611, 0.000831832670366164, 0.0006827803016151115, 0.0004923918009857444, 0.0005147773955545557, 0.0006624030272109019, 0.0008442335034434185, 0.0003103181236215506, 0.0008932289153443421, 0.0004676144018781527, 0.0014959364849380455, 0.0004453023253342303, 0.0002921915926884777, 0.0007731458878407163, 0.00047516259421983014, 0.0005619664867680292, 0.000739311333785755, 0.0002872869315771411, 0.000600541083110849, 0.0009761377127020763, 0.000612225410940698, 0.0006748546553477583, 0.0005592073770136495, 0.0004349043531408568, 0.000666498856242459, 0.00017481126220890422, 0.0007399665794485914]","[0.9208791208791209, 0.8857142857142857, 0.8109890109890111, 0.8681318681318682, 0.9340659340659341, 0.8901098901098902, 0.9648351648351648, 0.9340659340659341, 0.8857142857142857, 0.9164835164835166, 0.9604395604395607, 0.9120879120879121, 0.9164835164835166, 0.9032967032967033, 0.9340659340659341, 0.9340659340659341, 0.9384615384615385, 0.9384615384615385, 0.8241758241758241, 0.8769230769230769, 0.8945054945054945, 0.9692307692307693, 0.9120879120879121, 0.9252747252747253, 0.8725274725274725, 0.8989010989010989, 0.9428571428571428, 0.9208791208791209, 0.9252747252747253, 0.8681318681318682]","[0.8021978021978022, 0.7362637362637363, 0.6483516483516484, 0.7142857142857144, 0.8241758241758242, 0.7362637362637363, 0.8681318681318682, 0.8021978021978022, 0.7582417582417583, 0.7802197802197802, 0.8461538461538461, 0.7362637362637363, 0.7582417582417583, 0.7582417582417583, 0.7802197802197802, 0.8241758241758242, 0.8461538461538461, 0.8241758241758242, 0.6703296703296704, 0.7362637362637363, 0.7582417582417583, 0.8901098901098902, 0.7582417582417583, 0.8021978021978022, 0.7362637362637363, 0.7362637362637363, 0.8241758241758242, 0.7802197802197802, 0.8021978021978022, 0.8021978021978022]","[0.6666666666666666, 1.0, 1.0, 1.0, 1.0, 1.0, 1.0, 1.0, 1.0, 1.0, 1.0, 1.0, 1.0, 1.0, 1.0, 1.0, 1.0, 1.0, 1.0, 1.0, 1.0, 1.0, 1.0, 1.0, 1.0, 1.0, 1.0, 0.6666666666666666, 1.0, 1.0]","[1.0, 1.0, 1.0, 1.0, 1.0, 1.0, 1.0, 0.8, 0.8, 1.0, 1.0, 1.0, 1.0, 0.8, 1.0, 1.0, 1.0, 1.0, 1.0, 1.0, 1.0, 1.0, 0.8, 1.0, 1.0, 1.0, 1.0, 1.0, 1.0, 1.0]"
adult,rf,5000,6,14,b2_stratified,7.798188001825564e-05,5.6942353243690285e-05,5.57013428701826e-06,4.067310945977878e-06,5.8666120323576634e-05,9.93732799389486e-05,1.0,0.9872527472527473,0.010423546614993347,0.9834395604395605,0.9906227106227107,0.9509157509157511,0.030917139701112373,0.9888888888888889,0.05983516452371672,1.0,0.0,4.045646087763397e-06,0.0,5000.0,41.646650059999956,0.33609810804613793,5000.0,"[5.125947893605002e-05, 0.00023284611062812367, 5.293177261329577e-05, 2.3861229870076262e-05, 0.00011041833867303566, 8.353513773988369e-05, 0.00022836129565985023, 6.892597992808449e-06, 3.340048105480982e-05, 0.0001050682998035636, 0.0001327246747285513, 2.8282642492722773e-05, 4.8804584760742414e-05, 6.378271320726265e-05, 6.991789933470159e-05, 6.605490052409883e-05, 6.923785638465717e-05, 1.8248536272069976e-05, 8.790721265802041e-05, 0.00010536734998927393, 0.00012889710233104785, 1.1528857397635634e-05, 6.849930638127393e-05, 3.589927736191175e-05, 6.564123961890996e-06, 9.309199249774238e-05, 0.00010147566613192704, 5.937366957495856e-06, 0.00013002893924904637, 0.0001386306549540989]","[0.9516483516483516, 0.9868131868131869, 0.9912087912087912, 0.9824175824175824, 0.9736263736263736, 0.9956043956043955, 0.9956043956043955, 0.9956043956043955, 0.9780219780219781, 0.9956043956043955, 0.9912087912087912, 0.9824175824175824, 0.9868131868131869, 1.0, 0.9868131868131869, 0.9780219780219781, 0.9648351648351648, 0.9912087912087912, 0.9868131868131869, 0.9824175824175824, 1.0, 0.9824175824175824, 0.9912087912087912, 0.9912087912087912, 0.9956043956043955, 0.9956043956043955, 0.9824175824175824, 0.9912087912087912, 1.0, 0.9912087912087912]","[0.8681318681318682, 0.9340659340659341, 0.9560439560439562, 0.9340659340659341, 0.9120879120879122, 0.9780219780219781, 0.9780219780219781, 0.9780219780219781, 0.9120879120879122, 0.9780219780219781, 0.9560439560439562, 0.9340659340659341, 0.9560439560439562, 1.0, 0.9560439560439562, 0.9120879120879122, 0.8901098901098902, 0.9560439560439562, 0.9560439560439562, 0.9340659340659341, 1.0, 0.9340659340659341, 0.9560439560439562, 0.9560439560439562, 0.9780219780219781, 0.9780219780219781, 0.9340659340659341, 0.9560439560439562, 1.0, 0.9560439560439562]","[1.0, 1.0, 1.0, 1.0, 1.0, 1.0, 1.0, 1.0, 1.0, 1.0, 1.0, 1.0, 1.0, 1.0, 1.0, 1.0, 1.0, 1.0, 1.0, 1.0, 1.0, 1.0, 1.0, 1.0, 1.0, 1.0, 1.0, 1.0, 1.0, 0.6666666666666666]","[1.0, 1.0, 1.0, 1.0, 1.0, 1.0, 1.0, 1.0, 1.0, 1.0, 1.0, 1.0, 1.0, 1.0, 1.0, 1.0, 1.0, 1.0, 1.0, 1.0, 1.0, 1.0, 1.0, 1.0, 1.0, 1.0, 1.0, 1.0, 1.0, 1.0]"
adult,rf,5000,6,14,b3_is,3.795582070233321e-05,2.6447315949892144e-05,2.711130050166658e-06,1.8890939964208675e-06,2.968693300614173e-05,4.789060063284711e-05,0.48672615604352854,0.9887179487179487,0.00791886834688447,0.9857838827838828,0.9913553113553114,0.953846153846154,0.02622055702296451,1.0,0.0,1.0,0.0,2.145767403951086e-06,0.0,5000.0,42.40496581666715,0.2774061100211866,5000.0,"[5.3037993633711525e-05, 2.822328549908667e-05, 8.80061593649978e-05, 2.1922660833016693e-05, 3.349360047278032e-05, 7.522777244654283e-06, 0.00010979879863313478, 1.2128788536690914e-05, 4.011997170621902e-05, 3.177915959326236e-05, 3.009950847572824e-05, 2.8751710481802866e-05, 3.228283514378777e-05, 2.7467735710175903e-05, 6.51289119610052e-05, 1.6997568913592865e-05, 2.172880287243983e-05, 5.910157271638885e-05, 2.195291190579176e-05, 1.7941086542248682e-05, 2.0866055360467055e-05, 3.879789891955567e-06, 3.371998447462831e-05, 2.5747202883537613e-05, 6.673367052664893e-05, 9.866708198742603e-05, 7.193475619222862e-05, 3.0713209931763056e-05, 8.890766597097065e-06, 3.0036262983727702e-05]","[0.9736263736263736, 0.9956043956043955, 0.9868131868131869, 1.0, 0.9956043956043955, 0.9868131868131869, 0.9956043956043955, 0.9956043956043955, 0.9912087912087912, 1.0, 0.9956043956043955, 0.9912087912087912, 0.9780219780219781, 0.9868131868131869, 1.0, 0.9912087912087912, 0.9912087912087912, 0.9868131868131869, 0.9736263736263736, 0.9868131868131869, 0.9868131868131869, 0.9912087912087912, 0.9736263736263736, 0.9912087912087912, 0.9912087912087912, 0.9736263736263736, 0.9780219780219781, 0.9868131868131869, 0.9912087912087912, 0.9956043956043955]","[0.9120879120879122, 0.9780219780219781, 0.9340659340659341, 1.0, 0.9780219780219781, 0.9340659340659341, 0.9780219780219781, 0.9780219780219781, 0.9560439560439562, 1.0, 0.9780219780219781, 0.9560439560439562, 0.9340659340659341, 0.9560439560439562, 1.0, 0.9560439560439562, 0.9560439560439562, 0.9560439560439562, 0.9120879120879122, 0.9340659340659341, 0.9560439560439562, 0.9560439560439562, 0.9120879120879122, 0.9560439560439562, 0.9560439560439562, 0.9120879120879122, 0.9120879120879122, 0.9340659340659341, 0.9560439560439562, 0.9780219780219781]","[1.0, 1.0, 1.0, 1.0, 1.0, 1.0, 1.0, 1.0, 1.0, 1.0, 1.0, 1.0, 1.0, 1.0, 1.0, 1.0, 1.0, 1.0, 1.0, 1.0, 1.0, 1.0, 1.0, 1.0, 1.0, 1.0, 1.0, 1.0, 1.0, 1.0]","[1.0, 1.0, 1.0, 1.0, 1.0, 1.0, 1.0, 1.0, 1.0, 1.0, 1.0, 1.0, 1.0, 1.0, 1.0, 1.0, 1.0, 1.0, 1.0, 1.0, 1.0, 1.0, 1.0, 1.0, 1.0, 1.0, 1.0, 1.0, 1.0, 1.0]"
adult,rf,5000,6,14,b4_antithetic,0.0005242854037843546,0.00011701346552310373,3.7448957413168187e-05,8.358104680221695e-06,0.0004843086988325482,0.0005627255775603164,6.723169583262404,0.9490109890109889,0.01987279921838651,0.9416849816849816,0.9557509157509158,0.8410256410256411,0.036195221471166675,1.0,0.0,1.0,0.0,2.0936058712251155e-06,0.0,5000.0,40.75857979000236,0.6058076041603483,5000.0,"[0.0005803558300980043, 0.0005028719221735072, 0.0005978245697212168, 0.0004434108988610675, 0.0006217332266430817, 0.00065234341673641, 0.0006246718867567047, 0.0004044361316390084, 0.000707660166962175, 0.0003417086668798357, 0.0005636689871463723, 0.0005835233190149365, 0.00075207588591576, 0.0005743339026747624, 0.0005990721216966387, 0.00045149851630045453, 0.0005613042138353062, 0.0003643071399321152, 0.0004625462339380027, 0.0006404637638020458, 0.0006555495666230006, 0.00032563960610139197, 0.0004492647064223287, 0.0004518305193540351, 0.0004034875550225126, 0.00031088475099838727, 0.0004487935382454293, 0.000563667167007707, 0.0006620906932705238, 0.00042754320975791607]","[0.9780219780219781, 0.9296703296703297, 0.9604395604395607, 0.9472527472527472, 0.956043956043956, 0.9252747252747253, 0.9208791208791209, 0.9648351648351648, 0.9780219780219781, 0.9516483516483516, 0.9428571428571428, 0.9164835164835166, 0.9472527472527472, 0.9604395604395607, 0.9604395604395607, 0.9604395604395607, 0.9296703296703297, 0.956043956043956, 0.9120879120879121, 0.956043956043956, 0.9296703296703297, 0.9032967032967033, 0.9692307692307693, 0.9340659340659341, 0.9736263736263736, 0.9648351648351648, 0.956043956043956, 0.9516483516483516, 0.9692307692307693, 0.9648351648351648]","[0.9120879120879122, 0.8241758241758242, 0.8461538461538461, 0.8241758241758242, 0.8461538461538461, 0.8021978021978022, 0.7802197802197802, 0.8681318681318682, 0.9120879120879122, 0.8461538461538461, 0.8241758241758242, 0.8021978021978022, 0.8461538461538461, 0.8461538461538461, 0.8461538461538461, 0.8681318681318682, 0.8021978021978022, 0.8461538461538461, 0.7582417582417583, 0.8461538461538461, 0.8021978021978022, 0.7802197802197802, 0.8681318681318682, 0.8241758241758242, 0.8901098901098902, 0.8681318681318682, 0.8681318681318682, 0.8461538461538461, 0.8681318681318682, 0.8681318681318682]","[1.0, 1.0, 1.0, 1.0, 1.0, 1.0, 1.0, 1.0, 1.0, 1.0, 1.0, 1.0, 1.0, 1.0, 1.0, 1.0, 1.0, 1.0, 1.0, 1.0, 1.0, 1.0, 1.0, 1.0, 1.0, 1.0, 1.0, 1.0, 1.0, 1.0]","[1.0, 1.0, 1.0, 1.0, 1.0, 1.0, 1.0, 1.0, 1.0, 1.0, 1.0, 1.0, 1.0, 1.0, 1.0, 1.0, 1.0, 1.0, 1.0, 1.0, 1.0, 1.0, 1.0, 1.0, 1.0, 1.0, 1.0, 1.0, 1.0, 1.0]"
adult,rf,5000,7,14,abc_shap,0.000570619007026018,0.0006510200997054346,4.075850050185843e-05,4.650143569324533e-05,0.0003496284677780843,0.0008100841701646693,14.712157903274372,0.9446153846153847,0.06590084633232833,0.9217545787545788,0.9660146520146521,0.8695970695970698,0.09426382479980562,0.9555555555555556,0.11331154474650636,0.9466666666666668,0.08844332774281063,3.9241274812904156e-05,2352.0,2648.0,42.63973782666435,1.1765056076204783,2352.0,"[0.0007523331578289644, 5.8624008832991304e-05, 0.00038287326137545014, 0.0013565016867111864, 0.00015315825685992444, 4.335139026328084e-05, 0.0001449939052821563, 0.0005984349895936416, 0.00211193422505689, 5.730749408641884e-05, 0.002261024500908735, 0.0003268949671102549, 8.745077883294639e-05, 0.00018763878726081744, 0.0016321136557765003, 0.00025550396476695, 0.0012022080720411844, 0.00011264597252154022, 0.0007015375724618388, 0.0011876562713870923, 2.7150770792988023e-05, 9.707792042320767e-05, 4.4797871283187144e-05, 9.281082705426054e-05, 0.0014169517671008855, 1.4971159885114926e-05, 8.871467437952864e-05, 0.0004787157239788353, 0.0011997695781273143, 4.342299879645599e-05]","[0.8373626373626375, 0.956043956043956, 0.9868131868131869, 0.9296703296703297, 0.9912087912087912, 0.9912087912087912, 0.9912087912087912, 0.9780219780219781, 0.8065934065934066, 0.9868131868131869, 0.6967032967032967, 0.9472527472527472, 0.9868131868131869, 0.9824175824175824, 0.8769230769230769, 0.9912087912087912, 0.8989010989010989, 0.9780219780219781, 0.9428571428571428, 0.8989010989010989, 0.9956043956043955, 0.9692307692307693, 0.9692307692307693, 0.9912087912087912, 0.9648351648351648, 0.9912087912087912, 0.9296703296703297, 0.9252747252747253, 0.956043956043956, 0.9912087912087912]","[0.7142857142857144, 0.8901098901098902, 0.9340659340659341, 0.7802197802197802, 0.9560439560439562, 0.9560439560439562, 0.9560439560439562, 0.9120879120879122, 0.6923076923076924, 0.9340659340659341, 0.6043956043956044, 0.8681318681318682, 0.9340659340659341, 0.9340659340659341, 0.7802197802197802, 0.9560439560439562, 0.7362637362637363, 0.9120879120879122, 0.8021978021978022, 0.7802197802197802, 0.9780219780219781, 0.9120879120879122, 0.9120879120879122, 0.9560439560439562, 0.8901098901098902, 0.9560439560439562, 0.8461538461538461, 0.8021978021978022, 0.8461538461538461, 0.9560439560439562]","[1.0, 1.0, 1.0, 0.6666666666666666, 1.0, 1.0, 1.0, 1.0, 1.0, 1.0, 1.0, 1.0, 1.0, 1.0, 1.0, 1.0, 0.6666666666666666, 1.0, 1.0, 1.0, 1.0, 1.0, 1.0, 1.0, 0.6666666666666666, 1.0, 1.0, 1.0, 0.6666666666666666, 1.0]","[1.0, 1.0, 1.0, 0.8, 1.0, 1.0, 1.0, 1.0, 0.8, 1.0, 0.8, 1.0, 1.0, 1.0, 0.8, 1.0, 0.8, 1.0, 0.8, 0.8, 1.0, 1.0, 1.0, 1.0, 1.0, 1.0, 1.0, 0.8, 1.0, 1.0]"
adult,rf,5000,7,14,b1_uniform,0.00028207059711497686,0.0001584724705905626,2.014789979392692e-05,1.1319462185040187e-05,0.00022841431624833695,0.00033990338892804837,7.272570863446914,0.9257142857142857,0.027223190873259168,0.9153113553113553,0.9346593406593406,0.8263736263736265,0.04860075689559556,1.0,0.0,0.9866666666666667,0.04988876515698587,9.123781211243617e-06,0.0,5000.0,42.06925483000232,1.2756782873589867,5000.0,"[0.0003201235875349864, 0.0005462936268710737, 0.00019050453048756043, 0.00030057436703270936, 0.00020301365488663024, 0.0002711339570603607, 0.0002405154754697305, 0.0002009261652171549, 0.000510300728324166, 0.0005596278566217938, 0.00018563812976934548, 0.00023921900821244487, 0.00015960491747995481, 0.0008519863286821899, 0.00020295460388970062, 0.00014056865781781242, 0.00027029045247364917, 0.0003068366295300915, 0.00010743027406758249, 0.0002697498086110853, 0.00036453567592785067, 0.00013099714068718336, 0.00012187818115054743, 0.0004034810881576606, 0.0003865827055333809, 0.00022959397238237286, 0.00018836983003250586, 0.00016394859421380107, 0.00018504453155329656, 0.00021039343377068562]","[0.9692307692307693, 0.9252747252747253, 0.9428571428571428, 0.956043956043956, 0.9252747252747253, 0.9208791208791209, 0.9384615384615385, 0.9208791208791209, 0.8725274725274725, 0.8945054945054945, 0.9428571428571428, 0.9472527472527472, 0.9384615384615385, 0.9516483516483516, 0.9428571428571428, 0.9472527472527472, 0.9032967032967033, 0.9120879120879121, 0.9208791208791209, 0.9208791208791209, 0.9032967032967033, 0.9472527472527472, 0.9472527472527472, 0.8549450549450549, 0.8857142857142857, 0.9032967032967033, 0.9252747252747253, 0.9120879120879121, 0.9164835164835166, 0.9824175824175824]","[0.9120879120879122, 0.8021978021978022, 0.8461538461538461, 0.8681318681318682, 0.8021978021978022, 0.8241758241758242, 0.8461538461538461, 0.8021978021978022, 0.7802197802197802, 0.7582417582417583, 0.8461538461538461, 0.8681318681318682, 0.8461538461538461, 0.8901098901098902, 0.8461538461538461, 0.8681318681318682, 0.7362637362637363, 0.7802197802197802, 0.8461538461538461, 0.8241758241758242, 0.7802197802197802, 0.8681318681318682, 0.8681318681318682, 0.7582417582417583, 0.7362637362637363, 0.7802197802197802, 0.8461538461538461, 0.8021978021978022, 0.8241758241758242, 0.9340659340659341]","[1.0, 1.0, 1.0, 1.0, 1.0, 1.0, 1.0, 1.0, 1.0, 1.0, 1.0, 1.0, 1.0, 1.0, 1.0, 1.0, 1.0, 1.0, 1.0, 1.0, 1.0, 1.0, 1.0, 1.0, 1.0, 1.0, 1.0, 1.0, 1.0, 1.0]","[1.0, 1.0, 1.0, 1.0, 0.8, 1.0, 1.0, 1.0, 1.0, 1.0, 1.0, 1.0, 1.0, 1.0, 1.0, 1.0, 0.8, 1.0, 1.0, 1.0, 1.0, 1.0, 1.0, 1.0, 1.0, 1.0, 1.0, 1.0, 1.0, 1.0]"
adult,rf,5000,7,14,b2_stratified,3.878554123586586e-05,2.8212643835257765e-05,2.770395802561847e-06,2.015188845375555e-06,2.9010484487190653e-05,4.812190159905049e-05,1.0,0.9928205128205129,0.004607819836927837,0.9910622710622711,0.9944322344322345,0.9677655677655679,0.016769997278036013,1.0,0.0,1.0,0.0,2.381751612332191e-06,0.0,5000.0,43.08516122000098,0.9168273648970254,5000.0,"[2.5051521099995966e-05, 3.32818081179458e-05, 2.1815762222974987e-05, 3.451211358012108e-05, 2.7372185283906116e-05, 1.009149734108514e-05, 4.9669273026477405e-05, 1.0021401061202994e-05, 8.572789662478031e-05, 3.9632355652092245e-05, 0.00011547276265319606, 3.10338139237426e-05, 2.77783241400186e-05, 2.3108746231921026e-05, 8.202219404509825e-05, 2.3806171874055138e-05, 6.773985823061269e-05, 2.728523916729475e-05, 5.093496536661331e-05, 1.862598648561274e-05, 1.8132676914490137e-05, 2.0079824659448837e-05, 1.7697253746530166e-05, 1.9131163265804217e-05, 0.0001114499311946303, 2.2225307616070354e-05, 7.739042565256467e-05, 2.0568933756943264e-05, 2.8192678885943752e-05, 2.3714165254803087e-05]","[1.0, 0.9956043956043955, 0.9912087912087912, 0.9868131868131869, 0.9912087912087912, 0.9956043956043955, 0.9956043956043955, 0.9956043956043955, 0.9956043956043955, 0.9956043956043955, 0.9868131868131869, 0.9912087912087912, 0.9956043956043955, 1.0, 0.9956043956043955, 1.0, 0.9912087912087912, 0.9780219780219781, 0.9868131868131869, 0.9912087912087912, 0.9956043956043955, 0.9912087912087912, 0.9912087912087912, 0.9912087912087912, 0.9912087912087912, 0.9956043956043955, 0.9956043956043955, 0.9912087912087912, 0.9956043956043955, 0.9868131868131869]","[1.0, 0.9780219780219781, 0.9560439560439562, 0.9560439560439562, 0.9560439560439562, 0.9780219780219781, 0.9780219780219781, 0.9780219780219781, 0.9780219780219781, 0.9780219780219781, 0.9560439560439562, 0.9560439560439562, 0.9780219780219781, 1.0, 0.9780219780219781, 1.0, 0.9560439560439562, 0.9340659340659341, 0.9340659340659341, 0.9560439560439562, 0.9780219780219781, 0.9560439560439562, 0.9560439560439562, 0.9560439560439562, 0.9560439560439562, 0.9780219780219781, 0.9780219780219781, 0.9560439560439562, 0.9780219780219781, 0.9560439560439562]","[1.0, 1.0, 1.0, 1.0, 1.0, 1.0, 1.0, 1.0, 1.0, 1.0, 1.0, 1.0, 1.0, 1.0, 1.0, 1.0, 1.0, 1.0, 1.0, 1.0, 1.0, 1.0, 1.0, 1.0, 1.0, 1.0, 1.0, 1.0, 1.0, 1.0]","[1.0, 1.0, 1.0, 1.0, 1.0, 1.0, 1.0, 1.0, 1.0, 1.0, 1.0, 1.0, 1.0, 1.0, 1.0, 1.0, 1.0, 1.0, 1.0, 1.0, 1.0, 1.0, 1.0, 1.0, 1.0, 1.0, 1.0, 1.0, 1.0, 1.0]"
adult,rf,5000,7,14,b3_is,2.5973899853816664e-05,2.202676603066851e-05,1.8552785609869045e-06,1.5733404307620363e-06,1.959037645790872e-05,3.495986676426526e-05,0.6696799638778281,0.9951648351648352,0.0045891457182024205,0.9936996336996338,0.9967765567765567,0.9772893772893774,0.0208373079169639,1.0,0.0,1.0,0.0,1.3054829519433704e-06,0.0,5000.0,43.52566247000165,1.0612776523166327,5000.0,"[2.1045912780549366e-05, 3.8694343144254174e-05, 2.9123689803054933e-05, 1.778378355993016e-05, 2.601552470717217e-05, 1.7512039766536548e-05, 1.3397581584252907e-05, 1.2296637516752116e-05, 0.00012925519170177817, 2.6418775301820963e-05, 1.4135164595132497e-05, 2.41618980708995e-05, 3.233865654630796e-05, 3.302638278497809e-05, 3.0441366515592272e-05, 3.470599167307014e-05, 1.0910525995819844e-05, 1.9266477562781914e-05, 1.3965109078478976e-05, 5.030721845676029e-05, 7.312221649740459e-06, 2.3003547219910817e-05, 8.936884959847672e-06, 2.6183786116576057e-05, 1.2020518448247444e-05, 2.2323195184432337e-05, 7.2810814307781575e-06, 2.7958297456263826e-05, 4.283680908697004e-05, 6.558382915810252e-06]","[1.0, 1.0, 0.9912087912087912, 0.9912087912087912, 0.9956043956043955, 0.9956043956043955, 1.0, 1.0, 0.9868131868131869, 0.9912087912087912, 0.9956043956043955, 0.9868131868131869, 0.9868131868131869, 0.9912087912087912, 1.0, 1.0, 0.9912087912087912, 0.9956043956043955, 0.9956043956043955, 0.9868131868131869, 0.9956043956043955, 0.9956043956043955, 1.0, 1.0, 1.0, 1.0, 0.9956043956043955, 0.9912087912087912, 1.0, 0.9956043956043955]","[1.0, 1.0, 0.9560439560439562, 0.9560439560439562, 0.9780219780219781, 0.9780219780219781, 1.0, 1.0, 0.9560439560439562, 0.9560439560439562, 0.9780219780219781, 0.9340659340659341, 0.9340659340659341, 0.9560439560439562, 1.0, 1.0, 0.9560439560439562, 0.9780219780219781, 0.9780219780219781, 0.9560439560439562, 0.9780219780219781, 0.9780219780219781, 1.0, 1.0, 1.0, 1.0, 0.9780219780219781, 0.9560439560439562, 1.0, 0.9780219780219781]","[1.0, 1.0, 1.0, 1.0, 1.0, 1.0, 1.0, 1.0, 1.0, 1.0, 1.0, 1.0, 1.0, 1.0, 1.0, 1.0, 1.0, 1.0, 1.0, 1.0, 1.0, 1.0, 1.0, 1.0, 1.0, 1.0, 1.0, 1.0, 1.0, 1.0]","[1.0, 1.0, 1.0, 1.0, 1.0, 1.0, 1.0, 1.0, 1.0, 1.0, 1.0, 1.0, 1.0, 1.0, 1.0, 1.0, 1.0, 1.0, 1.0, 1.0, 1.0, 1.0, 1.0, 1.0, 1.0, 1.0, 1.0, 1.0, 1.0, 1.0]"
adult,rf,5000,7,14,b4_antithetic,0.00019100673353612328,3.446928295496321e-05,1.364333810972309e-05,2.4620916396402294e-06,0.00017768561802706352,0.0002042757049198271,4.924689135432125,0.9301098901098901,0.015451450846209485,0.9245421245421246,0.9356776556776557,0.8285714285714287,0.03423683940087302,1.0,0.0,1.0,0.0,1.3243783797031777e-06,0.0,5000.0,42.04358508333486,0.8078382989236936,5000.0,"[0.00015780977475544455, 0.00017090251599362222, 0.00018161837445427372, 0.00019370271075801022, 0.00020811579828885045, 0.000230130067036244, 0.00010326050131599596, 0.0001895809467919721, 0.00015822085237623813, 0.00014087146452239154, 0.00019595771861386017, 0.0001968027624097539, 0.00014598568097661796, 0.0001997763449123257, 0.00022086479791559623, 0.00024868077890115504, 0.00015363745793543803, 0.00015217847937698878, 0.00016661125306570787, 0.00021782922483597078, 0.0002483212440923345, 0.00019793406149951604, 0.00021207019610977089, 0.00020604792611898445, 0.00017527709402355828, 0.0002509329180941881, 0.00019210477983124612, 0.00023316702091585333, 0.00017205594157026618, 0.00020975331859152216]","[0.9428571428571428, 0.9120879120879121, 0.9164835164835166, 0.9296703296703297, 0.9296703296703297, 0.9076923076923077, 0.9340659340659341, 0.9252747252747253, 0.9384615384615385, 0.9296703296703297, 0.9076923076923077, 0.9296703296703297, 0.9472527472527472, 0.9604395604395607, 0.9252747252747253, 0.9428571428571428, 0.9384615384615385, 0.9516483516483516, 0.9340659340659341, 0.9296703296703297, 0.9428571428571428, 0.8901098901098902, 0.9120879120879121, 0.9076923076923077, 0.9296703296703297, 0.9472527472527472, 0.9472527472527472, 0.9208791208791209, 0.9296703296703297, 0.9428571428571428]","[0.8461538461538461, 0.8021978021978022, 0.8241758241758242, 0.8021978021978022, 0.8021978021978022, 0.7582417582417583, 0.8241758241758242, 0.8461538461538461, 0.8461538461538461, 0.8681318681318682, 0.7802197802197802, 0.8021978021978022, 0.8681318681318682, 0.8681318681318682, 0.8461538461538461, 0.8461538461538461, 0.8461538461538461, 0.8901098901098902, 0.8241758241758242, 0.8021978021978022, 0.8461538461538461, 0.7582417582417583, 0.8021978021978022, 0.7802197802197802, 0.8681318681318682, 0.8681318681318682, 0.8681318681318682, 0.8241758241758242, 0.8021978021978022, 0.8461538461538461]","[1.0, 1.0, 1.0, 1.0, 1.0, 1.0, 1.0, 1.0, 1.0, 1.0, 1.0, 1.0, 1.0, 1.0, 1.0, 1.0, 1.0, 1.0, 1.0, 1.0, 1.0, 1.0, 1.0, 1.0, 1.0, 1.0, 1.0, 1.0, 1.0, 1.0]","[1.0, 1.0, 1.0, 1.0, 1.0, 1.0, 1.0, 1.0, 1.0, 1.0, 1.0, 1.0, 1.0, 1.0, 1.0, 1.0, 1.0, 1.0, 1.0, 1.0, 1.0, 1.0, 1.0, 1.0, 1.0, 1.0, 1.0, 1.0, 1.0, 1.0]"
adult,rf,5000,8,14,abc_shap,0.0039867634625284885,0.002927162805350064,0.0002847688187520349,0.00020908305752500458,0.0029294995982058207,0.004986452760174036,9.165573961088828,0.8435164835164836,0.11254006339815821,0.8024798534798535,0.8819120879120881,0.72967032967033,0.14222457866796906,0.9444444444444444,0.12422599874998834,0.9933333333333334,0.03590109871423002,0.0002571862007122572,2352.0,2648.0,45.54099547333317,1.4526265897883102,2352.0,"[0.001610702998616743, 0.003914829457182468, 0.012223023727019108, 0.002623977784510764, 0.00980812760016055, 0.002721770823287154, 0.0002076031477638206, 0.0005433558478352917, 0.008501241292665844, 0.0019891850094278128, 0.005121748032738648, 0.0031236820066003774, 0.007242694480086717, 0.004374192872435058, 0.001681730975680819, 0.006010859983156729, 0.0047294229480631285, 0.004789239066246778, 0.007528297093692492, 0.0008034752812975012, 0.0012933988335996137, 0.0035575696369566407, 0.006588548347553949, 0.000670867443865475, 0.005439413340116512, 0.0007671918710136875, 0.0034928417328632896, 0.0012724614625517633, 0.004872832334694131, 0.002098618444171795]","[0.9428571428571428, 0.7626373626373627, 0.665934065934066, 0.9824175824175824, 0.7010989010989012, 0.956043956043956, 0.8725274725274725, 0.9780219780219781, 0.6439560439560439, 0.832967032967033, 0.6923076923076923, 0.9912087912087912, 0.9648351648351648, 0.9868131868131869, 0.8021978021978022, 0.6131868131868132, 0.8593406593406594, 0.8593406593406594, 0.8241758241758241, 0.8593406593406594, 0.9516483516483516, 0.832967032967033, 0.9120879120879121, 0.9428571428571428, 0.665934065934066, 0.8461538461538461, 0.7802197802197802, 0.8637362637362638, 0.7538461538461538, 0.9648351648351648]","[0.8461538461538461, 0.6263736263736264, 0.5384615384615384, 0.9340659340659341, 0.5604395604395604, 0.8681318681318682, 0.7362637362637363, 0.9120879120879122, 0.4725274725274726, 0.6923076923076924, 0.5604395604395604, 0.9560439560439562, 0.8681318681318682, 0.9340659340659341, 0.6263736263736264, 0.4725274725274726, 0.7362637362637363, 0.7582417582417583, 0.7142857142857144, 0.7142857142857144, 0.8461538461538461, 0.7142857142857144, 0.8241758241758242, 0.8461538461538461, 0.4945054945054945, 0.6703296703296704, 0.6923076923076924, 0.7142857142857144, 0.6483516483516484, 0.9120879120879122]","[0.6666666666666666, 1.0, 1.0, 1.0, 1.0, 1.0, 1.0, 1.0, 1.0, 1.0, 1.0, 1.0, 0.6666666666666666, 1.0, 0.6666666666666666, 1.0, 1.0, 1.0, 1.0, 0.6666666666666666, 1.0, 1.0, 1.0, 1.0, 0.6666666666666666, 1.0, 1.0, 1.0, 1.0, 1.0]","[1.0, 1.0, 1.0, 1.0, 1.0, 1.0, 1.0, 1.0, 1.0, 1.0, 1.0, 1.0, 0.8, 1.0, 1.0, 1.0, 1.0, 1.0, 1.0, 1.0, 1.0, 1.0, 1.0, 1.0, 1.0, 1.0, 1.0, 1.0, 1.0, 1.0]"
adult,rf,5000,8,14,b1_uniform,0.003626793620002912,0.0017346125822922823,0.0002590566871430651,0.000123900898735163,0.003067030743725906,0.004262334584703495,8.338002863269756,0.8079120879120881,0.061035622224175225,0.7869597069597073,0.8303296703296704,0.6827838827838831,0.06754642320503741,1.0,0.0,1.0,0.0,0.00010812304995418426,0.0,5000.0,44.497266566667044,1.5036750024383843,5000.0,"[0.0052849646292174425, 0.0023332430620026457, 0.00297393930371728, 0.0013646525485579044, 0.0025328547844023657, 0.0031486705168821093, 0.0028737382027159575, 0.0045503423410249095, 0.0017371851842384002, 0.004237424662622739, 0.006320092926340774, 0.002697498324426136, 0.002116221976668136, 0.007773976623844841, 0.0022273899053587816, 0.0019456384089116933, 0.007756643776426898, 0.002553283506987187, 0.005350051484994888, 0.005090791963256725, 0.0025467573434564054, 0.005787260817486923, 0.00255935648082907, 0.004585517694377528, 0.005012359712747748, 0.003010452245350505, 0.002205208977991893, 0.003485622167861252, 0.001270937111334898, 0.003471731916053341]","[0.7758241758241758, 0.767032967032967, 0.7362637362637363, 0.8285714285714285, 0.832967032967033, 0.8593406593406594, 0.745054945054945, 0.7054945054945055, 0.7626373626373627, 0.8857142857142857, 0.8549450549450549, 0.8505494505494505, 0.8109890109890111, 0.7890109890109891, 0.956043956043956, 0.8197802197802198, 0.7802197802197802, 0.8725274725274725, 0.8417582417582418, 0.8549450549450549, 0.8417582417582418, 0.7934065934065934, 0.8725274725274725, 0.7010989010989012, 0.7494505494505495, 0.8505494505494505, 0.7406593406593407, 0.8813186813186813, 0.7626373626373627, 0.7142857142857143]","[0.6483516483516484, 0.6263736263736264, 0.5824175824175825, 0.6923076923076924, 0.6923076923076924, 0.7582417582417583, 0.6483516483516484, 0.5604395604395604, 0.6263736263736264, 0.7582417582417583, 0.7362637362637363, 0.7142857142857144, 0.7142857142857144, 0.6703296703296704, 0.8681318681318682, 0.6923076923076924, 0.6703296703296704, 0.7582417582417583, 0.7142857142857144, 0.7362637362637363, 0.7142857142857144, 0.6263736263736264, 0.7362637362637363, 0.5824175824175825, 0.6043956043956044, 0.6923076923076924, 0.6263736263736264, 0.7802197802197802, 0.6263736263736264, 0.6263736263736264]","[1.0, 1.0, 1.0, 1.0, 1.0, 1.0, 1.0, 1.0, 1.0, 1.0, 1.0, 1.0, 1.0, 1.0, 1.0, 1.0, 1.0, 1.0, 1.0, 1.0, 1.0, 1.0, 1.0, 1.0, 1.0, 1.0, 1.0, 1.0, 1.0, 1.0]","[1.0, 1.0, 1.0, 1.0, 1.0, 1.0, 1.0, 1.0, 1.0, 1.0, 1.0, 1.0, 1.0, 1.0, 1.0, 1.0, 1.0, 1.0, 1.0, 1.0, 1.0, 1.0, 1.0, 1.0, 1.0, 1.0, 1.0, 1.0, 1.0, 1.0]"
adult,rf,5000,8,14,b2_stratified,0.0004349715009069524,0.0003082615769543667,3.106939292192517e-05,2.201868406816905e-05,0.0003288405515748628,0.0005435415215994825,1.0,0.9302564102564103,0.0356872067906944,0.9176520146520146,0.9428571428571428,0.8285714285714287,0.0632926331617734,0.9666666666666667,0.1,1.0,0.0,2.688892297458607e-05,0.0,5000.0,45.906033743329075,2.0220936611577223,5000.0,"[0.00018562614249440938, 8.192155557745853e-05, 0.0003268997745486373, 6.730410580037208e-05, 0.0002765631198482337, 0.00017080967624466352, 0.00033955898765632804, 0.00029413940488222547, 0.0008469769806119705, 0.0004238134017931833, 0.0008278074086375537, 0.00040997606724519595, 0.0006780822381388805, 0.0006978976686758016, 0.00019071302112350246, 0.0004053073386407399, 0.00036292601576838634, 0.0012173639133228077, 0.000374815092408947, 0.0007661899306392712, 0.0001544519175299512, 0.0004444679566694815, 0.0003687429599494518, 0.00019382738411925066, 0.0006377885882354728, 0.00040827808317618624, 0.00013720767815784496, 0.0002332552152535509, 0.0013204482506298367, 0.0002059851494289768]","[0.956043956043956, 0.9692307692307693, 0.9296703296703297, 0.9296703296703297, 0.9472527472527472, 0.8857142857142857, 0.8945054945054945, 0.8637362637362638, 0.9604395604395607, 0.9296703296703297, 0.9164835164835166, 0.9164835164835166, 0.9472527472527472, 0.8813186813186813, 0.9252747252747253, 0.9604395604395607, 0.956043956043956, 0.956043956043956, 0.9868131868131869, 0.9472527472527472, 0.9384615384615385, 0.8549450549450549, 0.9604395604395607, 0.9648351648351648, 0.8901098901098902, 0.9032967032967033, 0.9648351648351648, 0.8901098901098902, 0.8901098901098902, 0.9912087912087912]","[0.8681318681318682, 0.9120879120879122, 0.8021978021978022, 0.8241758241758242, 0.8681318681318682, 0.7582417582417583, 0.7582417582417583, 0.7142857142857144, 0.8681318681318682, 0.8241758241758242, 0.8241758241758242, 0.7802197802197802, 0.8241758241758242, 0.7582417582417583, 0.8461538461538461, 0.8681318681318682, 0.8681318681318682, 0.8681318681318682, 0.9340659340659341, 0.8681318681318682, 0.8461538461538461, 0.6923076923076924, 0.8681318681318682, 0.8901098901098902, 0.7582417582417583, 0.8021978021978022, 0.8901098901098902, 0.7582417582417583, 0.7582417582417583, 0.9560439560439562]","[1.0, 1.0, 0.6666666666666666, 1.0, 1.0, 1.0, 0.6666666666666666, 1.0, 1.0, 1.0, 1.0, 1.0, 0.6666666666666666, 1.0, 1.0, 1.0, 1.0, 1.0, 1.0, 1.0, 1.0, 1.0, 1.0, 1.0, 1.0, 1.0, 1.0, 1.0, 1.0, 1.0]","[1.0, 1.0, 1.0, 1.0, 1.0, 1.0, 1.0, 1.0, 1.0, 1.0, 1.0, 1.0, 1.0, 1.0, 1.0, 1.0, 1.0, 1.0, 1.0, 1.0, 1.0, 1.0, 1.0, 1.0, 1.0, 1.0, 1.0, 1.0, 1.0, 1.0]"
adult,rf,5000,8,14,b3_is,0.0002643198820180801,0.0002144939044530898,1.8879991572720007e-05,1.53209931752207e-05,0.0001914206856884663,0.0003449340423270743,0.6076717243933241,0.9558974358974359,0.030695533580249443,0.9449010989010989,0.9664468864468866,0.882783882783883,0.053934541595035794,0.9777777777777777,0.08314794192830981,1.0,0.0,1.645841861959136e-05,0.0,5000.0,46.181238933334434,2.2395738925760598,5000.0,"[0.0008296854014233676, 0.00010359161448039878, 0.00019445682452466794, 0.00011468900850956932, 0.0006817013708851054, 0.00018052593230070887, 0.0005469139984072421, 0.0005342110335204281, 8.01754917975272e-05, 0.0004625121894553045, 0.00011850762905753128, 0.0003201269284779974, 7.497972087054039e-05, 0.0002997728074347697, 0.00013959842778793997, 0.0005559631020133451, 7.562258266913954e-05, 7.702440076304367e-05, 0.00010000549053036356, 0.00018948648947802484, 0.00014473143183471734, 0.0001334569328576435, 6.430077380140964e-05, 0.0005404277344352008, 0.0002753278477351595, 4.0505121390946095e-05, 7.021005412221945e-05, 0.0004733359100653167, 8.726043119311081e-05, 0.00042048977871966467]","[0.9824175824175824, 0.8945054945054945, 0.956043956043956, 0.9208791208791209, 0.9692307692307693, 0.9340659340659341, 0.9912087912087912, 0.9824175824175824, 0.956043956043956, 0.9736263736263736, 0.9692307692307693, 0.9692307692307693, 0.9472527472527472, 0.9824175824175824, 0.9736263736263736, 0.9692307692307693, 0.9824175824175824, 0.8989010989010989, 0.9824175824175824, 0.9516483516483516, 0.9120879120879121, 0.9824175824175824, 0.9472527472527472, 0.9780219780219781, 0.9692307692307693, 1.0, 0.9252747252747253, 0.9208791208791209, 0.9736263736263736, 0.8813186813186813]","[0.9120879120879122, 0.7802197802197802, 0.8901098901098902, 0.8241758241758242, 0.9120879120879122, 0.8461538461538461, 0.9560439560439562, 0.9340659340659341, 0.8681318681318682, 0.8901098901098902, 0.8901098901098902, 0.8901098901098902, 0.8681318681318682, 0.9340659340659341, 0.9120879120879122, 0.8901098901098902, 0.9340659340659341, 0.8021978021978022, 0.9340659340659341, 0.8461538461538461, 0.8021978021978022, 0.9340659340659341, 0.8901098901098902, 0.9120879120879122, 0.8901098901098902, 1.0, 0.8241758241758242, 0.8461538461538461, 0.9120879120879122, 0.7582417582417583]","[0.6666666666666666, 1.0, 1.0, 1.0, 1.0, 1.0, 1.0, 1.0, 1.0, 0.6666666666666666, 1.0, 1.0, 1.0, 1.0, 1.0, 1.0, 1.0, 1.0, 1.0, 1.0, 1.0, 1.0, 1.0, 1.0, 1.0, 1.0, 1.0, 1.0, 1.0, 1.0]","[1.0, 1.0, 1.0, 1.0, 1.0, 1.0, 1.0, 1.0, 1.0, 1.0, 1.0, 1.0, 1.0, 1.0, 1.0, 1.0, 1.0, 1.0, 1.0, 1.0, 1.0, 1.0, 1.0, 1.0, 1.0, 1.0, 1.0, 1.0, 1.0, 1.0]"
adult,rf,5000,8,14,b4_antithetic,0.0026395040860107077,0.0005389798948389621,0.000188536006143622,3.8498563917068724e-05,0.002445616499542735,0.00282681733714716,6.068223045664183,0.8005860805860808,0.03832811324144016,0.7875421245421247,0.8143589743589745,0.6600732600732603,0.04530292991572253,1.0,0.0,1.0,0.0,1.3710832598837469e-05,0.0,5000.0,44.15644117000047,1.2766727875300898,5000.0,"[0.00353507940137673, 0.0026010249390238755, 0.00351401268715841, 0.002488995964708689, 0.001858783954062875, 0.0027828180860547925, 0.0030516440532898743, 0.002156038728285434, 0.0024229281869087072, 0.0019573279932745672, 0.002942586646554558, 0.0025359986777749675, 0.001682630740756261, 0.001670256021131784, 0.0027123547136684327, 0.0029721631093834783, 0.0028800303684050803, 0.002521496329559983, 0.0026164759258317655, 0.0032028289134887725, 0.0027587620088928184, 0.003362238468569115, 0.002471982321638913, 0.002683793961210476, 0.0024484034403143133, 0.0034333187542467765, 0.0021307958573484093, 0.003336757690613009, 0.0028576727653697007, 0.0015959218714186568]","[0.7494505494505495, 0.7758241758241758, 0.7758241758241758, 0.7934065934065934, 0.8461538461538461, 0.8373626373626375, 0.7846153846153847, 0.8241758241758241, 0.7846153846153847, 0.7890109890109891, 0.7934065934065934, 0.7274725274725276, 0.8593406593406594, 0.7494505494505495, 0.7406593406593407, 0.7802197802197802, 0.8285714285714285, 0.8065934065934066, 0.8989010989010989, 0.7846153846153847, 0.8197802197802198, 0.8065934065934066, 0.8109890109890111, 0.7846153846153847, 0.8637362637362638, 0.8109890109890111, 0.8021978021978022, 0.8065934065934066, 0.745054945054945, 0.8373626373626375]","[0.6263736263736264, 0.6483516483516484, 0.6483516483516484, 0.6483516483516484, 0.6703296703296704, 0.7362637362637363, 0.6263736263736264, 0.6703296703296704, 0.6043956043956044, 0.6483516483516484, 0.6483516483516484, 0.5824175824175825, 0.6923076923076924, 0.6043956043956044, 0.5824175824175825, 0.6043956043956044, 0.6923076923076924, 0.6923076923076924, 0.7802197802197802, 0.6263736263736264, 0.6703296703296704, 0.6483516483516484, 0.6923076923076924, 0.6263736263736264, 0.7362637362637363, 0.6703296703296704, 0.6703296703296704, 0.6923076923076924, 0.6483516483516484, 0.7142857142857144]","[1.0, 1.0, 1.0, 1.0, 1.0, 1.0, 1.0, 1.0, 1.0, 1.0, 1.0, 1.0, 1.0, 1.0, 1.0, 1.0, 1.0, 1.0, 1.0, 1.0, 1.0, 1.0, 1.0, 1.0, 1.0, 1.0, 1.0, 1.0, 1.0, 1.0]","[1.0, 1.0, 1.0, 1.0, 1.0, 1.0, 1.0, 1.0, 1.0, 1.0, 1.0, 1.0, 1.0, 1.0, 1.0, 1.0, 1.0, 1.0, 1.0, 1.0, 1.0, 1.0, 1.0, 1.0, 1.0, 1.0, 1.0, 1.0, 1.0, 1.0]"
adult,rf,5000,9,14,abc_shap,0.0032490517069476673,0.0038723015114449488,0.00023207512192483336,0.0002765929651032106,0.0019302618686807625,0.004732537797682789,8.52289273294763,0.9185347985347986,0.06966474442509628,0.8940622710622711,0.941106227106227,0.8139194139194141,0.10351210233658646,0.8111111111111112,0.1651785416368723,0.9466666666666668,0.08844332774281063,0.00023094846747748237,2352.0,2648.0,43.61697629999932,1.5669721581051066,2352.0,"[0.006289845045716942, 0.002460316194761969, 0.012683486252466063, 0.002744275889691514, 0.007852170646773331, 0.0018073282948848808, 0.0005460093642615336, 0.00040238877017319583, 0.009178515180140729, 0.002319751891117671, 0.0007510660249154935, 0.0005025033395590938, 0.000784283996110859, 0.01563994630306276, 0.0001642527771613909, 0.0010944329364255742, 0.004972352236326308, 0.0008136079571644319, 8.714953676326684e-05, 0.00021991353502257802, 0.00021410761224999617, 0.007772450579252005, 0.005088966901574267, 8.406472623118112e-05, 0.001742104001868592, 0.0017483017384579864, 0.0015042892311951726, 0.003875614664953008, 0.003872589210941495, 0.0002554663692067315]","[0.8417582417582418, 0.9472527472527472, 0.6703296703296703, 0.9296703296703297, 0.8769230769230769, 0.9340659340659341, 0.9340659340659341, 0.9780219780219781, 0.745054945054945, 0.9868131868131869, 0.9472527472527472, 0.9736263736263736, 0.9120879120879121, 0.9208791208791209, 0.9780219780219781, 0.9648351648351648, 0.8769230769230769, 0.9296703296703297, 0.9692307692307693, 0.9692307692307693, 0.9736263736263736, 0.956043956043956, 0.8417582417582418, 0.9780219780219781, 0.9208791208791209, 0.8857142857142857, 0.9648351648351648, 0.8725274725274725, 0.9428571428571428, 0.9340659340659341]","[0.6923076923076924, 0.8901098901098902, 0.4945054945054945, 0.8021978021978022, 0.7362637362637363, 0.8241758241758242, 0.8021978021978022, 0.9120879120879122, 0.5824175824175825, 0.9560439560439562, 0.8901098901098902, 0.9120879120879122, 0.7802197802197802, 0.8021978021978022, 0.9120879120879122, 0.8901098901098902, 0.7142857142857144, 0.8021978021978022, 0.9120879120879122, 0.8901098901098902, 0.9120879120879122, 0.8461538461538461, 0.6923076923076924, 0.9120879120879122, 0.8021978021978022, 0.7582417582417583, 0.8901098901098902, 0.7362637362637363, 0.8461538461538461, 0.8241758241758242]","[0.6666666666666666, 1.0, 0.6666666666666666, 1.0, 1.0, 0.6666666666666666, 0.6666666666666666, 0.6666666666666666, 0.6666666666666666, 1.0, 1.0, 1.0, 0.6666666666666666, 1.0, 0.6666666666666666, 1.0, 0.6666666666666666, 0.6666666666666666, 0.6666666666666666, 0.6666666666666666, 1.0, 1.0, 0.6666666666666666, 0.6666666666666666, 0.6666666666666666, 0.6666666666666666, 1.0, 0.6666666666666666, 1.0, 1.0]","[0.8, 1.0, 0.8, 1.0, 1.0, 1.0, 1.0, 1.0, 0.8, 1.0, 1.0, 1.0, 1.0, 1.0, 1.0, 1.0, 0.8, 0.8, 1.0, 1.0, 1.0, 1.0, 0.8, 1.0, 1.0, 1.0, 1.0, 1.0, 0.8, 0.8]"
adult,rf,5000,9,14,b1_uniform,0.001998916229883193,0.0009620833336675507,0.00014277973070594236,6.872023811911077e-05,0.001668593588183327,0.0023357991285277947,5.243544931283222,0.8329670329670331,0.05277166712150486,0.8153846153846156,0.853043956043956,0.6937728937728941,0.07265685724962603,0.8,0.18459164139817943,0.9933333333333334,0.03590109871423002,8.860392747100225e-05,0.0,5000.0,41.60003254666517,0.5322368758628725,5000.0,"[0.0010598090147590717, 0.002189573776916752, 0.002683133537000767, 0.0009405515313919462, 0.0019832270986423883, 0.0016304596708952095, 0.0030700962859046233, 0.0024175620023426272, 0.002005075810020351, 0.001979972492351171, 0.001364808099665336, 0.0015137331939186055, 0.0008706998545666706, 0.004907802909040791, 0.002176067456180452, 0.00229568863706696, 0.0006603370276119105, 0.002245461407824411, 0.0028188284009930545, 0.0004444925360502723, 0.0029605974122139094, 0.0013121107828712134, 0.0005633172041286283, 0.003413140349065056, 0.002542056711159547, 0.0023595114137322138, 0.0017638190337507691, 0.0018909134622072871, 0.0030514434912233793, 0.0008531962930004079]","[0.8681318681318682, 0.7890109890109891, 0.7714285714285714, 0.8857142857142857, 0.745054945054945, 0.7626373626373627, 0.9340659340659341, 0.8769230769230769, 0.7934065934065934, 0.832967032967033, 0.8857142857142857, 0.8021978021978022, 0.8681318681318682, 0.7934065934065934, 0.8285714285714285, 0.9076923076923077, 0.8681318681318682, 0.8109890109890111, 0.8417582417582418, 0.8637362637362638, 0.8197802197802198, 0.7934065934065934, 0.9032967032967033, 0.7714285714285714, 0.7626373626373627, 0.9208791208791209, 0.7406593406593407, 0.8549450549450549, 0.8505494505494505, 0.8417582417582418]","[0.7142857142857144, 0.6483516483516484, 0.5824175824175825, 0.7802197802197802, 0.5604395604395604, 0.6043956043956044, 0.8241758241758242, 0.7802197802197802, 0.6263736263736264, 0.7142857142857144, 0.8021978021978022, 0.6483516483516484, 0.7582417582417583, 0.6263736263736264, 0.7362637362637363, 0.7582417582417583, 0.7582417582417583, 0.6703296703296704, 0.6923076923076924, 0.7362637362637363, 0.6703296703296704, 0.6703296703296704, 0.7802197802197802, 0.6263736263736264, 0.6263736263736264, 0.7802197802197802, 0.5604395604395604, 0.6703296703296704, 0.6703296703296704, 0.7362637362637363]","[0.6666666666666666, 0.6666666666666666, 0.6666666666666666, 1.0, 0.6666666666666666, 0.6666666666666666, 0.6666666666666666, 0.6666666666666666, 0.6666666666666666, 0.6666666666666666, 0.6666666666666666, 0.6666666666666666, 1.0, 0.6666666666666666, 1.0, 1.0, 1.0, 1.0, 0.6666666666666666, 1.0, 0.6666666666666666, 1.0, 1.0, 1.0, 1.0, 1.0, 0.6666666666666666, 0.3333333333333333, 0.6666666666666666, 1.0]","[1.0, 1.0, 1.0, 1.0, 1.0, 1.0, 1.0, 1.0, 1.0, 1.0, 1.0, 1.0, 1.0, 0.8, 1.0, 1.0, 1.0, 1.0, 1.0, 1.0, 1.0, 1.0, 1.0, 1.0, 1.0, 1.0, 1.0, 1.0, 1.0, 1.0]"
adult,rf,5000,9,14,b2_stratified,0.00038121466604730894,0.00042771864590388073,2.722961900337921e-05,3.05513318502772e-05,0.0002414461425258195,0.0005436416601875988,1.0,0.9759706959706961,0.02003847149864175,0.9683516483516484,0.9827106227106228,0.917948717948718,0.050734914851811835,0.8777777777777778,0.16063146994223293,0.9533333333333334,0.08459051693633012,2.52619326048081e-05,0.0,5000.0,43.25874717666496,0.777231277127626,5000.0,"[6.313973381230564e-05, 0.000186767163449927, 0.0002662186839141983, 0.00039866957550176125, 0.0018428108241834871, 0.000534582973889818, 9.950317509866338e-05, 0.00044510619907727644, 7.583563053804851e-05, 0.0007401039501657243, 6.132352103038554e-05, 9.061545257257375e-05, 8.213119779181022e-05, 0.0006943102352955299, 0.0011973858036385867, 6.104026495589458e-05, 0.0012709030694203378, 0.0007839269878782854, 5.123486528180461e-05, 0.0001206442313057016, 0.00032684745259930456, 0.00012268277601069411, 3.7586579857191135e-05, 3.0067025013194033e-05, 0.00048561007455492965, 0.0006606958924221702, 0.00013635944862118833, 0.00031997136343234645, 9.283939098826092e-05, 0.00015752643911786887]","[0.9780219780219781, 0.9428571428571428, 0.9824175824175824, 0.9824175824175824, 0.9868131868131869, 0.9912087912087912, 0.9736263736263736, 0.9956043956043955, 0.9868131868131869, 0.9736263736263736, 0.9868131868131869, 0.9648351648351648, 0.9780219780219781, 0.9956043956043955, 0.9340659340659341, 0.9736263736263736, 0.9252747252747253, 0.9340659340659341, 0.9472527472527472, 0.9736263736263736, 0.9956043956043955, 0.9912087912087912, 0.9780219780219781, 0.9824175824175824, 0.9912087912087912, 1.0, 0.9868131868131869, 0.9912087912087912, 0.9604395604395607, 0.9956043956043955]","[0.9120879120879122, 0.8461538461538461, 0.9340659340659341, 0.9340659340659341, 0.9560439560439562, 0.9560439560439562, 0.8901098901098902, 0.9780219780219781, 0.9340659340659341, 0.9120879120879122, 0.9340659340659341, 0.8901098901098902, 0.8901098901098902, 0.9780219780219781, 0.8241758241758242, 0.8901098901098902, 0.7802197802197802, 0.8241758241758242, 0.8901098901098902, 0.8901098901098902, 0.9780219780219781, 0.9560439560439562, 0.9120879120879122, 0.9340659340659341, 0.9560439560439562, 1.0, 0.9340659340659341, 0.9560439560439562, 0.8901098901098902, 0.9780219780219781]","[1.0, 0.6666666666666666, 1.0, 1.0, 1.0, 1.0, 0.6666666666666666, 1.0, 0.6666666666666666, 1.0, 1.0, 1.0, 0.6666666666666666, 1.0, 0.6666666666666666, 1.0, 0.6666666666666666, 0.6666666666666666, 1.0, 1.0, 1.0, 0.6666666666666666, 0.6666666666666666, 0.6666666666666666, 1.0, 1.0, 1.0, 1.0, 0.6666666666666666, 1.0]","[0.8, 1.0, 1.0, 1.0, 1.0, 1.0, 1.0, 1.0, 1.0, 1.0, 1.0, 1.0, 0.8, 1.0, 0.8, 1.0, 0.8, 1.0, 1.0, 1.0, 0.8, 1.0, 1.0, 1.0, 1.0, 1.0, 0.8, 1.0, 1.0, 0.8]"
adult,rf,5000,9,14,b3_is,0.00022854491634655588,0.0002604088001865705,1.632463688189685e-05,1.8600628584755036e-05,0.00014214072316680174,0.00032094446778354734,0.5995176384903128,0.984908424908425,0.010382273253073615,0.9810989010989012,0.9882820512820513,0.9391941391941394,0.037074229828219785,0.8444444444444446,0.16629588385661964,0.9733333333333333,0.06798692684790378,1.2632699417671602e-05,0.0,5000.0,43.674770676663805,0.6807808889757861,5000.0,"[0.0006524209476548923, 0.0002046822050961514, 4.25982066085119e-05, 5.714581914007075e-05, 3.597666874875433e-05, 0.0008818300582038863, 0.0007594266043442813, 0.0009327346048361319, 0.00010976010477074856, 3.111957139510781e-05, 8.407445595551084e-05, 3.452131114382983e-05, 0.00011852365776527373, 0.0004863752000570133, 0.00012130299664454082, 6.117477833491018e-05, 0.00025554503226108755, 0.00017202021355784838, 2.2689338658294037e-05, 0.00010767503624027427, 0.00010078847584573393, 0.00023890470800713503, 0.00013847650670846965, 0.00017600629373369555, 0.00011553857800535334, 0.000550519883445907, 1.98344033061598e-05, 7.660341688629369e-05, 0.00025599911682092313, 1.2079296219885296e-05]","[0.9868131868131869, 0.9912087912087912, 1.0, 0.9736263736263736, 0.9956043956043955, 0.9956043956043955, 0.9868131868131869, 0.9780219780219781, 0.9868131868131869, 0.9912087912087912, 0.9736263736263736, 0.9780219780219781, 0.9912087912087912, 0.9956043956043955, 0.9824175824175824, 0.9912087912087912, 0.9824175824175824, 0.9736263736263736, 0.9912087912087912, 0.9648351648351648, 0.9780219780219781, 0.9868131868131869, 0.956043956043956, 1.0, 0.9956043956043955, 0.9912087912087912, 0.9868131868131869, 0.9692307692307693, 0.9912087912087912, 0.9824175824175824]","[0.9560439560439562, 0.9560439560439562, 1.0, 0.8901098901098902, 0.9780219780219781, 0.9780219780219781, 0.9560439560439562, 0.9120879120879122, 0.9560439560439562, 0.9560439560439562, 0.9120879120879122, 0.9120879120879122, 0.9560439560439562, 0.9780219780219781, 0.9340659340659341, 0.9560439560439562, 0.9340659340659341, 0.8901098901098902, 0.9560439560439562, 0.8461538461538461, 0.9120879120879122, 0.9340659340659341, 0.8681318681318682, 1.0, 0.9780219780219781, 0.9560439560439562, 0.9560439560439562, 0.8901098901098902, 0.9560439560439562, 0.9120879120879122]","[1.0, 1.0, 1.0, 0.6666666666666666, 0.6666666666666666, 1.0, 1.0, 1.0, 1.0, 0.6666666666666666, 0.6666666666666666, 0.6666666666666666, 0.6666666666666666, 1.0, 0.6666666666666666, 0.6666666666666666, 1.0, 0.6666666666666666, 1.0, 0.6666666666666666, 0.6666666666666666, 1.0, 0.6666666666666666, 1.0, 1.0, 1.0, 1.0, 0.6666666666666666, 1.0, 0.6666666666666666]","[1.0, 1.0, 1.0, 1.0, 1.0, 1.0, 1.0, 1.0, 1.0, 1.0, 1.0, 1.0, 1.0, 1.0, 1.0, 1.0, 1.0, 0.8, 0.8, 0.8, 1.0, 1.0, 1.0, 1.0, 1.0, 1.0, 1.0, 1.0, 0.8, 1.0]"
adult,rf,5000,9,14,b4_antithetic,0.00170684912874244,0.0004864237883563824,0.00012191779491017428,3.474455631117017e-05,0.0015394002894088311,0.0018712887111926252,4.47739628288755,0.8174358974358976,0.028996185219133132,0.8073223443223445,0.8276923076923078,0.6849816849816851,0.049579265393959376,0.8111111111111112,0.1651785416368723,1.0,0.0,1.4975086743163582e-05,0.0,5000.0,41.54523440333141,0.5577367593617465,5000.0,"[0.0019064536212058823, 0.002497477234254321, 0.0011262564991857322, 0.0016681731587212042, 0.001968722200572863, 0.0020534161427740822, 0.001622049887622089, 0.0018668057683750906, 0.0004066229979585002, 0.0022385718070036436, 0.0009598135472862033, 0.002391424086388619, 0.0013945983092700591, 0.0019852358937889523, 0.0018856965640776616, 0.0012295809943023597, 0.0018938314986088132, 0.0010494724472524231, 0.0010684380373024258, 0.002014487115457581, 0.0009735027593398498, 0.0020553575087137385, 0.0019172411303885737, 0.0020381862765616516, 0.002043032380406434, 0.0019965113317561233, 0.0017981843416804849, 0.0013124712692443386, 0.0016037084032527438, 0.00224015064952075]","[0.8021978021978022, 0.7494505494505495, 0.7978021978021977, 0.8373626373626375, 0.8373626373626375, 0.8417582417582418, 0.8593406593406594, 0.8285714285714285, 0.8681318681318682, 0.8065934065934066, 0.832967032967033, 0.7714285714285714, 0.8065934065934066, 0.7934065934065934, 0.8153846153846154, 0.7978021978021977, 0.8153846153846154, 0.8725274725274725, 0.832967032967033, 0.8109890109890111, 0.8637362637362638, 0.7846153846153847, 0.8153846153846154, 0.8065934065934066, 0.8417582417582418, 0.8109890109890111, 0.7714285714285714, 0.8417582417582418, 0.8153846153846154, 0.7934065934065934]","[0.6483516483516484, 0.5824175824175825, 0.6483516483516484, 0.7362637362637363, 0.7362637362637363, 0.7142857142857144, 0.7802197802197802, 0.6923076923076924, 0.7582417582417583, 0.6483516483516484, 0.7142857142857144, 0.5824175824175825, 0.6483516483516484, 0.6483516483516484, 0.6923076923076924, 0.6483516483516484, 0.6923076923076924, 0.7582417582417583, 0.7142857142857144, 0.6923076923076924, 0.7582417582417583, 0.6043956043956044, 0.6923076923076924, 0.6483516483516484, 0.7142857142857144, 0.6703296703296704, 0.6703296703296704, 0.7142857142857144, 0.6923076923076924, 0.6483516483516484]","[0.6666666666666666, 0.6666666666666666, 1.0, 1.0, 1.0, 0.6666666666666666, 1.0, 0.6666666666666666, 1.0, 0.6666666666666666, 0.6666666666666666, 0.6666666666666666, 0.6666666666666666, 0.6666666666666666, 1.0, 0.6666666666666666, 1.0, 1.0, 1.0, 0.6666666666666666, 1.0, 0.6666666666666666, 0.6666666666666666, 0.6666666666666666, 0.6666666666666666, 1.0, 1.0, 0.6666666666666666, 1.0, 0.6666666666666666]","[1.0, 1.0, 1.0, 1.0, 1.0, 1.0, 1.0, 1.0, 1.0, 1.0, 1.0, 1.0, 1.0, 1.0, 1.0, 1.0, 1.0, 1.0, 1.0, 1.0, 1.0, 1.0, 1.0, 1.0, 1.0, 1.0, 1.0, 1.0, 1.0, 1.0]"
adult,mlp,5000,0,14,abc_shap,0.002206852341106616,0.0015637155112067525,0.000157632310079044,0.0001116939650861966,0.001668752093321646,0.002754807721786777,8.681268193440483,0.9150183150183151,0.06966104636117597,0.8871611721611723,0.9396336996336996,0.8175824175824178,0.0930979602660109,0.8111111111111111,0.16517854163687232,1.0,0.0,0.00014546616346076808,2352.0,2648.0,1.0250126400011748,0.0315971002622752,2352.0,"[0.00032245988945854825, 0.003116477013090823, 0.004204805035004452, 0.0013577504249701526, 0.002651149245646397, 0.0025927419393995963, 0.00035479873730864326, 0.000782890094733839, 0.001004203987933398, 0.004424334452143671, 0.0008783829282595534, 0.00042950464148641394, 0.003205300126896118, 0.00484875080135168, 0.0016344354699921872, 0.0031840221617571193, 0.0014034510391710327, 0.000733921512591265, 0.0028077840755637517, 0.005172311502090745, 0.003522025571020032, 0.005847685932471574, 0.0009072141686518385, 0.0002813556556877464, 0.0011287498878697255, 0.001711029681010301, 0.0011244115240029414, 0.0008685051043516614, 0.00242967140518634, 0.003275446224096922]","[0.9736263736263736, 0.9868131868131869, 0.832967032967033, 0.9252747252747253, 0.9252747252747253, 0.8505494505494505, 0.9736263736263736, 0.9516483516483516, 0.9736263736263736, 0.8813186813186813, 0.8549450549450549, 0.9516483516483516, 0.9648351648351648, 0.9252747252747253, 0.8681318681318682, 0.7538461538461538, 0.9648351648351648, 0.9736263736263736, 0.9296703296703297, 0.8241758241758241, 0.9604395604395607, 0.7406593406593407, 0.8417582417582418, 0.9824175824175824, 0.8901098901098902, 0.9868131868131869, 0.9648351648351648, 0.9824175824175824, 0.832967032967033, 0.9824175824175824]","[0.9120879120879122, 0.9340659340659341, 0.6923076923076924, 0.8241758241758242, 0.8021978021978022, 0.7362637362637363, 0.8901098901098902, 0.8461538461538461, 0.8901098901098902, 0.7582417582417583, 0.7802197802197802, 0.8461538461538461, 0.8461538461538461, 0.8021978021978022, 0.7362637362637363, 0.6263736263736264, 0.8901098901098902, 0.9120879120879122, 0.8461538461538461, 0.6703296703296704, 0.8681318681318682, 0.6043956043956044, 0.7362637362637363, 0.9340659340659341, 0.7802197802197802, 0.9340659340659341, 0.8901098901098902, 0.9120879120879122, 0.7142857142857144, 0.9120879120879122]","[1.0, 1.0, 0.6666666666666666, 0.6666666666666666, 0.6666666666666666, 1.0, 0.6666666666666666, 0.6666666666666666, 0.6666666666666666, 0.6666666666666666, 1.0, 0.6666666666666666, 0.6666666666666666, 0.6666666666666666, 0.6666666666666666, 0.6666666666666666, 1.0, 1.0, 1.0, 0.6666666666666666, 1.0, 0.6666666666666666, 0.6666666666666666, 0.6666666666666666, 1.0, 1.0, 1.0, 1.0, 0.6666666666666666, 1.0]","[1.0, 1.0, 1.0, 1.0, 1.0, 1.0, 1.0, 1.0, 1.0, 1.0, 1.0, 1.0, 1.0, 1.0, 1.0, 1.0, 1.0, 1.0, 1.0, 1.0, 1.0, 1.0, 1.0, 1.0, 1.0, 1.0, 1.0, 1.0, 1.0, 1.0]"
adult,mlp,5000,0,14,b1_uniform,0.005232926924110249,0.0011851544699018248,0.0003737804945793035,8.46538907072732e-05,0.00483781376736799,0.0056481396712394,20.58517519214573,0.8712087912087912,0.04716697215304263,0.8531794871794872,0.8876227106227107,0.7494505494505497,0.06632363544472542,0.9666666666666667,0.1,1.0,0.0,5.069359538163979e-05,0.0,5000.0,0.8894197166664526,0.01429487543309942,5000.0,"[0.004556696763226193, 0.004292028328579214, 0.004984717543090463, 0.00575132828813343, 0.005223131093605046, 0.0063604230698325655, 0.003443833082749693, 0.0034800583562199683, 0.006836238974044095, 0.004120550544550288, 0.0029233739375957237, 0.005453882247788814, 0.005436893487605943, 0.0032753827115744746, 0.007952040493815364, 0.005690936978058743, 0.0041672988209112815, 0.005251155851992059, 0.004017083132762941, 0.0064535424604989615, 0.005432752991249427, 0.00554141126750553, 0.004875900856042662, 0.005992999378991981, 0.007021694991948081, 0.005838018206049726, 0.005600628875674432, 0.004652975389476211, 0.005321609593084547, 0.007039220006649613]","[0.8725274725274725, 0.8461538461538461, 0.9384615384615385, 0.8241758241758241, 0.8945054945054945, 0.9120879120879121, 0.8681318681318682, 0.8813186813186813, 0.7846153846153847, 0.8373626373626375, 0.9472527472527472, 0.8461538461538461, 0.8417582417582418, 0.956043956043956, 0.9076923076923077, 0.7714285714285714, 0.8857142857142857, 0.8769230769230769, 0.8549450549450549, 0.8989010989010989, 0.7758241758241758, 0.9384615384615385, 0.8505494505494505, 0.8813186813186813, 0.8505494505494505, 0.8857142857142857, 0.832967032967033, 0.8945054945054945, 0.9340659340659341, 0.8461538461538461]","[0.7802197802197802, 0.7362637362637363, 0.8021978021978022, 0.6483516483516484, 0.7802197802197802, 0.8021978021978022, 0.7362637362637363, 0.7362637362637363, 0.6263736263736264, 0.7362637362637363, 0.8681318681318682, 0.7362637362637363, 0.7142857142857144, 0.8681318681318682, 0.8021978021978022, 0.6043956043956044, 0.7802197802197802, 0.7582417582417583, 0.7362637362637363, 0.7802197802197802, 0.6043956043956044, 0.8461538461538461, 0.7142857142857144, 0.7582417582417583, 0.7142857142857144, 0.7802197802197802, 0.7142857142857144, 0.7802197802197802, 0.8241758241758242, 0.7142857142857144]","[1.0, 1.0, 1.0, 0.6666666666666666, 1.0, 1.0, 0.6666666666666666, 1.0, 1.0, 1.0, 1.0, 1.0, 1.0, 1.0, 1.0, 1.0, 1.0, 1.0, 1.0, 1.0, 0.6666666666666666, 1.0, 1.0, 1.0, 1.0, 1.0, 1.0, 1.0, 1.0, 1.0]","[1.0, 1.0, 1.0, 1.0, 1.0, 1.0, 1.0, 1.0, 1.0, 1.0, 1.0, 1.0, 1.0, 1.0, 1.0, 1.0, 1.0, 1.0, 1.0, 1.0, 1.0, 1.0, 1.0, 1.0, 1.0, 1.0, 1.0, 1.0, 1.0, 1.0]"
adult,mlp,5000,0,14,b2_stratified,0.00025420852022220685,0.00019589492814089303,1.8157751444443348e-05,1.3992494867206645e-05,0.00018965698891574203,0.00032729311104077,1.0,0.9786080586080587,0.014873057922871196,0.9733333333333334,0.9843223443223443,0.9252747252747254,0.03996536761021499,0.9222222222222223,0.14098419489388359,1.0,0.0,1.759306298241399e-05,0.0,5000.0,0.8984961933330244,0.01952532297742971,5000.0,"[7.34854718314867e-05, 0.00024059472287495055, 0.0001543441725214377, 0.00020703442066775983, 0.0001958019743535257, 0.00024166569518854484, 0.00032084927537010823, 0.0006230896369384129, 0.00011934511131615286, 0.0001290935464886468, 0.00016741254568359407, 0.0008504912131164932, 0.00020065411203923917, 0.0004480433660749277, 6.628591116840358e-05, 0.0002762102842546153, 6.737436092063083e-05, 0.00014308323350105563, 0.00012838139930722704, 0.000681568118591365, 0.00026918122614647845, 9.650153431683141e-05, 0.0005888337150019248, 0.00022762938495407786, 2.576982717137774e-05, 0.00013168533953303, 0.00028213331126680297, 0.00034708531604951627, 8.519467290696807e-05, 0.00023743270711062075]","[0.9912087912087912, 0.9912087912087912, 0.9736263736263736, 0.9912087912087912, 0.9516483516483516, 0.9780219780219781, 0.9912087912087912, 0.9868131868131869, 0.9648351648351648, 0.9956043956043955, 0.9868131868131869, 0.9868131868131869, 0.9868131868131869, 0.956043956043956, 0.9780219780219781, 0.9604395604395607, 0.9912087912087912, 0.9780219780219781, 0.9956043956043955, 0.9428571428571428, 0.9604395604395607, 0.9604395604395607, 0.9736263736263736, 0.9956043956043955, 0.9824175824175824, 0.9780219780219781, 0.9604395604395607, 1.0, 0.9912087912087912, 0.9780219780219781]","[0.9560439560439562, 0.9560439560439562, 0.9120879120879122, 0.9560439560439562, 0.8681318681318682, 0.9120879120879122, 0.9560439560439562, 0.9560439560439562, 0.9120879120879122, 0.9780219780219781, 0.9560439560439562, 0.9560439560439562, 0.9340659340659341, 0.8681318681318682, 0.9120879120879122, 0.8901098901098902, 0.9560439560439562, 0.9120879120879122, 0.9780219780219781, 0.8461538461538461, 0.8681318681318682, 0.8901098901098902, 0.8901098901098902, 0.9780219780219781, 0.9340659340659341, 0.9120879120879122, 0.8681318681318682, 1.0, 0.9560439560439562, 0.8901098901098902]","[1.0, 1.0, 1.0, 1.0, 1.0, 0.6666666666666666, 0.6666666666666666, 1.0, 1.0, 1.0, 1.0, 1.0, 1.0, 1.0, 1.0, 1.0, 1.0, 1.0, 1.0, 1.0, 0.6666666666666666, 1.0, 0.6666666666666666, 1.0, 1.0, 0.6666666666666666, 0.6666666666666666, 1.0, 1.0, 0.6666666666666666]","[1.0, 1.0, 1.0, 1.0, 1.0, 1.0, 1.0, 1.0, 1.0, 1.0, 1.0, 1.0, 1.0, 1.0, 1.0, 1.0, 1.0, 1.0, 1.0, 1.0, 1.0, 1.0, 1.0, 1.0, 1.0, 1.0, 1.0, 1.0, 1.0, 1.0]"
adult,mlp,5000,0,14,b3_is,0.00013958738977480007,9.381794096180682e-05,9.970527841057148e-06,6.701281497271915e-06,0.00011028138277310765,0.00017819917419619402,0.549105866525579,0.9803663003663005,0.016039773987872798,0.9742087912087912,0.9854981684981685,0.9296703296703299,0.03423683940087307,0.8444444444444446,0.16629588385661964,1.0,0.0,7.610482800755974e-06,0.0,5000.0,1.0087603066698647,0.027999446203022072,5000.0,"[0.00011741726406072102, 9.736887978695156e-05, 3.7696062292347346e-05, 0.00011694925087854889, 8.382710088493856e-05, 0.0003192325342831252, 0.00012813496481153775, 3.524228081783782e-05, 0.00017884832816955385, 0.00012691301886480163, 9.86562728639482e-05, 0.00016312810215892033, 0.0005167904303770198, 0.00012481691595265284, 9.878726777328209e-05, 7.60693824475163e-05, 0.00016415621158827817, 0.0001279165884728742, 0.00017975191988132164, 9.495918190232767e-05, 0.0001078670638418547, 7.617055917135214e-05, 9.191912008734905e-05, 0.00012894307834450253, 6.199369677976179e-05, 8.70811382509922e-05, 0.0002579559939032132, 0.00014888431700556352, 0.0002591290005330973, 8.10157670578109e-05]","[0.9780219780219781, 0.9956043956043955, 0.9956043956043955, 0.9912087912087912, 0.9780219780219781, 0.9736263736263736, 0.9912087912087912, 0.9912087912087912, 0.9604395604395607, 0.9912087912087912, 0.9912087912087912, 0.9824175824175824, 0.9252747252747253, 0.9780219780219781, 0.9868131868131869, 0.9912087912087912, 0.9604395604395607, 0.9956043956043955, 0.9780219780219781, 0.9692307692307693, 0.9780219780219781, 0.9912087912087912, 0.9912087912087912, 0.9824175824175824, 0.9824175824175824, 0.9912087912087912, 0.9780219780219781, 0.9912087912087912, 0.9384615384615385, 0.9824175824175824]","[0.9120879120879122, 0.9780219780219781, 0.9780219780219781, 0.9560439560439562, 0.9120879120879122, 0.8901098901098902, 0.9560439560439562, 0.9560439560439562, 0.8681318681318682, 0.9560439560439562, 0.9560439560439562, 0.9340659340659341, 0.8681318681318682, 0.9120879120879122, 0.9340659340659341, 0.9560439560439562, 0.8901098901098902, 0.9780219780219781, 0.9120879120879122, 0.8901098901098902, 0.9120879120879122, 0.9560439560439562, 0.9560439560439562, 0.9340659340659341, 0.9340659340659341, 0.9560439560439562, 0.9120879120879122, 0.9560439560439562, 0.8461538461538461, 0.9340659340659341]","[0.6666666666666666, 0.6666666666666666, 1.0, 0.6666666666666666, 1.0, 0.6666666666666666, 0.6666666666666666, 0.6666666666666666, 0.6666666666666666, 1.0, 1.0, 1.0, 1.0, 0.6666666666666666, 1.0, 0.6666666666666666, 1.0, 1.0, 0.6666666666666666, 1.0, 1.0, 1.0, 0.6666666666666666, 1.0, 1.0, 1.0, 0.6666666666666666, 0.6666666666666666, 0.6666666666666666, 1.0]","[1.0, 1.0, 1.0, 1.0, 1.0, 1.0, 1.0, 1.0, 1.0, 1.0, 1.0, 1.0, 1.0, 1.0, 1.0, 1.0, 1.0, 1.0, 1.0, 1.0, 1.0, 1.0, 1.0, 1.0, 1.0, 1.0, 1.0, 1.0, 1.0, 1.0]"
adult,mlp,5000,0,14,b4_antithetic,0.004495894216416693,0.0011347175132299784,0.0003211353011726209,8.105125094499846e-05,0.0040790574874720546,0.004881997691777858,17.685851805780448,0.8756043956043957,0.04930332173509444,0.8580183150183153,0.8921611721611723,0.7633699633699635,0.06872794510107334,0.9888888888888888,0.059835164523716726,1.0,0.0,3.183720410672453e-05,0.0,5000.0,0.868405563334818,0.013029958273393276,5000.0,"[0.0042531544497735755, 0.0021006529337281787, 0.005327245149231916, 0.00475410091158696, 0.003584720426448759, 0.005950137137782128, 0.0030190860020306576, 0.0056027839489476905, 0.005954502296633295, 0.0032428756027168618, 0.004554501449496867, 0.0025133895991296135, 0.003976452587974527, 0.005400052455292233, 0.005198193245569014, 0.00457672587571154, 0.004405979732887607, 0.0042717360468278905, 0.0059643896188714424, 0.0033208931325021404, 0.006067865838055784, 0.0029745702266749316, 0.004789478503561565, 0.003771597546570016, 0.005955807825978526, 0.005119586596626277, 0.005566184814516924, 0.0030981722537869066, 0.005711082982055227, 0.0038509073015317247]","[0.8769230769230769, 0.9296703296703297, 0.8549450549450549, 0.8637362637362638, 0.8725274725274725, 0.8065934065934066, 0.8901098901098902, 0.7846153846153847, 0.7846153846153847, 0.8593406593406594, 0.9076923076923077, 0.9692307692307693, 0.8373626373626375, 0.8373626373626375, 0.8285714285714285, 0.9428571428571428, 0.8681318681318682, 0.8417582417582418, 0.8417582417582418, 0.9824175824175824, 0.832967032967033, 0.9252747252747253, 0.8681318681318682, 0.8901098901098902, 0.9340659340659341, 0.8857142857142857, 0.9384615384615385, 0.8813186813186813, 0.832967032967033, 0.8989010989010989]","[0.7802197802197802, 0.8241758241758242, 0.7362637362637363, 0.7362637362637363, 0.7802197802197802, 0.6703296703296704, 0.7582417582417583, 0.6263736263736264, 0.6483516483516484, 0.7142857142857144, 0.8021978021978022, 0.8901098901098902, 0.7142857142857144, 0.7142857142857144, 0.7142857142857144, 0.8681318681318682, 0.7582417582417583, 0.7142857142857144, 0.7582417582417583, 0.9340659340659341, 0.6923076923076924, 0.8461538461538461, 0.7582417582417583, 0.7582417582417583, 0.8241758241758242, 0.7802197802197802, 0.8021978021978022, 0.8021978021978022, 0.6923076923076924, 0.8021978021978022]","[1.0, 1.0, 1.0, 1.0, 1.0, 1.0, 1.0, 1.0, 1.0, 0.6666666666666666, 1.0, 1.0, 1.0, 1.0, 1.0, 1.0, 1.0, 1.0, 1.0, 1.0, 1.0, 1.0, 1.0, 1.0, 1.0, 1.0, 1.0, 1.0, 1.0, 1.0]","[1.0, 1.0, 1.0, 1.0, 1.0, 1.0, 1.0, 1.0, 1.0, 1.0, 1.0, 1.0, 1.0, 1.0, 1.0, 1.0, 1.0, 1.0, 1.0, 1.0, 1.0, 1.0, 1.0, 1.0, 1.0, 1.0, 1.0, 1.0, 1.0, 1.0]"
adult,mlp,5000,1,14,abc_shap,0.0009045107307880403,0.000730101033278808,6.460790934200287e-05,5.2150073805629143e-05,0.0006659335783208871,0.0011711477940037965,9.74608022602547,0.8716483516483517,0.0912932218777823,0.8393992673992675,0.9021318681318682,0.7399267399267402,0.14601561485710438,0.8111111111111112,0.1651785416368723,0.9666666666666667,0.07453559924999298,6.408138328490082e-05,2352.0,2648.0,1.0380019133367264,0.06822399193752963,2352.0,"[6.852627493086678e-05, 0.0002274668991853634, 0.0006619666661403577, 0.0016680293187378633, 0.001650265726149432, 0.0005734803908685555, 0.00038016561820361684, 0.0013661085545892088, 0.0019586590200103417, 0.002987030595263771, 0.00028813719385621477, 0.0006277279465379682, 0.0007451067429772826, 0.00037760898795026075, 0.000438024007568183, 0.001318295480311185, 0.0010834625727207524, 0.002667453561436759, 0.00036828412560802547, 0.0008793740505466455, 0.0011750164403827828, 0.0005406382411522469, 0.00020283118749603072, 0.00024308288511603192, 0.00018011062660341386, 0.00042215348928398673, 0.000267752049879342, 0.0010900688109599995, 0.0017286332790814216, 0.0009498611800933023]","[0.9824175824175824, 0.8417582417582418, 0.9780219780219781, 0.6527472527472528, 0.7890109890109891, 0.9252747252747253, 0.9868131868131869, 0.7714285714285714, 0.8021978021978022, 0.8241758241758241, 0.7978021978021977, 0.7890109890109891, 0.9516483516483516, 0.9780219780219781, 0.9604395604395607, 0.9252747252747253, 0.7318681318681319, 0.8417582417582418, 0.956043956043956, 0.9472527472527472, 0.9252747252747253, 0.8725274725274725, 0.9296703296703297, 0.8989010989010989, 0.7582417582417583, 0.7626373626373627, 0.9516483516483516, 0.8857142857142857, 0.7538461538461538, 0.9780219780219781]","[0.9340659340659341, 0.6703296703296704, 0.9120879120879122, 0.45054945054945056, 0.6043956043956044, 0.8241758241758242, 0.9340659340659341, 0.6043956043956044, 0.6043956043956044, 0.7142857142857144, 0.6263736263736264, 0.6043956043956044, 0.8461538461538461, 0.9120879120879122, 0.8681318681318682, 0.7802197802197802, 0.4725274725274726, 0.7362637362637363, 0.8681318681318682, 0.8461538461538461, 0.8241758241758242, 0.7362637362637363, 0.8241758241758242, 0.8241758241758242, 0.5604395604395604, 0.5604395604395604, 0.8681318681318682, 0.7802197802197802, 0.4945054945054945, 0.9120879120879122]","[1.0, 1.0, 0.6666666666666666, 0.6666666666666666, 0.6666666666666666, 0.6666666666666666, 1.0, 1.0, 1.0, 0.6666666666666666, 0.6666666666666666, 1.0, 0.6666666666666666, 0.6666666666666666, 0.6666666666666666, 0.6666666666666666, 0.6666666666666666, 0.6666666666666666, 0.6666666666666666, 1.0, 0.6666666666666666, 1.0, 1.0, 0.6666666666666666, 0.6666666666666666, 1.0, 1.0, 1.0, 0.6666666666666666, 1.0]","[1.0, 1.0, 1.0, 0.8, 0.8, 1.0, 1.0, 1.0, 1.0, 1.0, 1.0, 1.0, 1.0, 1.0, 1.0, 1.0, 0.8, 1.0, 1.0, 1.0, 1.0, 0.8, 1.0, 1.0, 1.0, 1.0, 1.0, 1.0, 0.8, 1.0]"
adult,mlp,5000,1,14,b1_uniform,0.0007870690271937153,0.00029594353960681676,5.621921622812252e-05,2.1138824257629767e-05,0.0006787555467352798,0.0008812913873149542,8.480648842901706,0.844835164835165,0.056075118822989226,0.8253443223443224,0.8643223443223443,0.6857142857142858,0.08245908600897134,0.9444444444444444,0.12422599874998834,0.9600000000000001,0.07999999999999997,2.166463921099112e-05,0.0,5000.0,0.8970513933309121,0.032598295971880936,5000.0,"[0.0013214278766100118, 0.0007704387856514844, 0.0010040841510476086, 0.0006111073865447214, 0.0001830010491444231, 0.0002881321308731001, 0.0006565626976121025, 0.0010360021938808153, 0.001143202036811232, 0.0011430296237541747, 0.0005122019172149861, 0.000854750823897516, 0.0005561668685874703, 0.0004906953129671372, 0.00037921564556227044, 0.0008909533746870596, 0.0004892238414118615, 0.0006582856166885368, 0.00048048992668406484, 0.00038722355309372345, 0.0007556628017706894, 0.001020353757297039, 0.0010162708351878168, 0.0010096181901633995, 0.0007150464955021827, 0.0009612845704062172, 0.0010592258094610592, 0.000937659755737296, 0.001039791679687434, 0.0012409621078740287]","[0.7538461538461538, 0.8857142857142857, 0.8109890109890111, 0.7978021978021977, 0.9208791208791209, 0.9032967032967033, 0.7890109890109891, 0.8549450549450549, 0.9208791208791209, 0.8153846153846154, 0.8637362637362638, 0.7802197802197802, 0.8109890109890111, 0.8109890109890111, 0.8505494505494505, 0.8637362637362638, 0.9076923076923077, 0.9604395604395607, 0.8549450549450549, 0.9340659340659341, 0.7494505494505495, 0.7934065934065934, 0.9252747252747253, 0.7802197802197802, 0.7934065934065934, 0.8153846153846154, 0.8021978021978022, 0.8593406593406594, 0.8813186813186813, 0.8549450549450549]","[0.5384615384615384, 0.7362637362637363, 0.6263736263736264, 0.6483516483516484, 0.8021978021978022, 0.7582417582417583, 0.6483516483516484, 0.6923076923076924, 0.7802197802197802, 0.6263736263736264, 0.7142857142857144, 0.5604395604395604, 0.6483516483516484, 0.7362637362637363, 0.7142857142857144, 0.6923076923076924, 0.7802197802197802, 0.8681318681318682, 0.6923076923076924, 0.8021978021978022, 0.5164835164835165, 0.6043956043956044, 0.7802197802197802, 0.5824175824175825, 0.6043956043956044, 0.6483516483516484, 0.6703296703296704, 0.7142857142857144, 0.7142857142857144, 0.6703296703296704]","[0.6666666666666666, 1.0, 0.6666666666666666, 1.0, 1.0, 1.0, 1.0, 1.0, 1.0, 1.0, 0.6666666666666666, 1.0, 1.0, 1.0, 1.0, 1.0, 1.0, 1.0, 1.0, 1.0, 1.0, 0.6666666666666666, 1.0, 1.0, 0.6666666666666666, 1.0, 1.0, 1.0, 1.0, 1.0]","[0.8, 1.0, 1.0, 1.0, 1.0, 1.0, 1.0, 1.0, 1.0, 0.8, 1.0, 1.0, 1.0, 1.0, 1.0, 1.0, 1.0, 1.0, 1.0, 0.8, 0.8, 1.0, 1.0, 0.8, 1.0, 0.8, 1.0, 1.0, 1.0, 1.0]"
adult,mlp,5000,1,14,b2_stratified,9.280764264310875e-05,5.821156706360278e-05,6.6291173316506256e-06,4.157969075971628e-06,7.305660427311153e-05,0.00011572649169407087,1.0,0.968937728937729,0.02350541202069506,0.9601465201465202,0.9767032967032968,0.9025641025641027,0.054038926317685074,0.888888888888889,0.15713484026367722,1.0,0.0,5.8049265692783395e-06,0.0,5000.0,0.9038012766677033,0.048083802554858016,5000.0,"[8.220830378832364e-05, 0.00013888420620907098, 0.0002057189570351539, 3.609870999414433e-05, 4.172909593029677e-05, 8.204197305389763e-05, 4.3724016804006324e-05, 3.908395581930823e-05, 0.0001166359499862739, 3.907029764799332e-05, 9.086953625047499e-05, 5.116426814419524e-05, 0.0001201635906538558, 0.00010187474921534346, 9.209954488653302e-05, 1.0042249535028596e-05, 6.201641149714052e-05, 5.027805996238585e-05, 6.464680416079918e-05, 0.00024809326851888243, 9.890929100374174e-05, 8.553218581465958e-05, 5.342282440401853e-05, 3.8401826751486696e-05, 0.00020324489583258983, 3.420524672354584e-05, 9.942923868552284e-05, 0.00020396270753061604, 0.0001166465067702163, 0.00013403060668375707]","[0.9384615384615385, 0.9824175824175824, 0.9076923076923077, 0.9032967032967033, 0.9736263736263736, 0.9516483516483516, 0.9956043956043955, 0.956043956043956, 0.956043956043956, 0.9956043956043955, 0.9868131868131869, 0.9780219780219781, 0.9692307692307693, 0.9472527472527472, 0.9956043956043955, 0.9780219780219781, 0.9692307692307693, 0.9780219780219781, 0.9692307692307693, 0.9868131868131869, 0.9780219780219781, 0.9868131868131869, 0.9780219780219781, 0.9780219780219781, 0.9912087912087912, 0.9604395604395607, 0.9868131868131869, 0.9384615384615385, 0.956043956043956, 0.9956043956043955]","[0.8461538461538461, 0.9120879120879122, 0.8021978021978022, 0.7582417582417583, 0.9120879120879122, 0.8681318681318682, 0.9780219780219781, 0.8901098901098902, 0.8461538461538461, 0.9780219780219781, 0.9340659340659341, 0.9120879120879122, 0.9120879120879122, 0.8241758241758242, 0.9780219780219781, 0.9340659340659341, 0.9120879120879122, 0.9120879120879122, 0.9120879120879122, 0.9340659340659341, 0.9120879120879122, 0.9560439560439562, 0.9120879120879122, 0.9120879120879122, 0.9560439560439562, 0.8901098901098902, 0.9340659340659341, 0.8241758241758242, 0.8461538461538461, 0.9780219780219781]","[1.0, 0.6666666666666666, 1.0, 0.6666666666666666, 1.0, 1.0, 1.0, 1.0, 0.6666666666666666, 1.0, 1.0, 0.6666666666666666, 1.0, 0.6666666666666666, 1.0, 1.0, 0.6666666666666666, 0.6666666666666666, 1.0, 1.0, 0.6666666666666666, 1.0, 0.6666666666666666, 1.0, 1.0, 1.0, 1.0, 0.6666666666666666, 1.0, 1.0]","[1.0, 1.0, 1.0, 1.0, 1.0, 1.0, 1.0, 1.0, 1.0, 1.0, 1.0, 1.0, 1.0, 1.0, 1.0, 1.0, 1.0, 1.0, 1.0, 1.0, 1.0, 1.0, 1.0, 1.0, 1.0, 1.0, 1.0, 1.0, 1.0, 1.0]"
adult,mlp,5000,1,14,b3_is,5.8692861162933504e-05,3.183612974034577e-05,4.192347225923822e-06,2.274009267167555e-06,4.8471169455623786e-05,7.027387203549181e-05,0.6324140931866631,0.9872527472527473,0.007385836284910483,0.9846153846153847,0.9900366300366301,0.9428571428571431,0.028145601043660887,0.8555555555555557,0.16517854163687226,1.0,0.0,3.4274406158820426e-06,0.0,5000.0,1.0095750800004073,0.024692633428941742,5000.0,"[5.250068306195853e-05, 0.00014198640395112882, 2.193755915160775e-05, 7.825963282096835e-05, 5.30049831277595e-05, 4.287003380514856e-05, 3.215724642269915e-05, 5.756987331915992e-05, 4.8738183952712126e-05, 3.063763122855482e-05, 9.957139452904532e-05, 5.318243437492406e-05, 3.514694518945194e-05, 6.642380099872497e-05, 0.00010997100870610399, 2.3143133383933542e-05, 1.8813038728496248e-05, 8.247153150761725e-05, 4.5627266490045575e-05, 5.3221140453734625e-05, 5.402760185363447e-05, 0.00010992278622261805, 0.00010263459118434901, 0.00011213762600894345, 2.456454159028765e-05, 6.29073369327571e-05, 3.550057329573394e-05, 3.1931460274951206e-05, 2.1457121326720563e-05, 5.846827099423452e-05]","[0.9912087912087912, 0.9868131868131869, 0.9956043956043955, 0.9868131868131869, 0.9824175824175824, 0.9912087912087912, 0.9956043956043955, 0.9868131868131869, 0.9780219780219781, 0.9868131868131869, 0.9824175824175824, 0.9956043956043955, 0.9868131868131869, 0.9824175824175824, 0.9912087912087912, 0.9912087912087912, 1.0, 0.9956043956043955, 0.9780219780219781, 0.9868131868131869, 0.9868131868131869, 0.9912087912087912, 0.9736263736263736, 0.9956043956043955, 0.9956043956043955, 0.9692307692307693, 0.9868131868131869, 0.9824175824175824, 0.9912087912087912, 0.9736263736263736]","[0.9560439560439562, 0.9340659340659341, 0.9780219780219781, 0.9340659340659341, 0.9340659340659341, 0.9560439560439562, 0.9780219780219781, 0.9340659340659341, 0.9120879120879122, 0.9340659340659341, 0.9120879120879122, 0.9780219780219781, 0.9340659340659341, 0.9340659340659341, 0.9560439560439562, 0.9560439560439562, 1.0, 0.9780219780219781, 0.9120879120879122, 0.9340659340659341, 0.9340659340659341, 0.9560439560439562, 0.8901098901098902, 0.9780219780219781, 0.9780219780219781, 0.8901098901098902, 0.9340659340659341, 0.9340659340659341, 0.9560439560439562, 0.8901098901098902]","[0.6666666666666666, 1.0, 1.0, 1.0, 1.0, 1.0, 1.0, 0.6666666666666666, 0.6666666666666666, 0.6666666666666666, 0.6666666666666666, 1.0, 0.6666666666666666, 1.0, 1.0, 1.0, 1.0, 0.6666666666666666, 1.0, 1.0, 0.6666666666666666, 1.0, 0.6666666666666666, 1.0, 1.0, 0.6666666666666666, 0.6666666666666666, 1.0, 0.6666666666666666, 0.6666666666666666]","[1.0, 1.0, 1.0, 1.0, 1.0, 1.0, 1.0, 1.0, 1.0, 1.0, 1.0, 1.0, 1.0, 1.0, 1.0, 1.0, 1.0, 1.0, 1.0, 1.0, 1.0, 1.0, 1.0, 1.0, 1.0, 1.0, 1.0, 1.0, 1.0, 1.0]"
adult,mlp,5000,1,14,b4_antithetic,0.0005874881401158121,0.00012032740712202282,4.196343857970087e-05,8.594814794430202e-06,0.0005446299309609965,0.0006290503074316618,6.330169837143632,0.7945787545787547,0.031999141262344225,0.783879120879121,0.8063040293040294,0.6051282051282052,0.05337940287749999,1.0,0.0,1.0,0.0,1.9112837575628768e-06,0.0,5000.0,0.868923590000486,0.012034923082088513,5000.0,"[0.0004357040815086751, 0.0004708100569792435, 0.0007375831629585869, 0.00040707986659656314, 0.0006989495183690309, 0.0004067565083832555, 0.00032814988082457275, 0.0007281637672682356, 0.0004882771127545613, 0.0006277808919343834, 0.0007116381279571375, 0.0006941263110878347, 0.0006176769775092166, 0.0005920807226818001, 0.0007197563857299417, 0.0005295771380715191, 0.0005374372839649767, 0.0005950997577889587, 0.000632619849096188, 0.0006780335558993746, 0.0005463068110397208, 0.0005859973599702626, 0.0006510277200242391, 0.000536620500199893, 0.0006635527523635274, 0.0007198898186359209, 0.0006536059545210236, 0.0006944612048344161, 0.0006434847655938602, 0.0002923963589274462]","[0.745054945054945, 0.8241758241758241, 0.8021978021978022, 0.7890109890109891, 0.767032967032967, 0.767032967032967, 0.8505494505494505, 0.8065934065934066, 0.8857142857142857, 0.8373626373626375, 0.7714285714285714, 0.7978021978021977, 0.767032967032967, 0.7934065934065934, 0.7846153846153847, 0.7978021978021977, 0.8109890109890111, 0.7802197802197802, 0.7934065934065934, 0.8373626373626375, 0.7494505494505495, 0.7494505494505495, 0.7802197802197802, 0.7978021978021977, 0.8417582417582418, 0.7802197802197802, 0.767032967032967, 0.8065934065934066, 0.7626373626373627, 0.7934065934065934]","[0.5164835164835165, 0.6483516483516484, 0.6263736263736264, 0.6263736263736264, 0.5604395604395604, 0.5604395604395604, 0.6923076923076924, 0.6263736263736264, 0.7362637362637363, 0.6703296703296704, 0.5604395604395604, 0.6043956043956044, 0.5384615384615384, 0.6043956043956044, 0.6263736263736264, 0.6263736263736264, 0.6483516483516484, 0.5824175824175825, 0.6263736263736264, 0.6703296703296704, 0.5164835164835165, 0.5164835164835165, 0.5604395604395604, 0.6043956043956044, 0.6703296703296704, 0.5824175824175825, 0.5604395604395604, 0.6263736263736264, 0.5604395604395604, 0.6043956043956044]","[1.0, 1.0, 1.0, 1.0, 1.0, 1.0, 1.0, 1.0, 1.0, 1.0, 1.0, 1.0, 1.0, 1.0, 1.0, 1.0, 1.0, 1.0, 1.0, 1.0, 1.0, 1.0, 1.0, 1.0, 1.0, 1.0, 1.0, 1.0, 1.0, 1.0]","[1.0, 1.0, 1.0, 1.0, 1.0, 1.0, 1.0, 1.0, 1.0, 1.0, 1.0, 1.0, 1.0, 1.0, 1.0, 1.0, 1.0, 1.0, 1.0, 1.0, 1.0, 1.0, 1.0, 1.0, 1.0, 1.0, 1.0, 1.0, 1.0, 1.0]"
adult,mlp,5000,2,14,abc_shap,0.0005551617665910085,0.000495210750999502,3.965441189935775e-05,3.537219649996443e-05,0.00039652551884179077,0.0007447734306814699,15.97851046077214,0.935091575091575,0.04559131577584124,0.9177985347985348,0.9490146520146521,0.8300366300366302,0.07569577349796036,1.0,0.0,0.8733333333333334,0.09637888196533971,2.9086773285143677e-05,2352.0,2648.0,1.021605606667193,0.013655806050084847,2352.0,"[0.0005134641951007123, 0.00041792328626778834, 0.0013723030986505982, 2.6604163618952816e-05, 7.430749667784331e-05, 0.00010543944764599177, 6.0307372627343366e-05, 7.703967918664217e-05, 0.00014037555162913884, 0.0015596572476470746, 4.327587527629946e-05, 0.0010659711958805192, 0.0009916186224350322, 6.960416974710814e-05, 0.0018282094098748744, 0.0010067388595018031, 0.00038959150629686815, 0.0008255409362032956, 0.0002629677041871206, 2.6409853450058635e-05, 0.0005685634503536083, 0.0007977541438671852, 0.0009854807715659164, 0.00017291739944947856, 0.0009165444231860056, 0.000520774897464838, 0.0005751634879624443, 0.00023407788326830934, 4.7847092200904414e-05, 0.000978379776506503]","[0.9384615384615385, 0.9472527472527472, 0.9208791208791209, 0.9780219780219781, 0.9648351648351648, 0.9780219780219781, 0.9736263736263736, 0.9736263736263736, 0.9604395604395607, 0.8725274725274725, 0.9824175824175824, 0.9340659340659341, 0.9120879120879121, 0.9912087912087912, 0.8725274725274725, 0.9340659340659341, 0.9516483516483516, 0.9120879120879121, 0.9648351648351648, 0.9736263736263736, 0.9384615384615385, 0.8285714285714285, 0.9120879120879121, 0.956043956043956, 0.8021978021978022, 0.8681318681318682, 0.9428571428571428, 0.9428571428571428, 0.9824175824175824, 0.9428571428571428]","[0.8021978021978022, 0.8461538461538461, 0.7802197802197802, 0.9340659340659341, 0.8901098901098902, 0.9120879120879122, 0.8901098901098902, 0.8901098901098902, 0.8901098901098902, 0.7142857142857144, 0.9340659340659341, 0.8021978021978022, 0.7582417582417583, 0.9560439560439562, 0.7142857142857144, 0.8021978021978022, 0.8461538461538461, 0.7582417582417583, 0.8681318681318682, 0.9340659340659341, 0.8021978021978022, 0.7362637362637363, 0.7582417582417583, 0.8461538461538461, 0.6923076923076924, 0.7142857142857144, 0.8241758241758242, 0.8461538461538461, 0.9340659340659341, 0.8241758241758242]","[1.0, 1.0, 1.0, 1.0, 1.0, 1.0, 1.0, 1.0, 1.0, 1.0, 1.0, 1.0, 1.0, 1.0, 1.0, 1.0, 1.0, 1.0, 1.0, 1.0, 1.0, 1.0, 1.0, 1.0, 1.0, 1.0, 1.0, 1.0, 1.0, 1.0]","[0.8, 0.8, 0.8, 1.0, 1.0, 0.8, 0.8, 1.0, 0.8, 0.8, 1.0, 0.8, 0.8, 1.0, 0.8, 0.8, 0.8, 0.8, 0.8, 1.0, 0.8, 1.0, 0.8, 0.8, 1.0, 1.0, 0.8, 1.0, 1.0, 0.8]"
adult,mlp,5000,2,14,b1_uniform,0.00025811335254545445,7.050636401292707e-05,1.843666803896103e-05,5.036168858066219e-06,0.00023479546905743728,0.0002849744263606706,7.4289462133491755,0.9435897435897436,0.01523034460537783,0.9377289377289377,0.9487179487179487,0.8322344322344324,0.02807878080107956,1.0,0.0,0.8600000000000001,0.09165151389911678,6.564746558930064e-06,0.0,5000.0,0.8938825466650694,0.02423155711522719,5000.0,"[0.0003294380571866598, 0.00028747957951281126, 0.00021395417201162446, 0.0003108416614781851, 0.000206011024930755, 0.00019196474215447097, 0.00010993774994854993, 0.00023997653908783696, 0.00028196985902371894, 0.0002628264643637796, 0.0002206223461891968, 0.00028339418311689325, 0.0003669216976830489, 0.0002799961510442215, 0.00021949652365897248, 0.0002572515412927201, 0.000373408871286636, 0.0002485457472115248, 0.0004547508790460347, 0.0002101264297999117, 0.00020711654399486573, 0.00014019513229047433, 0.00019622532504853256, 0.0002851523098532474, 0.0003536029977289189, 0.0002414930033855667, 0.00023718689814265326, 0.0001790209975249657, 0.0002632346988824262, 0.0002912584494844285]","[0.9296703296703297, 0.9428571428571428, 0.9384615384615385, 0.9648351648351648, 0.9472527472527472, 0.9296703296703297, 0.9604395604395607, 0.9384615384615385, 0.9516483516483516, 0.9252747252747253, 0.9648351648351648, 0.9208791208791209, 0.9208791208791209, 0.956043956043956, 0.9384615384615385, 0.9076923076923077, 0.9472527472527472, 0.956043956043956, 0.9208791208791209, 0.9736263736263736, 0.9604395604395607, 0.9472527472527472, 0.9428571428571428, 0.9296703296703297, 0.9516483516483516, 0.956043956043956, 0.9472527472527472, 0.9516483516483516, 0.9384615384615385, 0.9472527472527472]","[0.7802197802197802, 0.8021978021978022, 0.8021978021978022, 0.8681318681318682, 0.8241758241758242, 0.8241758241758242, 0.8461538461538461, 0.8241758241758242, 0.8461538461538461, 0.7802197802197802, 0.8901098901098902, 0.8021978021978022, 0.8021978021978022, 0.8681318681318682, 0.8461538461538461, 0.8021978021978022, 0.8241758241758242, 0.8461538461538461, 0.8021978021978022, 0.8901098901098902, 0.8681318681318682, 0.8461538461538461, 0.8461538461538461, 0.8241758241758242, 0.8461538461538461, 0.8461538461538461, 0.8241758241758242, 0.8461538461538461, 0.8241758241758242, 0.8241758241758242]","[1.0, 1.0, 1.0, 1.0, 1.0, 1.0, 1.0, 1.0, 1.0, 1.0, 1.0, 1.0, 1.0, 1.0, 1.0, 1.0, 1.0, 1.0, 1.0, 1.0, 1.0, 1.0, 1.0, 1.0, 1.0, 1.0, 1.0, 1.0, 1.0, 1.0]","[0.8, 0.8, 0.8, 0.8, 0.8, 1.0, 1.0, 0.8, 1.0, 0.8, 1.0, 0.8, 0.8, 1.0, 0.8, 1.0, 0.8, 0.8, 0.8, 0.8, 0.8, 1.0, 0.8, 1.0, 0.8, 0.8, 0.8, 1.0, 0.8, 0.8]"
adult,mlp,5000,2,14,b2_stratified,3.47442753161474e-05,2.8365348461729998e-05,2.4817339511533857e-06,2.026096318695e-06,2.540200726338078e-05,4.528839206766663e-05,1.0,0.9822710622710623,0.008453844241319616,0.9791941391941392,0.9852014652014652,0.9326007326007327,0.0265763474684499,1.0,0.0,0.9466666666666668,0.08844332774281063,2.1933058668668714e-06,0.0,5000.0,0.9000503733346704,0.016219818311307675,5000.0,"[4.4024282385733006e-05, 6.216568983292347e-06, 7.181862617464433e-05, 8.514131989444814e-06, 5.5993526764778557e-05, 1.970153083654975e-05, 1.823534426638926e-05, 5.488163276098491e-05, 7.479801521580364e-06, 3.605992472823175e-05, 2.9772027385822758e-05, 8.867340793732274e-06, 1.6640734302653323e-05, 5.973402918546556e-05, 3.209406388273456e-05, 1.0653709572753034e-05, 3.8553287681169924e-05, 1.4921993389644957e-05, 7.764080273522875e-05, 8.509177243950777e-05, 1.878462607482344e-05, 3.9759376190582086e-05, 1.7717917233683165e-05, 1.623068070247358e-05, 5.1538959630921265e-06, 2.0243909447779376e-05, 2.934324132459627e-05, 0.00013386723734633163, 4.1959250385876166e-05, 2.2372993034842e-05]","[0.9868131868131869, 1.0, 0.9780219780219781, 0.9912087912087912, 0.9736263736263736, 0.9780219780219781, 0.9824175824175824, 0.9604395604395607, 0.9868131868131869, 0.9824175824175824, 0.9868131868131869, 0.9780219780219781, 0.9956043956043955, 0.9824175824175824, 0.9868131868131869, 0.9780219780219781, 0.9868131868131869, 0.9868131868131869, 0.9736263736263736, 0.9868131868131869, 0.9868131868131869, 0.9824175824175824, 0.9824175824175824, 0.9780219780219781, 0.9824175824175824, 0.9868131868131869, 0.9692307692307693, 0.9648351648351648, 0.9780219780219781, 0.9956043956043955]","[0.9340659340659341, 1.0, 0.9120879120879122, 0.9560439560439562, 0.9120879120879122, 0.9120879120879122, 0.9340659340659341, 0.8681318681318682, 0.9560439560439562, 0.9340659340659341, 0.9560439560439562, 0.9120879120879122, 0.9780219780219781, 0.9340659340659341, 0.9340659340659341, 0.9340659340659341, 0.9340659340659341, 0.9560439560439562, 0.9340659340659341, 0.9340659340659341, 0.9340659340659341, 0.9340659340659341, 0.9340659340659341, 0.9120879120879122, 0.9340659340659341, 0.9340659340659341, 0.8901098901098902, 0.8901098901098902, 0.9120879120879122, 0.9780219780219781]","[1.0, 1.0, 1.0, 1.0, 1.0, 1.0, 1.0, 1.0, 1.0, 1.0, 1.0, 1.0, 1.0, 1.0, 1.0, 1.0, 1.0, 1.0, 1.0, 1.0, 1.0, 1.0, 1.0, 1.0, 1.0, 1.0, 1.0, 1.0, 1.0, 1.0]","[1.0, 1.0, 0.8, 1.0, 1.0, 1.0, 1.0, 1.0, 1.0, 1.0, 1.0, 1.0, 1.0, 1.0, 0.8, 1.0, 0.8, 1.0, 1.0, 0.8, 0.8, 1.0, 1.0, 1.0, 1.0, 0.8, 0.8, 1.0, 0.8, 1.0]"
adult,mlp,5000,2,14,b3_is,1.907244142717104e-05,1.4260763071777424e-05,1.3623172447979314e-06,1.0186259336983874e-06,1.4057121747953232e-05,2.4432861681574722e-05,0.5489376668134771,0.9875457875457876,0.006911341488686134,0.984908424908425,0.9901831501831502,0.9487179487179489,0.02362566373127781,1.0,0.0,0.9666666666666667,0.07453559924999298,1.2228857095339491e-06,0.0,5000.0,1.0077574499989472,0.021753992268083517,5000.0,"[1.2149887979418759e-05, 3.0482782945464254e-05, 1.812209247863192e-05, 7.198908120279159e-06, 1.9708317682440207e-05, 5.5829240028259875e-06, 6.944975916711103e-06, 5.288170303780508e-06, 4.23797867774618e-05, 6.102299463613167e-05, 6.769225295873992e-06, 4.932089727074839e-05, 3.191332990360705e-06, 2.7502607283228754e-06, 2.9310474652788515e-05, 8.15285506261599e-06, 3.2228029746961354e-05, 1.3573484008551405e-05, 1.1222437143438876e-05, 3.3112466223324416e-05, 3.10097517473685e-05, 1.3825028910934304e-05, 6.226001445535733e-06, 4.8200108677031264e-06, 1.477507226293947e-05, 2.4049815300196194e-05, 2.250465293113355e-05, 1.524597817045095e-05, 2.6723344066656718e-05, 1.4481283146080666e-05]","[0.9868131868131869, 0.9868131868131869, 0.9824175824175824, 0.9912087912087912, 0.9868131868131869, 0.9868131868131869, 0.9912087912087912, 0.9956043956043955, 0.9956043956043955, 0.9780219780219781, 0.9824175824175824, 0.9780219780219781, 1.0, 0.9912087912087912, 0.9824175824175824, 0.9956043956043955, 0.9736263736263736, 0.9912087912087912, 0.9868131868131869, 0.9736263736263736, 0.9780219780219781, 0.9912087912087912, 0.9912087912087912, 0.9956043956043955, 0.9780219780219781, 0.9912087912087912, 0.9912087912087912, 0.9956043956043955, 0.9868131868131869, 0.9912087912087912]","[0.9560439560439562, 0.9340659340659341, 0.9340659340659341, 0.9560439560439562, 0.9340659340659341, 0.9560439560439562, 0.9560439560439562, 0.9780219780219781, 0.9780219780219781, 0.9120879120879122, 0.9340659340659341, 0.9120879120879122, 1.0, 0.9560439560439562, 0.9340659340659341, 0.9780219780219781, 0.9120879120879122, 0.9560439560439562, 0.9560439560439562, 0.9120879120879122, 0.9120879120879122, 0.9560439560439562, 0.9560439560439562, 0.9780219780219781, 0.9120879120879122, 0.9560439560439562, 0.9560439560439562, 0.9780219780219781, 0.9560439560439562, 0.9560439560439562]","[1.0, 1.0, 1.0, 1.0, 1.0, 1.0, 1.0, 1.0, 1.0, 1.0, 1.0, 1.0, 1.0, 1.0, 1.0, 1.0, 1.0, 1.0, 1.0, 1.0, 1.0, 1.0, 1.0, 1.0, 1.0, 1.0, 1.0, 1.0, 1.0, 1.0]","[1.0, 0.8, 1.0, 1.0, 1.0, 1.0, 1.0, 1.0, 0.8, 1.0, 1.0, 0.8, 1.0, 1.0, 1.0, 1.0, 0.8, 1.0, 1.0, 1.0, 1.0, 1.0, 1.0, 1.0, 1.0, 1.0, 0.8, 1.0, 1.0, 1.0]"
adult,mlp,5000,2,14,b4_antithetic,0.00018796387640267195,4.612152956714835e-05,1.3425991171619426e-05,3.2943949690820246e-06,0.0001712760688738006,0.00020369120868941315,5.409923640436839,0.9497435897435899,0.011722527436758782,0.9456410256410256,0.9535531135531137,0.838827838827839,0.02072107783696841,1.0,0.0,0.8266666666666669,0.06798692684790378,8.902368276041055e-07,0.0,5000.0,0.8707886466630347,0.02241789481881729,5000.0,"[0.00010616143763391325, 0.0001866556340377552, 0.00017071306807073144, 0.00015542545677978768, 0.00012804755013218628, 0.0002309071097180392, 0.0002013763860132348, 0.00016015043666906808, 0.00022157388898460105, 0.0002083230821116928, 0.00017448387852575382, 0.000238220509959515, 0.0001226007038685589, 0.0002669852425205796, 0.00023778440106239418, 9.551814487998231e-05, 0.0001677043276693961, 0.00023577120836720545, 0.00015902042892121826, 0.0001392786572211757, 0.00019096324950030507, 0.00018536599699732045, 0.00026560386957977456, 0.0002543977904840787, 0.0002242209689349007, 0.00015489020892290413, 0.00013067709244877002, 0.00019663123004641815, 0.0002180824034699367, 0.00021138192854896058]","[0.956043956043956, 0.9472527472527472, 0.9604395604395607, 0.956043956043956, 0.9472527472527472, 0.9604395604395607, 0.9472527472527472, 0.956043956043956, 0.956043956043956, 0.9384615384615385, 0.9428571428571428, 0.9472527472527472, 0.9384615384615385, 0.9472527472527472, 0.956043956043956, 0.956043956043956, 0.956043956043956, 0.956043956043956, 0.9604395604395607, 0.9604395604395607, 0.9604395604395607, 0.956043956043956, 0.9032967032967033, 0.9472527472527472, 0.956043956043956, 0.9472527472527472, 0.9604395604395607, 0.9296703296703297, 0.9472527472527472, 0.9384615384615385]","[0.8461538461538461, 0.8241758241758242, 0.8681318681318682, 0.8461538461538461, 0.8241758241758242, 0.8681318681318682, 0.8241758241758242, 0.8461538461538461, 0.8461538461538461, 0.8241758241758242, 0.8461538461538461, 0.8241758241758242, 0.8241758241758242, 0.8241758241758242, 0.8461538461538461, 0.8461538461538461, 0.8461538461538461, 0.8461538461538461, 0.8681318681318682, 0.8681318681318682, 0.8681318681318682, 0.8461538461538461, 0.7802197802197802, 0.8241758241758242, 0.8461538461538461, 0.8241758241758242, 0.8681318681318682, 0.8021978021978022, 0.8241758241758242, 0.8241758241758242]","[1.0, 1.0, 1.0, 1.0, 1.0, 1.0, 1.0, 1.0, 1.0, 1.0, 1.0, 1.0, 1.0, 1.0, 1.0, 1.0, 1.0, 1.0, 1.0, 1.0, 1.0, 1.0, 1.0, 1.0, 1.0, 1.0, 1.0, 1.0, 1.0, 1.0]","[0.8, 0.8, 1.0, 0.8, 0.8, 0.8, 0.8, 0.8, 0.8, 0.8, 0.8, 0.8, 0.8, 0.8, 0.8, 0.8, 0.8, 0.8, 1.0, 1.0, 0.8, 0.8, 0.8, 0.8, 0.8, 0.8, 1.0, 0.8, 0.8, 0.8]"
adult,mlp,5000,3,14,abc_shap,0.0009025915935762827,0.0007404233799500294,6.447082811259163e-05,5.2887384282144954e-05,0.0006618785885688395,0.0012014631855258825,13.305395512211481,0.834871794871795,0.08990190118233311,0.8052747252747255,0.8669597069597069,0.6915750915750919,0.14506419476928195,0.9777777777777777,0.08314794192830981,0.9600000000000001,0.07999999999999997,5.7179243751281626e-05,2352.0,2648.0,1.0246604033338371,0.01553440793377383,2352.0,"[0.0007385205692943801, 0.0018863427512222641, 0.0003982689002463825, 0.0011164881382521572, 0.0014503076064587752, 0.0008519572333130497, 4.3567040912080464e-05, 0.0006960673048102159, 0.0003202206681881796, 0.0008550711097074921, 0.0009967816183773317, 0.00012286696028567103, 0.0010439879592478707, 0.00135120414500019, 0.0002748901929465251, 0.0023089209987744584, 0.001889861791689604, 0.0016111179276602887, 0.0008580174138352306, 0.0006324664794875538, 9.70582185914921e-05, 0.000345607724188729, 0.00014847965076881815, 8.953588959330018e-05, 8.503454403068554e-05, 0.002883201620127914, 0.00036693082140749493, 0.0001942873863779599, 0.0019251989320530354, 0.0014954862104393537]","[0.7714285714285714, 0.7758241758241758, 0.832967032967033, 0.7582417582417583, 0.7890109890109891, 0.7582417582417583, 0.9824175824175824, 0.7626373626373627, 0.9824175824175824, 0.7626373626373627, 0.767032967032967, 0.8285714285714285, 0.8197802197802198, 0.7494505494505495, 0.7890109890109891, 0.7626373626373627, 0.8285714285714285, 0.7978021978021977, 0.767032967032967, 0.7626373626373627, 0.9824175824175824, 0.9824175824175824, 0.9384615384615385, 0.9868131868131869, 0.9868131868131869, 0.7494505494505495, 0.9736263736263736, 0.8549450549450549, 0.7934065934065934, 0.7494505494505495]","[0.6043956043956044, 0.6263736263736264, 0.7142857142857144, 0.5604395604395604, 0.6043956043956044, 0.5604395604395604, 0.9340659340659341, 0.5824175824175825, 0.9120879120879122, 0.5824175824175825, 0.6043956043956044, 0.6923076923076924, 0.6923076923076924, 0.5164835164835165, 0.6263736263736264, 0.5604395604395604, 0.6923076923076924, 0.6703296703296704, 0.5824175824175825, 0.5824175824175825, 0.9340659340659341, 0.9120879120879122, 0.8461538461538461, 0.9340659340659341, 0.9340659340659341, 0.5164835164835165, 0.8901098901098902, 0.7582417582417583, 0.6043956043956044, 0.5164835164835165]","[1.0, 0.6666666666666666, 1.0, 1.0, 1.0, 1.0, 1.0, 1.0, 1.0, 1.0, 1.0, 1.0, 1.0, 1.0, 1.0, 1.0, 0.6666666666666666, 1.0, 1.0, 1.0, 1.0, 1.0, 1.0, 1.0, 1.0, 1.0, 1.0, 1.0, 1.0, 1.0]","[1.0, 0.8, 1.0, 1.0, 0.8, 1.0, 1.0, 1.0, 0.8, 1.0, 1.0, 0.8, 0.8, 1.0, 1.0, 1.0, 1.0, 1.0, 1.0, 1.0, 1.0, 1.0, 1.0, 1.0, 1.0, 1.0, 1.0, 0.8, 1.0, 1.0]"
adult,mlp,5000,3,14,b1_uniform,0.0003452580170442248,0.00017697123224884843,2.4661286931730342e-05,1.2640802303489174e-05,0.00028640989805882604,0.00041467419349690526,5.089560442651096,0.913992673992674,0.03971777152992817,0.898901098901099,0.9283516483516484,0.800732600732601,0.060037512816257514,0.9888888888888888,0.059835164523716726,0.8666666666666667,0.09428090415820631,1.5960833925315697e-05,0.0,5000.0,0.8907721899983395,0.013024403000818648,5000.0,"[0.0003066117008332043, 0.00021200307550220485, 0.00017406586823070063, 0.0002736727737694829, 0.00038215764006740586, 0.0002640521697464666, 0.00018014199186075546, 0.00028510438053239455, 0.0002448679420288203, 0.00027063517450412494, 0.0007569360129463948, 0.00018970028361951302, 0.0007672534222256827, 0.00014911576455636395, 0.0002487899794088353, 0.0006346035429322168, 0.0005923280198304799, 0.0002051783684950242, 0.0006454612012049862, 0.00026326395091436604, 0.0003165954674845935, 0.0004883628883768411, 0.00039839749717142115, 0.00031855128082328437, 0.00024490041059973286, 0.000406716351102415, 0.0002956263791766503, 0.00016467292808620444, 0.0005349365707419044, 0.00014303747455427394]","[0.8637362637362638, 0.8593406593406594, 0.9780219780219781, 0.9472527472527472, 0.9516483516483516, 0.9032967032967033, 0.9296703296703297, 0.9472527472527472, 0.9428571428571428, 0.8945054945054945, 0.9340659340659341, 0.8461538461538461, 0.9208791208791209, 0.9428571428571428, 0.9648351648351648, 0.9516483516483516, 0.9076923076923077, 0.8945054945054945, 0.9164835164835166, 0.9076923076923077, 0.956043956043956, 0.8725274725274725, 0.8901098901098902, 0.8857142857142857, 0.8989010989010989, 0.9472527472527472, 0.7978021978021977, 0.9296703296703297, 0.8857142857142857, 0.9516483516483516]","[0.7362637362637363, 0.7582417582417583, 0.9120879120879122, 0.8461538461538461, 0.8681318681318682, 0.8021978021978022, 0.8021978021978022, 0.8681318681318682, 0.8241758241758242, 0.7582417582417583, 0.8241758241758242, 0.7362637362637363, 0.7802197802197802, 0.8461538461538461, 0.8901098901098902, 0.8461538461538461, 0.8021978021978022, 0.7802197802197802, 0.7582417582417583, 0.7802197802197802, 0.8681318681318682, 0.7362637362637363, 0.7582417582417583, 0.7362637362637363, 0.8021978021978022, 0.8241758241758242, 0.6263736263736264, 0.8461538461538461, 0.7362637362637363, 0.8681318681318682]","[1.0, 1.0, 1.0, 1.0, 1.0, 1.0, 1.0, 1.0, 1.0, 1.0, 1.0, 1.0, 0.6666666666666666, 1.0, 1.0, 1.0, 1.0, 1.0, 1.0, 1.0, 1.0, 1.0, 1.0, 1.0, 1.0, 1.0, 1.0, 1.0, 1.0, 1.0]","[0.8, 1.0, 0.8, 0.8, 1.0, 1.0, 0.8, 1.0, 1.0, 0.8, 0.8, 1.0, 0.8, 0.8, 0.8, 0.8, 1.0, 1.0, 0.8, 0.8, 0.8, 0.8, 0.8, 0.8, 1.0, 0.8, 0.8, 1.0, 0.8, 0.8]"
adult,mlp,5000,3,14,b2_stratified,6.783650983902722e-05,5.5313637279794715e-05,4.845464988501944e-06,3.950974091413908e-06,5.012980039226532e-05,8.951538617219519e-05,1.0,0.9868131868131869,0.008262489189668334,0.9837326007326007,0.9895970695970696,0.9399267399267401,0.030524053708424426,1.0,0.0,1.0,0.0,4.66197029197999e-06,0.0,5000.0,0.8969121166689243,0.009316316743802865,5000.0,"[2.162432340205452e-05, 0.00014965303403579488, 3.003978440613713e-05, 4.174074676834113e-05, 5.9340361656581064e-05, 1.8751319516237047e-05, 4.529093711802993e-05, 3.6598617689436456e-05, 5.0753399009870866e-05, 0.0001162189907548293, 0.00011502010197395065, 1.50058957606867e-06, 2.179173473386344e-05, 2.1595744938375802e-05, 7.146136856038375e-05, 0.00011043889766201953, 8.65108723205285e-05, 7.255836967184601e-05, 7.788890681179556e-05, 0.00017117922608542643, 2.3828459328908076e-05, 2.3586835580462444e-05, 7.161699077706194e-05, 5.773441467719572e-05, 3.8358067042280786e-05, 7.452638005093488e-05, 6.216451697897722e-05, 3.598733604192575e-05, 4.9546866465104286e-05, 0.0002777881015363948]","[0.9692307692307693, 0.9956043956043955, 0.9912087912087912, 0.9912087912087912, 0.9912087912087912, 0.9868131868131869, 0.9736263736263736, 0.9824175824175824, 0.9824175824175824, 0.9824175824175824, 0.9868131868131869, 0.9912087912087912, 0.9956043956043955, 0.9912087912087912, 0.9956043956043955, 0.9956043956043955, 0.9780219780219781, 0.9824175824175824, 0.9868131868131869, 0.9868131868131869, 0.9824175824175824, 0.9868131868131869, 0.9956043956043955, 0.9956043956043955, 0.9604395604395607, 0.9912087912087912, 0.9824175824175824, 0.9868131868131869, 0.9912087912087912, 0.9956043956043955]","[0.8681318681318682, 0.9780219780219781, 0.9560439560439562, 0.9560439560439562, 0.9560439560439562, 0.9340659340659341, 0.8901098901098902, 0.9120879120879122, 0.9120879120879122, 0.9120879120879122, 0.9340659340659341, 0.9560439560439562, 0.9780219780219781, 0.9560439560439562, 0.9780219780219781, 0.9780219780219781, 0.9120879120879122, 0.9120879120879122, 0.9560439560439562, 0.9340659340659341, 0.9120879120879122, 0.9340659340659341, 0.9780219780219781, 0.9780219780219781, 0.8901098901098902, 0.9560439560439562, 0.9120879120879122, 0.9340659340659341, 0.9560439560439562, 0.9780219780219781]","[1.0, 1.0, 1.0, 1.0, 1.0, 1.0, 1.0, 1.0, 1.0, 1.0, 1.0, 1.0, 1.0, 1.0, 1.0, 1.0, 1.0, 1.0, 1.0, 1.0, 1.0, 1.0, 1.0, 1.0, 1.0, 1.0, 1.0, 1.0, 1.0, 1.0]","[1.0, 1.0, 1.0, 1.0, 1.0, 1.0, 1.0, 1.0, 1.0, 1.0, 1.0, 1.0, 1.0, 1.0, 1.0, 1.0, 1.0, 1.0, 1.0, 1.0, 1.0, 1.0, 1.0, 1.0, 1.0, 1.0, 1.0, 1.0, 1.0, 1.0]"
adult,mlp,5000,3,14,b3_is,3.722349000298647e-05,2.2708966363226802e-05,2.6588207144990335e-06,1.6220690259447715e-06,2.967044477542491e-05,4.573317628156314e-05,0.5487235426957552,0.989010989010989,0.004504154182839356,0.9873992673992674,0.9906227106227107,0.945787545787546,0.021781785710356806,1.0,0.0,1.0,0.0,2.5631014093777005e-06,0.0,5000.0,1.0068169966660208,0.020838139792657,5000.0,"[4.637871124789849e-05, 2.2336943159174866e-05, 8.220592646127746e-06, 2.6206819260900615e-05, 3.7868911579836203e-05, 3.3706051539215284e-05, 3.787213049570097e-05, 3.747554524666117e-05, 3.654093595419681e-05, 3.423664917598892e-05, 1.6239615709594036e-05, 1.7808150653180187e-05, 2.9541038182725516e-05, 4.228850893197397e-06, 8.32948315368298e-05, 5.473796276349725e-05, 9.766117844989629e-06, 7.315274888017626e-05, 5.819266380189077e-05, 9.176593131513322e-06, 3.223256437128349e-05, 5.370935859881467e-05, 2.5732261777038672e-05, 5.3857256568082693e-05, 9.70703326798534e-05, 1.6089782930869484e-05, 1.9288475247169606e-05, 3.5299806813291044e-05, 3.149675964653531e-05, 7.494623775336016e-05]","[0.9824175824175824, 0.9956043956043955, 0.9868131868131869, 0.9956043956043955, 0.9824175824175824, 0.9868131868131869, 0.9868131868131869, 0.9868131868131869, 0.9868131868131869, 0.9868131868131869, 0.9868131868131869, 0.9956043956043955, 0.9912087912087912, 0.9912087912087912, 0.9912087912087912, 0.9956043956043955, 0.9912087912087912, 0.9868131868131869, 0.9824175824175824, 0.9956043956043955, 0.9868131868131869, 0.9824175824175824, 0.9868131868131869, 0.9912087912087912, 0.9868131868131869, 0.9956043956043955, 0.9868131868131869, 0.9912087912087912, 0.9956043956043955, 0.9824175824175824]","[0.9340659340659341, 0.9780219780219781, 0.9340659340659341, 0.9780219780219781, 0.9120879120879122, 0.9340659340659341, 0.9340659340659341, 0.9340659340659341, 0.9340659340659341, 0.9340659340659341, 0.9340659340659341, 0.9780219780219781, 0.9560439560439562, 0.9560439560439562, 0.9560439560439562, 0.9780219780219781, 0.9560439560439562, 0.9340659340659341, 0.9120879120879122, 0.9780219780219781, 0.9340659340659341, 0.9120879120879122, 0.9340659340659341, 0.9560439560439562, 0.9340659340659341, 0.9780219780219781, 0.9340659340659341, 0.9560439560439562, 0.9780219780219781, 0.9120879120879122]","[1.0, 1.0, 1.0, 1.0, 1.0, 1.0, 1.0, 1.0, 1.0, 1.0, 1.0, 1.0, 1.0, 1.0, 1.0, 1.0, 1.0, 1.0, 1.0, 1.0, 1.0, 1.0, 1.0, 1.0, 1.0, 1.0, 1.0, 1.0, 1.0, 1.0]","[1.0, 1.0, 1.0, 1.0, 1.0, 1.0, 1.0, 1.0, 1.0, 1.0, 1.0, 1.0, 1.0, 1.0, 1.0, 1.0, 1.0, 1.0, 1.0, 1.0, 1.0, 1.0, 1.0, 1.0, 1.0, 1.0, 1.0, 1.0, 1.0, 1.0]"
adult,mlp,5000,3,14,b4_antithetic,0.00013833584744968696,2.5750468697594678e-05,9.881131960691925e-06,1.8393191926853342e-06,0.00012841783759923227,0.00014743782137790855,2.0392536080932127,0.9359706959706959,0.017607430315900587,0.9295238095238095,0.9418315018315018,0.8293040293040295,0.03529432811852279,1.0,0.0,0.8866666666666668,0.09910712498212335,9.542861159006997e-07,0.0,5000.0,0.8720296233329766,0.020129213485466313,5000.0,"[0.00011995896124721024, 0.00015983873037948913, 0.00016814777914945814, 8.093182522297981e-05, 0.00013487439047572334, 0.00012986205094083948, 0.00015162116447675215, 0.00015616706496872514, 0.00015116096905609666, 0.00014721975333309372, 0.00012569611424731268, 0.00017132387543564295, 0.00014029837145255637, 0.00014978631241300625, 0.00011924201474119663, 0.00015485077617269125, 0.00016052890388981047, 0.0001252477277547625, 0.0001087570505935495, 0.00018207721603350697, 0.00013515480209110126, 0.00010848979187176798, 0.0001711085526894733, 0.00013169195220399038, 0.00016951304624799902, 8.456096071027687e-05, 0.00014947247929082293, 9.062740479730724e-05, 0.00014858325576041711, 0.00012328212584304912]","[0.956043956043956, 0.9076923076923077, 0.9164835164835166, 0.9604395604395607, 0.9604395604395607, 0.9164835164835166, 0.9252747252747253, 0.9472527472527472, 0.9340659340659341, 0.9252747252747253, 0.9604395604395607, 0.9384615384615385, 0.9428571428571428, 0.9252747252747253, 0.9736263736263736, 0.9120879120879121, 0.9384615384615385, 0.9428571428571428, 0.9516483516483516, 0.8945054945054945, 0.9296703296703297, 0.9340659340659341, 0.9516483516483516, 0.9384615384615385, 0.9208791208791209, 0.9340659340659341, 0.9164835164835166, 0.9428571428571428, 0.9384615384615385, 0.9428571428571428]","[0.8681318681318682, 0.7582417582417583, 0.7802197802197802, 0.8901098901098902, 0.8681318681318682, 0.7802197802197802, 0.8021978021978022, 0.8681318681318682, 0.8241758241758242, 0.8021978021978022, 0.8681318681318682, 0.8461538461538461, 0.8461538461538461, 0.8021978021978022, 0.8901098901098902, 0.7802197802197802, 0.8461538461538461, 0.8461538461538461, 0.8681318681318682, 0.7802197802197802, 0.8241758241758242, 0.8241758241758242, 0.8461538461538461, 0.8241758241758242, 0.8021978021978022, 0.8241758241758242, 0.7802197802197802, 0.8461538461538461, 0.8461538461538461, 0.8461538461538461]","[1.0, 1.0, 1.0, 1.0, 1.0, 1.0, 1.0, 1.0, 1.0, 1.0, 1.0, 1.0, 1.0, 1.0, 1.0, 1.0, 1.0, 1.0, 1.0, 1.0, 1.0, 1.0, 1.0, 1.0, 1.0, 1.0, 1.0, 1.0, 1.0, 1.0]","[1.0, 0.8, 0.8, 1.0, 0.8, 0.8, 0.8, 1.0, 0.8, 0.8, 0.8, 1.0, 1.0, 0.8, 1.0, 0.8, 1.0, 1.0, 1.0, 0.8, 1.0, 1.0, 0.8, 0.8, 0.8, 0.8, 0.8, 0.8, 1.0, 1.0]"
adult,mlp,5000,4,14,abc_shap,0.0007440480006875359,0.0005713992286529575,5.3146285763395425e-05,4.081423061806839e-05,0.0005616223374800454,0.0009643007657041105,10.635668629693802,0.9671794871794873,0.02064010743201798,0.9594139194139195,0.9740659340659341,0.890842490842491,0.05246669383089784,0.8555555555555556,0.16517854163687232,0.9733333333333333,0.06798692684790378,5.191052749472428e-05,2352.0,2648.0,1.03294716666666,0.05379634462852543,2352.0,"[0.00026219347816668293, 0.0005744872680186569, 0.00013443218784544222, 0.0016922413616233425, 0.0006269309693829997, 0.0011596241881781943, 0.001791680237473538, 0.001081842876290682, 0.0004071195590450168, 0.0004441814871160561, 0.0009248784266413689, 0.0014200761638075404, 0.001507210871595639, 0.0004903473246862704, 0.0004701924309657364, 0.0005671813753609868, 0.0002915954378027626, 0.0004418845666501048, 0.001211337112286523, 0.001032398477608237, 0.0002464246545489096, 0.000259524898364333, 0.0003646744909724093, 0.00156373138772895, 0.00012215820417856593, 0.0021981458078810115, 0.0003509940114393472, 8.758819607701502e-05, 0.0004380237931530126, 0.00015833877573674727]","[1.0, 0.9780219780219781, 0.9868131868131869, 0.9032967032967033, 0.9868131868131869, 0.9692307692307693, 0.9296703296703297, 0.9472527472527472, 0.9648351648351648, 0.956043956043956, 0.956043956043956, 0.9648351648351648, 0.956043956043956, 0.9604395604395607, 0.9692307692307693, 0.9912087912087912, 0.9824175824175824, 0.9604395604395607, 0.9824175824175824, 0.956043956043956, 0.9912087912087912, 0.9428571428571428, 0.9692307692307693, 0.9604395604395607, 0.9868131868131869, 0.9428571428571428, 0.9868131868131869, 0.9912087912087912, 0.9648351648351648, 0.9780219780219781]","[1.0, 0.9120879120879122, 0.9340659340659341, 0.7802197802197802, 0.9340659340659341, 0.8901098901098902, 0.7802197802197802, 0.8681318681318682, 0.8901098901098902, 0.8681318681318682, 0.8461538461538461, 0.8681318681318682, 0.8681318681318682, 0.8901098901098902, 0.8901098901098902, 0.9560439560439562, 0.9120879120879122, 0.8681318681318682, 0.9340659340659341, 0.8681318681318682, 0.9560439560439562, 0.8461538461538461, 0.8901098901098902, 0.8681318681318682, 0.9560439560439562, 0.7802197802197802, 0.9340659340659341, 0.9560439560439562, 0.8681318681318682, 0.9120879120879122]","[1.0, 1.0, 1.0, 0.6666666666666666, 1.0, 0.6666666666666666, 0.6666666666666666, 1.0, 0.6666666666666666, 1.0, 0.6666666666666666, 0.6666666666666666, 0.6666666666666666, 1.0, 0.6666666666666666, 1.0, 0.6666666666666666, 1.0, 0.6666666666666666, 1.0, 1.0, 1.0, 0.6666666666666666, 1.0, 1.0, 0.6666666666666666, 1.0, 1.0, 0.6666666666666666, 1.0]","[1.0, 1.0, 1.0, 1.0, 1.0, 0.8, 0.8, 1.0, 1.0, 1.0, 1.0, 0.8, 1.0, 1.0, 1.0, 1.0, 1.0, 1.0, 1.0, 1.0, 1.0, 1.0, 1.0, 1.0, 1.0, 0.8, 1.0, 1.0, 1.0, 1.0]"
adult,mlp,5000,4,14,b1_uniform,0.0031199302682086583,0.000732889715337892,0.00022285216201490418,5.2349265381278005e-05,0.002844139238400568,0.003363064696458386,44.597316906646796,0.747838827838828,0.050367352636360455,0.7301098901098904,0.7666007326007327,0.5992673992673994,0.06849327125938522,1.0,0.0,1.0,0.0,2.2577055652061533e-05,0.0,5000.0,0.9013939333313222,0.04200148765200071,5000.0,"[0.004283009850334465, 0.00380126756426239, 0.00243043824955589, 0.0025873653298253553, 0.0035211664626825625, 0.0023490709645379057, 0.0033724481736729563, 0.003244119826594401, 0.003930232463577754, 0.0038187776240502917, 0.003187932534389792, 0.0033205783367574095, 0.0022774455264536896, 0.00448697748432501, 0.0043012953132759045, 0.00202892563386618, 0.0022953008854340205, 0.0029288275920575607, 0.002354934822755669, 0.001551739221251473, 0.0029807366375833935, 0.0038667410262305953, 0.0027980526322776826, 0.0037673350578308613, 0.0023403227981499985, 0.0027709868808717007, 0.003261347300869363, 0.003480538324421058, 0.003681558287211807, 0.002578435241152607]","[0.6483516483516484, 0.6703296703296703, 0.745054945054945, 0.7406593406593407, 0.745054945054945, 0.7802197802197802, 0.7274725274725276, 0.7494505494505495, 0.6879120879120879, 0.6703296703296703, 0.7538461538461538, 0.7758241758241758, 0.7758241758241758, 0.6923076923076923, 0.7010989010989012, 0.8153846153846154, 0.8197802197802198, 0.8549450549450549, 0.7802197802197802, 0.8197802197802198, 0.7142857142857143, 0.745054945054945, 0.7582417582417583, 0.7274725274725276, 0.8197802197802198, 0.7538461538461538, 0.8065934065934066, 0.6967032967032967, 0.7054945054945055, 0.7538461538461538]","[0.45054945054945056, 0.4945054945054945, 0.5824175824175825, 0.5824175824175825, 0.6043956043956044, 0.6483516483516484, 0.5824175824175825, 0.6043956043956044, 0.5164835164835165, 0.4945054945054945, 0.6043956043956044, 0.6923076923076924, 0.6703296703296704, 0.5384615384615384, 0.5384615384615384, 0.6703296703296704, 0.6923076923076924, 0.7362637362637363, 0.6483516483516484, 0.6703296703296704, 0.5164835164835165, 0.6043956043956044, 0.6043956043956044, 0.5824175824175825, 0.6703296703296704, 0.6043956043956044, 0.6703296703296704, 0.5384615384615384, 0.5384615384615384, 0.6263736263736264]","[1.0, 1.0, 1.0, 1.0, 1.0, 1.0, 1.0, 1.0, 1.0, 1.0, 1.0, 1.0, 1.0, 1.0, 1.0, 1.0, 1.0, 1.0, 1.0, 1.0, 1.0, 1.0, 1.0, 1.0, 1.0, 1.0, 1.0, 1.0, 1.0, 1.0]","[1.0, 1.0, 1.0, 1.0, 1.0, 1.0, 1.0, 1.0, 1.0, 1.0, 1.0, 1.0, 1.0, 1.0, 1.0, 1.0, 1.0, 1.0, 1.0, 1.0, 1.0, 1.0, 1.0, 1.0, 1.0, 1.0, 1.0, 1.0, 1.0, 1.0]"
adult,mlp,5000,4,14,b2_stratified,6.99578020520706e-05,4.0881701341319774e-05,4.996985860862186e-06,2.920121524379984e-06,5.5391371659880266e-05,8.474095120820581e-05,1.0,0.9887179487179487,0.00767099786825399,0.9857875457875458,0.9912087912087912,0.953846153846154,0.023637019494361436,1.0,0.0,1.0,0.0,3.854691145913686e-06,0.0,5000.0,0.9023348933289526,0.03422476066094512,5000.0,"[0.00014966870970888478, 3.729909245259435e-05, 9.203828810493352e-05, 4.4571489577420336e-05, 0.00013652589829426024, 4.283501991514371e-05, 1.693783176306761e-05, 9.167473079165342e-05, 2.832370569328738e-05, 5.876950650505792e-05, 5.446507425602537e-05, 5.37961163219128e-05, 5.924612362441853e-05, 0.00010457551796247439, 2.744239344601761e-05, 2.2973869737996472e-05, 4.695272205994848e-05, 3.533464569577855e-05, 4.5061492387744734e-05, 9.398896057378377e-05, 8.539363481013033e-05, 5.629005338129827e-05, 0.00014490425823330625, 0.00010409788608888153, 3.58470519223197e-05, 4.844139330347371e-05, 0.00018336216732531225, 6.990016754930134e-05, 8.348296511518006e-05, 4.4533294960510445e-05]","[0.9868131868131869, 0.9956043956043955, 0.9912087912087912, 0.9956043956043955, 0.9824175824175824, 0.9956043956043955, 1.0, 0.9824175824175824, 0.9956043956043955, 0.9824175824175824, 1.0, 0.9956043956043955, 0.9912087912087912, 0.9912087912087912, 0.9824175824175824, 0.9912087912087912, 0.9912087912087912, 0.9868131868131869, 0.9868131868131869, 0.9912087912087912, 0.9692307692307693, 0.9956043956043955, 0.9692307692307693, 0.9824175824175824, 0.9912087912087912, 0.9912087912087912, 0.9824175824175824, 0.9780219780219781, 0.9912087912087912, 0.9956043956043955]","[0.9340659340659341, 0.9780219780219781, 0.9560439560439562, 0.9780219780219781, 0.9340659340659341, 0.9780219780219781, 1.0, 0.9340659340659341, 0.9780219780219781, 0.9340659340659341, 1.0, 0.9780219780219781, 0.9560439560439562, 0.9560439560439562, 0.9340659340659341, 0.9560439560439562, 0.9560439560439562, 0.9560439560439562, 0.9340659340659341, 0.9560439560439562, 0.9120879120879122, 0.9780219780219781, 0.9120879120879122, 0.9340659340659341, 0.9560439560439562, 0.9560439560439562, 0.9340659340659341, 0.9120879120879122, 0.9560439560439562, 0.9780219780219781]","[1.0, 1.0, 1.0, 1.0, 1.0, 1.0, 1.0, 1.0, 1.0, 1.0, 1.0, 1.0, 1.0, 1.0, 1.0, 1.0, 1.0, 1.0, 1.0, 1.0, 1.0, 1.0, 1.0, 1.0, 1.0, 1.0, 1.0, 1.0, 1.0, 1.0]","[1.0, 1.0, 1.0, 1.0, 1.0, 1.0, 1.0, 1.0, 1.0, 1.0, 1.0, 1.0, 1.0, 1.0, 1.0, 1.0, 1.0, 1.0, 1.0, 1.0, 1.0, 1.0, 1.0, 1.0, 1.0, 1.0, 1.0, 1.0, 1.0, 1.0]"
adult,mlp,5000,4,14,b3_is,4.815743615450714e-05,1.956868342849001e-05,3.4398168681790813e-06,1.3977631020350006e-06,4.143543675833609e-05,5.554267890594455e-05,0.6883783472594359,0.9944322344322345,0.004670293758390965,0.9926739926739927,0.996043956043956,0.9743589743589745,0.019725878414412062,1.0,0.0,1.0,0.0,2.326945346474726e-06,0.0,5000.0,1.0196549633314134,0.06496118524314089,5000.0,"[3.571703716510718e-05, 6.058161031815934e-05, 4.6958261055413364e-05, 3.458904239998805e-05, 3.74732493704578e-05, 2.489185035171205e-05, 2.355688041435975e-05, 4.9993239062422264e-05, 5.5867971314284604e-05, 4.29623592404741e-05, 5.789461543008076e-05, 3.989087050258358e-05, 6.086196734872378e-05, 5.770396168880266e-05, 7.420926785296796e-05, 2.4780892990048643e-05, 7.495580159458513e-05, 8.032491475125834e-05, 2.3544417978357082e-05, 4.4628966111039774e-05, 3.289060189106431e-05, 5.535490685602189e-05, 6.714011730892537e-05, 8.443669720951748e-05, 2.4418023376438876e-05, 2.9120093574660836e-05, 4.745865724405992e-05, 4.178537129558542e-05, 1.9320591702561833e-05, 9.14108472355519e-05]","[0.9956043956043955, 1.0, 1.0, 1.0, 0.9956043956043955, 0.9956043956043955, 0.9868131868131869, 0.9956043956043955, 0.9912087912087912, 0.9912087912087912, 1.0, 0.9868131868131869, 1.0, 0.9912087912087912, 0.9912087912087912, 1.0, 0.9824175824175824, 0.9868131868131869, 0.9956043956043955, 0.9956043956043955, 1.0, 1.0, 0.9912087912087912, 0.9912087912087912, 0.9956043956043955, 0.9956043956043955, 0.9912087912087912, 0.9956043956043955, 0.9956043956043955, 0.9956043956043955]","[0.9780219780219781, 1.0, 1.0, 1.0, 0.9780219780219781, 0.9780219780219781, 0.9560439560439562, 0.9780219780219781, 0.9560439560439562, 0.9560439560439562, 1.0, 0.9560439560439562, 1.0, 0.9560439560439562, 0.9560439560439562, 1.0, 0.9340659340659341, 0.9340659340659341, 0.9780219780219781, 0.9780219780219781, 1.0, 1.0, 0.9560439560439562, 0.9560439560439562, 0.9780219780219781, 0.9780219780219781, 0.9560439560439562, 0.9780219780219781, 0.9780219780219781, 0.9780219780219781]","[1.0, 1.0, 1.0, 1.0, 1.0, 1.0, 1.0, 1.0, 1.0, 1.0, 1.0, 1.0, 1.0, 1.0, 1.0, 1.0, 1.0, 1.0, 1.0, 1.0, 1.0, 1.0, 1.0, 1.0, 1.0, 1.0, 1.0, 1.0, 1.0, 1.0]","[1.0, 1.0, 1.0, 1.0, 1.0, 1.0, 1.0, 1.0, 1.0, 1.0, 1.0, 1.0, 1.0, 1.0, 1.0, 1.0, 1.0, 1.0, 1.0, 1.0, 1.0, 1.0, 1.0, 1.0, 1.0, 1.0, 1.0, 1.0, 1.0, 1.0]"
adult,mlp,5000,4,14,b4_antithetic,0.003606994725621206,0.0008010845709092771,0.0002576424804015147,5.722032649351979e-05,0.003313529727621217,0.003881720939981385,51.55957762847478,0.7119413919413923,0.03950722237972799,0.6963992673992675,0.7261575091575093,0.5523809523809523,0.06254625681609229,0.9888888888888888,0.059835164523716726,1.0,0.0,2.0778299005004807e-05,0.0,5000.0,0.8816564633336383,0.06430342841034059,5000.0,"[0.0015684022393174057, 0.004090834175907879, 0.0034039396958291447, 0.004491547703436353, 0.004124951764028462, 0.0037130654899999453, 0.004446922510752137, 0.0025872514014217973, 0.0026508214174628974, 0.0021130332908157897, 0.0037017423201693824, 0.004299991563847609, 0.004420237080696982, 0.0022920908908605855, 0.0027488227367307118, 0.003619479248973026, 0.003737604084184901, 0.0043683843704688755, 0.003737378082624915, 0.0040523732644547755, 0.004001123294037699, 0.004682849568907631, 0.004059157551128905, 0.004017426649422556, 0.00443268706347753, 0.0025899101274011686, 0.002806778141234404, 0.003556693695699881, 0.003661832312141692, 0.004232510033201112]","[0.7802197802197802, 0.7142857142857143, 0.7802197802197802, 0.6527472527472528, 0.7186813186813187, 0.6967032967032967, 0.7098901098901099, 0.8153846153846154, 0.7318681318681319, 0.7186813186813187, 0.6967032967032967, 0.6835164835164835, 0.6439560439560439, 0.7494505494505495, 0.745054945054945, 0.6835164835164835, 0.6703296703296703, 0.6527472527472528, 0.7186813186813187, 0.6747252747252748, 0.7098901098901099, 0.7494505494505495, 0.7406593406593407, 0.6791208791208792, 0.7054945054945055, 0.7186813186813187, 0.7362637362637363, 0.6879120879120879, 0.7274725274725276, 0.665934065934066]","[0.6263736263736264, 0.5824175824175825, 0.6923076923076924, 0.45054945054945056, 0.5824175824175825, 0.5384615384615384, 0.5604395604395604, 0.6703296703296704, 0.6043956043956044, 0.5384615384615384, 0.5164835164835165, 0.5164835164835165, 0.42857142857142855, 0.5824175824175825, 0.6043956043956044, 0.4945054945054945, 0.4725274725274726, 0.45054945054945056, 0.5604395604395604, 0.5164835164835165, 0.5604395604395604, 0.6263736263736264, 0.5824175824175825, 0.4945054945054945, 0.5604395604395604, 0.5604395604395604, 0.5604395604395604, 0.5164835164835165, 0.6263736263736264, 0.4945054945054945]","[0.6666666666666666, 1.0, 1.0, 1.0, 1.0, 1.0, 1.0, 1.0, 1.0, 1.0, 1.0, 1.0, 1.0, 1.0, 1.0, 1.0, 1.0, 1.0, 1.0, 1.0, 1.0, 1.0, 1.0, 1.0, 1.0, 1.0, 1.0, 1.0, 1.0, 1.0]","[1.0, 1.0, 1.0, 1.0, 1.0, 1.0, 1.0, 1.0, 1.0, 1.0, 1.0, 1.0, 1.0, 1.0, 1.0, 1.0, 1.0, 1.0, 1.0, 1.0, 1.0, 1.0, 1.0, 1.0, 1.0, 1.0, 1.0, 1.0, 1.0, 1.0]"
adult,mlp,5000,5,14,abc_shap,0.00072391855253155,0.0007067412961502842,5.170846803796785e-05,5.048152115359173e-05,0.000486423175922128,0.0009709025174272981,14.752620357147942,0.8766300366300368,0.12329093550896904,0.8335494505494506,0.9203003663003664,0.778754578754579,0.1665051747498519,1.0,0.0,0.9866666666666667,0.04988876515698587,5.031642119071828e-05,2352.0,2648.0,1.026857583336338,0.01614080141685613,2352.0,"[0.0005579701027629, 0.0017945425422005922, 0.0009415257295324017, 0.0005620721404573478, 0.0013470552980094617, 0.00036765647383441556, 0.00017058296069669032, 0.0003221215474672085, 0.00015027104361318825, 0.0006734767873029515, 0.0020464160405194603, 5.518966812078591e-05, 0.0021274442116987094, 0.0010811547355468998, 0.0002472618891146928, 4.8800364516358796e-05, 0.0004633203523828027, 2.9539655378095834e-05, 0.0007687581519566802, 0.00012032344322273001, 0.0004224852400732267, 0.0004664198420119699, 5.932184804326979e-05, 0.0009182030485598942, 0.0011347582857530957, 0.00031562045131310274, 0.0012369604026471262, 0.000329756276335888, 0.002893102290437687, 6.544575243686307e-05]","[0.7142857142857143, 0.9516483516483516, 0.6967032967032967, 0.9604395604395607, 0.9516483516483516, 0.956043956043956, 0.9384615384615385, 0.9604395604395607, 0.9956043956043955, 0.9736263736263736, 0.6835164835164835, 0.9912087912087912, 0.6879120879120879, 0.6791208791208792, 0.8637362637362638, 0.9604395604395607, 0.9736263736263736, 0.9824175824175824, 0.9604395604395607, 0.9604395604395607, 0.9604395604395607, 0.7538461538461538, 0.9604395604395607, 0.6791208791208792, 0.9384615384615385, 0.9648351648351648, 0.6835164835164835, 0.8417582417582418, 0.6791208791208792, 0.9956043956043955]","[0.5604395604395604, 0.8461538461538461, 0.5384615384615384, 0.8901098901098902, 0.8461538461538461, 0.8681318681318682, 0.8461538461538461, 0.8901098901098902, 0.9780219780219781, 0.9120879120879122, 0.5384615384615384, 0.9560439560439562, 0.5164835164835165, 0.5164835164835165, 0.7582417582417583, 0.8901098901098902, 0.9120879120879122, 0.9340659340659341, 0.8901098901098902, 0.8901098901098902, 0.8681318681318682, 0.6263736263736264, 0.8901098901098902, 0.5164835164835165, 0.8461538461538461, 0.9120879120879122, 0.5164835164835165, 0.7142857142857144, 0.5164835164835165, 0.9780219780219781]","[1.0, 1.0, 1.0, 1.0, 1.0, 1.0, 1.0, 1.0, 1.0, 1.0, 1.0, 1.0, 1.0, 1.0, 1.0, 1.0, 1.0, 1.0, 1.0, 1.0, 1.0, 1.0, 1.0, 1.0, 1.0, 1.0, 1.0, 1.0, 1.0, 1.0]","[1.0, 1.0, 1.0, 1.0, 0.8, 1.0, 1.0, 0.8, 1.0, 1.0, 1.0, 1.0, 1.0, 1.0, 1.0, 1.0, 1.0, 1.0, 1.0, 1.0, 1.0, 1.0, 1.0, 1.0, 1.0, 1.0, 1.0, 1.0, 1.0, 1.0]"
adult,mlp,5000,5,14,b1_uniform,0.00015849237230635105,7.651098496274483e-05,1.1320883736167933e-05,5.465070354481773e-06,0.00013315820226641702,0.00018657947199344637,3.2298906969060477,0.9117948717948718,0.035672766323368334,0.8987509157509158,0.9243992673992674,0.8080586080586083,0.05499875275933614,1.0,0.0,0.9866666666666667,0.04988876515698587,7.817699062422681e-06,0.0,5000.0,0.9088704800010116,0.0491100575977573,5000.0,"[0.0003492275669285752, 0.00011237464288220524, 0.00014404872096207948, 0.00017203544606962754, 0.00010377954494111029, 0.0001123680040357453, 0.00017660977850721433, 6.839794455045587e-05, 8.172561651054297e-05, 9.630356943378737e-05, 0.0003404421566655566, 8.479530083828887e-05, 0.00017503129164045828, 0.00013973483179114313, 0.00012975633462039736, 0.00015845770583861147, 0.0001704026011261189, 0.0001381399176823738, 0.0003730842514469804, 9.034240760538034e-05, 0.00016486285834941357, 0.0002182649236029915, 0.00014000281297455103, 0.0001616930380629207, 0.0001434158525874277, 0.00010578371634039245, 0.00011012667179521941, 0.00011603188587301229, 0.00012091310235599629, 0.00025661867317195315]","[0.9428571428571428, 0.9296703296703297, 0.9296703296703297, 0.9296703296703297, 0.9252747252747253, 0.8989010989010989, 0.9120879120879121, 0.9604395604395607, 0.9384615384615385, 0.956043956043956, 0.8373626373626375, 0.9296703296703297, 0.8945054945054945, 0.9736263736263736, 0.9120879120879121, 0.956043956043956, 0.8505494505494505, 0.8725274725274725, 0.8505494505494505, 0.9120879120879121, 0.8945054945054945, 0.9076923076923077, 0.8945054945054945, 0.8637362637362638, 0.9604395604395607, 0.8725274725274725, 0.9120879120879121, 0.8813186813186813, 0.8989010989010989, 0.956043956043956]","[0.8241758241758242, 0.8241758241758242, 0.8461538461538461, 0.8241758241758242, 0.8241758241758242, 0.7802197802197802, 0.8021978021978022, 0.8901098901098902, 0.8461538461538461, 0.8901098901098902, 0.6923076923076924, 0.8241758241758242, 0.7802197802197802, 0.9120879120879122, 0.8241758241758242, 0.8901098901098902, 0.7142857142857144, 0.7802197802197802, 0.7142857142857144, 0.8021978021978022, 0.7802197802197802, 0.7802197802197802, 0.8241758241758242, 0.7362637362637363, 0.8681318681318682, 0.7362637362637363, 0.8021978021978022, 0.7582417582417583, 0.8021978021978022, 0.8681318681318682]","[1.0, 1.0, 1.0, 1.0, 1.0, 1.0, 1.0, 1.0, 1.0, 1.0, 1.0, 1.0, 1.0, 1.0, 1.0, 1.0, 1.0, 1.0, 1.0, 1.0, 1.0, 1.0, 1.0, 1.0, 1.0, 1.0, 1.0, 1.0, 1.0, 1.0]","[0.8, 1.0, 1.0, 1.0, 1.0, 1.0, 1.0, 1.0, 1.0, 1.0, 1.0, 1.0, 1.0, 1.0, 1.0, 1.0, 1.0, 1.0, 1.0, 1.0, 1.0, 0.8, 1.0, 1.0, 1.0, 1.0, 1.0, 1.0, 1.0, 1.0]"
adult,mlp,5000,5,14,b2_stratified,4.907050645960647e-05,4.502510328495366e-05,3.5050361756861762e-06,3.2160788060681184e-06,3.535964744875457e-05,6.781199223925309e-05,1.0,0.9793406593406594,0.015813997540608932,0.9733333333333334,0.9844688644688645,0.9311355311355313,0.043858255083064526,1.0,0.0,1.0,0.0,3.3435414126716392e-06,0.0,5000.0,0.9053404133340034,0.025366687050997695,5000.0,"[3.615592149527654e-05, 3.087929680872504e-05, 1.8658708296863862e-05, 1.6151022168729073e-05, 7.78320957560602e-06, 4.656775997705102e-05, 9.16199480735143e-06, 7.2535342318516e-05, 2.4466607324714098e-05, 4.649109776553431e-05, 5.244579628190913e-05, 0.0001364886111587662, 2.1720316658134344e-05, 4.424787183656787e-05, 0.00024218423721604902, 3.364394511253433e-05, 6.573387629911755e-05, 7.632725936940408e-05, 2.439086195514198e-05, 1.485708999753595e-05, 3.0748525406382705e-05, 3.4175618303715475e-05, 2.6223671574974125e-05, 2.8877021011324335e-05, 5.2216462365659305e-05, 4.682656904536119e-05, 8.660250515071329e-05, 1.7223136502719654e-05, 4.5340932477288184e-05, 8.298992552652786e-05]","[0.9736263736263736, 0.9956043956043955, 0.9868131868131869, 0.9912087912087912, 0.9912087912087912, 0.9912087912087912, 0.956043956043956, 0.9912087912087912, 1.0, 1.0, 0.9912087912087912, 0.956043956043956, 0.9824175824175824, 1.0, 0.9604395604395607, 0.9604395604395607, 0.9824175824175824, 1.0, 0.9604395604395607, 0.9780219780219781, 0.9956043956043955, 0.9648351648351648, 0.956043956043956, 0.9780219780219781, 0.9912087912087912, 0.9868131868131869, 0.9648351648351648, 0.9824175824175824, 0.9604395604395607, 0.9516483516483516]","[0.9120879120879122, 0.9780219780219781, 0.9560439560439562, 0.9560439560439562, 0.9560439560439562, 0.9560439560439562, 0.8681318681318682, 0.9560439560439562, 1.0, 1.0, 0.9560439560439562, 0.8681318681318682, 0.9340659340659341, 1.0, 0.8901098901098902, 0.8901098901098902, 0.9340659340659341, 1.0, 0.8901098901098902, 0.9120879120879122, 0.9780219780219781, 0.8901098901098902, 0.8681318681318682, 0.9340659340659341, 0.9560439560439562, 0.9340659340659341, 0.8901098901098902, 0.9340659340659341, 0.8901098901098902, 0.8461538461538461]","[1.0, 1.0, 1.0, 1.0, 1.0, 1.0, 1.0, 1.0, 1.0, 1.0, 1.0, 1.0, 1.0, 1.0, 1.0, 1.0, 1.0, 1.0, 1.0, 1.0, 1.0, 1.0, 1.0, 1.0, 1.0, 1.0, 1.0, 1.0, 1.0, 1.0]","[1.0, 1.0, 1.0, 1.0, 1.0, 1.0, 1.0, 1.0, 1.0, 1.0, 1.0, 1.0, 1.0, 1.0, 1.0, 1.0, 1.0, 1.0, 1.0, 1.0, 1.0, 1.0, 1.0, 1.0, 1.0, 1.0, 1.0, 1.0, 1.0, 1.0]"
adult,mlp,5000,5,14,b3_is,2.9854301166041184e-05,2.0112449152874226e-05,2.132450083288656e-06,1.4366035109195876e-06,2.3167659891168944e-05,3.742858414174345e-05,0.6083960268601761,0.9854945054945056,0.015813997540608915,0.9796300366300367,0.9907692307692308,0.953846153846154,0.04408406266177401,1.0,0.0,1.0,0.0,2.058505680768689e-06,0.0,5000.0,1.0114723366656109,0.020707772247769297,5000.0,"[1.302747904386286e-05, 3.8277182592505446e-05, 1.498574244250248e-05, 5.381302988078983e-05, 2.696579946340551e-05, 1.3829920835363597e-05, 8.28350789969129e-06, 7.224137649920255e-06, 2.7810409729801573e-05, 7.635324986633238e-05, 3.660746549524329e-05, 3.0859014199395434e-05, 5.5436849876791835e-05, 2.2899572208482154e-05, 2.454245791048383e-05, 2.4816222171151723e-05, 9.575622307076471e-06, 4.191121158412753e-05, 4.79438460622298e-05, 8.818340244913305e-05, 1.1310322638949015e-05, 4.754437100516565e-06, 3.61306336570724e-05, 2.4705044205317803e-05, 1.3862095200511833e-05, 4.677365651260132e-06, 4.6782515863109615e-05, 2.1358865606396302e-05, 4.3281373514072944e-05, 2.542025787573857e-05]","[1.0, 0.9868131868131869, 0.9956043956043955, 1.0, 0.9912087912087912, 0.9956043956043955, 0.9912087912087912, 0.9780219780219781, 0.9868131868131869, 0.9956043956043955, 1.0, 0.956043956043956, 1.0, 1.0, 0.9648351648351648, 0.9736263736263736, 1.0, 0.9604395604395607, 0.9516483516483516, 1.0, 0.9956043956043955, 0.9956043956043955, 0.9912087912087912, 0.9956043956043955, 1.0, 0.9604395604395607, 0.9648351648351648, 0.9956043956043955, 0.9604395604395607, 0.9780219780219781]","[1.0, 0.9560439560439562, 0.9780219780219781, 1.0, 0.9560439560439562, 0.9780219780219781, 0.9560439560439562, 0.9340659340659341, 0.9560439560439562, 0.9780219780219781, 1.0, 0.8681318681318682, 1.0, 1.0, 0.9120879120879122, 0.9120879120879122, 1.0, 0.8901098901098902, 0.8461538461538461, 1.0, 0.9780219780219781, 0.9780219780219781, 0.9560439560439562, 0.9780219780219781, 1.0, 0.8901098901098902, 0.9120879120879122, 0.9780219780219781, 0.8901098901098902, 0.9340659340659341]","[1.0, 1.0, 1.0, 1.0, 1.0, 1.0, 1.0, 1.0, 1.0, 1.0, 1.0, 1.0, 1.0, 1.0, 1.0, 1.0, 1.0, 1.0, 1.0, 1.0, 1.0, 1.0, 1.0, 1.0, 1.0, 1.0, 1.0, 1.0, 1.0, 1.0]","[1.0, 1.0, 1.0, 1.0, 1.0, 1.0, 1.0, 1.0, 1.0, 1.0, 1.0, 1.0, 1.0, 1.0, 1.0, 1.0, 1.0, 1.0, 1.0, 1.0, 1.0, 1.0, 1.0, 1.0, 1.0, 1.0, 1.0, 1.0, 1.0, 1.0]"
adult,mlp,5000,5,14,b4_antithetic,7.368439624235416e-05,1.6490222398038482e-05,5.263171160168154e-06,1.1778730284313202e-06,6.76766906752454e-05,7.933666776965729e-05,1.5016025217308322,0.9233699633699634,0.018147808141259134,0.9167728937728938,0.9298168498168499,0.8000000000000003,0.019942355441488945,1.0,0.0,1.0,0.0,4.717036638882512e-07,0.0,5000.0,0.8733707166694027,0.01777857128204419,5000.0,"[8.236505243963162e-05, 8.201288677871596e-05, 3.844989760376208e-05, 8.995467113367789e-05, 6.620553154565609e-05, 6.721309460699244e-05, 7.930999587841432e-05, 8.566049742676757e-05, 5.227207177069296e-05, 6.561106471628712e-05, 7.669181992215811e-05, 8.213145917749296e-05, 9.40776037318219e-05, 9.73847076135689e-05, 8.68265273939891e-05, 4.7899623268611746e-05, 8.008473477545827e-05, 7.581114216670659e-05, 6.998406177672977e-05, 8.434678959100783e-05, 8.490226187175792e-05, 7.56411259501484e-05, 5.366315891574755e-05, 9.158077023574133e-05, 4.704651116260635e-05, 5.320697182777691e-05, 9.676033937483717e-05, 5.954568222639781e-05, 9.343768036792852e-05, 5.045415201953929e-05]","[0.8857142857142857, 0.9472527472527472, 0.9472527472527472, 0.8857142857142857, 0.9252747252747253, 0.9252747252747253, 0.9252747252747253, 0.9032967032967033, 0.9472527472527472, 0.9252747252747253, 0.9252747252747253, 0.9032967032967033, 0.9252747252747253, 0.9076923076923077, 0.9252747252747253, 0.9472527472527472, 0.9296703296703297, 0.9252747252747253, 0.9252747252747253, 0.9252747252747253, 0.9076923076923077, 0.9252747252747253, 0.9252747252747253, 0.9252747252747253, 0.9472527472527472, 0.9252747252747253, 0.9076923076923077, 0.9472527472527472, 0.8857142857142857, 0.9472527472527472]","[0.7582417582417583, 0.8241758241758242, 0.8241758241758242, 0.7582417582417583, 0.8021978021978022, 0.8021978021978022, 0.8021978021978022, 0.7802197802197802, 0.8241758241758242, 0.8021978021978022, 0.8021978021978022, 0.7802197802197802, 0.8021978021978022, 0.7802197802197802, 0.8021978021978022, 0.8241758241758242, 0.8241758241758242, 0.8021978021978022, 0.8021978021978022, 0.8021978021978022, 0.7802197802197802, 0.8021978021978022, 0.8021978021978022, 0.8021978021978022, 0.8241758241758242, 0.8021978021978022, 0.7802197802197802, 0.8241758241758242, 0.7582417582417583, 0.8241758241758242]","[1.0, 1.0, 1.0, 1.0, 1.0, 1.0, 1.0, 1.0, 1.0, 1.0, 1.0, 1.0, 1.0, 1.0, 1.0, 1.0, 1.0, 1.0, 1.0, 1.0, 1.0, 1.0, 1.0, 1.0, 1.0, 1.0, 1.0, 1.0, 1.0, 1.0]","[1.0, 1.0, 1.0, 1.0, 1.0, 1.0, 1.0, 1.0, 1.0, 1.0, 1.0, 1.0, 1.0, 1.0, 1.0, 1.0, 1.0, 1.0, 1.0, 1.0, 1.0, 1.0, 1.0, 1.0, 1.0, 1.0, 1.0, 1.0, 1.0, 1.0]"
adult,mlp,5000,6,14,abc_shap,0.0013884824665539891,0.0014099046052127272,9.917731903957066e-05,0.00010070747180090909,0.0009399120020193028,0.0019741692982826456,8.473846736967433,0.8772161172161173,0.08691695626530774,0.8439413919413921,0.9072527472527473,0.7501831501831504,0.11936896612237999,0.9555555555555555,0.11331154474650634,0.8733333333333334,0.12092238098144702,9.794120614050282e-05,2352.0,2648.0,1.0417723866703454,0.07490813240429463,2352.0,"[0.003191989038416395, 0.0009793581844211498, 0.00036005214512441273, 0.0001359305882118248, 0.001335936734949203, 0.00411768309564115, 0.000644578801611194, 0.0007070534577333177, 0.0003647156558853532, 0.002350080588180876, 0.0005808388901482183, 0.0009210048048577246, 0.0002400654673692589, 0.0007586354215704294, 0.0032374133812881813, 0.0013860690487496018, 0.0023485133711789907, 0.006094955515981102, 0.0035602524676617234, 0.00012620138677830415, 0.0011324626254619729, 0.0005153080650161207, 0.002009800868293872, 0.00011041336578347405, 0.0012599038949633512, 0.00024039090905199754, 5.077677072133128e-05, 0.0007282804726871595, 0.0003197142417227108, 0.0018460947371592702]","[0.7098901098901099, 0.8945054945054945, 0.9736263736263736, 0.9868131868131869, 0.8681318681318682, 0.7626373626373627, 0.9296703296703297, 0.9384615384615385, 0.9692307692307693, 0.767032967032967, 0.9032967032967033, 0.8769230769230769, 0.9516483516483516, 0.8241758241758241, 0.7758241758241758, 0.8857142857142857, 0.8065934065934066, 0.7318681318681319, 0.665934065934066, 0.9516483516483516, 0.8945054945054945, 0.9604395604395607, 0.8197802197802198, 0.9824175824175824, 0.8593406593406594, 0.9208791208791209, 0.9912087912087912, 0.8989010989010989, 0.9384615384615385, 0.8769230769230769]","[0.5384615384615384, 0.7802197802197802, 0.8901098901098902, 0.9340659340659341, 0.7362637362637363, 0.5824175824175825, 0.8021978021978022, 0.8021978021978022, 0.8681318681318682, 0.5604395604395604, 0.8021978021978022, 0.6703296703296704, 0.8461538461538461, 0.6923076923076924, 0.6483516483516484, 0.7362637362637363, 0.6483516483516484, 0.5384615384615384, 0.5384615384615384, 0.8681318681318682, 0.7142857142857144, 0.8901098901098902, 0.6923076923076924, 0.9120879120879122, 0.7582417582417583, 0.8021978021978022, 0.9560439560439562, 0.7362637362637363, 0.8021978021978022, 0.7582417582417583]","[1.0, 1.0, 0.6666666666666666, 1.0, 1.0, 1.0, 1.0, 1.0, 1.0, 0.6666666666666666, 1.0, 0.6666666666666666, 1.0, 1.0, 1.0, 1.0, 1.0, 0.6666666666666666, 1.0, 1.0, 1.0, 1.0, 1.0, 1.0, 1.0, 1.0, 1.0, 1.0, 1.0, 1.0]","[0.6, 0.8, 1.0, 0.8, 0.8, 1.0, 1.0, 0.8, 1.0, 1.0, 1.0, 1.0, 1.0, 1.0, 0.8, 0.8, 0.8, 0.6, 0.8, 0.8, 1.0, 0.8, 0.8, 0.8, 0.8, 1.0, 1.0, 0.8, 1.0, 0.8]"
adult,mlp,5000,6,14,b1_uniform,0.0007493511318531781,0.0003512314926139667,5.3525080846655576e-05,2.5087963758140478e-05,0.0006383001568451846,0.0008790572378994336,4.5732566283364005,0.8610989010989011,0.05887047478997038,0.8400000000000001,0.8823443223443224,0.7142857142857146,0.07355252980519346,0.9333333333333333,0.13333333333333333,0.8600000000000001,0.09165151389911678,3.873134129214041e-05,0.0,5000.0,0.9154749999996663,0.07936510230870196,5000.0,"[0.0004953991258963568, 0.0012781352838077157, 0.0006439394317315014, 0.0009924824228130496, 0.00046381718691899167, 0.00048187211875545913, 0.001837076809845351, 0.00046557804621743425, 0.0005081119438703984, 0.0005972198875117032, 0.0005857197994814822, 0.00046704530029769966, 0.0009162005592523698, 0.0008484921721686514, 0.0007910408469741045, 0.0005719193118009358, 0.000710684923793553, 0.00044231976056049625, 0.0003849504477558542, 0.0011848849112013995, 0.0007508586535094245, 0.0011209931020568034, 0.0007075666812715437, 0.0006956090858039418, 0.0016286904293034915, 0.0007292342927456984, 0.0005850969118164632, 0.0006973225210237199, 0.00026672534863221695, 0.0006315466387775339]","[0.8857142857142857, 0.7274725274725276, 0.8769230769230769, 0.7714285714285714, 0.8813186813186813, 0.8549450549450549, 0.832967032967033, 0.9120879120879121, 0.9340659340659341, 0.8901098901098902, 0.9076923076923077, 0.9516483516483516, 0.7978021978021977, 0.8813186813186813, 0.8241758241758241, 0.8989010989010989, 0.9340659340659341, 0.9164835164835166, 0.9252747252747253, 0.7978021978021977, 0.9120879120879121, 0.8901098901098902, 0.8725274725274725, 0.7582417582417583, 0.8153846153846154, 0.8065934065934066, 0.7758241758241758, 0.8637362637362638, 0.9252747252747253, 0.8109890109890111]","[0.7362637362637363, 0.5384615384615384, 0.7142857142857144, 0.6263736263736264, 0.7142857142857144, 0.6703296703296704, 0.6923076923076924, 0.7582417582417583, 0.8241758241758242, 0.7582417582417583, 0.7582417582417583, 0.8461538461538461, 0.6263736263736264, 0.7362637362637363, 0.6923076923076924, 0.7582417582417583, 0.8241758241758242, 0.7802197802197802, 0.8461538461538461, 0.5824175824175825, 0.7582417582417583, 0.6923076923076924, 0.7142857142857144, 0.6263736263736264, 0.6923076923076924, 0.6703296703296704, 0.6483516483516484, 0.6703296703296704, 0.7802197802197802, 0.6923076923076924]","[1.0, 1.0, 1.0, 1.0, 1.0, 1.0, 0.6666666666666666, 1.0, 1.0, 1.0, 1.0, 1.0, 0.6666666666666666, 1.0, 1.0, 0.6666666666666666, 1.0, 1.0, 1.0, 1.0, 1.0, 1.0, 0.6666666666666666, 1.0, 1.0, 1.0, 1.0, 1.0, 0.6666666666666666, 0.6666666666666666]","[0.8, 0.8, 0.8, 0.8, 0.8, 0.8, 0.8, 1.0, 1.0, 0.8, 0.8, 1.0, 0.8, 0.8, 1.0, 1.0, 0.8, 1.0, 1.0, 0.8, 1.0, 1.0, 0.8, 0.8, 0.8, 0.8, 0.8, 0.8, 0.8, 0.8]"
adult,mlp,5000,6,14,b2_stratified,0.00016385503652039033,0.00010997743248922601,1.170393118002788e-05,7.855530892087572e-06,0.00012590205738337838,0.00020479499333728025,1.0,0.9832967032967034,0.010364682305539828,0.9796263736263737,0.9866703296703296,0.9304029304029305,0.03852254014691549,0.9888888888888889,0.05983516452371672,0.9533333333333334,0.08459051693633012,9.431262310471018e-06,0.0,5000.0,0.9058922566657809,0.014378998038461118,5000.0,"[1.7243395642024297e-05, 7.047673987359717e-05, 0.00022308518630475278, 0.00032543792063951724, 0.0002682135675682673, 3.294234750974424e-05, 9.049475340297278e-05, 0.0001983689135308848, 0.00011083313378523785, 0.00010340402921978218, 0.00016765161061896308, 0.0001742604432444216, 0.00012062320870468136, 7.625424281395906e-05, 0.00010264233938945736, 5.642522718135079e-05, 5.1243564733233454e-05, 6.499285233288826e-05, 8.828072907844108e-05, 0.0002563339736708116, 0.0001765435830319821, 0.00017525243053233784, 0.00028542141834479197, 0.00020096546512787146, 0.0002227291500354059, 0.0002081496835754308, 5.128151389231817e-05, 0.00010928616334641502, 0.00038659232126979197, 0.0005002211872103763]","[0.9912087912087912, 0.9912087912087912, 0.9692307692307693, 0.9780219780219781, 0.9780219780219781, 1.0, 0.9868131868131869, 0.9692307692307693, 0.9956043956043955, 0.9912087912087912, 0.9780219780219781, 0.9868131868131869, 0.9912087912087912, 0.9868131868131869, 0.9956043956043955, 0.9824175824175824, 0.9824175824175824, 0.9912087912087912, 0.9956043956043955, 0.9648351648351648, 0.9824175824175824, 0.9692307692307693, 0.9912087912087912, 0.9692307692307693, 0.9648351648351648, 0.9692307692307693, 1.0, 0.9780219780219781, 0.9824175824175824, 0.9868131868131869]","[0.9560439560439562, 0.9560439560439562, 0.8681318681318682, 0.9120879120879122, 0.9120879120879122, 1.0, 0.9340659340659341, 0.8681318681318682, 0.9780219780219781, 0.9560439560439562, 0.9120879120879122, 0.9340659340659341, 0.9560439560439562, 0.9340659340659341, 0.9780219780219781, 0.9340659340659341, 0.9340659340659341, 0.9560439560439562, 0.9780219780219781, 0.8681318681318682, 0.9340659340659341, 0.8901098901098902, 0.9560439560439562, 0.8901098901098902, 0.8681318681318682, 0.8681318681318682, 1.0, 0.9120879120879122, 0.9340659340659341, 0.9340659340659341]","[1.0, 1.0, 1.0, 1.0, 1.0, 1.0, 1.0, 1.0, 1.0, 1.0, 1.0, 1.0, 1.0, 1.0, 1.0, 1.0, 1.0, 1.0, 1.0, 1.0, 1.0, 1.0, 1.0, 1.0, 1.0, 0.6666666666666666, 1.0, 1.0, 1.0, 1.0]","[1.0, 1.0, 1.0, 1.0, 1.0, 1.0, 0.8, 0.8, 1.0, 1.0, 1.0, 0.8, 1.0, 1.0, 1.0, 1.0, 1.0, 1.0, 1.0, 1.0, 0.8, 1.0, 1.0, 1.0, 0.8, 1.0, 1.0, 0.8, 1.0, 0.8]"
adult,mlp,5000,6,14,b3_is,8.717479721408292e-05,7.599980321061704e-05,6.226771229577351e-06,5.428557372186932e-06,6.361448734087366e-05,0.00011762118692848284,0.532023910069037,0.9893040293040294,0.008079891973018121,0.9862271062271063,0.9920915750915751,0.9523809523809526,0.03263980865926075,1.0,0.0,0.9866666666666667,0.04988876515698587,5.41003188020768e-06,0.0,5000.0,1.031307916670145,0.08868395499997406,5000.0,"[3.7247494286258155e-05, 6.1018538419161893e-05, 6.639455245551089e-05, 0.00010159924055717366, 8.362450922364884e-06, 0.00017876303655977406, 4.424096699876255e-05, 6.962776334365627e-05, 2.5719023992552393e-05, 0.00012929348732966926, 4.495378739729232e-05, 6.73403671360759e-05, 4.5871732414740586e-05, 5.103054937197696e-05, 4.090860149720176e-05, 5.035517200352878e-05, 0.0002656749938900524, 0.00011843589809042325, 0.00014857384627137046, 2.955961487324583e-05, 0.0003792382282723735, 7.640490932736588e-05, 1.9859075029753556e-05, 2.738029761936837e-05, 0.00012023763501448951, 4.103866673424305e-05, 8.346807911269245e-05, 7.663088950567335e-05, 0.00012724804776313256, 7.87669702326034e-05]","[0.9956043956043955, 0.9912087912087912, 1.0, 0.9956043956043955, 1.0, 0.9868131868131869, 0.9956043956043955, 0.9912087912087912, 0.9956043956043955, 0.9780219780219781, 0.9868131868131869, 0.9956043956043955, 0.9780219780219781, 0.9824175824175824, 0.9912087912087912, 0.9956043956043955, 0.9780219780219781, 0.9824175824175824, 0.9912087912087912, 0.9912087912087912, 0.9780219780219781, 1.0, 1.0, 0.9912087912087912, 0.9780219780219781, 0.9956043956043955, 0.9824175824175824, 0.9912087912087912, 0.9912087912087912, 0.9692307692307693]","[0.9780219780219781, 0.9560439560439562, 1.0, 0.9780219780219781, 1.0, 0.9340659340659341, 0.9780219780219781, 0.9560439560439562, 0.9780219780219781, 0.9120879120879122, 0.9340659340659341, 0.9780219780219781, 0.9120879120879122, 0.9120879120879122, 0.9560439560439562, 0.9780219780219781, 0.9120879120879122, 0.9340659340659341, 0.9560439560439562, 0.9560439560439562, 0.9120879120879122, 1.0, 1.0, 0.9560439560439562, 0.9120879120879122, 0.9780219780219781, 0.9340659340659341, 0.9560439560439562, 0.9560439560439562, 0.8681318681318682]","[1.0, 1.0, 1.0, 1.0, 1.0, 1.0, 1.0, 1.0, 1.0, 1.0, 1.0, 1.0, 1.0, 1.0, 1.0, 1.0, 1.0, 1.0, 1.0, 1.0, 1.0, 1.0, 1.0, 1.0, 1.0, 1.0, 1.0, 1.0, 1.0, 1.0]","[1.0, 1.0, 1.0, 1.0, 1.0, 1.0, 1.0, 1.0, 1.0, 0.8, 1.0, 1.0, 1.0, 1.0, 1.0, 1.0, 1.0, 1.0, 1.0, 1.0, 1.0, 1.0, 1.0, 1.0, 1.0, 0.8, 1.0, 1.0, 1.0, 1.0]"
adult,mlp,5000,6,14,b4_antithetic,0.0002738095150991865,6.348831489556141e-05,1.9557822507084752e-05,4.5348796353972435e-06,0.00024928376565838835,0.0002974373334595347,1.6710472922516075,0.9117948717948718,0.018681175033563917,0.9053443223443224,0.9192673992673993,0.7692307692307694,0.03532472806224524,1.0,0.0,0.8933333333333334,0.09977753031397174,1.673483114991787e-06,0.0,5000.0,0.8835324466684445,0.04621525609954553,5000.0,"[0.0003336175227063416, 0.0001954105763770392, 0.00025074924065817685, 0.0002103356188866977, 0.00033064558007703536, 0.00026686383284698213, 0.00021181257530246216, 0.000221602533286406, 0.0003298201600499907, 0.0003238056558576157, 0.00025867064423614356, 0.00033950474993919724, 0.0001964640210702215, 0.000354618535897116, 0.0002216151821593783, 0.00018404971595729178, 0.00029630026437899785, 0.00020159979714140102, 0.0002520516966065508, 0.0002285262876332757, 0.00038050837196692443, 0.0002882802002381939, 0.00031438347633047154, 0.00027996183793693545, 0.0003242949292657388, 0.0002152014679585937, 0.00032589095073375833, 0.00014651926356426458, 0.00036073510507869915, 0.00037044565883369393]","[0.8813186813186813, 0.9164835164835166, 0.9340659340659341, 0.9120879120879121, 0.9076923076923077, 0.8945054945054945, 0.8901098901098902, 0.9120879120879121, 0.9076923076923077, 0.8769230769230769, 0.9296703296703297, 0.8989010989010989, 0.9032967032967033, 0.9076923076923077, 0.9516483516483516, 0.9384615384615385, 0.8945054945054945, 0.9120879120879121, 0.9076923076923077, 0.9120879120879121, 0.8901098901098902, 0.9032967032967033, 0.9208791208791209, 0.9296703296703297, 0.9076923076923077, 0.9472527472527472, 0.9164835164835166, 0.9472527472527472, 0.9076923076923077, 0.8945054945054945]","[0.7142857142857144, 0.8021978021978022, 0.8241758241758242, 0.7802197802197802, 0.7582417582417583, 0.7582417582417583, 0.7362637362637363, 0.7802197802197802, 0.7582417582417583, 0.6923076923076924, 0.8021978021978022, 0.7362637362637363, 0.7362637362637363, 0.7582417582417583, 0.8461538461538461, 0.8241758241758242, 0.7582417582417583, 0.7802197802197802, 0.7582417582417583, 0.7802197802197802, 0.7362637362637363, 0.7362637362637363, 0.7582417582417583, 0.7802197802197802, 0.7362637362637363, 0.8241758241758242, 0.7802197802197802, 0.8241758241758242, 0.7582417582417583, 0.7582417582417583]","[1.0, 1.0, 1.0, 1.0, 1.0, 1.0, 1.0, 1.0, 1.0, 1.0, 1.0, 1.0, 1.0, 1.0, 1.0, 1.0, 1.0, 1.0, 1.0, 1.0, 1.0, 1.0, 1.0, 1.0, 1.0, 1.0, 1.0, 1.0, 1.0, 1.0]","[0.8, 0.8, 1.0, 0.8, 0.8, 0.8, 0.8, 0.8, 0.8, 0.8, 1.0, 1.0, 0.8, 1.0, 1.0, 1.0, 0.8, 1.0, 0.8, 0.8, 0.8, 1.0, 1.0, 1.0, 0.8, 1.0, 1.0, 1.0, 1.0, 0.8]"
adult,mlp,5000,7,14,abc_shap,0.0008294254241346065,0.0006839593316818366,5.924467315247189e-05,4.885423797727404e-05,0.0006026002084037569,0.001095081024034854,16.985135313435517,0.9364102564102564,0.03144692378091444,0.9243956043956044,0.9473992673992674,0.8285714285714287,0.06226675270586308,0.8333333333333335,0.16666666666666666,0.8466666666666668,0.08459051693633012,5.73831725939821e-05,2352.0,2648.0,1.0265175566698115,0.044418385192373656,2352.0,"[0.0012495112212614584, 0.00016605436484356902, 0.0012621448037530038, 0.0008033547788125388, 0.0005905226281223272, 0.0006650334552918842, 0.00017747351798081385, 0.0017155752161072638, 2.911338319360781e-05, 0.00010409576206318416, 0.0008714505866001911, 0.003312439421906871, 0.002112192789885815, 0.0006158310140793319, 0.00047414660624263384, 0.0007818477213492158, 0.0010428940248426509, 0.00013460862913064895, 0.0014227918216871028, 0.0009390199565532684, 0.0006263383849726233, 7.029260129999624e-05, 0.0011576530521256816, 0.0008259993273837517, 0.0010226181434946093, 0.000672602340781364, 0.0002598625361405279, 9.574027040706537e-05, 0.000494912196055895, 0.0011866421676693087]","[0.9164835164835166, 0.9824175824175824, 0.9120879120879121, 0.8725274725274725, 0.9120879120879121, 0.9164835164835166, 0.9692307692307693, 0.9296703296703297, 0.9868131868131869, 0.9868131868131869, 0.9340659340659341, 0.8901098901098902, 0.9252747252747253, 0.9604395604395607, 0.9076923076923077, 0.9164835164835166, 0.956043956043956, 0.9340659340659341, 0.9252747252747253, 0.8813186813186813, 0.9076923076923077, 0.9868131868131869, 0.9120879120879121, 0.956043956043956, 0.9428571428571428, 0.9428571428571428, 0.9428571428571428, 0.9824175824175824, 0.9692307692307693, 0.9340659340659341]","[0.8021978021978022, 0.9340659340659341, 0.7802197802197802, 0.7142857142857144, 0.8021978021978022, 0.8021978021978022, 0.8901098901098902, 0.8021978021978022, 0.9340659340659341, 0.9340659340659341, 0.8241758241758242, 0.7362637362637363, 0.7802197802197802, 0.8681318681318682, 0.7802197802197802, 0.8241758241758242, 0.8681318681318682, 0.8241758241758242, 0.7802197802197802, 0.7362637362637363, 0.7802197802197802, 0.9340659340659341, 0.7802197802197802, 0.8681318681318682, 0.8021978021978022, 0.8461538461538461, 0.8461538461538461, 0.9340659340659341, 0.8681318681318682, 0.7802197802197802]","[1.0, 0.6666666666666666, 1.0, 1.0, 1.0, 1.0, 1.0, 0.6666666666666666, 1.0, 1.0, 0.6666666666666666, 0.6666666666666666, 0.6666666666666666, 1.0, 0.6666666666666666, 1.0, 0.6666666666666666, 0.6666666666666666, 0.6666666666666666, 1.0, 1.0, 0.6666666666666666, 0.6666666666666666, 0.6666666666666666, 0.6666666666666666, 1.0, 1.0, 1.0, 0.6666666666666666, 0.6666666666666666]","[0.8, 1.0, 0.8, 0.8, 0.8, 0.8, 0.8, 0.8, 1.0, 1.0, 0.8, 0.8, 0.8, 0.8, 0.8, 0.8, 1.0, 0.8, 0.8, 0.8, 0.8, 0.8, 1.0, 1.0, 0.8, 0.8, 0.8, 1.0, 0.8, 0.8]"
adult,mlp,5000,7,14,b1_uniform,0.00031935397115899375,8.283179074720324e-05,2.2810997939928125e-05,5.916556481943088e-06,0.0002904732904664262,0.0003499305186320196,6.539792795329353,0.9027106227106229,0.042959147261094725,0.8871794871794874,0.9176593406593406,0.7912087912087914,0.062357191029059796,0.9000000000000001,0.1527525231651947,0.9666666666666667,0.07453559924999298,1.058517473808192e-05,0.0,5000.0,0.8901591833321921,0.015246311125603419,5000.0,"[0.0003724992215542499, 0.00027399007916415575, 0.00032630413357715045, 0.0002507893139359358, 0.00018996964520153853, 0.0003644854391190192, 0.000407098401118246, 0.0002840887201038026, 0.00032242423817237367, 0.0003558304649858076, 0.0004259206134418422, 0.00019426434242905726, 0.0003832848080535069, 0.00024056057585271037, 0.00022579316682563532, 0.00037156632042190525, 0.00040692754022073, 0.00024784543745519903, 0.00022776775103666298, 0.00031076345516404315, 0.0001908258221739145, 0.0004080437664849044, 0.00020482517664378625, 0.00042318899376740735, 0.0003296204349001778, 0.00036958286813154254, 0.000282055832077148, 0.0002680812726602271, 0.0004295211477198606, 0.0004927001523772708]","[0.8241758241758241, 0.9428571428571428, 0.8725274725274725, 0.8197802197802198, 0.9604395604395607, 0.9736263736263736, 0.8549450549450549, 0.832967032967033, 0.9164835164835166, 0.8769230769230769, 0.9428571428571428, 0.9384615384615385, 0.9252747252747253, 0.9516483516483516, 0.9604395604395607, 0.8945054945054945, 0.9164835164835166, 0.9208791208791209, 0.8989010989010989, 0.9516483516483516, 0.9384615384615385, 0.8813186813186813, 0.8373626373626375, 0.8813186813186813, 0.9076923076923077, 0.8549450549450549, 0.9340659340659341, 0.8989010989010989, 0.8637362637362638, 0.9076923076923077]","[0.6703296703296704, 0.8461538461538461, 0.7362637362637363, 0.6703296703296704, 0.8901098901098902, 0.8901098901098902, 0.7362637362637363, 0.7142857142857144, 0.8241758241758242, 0.7582417582417583, 0.8461538461538461, 0.8461538461538461, 0.8241758241758242, 0.8461538461538461, 0.8901098901098902, 0.7582417582417583, 0.7802197802197802, 0.8021978021978022, 0.7802197802197802, 0.8681318681318682, 0.8461538461538461, 0.7582417582417583, 0.7362637362637363, 0.7362637362637363, 0.8241758241758242, 0.7362637362637363, 0.8461538461538461, 0.7802197802197802, 0.7142857142857144, 0.7802197802197802]","[1.0, 1.0, 1.0, 1.0, 1.0, 1.0, 1.0, 1.0, 0.6666666666666666, 1.0, 0.6666666666666666, 1.0, 1.0, 0.6666666666666666, 1.0, 0.6666666666666666, 1.0, 1.0, 1.0, 0.6666666666666666, 1.0, 1.0, 1.0, 0.6666666666666666, 1.0, 1.0, 0.6666666666666666, 1.0, 0.6666666666666666, 0.6666666666666666]","[1.0, 1.0, 1.0, 1.0, 1.0, 1.0, 1.0, 1.0, 1.0, 1.0, 1.0, 1.0, 1.0, 1.0, 0.8, 0.8, 1.0, 1.0, 1.0, 1.0, 1.0, 1.0, 1.0, 0.8, 1.0, 0.8, 1.0, 1.0, 0.8, 1.0]"
adult,mlp,5000,7,14,b2_stratified,4.8832429582030913e-05,3.691520753815731e-05,3.4880306844307796e-06,2.636800538439808e-06,3.5588540579937664e-05,6.223063702268256e-05,1.0,0.9913553113553114,0.005949872675237171,0.9891575091575092,0.9934065934065934,0.9604395604395606,0.02434175490965003,0.9666666666666667,0.10000000000000002,0.94,0.09165151389911678,3.0012467230764607e-06,0.0,5000.0,0.8938285399965632,0.012798135184348905,5000.0,"[4.7037232609962024e-05, 3.67576341077624e-05, 1.868773251669308e-05, 3.7099620145489457e-05, 3.643421747068594e-05, 5.091728397917946e-05, 2.9977474363801814e-05, 3.2447361937595356e-06, 0.00010692086837076894, 2.9239587902314442e-05, 0.00016770708981662648, 4.714693191817766e-05, 1.1142161589424134e-05, 3.3394166288320935e-05, 3.4641344913683046e-05, 7.29751175141866e-05, 0.00011618160730683132, 4.6994137687797745e-05, 9.463617780852915e-06, 3.2290118699996356e-05, 7.05445454909697e-05, 3.6707005169495805e-05, 1.0781264045171884e-05, 1.1379891065339101e-05, 6.782998430092687e-05, 2.6020168081090504e-05, 9.239231988704283e-05, 1.0600033808581814e-05, 8.09212880105045e-05, 8.954370642549012e-05]","[0.9868131868131869, 0.9912087912087912, 0.9956043956043955, 0.9824175824175824, 0.9912087912087912, 0.9956043956043955, 1.0, 0.9956043956043955, 0.9956043956043955, 0.9912087912087912, 0.9912087912087912, 0.9868131868131869, 0.9956043956043955, 0.9868131868131869, 0.9912087912087912, 0.9868131868131869, 0.9912087912087912, 0.9868131868131869, 0.9912087912087912, 0.9780219780219781, 0.9780219780219781, 0.9956043956043955, 1.0, 0.9956043956043955, 0.9956043956043955, 1.0, 0.9912087912087912, 1.0, 0.9824175824175824, 0.9912087912087912]","[0.9340659340659341, 0.9560439560439562, 0.9780219780219781, 0.9340659340659341, 0.9560439560439562, 0.9780219780219781, 1.0, 0.9780219780219781, 0.9780219780219781, 0.9560439560439562, 0.9560439560439562, 0.9340659340659341, 0.9780219780219781, 0.9340659340659341, 0.9560439560439562, 0.9340659340659341, 0.9560439560439562, 0.9560439560439562, 0.9560439560439562, 0.9120879120879122, 0.9120879120879122, 0.9780219780219781, 1.0, 0.9780219780219781, 0.9780219780219781, 1.0, 0.9560439560439562, 1.0, 0.9340659340659341, 0.9560439560439562]","[1.0, 1.0, 1.0, 1.0, 1.0, 1.0, 1.0, 1.0, 1.0, 1.0, 1.0, 0.6666666666666666, 1.0, 1.0, 1.0, 1.0, 1.0, 1.0, 1.0, 1.0, 0.6666666666666666, 1.0, 1.0, 1.0, 1.0, 1.0, 1.0, 1.0, 0.6666666666666666, 1.0]","[0.8, 1.0, 1.0, 1.0, 0.8, 1.0, 1.0, 0.8, 0.8, 1.0, 1.0, 0.8, 1.0, 0.8, 1.0, 0.8, 1.0, 1.0, 1.0, 0.8, 0.8, 1.0, 1.0, 1.0, 1.0, 1.0, 1.0, 1.0, 1.0, 1.0]"
adult,mlp,5000,7,14,b3_is,3.0354209734706972e-05,2.064945982108436e-05,2.168157838193355e-06,1.47496141579174e-06,2.3477408841432398e-05,3.8104827752089196e-05,0.6215994165048987,0.995897435897436,0.004081578982325017,0.9944322344322345,0.9973626373626374,0.9802197802197803,0.01825631618223748,0.9777777777777777,0.08314794192830981,0.9866666666666667,0.04988876515698587,1.7968679271354922e-06,0.0,5000.0,1.0034691099989383,0.019274852271879583,5000.0,"[9.177631267300162e-06, 9.254112629069194e-06, 4.7740820357031967e-05, 1.431281512243208e-05, 2.6523694928926635e-05, 2.6645458355067214e-06, 6.660231107809267e-06, 2.577786969668663e-05, 3.058613410691027e-05, 6.032559558216592e-05, 3.121122306698172e-05, 3.198688331946273e-05, 2.433171619686018e-05, 4.885961275804184e-06, 9.792556481024817e-05, 7.013459682280728e-06, 4.627098787541453e-05, 2.5040747942877908e-05, 5.500022761926322e-05, 3.0503901396861438e-05, 2.4593247366038257e-05, 3.55571900141275e-05, 5.3348832765812056e-05, 7.6360469719034e-06, 5.131774238593727e-05, 4.734062735444067e-05, 3.751181585908723e-05, 9.670571835337849e-06, 3.403412596154707e-05, 2.2421967707084137e-05]","[1.0, 0.9912087912087912, 1.0, 1.0, 0.9912087912087912, 0.9956043956043955, 0.9956043956043955, 0.9912087912087912, 0.9956043956043955, 0.9956043956043955, 0.9912087912087912, 1.0, 0.9956043956043955, 1.0, 0.9912087912087912, 1.0, 0.9912087912087912, 0.9956043956043955, 0.9956043956043955, 0.9824175824175824, 1.0, 1.0, 0.9956043956043955, 1.0, 0.9956043956043955, 0.9956043956043955, 1.0, 1.0, 0.9956043956043955, 0.9956043956043955]","[1.0, 0.9560439560439562, 1.0, 1.0, 0.9560439560439562, 0.9780219780219781, 0.9780219780219781, 0.9560439560439562, 0.9780219780219781, 0.9780219780219781, 0.9560439560439562, 1.0, 0.9780219780219781, 1.0, 0.9560439560439562, 1.0, 0.9560439560439562, 0.9780219780219781, 0.9780219780219781, 0.9340659340659341, 1.0, 1.0, 0.9780219780219781, 1.0, 0.9780219780219781, 0.9780219780219781, 1.0, 1.0, 0.9780219780219781, 0.9780219780219781]","[1.0, 1.0, 1.0, 1.0, 0.6666666666666666, 1.0, 1.0, 1.0, 1.0, 1.0, 1.0, 1.0, 1.0, 1.0, 0.6666666666666666, 1.0, 1.0, 1.0, 1.0, 1.0, 1.0, 1.0, 1.0, 1.0, 1.0, 1.0, 1.0, 1.0, 1.0, 1.0]","[1.0, 1.0, 1.0, 1.0, 1.0, 1.0, 0.8, 1.0, 1.0, 1.0, 1.0, 1.0, 1.0, 1.0, 1.0, 1.0, 0.8, 1.0, 1.0, 1.0, 1.0, 1.0, 1.0, 1.0, 1.0, 1.0, 1.0, 1.0, 1.0, 1.0]"
adult,mlp,5000,7,14,b4_antithetic,0.0001847800475251894,3.091039914963971e-05,1.3198574823227815e-05,2.207885653545694e-06,0.0001740147284327993,0.00019465507101122664,3.7839617874180838,0.926007326007326,0.018994007392234884,0.9191208791208791,0.9320146520146521,0.8315018315018317,0.02495148185483721,1.0,0.0,1.0,0.0,8.949172903293074e-07,0.0,5000.0,0.8685496866644826,0.018429692134288137,5000.0,"[0.00017029206299083344, 0.00013451825807794758, 0.00021721058009856588, 0.00021668059856581285, 0.000128357128933585, 0.00014322158241503373, 0.00020432782077917943, 0.00020240230432628825, 0.00021869052561338908, 0.0001848734535320135, 0.00022513570000184138, 0.00021704158162188383, 0.0001833795781797177, 0.00018948072147004544, 0.00022459423986696345, 0.00020342297251391443, 0.00016123460523205575, 0.0001823302503115396, 0.00018903004639934769, 0.00011525049454650384, 0.00018986279834715843, 0.00016561309732349833, 0.00020084283756841435, 0.000184434801227731, 0.00020714773599975303, 0.00013460236944246037, 0.00023007808030892484, 0.00019413717695481974, 0.00017429491886847046, 0.00015091310423799028]","[0.9428571428571428, 0.9120879120879121, 0.9208791208791209, 0.9164835164835166, 0.9296703296703297, 0.9384615384615385, 0.9032967032967033, 0.9032967032967033, 0.9384615384615385, 0.9428571428571428, 0.9516483516483516, 0.8945054945054945, 0.9428571428571428, 0.8901098901098902, 0.9252747252747253, 0.9296703296703297, 0.9296703296703297, 0.9384615384615385, 0.9384615384615385, 0.9604395604395607, 0.9252747252747253, 0.9296703296703297, 0.9252747252747253, 0.9208791208791209, 0.8901098901098902, 0.9604395604395607, 0.9428571428571428, 0.9032967032967033, 0.9296703296703297, 0.9032967032967033]","[0.8461538461538461, 0.8461538461538461, 0.8021978021978022, 0.7802197802197802, 0.8461538461538461, 0.8241758241758242, 0.8021978021978022, 0.8021978021978022, 0.8241758241758242, 0.8461538461538461, 0.8461538461538461, 0.8241758241758242, 0.8461538461538461, 0.8021978021978022, 0.8461538461538461, 0.8461538461538461, 0.8461538461538461, 0.8461538461538461, 0.8241758241758242, 0.8901098901098902, 0.8241758241758242, 0.8461538461538461, 0.8241758241758242, 0.8241758241758242, 0.8021978021978022, 0.8901098901098902, 0.8461538461538461, 0.8021978021978022, 0.8461538461538461, 0.8021978021978022]","[1.0, 1.0, 1.0, 1.0, 1.0, 1.0, 1.0, 1.0, 1.0, 1.0, 1.0, 1.0, 1.0, 1.0, 1.0, 1.0, 1.0, 1.0, 1.0, 1.0, 1.0, 1.0, 1.0, 1.0, 1.0, 1.0, 1.0, 1.0, 1.0, 1.0]","[1.0, 1.0, 1.0, 1.0, 1.0, 1.0, 1.0, 1.0, 1.0, 1.0, 1.0, 1.0, 1.0, 1.0, 1.0, 1.0, 1.0, 1.0, 1.0, 1.0, 1.0, 1.0, 1.0, 1.0, 1.0, 1.0, 1.0, 1.0, 1.0, 1.0]"
adult,mlp,5000,8,14,abc_shap,0.0013818211587182684,0.0012576317651146278,9.870151133701917e-05,8.983084036533056e-05,0.0009583814452248986,0.0018718945844135176,12.156748153248083,0.9520879120879122,0.03783540580748188,0.9377252747252748,0.9643956043956046,0.8652014652014655,0.07754501756717506,0.8555555555555556,0.16517854163687232,0.9266666666666666,0.09637888196533971,9.709282484138755e-05,2352.0,2648.0,1.0214899100004307,0.018550823885264654,2352.0,"[0.0016028447595807227, 0.002498415053513365, 0.001088799035194062, 0.0002530717511317551, 0.002041231404381115, 0.00014182382452713945, 0.001115421807760339, 0.00041745217147313025, 0.0008565683186829824, 0.0049717311446472534, 0.0008543397893351661, 0.001001771398958875, 0.0021891478172106045, 0.00011965574653411548, 9.413606121889796e-05, 0.0022948443169363395, 0.001154941738400994, 0.0021602255682182728, 0.0043474457395849455, 0.00020597602362913085, 0.0012673828286990693, 0.0003784887310144461, 0.00024338806607673827, 0.0032602163554373608, 0.0010077087252643845, 0.000924251558446275, 0.003315839115577905, 0.001206455673523144, 0.00024009456806989076, 0.00020096566851962887]","[0.9604395604395607, 0.9516483516483516, 0.9868131868131869, 0.9824175824175824, 0.9076923076923077, 0.9824175824175824, 0.9648351648351648, 0.9516483516483516, 0.9384615384615385, 0.8021978021978022, 0.9604395604395607, 0.9824175824175824, 0.9384615384615385, 0.9868131868131869, 0.9868131868131869, 0.9076923076923077, 0.9164835164835166, 0.9384615384615385, 0.9120879120879121, 0.9692307692307693, 0.9736263736263736, 0.956043956043956, 0.9868131868131869, 0.9384615384615385, 0.9692307692307693, 0.9912087912087912, 0.9208791208791209, 0.9428571428571428, 0.9736263736263736, 0.9824175824175824]","[0.8681318681318682, 0.8461538461538461, 0.9340659340659341, 0.9340659340659341, 0.7582417582417583, 0.9340659340659341, 0.8901098901098902, 0.8461538461538461, 0.8021978021978022, 0.6263736263736264, 0.8681318681318682, 0.9340659340659341, 0.8241758241758242, 0.9560439560439562, 0.9560439560439562, 0.7582417582417583, 0.7802197802197802, 0.8461538461538461, 0.7582417582417583, 0.9120879120879122, 0.9120879120879122, 0.9120879120879122, 0.9560439560439562, 0.8021978021978022, 0.9120879120879122, 0.9560439560439562, 0.8021978021978022, 0.8461538461538461, 0.8901098901098902, 0.9340659340659341]","[0.6666666666666666, 0.6666666666666666, 0.6666666666666666, 1.0, 1.0, 1.0, 1.0, 1.0, 0.6666666666666666, 0.6666666666666666, 0.6666666666666666, 0.6666666666666666, 1.0, 1.0, 1.0, 1.0, 1.0, 0.6666666666666666, 0.6666666666666666, 1.0, 0.6666666666666666, 1.0, 1.0, 0.6666666666666666, 1.0, 0.6666666666666666, 1.0, 1.0, 0.6666666666666666, 1.0]","[1.0, 1.0, 0.8, 1.0, 0.8, 1.0, 0.8, 0.8, 1.0, 1.0, 0.8, 1.0, 0.8, 1.0, 1.0, 1.0, 0.8, 1.0, 1.0, 1.0, 1.0, 1.0, 1.0, 1.0, 0.8, 1.0, 0.8, 0.8, 0.8, 1.0]"
adult,mlp,5000,8,14,b1_uniform,0.001244467083534745,0.0006042761717726451,8.88905059667675e-05,4.316258369804608e-05,0.001036982863796594,0.0014806449402347832,10.948358131649899,0.9665934065934068,0.01266869821023724,0.9620512820512821,0.970842490842491,0.882783882783883,0.035589619931109526,0.9222222222222223,0.14098419489388359,1.0,0.0,3.2157761185243516e-05,0.0,5000.0,0.8918107866668531,0.01925112150059915,5000.0,"[0.0009237721006822691, 0.0018452658649511266, 0.0005902558978211807, 0.0009671902064917303, 0.002942376729969593, 0.0005194902036525564, 0.001845560749865647, 0.0008901974807489078, 0.0016039076826576194, 0.0017264472995175563, 0.0010065769965674383, 0.0008096596315130746, 0.0014415642549555332, 0.0006152578234009585, 0.0016391355698692396, 0.0015902349209302089, 0.0008458927586635526, 0.000925749984505593, 0.0009107773923573964, 0.0012290858204697342, 0.0008946749363162916, 0.002753000304444084, 0.0008627921722824868, 0.0015328440989167457, 0.000691362309709427, 0.0020702078326054296, 0.0006888386334051499, 0.0007448962013994187, 0.0014249598759030297, 0.0008020367714693748]","[0.9604395604395607, 0.9824175824175824, 0.9472527472527472, 0.956043956043956, 0.9780219780219781, 0.9648351648351648, 0.9868131868131869, 0.9736263736263736, 0.9604395604395607, 0.9604395604395607, 0.9736263736263736, 0.956043956043956, 0.9824175824175824, 0.9648351648351648, 0.9648351648351648, 0.9516483516483516, 0.9428571428571428, 0.9736263736263736, 0.9648351648351648, 0.9912087912087912, 0.956043956043956, 0.9780219780219781, 0.9692307692307693, 0.9780219780219781, 0.9692307692307693, 0.9428571428571428, 0.9824175824175824, 0.9604395604395607, 0.9736263736263736, 0.9516483516483516]","[0.8681318681318682, 0.9340659340659341, 0.8241758241758242, 0.8681318681318682, 0.9120879120879122, 0.8901098901098902, 0.9340659340659341, 0.8901098901098902, 0.8681318681318682, 0.8681318681318682, 0.8901098901098902, 0.8681318681318682, 0.9120879120879122, 0.8681318681318682, 0.8681318681318682, 0.8461538461538461, 0.8021978021978022, 0.9120879120879122, 0.8681318681318682, 0.9560439560439562, 0.8461538461538461, 0.9120879120879122, 0.8901098901098902, 0.9120879120879122, 0.8901098901098902, 0.8241758241758242, 0.9340659340659341, 0.8681318681318682, 0.9120879120879122, 0.8461538461538461]","[1.0, 1.0, 1.0, 1.0, 1.0, 1.0, 1.0, 1.0, 0.6666666666666666, 1.0, 1.0, 1.0, 1.0, 1.0, 1.0, 1.0, 0.6666666666666666, 1.0, 0.6666666666666666, 1.0, 1.0, 1.0, 1.0, 0.6666666666666666, 1.0, 0.6666666666666666, 0.6666666666666666, 1.0, 1.0, 0.6666666666666666]","[1.0, 1.0, 1.0, 1.0, 1.0, 1.0, 1.0, 1.0, 1.0, 1.0, 1.0, 1.0, 1.0, 1.0, 1.0, 1.0, 1.0, 1.0, 1.0, 1.0, 1.0, 1.0, 1.0, 1.0, 1.0, 1.0, 1.0, 1.0, 1.0, 1.0]"
adult,mlp,5000,8,14,b2_stratified,0.0001136670054605901,0.00011972101998260482,8.11907181861358e-06,8.551501427328915e-06,7.510550764685682e-05,0.0001590712542309678,1.0,0.9928205128205129,0.005949872675237183,0.9906227106227107,0.9948717948717949,0.9677655677655679,0.024561252182036905,0.888888888888889,0.15713484026367722,1.0,0.0,7.596915963215744e-06,0.0,5000.0,0.898038863336357,0.015344534871318906,5000.0,"[0.0002007929340675778, 8.322907829037127e-05, 0.0005591589288553146, 0.0002629262427285665, 0.0001097403893689971, 2.208338287933021e-05, 4.359729537287165e-05, 0.00026675981400440504, 4.6302763487051905e-05, 3.24221128943178e-05, 2.93369345411673e-05, 0.0001520763919722615, 2.9676491094533652e-05, 2.6760037914503322e-05, 0.00020242403288651953, 0.00016978974560062732, 3.19148536593579e-05, 1.59150234658959e-05, 6.784991924914127e-06, 3.198020059022615e-06, 0.00024553590262139707, 7.198971552849444e-05, 0.00031255636582322715, 8.465405652461761e-05, 2.5273722891796696e-05, 3.862945042412742e-05, 5.274288094322734e-05, 0.00011108900683180864, 6.93587610013341e-05, 0.00010329083616006547]","[0.9868131868131869, 0.9912087912087912, 0.9912087912087912, 1.0, 0.9912087912087912, 0.9912087912087912, 0.9912087912087912, 0.9912087912087912, 0.9956043956043955, 1.0, 1.0, 0.9912087912087912, 0.9868131868131869, 1.0, 0.9780219780219781, 0.9956043956043955, 0.9824175824175824, 0.9912087912087912, 1.0, 1.0, 0.9956043956043955, 0.9912087912087912, 0.9956043956043955, 0.9868131868131869, 1.0, 0.9824175824175824, 0.9868131868131869, 1.0, 0.9956043956043955, 0.9956043956043955]","[0.9340659340659341, 0.9560439560439562, 0.9560439560439562, 1.0, 0.9560439560439562, 0.9560439560439562, 0.9560439560439562, 0.9560439560439562, 0.9780219780219781, 1.0, 1.0, 0.9560439560439562, 0.9560439560439562, 1.0, 0.9120879120879122, 0.9780219780219781, 0.9340659340659341, 0.9560439560439562, 1.0, 1.0, 0.9780219780219781, 0.9560439560439562, 0.9780219780219781, 0.9340659340659341, 1.0, 0.9340659340659341, 0.9560439560439562, 1.0, 0.9780219780219781, 0.9780219780219781]","[0.6666666666666666, 1.0, 0.6666666666666666, 1.0, 0.6666666666666666, 0.6666666666666666, 1.0, 1.0, 1.0, 1.0, 1.0, 0.6666666666666666, 0.6666666666666666, 1.0, 1.0, 1.0, 1.0, 0.6666666666666666, 1.0, 1.0, 1.0, 1.0, 0.6666666666666666, 0.6666666666666666, 1.0, 1.0, 1.0, 1.0, 1.0, 0.6666666666666666]","[1.0, 1.0, 1.0, 1.0, 1.0, 1.0, 1.0, 1.0, 1.0, 1.0, 1.0, 1.0, 1.0, 1.0, 1.0, 1.0, 1.0, 1.0, 1.0, 1.0, 1.0, 1.0, 1.0, 1.0, 1.0, 1.0, 1.0, 1.0, 1.0, 1.0]"
adult,mlp,5000,8,14,b3_is,9.09972467923151e-05,8.191723940578135e-05,6.499803342308221e-06,5.85123138612724e-06,6.428828506600144e-05,0.00011991838678346473,0.8005599023532389,0.9904761904761905,0.007274544520033026,0.9875457875457876,0.992967032967033,0.9575091575091577,0.028898289997532616,0.7777777777777779,0.15713484026367727,1.0,0.0,6.238753453614139e-06,0.0,5000.0,1.00473865000046,0.015848937801689843,5000.0,"[0.000199182303458583, 5.803770095323729e-06, 9.795210002252847e-05, 2.7550571147092215e-05, 0.0003227060389969582, 2.1069297954420598e-05, 0.00026968814095329534, 3.98187339036306e-05, 5.182359413227197e-06, 4.722503176692033e-05, 0.00013461627586800978, 6.849553485050621e-05, 5.131914191125756e-05, 0.0001853078905855493, 2.4332486069893e-05, 9.977248341275733e-05, 8.061970544992147e-06, 8.554188893898506e-05, 2.269565723760063e-05, 3.325803443713683e-05, 3.5325175792553337e-05, 6.472220395498908e-05, 4.80642541367639e-05, 0.0001531443793094937, 0.00027106297862179143, 7.376870071508134e-05, 5.644128352268377e-05, 8.45878416060476e-05, 0.00010153866752746413, 9.16822070139171e-05]","[0.9912087912087912, 0.9956043956043955, 0.9824175824175824, 0.9780219780219781, 0.9956043956043955, 0.9956043956043955, 0.9912087912087912, 0.9912087912087912, 0.9956043956043955, 0.9868131868131869, 0.9956043956043955, 0.9956043956043955, 0.9912087912087912, 0.9780219780219781, 0.9912087912087912, 0.9736263736263736, 0.9956043956043955, 0.9868131868131869, 1.0, 1.0, 0.9912087912087912, 1.0, 0.9780219780219781, 0.9912087912087912, 0.9780219780219781, 0.9868131868131869, 1.0, 0.9912087912087912, 0.9912087912087912, 0.9956043956043955]","[0.9560439560439562, 0.9780219780219781, 0.9340659340659341, 0.9120879120879122, 0.9780219780219781, 0.9780219780219781, 0.9560439560439562, 0.9560439560439562, 0.9780219780219781, 0.9340659340659341, 0.9780219780219781, 0.9780219780219781, 0.9560439560439562, 0.9120879120879122, 0.9560439560439562, 0.8901098901098902, 0.9780219780219781, 0.9340659340659341, 1.0, 1.0, 0.9560439560439562, 1.0, 0.9120879120879122, 0.9560439560439562, 0.9120879120879122, 0.9560439560439562, 1.0, 0.9560439560439562, 0.9560439560439562, 0.9780219780219781]","[0.6666666666666666, 0.6666666666666666, 1.0, 0.6666666666666666, 0.6666666666666666, 0.6666666666666666, 0.6666666666666666, 0.6666666666666666, 0.6666666666666666, 0.6666666666666666, 0.6666666666666666, 0.6666666666666666, 0.6666666666666666, 1.0, 0.6666666666666666, 0.6666666666666666, 1.0, 0.6666666666666666, 1.0, 1.0, 0.6666666666666666, 1.0, 0.6666666666666666, 1.0, 1.0, 1.0, 1.0, 0.6666666666666666, 0.6666666666666666, 0.6666666666666666]","[1.0, 1.0, 1.0, 1.0, 1.0, 1.0, 1.0, 1.0, 1.0, 1.0, 1.0, 1.0, 1.0, 1.0, 1.0, 1.0, 1.0, 1.0, 1.0, 1.0, 1.0, 1.0, 1.0, 1.0, 1.0, 1.0, 1.0, 1.0, 1.0, 1.0]"
adult,mlp,5000,8,14,b4_antithetic,0.0008148364516904086,0.00016264164142211935,5.820260369217204e-05,1.1617260101579954e-05,0.0007517689037536833,0.0008722682368443919,7.168627768353795,0.9696703296703297,0.010787903375355266,0.9661538461538463,0.9733333333333334,0.8871794871794874,0.030418372882090403,0.9888888888888888,0.059835164523716726,1.0,0.0,3.7367523957571917e-06,0.0,5000.0,0.869753266669189,0.020403096459508486,5000.0,"[0.000932050317592988, 0.0010289596065924296, 0.0010774877099132868, 0.0006774509028610601, 0.0010195470318776236, 0.0007007360512786274, 0.0007863418509465806, 0.0006221168261434239, 0.0006197660626643059, 0.001061060655038444, 0.0010659858006567722, 0.0006576928960926778, 0.0007382462243912553, 0.000742652074081465, 0.0005745147420852569, 0.0006692118149046117, 0.0010144291795717562, 0.000952080546789205, 0.0009565585844627911, 0.0007343728457938588, 0.0009318217813515694, 0.0008502841763183314, 0.0006856242223802692, 0.0006557109610399434, 0.0005469338711668194, 0.0007624576086326975, 0.0007588877567060337, 0.0007170745269762728, 0.0010212528870807746, 0.0008837840353211262]","[0.9868131868131869, 0.9824175824175824, 0.9604395604395607, 0.9428571428571428, 0.956043956043956, 0.956043956043956, 0.9604395604395607, 0.9604395604395607, 0.9780219780219781, 0.9604395604395607, 0.9516483516483516, 0.9780219780219781, 0.9692307692307693, 0.9692307692307693, 0.9780219780219781, 0.9648351648351648, 0.9736263736263736, 0.9824175824175824, 0.9780219780219781, 0.9604395604395607, 0.9736263736263736, 0.9736263736263736, 0.9604395604395607, 0.9736263736263736, 0.9824175824175824, 0.9648351648351648, 0.9736263736263736, 0.9780219780219781, 0.9868131868131869, 0.9736263736263736]","[0.9340659340659341, 0.9340659340659341, 0.8461538461538461, 0.8241758241758242, 0.8241758241758242, 0.8681318681318682, 0.8681318681318682, 0.8901098901098902, 0.9120879120879122, 0.8461538461538461, 0.8461538461538461, 0.9120879120879122, 0.8901098901098902, 0.8681318681318682, 0.9120879120879122, 0.8901098901098902, 0.8901098901098902, 0.9120879120879122, 0.9120879120879122, 0.8681318681318682, 0.8901098901098902, 0.8901098901098902, 0.8681318681318682, 0.8901098901098902, 0.9340659340659341, 0.8681318681318682, 0.8901098901098902, 0.9120879120879122, 0.9340659340659341, 0.8901098901098902]","[1.0, 1.0, 1.0, 1.0, 1.0, 1.0, 1.0, 0.6666666666666666, 1.0, 1.0, 1.0, 1.0, 1.0, 1.0, 1.0, 1.0, 1.0, 1.0, 1.0, 1.0, 1.0, 1.0, 1.0, 1.0, 1.0, 1.0, 1.0, 1.0, 1.0, 1.0]","[1.0, 1.0, 1.0, 1.0, 1.0, 1.0, 1.0, 1.0, 1.0, 1.0, 1.0, 1.0, 1.0, 1.0, 1.0, 1.0, 1.0, 1.0, 1.0, 1.0, 1.0, 1.0, 1.0, 1.0, 1.0, 1.0, 1.0, 1.0, 1.0, 1.0]"
adult,mlp,5000,9,14,abc_shap,0.004299993335468977,0.00427996251661332,0.0003071423811049269,0.00030571160832952284,0.002859811063337566,0.005961734393970295,20.39680312238188,0.9623443223443224,0.03957156267450123,0.9463626373626374,0.9745054945054946,0.8842490842490844,0.07633123093117133,0.9888888888888888,0.059835164523716726,0.94,0.09165151389911678,0.00030401420729599305,2352.0,2648.0,1.0178196766675682,0.022512966623193142,2352.0,"[0.0002732711491459453, 0.003953952525347619, 0.0008778515617667954, 0.0017712373303561018, 0.0007150527839393195, 0.0001201154474340899, 0.011238339731844108, 0.009131811685730502, 0.0051004281323100585, 0.002715830656441852, 0.006519949293039705, 0.0039962190347263195, 0.0025959910402515267, 0.01652854202145153, 0.009887274511812693, 0.0010035025347723595, 0.00106302036389248, 0.000694259023063642, 0.0009799125560268484, 0.0020474201185982205, 0.002988667392589675, 0.009148463518660319, 0.0013734948703945271, 0.008920853705367661, 0.012889878962818208, 0.0002561658393131213, 0.00029429183488858396, 0.0021037928970119055, 0.00346712274822508, 0.006343086792848509]","[0.9956043956043955, 0.9780219780219781, 0.9956043956043955, 0.9516483516483516, 0.9780219780219781, 0.9780219780219781, 0.8989010989010989, 0.9868131868131869, 0.9516483516483516, 0.9868131868131869, 0.9516483516483516, 0.9780219780219781, 0.9824175824175824, 0.8637362637362638, 0.956043956043956, 1.0, 0.8153846153846154, 0.9736263736263736, 0.9912087912087912, 0.9692307692307693, 0.9736263736263736, 0.9340659340659341, 0.9912087912087912, 0.9516483516483516, 0.9692307692307693, 0.9780219780219781, 0.9956043956043955, 0.9736263736263736, 0.9780219780219781, 0.9428571428571428]","[0.9780219780219781, 0.9120879120879122, 0.9780219780219781, 0.8461538461538461, 0.9120879120879122, 0.9120879120879122, 0.7582417582417583, 0.9340659340659341, 0.8461538461538461, 0.9340659340659341, 0.8461538461538461, 0.9120879120879122, 0.9340659340659341, 0.6923076923076924, 0.8461538461538461, 1.0, 0.6923076923076924, 0.8901098901098902, 0.9560439560439562, 0.8681318681318682, 0.8901098901098902, 0.7802197802197802, 0.9560439560439562, 0.8461538461538461, 0.8681318681318682, 0.9120879120879122, 0.9780219780219781, 0.9120879120879122, 0.9120879120879122, 0.8241758241758242]","[1.0, 1.0, 1.0, 1.0, 1.0, 1.0, 1.0, 1.0, 1.0, 1.0, 1.0, 1.0, 1.0, 0.6666666666666666, 1.0, 1.0, 1.0, 1.0, 1.0, 1.0, 1.0, 1.0, 1.0, 1.0, 1.0, 1.0, 1.0, 1.0, 1.0, 1.0]","[1.0, 1.0, 1.0, 0.8, 1.0, 1.0, 0.8, 1.0, 1.0, 1.0, 1.0, 0.8, 0.8, 0.8, 1.0, 1.0, 1.0, 0.8, 1.0, 0.8, 1.0, 0.8, 1.0, 1.0, 1.0, 1.0, 1.0, 1.0, 1.0, 0.8]"
adult,mlp,5000,9,14,b1_uniform,0.0014139803647702375,0.000787582004171653,0.00010099859748358839,5.625585744083236e-05,0.0011372355200528544,0.0017125361588560533,6.7071450742113194,0.8484981684981686,0.058652730228180204,0.8281318681318682,0.8688754578754578,0.7150183150183154,0.09211270760504937,0.9777777777777777,0.08314794192830981,0.94,0.09165151389911678,4.047311909261118e-05,0.0,5000.0,0.8881802266677066,0.03987000437144678,5000.0,"[0.002652719863711559, 0.0011752715686124565, 0.0005827002591176454, 0.0007707847482054296, 0.0039149545954273906, 0.0012014492469291965, 0.0011972843454088667, 0.0009828891426098285, 0.0012414807672784943, 0.002298007328594168, 0.001295430081950413, 0.0008355616821352172, 0.0018387876840722875, 0.0011909709650507804, 0.001966761174928203, 0.0019909628192582986, 0.003413366208180105, 0.00062537257923846, 0.0014110265472268733, 0.0011607977202446034, 0.0010407662191065537, 0.0008870893194745265, 0.001750931036234953, 0.0012184933920720634, 0.0012280478058131444, 0.0011077569555290616, 0.0012373565517946011, 0.0002653235240828226, 0.0013024339668668648, 0.0006346328439522657]","[0.7846153846153847, 0.8241758241758241, 0.956043956043956, 0.8285714285714285, 0.7714285714285714, 0.8681318681318682, 0.9120879120879121, 0.8593406593406594, 0.9164835164835166, 0.8725274725274725, 0.7890109890109891, 0.8109890109890111, 0.7802197802197802, 0.7626373626373627, 0.8109890109890111, 0.7934065934065934, 0.7890109890109891, 0.9120879120879121, 0.8945054945054945, 0.8857142857142857, 0.8285714285714285, 0.8681318681318682, 0.8681318681318682, 0.832967032967033, 0.8769230769230769, 0.767032967032967, 0.8065934065934066, 0.9956043956043955, 0.8637362637362638, 0.9252747252747253]","[0.6043956043956044, 0.6923076923076924, 0.8681318681318682, 0.6703296703296704, 0.5824175824175825, 0.7362637362637363, 0.7802197802197802, 0.7142857142857144, 0.8241758241758242, 0.7582417582417583, 0.6263736263736264, 0.6483516483516484, 0.6043956043956044, 0.5824175824175825, 0.6703296703296704, 0.6483516483516484, 0.6263736263736264, 0.8021978021978022, 0.8021978021978022, 0.7802197802197802, 0.7142857142857144, 0.7362637362637363, 0.7582417582417583, 0.6923076923076924, 0.7362637362637363, 0.5824175824175825, 0.6703296703296704, 0.9780219780219781, 0.7362637362637363, 0.8241758241758242]","[0.6666666666666666, 1.0, 1.0, 1.0, 1.0, 1.0, 1.0, 1.0, 1.0, 1.0, 1.0, 1.0, 1.0, 1.0, 1.0, 1.0, 1.0, 1.0, 1.0, 1.0, 1.0, 1.0, 0.6666666666666666, 1.0, 1.0, 1.0, 1.0, 1.0, 1.0, 1.0]","[1.0, 1.0, 1.0, 0.8, 0.8, 0.8, 1.0, 1.0, 0.8, 1.0, 0.8, 0.8, 1.0, 1.0, 1.0, 1.0, 1.0, 0.8, 1.0, 0.8, 1.0, 1.0, 1.0, 1.0, 1.0, 1.0, 1.0, 0.8, 1.0, 1.0]"
adult,mlp,5000,9,14,b2_stratified,0.0002108170241026887,0.0001326653786229276,1.5058358864477765e-05,9.476098473066256e-06,0.00016610998509498137,0.00025630223310199786,1.0,0.9876923076923078,0.005719918328481473,0.9856410256410257,0.98989010989011,0.9509157509157511,0.02099128026651196,1.0,0.0,0.9533333333333334,0.08459051693633012,1.3238141341755585e-05,0.0,5000.0,0.8933947700027299,0.009256578326622834,5000.0,"[0.0004031638928921963, 0.00031346389051311116, 0.00045197653707422823, 4.702062124832051e-05, 0.00017609163654617047, 0.00030493619834461255, 0.00018849521919764932, 4.982392979971117e-05, 6.735994158084325e-05, 0.0002565632599273209, 0.00018614021246315504, 0.0001417425826913328, 8.243670943823564e-05, 0.00015997188715157463, 0.00014704472647394733, 0.00040680583390924677, 0.00013113072660765658, 0.00014763626218797257, 0.00011502643910653066, 0.00016251345978217946, 0.00014200523323955257, 5.075510712435802e-05, 0.00025626600047733134, 8.925319880412152e-05, 0.0005673685527316817, 0.0002913188127479316, 0.00043947689572011267, 0.00014195003659248626, 0.0002726893360126994, 0.00013408358269439044]","[0.9912087912087912, 0.9824175824175824, 0.9824175824175824, 0.9956043956043955, 0.9824175824175824, 0.9780219780219781, 0.9868131868131869, 0.9824175824175824, 0.9956043956043955, 0.9912087912087912, 0.9868131868131869, 0.9868131868131869, 0.9956043956043955, 0.9824175824175824, 0.9956043956043955, 0.9868131868131869, 0.9780219780219781, 0.9824175824175824, 0.9956043956043955, 0.9956043956043955, 0.9824175824175824, 0.9912087912087912, 0.9868131868131869, 0.9868131868131869, 0.9912087912087912, 0.9868131868131869, 0.9780219780219781, 0.9956043956043955, 0.9868131868131869, 0.9912087912087912]","[0.9560439560439562, 0.9120879120879122, 0.9340659340659341, 0.9780219780219781, 0.9340659340659341, 0.9120879120879122, 0.9560439560439562, 0.9340659340659341, 0.9780219780219781, 0.9560439560439562, 0.9560439560439562, 0.9560439560439562, 0.9780219780219781, 0.9340659340659341, 0.9780219780219781, 0.9560439560439562, 0.9120879120879122, 0.9340659340659341, 0.9780219780219781, 0.9780219780219781, 0.9340659340659341, 0.9560439560439562, 0.9560439560439562, 0.9560439560439562, 0.9560439560439562, 0.9560439560439562, 0.9120879120879122, 0.9780219780219781, 0.9560439560439562, 0.9560439560439562]","[1.0, 1.0, 1.0, 1.0, 1.0, 1.0, 1.0, 1.0, 1.0, 1.0, 1.0, 1.0, 1.0, 1.0, 1.0, 1.0, 1.0, 1.0, 1.0, 1.0, 1.0, 1.0, 1.0, 1.0, 1.0, 1.0, 1.0, 1.0, 1.0, 1.0]","[1.0, 0.8, 1.0, 1.0, 0.8, 1.0, 1.0, 0.8, 1.0, 0.8, 1.0, 1.0, 0.8, 0.8, 1.0, 1.0, 1.0, 0.8, 1.0, 1.0, 1.0, 1.0, 1.0, 1.0, 1.0, 1.0, 1.0, 1.0, 1.0, 1.0]"
adult,mlp,5000,9,14,b3_is,0.0001242562960042472,8.822491410784477e-05,8.875449714589085e-06,6.30177957913177e-06,9.50275570340248e-05,0.00015787509394581028,0.5894035196309484,0.9901831501831502,0.0066839529541139996,0.9878351648351649,0.9926739926739927,0.9604395604395606,0.024994464628911316,1.0,0.0,0.9666666666666667,0.07453559924999298,8.150661913301547e-06,0.0,5000.0,1.0055168500053697,0.02635209292290432,5000.0,"[4.348289903681807e-05, 0.00018758800465396244, 0.00011215449249079566, 4.158494081980311e-05, 0.00014459726991177373, 9.800976369956034e-05, 0.00039482669458139135, 3.5211754991675425e-05, 6.113422308352672e-05, 9.98469400798784e-05, 0.00019582206172898283, 2.4756119608969696e-05, 0.0002082727782617781, 2.458645223196236e-05, 0.00011776420897983439, 0.00012610246754190028, 0.00035043844614600806, 6.193135962670424e-05, 0.00014962007478157332, 3.6435023961306585e-05, 0.00026710904413830523, 0.00011583836070152678, 8.795902244673802e-05, 9.570385630298787e-05, 0.0001672551067961552, 0.00014768035729741076, 7.348574332890394e-05, 0.00011525617065935806, 5.5722876163553635e-05, 8.751236607427137e-05]","[0.9912087912087912, 0.9912087912087912, 0.9956043956043955, 1.0, 0.9956043956043955, 0.9824175824175824, 0.9868131868131869, 0.9956043956043955, 0.9956043956043955, 0.9912087912087912, 0.9868131868131869, 0.9868131868131869, 0.9956043956043955, 0.9868131868131869, 0.9824175824175824, 0.9824175824175824, 1.0, 0.9868131868131869, 0.9912087912087912, 0.9956043956043955, 0.9868131868131869, 0.9780219780219781, 0.9912087912087912, 1.0, 0.9824175824175824, 0.9912087912087912, 0.9956043956043955, 0.9736263736263736, 0.9868131868131869, 1.0]","[0.9560439560439562, 0.9560439560439562, 0.9780219780219781, 1.0, 0.9780219780219781, 0.9340659340659341, 0.9560439560439562, 0.9780219780219781, 0.9780219780219781, 0.9560439560439562, 0.9560439560439562, 0.9560439560439562, 0.9780219780219781, 0.9560439560439562, 0.9340659340659341, 0.9340659340659341, 1.0, 0.9560439560439562, 0.9560439560439562, 0.9780219780219781, 0.9560439560439562, 0.9120879120879122, 0.9560439560439562, 1.0, 0.9340659340659341, 0.9560439560439562, 0.9780219780219781, 0.8901098901098902, 0.9560439560439562, 1.0]","[1.0, 1.0, 1.0, 1.0, 1.0, 1.0, 1.0, 1.0, 1.0, 1.0, 1.0, 1.0, 1.0, 1.0, 1.0, 1.0, 1.0, 1.0, 1.0, 1.0, 1.0, 1.0, 1.0, 1.0, 1.0, 1.0, 1.0, 1.0, 1.0, 1.0]","[0.8, 1.0, 1.0, 1.0, 1.0, 1.0, 1.0, 1.0, 1.0, 1.0, 1.0, 1.0, 1.0, 1.0, 1.0, 0.8, 1.0, 1.0, 1.0, 1.0, 1.0, 0.8, 0.8, 1.0, 1.0, 0.8, 1.0, 1.0, 1.0, 1.0]"
adult,mlp,5000,9,14,b4_antithetic,0.0008243355417569599,0.00015077525331757367,5.8881110125497135e-05,1.0769660951255263e-05,0.0007697840530078958,0.000877033384658957,3.9101943747931243,0.8564102564102565,0.046785605843759674,0.840871794871795,0.871952380952381,0.7391941391941395,0.07058865623704559,1.0,0.0,0.94,0.09165151389911678,6.289434950200727e-06,0.0,5000.0,0.865249063334583,0.019454220225343054,5000.0,"[0.0010862962442810536, 0.0006486266282031131, 0.0008917834276007711, 0.0008654548556366217, 0.0010665902842638265, 0.000729678844914055, 0.0008704170515041761, 0.0006175554713800098, 0.0008303660272178884, 0.0009660993617304704, 0.0007469171754792903, 0.0007598236281348489, 0.0008115554666366454, 0.0008734597912573767, 0.0009183611330566561, 0.0007742784648760354, 0.0006596678212391756, 0.0009624433896284542, 0.0006105441272294998, 0.0009300932042558409, 0.0007951027601393287, 0.0008280735283473418, 0.000907242153075406, 0.0011365415614287447, 0.0007575583053555998, 0.0008931037801513216, 0.0009644804990780971, 0.0004899025336634327, 0.0007746296874218243, 0.000563419045521886]","[0.7846153846153847, 0.8901098901098902, 0.8241758241758241, 0.8417582417582418, 0.8417582417582418, 0.9032967032967033, 0.832967032967033, 0.8505494505494505, 0.8945054945054945, 0.767032967032967, 0.8857142857142857, 0.9076923076923077, 0.8285714285714285, 0.9120879120879121, 0.8285714285714285, 0.8373626373626375, 0.9120879120879121, 0.8109890109890111, 0.8945054945054945, 0.8109890109890111, 0.7934065934065934, 0.8945054945054945, 0.8505494505494505, 0.7978021978021977, 0.8373626373626375, 0.8109890109890111, 0.8857142857142857, 0.9208791208791209, 0.8769230769230769, 0.9648351648351648]","[0.6263736263736264, 0.7802197802197802, 0.6923076923076924, 0.6923076923076924, 0.7582417582417583, 0.8021978021978022, 0.7142857142857144, 0.7142857142857144, 0.8241758241758242, 0.6043956043956044, 0.7802197802197802, 0.8021978021978022, 0.6923076923076924, 0.8021978021978022, 0.7142857142857144, 0.7362637362637363, 0.7802197802197802, 0.6703296703296704, 0.8241758241758242, 0.6703296703296704, 0.6483516483516484, 0.8241758241758242, 0.7362637362637363, 0.6263736263736264, 0.7362637362637363, 0.6703296703296704, 0.7802197802197802, 0.8461538461538461, 0.7362637362637363, 0.8901098901098902]","[1.0, 1.0, 1.0, 1.0, 1.0, 1.0, 1.0, 1.0, 1.0, 1.0, 1.0, 1.0, 1.0, 1.0, 1.0, 1.0, 1.0, 1.0, 1.0, 1.0, 1.0, 1.0, 1.0, 1.0, 1.0, 1.0, 1.0, 1.0, 1.0, 1.0]","[1.0, 1.0, 1.0, 0.8, 1.0, 0.8, 0.8, 1.0, 1.0, 1.0, 1.0, 0.8, 0.8, 1.0, 1.0, 1.0, 0.8, 0.8, 1.0, 1.0, 1.0, 1.0, 1.0, 1.0, 1.0, 1.0, 0.8, 1.0, 0.8, 1.0]"
