dataset,model,n_budget,instance_idx,M,method,allocation,explor_share_realized,mse,mse_std,mse_norm,mse_norm_std,mse_ci_lower,mse_ci_upper,mse_ratio_b2,spearman_mean,spearman_std,spearman_ci_lower,spearman_ci_upper,kendall_mean,kendall_std,top3_mean,top3_std,top5_mean,top5_std,variance,n_exploration,n_estimation,time_mean,time_std,n_coal_final,mse_per_run,spearman_per_run,kendall_per_run,top3_per_run,top5_per_run
california,ridge,5000,0,8,abc_shap,A1,0.2496,1.8747907865503706e-16,8.342358825589319e-17,2.3434884831879632e-17,1.0427948531986649e-17,1.5752230131897657e-16,2.1715675845334847e-16,,1.0,0.0,1.0,1.0,0.9999999999999998,0.0,1.0,0.0,1.0,0.0,7.899981911068578e-18,1248.0,3752.0,0.5560830366623122,0.015189123776581225,1248.0,"[1.3475495408302337e-16, 3.6602346747703113e-16, 7.556684289952338e-17, 1.689800919580841e-16, 1.7476585363544767e-16, 2.265745485227628e-16, 1.0465780143536815e-16, 1.919409627765521e-16, 1.37810690336574e-16, 9.49165215028076e-17, 2.983601701047185e-16, 2.32949757174904e-16, 2.7480989572797775e-16, 1.7634071451576219e-16, 2.966880101793933e-16, 8.406816042224245e-17, 3.201213251634324e-16, 5.30193752665573e-17, 2.1117929459485977e-16, 2.435779276604221e-16, 1.2420169476625062e-16, 1.87536976869364e-16, 1.1366678652630765e-16, 2.6151020753373213e-16, 2.1296984171525487e-16, 7.78989204969471e-17, 1.1510082764284588e-16, 2.3443223912049734e-16, 1.1251678161954272e-16, 3.1743171792292524e-16]","[1.0, 1.0, 1.0, 1.0, 1.0, 1.0, 1.0, 1.0, 1.0, 1.0, 1.0, 1.0, 1.0, 1.0, 1.0, 1.0, 1.0, 1.0, 1.0, 1.0, 1.0, 1.0, 1.0, 1.0, 1.0, 1.0, 1.0, 1.0, 1.0, 1.0]","[0.9999999999999998, 0.9999999999999998, 0.9999999999999998, 0.9999999999999998, 0.9999999999999998, 0.9999999999999998, 0.9999999999999998, 0.9999999999999998, 0.9999999999999998, 0.9999999999999998, 0.9999999999999998, 0.9999999999999998, 0.9999999999999998, 0.9999999999999998, 0.9999999999999998, 0.9999999999999998, 0.9999999999999998, 0.9999999999999998, 0.9999999999999998, 0.9999999999999998, 0.9999999999999998, 0.9999999999999998, 0.9999999999999998, 0.9999999999999998, 0.9999999999999998, 0.9999999999999998, 0.9999999999999998, 0.9999999999999998, 0.9999999999999998, 0.9999999999999998]","[1.0, 1.0, 1.0, 1.0, 1.0, 1.0, 1.0, 1.0, 1.0, 1.0, 1.0, 1.0, 1.0, 1.0, 1.0, 1.0, 1.0, 1.0, 1.0, 1.0, 1.0, 1.0, 1.0, 1.0, 1.0, 1.0, 1.0, 1.0, 1.0, 1.0]","[1.0, 1.0, 1.0, 1.0, 1.0, 1.0, 1.0, 1.0, 1.0, 1.0, 1.0, 1.0, 1.0, 1.0, 1.0, 1.0, 1.0, 1.0, 1.0, 1.0, 1.0, 1.0, 1.0, 1.0, 1.0, 1.0, 1.0, 1.0, 1.0, 1.0]"
california,ridge,5000,0,8,abc_shap,A3,0.7488,2.949364445583986e-16,1.9896060481792274e-16,3.6867055569799824e-17,2.4870075602240343e-17,2.2664203143518386e-16,3.626364763485049e-16,,1.0,0.0,1.0,1.0,0.9999999999999998,0.0,1.0,0.0,1.0,0.0,2.4409914107890855e-17,3744.0,1256.0,0.6898884466674644,0.09206803929442008,3744.0,"[3.285235438550258e-16, 2.01780344001101e-16, 5.836110763116533e-16, 1.6172363622818435e-16, 2.8075356221634596e-16, 4.1733338806926727e-16, 2.1859053926302178e-16, 1.2703837115190836e-16, 9.179639358408803e-16, 3.312123795559175e-16, 4.648156404723334e-16, 2.2904024364590204e-16, 2.0803856461410498e-16, 4.471134406248516e-16, 1.3338645575771456e-16, 7.761530679818888e-17, 1.0000659137238037e-16, 3.4007141000581244e-16, 5.756402811407647e-16, 2.917226417102151e-16, 3.143698092106708e-16, 7.486325769435893e-16, 2.0691906836696148e-16, 8.367953920956545e-17, 8.763248987049475e-17, 1.2689360575320513e-16, 1.015530273702292e-16, 2.6452932922888586e-16, 1.776328942125703e-16, 3.0026964395021365e-16]","[1.0, 1.0, 1.0, 1.0, 1.0, 1.0, 1.0, 1.0, 1.0, 1.0, 1.0, 1.0, 1.0, 1.0, 1.0, 1.0, 1.0, 1.0, 1.0, 1.0, 1.0, 1.0, 1.0, 1.0, 1.0, 1.0, 1.0, 1.0, 1.0, 1.0]","[0.9999999999999998, 0.9999999999999998, 0.9999999999999998, 0.9999999999999998, 0.9999999999999998, 0.9999999999999998, 0.9999999999999998, 0.9999999999999998, 0.9999999999999998, 0.9999999999999998, 0.9999999999999998, 0.9999999999999998, 0.9999999999999998, 0.9999999999999998, 0.9999999999999998, 0.9999999999999998, 0.9999999999999998, 0.9999999999999998, 0.9999999999999998, 0.9999999999999998, 0.9999999999999998, 0.9999999999999998, 0.9999999999999998, 0.9999999999999998, 0.9999999999999998, 0.9999999999999998, 0.9999999999999998, 0.9999999999999998, 0.9999999999999998, 0.9999999999999998]","[1.0, 1.0, 1.0, 1.0, 1.0, 1.0, 1.0, 1.0, 1.0, 1.0, 1.0, 1.0, 1.0, 1.0, 1.0, 1.0, 1.0, 1.0, 1.0, 1.0, 1.0, 1.0, 1.0, 1.0, 1.0, 1.0, 1.0, 1.0, 1.0, 1.0]","[1.0, 1.0, 1.0, 1.0, 1.0, 1.0, 1.0, 1.0, 1.0, 1.0, 1.0, 1.0, 1.0, 1.0, 1.0, 1.0, 1.0, 1.0, 1.0, 1.0, 1.0, 1.0, 1.0, 1.0, 1.0, 1.0, 1.0, 1.0, 1.0, 1.0]"
california,ridge,5000,1,8,abc_shap,A1,0.2496,1.812784430357309e-16,7.85769314137852e-17,2.265980537946636e-17,9.82211642672315e-18,1.5171805875491276e-16,2.080637368748594e-16,,1.0,0.0,1.0,1.0,0.9999999999999998,0.0,1.0,0.0,1.0,0.0,6.317160963479274e-18,1248.0,3752.0,0.5925263866685175,0.04386177063066234,1248.0,"[1.1565731996326078e-16, 1.0134154303568702e-16, 2.5903625529952284e-16, 3.307884412124991e-17, 2.6952705031465433e-16, 1.0852663595720556e-16, 1.7062137003165686e-16, 2.5697890865897416e-16, 1.3031428935322232e-16, 1.7053698639241977e-16, 2.4516816983214793e-16, 1.7485239495505683e-16, 2.538589522109155e-16, 2.948323261091905e-16, 5.40180384332992e-17, 1.600990855266456e-16, 1.1033467896320522e-16, 2.163325888623778e-16, 2.936225023283867e-16, 2.684498073956572e-16, 2.119853813191118e-16, 3.316486262844371e-16, 1.235082599715798e-16, 1.305056787882871e-16, 1.8424714760639577e-16, 3.9787013633111414e-17, 1.2747485168637208e-16, 1.3779708159843532e-16, 2.2853081242793217e-16, 2.3568069001152875e-16]","[1.0, 1.0, 1.0, 1.0, 1.0, 1.0, 1.0, 1.0, 1.0, 1.0, 1.0, 1.0, 1.0, 1.0, 1.0, 1.0, 1.0, 1.0, 1.0, 1.0, 1.0, 1.0, 1.0, 1.0, 1.0, 1.0, 1.0, 1.0, 1.0, 1.0]","[0.9999999999999998, 0.9999999999999998, 0.9999999999999998, 0.9999999999999998, 0.9999999999999998, 0.9999999999999998, 0.9999999999999998, 0.9999999999999998, 0.9999999999999998, 0.9999999999999998, 0.9999999999999998, 0.9999999999999998, 0.9999999999999998, 0.9999999999999998, 0.9999999999999998, 0.9999999999999998, 0.9999999999999998, 0.9999999999999998, 0.9999999999999998, 0.9999999999999998, 0.9999999999999998, 0.9999999999999998, 0.9999999999999998, 0.9999999999999998, 0.9999999999999998, 0.9999999999999998, 0.9999999999999998, 0.9999999999999998, 0.9999999999999998, 0.9999999999999998]","[1.0, 1.0, 1.0, 1.0, 1.0, 1.0, 1.0, 1.0, 1.0, 1.0, 1.0, 1.0, 1.0, 1.0, 1.0, 1.0, 1.0, 1.0, 1.0, 1.0, 1.0, 1.0, 1.0, 1.0, 1.0, 1.0, 1.0, 1.0, 1.0, 1.0]","[1.0, 1.0, 1.0, 1.0, 1.0, 1.0, 1.0, 1.0, 1.0, 1.0, 1.0, 1.0, 1.0, 1.0, 1.0, 1.0, 1.0, 1.0, 1.0, 1.0, 1.0, 1.0, 1.0, 1.0, 1.0, 1.0, 1.0, 1.0, 1.0, 1.0]"
california,ridge,5000,1,8,abc_shap,A3,0.7488,2.0831813747705193e-16,1.2875149435309644e-16,2.603976718463149e-17,1.6093936794137055e-17,1.610951101098384e-16,2.563409978826158e-16,,1.0,0.0,1.0,1.0,0.9999999999999998,0.0,1.0,0.0,1.0,0.0,1.262050477225511e-17,3744.0,1256.0,0.577829260006547,0.03247352690138512,3744.0,"[8.109455197287371e-17, 4.365630793499457e-16, 3.531891903730042e-17, 4.3189285077001556e-17, 2.120963241410208e-16, 1.209101512705527e-16, 1.2239167559257678e-16, 1.6226620054268549e-16, 2.7957832276927117e-16, 3.424409667849691e-16, 1.5769225808925944e-16, 6.933627772723768e-17, 3.3395908615622137e-16, 1.5892840578948839e-16, 1.8603741189042924e-16, 4.7733152723612325e-17, 1.760799029517023e-16, 2.2984950982870523e-16, 2.057520383823373e-16, 5.476521359822111e-16, 7.764449281616031e-17, 1.3504786109603803e-16, 9.465512380565709e-17, 3.8817777892259013e-16, 3.530872009415514e-16, 1.1675180210083482e-16, 2.3843939224268373e-16, 3.792675744172856e-16, 3.490139976236205e-16, 1.6858924428573505e-16]","[1.0, 1.0, 1.0, 1.0, 1.0, 1.0, 1.0, 1.0, 1.0, 1.0, 1.0, 1.0, 1.0, 1.0, 1.0, 1.0, 1.0, 1.0, 1.0, 1.0, 1.0, 1.0, 1.0, 1.0, 1.0, 1.0, 1.0, 1.0, 1.0, 1.0]","[0.9999999999999998, 0.9999999999999998, 0.9999999999999998, 0.9999999999999998, 0.9999999999999998, 0.9999999999999998, 0.9999999999999998, 0.9999999999999998, 0.9999999999999998, 0.9999999999999998, 0.9999999999999998, 0.9999999999999998, 0.9999999999999998, 0.9999999999999998, 0.9999999999999998, 0.9999999999999998, 0.9999999999999998, 0.9999999999999998, 0.9999999999999998, 0.9999999999999998, 0.9999999999999998, 0.9999999999999998, 0.9999999999999998, 0.9999999999999998, 0.9999999999999998, 0.9999999999999998, 0.9999999999999998, 0.9999999999999998, 0.9999999999999998, 0.9999999999999998]","[1.0, 1.0, 1.0, 1.0, 1.0, 1.0, 1.0, 1.0, 1.0, 1.0, 1.0, 1.0, 1.0, 1.0, 1.0, 1.0, 1.0, 1.0, 1.0, 1.0, 1.0, 1.0, 1.0, 1.0, 1.0, 1.0, 1.0, 1.0, 1.0, 1.0]","[1.0, 1.0, 1.0, 1.0, 1.0, 1.0, 1.0, 1.0, 1.0, 1.0, 1.0, 1.0, 1.0, 1.0, 1.0, 1.0, 1.0, 1.0, 1.0, 1.0, 1.0, 1.0, 1.0, 1.0, 1.0, 1.0, 1.0, 1.0, 1.0, 1.0]"
california,ridge,5000,2,8,abc_shap,A1,0.2496,1.5535463789820634e-16,8.264252702332065e-17,1.9419329737275792e-17,1.0330315877915082e-17,1.2555392363468707e-16,1.840007585761915e-16,,1.0,0.0,1.0,1.0,0.9999999999999998,0.0,1.0,0.0,1.0,0.0,8.18265529526097e-18,1248.0,3752.0,0.552852363337297,0.0068755762986612325,1248.0,"[1.0854296116962415e-16, 4.646868068194947e-17, 1.3716360859987574e-16, 1.9025999970560437e-16, 6.437608692869432e-17, 1.9061459552311937e-16, 7.379200296852759e-17, 4.0979816978777424e-17, 3.090483613223867e-16, 1.2664489202799006e-16, 2.1812170212490038e-16, 1.2226528776828385e-16, 1.6137254788749647e-16, 2.069779477531552e-16, 2.0880139147333338e-16, 7.591017360558014e-17, 3.3464637826669513e-16, 1.316143677257599e-16, 1.922907310170979e-16, 4.028003406419097e-17, 1.9264820678194445e-16, 1.7220425666886718e-16, 1.3985808592701894e-16, 1.1277893375747675e-16, 2.3500686915437347e-16, 7.290074328621217e-17, 3.362975825689518e-16, 1.9633089193887063e-16, 2.1244811516870693e-17, 2.0119718775256147e-16]","[1.0, 1.0, 1.0, 1.0, 1.0, 1.0, 1.0, 1.0, 1.0, 1.0, 1.0, 1.0, 1.0, 1.0, 1.0, 1.0, 1.0, 1.0, 1.0, 1.0, 1.0, 1.0, 1.0, 1.0, 1.0, 1.0, 1.0, 1.0, 1.0, 1.0]","[0.9999999999999998, 0.9999999999999998, 0.9999999999999998, 0.9999999999999998, 0.9999999999999998, 0.9999999999999998, 0.9999999999999998, 0.9999999999999998, 0.9999999999999998, 0.9999999999999998, 0.9999999999999998, 0.9999999999999998, 0.9999999999999998, 0.9999999999999998, 0.9999999999999998, 0.9999999999999998, 0.9999999999999998, 0.9999999999999998, 0.9999999999999998, 0.9999999999999998, 0.9999999999999998, 0.9999999999999998, 0.9999999999999998, 0.9999999999999998, 0.9999999999999998, 0.9999999999999998, 0.9999999999999998, 0.9999999999999998, 0.9999999999999998, 0.9999999999999998]","[1.0, 1.0, 1.0, 1.0, 1.0, 1.0, 1.0, 1.0, 1.0, 1.0, 1.0, 1.0, 1.0, 1.0, 1.0, 1.0, 1.0, 1.0, 1.0, 1.0, 1.0, 1.0, 1.0, 1.0, 1.0, 1.0, 1.0, 1.0, 1.0, 1.0]","[1.0, 1.0, 1.0, 1.0, 1.0, 1.0, 1.0, 1.0, 1.0, 1.0, 1.0, 1.0, 1.0, 1.0, 1.0, 1.0, 1.0, 1.0, 1.0, 1.0, 1.0, 1.0, 1.0, 1.0, 1.0, 1.0, 1.0, 1.0, 1.0, 1.0]"
california,ridge,5000,2,8,abc_shap,A3,0.7488,2.353160153758353e-16,1.6112972288561759e-16,2.941450192197941e-17,2.0141215360702198e-17,1.808537104532798e-16,2.991026196003926e-16,,1.0,0.0,1.0,1.0,0.9999999999999998,0.0,1.0,0.0,1.0,0.0,1.4226628045566045e-17,3744.0,1256.0,0.5732712433363001,0.01241045582304828,3744.0,"[1.2210752081185527e-16, 4.519279417059313e-16, 6.770801920489313e-17, 1.080702876559693e-16, 9.846789630140993e-17, 4.280559506958999e-16, 8.573547157431869e-17, 5.627834560599921e-17, 3.0898250345319704e-16, 2.1758858371429984e-16, 1.937091928642882e-16, 1.5343953820086406e-16, 5.619956222470201e-17, 1.2355351720287425e-16, 3.964792988869342e-16, 1.726839579432122e-16, 1.772069231371298e-16, 2.396077949609993e-16, 4.2908073107784386e-16, 8.163021145900141e-16, 2.7886265617201807e-16, 2.981092682909777e-16, 3.0290848236572187e-16, 2.3095139066413685e-16, 1.936824928183722e-16, 5.438712903792228e-17, 3.132485165202042e-16, 1.4110198870558888e-16, 4.0373403036092814e-16, 1.3930935452655278e-16]","[1.0, 1.0, 1.0, 1.0, 1.0, 1.0, 1.0, 1.0, 1.0, 1.0, 1.0, 1.0, 1.0, 1.0, 1.0, 1.0, 1.0, 1.0, 1.0, 1.0, 1.0, 1.0, 1.0, 1.0, 1.0, 1.0, 1.0, 1.0, 1.0, 1.0]","[0.9999999999999998, 0.9999999999999998, 0.9999999999999998, 0.9999999999999998, 0.9999999999999998, 0.9999999999999998, 0.9999999999999998, 0.9999999999999998, 0.9999999999999998, 0.9999999999999998, 0.9999999999999998, 0.9999999999999998, 0.9999999999999998, 0.9999999999999998, 0.9999999999999998, 0.9999999999999998, 0.9999999999999998, 0.9999999999999998, 0.9999999999999998, 0.9999999999999998, 0.9999999999999998, 0.9999999999999998, 0.9999999999999998, 0.9999999999999998, 0.9999999999999998, 0.9999999999999998, 0.9999999999999998, 0.9999999999999998, 0.9999999999999998, 0.9999999999999998]","[1.0, 1.0, 1.0, 1.0, 1.0, 1.0, 1.0, 1.0, 1.0, 1.0, 1.0, 1.0, 1.0, 1.0, 1.0, 1.0, 1.0, 1.0, 1.0, 1.0, 1.0, 1.0, 1.0, 1.0, 1.0, 1.0, 1.0, 1.0, 1.0, 1.0]","[1.0, 1.0, 1.0, 1.0, 1.0, 1.0, 1.0, 1.0, 1.0, 1.0, 1.0, 1.0, 1.0, 1.0, 1.0, 1.0, 1.0, 1.0, 1.0, 1.0, 1.0, 1.0, 1.0, 1.0, 1.0, 1.0, 1.0, 1.0, 1.0, 1.0]"
california,ridge,5000,3,8,abc_shap,A1,0.2496,7.178995273165927e-17,3.218334103257987e-17,8.973744091457409e-18,4.022917629072484e-18,6.044171998075664e-17,8.399495203525614e-17,,1.0,0.0,1.0,1.0,0.9999999999999998,0.0,1.0,0.0,1.0,0.0,3.859988961138416e-18,1248.0,3752.0,0.5599973366654012,0.02373034409582006,1248.0,"[1.1023768950633139e-16, 7.55486836532404e-17, 1.6051824004100105e-17, 8.086020453849952e-17, 2.4067463263006904e-17, 6.467361641832111e-17, 9.007760912082667e-17, 7.726638152966419e-17, 1.2164514924893401e-16, 5.0913589408057116e-17, 4.917729953114563e-17, 5.996309915268191e-17, 6.935614286355874e-17, 1.1357927245765241e-16, 8.097597206172224e-17, 8.7911982264228e-17, 1.942242095321386e-17, 8.810106998655206e-17, 7.544301411222041e-17, 1.1812333276473765e-16, 1.4873861112851461e-16, 5.258235144184211e-17, 3.357050740585205e-17, 5.0249379252775676e-17, 8.896816564718203e-17, 7.074938784801757e-17, 9.372213590838658e-17, 2.6814067753998158e-17, 3.0661731772893386e-17, 8.424642695162175e-17]","[1.0, 1.0, 1.0, 1.0, 1.0, 1.0, 1.0, 1.0, 1.0, 1.0, 1.0, 1.0, 1.0, 1.0, 1.0, 1.0, 1.0, 1.0, 1.0, 1.0, 1.0, 1.0, 1.0, 1.0, 1.0, 1.0, 1.0, 1.0, 1.0, 1.0]","[0.9999999999999998, 0.9999999999999998, 0.9999999999999998, 0.9999999999999998, 0.9999999999999998, 0.9999999999999998, 0.9999999999999998, 0.9999999999999998, 0.9999999999999998, 0.9999999999999998, 0.9999999999999998, 0.9999999999999998, 0.9999999999999998, 0.9999999999999998, 0.9999999999999998, 0.9999999999999998, 0.9999999999999998, 0.9999999999999998, 0.9999999999999998, 0.9999999999999998, 0.9999999999999998, 0.9999999999999998, 0.9999999999999998, 0.9999999999999998, 0.9999999999999998, 0.9999999999999998, 0.9999999999999998, 0.9999999999999998, 0.9999999999999998, 0.9999999999999998]","[1.0, 1.0, 1.0, 1.0, 1.0, 1.0, 1.0, 1.0, 1.0, 1.0, 1.0, 1.0, 1.0, 1.0, 1.0, 1.0, 1.0, 1.0, 1.0, 1.0, 1.0, 1.0, 1.0, 1.0, 1.0, 1.0, 1.0, 1.0, 1.0, 1.0]","[1.0, 1.0, 1.0, 1.0, 1.0, 1.0, 1.0, 1.0, 1.0, 1.0, 1.0, 1.0, 1.0, 1.0, 1.0, 1.0, 1.0, 1.0, 1.0, 1.0, 1.0, 1.0, 1.0, 1.0, 1.0, 1.0, 1.0, 1.0, 1.0, 1.0]"
california,ridge,5000,3,8,abc_shap,A3,0.7488,1.3056032752699594e-16,7.123590571978289e-17,1.6320040940874493e-17,8.904488214972862e-18,1.0674736669805647e-16,1.5625469901901204e-16,,1.0,0.0,1.0,1.0,0.9999999999999998,0.0,1.0,0.0,1.0,0.0,7.715516494299707e-18,3744.0,1256.0,0.5655286099975153,0.005319139377555079,3744.0,"[4.96815675365831e-17, 1.7795446219177338e-16, 2.3683334422689554e-16, 1.2266581221011994e-16, 6.219562746736753e-17, 3.020146928249863e-16, 1.0280366398454492e-16, 4.22148893560473e-17, 1.4344868905192274e-16, 1.584803763558622e-16, 2.344288218838615e-16, 5.600964818954073e-17, 1.3876003485276942e-16, 5.695114687891484e-17, 2.9546937754582603e-16, 2.0372314533227606e-16, 4.332302496980963e-17, 7.480934468402926e-17, 1.2311591648219829e-16, 1.2110293673175358e-16, 7.643208286880207e-17, 1.1936193690052638e-16, 7.946634289789714e-17, 2.272688605431019e-16, 5.959572611329944e-17, 8.256623137684388e-17, 1.4937319797129954e-16, 1.238443505972532e-16, 1.417503038886761e-16, 1.1116426989509687e-16]","[1.0, 1.0, 1.0, 1.0, 1.0, 1.0, 1.0, 1.0, 1.0, 1.0, 1.0, 1.0, 1.0, 1.0, 1.0, 1.0, 1.0, 1.0, 1.0, 1.0, 1.0, 1.0, 1.0, 1.0, 1.0, 1.0, 1.0, 1.0, 1.0, 1.0]","[0.9999999999999998, 0.9999999999999998, 0.9999999999999998, 0.9999999999999998, 0.9999999999999998, 0.9999999999999998, 0.9999999999999998, 0.9999999999999998, 0.9999999999999998, 0.9999999999999998, 0.9999999999999998, 0.9999999999999998, 0.9999999999999998, 0.9999999999999998, 0.9999999999999998, 0.9999999999999998, 0.9999999999999998, 0.9999999999999998, 0.9999999999999998, 0.9999999999999998, 0.9999999999999998, 0.9999999999999998, 0.9999999999999998, 0.9999999999999998, 0.9999999999999998, 0.9999999999999998, 0.9999999999999998, 0.9999999999999998, 0.9999999999999998, 0.9999999999999998]","[1.0, 1.0, 1.0, 1.0, 1.0, 1.0, 1.0, 1.0, 1.0, 1.0, 1.0, 1.0, 1.0, 1.0, 1.0, 1.0, 1.0, 1.0, 1.0, 1.0, 1.0, 1.0, 1.0, 1.0, 1.0, 1.0, 1.0, 1.0, 1.0, 1.0]","[1.0, 1.0, 1.0, 1.0, 1.0, 1.0, 1.0, 1.0, 1.0, 1.0, 1.0, 1.0, 1.0, 1.0, 1.0, 1.0, 1.0, 1.0, 1.0, 1.0, 1.0, 1.0, 1.0, 1.0, 1.0, 1.0, 1.0, 1.0, 1.0, 1.0]"
california,ridge,5000,4,8,abc_shap,A1,0.2496,1.770879962473613e-15,1.287988387163941e-15,2.2135999530920164e-16,1.6099854839549263e-16,1.344188601491936e-15,2.273219425623204e-15,,1.0,0.0,1.0,1.0,0.9999999999999998,0.0,1.0,0.0,1.0,0.0,1.0187311654033956e-16,1248.0,3752.0,0.5613437566692786,0.03551267048022419,1248.0,"[1.1351014389546851e-15, 6.363114652106747e-16, 2.2734259172042315e-15, 2.386832802085068e-15, 1.8812693320203402e-15, 5.820417415500708e-16, 9.5263147849367e-16, 1.2111258240373619e-15, 1.0838518419117497e-15, 6.629121028440389e-15, 5.910701804749601e-16, 2.432128751845048e-15, 2.5444852425255584e-15, 2.081773518309599e-15, 4.9645247350493815e-16, 1.8032143986554532e-15, 1.324929691964166e-15, 6.253680857471298e-16, 4.438882270520629e-15, 1.1926149960097853e-15, 1.9509687594185516e-15, 2.765765318794159e-15, 1.8508082308745333e-15, 2.300277122236522e-15, 1.830892389063576e-15, 2.8076471426364058e-15, 3.4342214923623717e-16, 2.3264880425661314e-16, 7.638746092270668e-16, 1.9774618689992294e-15]","[1.0, 1.0, 1.0, 1.0, 1.0, 1.0, 1.0, 1.0, 1.0, 1.0, 1.0, 1.0, 1.0, 1.0, 1.0, 1.0, 1.0, 1.0, 1.0, 1.0, 1.0, 1.0, 1.0, 1.0, 1.0, 1.0, 1.0, 1.0, 1.0, 1.0]","[0.9999999999999998, 0.9999999999999998, 0.9999999999999998, 0.9999999999999998, 0.9999999999999998, 0.9999999999999998, 0.9999999999999998, 0.9999999999999998, 0.9999999999999998, 0.9999999999999998, 0.9999999999999998, 0.9999999999999998, 0.9999999999999998, 0.9999999999999998, 0.9999999999999998, 0.9999999999999998, 0.9999999999999998, 0.9999999999999998, 0.9999999999999998, 0.9999999999999998, 0.9999999999999998, 0.9999999999999998, 0.9999999999999998, 0.9999999999999998, 0.9999999999999998, 0.9999999999999998, 0.9999999999999998, 0.9999999999999998, 0.9999999999999998, 0.9999999999999998]","[1.0, 1.0, 1.0, 1.0, 1.0, 1.0, 1.0, 1.0, 1.0, 1.0, 1.0, 1.0, 1.0, 1.0, 1.0, 1.0, 1.0, 1.0, 1.0, 1.0, 1.0, 1.0, 1.0, 1.0, 1.0, 1.0, 1.0, 1.0, 1.0, 1.0]","[1.0, 1.0, 1.0, 1.0, 1.0, 1.0, 1.0, 1.0, 1.0, 1.0, 1.0, 1.0, 1.0, 1.0, 1.0, 1.0, 1.0, 1.0, 1.0, 1.0, 1.0, 1.0, 1.0, 1.0, 1.0, 1.0, 1.0, 1.0, 1.0, 1.0]"
california,ridge,5000,4,8,abc_shap,A3,0.7488,2.9644332296672906e-15,1.5400413251911217e-15,3.705541537084113e-16,1.9250516564889021e-16,2.451003831428262e-15,3.5231131926630567e-15,,1.0,0.0,1.0,1.0,0.9999999999999998,0.0,1.0,0.0,1.0,0.0,2.325605089620979e-16,3744.0,1256.0,0.5654673333318594,0.006461126170821383,3744.0,"[1.718954389761749e-15, 8.757896939595215e-16, 4.285610446222442e-15, 4.797187088161799e-15, 2.2918421682474806e-15, 3.615143994219542e-15, 4.6094698104094105e-15, 3.0478299556508778e-15, 3.426163491877923e-15, 9.607347201142421e-16, 1.8963687950889412e-15, 2.9639276038729525e-15, 2.284179766389453e-15, 1.082964536966393e-15, 6.116791357285518e-15, 8.507987127024e-16, 2.8496813208180243e-15, 1.518375067511798e-15, 1.6115817120756227e-15, 4.6546731687075774e-15, 3.8671607959309176e-15, 1.1100614192789919e-15, 4.700203640163406e-15, 1.4466810700944946e-15, 5.313315108753562e-15, 5.7372213175800725e-15, 2.1890169582890707e-15, 3.114576223523453e-15, 4.1331055123007545e-15, 1.86358704406033e-15]","[1.0, 1.0, 1.0, 1.0, 1.0, 1.0, 1.0, 1.0, 1.0, 1.0, 1.0, 1.0, 1.0, 1.0, 1.0, 1.0, 1.0, 1.0, 1.0, 1.0, 1.0, 1.0, 1.0, 1.0, 1.0, 1.0, 1.0, 1.0, 1.0, 1.0]","[0.9999999999999998, 0.9999999999999998, 0.9999999999999998, 0.9999999999999998, 0.9999999999999998, 0.9999999999999998, 0.9999999999999998, 0.9999999999999998, 0.9999999999999998, 0.9999999999999998, 0.9999999999999998, 0.9999999999999998, 0.9999999999999998, 0.9999999999999998, 0.9999999999999998, 0.9999999999999998, 0.9999999999999998, 0.9999999999999998, 0.9999999999999998, 0.9999999999999998, 0.9999999999999998, 0.9999999999999998, 0.9999999999999998, 0.9999999999999998, 0.9999999999999998, 0.9999999999999998, 0.9999999999999998, 0.9999999999999998, 0.9999999999999998, 0.9999999999999998]","[1.0, 1.0, 1.0, 1.0, 1.0, 1.0, 1.0, 1.0, 1.0, 1.0, 1.0, 1.0, 1.0, 1.0, 1.0, 1.0, 1.0, 1.0, 1.0, 1.0, 1.0, 1.0, 1.0, 1.0, 1.0, 1.0, 1.0, 1.0, 1.0, 1.0]","[1.0, 1.0, 1.0, 1.0, 1.0, 1.0, 1.0, 1.0, 1.0, 1.0, 1.0, 1.0, 1.0, 1.0, 1.0, 1.0, 1.0, 1.0, 1.0, 1.0, 1.0, 1.0, 1.0, 1.0, 1.0, 1.0, 1.0, 1.0, 1.0, 1.0]"
california,ridge,5000,5,8,abc_shap,A1,0.2496,5.393913368673097e-16,2.5121295697684495e-16,6.742391710841372e-17,3.140161962210562e-17,4.54224941798358e-16,6.317867838951249e-16,,1.0,0.0,1.0,1.0,0.9999999999999998,0.0,1.0,0.0,1.0,0.0,2.7059574716893884e-17,1248.0,3752.0,0.5562213966642351,0.02616651183264753,1248.0,"[6.360256350251549e-16, 4.607072718552523e-16, 3.819450123942656e-16, 1.1081590128816776e-15, 5.020256325176713e-16, 1.0388847833436439e-15, 4.865905609278473e-16, 7.431092005885833e-16, 3.5716400340551193e-16, 6.00428298843705e-16, 2.1795598824190751e-16, 3.750503148346258e-16, 5.630092433531813e-17, 6.276183982004791e-16, 4.336591033789694e-16, 7.075518321903677e-16, 6.398843442943808e-16, 2.0736451666097132e-16, 3.664935744666985e-16, 2.0981626236566893e-16, 8.861620502002125e-16, 6.294100241382055e-16, 8.617314643033839e-16, 8.595076524753181e-16, 5.227864565996567e-16, 1.6912709347410007e-16, 5.529861042239819e-16, 3.2938366899562794e-16, 5.753990192241299e-16, 6.38511901631975e-16]","[1.0, 1.0, 1.0, 1.0, 1.0, 1.0, 1.0, 1.0, 1.0, 1.0, 1.0, 1.0, 1.0, 1.0, 1.0, 1.0, 1.0, 1.0, 1.0, 1.0, 1.0, 1.0, 1.0, 1.0, 1.0, 1.0, 1.0, 1.0, 1.0, 1.0]","[0.9999999999999998, 0.9999999999999998, 0.9999999999999998, 0.9999999999999998, 0.9999999999999998, 0.9999999999999998, 0.9999999999999998, 0.9999999999999998, 0.9999999999999998, 0.9999999999999998, 0.9999999999999998, 0.9999999999999998, 0.9999999999999998, 0.9999999999999998, 0.9999999999999998, 0.9999999999999998, 0.9999999999999998, 0.9999999999999998, 0.9999999999999998, 0.9999999999999998, 0.9999999999999998, 0.9999999999999998, 0.9999999999999998, 0.9999999999999998, 0.9999999999999998, 0.9999999999999998, 0.9999999999999998, 0.9999999999999998, 0.9999999999999998, 0.9999999999999998]","[1.0, 1.0, 1.0, 1.0, 1.0, 1.0, 1.0, 1.0, 1.0, 1.0, 1.0, 1.0, 1.0, 1.0, 1.0, 1.0, 1.0, 1.0, 1.0, 1.0, 1.0, 1.0, 1.0, 1.0, 1.0, 1.0, 1.0, 1.0, 1.0, 1.0]","[1.0, 1.0, 1.0, 1.0, 1.0, 1.0, 1.0, 1.0, 1.0, 1.0, 1.0, 1.0, 1.0, 1.0, 1.0, 1.0, 1.0, 1.0, 1.0, 1.0, 1.0, 1.0, 1.0, 1.0, 1.0, 1.0, 1.0, 1.0, 1.0, 1.0]"
california,ridge,5000,5,8,abc_shap,A3,0.7488,9.606734170039286e-16,4.910566522145848e-16,1.2008417712549108e-16,6.13820815268231e-17,7.852648451222272e-16,1.1564784983976968e-15,,1.0,0.0,1.0,1.0,0.9999999999999998,0.0,1.0,0.0,1.0,0.0,7.35284078744857e-17,3744.0,1256.0,0.5853248266716643,0.03898571073028951,3744.0,"[1.4847577324828546e-15, 5.263543212694543e-16, 5.468617602219327e-16, 1.2262137470754023e-15, 2.226109384033676e-16, 6.905373217277674e-16, 9.767298744458312e-16, 9.766978009112604e-16, 8.117901177718197e-16, 1.2488488544501872e-15, 5.61575650932068e-16, 1.1189772615773702e-15, 7.650763706492152e-16, 3.9400936705287993e-16, 6.673336169425931e-16, 6.112112502790624e-16, 2.8665923722831507e-16, 1.1037380216845328e-15, 1.492537413714983e-15, 6.516094816826386e-16, 1.7972948933147817e-15, 1.2787969480162804e-15, 2.0037116307610473e-15, 9.000995599746898e-16, 5.772622694606606e-16, 6.879370974357586e-16, 1.3990764589758608e-15, 2.225151441099234e-15, 1.1393240742285039e-15, 4.474179963475034e-16]","[1.0, 1.0, 1.0, 1.0, 1.0, 1.0, 1.0, 1.0, 1.0, 1.0, 1.0, 1.0, 1.0, 1.0, 1.0, 1.0, 1.0, 1.0, 1.0, 1.0, 1.0, 1.0, 1.0, 1.0, 1.0, 1.0, 1.0, 1.0, 1.0, 1.0]","[0.9999999999999998, 0.9999999999999998, 0.9999999999999998, 0.9999999999999998, 0.9999999999999998, 0.9999999999999998, 0.9999999999999998, 0.9999999999999998, 0.9999999999999998, 0.9999999999999998, 0.9999999999999998, 0.9999999999999998, 0.9999999999999998, 0.9999999999999998, 0.9999999999999998, 0.9999999999999998, 0.9999999999999998, 0.9999999999999998, 0.9999999999999998, 0.9999999999999998, 0.9999999999999998, 0.9999999999999998, 0.9999999999999998, 0.9999999999999998, 0.9999999999999998, 0.9999999999999998, 0.9999999999999998, 0.9999999999999998, 0.9999999999999998, 0.9999999999999998]","[1.0, 1.0, 1.0, 1.0, 1.0, 1.0, 1.0, 1.0, 1.0, 1.0, 1.0, 1.0, 1.0, 1.0, 1.0, 1.0, 1.0, 1.0, 1.0, 1.0, 1.0, 1.0, 1.0, 1.0, 1.0, 1.0, 1.0, 1.0, 1.0, 1.0]","[1.0, 1.0, 1.0, 1.0, 1.0, 1.0, 1.0, 1.0, 1.0, 1.0, 1.0, 1.0, 1.0, 1.0, 1.0, 1.0, 1.0, 1.0, 1.0, 1.0, 1.0, 1.0, 1.0, 1.0, 1.0, 1.0, 1.0, 1.0, 1.0, 1.0]"
california,ridge,5000,6,8,abc_shap,A1,0.2496,1.2536522275160445e-16,8.021690802369419e-17,1.5670652843950556e-17,1.0027113502961774e-17,9.585215094175308e-17,1.5471306085955871e-16,,1.0,0.0,1.0,1.0,0.9999999999999998,0.0,1.0,0.0,1.0,0.0,7.629773711587736e-18,1248.0,3752.0,0.5517752733411423,0.007015159432453376,1248.0,"[9.805181096923352e-17, 1.5701966307867863e-16, 7.685007928427909e-17, 3.407206964413061e-17, 2.1763145469556246e-16, 1.067939393880008e-17, 3.944891258138963e-17, 1.4521197357566848e-16, 2.2948635583499524e-16, 4.815729063159947e-17, 7.44972188477975e-17, 3.046685675481648e-16, 1.5410859201534039e-16, 1.2205224106338548e-16, 5.1604767605938616e-17, 1.6354841111337082e-16, 1.2715500632303904e-16, 6.229857690508383e-17, 8.816186022585666e-17, 2.128079169023237e-16, 1.6087500959707896e-16, 1.1265358358986066e-16, 2.349319256042577e-16, 1.642054948318657e-16, 2.0476178305233728e-16, 2.968912144990036e-16, 3.5026323404833974e-17, 4.0005576825439515e-17, 3.1188821277535933e-17, 6.290478708128274e-17]","[1.0, 1.0, 1.0, 1.0, 1.0, 1.0, 1.0, 1.0, 1.0, 1.0, 1.0, 1.0, 1.0, 1.0, 1.0, 1.0, 1.0, 1.0, 1.0, 1.0, 1.0, 1.0, 1.0, 1.0, 1.0, 1.0, 1.0, 1.0, 1.0, 1.0]","[0.9999999999999998, 0.9999999999999998, 0.9999999999999998, 0.9999999999999998, 0.9999999999999998, 0.9999999999999998, 0.9999999999999998, 0.9999999999999998, 0.9999999999999998, 0.9999999999999998, 0.9999999999999998, 0.9999999999999998, 0.9999999999999998, 0.9999999999999998, 0.9999999999999998, 0.9999999999999998, 0.9999999999999998, 0.9999999999999998, 0.9999999999999998, 0.9999999999999998, 0.9999999999999998, 0.9999999999999998, 0.9999999999999998, 0.9999999999999998, 0.9999999999999998, 0.9999999999999998, 0.9999999999999998, 0.9999999999999998, 0.9999999999999998, 0.9999999999999998]","[1.0, 1.0, 1.0, 1.0, 1.0, 1.0, 1.0, 1.0, 1.0, 1.0, 1.0, 1.0, 1.0, 1.0, 1.0, 1.0, 1.0, 1.0, 1.0, 1.0, 1.0, 1.0, 1.0, 1.0, 1.0, 1.0, 1.0, 1.0, 1.0, 1.0]","[1.0, 1.0, 1.0, 1.0, 1.0, 1.0, 1.0, 1.0, 1.0, 1.0, 1.0, 1.0, 1.0, 1.0, 1.0, 1.0, 1.0, 1.0, 1.0, 1.0, 1.0, 1.0, 1.0, 1.0, 1.0, 1.0, 1.0, 1.0, 1.0, 1.0]"
california,ridge,5000,6,8,abc_shap,A3,0.7488,1.9125184034730727e-16,9.195531684712272e-17,2.390648004341341e-17,1.149441460589034e-17,1.5708624502467038e-16,2.2448534283838364e-16,,1.0,0.0,1.0,1.0,0.9999999999999998,0.0,1.0,0.0,1.0,0.0,1.5026880252192362e-17,3744.0,1256.0,0.5850488133224038,0.034665002020530404,3744.0,"[2.959065548057143e-16, 2.251959699568272e-16, 2.2405696016247807e-16, 9.929717132706328e-17, 2.4218983126872655e-16, 1.16824901985344e-16, 3.115575643165994e-16, 6.257194742981653e-17, 1.4289156024005215e-16, 1.0948792074819298e-16, 2.406792021787409e-16, 1.5448270137980507e-16, 2.2502924916519965e-16, 6.34262295985222e-17, 2.275217318320264e-16, 1.02806861208873e-16, 3.545180250508184e-16, 3.2477252490696553e-16, 2.37677016875649e-16, 3.125790346973024e-16, 1.0176789368778765e-16, 1.0684188771287437e-16, 3.995562397506715e-17, 2.2371179010115634e-16, 9.304724121053807e-17, 1.80831696087488e-16, 1.3103512752430428e-16, 3.6893198288118543e-16, 1.4806991472528459e-16, 2.6988909337881575e-16]","[1.0, 1.0, 1.0, 1.0, 1.0, 1.0, 1.0, 1.0, 1.0, 1.0, 1.0, 1.0, 1.0, 1.0, 1.0, 1.0, 1.0, 1.0, 1.0, 1.0, 1.0, 1.0, 1.0, 1.0, 1.0, 1.0, 1.0, 1.0, 1.0, 1.0]","[0.9999999999999998, 0.9999999999999998, 0.9999999999999998, 0.9999999999999998, 0.9999999999999998, 0.9999999999999998, 0.9999999999999998, 0.9999999999999998, 0.9999999999999998, 0.9999999999999998, 0.9999999999999998, 0.9999999999999998, 0.9999999999999998, 0.9999999999999998, 0.9999999999999998, 0.9999999999999998, 0.9999999999999998, 0.9999999999999998, 0.9999999999999998, 0.9999999999999998, 0.9999999999999998, 0.9999999999999998, 0.9999999999999998, 0.9999999999999998, 0.9999999999999998, 0.9999999999999998, 0.9999999999999998, 0.9999999999999998, 0.9999999999999998, 0.9999999999999998]","[1.0, 1.0, 1.0, 1.0, 1.0, 1.0, 1.0, 1.0, 1.0, 1.0, 1.0, 1.0, 1.0, 1.0, 1.0, 1.0, 1.0, 1.0, 1.0, 1.0, 1.0, 1.0, 1.0, 1.0, 1.0, 1.0, 1.0, 1.0, 1.0, 1.0]","[1.0, 1.0, 1.0, 1.0, 1.0, 1.0, 1.0, 1.0, 1.0, 1.0, 1.0, 1.0, 1.0, 1.0, 1.0, 1.0, 1.0, 1.0, 1.0, 1.0, 1.0, 1.0, 1.0, 1.0, 1.0, 1.0, 1.0, 1.0, 1.0, 1.0]"
california,ridge,5000,7,8,abc_shap,A1,0.2496,3.128664868155417e-17,2.373492713957409e-17,3.910831085194271e-18,2.9668658924467612e-18,2.355273016520682e-17,3.9823549177511644e-17,,1.0,0.0,1.0,1.0,0.9999999999999998,0.0,1.0,0.0,1.0,0.0,2.2224557409637697e-18,1248.0,3752.0,0.6206280033317549,0.07250322399506903,1248.0,"[2.157282247306654e-17, 1.832758830812808e-17, 1.859044525219564e-17, 4.04888351362856e-17, 2.1498313055141797e-17, 3.3110985500241683e-17, 4.3172149319067483e-17, 4.9310251204796456e-17, 5.302021289449246e-18, 9.370038488041706e-18, 1.2569121234773136e-16, 1.9838421792331962e-17, 3.466142034023777e-17, 2.7525077295448644e-17, 2.2574511484939538e-17, 4.300791025855115e-17, 1.785601063336409e-17, 3.484304650952811e-18, 2.9251706016353817e-17, 3.720461997514442e-17, 1.3323648028335947e-17, 7.510429359380435e-17, 1.6046083458639278e-17, 5.4480317094146753e-17, 1.3692366586743465e-17, 2.93894586771158e-17, 1.2730830562158549e-17, 5.300669293005105e-17, 3.350486990976161e-17, 1.5482254784398458e-17]","[1.0, 1.0, 1.0, 1.0, 1.0, 1.0, 1.0, 1.0, 1.0, 1.0, 1.0, 1.0, 1.0, 1.0, 1.0, 1.0, 1.0, 1.0, 1.0, 1.0, 1.0, 1.0, 1.0, 1.0, 1.0, 1.0, 1.0, 1.0, 1.0, 1.0]","[0.9999999999999998, 0.9999999999999998, 0.9999999999999998, 0.9999999999999998, 0.9999999999999998, 0.9999999999999998, 0.9999999999999998, 0.9999999999999998, 0.9999999999999998, 0.9999999999999998, 0.9999999999999998, 0.9999999999999998, 0.9999999999999998, 0.9999999999999998, 0.9999999999999998, 0.9999999999999998, 0.9999999999999998, 0.9999999999999998, 0.9999999999999998, 0.9999999999999998, 0.9999999999999998, 0.9999999999999998, 0.9999999999999998, 0.9999999999999998, 0.9999999999999998, 0.9999999999999998, 0.9999999999999998, 0.9999999999999998, 0.9999999999999998, 0.9999999999999998]","[1.0, 1.0, 1.0, 1.0, 1.0, 1.0, 1.0, 1.0, 1.0, 1.0, 1.0, 1.0, 1.0, 1.0, 1.0, 1.0, 1.0, 1.0, 1.0, 1.0, 1.0, 1.0, 1.0, 1.0, 1.0, 1.0, 1.0, 1.0, 1.0, 1.0]","[1.0, 1.0, 1.0, 1.0, 1.0, 1.0, 1.0, 1.0, 1.0, 1.0, 1.0, 1.0, 1.0, 1.0, 1.0, 1.0, 1.0, 1.0, 1.0, 1.0, 1.0, 1.0, 1.0, 1.0, 1.0, 1.0, 1.0, 1.0, 1.0, 1.0]"
california,ridge,5000,7,8,abc_shap,A3,0.7488,7.38819569240774e-17,5.5215999400932045e-17,9.235244615509675e-18,6.901999925116506e-18,5.5160604488676084e-17,9.408852730156246e-17,,1.0,0.0,1.0,1.0,0.9999999999999998,0.0,1.0,0.0,1.0,0.0,7.579294601616117e-18,3744.0,1256.0,0.6652983000036329,0.016169045294007214,3744.0,"[5.2505487155051754e-17, 4.764014768671554e-17, 7.727192720008183e-18, 8.259266218033329e-17, 2.1145604702350354e-16, 1.1364791538562592e-17, 9.812855361057095e-17, 9.430692412477376e-17, 1.1766048182279327e-16, 2.1068532877654754e-17, 2.99607559703909e-17, 6.191902194675474e-18, 1.4322877275922047e-16, 5.490367749963832e-17, 2.4485771382281514e-17, 3.6947573435631707e-17, 3.5861355842603837e-17, 7.121202294385398e-17, 1.0536068229788998e-16, 7.033563906822974e-17, 4.457275363086522e-17, 5.4229041005371536e-17, 8.243961262302432e-17, 8.280291307946984e-17, 1.7536977546136273e-16, 1.998991092835037e-16, 1.5107576288168565e-16, 7.062176781541458e-18, 5.2601826131327554e-17, 4.346676270978615e-17]","[1.0, 1.0, 1.0, 1.0, 1.0, 1.0, 1.0, 1.0, 1.0, 1.0, 1.0, 1.0, 1.0, 1.0, 1.0, 1.0, 1.0, 1.0, 1.0, 1.0, 1.0, 1.0, 1.0, 1.0, 1.0, 1.0, 1.0, 1.0, 1.0, 1.0]","[0.9999999999999998, 0.9999999999999998, 0.9999999999999998, 0.9999999999999998, 0.9999999999999998, 0.9999999999999998, 0.9999999999999998, 0.9999999999999998, 0.9999999999999998, 0.9999999999999998, 0.9999999999999998, 0.9999999999999998, 0.9999999999999998, 0.9999999999999998, 0.9999999999999998, 0.9999999999999998, 0.9999999999999998, 0.9999999999999998, 0.9999999999999998, 0.9999999999999998, 0.9999999999999998, 0.9999999999999998, 0.9999999999999998, 0.9999999999999998, 0.9999999999999998, 0.9999999999999998, 0.9999999999999998, 0.9999999999999998, 0.9999999999999998, 0.9999999999999998]","[1.0, 1.0, 1.0, 1.0, 1.0, 1.0, 1.0, 1.0, 1.0, 1.0, 1.0, 1.0, 1.0, 1.0, 1.0, 1.0, 1.0, 1.0, 1.0, 1.0, 1.0, 1.0, 1.0, 1.0, 1.0, 1.0, 1.0, 1.0, 1.0, 1.0]","[1.0, 1.0, 1.0, 1.0, 1.0, 1.0, 1.0, 1.0, 1.0, 1.0, 1.0, 1.0, 1.0, 1.0, 1.0, 1.0, 1.0, 1.0, 1.0, 1.0, 1.0, 1.0, 1.0, 1.0, 1.0, 1.0, 1.0, 1.0, 1.0, 1.0]"
california,ridge,5000,8,8,abc_shap,A1,0.2496,6.66756230238795e-15,3.2096753075568983e-15,8.3344528779849375e-16,4.012094134446123e-16,5.538051426541053e-15,7.746668495090521e-15,,1.0,0.0,1.0,1.0,0.9999999999999998,0.0,1.0,0.0,1.0,0.0,3.4680861036918406e-16,1248.0,3752.0,0.6346081266645343,0.014656075104034504,1248.0,"[7.380393637063946e-15, 6.299037465997775e-15, 9.178040296516122e-15, 8.01435742431154e-15, 4.164284302913602e-15, 1.4444808591984462e-14, 2.9644277715525894e-15, 4.537171559155808e-15, 2.7053132111357006e-15, 4.2743131705128085e-15, 9.051494263440791e-15, 1.0806516797849086e-14, 1.1098718826617748e-14, 8.878804682219976e-15, 4.233302868630126e-15, 2.5745053882197087e-15, 8.138954916119017e-15, 5.019282948286993e-15, 2.8207272508534924e-15, 1.0880530463225173e-15, 9.646817158105307e-15, 4.654410160404531e-15, 7.894466485316891e-15, 7.868421711999542e-15, 5.3284143960519036e-15, 6.36963820554021e-15, 2.9675125983986347e-15, 6.08600589525333e-15, 1.2719347887565352e-14, 8.819326153298991e-15]","[1.0, 1.0, 1.0, 1.0, 1.0, 1.0, 1.0, 1.0, 1.0, 1.0, 1.0, 1.0, 1.0, 1.0, 1.0, 1.0, 1.0, 1.0, 1.0, 1.0, 1.0, 1.0, 1.0, 1.0, 1.0, 1.0, 1.0, 1.0, 1.0, 1.0]","[0.9999999999999998, 0.9999999999999998, 0.9999999999999998, 0.9999999999999998, 0.9999999999999998, 0.9999999999999998, 0.9999999999999998, 0.9999999999999998, 0.9999999999999998, 0.9999999999999998, 0.9999999999999998, 0.9999999999999998, 0.9999999999999998, 0.9999999999999998, 0.9999999999999998, 0.9999999999999998, 0.9999999999999998, 0.9999999999999998, 0.9999999999999998, 0.9999999999999998, 0.9999999999999998, 0.9999999999999998, 0.9999999999999998, 0.9999999999999998, 0.9999999999999998, 0.9999999999999998, 0.9999999999999998, 0.9999999999999998, 0.9999999999999998, 0.9999999999999998]","[1.0, 1.0, 1.0, 1.0, 1.0, 1.0, 1.0, 1.0, 1.0, 1.0, 1.0, 1.0, 1.0, 1.0, 1.0, 1.0, 1.0, 1.0, 1.0, 1.0, 1.0, 1.0, 1.0, 1.0, 1.0, 1.0, 1.0, 1.0, 1.0, 1.0]","[1.0, 1.0, 1.0, 1.0, 1.0, 1.0, 1.0, 1.0, 1.0, 1.0, 1.0, 1.0, 1.0, 1.0, 1.0, 1.0, 1.0, 1.0, 1.0, 1.0, 1.0, 1.0, 1.0, 1.0, 1.0, 1.0, 1.0, 1.0, 1.0, 1.0]"
california,ridge,5000,8,8,abc_shap,A3,0.7488,1.0450681587849719e-14,4.691190658201215e-15,1.3063351984812149e-15,5.863988322751519e-16,8.910714953830798e-15,1.2167405189009185e-14,,1.0,0.0,1.0,1.0,0.9999999999999998,0.0,1.0,0.0,1.0,0.0,7.770934147472094e-16,3744.0,1256.0,0.6878825466594815,0.049577421820115306,3744.0,"[8.087608188955454e-15, 1.0793671552451927e-14, 9.809015379824387e-15, 1.850009978389516e-14, 6.436787383438753e-15, 6.961906312331036e-15, 1.7672072416447066e-14, 1.6733804567956923e-14, 9.580329858476346e-15, 1.1451055708349006e-14, 7.218504636400853e-15, 5.016186100876805e-15, 9.119789958459096e-15, 1.7514128634974174e-14, 3.692902593243318e-15, 9.202326388026111e-15, 4.252488271762844e-15, 2.1808315770056504e-14, 3.2223749877316536e-15, 1.2529198457024603e-14, 3.5230403025338655e-15, 1.167366521489407e-14, 9.637067150210484e-15, 1.2938389130905894e-14, 1.133825853121362e-14, 8.631678925597412e-15, 9.684926826409434e-15, 1.66183239920833e-14, 8.323614488741455e-15, 1.1548916122220015e-14]","[1.0, 1.0, 1.0, 1.0, 1.0, 1.0, 1.0, 1.0, 1.0, 1.0, 1.0, 1.0, 1.0, 1.0, 1.0, 1.0, 1.0, 1.0, 1.0, 1.0, 1.0, 1.0, 1.0, 1.0, 1.0, 1.0, 1.0, 1.0, 1.0, 1.0]","[0.9999999999999998, 0.9999999999999998, 0.9999999999999998, 0.9999999999999998, 0.9999999999999998, 0.9999999999999998, 0.9999999999999998, 0.9999999999999998, 0.9999999999999998, 0.9999999999999998, 0.9999999999999998, 0.9999999999999998, 0.9999999999999998, 0.9999999999999998, 0.9999999999999998, 0.9999999999999998, 0.9999999999999998, 0.9999999999999998, 0.9999999999999998, 0.9999999999999998, 0.9999999999999998, 0.9999999999999998, 0.9999999999999998, 0.9999999999999998, 0.9999999999999998, 0.9999999999999998, 0.9999999999999998, 0.9999999999999998, 0.9999999999999998, 0.9999999999999998]","[1.0, 1.0, 1.0, 1.0, 1.0, 1.0, 1.0, 1.0, 1.0, 1.0, 1.0, 1.0, 1.0, 1.0, 1.0, 1.0, 1.0, 1.0, 1.0, 1.0, 1.0, 1.0, 1.0, 1.0, 1.0, 1.0, 1.0, 1.0, 1.0, 1.0]","[1.0, 1.0, 1.0, 1.0, 1.0, 1.0, 1.0, 1.0, 1.0, 1.0, 1.0, 1.0, 1.0, 1.0, 1.0, 1.0, 1.0, 1.0, 1.0, 1.0, 1.0, 1.0, 1.0, 1.0, 1.0, 1.0, 1.0, 1.0, 1.0, 1.0]"
california,ridge,5000,9,8,abc_shap,A1,0.2496,4.566509528229822e-16,2.985342093881701e-16,5.708136910287277e-17,3.7316776173521263e-17,3.5707437680140303e-16,5.737510085130224e-16,,1.0,0.0,1.0,1.0,0.9999999999999998,0.0,1.0,0.0,1.0,0.0,2.920259394448552e-17,1248.0,3752.0,0.6691815400069269,0.04137812518218328,1248.0,"[2.15270067365001e-16, 1.4353363290618487e-16, 3.8851418437708453e-16, 4.507355664769261e-16, 2.610087762704601e-16, 9.918502364451431e-17, 3.464699981689335e-16, 1.223851398805304e-15, 4.2122160228837305e-16, 3.446422037592906e-16, 3.6385275000599483e-16, 6.863610562916895e-16, 3.833258011460411e-16, 8.945450853895713e-16, 2.275982247715451e-16, 3.141736024838384e-16, 2.0397180567211707e-16, 1.8645057425531175e-16, 9.122187676778853e-16, 5.559344419135766e-16, 2.162276547863764e-16, 5.104102423373723e-16, 3.6793316991314244e-16, 4.8875217925983085e-16, 9.543573392108318e-17, 1.2660082937207713e-15, 7.449062688907538e-16, 6.605951334480794e-16, 2.0620571617435905e-16, 5.201896285680564e-16]","[1.0, 1.0, 1.0, 1.0, 1.0, 1.0, 1.0, 1.0, 1.0, 1.0, 1.0, 1.0, 1.0, 1.0, 1.0, 1.0, 1.0, 1.0, 1.0, 1.0, 1.0, 1.0, 1.0, 1.0, 1.0, 1.0, 1.0, 1.0, 1.0, 1.0]","[0.9999999999999998, 0.9999999999999998, 0.9999999999999998, 0.9999999999999998, 0.9999999999999998, 0.9999999999999998, 0.9999999999999998, 0.9999999999999998, 0.9999999999999998, 0.9999999999999998, 0.9999999999999998, 0.9999999999999998, 0.9999999999999998, 0.9999999999999998, 0.9999999999999998, 0.9999999999999998, 0.9999999999999998, 0.9999999999999998, 0.9999999999999998, 0.9999999999999998, 0.9999999999999998, 0.9999999999999998, 0.9999999999999998, 0.9999999999999998, 0.9999999999999998, 0.9999999999999998, 0.9999999999999998, 0.9999999999999998, 0.9999999999999998, 0.9999999999999998]","[1.0, 1.0, 1.0, 1.0, 1.0, 1.0, 1.0, 1.0, 1.0, 1.0, 1.0, 1.0, 1.0, 1.0, 1.0, 1.0, 1.0, 1.0, 1.0, 1.0, 1.0, 1.0, 1.0, 1.0, 1.0, 1.0, 1.0, 1.0, 1.0, 1.0]","[1.0, 1.0, 1.0, 1.0, 1.0, 1.0, 1.0, 1.0, 1.0, 1.0, 1.0, 1.0, 1.0, 1.0, 1.0, 1.0, 1.0, 1.0, 1.0, 1.0, 1.0, 1.0, 1.0, 1.0, 1.0, 1.0, 1.0, 1.0, 1.0, 1.0]"
california,ridge,5000,9,8,abc_shap,A3,0.7488,8.51073570361001e-16,4.930569768695984e-16,1.0638419629512512e-16,6.16321221086998e-17,6.829544134182141e-16,1.0406422996839303e-15,,1.0,0.0,1.0,1.0,0.9999999999999998,0.0,1.0,0.0,1.0,0.0,7.927559504816912e-17,3744.0,1256.0,0.6828778000044016,0.0193419834574273,3744.0,"[6.570329470841553e-16, 6.748212132860581e-16, 7.955204472528176e-16, 2.70697593795064e-16, 1.3824098087066219e-15, 6.6835778755352025e-16, 1.3145104609908677e-15, 1.5980201924761376e-15, 7.213068674838238e-16, 1.5410958392300681e-15, 4.531133758140113e-16, 4.226798288461852e-16, 6.176253784731599e-16, 3.5164875012318125e-16, 2.464300505200072e-15, 1.471675027717197e-15, 4.172076620702604e-16, 1.0236311141791126e-15, 6.922559975200722e-16, 4.227279989667253e-16, 1.1451332317017837e-15, 7.092559799303658e-16, 3.852640436806304e-16, 3.998654228923346e-16, 5.424364871979976e-16, 6.15434638236898e-16, 1.2678225453974026e-15, 1.3440620610500693e-15, 5.451887295442812e-16, 6.171051744291515e-16]","[1.0, 1.0, 1.0, 1.0, 1.0, 1.0, 1.0, 1.0, 1.0, 1.0, 1.0, 1.0, 1.0, 1.0, 1.0, 1.0, 1.0, 1.0, 1.0, 1.0, 1.0, 1.0, 1.0, 1.0, 1.0, 1.0, 1.0, 1.0, 1.0, 1.0]","[0.9999999999999998, 0.9999999999999998, 0.9999999999999998, 0.9999999999999998, 0.9999999999999998, 0.9999999999999998, 0.9999999999999998, 0.9999999999999998, 0.9999999999999998, 0.9999999999999998, 0.9999999999999998, 0.9999999999999998, 0.9999999999999998, 0.9999999999999998, 0.9999999999999998, 0.9999999999999998, 0.9999999999999998, 0.9999999999999998, 0.9999999999999998, 0.9999999999999998, 0.9999999999999998, 0.9999999999999998, 0.9999999999999998, 0.9999999999999998, 0.9999999999999998, 0.9999999999999998, 0.9999999999999998, 0.9999999999999998, 0.9999999999999998, 0.9999999999999998]","[1.0, 1.0, 1.0, 1.0, 1.0, 1.0, 1.0, 1.0, 1.0, 1.0, 1.0, 1.0, 1.0, 1.0, 1.0, 1.0, 1.0, 1.0, 1.0, 1.0, 1.0, 1.0, 1.0, 1.0, 1.0, 1.0, 1.0, 1.0, 1.0, 1.0]","[1.0, 1.0, 1.0, 1.0, 1.0, 1.0, 1.0, 1.0, 1.0, 1.0, 1.0, 1.0, 1.0, 1.0, 1.0, 1.0, 1.0, 1.0, 1.0, 1.0, 1.0, 1.0, 1.0, 1.0, 1.0, 1.0, 1.0, 1.0, 1.0, 1.0]"
california,rf,5000,0,8,abc_shap,A1,0.2496,0.004805186729328158,0.004326467643980999,0.0006006483411660198,0.0005408084554976249,0.0034859617345044096,0.0065433791482782935,,0.9666666666666666,0.03455800167790036,0.9539682539682538,0.9785714285714285,0.9190476190476189,0.07766431633476228,1.0,0.0,0.9266666666666666,0.09637888196533971,0.0005802510913046237,1248.0,3752.0,55.23907073333394,3.3748862765622483,1248.0,"[0.007488292917183108, 0.00031991751110266076, 0.0009270728030173274, 0.012885789384549921, 0.003558282454651236, 0.003066417250702433, 0.009827962948307468, 0.015014180453696518, 0.002129699386372425, 0.006538813241363054, 0.00020091197657167925, 0.007326315854117328, 0.0031056583491171135, 0.0026262941246123625, 0.005046643488852452, 0.0026286749551727743, 0.008795609133835668, 0.006414782683780066, 0.00011974936397596292, 0.004354192764964819, 0.00014523733663706774, 0.008900098794901418, 0.005592004123163793, 0.0032153719847452275, 0.000356872006877938, 0.016163879410197524, 0.0027753447329030667, 0.002132247130547367, 0.00023488572517647982, 0.0022643995887485073]","[0.9047619047619048, 0.9761904761904763, 0.9761904761904763, 0.9047619047619048, 0.9761904761904763, 1.0, 0.9285714285714287, 1.0, 1.0, 1.0, 1.0, 0.9047619047619048, 1.0, 0.9761904761904763, 0.9285714285714287, 1.0, 1.0, 0.9285714285714287, 1.0, 0.9047619047619048, 1.0, 0.9523809523809524, 0.9285714285714287, 1.0, 0.9761904761904763, 1.0, 0.9523809523809524, 0.9523809523809524, 0.9761904761904763, 0.9523809523809524]","[0.7857142857142856, 0.9285714285714285, 0.9285714285714285, 0.7857142857142856, 0.9285714285714285, 0.9999999999999998, 0.8571428571428571, 0.9999999999999998, 0.9999999999999998, 0.9999999999999998, 0.9999999999999998, 0.7857142857142856, 0.9999999999999998, 0.9285714285714285, 0.8571428571428571, 0.9999999999999998, 0.9999999999999998, 0.8571428571428571, 0.9999999999999998, 0.7857142857142856, 0.9999999999999998, 0.8571428571428571, 0.8571428571428571, 0.9999999999999998, 0.9285714285714285, 0.9999999999999998, 0.8571428571428571, 0.8571428571428571, 0.9285714285714285, 0.8571428571428571]","[1.0, 1.0, 1.0, 1.0, 1.0, 1.0, 1.0, 1.0, 1.0, 1.0, 1.0, 1.0, 1.0, 1.0, 1.0, 1.0, 1.0, 1.0, 1.0, 1.0, 1.0, 1.0, 1.0, 1.0, 1.0, 1.0, 1.0, 1.0, 1.0, 1.0]","[0.8, 1.0, 1.0, 0.8, 1.0, 1.0, 0.8, 1.0, 1.0, 1.0, 1.0, 0.8, 1.0, 1.0, 0.8, 1.0, 1.0, 0.8, 1.0, 0.8, 1.0, 0.8, 0.8, 1.0, 1.0, 1.0, 0.8, 1.0, 1.0, 0.8]"
california,rf,5000,0,8,abc_shap,A3,0.7488,0.0034487103569248935,0.0034858458278653904,0.0004310887946156117,0.0004357307284831738,0.002219837099700812,0.0047337941927286815,,0.9817460317460317,0.025851583293495753,0.9714285714285715,0.9904761904761905,0.9499999999999998,0.06428571428571422,1.0,0.0,0.9666666666666667,0.07453559924999298,0.00042098033288298187,3744.0,1256.0,55.98994759000877,3.266282175584521,3744.0,"[0.00026151772911398453, 0.0015517181469541636, 0.016670394442151307, 0.0023960910274055873, 0.005406118714706984, 0.0014532565049028827, 0.0046360786958206755, 0.006204009670933102, 0.0007983888028456712, 0.0014832258694629891, 0.004712875323263477, 0.0020103109778975043, 0.00030757403765679074, 0.008941896639902965, 0.0015265306130442546, 0.004728948029456504, 0.0003109397851202589, 0.004462269769922317, 0.0010676497568850101, 0.0026863897088223124, 0.007356585571351947, 0.0018482241876750095, 0.004013114976502833, 0.0004809702944467206, 0.0063466429810403605, 0.00017791236761611551, 0.007669063338890846, 0.0027103579699312443, 8.012458299314772e-05, 0.0011621301910298338]","[1.0, 0.9761904761904763, 1.0, 1.0, 0.9047619047619048, 0.9761904761904763, 1.0, 0.9761904761904763, 0.9761904761904763, 1.0, 0.9761904761904763, 1.0, 1.0, 1.0, 0.9523809523809524, 0.9047619047619048, 1.0, 1.0, 0.9761904761904763, 0.9761904761904763, 1.0, 0.9761904761904763, 1.0, 1.0, 0.9523809523809524, 0.9761904761904763, 1.0, 0.9523809523809524, 1.0, 1.0]","[0.9999999999999998, 0.9285714285714285, 0.9999999999999998, 0.9999999999999998, 0.7857142857142856, 0.9285714285714285, 0.9999999999999998, 0.9285714285714285, 0.9285714285714285, 0.9999999999999998, 0.9285714285714285, 0.9999999999999998, 0.9999999999999998, 0.9999999999999998, 0.8571428571428571, 0.7857142857142856, 0.9999999999999998, 0.9999999999999998, 0.9285714285714285, 0.9285714285714285, 0.9999999999999998, 0.9285714285714285, 0.9999999999999998, 0.9999999999999998, 0.8571428571428571, 0.9285714285714285, 0.9999999999999998, 0.8571428571428571, 0.9999999999999998, 0.9999999999999998]","[1.0, 1.0, 1.0, 1.0, 1.0, 1.0, 1.0, 1.0, 1.0, 1.0, 1.0, 1.0, 1.0, 1.0, 1.0, 1.0, 1.0, 1.0, 1.0, 1.0, 1.0, 1.0, 1.0, 1.0, 1.0, 1.0, 1.0, 1.0, 1.0, 1.0]","[1.0, 1.0, 1.0, 1.0, 0.8, 1.0, 1.0, 0.8, 1.0, 1.0, 1.0, 1.0, 1.0, 1.0, 0.8, 0.8, 1.0, 1.0, 1.0, 1.0, 1.0, 1.0, 1.0, 1.0, 0.8, 1.0, 1.0, 1.0, 1.0, 1.0]"
california,rf,5000,1,8,abc_shap,A1,0.2496,0.002388557724521364,0.0022325487051750486,0.0002985697155651705,0.00027906858814688107,0.0016102748004307894,0.0032787748166230525,,0.9698412698412696,0.03007507193888318,0.9595238095238094,0.9801587301587301,0.9238095238095234,0.06632565846278149,0.9555555555555555,0.11331154474650634,0.9866666666666667,0.04988876515698587,0.0002726693282406041,1248.0,3752.0,54.39820860000521,2.6785826720658696,1248.0,"[0.0009124081864515173, 0.005694659890804322, 0.006151631701403027, 0.0006495007046760508, 0.00253111469404756, 0.00023910815876986775, 0.007306590165712254, 0.0005532425499567451, 0.004227433108666205, 0.005527983104142866, 0.0002743265961131953, 0.001688141343601539, 0.004025753802484109, 0.004678631988018468, 0.00160086268243992, 0.0008729116731744913, 0.0006127369246429657, 0.001653646056264475, 0.00029011223779366305, 0.00025186792533154123, 0.00018929263812159683, 0.002917613352499608, 0.001146671326081814, 0.007655895028663249, 0.003456359004835886, 0.0003238863071515211, 0.0018545644654193753, 0.001204878345287632, 0.002709881492265439, 0.0004550262808200021]","[1.0, 0.9047619047619048, 0.9047619047619048, 1.0, 0.9285714285714287, 1.0, 0.9523809523809524, 1.0, 0.9761904761904763, 0.9047619047619048, 1.0, 0.9761904761904763, 0.9761904761904763, 0.9285714285714287, 0.9761904761904763, 0.9761904761904763, 1.0, 0.9285714285714287, 1.0, 1.0, 1.0, 0.9761904761904763, 0.9761904761904763, 0.9523809523809524, 0.9761904761904763, 0.9761904761904763, 0.9761904761904763, 0.9761904761904763, 0.9761904761904763, 0.9761904761904763]","[0.9999999999999998, 0.7857142857142856, 0.7857142857142856, 0.9999999999999998, 0.8571428571428571, 0.9999999999999998, 0.8571428571428571, 0.9999999999999998, 0.9285714285714285, 0.7857142857142856, 0.9999999999999998, 0.9285714285714285, 0.9285714285714285, 0.8571428571428571, 0.9285714285714285, 0.9285714285714285, 0.9999999999999998, 0.8571428571428571, 0.9999999999999998, 0.9999999999999998, 0.9999999999999998, 0.9285714285714285, 0.9285714285714285, 0.8571428571428571, 0.9285714285714285, 0.9285714285714285, 0.9285714285714285, 0.9285714285714285, 0.9285714285714285, 0.9285714285714285]","[1.0, 1.0, 1.0, 1.0, 0.6666666666666666, 1.0, 1.0, 1.0, 1.0, 1.0, 1.0, 1.0, 1.0, 0.6666666666666666, 1.0, 1.0, 1.0, 0.6666666666666666, 1.0, 1.0, 1.0, 1.0, 0.6666666666666666, 1.0, 1.0, 1.0, 1.0, 1.0, 1.0, 1.0]","[1.0, 1.0, 1.0, 1.0, 1.0, 1.0, 0.8, 1.0, 1.0, 1.0, 1.0, 1.0, 1.0, 1.0, 1.0, 1.0, 1.0, 1.0, 1.0, 1.0, 1.0, 1.0, 1.0, 0.8, 1.0, 1.0, 1.0, 1.0, 1.0, 1.0]"
california,rf,5000,1,8,abc_shap,A3,0.7488,0.00203928652704149,0.0016044344040064477,0.00025491081588018623,0.00020055430050080597,0.001509043789834911,0.0026393935132808513,,0.9738095238095237,0.023287937700192357,0.965079365079365,0.9817460317460316,0.9309523809523809,0.053716734155611734,0.9555555555555556,0.11331154474650636,1.0,0.0,0.0002227840373789611,3744.0,1256.0,56.612087659999574,2.996568425102795,3744.0,"[0.0034710565546757486, 0.000520951914019345, 0.0002792051208243584, 0.0016419137304759682, 0.0002456124690167049, 0.001471325312099633, 0.0009909736041632377, 0.0032918854353184714, 0.004165010639957968, 0.002057230401181156, 6.714148064679545e-05, 0.001756516869091183, 0.0010184008513046475, 0.002274050391133159, 0.00014985118821055944, 0.0012507910501427047, 0.005918495394584691, 0.0018827174957306836, 0.0006114929817788261, 0.00020962247757583738, 0.0019201687302873173, 0.0030517650954272452, 0.004939363492851116, 0.0007694135187493669, 0.0022995085077639663, 0.003810871350333966, 0.0026252285440773017, 0.0030544308131952975, 0.0002057702475401026, 0.005227830149087339]","[0.9761904761904763, 0.9761904761904763, 1.0, 0.9761904761904763, 1.0, 1.0, 0.9761904761904763, 0.9761904761904763, 0.9761904761904763, 0.9761904761904763, 1.0, 0.9285714285714287, 1.0, 0.9761904761904763, 1.0, 0.9761904761904763, 0.9523809523809524, 0.9523809523809524, 0.9761904761904763, 1.0, 0.9761904761904763, 0.9523809523809524, 0.9285714285714287, 1.0, 0.9761904761904763, 0.9285714285714287, 0.9523809523809524, 0.9761904761904763, 1.0, 0.9285714285714287]","[0.9285714285714285, 0.9285714285714285, 0.9999999999999998, 0.9285714285714285, 0.9999999999999998, 0.9999999999999998, 0.9285714285714285, 0.9285714285714285, 0.9285714285714285, 0.9285714285714285, 0.9999999999999998, 0.8571428571428571, 0.9999999999999998, 0.9285714285714285, 0.9999999999999998, 0.9285714285714285, 0.8571428571428571, 0.8571428571428571, 0.9285714285714285, 0.9999999999999998, 0.9285714285714285, 0.8571428571428571, 0.8571428571428571, 0.9999999999999998, 0.9285714285714285, 0.8571428571428571, 0.8571428571428571, 0.9285714285714285, 0.9999999999999998, 0.8571428571428571]","[1.0, 1.0, 1.0, 1.0, 1.0, 1.0, 1.0, 1.0, 1.0, 1.0, 1.0, 0.6666666666666666, 1.0, 1.0, 1.0, 1.0, 1.0, 1.0, 1.0, 1.0, 1.0, 1.0, 0.6666666666666666, 1.0, 1.0, 0.6666666666666666, 1.0, 1.0, 1.0, 0.6666666666666666]","[1.0, 1.0, 1.0, 1.0, 1.0, 1.0, 1.0, 1.0, 1.0, 1.0, 1.0, 1.0, 1.0, 1.0, 1.0, 1.0, 1.0, 1.0, 1.0, 1.0, 1.0, 1.0, 1.0, 1.0, 1.0, 1.0, 1.0, 1.0, 1.0, 1.0]"
california,rf,5000,2,8,abc_shap,A1,0.2496,0.042043894651780926,0.04337804200998792,0.005255486831472616,0.00542225525124849,0.0272061266106451,0.0589562696672507,,0.9087301587301587,0.08134436687114802,0.8785714285714287,0.9365079365079365,0.8166666666666665,0.1299965113782733,1.0,0.0,0.8666666666666669,0.09428090415820632,0.005246608669495157,1248.0,3752.0,54.22884397000113,4.088312400051306,1248.0,"[0.015615902578112658, 0.03639243469934335, 0.007408670199089585, 0.014159842142767538, 0.022342538624420975, 0.10272092458576167, 0.058143308584365234, 0.02006330927374382, 0.05529710482158598, 0.043383972713461096, 0.04273522015679995, 0.12773966804643272, 0.07460284747518862, 0.010111925748892775, 0.002362760858442187, 0.006773437086465264, 0.0017554550042049697, 0.009244803259274023, 0.1120980718974201, 0.015646684993170342, 0.0020133380527121002, 0.014016846608410825, 0.06510758965936898, 0.12901508884307378, 0.015357290684294802, 0.020074131580837457, 0.0033181733138250126, 0.07626892692979029, 0.0040781147126714885, 0.15346845641950035]","[0.9761904761904763, 0.9761904761904763, 0.9285714285714287, 0.8571428571428572, 0.8095238095238096, 0.7857142857142858, 0.9047619047619048, 0.9761904761904763, 0.7857142857142858, 0.9523809523809524, 1.0, 0.9523809523809524, 0.7619047619047621, 0.9523809523809524, 0.9285714285714287, 0.9761904761904763, 1.0, 0.9761904761904763, 0.7619047619047621, 0.9761904761904763, 0.9523809523809524, 0.9285714285714287, 0.9523809523809524, 0.8095238095238096, 0.9761904761904763, 0.9761904761904763, 0.9285714285714287, 0.7619047619047621, 0.9523809523809524, 0.7857142857142858]","[0.9285714285714285, 0.9285714285714285, 0.8571428571428571, 0.7142857142857142, 0.6428571428571428, 0.6428571428571428, 0.7857142857142856, 0.9285714285714285, 0.6428571428571428, 0.8571428571428571, 0.9999999999999998, 0.8571428571428571, 0.5714285714285714, 0.8571428571428571, 0.8571428571428571, 0.9285714285714285, 0.9999999999999998, 0.9285714285714285, 0.5714285714285714, 0.9285714285714285, 0.8571428571428571, 0.8571428571428571, 0.8571428571428571, 0.7142857142857142, 0.9285714285714285, 0.9285714285714285, 0.8571428571428571, 0.5714285714285714, 0.8571428571428571, 0.6428571428571428]","[1.0, 1.0, 1.0, 1.0, 1.0, 1.0, 1.0, 1.0, 1.0, 1.0, 1.0, 1.0, 1.0, 1.0, 1.0, 1.0, 1.0, 1.0, 1.0, 1.0, 1.0, 1.0, 1.0, 1.0, 1.0, 1.0, 1.0, 1.0, 1.0, 1.0]","[0.8, 1.0, 0.8, 0.8, 0.8, 0.8, 0.8, 1.0, 0.8, 1.0, 1.0, 1.0, 0.8, 0.8, 0.8, 1.0, 1.0, 1.0, 0.8, 1.0, 0.8, 0.8, 1.0, 0.8, 0.8, 0.8, 0.8, 0.8, 0.8, 0.8]"
california,rf,5000,2,8,abc_shap,A3,0.7488,0.022715408861288814,0.026030194565058305,0.0028394261076611018,0.003253774320632288,0.014303407842467466,0.0325120842838846,,0.8849206349206349,0.08973870975909169,0.8507936507936509,0.915873015873016,0.7857142857142858,0.14982983545287873,1.0,0.0,0.8600000000000001,0.09165151389911678,0.0022318069379464503,3744.0,1256.0,52.181309023326804,0.9891865095743702,3744.0,"[0.0016991981614251574, 0.000584099513387284, 0.0026591340972751485, 0.08608519094194746, 0.033849864021584394, 0.004866195516550142, 0.00025223851430310266, 0.02885760609066996, 0.0363210610125574, 0.0061859337585246765, 0.0067481130779345495, 0.002229047404388882, 0.001896958299081847, 0.004930878371954592, 0.08850153988214526, 0.006053147257700304, 0.0010640659254875391, 0.03223746374257513, 0.011477270077796335, 0.05830999393342978, 0.0262789405447131, 0.04797733200652249, 0.006053433603988345, 0.01331312776176663, 0.0007971681254277747, 0.019638816232824843, 0.015660926960393357, 0.0698486565296549, 0.0057988427977525275, 0.06128602167490163]","[1.0, 0.9761904761904763, 1.0, 0.7857142857142858, 0.9523809523809524, 0.8571428571428572, 1.0, 0.7857142857142858, 0.7857142857142858, 0.9047619047619048, 0.9523809523809524, 1.0, 0.9285714285714287, 0.9285714285714287, 0.7619047619047621, 0.9761904761904763, 0.9761904761904763, 0.8095238095238096, 0.8333333333333335, 0.7857142857142858, 0.8095238095238096, 0.9761904761904763, 0.9285714285714287, 0.880952380952381, 0.9761904761904763, 0.7619047619047621, 0.7619047619047621, 0.7619047619047621, 0.9285714285714287, 0.7619047619047621]","[0.9999999999999998, 0.9285714285714285, 0.9999999999999998, 0.6428571428571428, 0.8571428571428571, 0.7857142857142856, 0.9999999999999998, 0.6428571428571428, 0.6428571428571428, 0.7857142857142856, 0.8571428571428571, 0.9999999999999998, 0.8571428571428571, 0.8571428571428571, 0.5714285714285714, 0.9285714285714285, 0.9285714285714285, 0.6428571428571428, 0.7142857142857142, 0.6428571428571428, 0.6428571428571428, 0.9285714285714285, 0.8571428571428571, 0.7857142857142856, 0.9285714285714285, 0.5714285714285714, 0.5714285714285714, 0.5714285714285714, 0.8571428571428571, 0.5714285714285714]","[1.0, 1.0, 1.0, 1.0, 1.0, 1.0, 1.0, 1.0, 1.0, 1.0, 1.0, 1.0, 1.0, 1.0, 1.0, 1.0, 1.0, 1.0, 1.0, 1.0, 1.0, 1.0, 1.0, 1.0, 1.0, 1.0, 1.0, 1.0, 1.0, 1.0]","[1.0, 0.8, 1.0, 0.8, 1.0, 0.8, 1.0, 0.8, 0.8, 0.8, 0.8, 1.0, 0.8, 0.8, 0.8, 1.0, 1.0, 0.8, 0.8, 0.8, 0.8, 1.0, 0.8, 0.8, 1.0, 0.8, 0.8, 0.8, 0.8, 0.8]"
california,rf,5000,3,8,abc_shap,A1,0.2496,0.005399871884016759,0.007009792774014275,0.0006749839855020948,0.0008762240967517844,0.0032940790686661996,0.00818342607081165,,0.8285714285714286,0.16907556218863465,0.765813492063492,0.8857142857142858,0.7476190476190474,0.18783888498396206,0.7888888888888891,0.1606314699422329,0.8866666666666667,0.09910712498212335,0.0006110095391216435,1248.0,3752.0,54.988295199997566,2.3708720720545946,1248.0,"[0.00044351481206056224, 0.003531158071502084, 0.0012251607463146926, 0.00034892832797084935, 0.005253848482119022, 0.010896655532312748, 0.006025554816797578, 0.03188670719916429, 0.010731689996015528, 0.00033604579227718444, 0.005200273896479035, 0.0012101348150697438, 0.0037622342498699825, 0.002056082338555815, 0.0016834821715976294, 0.015085815425759442, 0.002352178270518978, 0.016650458439930262, 0.018503757312483403, 0.003047970877604854, 0.0004716745226724945, 0.005824513999886225, 0.007467836943779741, 0.001631232181388031, 0.0005214296354437031, 0.003631079184332165, 0.0012910799467352675, 0.0002530357092590816, 0.0006090642801697218, 6.355854243261474e-05]","[0.9761904761904763, 0.9285714285714287, 0.9047619047619048, 1.0, 0.9047619047619048, 0.523809523809524, 0.5714285714285715, 0.880952380952381, 0.523809523809524, 1.0, 0.880952380952381, 1.0, 0.7619047619047621, 0.9285714285714287, 0.9047619047619048, 0.5952380952380953, 0.9285714285714287, 0.5952380952380953, 0.6428571428571429, 0.8095238095238096, 0.9761904761904763, 0.5714285714285715, 0.523809523809524, 0.9047619047619048, 0.9761904761904763, 0.7619047619047621, 0.9523809523809524, 0.9761904761904763, 0.9523809523809524, 1.0]","[0.9285714285714285, 0.8571428571428571, 0.7857142857142856, 0.9999999999999998, 0.7857142857142856, 0.42857142857142855, 0.4999999999999999, 0.7142857142857142, 0.42857142857142855, 0.9999999999999998, 0.7142857142857142, 0.9999999999999998, 0.6428571428571428, 0.8571428571428571, 0.7857142857142856, 0.4999999999999999, 0.8571428571428571, 0.4999999999999999, 0.5714285714285714, 0.7142857142857142, 0.9285714285714285, 0.4999999999999999, 0.42857142857142855, 0.7857142857142856, 0.9285714285714285, 0.6428571428571428, 0.8571428571428571, 0.9285714285714285, 0.8571428571428571, 0.9999999999999998]","[0.6666666666666666, 1.0, 0.6666666666666666, 1.0, 1.0, 0.6666666666666666, 0.6666666666666666, 1.0, 0.6666666666666666, 1.0, 1.0, 1.0, 0.6666666666666666, 1.0, 0.6666666666666666, 0.6666666666666666, 1.0, 0.6666666666666666, 0.6666666666666666, 0.6666666666666666, 0.6666666666666666, 0.6666666666666666, 0.6666666666666666, 0.6666666666666666, 0.6666666666666666, 0.6666666666666666, 0.6666666666666666, 1.0, 0.6666666666666666, 1.0]","[1.0, 0.8, 1.0, 1.0, 0.8, 0.8, 0.8, 0.8, 0.8, 1.0, 0.8, 1.0, 0.8, 0.8, 1.0, 0.8, 0.8, 0.8, 0.8, 0.8, 1.0, 0.8, 0.8, 1.0, 1.0, 0.8, 1.0, 1.0, 1.0, 1.0]"
california,rf,5000,3,8,abc_shap,A3,0.7488,0.006206670810370064,0.005268185749299751,0.000775833851296258,0.0006585232186624688,0.004389579292997806,0.008022899340795095,,0.7833333333333333,0.1592867226579703,0.7253968253968256,0.8349404761904763,0.7023809523809523,0.17504453595916952,0.7888888888888891,0.1606314699422329,0.8466666666666668,0.08459051693633012,0.0006891409534480194,3744.0,1256.0,58.132208100003965,4.006484705141293,3744.0,"[0.0015889336244039967, 0.005733948463176835, 0.0003164040791224679, 0.00893285655114226, 0.011890964938002931, 0.00023051241595200894, 0.012521672584754489, 0.0040208033745187085, 0.00028340356293818966, 0.004918637835657242, 0.01868492583586928, 0.011520991210274206, 0.006697767502413849, 0.0032991418372071623, 0.01697703596947288, 0.0014724089827016138, 0.008467573590516439, 0.008788776405126856, 0.0035565112401263637, 0.011363987213028963, 0.0005744211606250618, 0.0027532352754903538, 0.012842882449561933, 0.010991970109465054, 0.004117683896340017, 0.0013665025519099506, 0.0012456344632870014, 0.010050982229251047, 0.00036416982247157437, 0.0006253851362931927]","[0.9047619047619048, 0.5952380952380953, 0.9761904761904763, 0.5714285714285715, 0.8095238095238096, 1.0, 0.5714285714285715, 0.7619047619047621, 1.0, 0.6904761904761906, 0.6428571428571429, 0.9047619047619048, 0.5714285714285715, 0.7619047619047621, 0.5952380952380953, 0.9285714285714287, 0.6428571428571429, 0.7380952380952381, 0.9047619047619048, 0.880952380952381, 0.9285714285714287, 0.7619047619047621, 0.5714285714285715, 0.7380952380952381, 0.6428571428571429, 0.9285714285714287, 0.9761904761904763, 0.523809523809524, 1.0, 0.9761904761904763]","[0.7857142857142856, 0.4999999999999999, 0.9285714285714285, 0.4999999999999999, 0.7142857142857142, 0.9999999999999998, 0.4999999999999999, 0.6428571428571428, 0.9999999999999998, 0.5714285714285714, 0.5714285714285714, 0.7857142857142856, 0.4999999999999999, 0.6428571428571428, 0.4999999999999999, 0.8571428571428571, 0.5714285714285714, 0.6428571428571428, 0.7857142857142856, 0.7142857142857142, 0.8571428571428571, 0.6428571428571428, 0.4999999999999999, 0.6428571428571428, 0.5714285714285714, 0.8571428571428571, 0.9285714285714285, 0.42857142857142855, 0.9999999999999998, 0.9285714285714285]","[0.6666666666666666, 0.6666666666666666, 1.0, 0.6666666666666666, 1.0, 1.0, 0.6666666666666666, 0.6666666666666666, 1.0, 0.6666666666666666, 0.6666666666666666, 1.0, 0.6666666666666666, 0.6666666666666666, 0.6666666666666666, 1.0, 0.6666666666666666, 1.0, 0.6666666666666666, 1.0, 0.6666666666666666, 0.6666666666666666, 0.6666666666666666, 1.0, 0.6666666666666666, 0.6666666666666666, 0.6666666666666666, 0.6666666666666666, 1.0, 1.0]","[0.8, 0.8, 0.8, 0.8, 0.8, 1.0, 0.8, 0.8, 1.0, 0.8, 0.8, 0.8, 0.8, 0.8, 0.8, 0.8, 0.8, 0.8, 0.8, 0.8, 1.0, 0.8, 0.8, 0.8, 0.8, 1.0, 1.0, 0.8, 1.0, 1.0]"
california,rf,5000,4,8,abc_shap,A1,0.2496,0.018574384517161376,0.01637315155047613,0.002321798064645172,0.002046643943809516,0.01267431841817452,0.02443790314829755,,0.7944444444444445,0.1383527065271083,0.7452380952380954,0.8460317460317461,0.688095238095238,0.1754327335217966,0.8222222222222223,0.16629588385661964,0.8400000000000002,0.11999999999999998,0.002156095973125047,1248.0,3752.0,54.42880435666884,2.780684852632112,1248.0,"[0.0011832924766897502, 0.03890696830916629, 0.03888029603183672, 0.02786969100767462, 0.0012491677807027312, 0.006167610160779414, 0.045666782793105105, 0.01071574597801054, 0.0009957113856058641, 0.037723456465685985, 0.024320759054529826, 0.009108656755844595, 0.00012733365583144444, 0.03642295702024012, 0.00024537715176374325, 0.003604228400772161, 0.019632680111841407, 0.001576651213245413, 0.023526699066745517, 0.05488448955069942, 0.005445701624170458, 0.0035080237378296774, 0.017055212097271594, 0.03575540541419126, 0.001701461224319055, 0.03932442568437782, 0.02646685038137867, 0.015168870518620318, 0.029423332699791957, 0.0005736977621197462]","[1.0, 0.6904761904761906, 0.7142857142857144, 0.8095238095238096, 0.9761904761904763, 0.8333333333333335, 0.5952380952380953, 0.8571428571428572, 0.9523809523809524, 0.6904761904761906, 0.6904761904761906, 0.8095238095238096, 1.0, 0.6904761904761906, 1.0, 0.8333333333333335, 0.6428571428571429, 0.9761904761904763, 0.5952380952380953, 0.6190476190476191, 0.9047619047619048, 0.9047619047619048, 0.7142857142857144, 0.6904761904761906, 0.9285714285714287, 0.6904761904761906, 0.8095238095238096, 0.6428571428571429, 0.5952380952380953, 0.9761904761904763]","[0.9999999999999998, 0.5714285714285714, 0.6428571428571428, 0.6428571428571428, 0.9285714285714285, 0.7142857142857142, 0.42857142857142855, 0.7142857142857142, 0.8571428571428571, 0.5714285714285714, 0.5714285714285714, 0.6428571428571428, 0.9999999999999998, 0.5714285714285714, 0.9999999999999998, 0.7142857142857142, 0.4999999999999999, 0.9285714285714285, 0.4999999999999999, 0.4999999999999999, 0.7857142857142856, 0.7857142857142856, 0.5714285714285714, 0.5714285714285714, 0.8571428571428571, 0.5714285714285714, 0.6428571428571428, 0.4999999999999999, 0.42857142857142855, 0.9285714285714285]","[1.0, 0.6666666666666666, 0.6666666666666666, 0.6666666666666666, 1.0, 0.6666666666666666, 1.0, 0.6666666666666666, 1.0, 0.6666666666666666, 0.6666666666666666, 0.6666666666666666, 1.0, 0.6666666666666666, 1.0, 1.0, 1.0, 0.6666666666666666, 0.6666666666666666, 1.0, 0.6666666666666666, 0.6666666666666666, 1.0, 0.6666666666666666, 1.0, 0.6666666666666666, 0.6666666666666666, 1.0, 1.0, 1.0]","[1.0, 0.8, 0.8, 0.8, 1.0, 0.8, 0.6, 0.8, 1.0, 0.8, 0.8, 0.8, 1.0, 0.8, 1.0, 0.8, 0.8, 1.0, 0.8, 0.8, 1.0, 1.0, 0.8, 0.8, 0.8, 0.8, 0.8, 0.6, 0.6, 1.0]"
california,rf,5000,4,8,abc_shap,A3,0.7488,0.01463649139587445,0.016007444709894604,0.0018295614244843062,0.0020009305887368255,0.009140521490937822,0.020286899882411447,,0.8301587301587303,0.11095226741143677,0.7936507936507939,0.8698809523809525,0.7119047619047618,0.13737496892144432,0.777777777777778,0.15713484026367724,0.8933333333333333,0.09977753031397174,0.001590699261524223,3744.0,1256.0,53.96935291665917,0.9215318323363874,3744.0,"[0.004198712060649437, 0.0011378350244496528, 0.0008962533792498145, 0.002429332778913721, 0.0391783855597271, 0.03816411470647259, 0.013653684090511535, 0.009746238408784087, 0.03631551780662993, 0.007799714083273442, 0.056785048329544514, 0.04995921218693326, 0.0007650729147631203, 0.020530354125737473, 0.006290428039100665, 0.013767383969909949, 0.001955920078314779, 0.006479520064991757, 0.00398182037863718, 0.00890198087807605, 0.01841677981906874, 0.0023942719585257413, 0.024618164970324707, 0.00268926550954518, 0.004874411502857295, 0.0020276235460411148, 0.007993411024809764, 0.0096935375296578, 0.04216234623494565, 0.0012884009157874913]","[0.9523809523809524, 0.9523809523809524, 0.9523809523809524, 1.0, 0.6904761904761906, 0.6428571428571429, 0.7857142857142858, 0.880952380952381, 0.6904761904761906, 0.9047619047619048, 0.6190476190476191, 0.6904761904761906, 0.9523809523809524, 0.6904761904761906, 0.8333333333333335, 0.8095238095238096, 0.8095238095238096, 0.7857142857142858, 0.880952380952381, 0.880952380952381, 0.7142857142857144, 0.9761904761904763, 0.7619047619047621, 0.9047619047619048, 0.9047619047619048, 0.9047619047619048, 0.8095238095238096, 0.8333333333333335, 0.6904761904761906, 1.0]","[0.8571428571428571, 0.8571428571428571, 0.8571428571428571, 0.9999999999999998, 0.5714285714285714, 0.4999999999999999, 0.6428571428571428, 0.7142857142857142, 0.5714285714285714, 0.7857142857142856, 0.4999999999999999, 0.5714285714285714, 0.8571428571428571, 0.5714285714285714, 0.7142857142857142, 0.6428571428571428, 0.7142857142857142, 0.6428571428571428, 0.7142857142857142, 0.7142857142857142, 0.5714285714285714, 0.9285714285714285, 0.5714285714285714, 0.7857142857142856, 0.7857142857142856, 0.7857142857142856, 0.6428571428571428, 0.7142857142857142, 0.5714285714285714, 0.9999999999999998]","[0.6666666666666666, 0.6666666666666666, 1.0, 1.0, 0.6666666666666666, 0.6666666666666666, 0.6666666666666666, 0.6666666666666666, 0.6666666666666666, 0.6666666666666666, 1.0, 0.6666666666666666, 1.0, 1.0, 0.6666666666666666, 0.6666666666666666, 1.0, 1.0, 0.6666666666666666, 0.6666666666666666, 1.0, 1.0, 0.6666666666666666, 0.6666666666666666, 0.6666666666666666, 0.6666666666666666, 0.6666666666666666, 0.6666666666666666, 0.6666666666666666, 1.0]","[1.0, 1.0, 1.0, 1.0, 0.8, 0.8, 0.8, 1.0, 0.8, 1.0, 0.8, 0.8, 1.0, 0.8, 0.8, 0.8, 0.8, 0.8, 1.0, 1.0, 0.8, 1.0, 0.8, 1.0, 1.0, 1.0, 0.8, 0.8, 0.8, 1.0]"
california,rf,5000,5,8,abc_shap,A1,0.2496,0.002727733741319084,0.0025681824643880944,0.0003409667176648855,0.0003210228080485118,0.0018746412914328614,0.0036704135445797697,,0.8682539682539683,0.10801817638634337,0.8301388888888888,0.9031746031746032,0.7666666666666667,0.1508855192167129,0.8000000000000002,0.16329931618554522,0.9000000000000001,0.11254628677422751,0.00022055869649609462,1248.0,3752.0,55.19803233333708,2.547137329552567,1248.0,"[0.0010002582992989163, 0.005192263641885517, 6.857265614595213e-05, 0.005004855650567873, 0.009679787691065025, 0.0016096249814220615, 0.002250846350841223, 0.009427222156772767, 0.00029778794798425743, 0.0020446508682225896, 0.0022063082638106445, 6.637599062847034e-05, 0.0003479521957510492, 0.00012747700322698465, 0.00440023602372092, 0.00032019783194226723, 0.002467079825850445, 0.0012616044952007744, 0.0015173640137904872, 0.004944347119761844, 0.005297698687853974, 0.0014684576193679042, 0.0031758686402343825, 0.005713014919603284, 5.3044887133988505e-05, 0.0029949579659155623, 0.0007684931919047597, 0.0029730731351945046, 0.0003349463832543541, 0.004817643801219732]","[0.9761904761904763, 0.7857142857142858, 1.0, 0.7857142857142858, 0.5476190476190477, 0.9047619047619048, 0.9285714285714287, 0.6666666666666669, 0.9523809523809524, 0.8571428571428572, 0.9761904761904763, 1.0, 0.9523809523809524, 1.0, 0.7857142857142858, 0.9047619047619048, 0.7857142857142858, 0.9285714285714287, 0.9047619047619048, 0.7857142857142858, 0.7857142857142858, 0.9047619047619048, 0.7857142857142858, 0.7857142857142858, 1.0, 0.8571428571428572, 0.9761904761904763, 0.7857142857142858, 0.9523809523809524, 0.7857142857142858]","[0.9285714285714285, 0.6428571428571428, 0.9999999999999998, 0.6428571428571428, 0.42857142857142855, 0.7857142857142856, 0.8571428571428571, 0.4999999999999999, 0.8571428571428571, 0.7142857142857142, 0.9285714285714285, 0.9999999999999998, 0.8571428571428571, 0.9999999999999998, 0.6428571428571428, 0.7857142857142856, 0.6428571428571428, 0.8571428571428571, 0.7857142857142856, 0.6428571428571428, 0.6428571428571428, 0.7857142857142856, 0.6428571428571428, 0.6428571428571428, 0.9999999999999998, 0.7142857142857142, 0.9285714285714285, 0.6428571428571428, 0.8571428571428571, 0.6428571428571428]","[1.0, 0.6666666666666666, 1.0, 0.6666666666666666, 0.6666666666666666, 0.6666666666666666, 1.0, 0.6666666666666666, 1.0, 0.6666666666666666, 1.0, 1.0, 1.0, 1.0, 0.6666666666666666, 0.6666666666666666, 0.6666666666666666, 1.0, 0.6666666666666666, 0.6666666666666666, 0.6666666666666666, 0.6666666666666666, 0.6666666666666666, 0.6666666666666666, 1.0, 0.6666666666666666, 1.0, 0.6666666666666666, 1.0, 0.6666666666666666]","[1.0, 0.8, 1.0, 0.8, 0.6, 1.0, 1.0, 0.8, 1.0, 0.8, 1.0, 1.0, 1.0, 1.0, 0.8, 1.0, 0.8, 1.0, 1.0, 0.8, 0.8, 1.0, 0.8, 0.8, 1.0, 0.8, 1.0, 0.8, 1.0, 0.8]"
california,rf,5000,5,8,abc_shap,A3,0.7488,0.0024396693009656103,0.002762967041724224,0.0003049586626207013,0.000345370880215528,0.0015324381502984004,0.003476879116305937,,0.8761904761904762,0.1231668300607387,0.8293452380952381,0.9198412698412698,0.7857142857142859,0.15865077379959694,0.8333333333333335,0.16666666666666666,0.9133333333333334,0.12310790208412924,0.00025865800179348847,3744.0,1256.0,53.0444735933328,1.1619366893877214,3744.0,"[0.0017855422595079722, 0.0008415317807771874, 0.006402709029134848, 0.010604386459739042, 0.0017435813408485286, 0.0013314974573521974, 0.0006220003575954264, 0.0006378595383623827, 0.0035101771654284953, 0.00013734786114267695, 0.00035609553447635755, 0.0024246159098607863, 0.0004932380751708593, 0.00013457695140204167, 0.0004110484641164097, 0.0005298197991706574, 0.0002974813145510752, 0.00014370870219206937, 0.0009170255330738513, 0.0034957002777138467, 0.001703026101113543, 0.001706731232503848, 0.0016806110706873805, 0.010200443382344876, 0.0006272454141490255, 0.007068448119597673, 0.0025288029053728194, 0.004795898158087684, 0.0021328894162432875, 0.003926039417251462]","[0.8571428571428572, 0.9285714285714287, 0.7619047619047621, 0.5476190476190477, 0.9285714285714287, 0.9047619047619048, 1.0, 0.9761904761904763, 0.7857142857142858, 1.0, 0.9761904761904763, 0.7857142857142858, 0.9761904761904763, 0.9523809523809524, 0.9761904761904763, 0.9761904761904763, 0.9523809523809524, 1.0, 0.9047619047619048, 0.7857142857142858, 0.9285714285714287, 0.8571428571428572, 0.9285714285714287, 0.5476190476190477, 0.9285714285714287, 0.6904761904761906, 0.8571428571428572, 0.6904761904761906, 0.9285714285714287, 0.9523809523809524]","[0.7142857142857142, 0.8571428571428571, 0.5714285714285714, 0.42857142857142855, 0.8571428571428571, 0.7857142857142856, 0.9999999999999998, 0.9285714285714285, 0.6428571428571428, 0.9999999999999998, 0.9285714285714285, 0.6428571428571428, 0.9285714285714285, 0.8571428571428571, 0.9285714285714285, 0.9285714285714285, 0.8571428571428571, 0.9999999999999998, 0.7857142857142856, 0.6428571428571428, 0.8571428571428571, 0.7142857142857142, 0.8571428571428571, 0.42857142857142855, 0.8571428571428571, 0.5714285714285714, 0.7142857142857142, 0.5714285714285714, 0.8571428571428571, 0.8571428571428571]","[0.6666666666666666, 1.0, 0.6666666666666666, 0.6666666666666666, 1.0, 0.6666666666666666, 1.0, 1.0, 0.6666666666666666, 1.0, 1.0, 0.6666666666666666, 1.0, 1.0, 1.0, 1.0, 1.0, 1.0, 0.6666666666666666, 0.6666666666666666, 1.0, 0.6666666666666666, 1.0, 0.6666666666666666, 0.6666666666666666, 0.6666666666666666, 0.6666666666666666, 0.6666666666666666, 1.0, 0.6666666666666666]","[0.8, 1.0, 0.8, 0.6, 1.0, 1.0, 1.0, 1.0, 0.8, 1.0, 1.0, 0.8, 1.0, 1.0, 1.0, 1.0, 1.0, 1.0, 1.0, 0.8, 1.0, 0.8, 1.0, 0.6, 1.0, 0.8, 0.8, 0.8, 1.0, 1.0]"
california,rf,5000,6,8,abc_shap,A1,0.2496,0.015415791801966188,0.016837601175711002,0.0019269739752457735,0.0021047001469638752,0.009327331678408851,0.021889987626171014,,0.9246031746031745,0.07729441640739737,0.8936507936507936,0.9476587301587301,0.8380952380952377,0.11942796384747095,1.0,0.0,0.9333333333333333,0.10749676997731396,0.0018661207388573423,1248.0,3752.0,53.21943940667164,1.7201623183555201,1248.0,"[0.0012756880236518195, 0.002199836279802412, 0.001451013440418998, 0.00013134889759470686, 0.015880969051763182, 0.0036386678999124214, 0.0026073034207620698, 0.03462985292347733, 0.014003642279438717, 0.005040871462764984, 0.016242763449041693, 0.06316113982084769, 0.002024479874749715, 0.04638362407261266, 0.026762075584688013, 0.042124698361252995, 0.03148496526083322, 0.04672577504314319, 0.010891486996011319, 0.017578151899157953, 0.009190758334918798, 0.0011133841708076118, 0.02836473750817335, 0.0006642479213893949, 0.016547463758311207, 0.0003845068337175206, 0.0015586717112445613, 0.015668835092353808, 0.0043073035249927075, 0.00043549116115156695]","[1.0, 0.9047619047619048, 1.0, 0.9761904761904763, 0.9047619047619048, 0.9047619047619048, 0.9761904761904763, 0.9761904761904763, 1.0, 0.880952380952381, 1.0, 0.5952380952380953, 0.880952380952381, 0.9761904761904763, 0.9761904761904763, 0.9761904761904763, 0.9523809523809524, 0.9523809523809524, 0.9047619047619048, 0.9047619047619048, 0.9523809523809524, 0.9285714285714287, 0.7857142857142858, 0.9047619047619048, 0.9761904761904763, 0.9285714285714287, 0.9047619047619048, 0.9047619047619048, 0.9047619047619048, 0.9047619047619048]","[0.9999999999999998, 0.7857142857142856, 0.9999999999999998, 0.9285714285714285, 0.7857142857142856, 0.7857142857142856, 0.9285714285714285, 0.9285714285714285, 0.9999999999999998, 0.7142857142857142, 0.9999999999999998, 0.42857142857142855, 0.7142857142857142, 0.9285714285714285, 0.9285714285714285, 0.9285714285714285, 0.8571428571428571, 0.8571428571428571, 0.7857142857142856, 0.7857142857142856, 0.8571428571428571, 0.8571428571428571, 0.6428571428571428, 0.7857142857142856, 0.9285714285714285, 0.8571428571428571, 0.7857142857142856, 0.7857142857142856, 0.7857142857142856, 0.7857142857142856]","[1.0, 1.0, 1.0, 1.0, 1.0, 1.0, 1.0, 1.0, 1.0, 1.0, 1.0, 1.0, 1.0, 1.0, 1.0, 1.0, 1.0, 1.0, 1.0, 1.0, 1.0, 1.0, 1.0, 1.0, 1.0, 1.0, 1.0, 1.0, 1.0, 1.0]","[1.0, 1.0, 1.0, 1.0, 1.0, 1.0, 1.0, 0.8, 1.0, 1.0, 1.0, 0.6, 1.0, 0.8, 0.8, 0.8, 0.8, 0.8, 1.0, 1.0, 0.8, 1.0, 0.8, 1.0, 1.0, 1.0, 1.0, 1.0, 1.0, 1.0]"
california,rf,5000,6,8,abc_shap,A3,0.7488,0.01774334239353218,0.017240514073926787,0.0022179177991915227,0.0021550642592408483,0.012215162058173173,0.02382346375586335,,0.9166666666666664,0.0864496672841774,0.8841269841269842,0.9452380952380949,0.8285714285714282,0.13502330360721734,0.9777777777777777,0.08314794192830981,0.9333333333333333,0.10749676997731397,0.0022094442272825284,3744.0,1256.0,53.159290256673316,0.893222893051126,3744.0,"[0.009379113398340463, 0.025926917473916778, 0.010665803534838267, 0.013846566753598563, 0.06648711602742796, 0.015615699073827715, 0.002627558891567564, 0.027320222651106982, 0.017795541524865836, 0.06351650542194669, 0.018142780224071002, 0.001804728694527235, 0.0386820465161745, 0.004941825207717389, 0.006012376067423234, 0.010338330266031315, 0.004215629326158507, 0.025936186420708877, 0.005196286876069019, 0.014188739496312094, 0.026145256106486357, 0.013850937007444298, 0.006450863377834746, 0.002068361995029081, 0.013714396590005078, 0.05624061359204687, 0.01025318072309247, 0.003073696327076238, 0.0031869347074031744, 0.014676057532917251]","[0.9047619047619048, 0.7857142857142858, 0.9761904761904763, 0.9761904761904763, 0.9047619047619048, 1.0, 0.880952380952381, 0.7857142857142858, 1.0, 0.5952380952380953, 0.9047619047619048, 1.0, 0.7857142857142858, 0.9761904761904763, 1.0, 0.9047619047619048, 0.880952380952381, 0.9523809523809524, 1.0, 0.9047619047619048, 0.9761904761904763, 0.9047619047619048, 0.9047619047619048, 0.9761904761904763, 0.9761904761904763, 0.9761904761904763, 0.880952380952381, 0.9047619047619048, 0.9047619047619048, 0.9761904761904763]","[0.7857142857142856, 0.6428571428571428, 0.9285714285714285, 0.9285714285714285, 0.7857142857142856, 0.9999999999999998, 0.7142857142857142, 0.6428571428571428, 0.9999999999999998, 0.42857142857142855, 0.7857142857142856, 0.9999999999999998, 0.6428571428571428, 0.9285714285714285, 0.9999999999999998, 0.7857142857142856, 0.7142857142857142, 0.8571428571428571, 0.9999999999999998, 0.7857142857142856, 0.9285714285714285, 0.7857142857142856, 0.7857142857142856, 0.9285714285714285, 0.9285714285714285, 0.9285714285714285, 0.7142857142857142, 0.7857142857142856, 0.7857142857142856, 0.9285714285714285]","[1.0, 1.0, 1.0, 1.0, 0.6666666666666666, 1.0, 1.0, 1.0, 1.0, 1.0, 1.0, 1.0, 1.0, 1.0, 1.0, 1.0, 1.0, 0.6666666666666666, 1.0, 1.0, 1.0, 1.0, 1.0, 1.0, 1.0, 1.0, 1.0, 1.0, 1.0, 1.0]","[1.0, 0.8, 1.0, 1.0, 0.8, 1.0, 1.0, 0.8, 1.0, 0.6, 1.0, 1.0, 0.8, 1.0, 1.0, 1.0, 1.0, 0.8, 1.0, 1.0, 0.8, 1.0, 1.0, 1.0, 0.8, 0.8, 1.0, 1.0, 1.0, 1.0]"
california,rf,5000,7,8,abc_shap,A1,0.2496,0.0011311217085305662,0.0012130345324568859,0.00014139021356632077,0.00015162931655711073,0.0006960587188919061,0.0015831183159169349,,0.984126984126984,0.015471102134617373,0.9785714285714284,0.9896825396825396,0.9523809523809521,0.046413306403852134,1.0,0.0,1.0,0.0,0.00013983861576353617,1248.0,3752.0,55.581968643328096,1.7328727724158866,1248.0,"[0.0002747864566755345, 0.0025491073912844676, 0.000279721923733348, 4.1891179105004945e-05, 0.00014171634444354328, 0.0003290787134904031, 0.0019573036768204865, 8.76063972005851e-05, 0.00016348369929669753, 0.00017358311036086774, 0.0008807625492521424, 0.0040367403189931345, 0.0018036190749003008, 0.002196602278134565, 0.00027277739340607983, 0.0030608948692890554, 0.0018081645769424482, 0.0006368523931626893, 0.002323507468805327, 9.500283256974e-05, 4.8009252168203454e-05, 0.004070074545821189, 0.0003296849124603829, 0.00032497168591128623, 0.0002284421075945736, 0.0025990148714209265, 0.0017578668917046787, 0.001206068164152165, 6.817972339694591e-05, 0.00018813645342021423]","[1.0, 0.9761904761904763, 1.0, 1.0, 0.9761904761904763, 1.0, 0.9761904761904763, 1.0, 1.0, 1.0, 0.9761904761904763, 0.9523809523809524, 0.9761904761904763, 0.9761904761904763, 1.0, 0.9523809523809524, 0.9761904761904763, 0.9761904761904763, 0.9761904761904763, 1.0, 1.0, 0.9523809523809524, 1.0, 0.9761904761904763, 0.9761904761904763, 0.9761904761904763, 0.9761904761904763, 0.9761904761904763, 1.0, 1.0]","[0.9999999999999998, 0.9285714285714285, 0.9999999999999998, 0.9999999999999998, 0.9285714285714285, 0.9999999999999998, 0.9285714285714285, 0.9999999999999998, 0.9999999999999998, 0.9999999999999998, 0.9285714285714285, 0.8571428571428571, 0.9285714285714285, 0.9285714285714285, 0.9999999999999998, 0.8571428571428571, 0.9285714285714285, 0.9285714285714285, 0.9285714285714285, 0.9999999999999998, 0.9999999999999998, 0.8571428571428571, 0.9999999999999998, 0.9285714285714285, 0.9285714285714285, 0.9285714285714285, 0.9285714285714285, 0.9285714285714285, 0.9999999999999998, 0.9999999999999998]","[1.0, 1.0, 1.0, 1.0, 1.0, 1.0, 1.0, 1.0, 1.0, 1.0, 1.0, 1.0, 1.0, 1.0, 1.0, 1.0, 1.0, 1.0, 1.0, 1.0, 1.0, 1.0, 1.0, 1.0, 1.0, 1.0, 1.0, 1.0, 1.0, 1.0]","[1.0, 1.0, 1.0, 1.0, 1.0, 1.0, 1.0, 1.0, 1.0, 1.0, 1.0, 1.0, 1.0, 1.0, 1.0, 1.0, 1.0, 1.0, 1.0, 1.0, 1.0, 1.0, 1.0, 1.0, 1.0, 1.0, 1.0, 1.0, 1.0, 1.0]"
california,rf,5000,7,8,abc_shap,A3,0.7488,0.0010262378802699556,0.0009149188204368522,0.00012827973503374445,0.00011436485255460652,0.0007217926898520468,0.0013610237398876807,,0.9833333333333333,0.015245533898649608,0.9777777777777776,0.9888888888888888,0.9499999999999998,0.045736601695948856,1.0,0.0,1.0,0.0,0.00012625301038780493,3744.0,1256.0,55.13379967666697,1.0668262389160956,3744.0,"[0.0009488033795934793, 0.0008387239536649774, 0.000470826862235307, 0.00010978829030999065, 0.00018324690075904716, 0.00011377490092446354, 0.0015773457729923782, 0.00041802920545937265, 0.000974550045600859, 0.00017859000040238622, 0.0016663658165278308, 0.00327522967736118, 0.00042208414834561724, 0.0013133586859478648, 0.00046415203581096873, 0.0012280456018397105, 0.00041119192122413077, 0.002883597665894407, 0.0006690113507310685, 0.00023888385516858716, 0.0008609646807586495, 0.002225204820421948, 0.002503189336451256, 0.00027730206579288654, 0.0027303426644151277, 0.0005252589953956738, 0.00042296010174635326, 0.0022030366494758557, 0.00017246547869228352, 0.0004808115441550051]","[0.9761904761904763, 1.0, 1.0, 1.0, 1.0, 1.0, 0.9761904761904763, 0.9761904761904763, 0.9761904761904763, 1.0, 0.9761904761904763, 0.9523809523809524, 0.9761904761904763, 0.9761904761904763, 1.0, 0.9761904761904763, 0.9761904761904763, 0.9523809523809524, 0.9761904761904763, 1.0, 0.9761904761904763, 0.9761904761904763, 0.9761904761904763, 1.0, 0.9761904761904763, 1.0, 1.0, 0.9523809523809524, 1.0, 0.9761904761904763]","[0.9285714285714285, 0.9999999999999998, 0.9999999999999998, 0.9999999999999998, 0.9999999999999998, 0.9999999999999998, 0.9285714285714285, 0.9285714285714285, 0.9285714285714285, 0.9999999999999998, 0.9285714285714285, 0.8571428571428571, 0.9285714285714285, 0.9285714285714285, 0.9999999999999998, 0.9285714285714285, 0.9285714285714285, 0.8571428571428571, 0.9285714285714285, 0.9999999999999998, 0.9285714285714285, 0.9285714285714285, 0.9285714285714285, 0.9999999999999998, 0.9285714285714285, 0.9999999999999998, 0.9999999999999998, 0.8571428571428571, 0.9999999999999998, 0.9285714285714285]","[1.0, 1.0, 1.0, 1.0, 1.0, 1.0, 1.0, 1.0, 1.0, 1.0, 1.0, 1.0, 1.0, 1.0, 1.0, 1.0, 1.0, 1.0, 1.0, 1.0, 1.0, 1.0, 1.0, 1.0, 1.0, 1.0, 1.0, 1.0, 1.0, 1.0]","[1.0, 1.0, 1.0, 1.0, 1.0, 1.0, 1.0, 1.0, 1.0, 1.0, 1.0, 1.0, 1.0, 1.0, 1.0, 1.0, 1.0, 1.0, 1.0, 1.0, 1.0, 1.0, 1.0, 1.0, 1.0, 1.0, 1.0, 1.0, 1.0, 1.0]"
california,rf,5000,8,8,abc_shap,A1,0.2496,0.012684126494133693,0.014585750327626115,0.0015855158117667116,0.0018232187909532644,0.008054753551533261,0.01771175449242004,,0.9166666666666664,0.08987898137227084,0.8809325396825397,0.9452579365079365,0.8333333333333333,0.11418646484077903,0.8777777777777779,0.1606314699422329,0.94,0.10519822558706331,0.0014379190775997254,1248.0,3752.0,52.55897342666867,1.7516793724938822,1248.0,"[0.010450174105750824, 0.009665741243489305, 0.01792505045926564, 0.0038636313183270684, 0.029465486546369383, 0.004761465299884833, 0.009675091691113627, 0.003036050981063348, 0.0034013468206818857, 0.0005934483972549748, 0.014566166892526803, 0.009173886218350203, 0.04990363276585512, 0.05628111126279485, 0.0012636878862166366, 0.002171844122123995, 0.001354265770458311, 0.015751647104890625, 0.0018551917370037646, 0.003027978791254979, 0.02266436340099992, 0.0018479026073393316, 0.006184201716079067, 0.0004755636502965319, 0.0023509167171048336, 0.01947544113967887, 0.009583037046606789, 0.0015907978715525985, 0.04053748833052922, 0.027627182929147436]","[0.9761904761904763, 0.9761904761904763, 0.9523809523809524, 0.9761904761904763, 0.7857142857142858, 0.9761904761904763, 0.9523809523809524, 0.9523809523809524, 0.9761904761904763, 0.9761904761904763, 0.9523809523809524, 0.9523809523809524, 0.5714285714285715, 0.8571428571428572, 0.9761904761904763, 0.9761904761904763, 0.9523809523809524, 0.9047619047619048, 0.9761904761904763, 0.9761904761904763, 0.9047619047619048, 0.9285714285714287, 0.7857142857142858, 0.9761904761904763, 0.9761904761904763, 0.7857142857142858, 0.9285714285714287, 0.9285714285714287, 0.9047619047619048, 0.7857142857142858]","[0.9285714285714285, 0.9285714285714285, 0.8571428571428571, 0.9285714285714285, 0.6428571428571428, 0.9285714285714285, 0.8571428571428571, 0.8571428571428571, 0.9285714285714285, 0.9285714285714285, 0.8571428571428571, 0.8571428571428571, 0.4999999999999999, 0.7142857142857142, 0.9285714285714285, 0.9285714285714285, 0.8571428571428571, 0.7857142857142856, 0.9285714285714285, 0.9285714285714285, 0.7857142857142856, 0.8571428571428571, 0.6428571428571428, 0.9285714285714285, 0.9285714285714285, 0.6428571428571428, 0.8571428571428571, 0.8571428571428571, 0.7857142857142856, 0.6428571428571428]","[1.0, 1.0, 1.0, 1.0, 0.6666666666666666, 1.0, 1.0, 1.0, 1.0, 1.0, 1.0, 1.0, 0.6666666666666666, 0.6666666666666666, 0.6666666666666666, 1.0, 0.6666666666666666, 0.6666666666666666, 1.0, 1.0, 0.6666666666666666, 1.0, 1.0, 0.6666666666666666, 1.0, 0.6666666666666666, 1.0, 1.0, 0.6666666666666666, 0.6666666666666666]","[1.0, 1.0, 1.0, 1.0, 0.8, 1.0, 1.0, 0.8, 1.0, 1.0, 1.0, 1.0, 0.6, 1.0, 1.0, 1.0, 1.0, 1.0, 1.0, 1.0, 1.0, 0.8, 0.8, 1.0, 1.0, 0.8, 1.0, 0.8, 1.0, 0.8]"
california,rf,5000,8,8,abc_shap,A3,0.7488,0.009343393329818973,0.010027814123335956,0.0011679241662273716,0.0012534767654169944,0.00602530307492874,0.013104146617648573,,0.8952380952380953,0.073924641410762,0.8674603174603175,0.9206349206349207,0.7880952380952378,0.12020862439394606,0.8333333333333334,0.16666666666666669,0.8733333333333334,0.09637888196533971,0.0010657144174354863,3744.0,1256.0,52.01888430666101,2.022216079702321,3744.0,"[0.009788023640212772, 0.025560632780159666, 0.002800896428347628, 0.012174432243823563, 0.03727794693184477, 0.00805214376801705, 0.00787607698142708, 0.014213385200898017, 0.0011274648639530566, 0.002643555337900154, 0.009419426839383682, 0.00430285158131188, 0.016478370017755505, 0.003026413967035087, 0.01364820577051476, 0.03926811221790007, 0.00432896262370683, 0.001390278268507086, 0.002916568025516692, 0.014184643309161872, 0.005127336805228541, 0.0009257041837335494, 0.010344650523130773, 0.0014082215664821811, 0.002866172087115574, 0.004173415969382563, 0.0016919345745357356, 0.0009376682321519669, 0.02217090818793076, 0.00017739696750023172]","[0.9285714285714287, 0.8571428571428572, 0.9285714285714287, 0.9523809523809524, 0.7857142857142858, 0.880952380952381, 0.9047619047619048, 0.7619047619047621, 0.9761904761904763, 0.9047619047619048, 0.8571428571428572, 0.9761904761904763, 0.7619047619047621, 0.880952380952381, 0.9523809523809524, 0.7857142857142858, 0.9047619047619048, 0.9523809523809524, 0.9761904761904763, 0.7857142857142858, 0.9047619047619048, 0.9285714285714287, 0.8095238095238096, 0.9761904761904763, 0.9761904761904763, 0.9047619047619048, 0.9047619047619048, 0.9761904761904763, 0.7619047619047621, 1.0]","[0.8571428571428571, 0.7142857142857142, 0.8571428571428571, 0.8571428571428571, 0.6428571428571428, 0.7142857142857142, 0.7857142857142856, 0.5714285714285714, 0.9285714285714285, 0.7857142857142856, 0.7142857142857142, 0.9285714285714285, 0.5714285714285714, 0.7857142857142856, 0.8571428571428571, 0.6428571428571428, 0.7857142857142856, 0.8571428571428571, 0.9285714285714285, 0.6428571428571428, 0.7857142857142856, 0.8571428571428571, 0.6428571428571428, 0.9285714285714285, 0.9285714285714285, 0.7857142857142856, 0.7857142857142856, 0.9285714285714285, 0.5714285714285714, 0.9999999999999998]","[1.0, 0.6666666666666666, 1.0, 1.0, 0.6666666666666666, 0.6666666666666666, 0.6666666666666666, 0.6666666666666666, 1.0, 1.0, 0.6666666666666666, 1.0, 0.6666666666666666, 1.0, 1.0, 0.6666666666666666, 0.6666666666666666, 0.6666666666666666, 1.0, 0.6666666666666666, 0.6666666666666666, 1.0, 0.6666666666666666, 1.0, 1.0, 0.6666666666666666, 1.0, 1.0, 0.6666666666666666, 1.0]","[0.8, 1.0, 0.8, 1.0, 0.8, 0.8, 1.0, 0.8, 1.0, 0.8, 0.8, 1.0, 0.8, 0.8, 1.0, 0.8, 0.8, 1.0, 1.0, 0.8, 1.0, 0.8, 0.8, 0.8, 1.0, 0.8, 0.8, 0.8, 0.8, 1.0]"
california,rf,5000,9,8,abc_shap,A1,0.2496,0.010368383098559883,0.010171054183017069,0.0012960478873199853,0.0012713817728771336,0.006886649702156752,0.014012151688660698,,0.8746031746031747,0.10025163602944841,0.8404563492063493,0.9087301587301587,0.7642857142857142,0.16715913636636287,0.9888888888888888,0.059835164523716726,0.8800000000000001,0.0979795897113271,0.0012945105320612358,1248.0,3752.0,56.00442181666925,3.9684200846263975,1248.0,"[0.002889930759769587, 0.0008090638493239961, 0.0029456550496270643, 0.013682371415214195, 0.02066742887125791, 0.0002637859449977372, 0.016717299962206136, 0.007620159827902442, 0.03917542952753946, 0.010744911765452118, 0.001615492361215735, 0.015851687085296703, 0.002402351794580059, 0.007081990847792116, 0.02015062796798362, 0.0031146355083332736, 0.010279162417924655, 0.0022429094387164394, 0.005053780523963617, 0.00040367495490426614, 0.031235987699464788, 0.01076960361239634, 0.024629582484655865, 0.0008162159144713275, 0.007059140754607495, 0.00140616894262339, 0.006464776619106515, 0.000806305919491783, 0.02835950812252217, 0.015791853013455676]","[0.7619047619047621, 0.9761904761904763, 0.9761904761904763, 0.9761904761904763, 0.9047619047619048, 0.9761904761904763, 0.9047619047619048, 0.9285714285714287, 0.7380952380952381, 0.7619047619047621, 0.8333333333333335, 0.9761904761904763, 0.8095238095238096, 0.9761904761904763, 0.7380952380952381, 1.0, 0.9761904761904763, 0.7857142857142858, 0.7380952380952381, 0.9761904761904763, 0.7380952380952381, 0.7619047619047621, 0.7619047619047621, 0.9761904761904763, 0.9285714285714287, 0.9761904761904763, 0.9761904761904763, 0.880952380952381, 0.7619047619047621, 0.7619047619047621]","[0.5714285714285714, 0.9285714285714285, 0.9285714285714285, 0.9285714285714285, 0.7857142857142856, 0.9285714285714285, 0.7857142857142856, 0.8571428571428571, 0.4999999999999999, 0.5714285714285714, 0.7142857142857142, 0.9285714285714285, 0.7142857142857142, 0.9285714285714285, 0.6428571428571428, 0.9999999999999998, 0.9285714285714285, 0.6428571428571428, 0.4999999999999999, 0.9285714285714285, 0.4999999999999999, 0.5714285714285714, 0.5714285714285714, 0.9285714285714285, 0.8571428571428571, 0.9285714285714285, 0.9285714285714285, 0.7857142857142856, 0.5714285714285714, 0.5714285714285714]","[1.0, 1.0, 1.0, 1.0, 1.0, 1.0, 1.0, 1.0, 1.0, 1.0, 1.0, 1.0, 1.0, 1.0, 1.0, 1.0, 1.0, 1.0, 0.6666666666666666, 1.0, 1.0, 1.0, 1.0, 1.0, 1.0, 1.0, 1.0, 1.0, 1.0, 1.0]","[0.8, 1.0, 1.0, 1.0, 0.8, 0.8, 1.0, 1.0, 0.8, 0.8, 0.8, 1.0, 0.8, 1.0, 0.8, 1.0, 1.0, 0.8, 0.8, 0.8, 0.8, 0.8, 0.8, 0.8, 1.0, 1.0, 1.0, 0.8, 0.8, 0.8]"
california,rf,5000,9,8,abc_shap,A3,0.7488,0.011499297792636485,0.0128647669175598,0.0014374122240795606,0.001608095864694975,0.007182376941387435,0.01629468440919003,,0.8746031746031747,0.09281304067329342,0.8396626984126985,0.9071428571428571,0.7595238095238094,0.15483514750370578,0.9888888888888888,0.059835164523716726,0.8733333333333334,0.0963788819653397,0.001379273415881012,3744.0,1256.0,56.25846636666101,5.3759161304251775,3744.0,"[0.013155821059963001, 0.005350586406215081, 0.03203065588597241, 0.017133849278017112, 0.0017105805440280639, 0.0006526279183886878, 0.03633654636118025, 0.003435030038791977, 0.0086407337180974, 0.0011504937564625042, 0.000622402443230782, 0.021754145610452035, 0.009310695537657265, 0.007938880332955018, 0.03926480824043414, 0.0022633768509874937, 0.007771447851266339, 0.0008726276616383005, 0.0034297770525851066, 0.04182482150791315, 0.004287556190839904, 0.0011767003434700746, 0.010900925815486889, 0.006567631240376648, 0.0009487445119174813, 0.0010754535837902326, 0.014584551067448394, 0.0005886037229724994, 0.03833061256256406, 0.011868246683992357]","[0.7619047619047621, 0.9285714285714287, 0.9523809523809524, 0.9523809523809524, 0.9761904761904763, 0.9761904761904763, 0.9047619047619048, 0.8095238095238096, 0.9523809523809524, 0.8571428571428572, 0.880952380952381, 0.7619047619047621, 0.7857142857142858, 0.7857142857142858, 0.7380952380952381, 0.9047619047619048, 0.7619047619047621, 0.880952380952381, 0.9761904761904763, 0.7380952380952381, 0.8333333333333335, 0.9761904761904763, 0.7619047619047621, 0.9761904761904763, 1.0, 0.9761904761904763, 0.7619047619047621, 0.9523809523809524, 0.7380952380952381, 0.9761904761904763]","[0.5714285714285714, 0.8571428571428571, 0.8571428571428571, 0.8571428571428571, 0.9285714285714285, 0.9285714285714285, 0.7857142857142856, 0.7142857142857142, 0.8571428571428571, 0.7857142857142856, 0.7857142857142856, 0.5714285714285714, 0.6428571428571428, 0.6428571428571428, 0.4999999999999999, 0.7857142857142856, 0.5714285714285714, 0.7857142857142856, 0.9285714285714285, 0.4999999999999999, 0.7142857142857142, 0.9285714285714285, 0.5714285714285714, 0.9285714285714285, 0.9999999999999998, 0.9285714285714285, 0.5714285714285714, 0.8571428571428571, 0.4999999999999999, 0.9285714285714285]","[1.0, 1.0, 1.0, 1.0, 1.0, 1.0, 1.0, 1.0, 1.0, 1.0, 1.0, 1.0, 1.0, 1.0, 1.0, 0.6666666666666666, 1.0, 1.0, 1.0, 1.0, 1.0, 1.0, 1.0, 1.0, 1.0, 1.0, 1.0, 1.0, 1.0, 1.0]","[0.8, 1.0, 1.0, 1.0, 0.8, 1.0, 0.8, 0.8, 1.0, 0.8, 0.8, 0.8, 0.8, 0.8, 0.8, 1.0, 0.8, 0.8, 1.0, 0.8, 0.8, 0.8, 0.8, 1.0, 1.0, 1.0, 0.8, 0.8, 0.8, 1.0]"
california,mlp,5000,0,8,abc_shap,A1,0.2496,0.011152594315473555,0.010677962610159778,0.0013940742894341944,0.0013347453262699722,0.007504153106779961,0.014969117031317385,,0.9690476190476189,0.04176292735531068,0.9515873015873014,0.980952380952381,0.9214285714285712,0.07900314296684309,1.0,0.0,0.9266666666666666,0.09637888196533971,0.0013791744741627348,1248.0,3752.0,0.976383949998611,0.0710180312195133,1248.0,"[0.007631161635990285, 0.0030868324162113664, 0.004572164158022913, 0.021333311234032454, 0.04054411918894271, 0.0006904861216662332, 0.004323788400296571, 0.0047797526183408585, 0.010365904313308628, 0.009629548963174587, 0.0004414755268042856, 0.0038151329880466815, 5.0657253496764954e-05, 0.025145537343362546, 0.0055212010868453355, 0.011639376854633609, 0.0028919865349576034, 0.009997925372390998, 0.030182545870320206, 0.013519105220966346, 0.016000051729273868, 0.012374063225384663, 0.0012826669892102077, 0.027063762552950992, 0.00020000980271781175, 0.017004066962122803, 0.03227036095156781, 0.0021611964981278465, 0.0150902332158061, 0.0009694044352335436]","[0.9761904761904763, 1.0, 1.0, 0.9761904761904763, 0.9761904761904763, 1.0, 0.9761904761904763, 1.0, 0.9761904761904763, 0.9523809523809524, 1.0, 0.9761904761904763, 1.0, 0.9761904761904763, 1.0, 0.9761904761904763, 1.0, 0.9523809523809524, 0.7857142857142858, 0.9761904761904763, 0.9047619047619048, 0.9523809523809524, 1.0, 0.9761904761904763, 0.9761904761904763, 0.9047619047619048, 0.9761904761904763, 0.9761904761904763, 0.9523809523809524, 0.9761904761904763]","[0.9285714285714285, 0.9999999999999998, 0.9999999999999998, 0.9285714285714285, 0.9285714285714285, 0.9999999999999998, 0.9285714285714285, 0.9999999999999998, 0.9285714285714285, 0.8571428571428571, 0.9999999999999998, 0.9285714285714285, 0.9999999999999998, 0.9285714285714285, 0.9999999999999998, 0.9285714285714285, 0.9999999999999998, 0.8571428571428571, 0.6428571428571428, 0.9285714285714285, 0.7857142857142856, 0.8571428571428571, 0.9999999999999998, 0.9285714285714285, 0.9285714285714285, 0.7857142857142856, 0.9285714285714285, 0.9285714285714285, 0.8571428571428571, 0.9285714285714285]","[1.0, 1.0, 1.0, 1.0, 1.0, 1.0, 1.0, 1.0, 1.0, 1.0, 1.0, 1.0, 1.0, 1.0, 1.0, 1.0, 1.0, 1.0, 1.0, 1.0, 1.0, 1.0, 1.0, 1.0, 1.0, 1.0, 1.0, 1.0, 1.0, 1.0]","[0.8, 1.0, 1.0, 0.8, 0.8, 1.0, 0.8, 1.0, 0.8, 1.0, 1.0, 1.0, 1.0, 0.8, 1.0, 0.8, 1.0, 1.0, 0.8, 0.8, 1.0, 1.0, 1.0, 0.8, 1.0, 1.0, 0.8, 1.0, 1.0, 1.0]"
california,mlp,5000,0,8,abc_shap,A3,0.7488,0.008437525813288696,0.009897615425491788,0.001054690726661087,0.0012372019281864735,0.005239919523340215,0.012245926918868366,,0.9777777777777776,0.019375485104339178,0.9706349206349204,0.9841269841269841,0.9380952380952378,0.04785655057676608,1.0,0.0,0.9133333333333336,0.09910712498212336,0.0009247503411972989,3744.0,1256.0,1.0108872366661672,0.08339830277697131,3744.0,"[0.00043601968150023184, 0.00718342727113812, 0.00896386899865613, 0.0039904964477311886, 0.018006374274772707, 0.00045701010009026826, 0.011960224560979065, 0.014505233341386495, 0.0031284661156571274, 0.0014750444832533247, 0.0025985677491118225, 0.002319858762464283, 0.015370540023745546, 0.026252850569828, 0.0022819229190441503, 0.0038322312849513036, 0.0013724329721429484, 0.0019721895793944092, 0.0013289142945216153, 0.005307443042380345, 0.0012349232168715094, 0.019547716295266245, 0.0456720922753089, 0.002147917418288592, 0.0029871923699019004, 0.0024631322322427197, 0.002066608989214142, 0.01949324017381122, 0.006758682141297372, 0.018011152813709217]","[1.0, 0.9761904761904763, 0.9523809523809524, 0.9761904761904763, 0.9285714285714287, 1.0, 0.9761904761904763, 0.9761904761904763, 1.0, 0.9761904761904763, 1.0, 0.9761904761904763, 0.9523809523809524, 0.9761904761904763, 0.9761904761904763, 0.9761904761904763, 0.9761904761904763, 1.0, 1.0, 1.0, 0.9523809523809524, 0.9285714285714287, 0.9761904761904763, 0.9761904761904763, 0.9761904761904763, 1.0, 1.0, 0.9761904761904763, 0.9761904761904763, 0.9761904761904763]","[0.9999999999999998, 0.9285714285714285, 0.8571428571428571, 0.9285714285714285, 0.8571428571428571, 0.9999999999999998, 0.9285714285714285, 0.9285714285714285, 0.9999999999999998, 0.9285714285714285, 0.9999999999999998, 0.9285714285714285, 0.8571428571428571, 0.9285714285714285, 0.9285714285714285, 0.9285714285714285, 0.9285714285714285, 0.9999999999999998, 0.9999999999999998, 0.9999999999999998, 0.8571428571428571, 0.8571428571428571, 0.9285714285714285, 0.9285714285714285, 0.9285714285714285, 0.9999999999999998, 0.9999999999999998, 0.9285714285714285, 0.9285714285714285, 0.9285714285714285]","[1.0, 1.0, 1.0, 1.0, 1.0, 1.0, 1.0, 1.0, 1.0, 1.0, 1.0, 1.0, 1.0, 1.0, 1.0, 1.0, 1.0, 1.0, 1.0, 1.0, 1.0, 1.0, 1.0, 1.0, 1.0, 1.0, 1.0, 1.0, 1.0, 1.0]","[1.0, 1.0, 0.8, 1.0, 0.8, 1.0, 0.8, 0.8, 1.0, 1.0, 1.0, 1.0, 0.8, 0.8, 1.0, 1.0, 1.0, 1.0, 1.0, 1.0, 1.0, 0.8, 0.8, 0.8, 0.8, 1.0, 1.0, 0.8, 0.8, 0.8]"
california,mlp,5000,1,8,abc_shap,A1,0.2496,0.0020575713958997234,0.0016427987856983076,0.0002571964244874654,0.00020534984821228845,0.0015293436921286474,0.0026376095035880688,,0.9730158730158729,0.018167497051205708,0.9658730158730158,0.9785714285714284,0.9214285714285713,0.04647433641891221,0.9888888888888888,0.059835164523716726,1.0,0.0,0.00019398310351196577,1248.0,3752.0,1.0030528899961306,0.12243388745302508,1248.0,"[0.0011656604117667565, 0.001224520537670213, 0.0013668635983966697, 0.005483298253444801, 0.004885351538171945, 0.0007252574276045252, 0.00225034059042327, 0.0004805882998233081, 0.0009584154523706795, 0.0012222514339563278, 0.0005068447661593101, 0.006067452102447834, 0.0009535446733931151, 0.00029093632147549043, 0.0017073211131949737, 0.0028875993362064323, 0.0030029782126611603, 0.0005338501163946332, 0.000619224285684046, 0.004434768000140703, 0.001378866926090858, 0.005272096658937763, 0.0010335074830839992, 0.0022008115723171273, 0.0023297016499674913, 7.059222233023241e-05, 0.0024544276309402253, 0.003344240097129882, 0.0015455716378210615, 0.001330259526986862]","[0.9761904761904763, 1.0, 0.9761904761904763, 0.9761904761904763, 0.9047619047619048, 0.9761904761904763, 0.9761904761904763, 0.9761904761904763, 0.9523809523809524, 0.9761904761904763, 0.9761904761904763, 0.9761904761904763, 0.9761904761904763, 0.9761904761904763, 0.9761904761904763, 0.9761904761904763, 0.9285714285714287, 0.9761904761904763, 0.9761904761904763, 0.9761904761904763, 0.9761904761904763, 0.9761904761904763, 0.9761904761904763, 0.9761904761904763, 0.9761904761904763, 0.9761904761904763, 1.0, 0.9761904761904763, 0.9523809523809524, 1.0]","[0.9285714285714285, 0.9999999999999998, 0.9285714285714285, 0.9285714285714285, 0.7857142857142856, 0.9285714285714285, 0.9285714285714285, 0.9285714285714285, 0.8571428571428571, 0.9285714285714285, 0.9285714285714285, 0.9285714285714285, 0.9285714285714285, 0.9285714285714285, 0.9285714285714285, 0.9285714285714285, 0.7857142857142856, 0.9285714285714285, 0.9285714285714285, 0.9285714285714285, 0.9285714285714285, 0.9285714285714285, 0.9285714285714285, 0.9285714285714285, 0.9285714285714285, 0.9285714285714285, 0.9999999999999998, 0.9285714285714285, 0.8571428571428571, 0.9999999999999998]","[1.0, 1.0, 1.0, 1.0, 0.6666666666666666, 1.0, 1.0, 1.0, 1.0, 1.0, 1.0, 1.0, 1.0, 1.0, 1.0, 1.0, 1.0, 1.0, 1.0, 1.0, 1.0, 1.0, 1.0, 1.0, 1.0, 1.0, 1.0, 1.0, 1.0, 1.0]","[1.0, 1.0, 1.0, 1.0, 1.0, 1.0, 1.0, 1.0, 1.0, 1.0, 1.0, 1.0, 1.0, 1.0, 1.0, 1.0, 1.0, 1.0, 1.0, 1.0, 1.0, 1.0, 1.0, 1.0, 1.0, 1.0, 1.0, 1.0, 1.0, 1.0]"
california,mlp,5000,1,8,abc_shap,A3,0.7488,0.0023852614995938455,0.001989512150195911,0.0002981576874492307,0.00024868901877448887,0.0017170277496698688,0.003048312254494367,,0.973015873015873,0.026608023197206652,0.9642857142857143,0.9817460317460316,0.926190476190476,0.06249716546860322,1.0,0.0,0.9933333333333334,0.03590109871423002,0.00020705684668277815,3744.0,1256.0,1.0496238733350765,0.0965820590555819,3744.0,"[0.0008556922550728648, 0.0006021855407853528, 0.0012974632626403498, 0.002301222311013113, 0.0010350700235397846, 0.0007389642864622609, 0.0009936457951949568, 0.0035882599007288967, 0.004194184993059391, 0.006559440740443507, 0.007971436074005208, 0.0020903506660456092, 0.005425322440890946, 0.0019692225916736134, 0.005437932787508023, 0.0005410485042375226, 0.0007182456070088241, 0.0009305397458377134, 0.00030184905041500087, 0.0016598567570221647, 0.002962696397868092, 0.0007308822000067462, 0.0025124223805210715, 0.004708079918423627, 0.0006035544103742114, 0.0006832708926707802, 0.0010908249916031696, 0.0025886234793322397, 0.002108883193656409, 0.004356673789773936]","[1.0, 0.9523809523809524, 0.9761904761904763, 0.9523809523809524, 0.9761904761904763, 0.9761904761904763, 1.0, 0.9761904761904763, 0.9761904761904763, 0.9761904761904763, 0.880952380952381, 1.0, 0.9285714285714287, 0.9523809523809524, 0.9761904761904763, 1.0, 0.9523809523809524, 1.0, 0.9523809523809524, 0.9285714285714287, 1.0, 0.9761904761904763, 0.9761904761904763, 0.9761904761904763, 0.9761904761904763, 1.0, 0.9761904761904763, 1.0, 1.0, 0.9761904761904763]","[0.9999999999999998, 0.8571428571428571, 0.9285714285714285, 0.8571428571428571, 0.9285714285714285, 0.9285714285714285, 0.9999999999999998, 0.9285714285714285, 0.9285714285714285, 0.9285714285714285, 0.7857142857142856, 0.9999999999999998, 0.8571428571428571, 0.8571428571428571, 0.9285714285714285, 0.9999999999999998, 0.8571428571428571, 0.9999999999999998, 0.8571428571428571, 0.7857142857142856, 0.9999999999999998, 0.9285714285714285, 0.9285714285714285, 0.9285714285714285, 0.9285714285714285, 0.9999999999999998, 0.9285714285714285, 0.9999999999999998, 0.9999999999999998, 0.9285714285714285]","[1.0, 1.0, 1.0, 1.0, 1.0, 1.0, 1.0, 1.0, 1.0, 1.0, 1.0, 1.0, 1.0, 1.0, 1.0, 1.0, 1.0, 1.0, 1.0, 1.0, 1.0, 1.0, 1.0, 1.0, 1.0, 1.0, 1.0, 1.0, 1.0, 1.0]","[1.0, 1.0, 1.0, 1.0, 1.0, 1.0, 1.0, 1.0, 1.0, 1.0, 0.8, 1.0, 1.0, 1.0, 1.0, 1.0, 1.0, 1.0, 1.0, 1.0, 1.0, 1.0, 1.0, 1.0, 1.0, 1.0, 1.0, 1.0, 1.0, 1.0]"
california,mlp,5000,2,8,abc_shap,A1,0.2496,0.010733961144074744,0.01227788172613463,0.001341745143009343,0.0015347352157668288,0.006741415128157372,0.015237807817066518,,0.9095238095238096,0.0961071460521943,0.8745634920634919,0.9436507936507936,0.8357142857142854,0.13696168588828242,0.888888888888889,0.15713484026367722,0.8333333333333335,0.1164283279771532,0.0008097360712035138,1248.0,3752.0,1.1243035566624409,0.20329406899182723,1248.0,"[0.00033289260583866753, 0.04352704500957288, 0.0023500677906192146, 0.004665115092565908, 0.014820152510526053, 0.002334351203624989, 0.005032832499792818, 0.020801602920932815, 0.01253965304441866, 0.012254127272478594, 0.005395622726417222, 0.011244595798074292, 0.002216773491387216, 0.0050373203111642355, 0.008498534763511964, 0.0021962787022292876, 0.01033324448731686, 0.0046922262127595355, 0.0010052806235294877, 0.022288736064151323, 0.007917619315471816, 0.0014014321399700392, 0.05121780877718413, 0.0010176406086536123, 0.02301716633963352, 0.0035186977262267735, 0.029571834214838378, 0.007338002130021914, 0.0038643249082659244, 0.0015878550310642568]","[1.0, 0.6428571428571429, 1.0, 0.9761904761904763, 0.8095238095238096, 0.9285714285714287, 0.9761904761904763, 0.7857142857142858, 0.9047619047619048, 0.9047619047619048, 0.9761904761904763, 0.9285714285714287, 1.0, 0.9761904761904763, 0.9523809523809524, 0.9761904761904763, 0.9047619047619048, 0.9285714285714287, 0.9761904761904763, 0.7857142857142858, 0.880952380952381, 1.0, 0.7142857142857144, 1.0, 0.7380952380952381, 0.9761904761904763, 0.7857142857142858, 0.9523809523809524, 0.9761904761904763, 0.9285714285714287]","[0.9999999999999998, 0.4999999999999999, 0.9999999999999998, 0.9285714285714285, 0.7142857142857142, 0.8571428571428571, 0.9285714285714285, 0.6428571428571428, 0.7857142857142856, 0.7857142857142856, 0.9285714285714285, 0.8571428571428571, 0.9999999999999998, 0.9285714285714285, 0.8571428571428571, 0.9285714285714285, 0.7857142857142856, 0.8571428571428571, 0.9285714285714285, 0.6428571428571428, 0.7857142857142856, 0.9999999999999998, 0.5714285714285714, 0.9999999999999998, 0.6428571428571428, 0.9285714285714285, 0.6428571428571428, 0.8571428571428571, 0.9285714285714285, 0.8571428571428571]","[1.0, 0.6666666666666666, 1.0, 1.0, 1.0, 1.0, 1.0, 0.6666666666666666, 0.6666666666666666, 0.6666666666666666, 1.0, 1.0, 1.0, 1.0, 0.6666666666666666, 1.0, 0.6666666666666666, 1.0, 1.0, 0.6666666666666666, 1.0, 1.0, 0.6666666666666666, 1.0, 1.0, 1.0, 0.6666666666666666, 0.6666666666666666, 1.0, 1.0]","[1.0, 0.6, 1.0, 0.8, 0.8, 0.8, 1.0, 0.8, 0.8, 0.8, 1.0, 0.8, 1.0, 0.8, 0.8, 1.0, 0.8, 0.8, 0.8, 0.8, 0.8, 1.0, 0.6, 1.0, 0.6, 0.8, 0.8, 0.8, 0.8, 0.8]"
california,mlp,5000,2,8,abc_shap,A3,0.7488,0.015196854945718303,0.013761164168151254,0.001899606868214788,0.0017201455210189068,0.010331817732080651,0.020397174711208985,,0.8904761904761905,0.10150045891268678,0.8531746031746033,0.9246031746031742,0.7952380952380952,0.14490594337812318,0.8333333333333334,0.16666666666666669,0.8266666666666668,0.14360439485692011,0.0012978589530788492,3744.0,1256.0,1.0927732200031945,0.0665714340477232,3744.0,"[0.013018194335272053, 0.0019313662706483435, 0.00617754991081093, 0.04162279765129189, 0.044465266794492024, 0.003998240374221594, 0.011570064424255816, 0.009847778642303321, 0.02599319761668998, 0.0007698662605597386, 0.0035977417329129758, 0.012234787662515597, 0.001314561016746273, 0.014664158016297104, 0.015717950736580465, 0.005909259858964006, 0.03356083629964382, 0.005974544305853541, 0.002462462471054359, 0.005424437568608222, 0.011391925151236978, 0.02005303474122699, 0.052695062869484305, 0.00985026009120286, 0.015644838790518284, 0.01972200925030874, 0.020620317400193277, 0.004714244968387553, 0.0034378914193009787, 0.03752100173996716]","[0.880952380952381, 1.0, 0.9523809523809524, 0.7142857142857144, 0.7142857142857144, 0.9523809523809524, 0.9285714285714287, 0.9761904761904763, 0.7857142857142858, 0.9761904761904763, 0.9523809523809524, 0.880952380952381, 0.9761904761904763, 0.9047619047619048, 0.880952380952381, 0.9047619047619048, 0.7142857142857144, 0.9761904761904763, 1.0, 0.9761904761904763, 0.9047619047619048, 0.7857142857142858, 0.7142857142857144, 0.9761904761904763, 0.7380952380952381, 0.880952380952381, 0.9761904761904763, 0.9761904761904763, 1.0, 0.7142857142857144]","[0.7142857142857142, 0.9999999999999998, 0.8571428571428571, 0.5714285714285714, 0.5714285714285714, 0.8571428571428571, 0.8571428571428571, 0.9285714285714285, 0.6428571428571428, 0.9285714285714285, 0.8571428571428571, 0.7142857142857142, 0.9285714285714285, 0.7857142857142856, 0.7142857142857142, 0.7857142857142856, 0.5714285714285714, 0.9285714285714285, 0.9999999999999998, 0.9285714285714285, 0.7857142857142856, 0.6428571428571428, 0.5714285714285714, 0.9285714285714285, 0.6428571428571428, 0.7142857142857142, 0.9285714285714285, 0.9285714285714285, 0.9999999999999998, 0.5714285714285714]","[0.6666666666666666, 1.0, 1.0, 0.6666666666666666, 0.6666666666666666, 1.0, 1.0, 0.6666666666666666, 0.6666666666666666, 1.0, 1.0, 0.6666666666666666, 1.0, 0.6666666666666666, 0.6666666666666666, 1.0, 0.6666666666666666, 1.0, 1.0, 1.0, 0.6666666666666666, 0.6666666666666666, 0.6666666666666666, 0.6666666666666666, 1.0, 0.6666666666666666, 1.0, 1.0, 1.0, 0.6666666666666666]","[0.8, 1.0, 1.0, 0.6, 0.6, 1.0, 0.8, 1.0, 0.8, 0.8, 1.0, 0.8, 0.8, 0.8, 0.8, 0.8, 0.6, 0.8, 1.0, 1.0, 0.8, 0.8, 0.6, 1.0, 0.6, 0.8, 1.0, 0.8, 1.0, 0.6]"
california,mlp,5000,3,8,abc_shap,A1,0.2496,0.06384300330619098,0.06204273532329925,0.007980375413273873,0.007755341915412406,0.042871282054256374,0.08826787712438905,,0.8301587301587302,0.15328764641914755,0.7713690476190477,0.8809523809523809,0.7261904761904763,0.1619222679611362,0.9444444444444444,0.12422599874998834,0.8533333333333335,0.12578641509408806,0.007649573061689764,1248.0,3752.0,1.147292790003121,0.1881045685013902,1248.0,"[0.07576254990234867, 0.12971894590801866, 0.050315876324834245, 0.0043936118952629, 0.0014169744133892203, 0.106653886462461, 0.004433382124815608, 0.047793138141683164, 0.10334841828982679, 0.0013204553996238441, 0.0073989260140649325, 0.04203204677175252, 0.009157297248049836, 0.13842481599872217, 0.06216535950339439, 0.005718307282934749, 0.12868678629530395, 0.25919170442778544, 0.15108143211011227, 0.09129333542772443, 0.040348642625768226, 0.03642537509095936, 0.018052175629712695, 0.021607389015022627, 0.009203352530738607, 0.006003810385061178, 0.1532765970428359, 0.0997887894799178, 0.10519046450497528, 0.005086252938628675]","[0.9047619047619048, 0.9523809523809524, 0.9523809523809524, 0.9285714285714287, 1.0, 0.6190476190476191, 0.9047619047619048, 0.9523809523809524, 0.9523809523809524, 0.9285714285714287, 0.7857142857142858, 0.9047619047619048, 0.7619047619047621, 0.6904761904761906, 0.4285714285714286, 0.9285714285714287, 0.9285714285714287, 0.7619047619047621, 0.7380952380952381, 0.6190476190476191, 0.38095238095238104, 0.9523809523809524, 0.8095238095238096, 0.7380952380952381, 0.8571428571428572, 0.8333333333333335, 0.9523809523809524, 0.9523809523809524, 0.9523809523809524, 0.8333333333333335]","[0.7857142857142856, 0.8571428571428571, 0.8571428571428571, 0.8571428571428571, 0.9999999999999998, 0.4999999999999999, 0.7857142857142856, 0.8571428571428571, 0.8571428571428571, 0.8571428571428571, 0.6428571428571428, 0.7857142857142856, 0.5714285714285714, 0.5714285714285714, 0.42857142857142855, 0.8571428571428571, 0.7857142857142856, 0.7142857142857142, 0.6428571428571428, 0.4999999999999999, 0.2857142857142857, 0.8571428571428571, 0.6428571428571428, 0.4999999999999999, 0.7857142857142856, 0.7142857142857142, 0.8571428571428571, 0.8571428571428571, 0.8571428571428571, 0.7142857142857142]","[1.0, 1.0, 1.0, 1.0, 1.0, 0.6666666666666666, 1.0, 1.0, 1.0, 1.0, 1.0, 1.0, 1.0, 0.6666666666666666, 0.6666666666666666, 1.0, 1.0, 1.0, 1.0, 0.6666666666666666, 0.6666666666666666, 1.0, 1.0, 1.0, 1.0, 1.0, 1.0, 1.0, 1.0, 1.0]","[1.0, 1.0, 1.0, 0.8, 1.0, 0.8, 0.8, 1.0, 1.0, 0.8, 0.6, 1.0, 0.8, 0.8, 0.6, 0.8, 0.8, 0.8, 0.8, 0.8, 0.6, 1.0, 0.8, 0.8, 0.8, 0.8, 1.0, 1.0, 1.0, 0.8]"
california,mlp,5000,3,8,abc_shap,A3,0.7488,0.0444683507724095,0.04921900782201112,0.005558543846551188,0.00615237597775139,0.028748665360755623,0.06135189773083466,,0.7992063492063491,0.17579141135841142,0.7364682539682538,0.8619444444444444,0.688095238095238,0.186703713524908,0.9333333333333333,0.13333333333333336,0.8133333333333336,0.11469767022723501,0.005237371745665374,3744.0,1256.0,1.0744251133408398,0.0763871545300183,3744.0,"[0.04106493213974314, 0.05119508892913399, 0.19611426541591753, 0.008643460013930973, 0.02228513787186131, 0.04394616176093775, 0.02582894320008106, 0.008521699497260801, 0.026105757537761266, 0.0051521859838309465, 0.017811906112790547, 0.026766117618726517, 0.09981900102102656, 0.13714930052782803, 0.016160849647852832, 0.002066794603590176, 0.013472160184130647, 0.0034694144131826683, 0.061124192267742156, 0.01669994889845883, 0.1351845329192518, 0.023830108594412057, 0.00453409362252485, 0.08962191898213992, 0.027511539847265322, 0.12589393770569005, 0.08582130675900856, 0.004670859331097681, 0.009745654454940472, 0.003839253310166341]","[0.3571428571428572, 0.9047619047619048, 0.9047619047619048, 0.9285714285714287, 0.5476190476190477, 0.3333333333333334, 0.7380952380952381, 0.9285714285714287, 0.8095238095238096, 0.9285714285714287, 0.6190476190476191, 0.8095238095238096, 0.8333333333333335, 0.9523809523809524, 0.8333333333333335, 0.9285714285714287, 0.7619047619047621, 0.8333333333333335, 0.4285714285714286, 0.7619047619047621, 0.9047619047619048, 0.7142857142857144, 0.9285714285714287, 0.9523809523809524, 0.9285714285714287, 0.6904761904761906, 0.9285714285714287, 0.9285714285714287, 0.880952380952381, 0.9761904761904763]","[0.21428571428571427, 0.7857142857142856, 0.7857142857142856, 0.8571428571428571, 0.42857142857142855, 0.21428571428571427, 0.4999999999999999, 0.8571428571428571, 0.6428571428571428, 0.8571428571428571, 0.4999999999999999, 0.6428571428571428, 0.7142857142857142, 0.8571428571428571, 0.7142857142857142, 0.8571428571428571, 0.5714285714285714, 0.7142857142857142, 0.42857142857142855, 0.7142857142857142, 0.7857142857142856, 0.5714285714285714, 0.8571428571428571, 0.8571428571428571, 0.7857142857142856, 0.5714285714285714, 0.7857142857142856, 0.8571428571428571, 0.7857142857142856, 0.9285714285714285]","[0.6666666666666666, 1.0, 1.0, 1.0, 0.6666666666666666, 0.6666666666666666, 1.0, 1.0, 1.0, 1.0, 0.6666666666666666, 1.0, 1.0, 1.0, 1.0, 1.0, 1.0, 1.0, 0.6666666666666666, 1.0, 1.0, 1.0, 1.0, 1.0, 1.0, 0.6666666666666666, 1.0, 1.0, 1.0, 1.0]","[0.6, 1.0, 1.0, 0.8, 0.6, 0.6, 0.8, 0.8, 0.8, 0.8, 0.8, 0.8, 0.8, 1.0, 0.8, 0.8, 0.8, 0.8, 0.6, 0.8, 1.0, 0.8, 0.8, 1.0, 0.8, 0.8, 0.8, 0.8, 0.8, 1.0]"
california,mlp,5000,4,8,abc_shap,A1,0.2496,0.02280168485736931,0.02313420503853267,0.0028502106071711638,0.002891775629816584,0.014948377641460935,0.031245406584040417,,0.8071428571428572,0.14023385069168784,0.7538888888888887,0.8555555555555555,0.6928571428571428,0.15773697214335128,0.8111111111111112,0.1651785416368723,0.8666666666666668,0.09428090415820632,0.002759000453386066,1248.0,3752.0,1.1550539533316624,0.17515797755101947,1248.0,"[0.03721626560378551, 0.039416540794599345, 0.0029449762980987507, 0.009997471302250783, 0.002015968437820918, 0.012928021087601238, 0.01290985426556891, 0.005206687321229977, 0.0003249608047198971, 0.002433205168924124, 0.011324626714975158, 0.0022359308750959884, 0.04307595798668865, 0.010860059262220861, 0.07902280059286318, 0.004211002746557795, 0.04117757290604828, 0.07977971366956577, 0.015034462907330319, 0.00023925082207825268, 0.04170730119297071, 0.00820945455356275, 0.04199196522888309, 0.006672385309786141, 0.009193955848835294, 0.0036133563510502083, 0.03153850632642629, 0.03620055509234916, 0.07155726942425163, 0.021010466824940174]","[0.7857142857142858, 0.5476190476190477, 0.9761904761904763, 0.880952380952381, 0.7619047619047621, 0.9047619047619048, 0.9047619047619048, 0.9047619047619048, 0.9761904761904763, 0.7380952380952381, 0.9047619047619048, 0.9761904761904763, 0.5476190476190477, 0.880952380952381, 0.8333333333333335, 0.9047619047619048, 0.5476190476190477, 0.8333333333333335, 0.8333333333333335, 0.9285714285714287, 0.5476190476190477, 0.8333333333333335, 0.7142857142857144, 0.9761904761904763, 0.8333333333333335, 0.9047619047619048, 0.8333333333333335, 0.5476190476190477, 0.8333333333333335, 0.6190476190476191]","[0.6428571428571428, 0.42857142857142855, 0.9285714285714285, 0.7857142857142856, 0.5714285714285714, 0.7857142857142856, 0.7857142857142856, 0.7857142857142856, 0.9285714285714285, 0.6428571428571428, 0.7857142857142856, 0.9285714285714285, 0.42857142857142855, 0.7857142857142856, 0.6428571428571428, 0.7857142857142856, 0.42857142857142855, 0.7142857142857142, 0.7142857142857142, 0.8571428571428571, 0.42857142857142855, 0.7142857142857142, 0.5714285714285714, 0.9285714285714285, 0.6428571428571428, 0.7857142857142856, 0.7142857142857142, 0.42857142857142855, 0.7142857142857142, 0.4999999999999999]","[1.0, 0.6666666666666666, 0.6666666666666666, 1.0, 1.0, 1.0, 0.6666666666666666, 0.6666666666666666, 1.0, 1.0, 0.6666666666666666, 0.6666666666666666, 0.6666666666666666, 1.0, 0.6666666666666666, 0.6666666666666666, 0.6666666666666666, 1.0, 1.0, 1.0, 0.6666666666666666, 0.6666666666666666, 0.6666666666666666, 1.0, 0.6666666666666666, 0.6666666666666666, 1.0, 0.6666666666666666, 1.0, 0.6666666666666666]","[0.8, 0.8, 1.0, 0.8, 0.8, 0.8, 1.0, 1.0, 0.8, 0.8, 1.0, 1.0, 0.8, 0.8, 1.0, 1.0, 0.8, 0.8, 0.8, 1.0, 0.8, 0.8, 0.8, 0.8, 1.0, 1.0, 0.8, 0.8, 0.8, 0.8]"
california,mlp,5000,4,8,abc_shap,A3,0.7488,0.021067990886930243,0.02021914119571961,0.0026334988608662803,0.0025273926494649513,0.014215777399592412,0.028626616018043408,,0.8111111111111111,0.14138572026440224,0.7603174603174605,0.859563492063492,0.7023809523809523,0.15658269569007027,0.8333333333333335,0.16666666666666666,0.8333333333333335,0.09067647005823629,0.0025559240843626516,3744.0,1256.0,1.1369251199978558,0.09607363323968485,3744.0,"[0.040501640198803986, 0.002439476396596067, 0.03760963709800846, 0.024552501504342083, 0.0036617057829225357, 0.0008946502393892832, 0.007715376313804628, 0.00978764871678022, 0.0009428870813604478, 0.005423836762270878, 0.07217465402280342, 0.014786366526204499, 0.016538198089278016, 0.017410410801502182, 0.04724015898842328, 0.004563826868503927, 0.008709271470747489, 0.022536090391901117, 0.02363399163881161, 0.0262288759382451, 0.0038260963604902954, 0.057853370445629486, 0.0032353766683210746, 0.031340600127639784, 0.0010562402559494437, 0.03620748168914401, 0.07360878927338653, 0.017740221334364408, 0.005803384064900657, 0.01401696155738242]","[0.6190476190476191, 0.8333333333333335, 0.5714285714285715, 0.7857142857142858, 0.9047619047619048, 1.0, 0.9047619047619048, 0.8095238095238096, 0.9761904761904763, 0.5952380952380953, 0.880952380952381, 0.9523809523809524, 0.5714285714285715, 0.4761904761904762, 0.8333333333333335, 0.880952380952381, 0.9761904761904763, 0.9047619047619048, 0.8333333333333335, 0.8571428571428572, 0.7857142857142858, 0.7142857142857144, 0.9285714285714287, 0.6190476190476191, 0.9523809523809524, 0.6428571428571429, 0.8333333333333335, 0.8333333333333335, 0.9047619047619048, 0.9523809523809524]","[0.4999999999999999, 0.7142857142857142, 0.4999999999999999, 0.6428571428571428, 0.7857142857142856, 0.9999999999999998, 0.7857142857142856, 0.6428571428571428, 0.9285714285714285, 0.42857142857142855, 0.7857142857142856, 0.8571428571428571, 0.4999999999999999, 0.3571428571428571, 0.7142857142857142, 0.7142857142857142, 0.9285714285714285, 0.7857142857142856, 0.7142857142857142, 0.7857142857142856, 0.6428571428571428, 0.5714285714285714, 0.8571428571428571, 0.4999999999999999, 0.8571428571428571, 0.5714285714285714, 0.6428571428571428, 0.7142857142857142, 0.7857142857142856, 0.8571428571428571]","[0.6666666666666666, 1.0, 0.6666666666666666, 1.0, 1.0, 1.0, 0.6666666666666666, 0.6666666666666666, 1.0, 1.0, 1.0, 1.0, 0.6666666666666666, 0.6666666666666666, 1.0, 1.0, 0.6666666666666666, 0.6666666666666666, 1.0, 1.0, 0.6666666666666666, 0.6666666666666666, 1.0, 0.6666666666666666, 1.0, 0.6666666666666666, 0.6666666666666666, 1.0, 0.6666666666666666, 0.6666666666666666]","[0.8, 0.8, 0.8, 0.8, 0.8, 1.0, 1.0, 0.8, 0.8, 0.6, 0.8, 0.8, 0.8, 0.8, 0.8, 0.8, 1.0, 1.0, 0.8, 0.8, 0.8, 0.8, 0.8, 0.8, 0.8, 0.8, 1.0, 0.8, 0.8, 1.0]"
california,mlp,5000,5,8,abc_shap,A1,0.2496,0.031472252944217925,0.03231950819785568,0.003934031618027241,0.00403993852473196,0.020705752230828895,0.04306249177112305,,0.9103174603174602,0.036204745168117614,0.8976190476190475,0.923015873015873,0.8261904761904761,0.047678534272620955,1.0,0.0,0.8733333333333334,0.09637888196533971,0.0038095655813307305,1248.0,3752.0,1.039091843335579,0.10552051575915716,1248.0,"[0.004068673779363054, 0.013972785178784078, 0.04110709547166463, 0.0490769970394043, 0.12266582067508608, 0.06555072484664247, 0.016163626998430814, 0.001498593943347657, 0.01738074892080371, 0.09661871181213494, 0.0033838052765222133, 0.07990156472061379, 0.003760919325336406, 0.0730066656294096, 0.004201587420842599, 0.013175469929480611, 0.07703761220481352, 0.021832945671389763, 0.06753575827453209, 0.0012350830650125519, 0.0011545126227755552, 0.022663775965719443, 0.011887206426747317, 0.005489986960293833, 0.012277302470260872, 0.0008080653656028688, 0.02106648153458877, 0.036772911436759835, 0.018831429445674324, 0.040040725914500065]","[0.8571428571428572, 0.8571428571428572, 0.9285714285714287, 0.9523809523809524, 0.9047619047619048, 0.9285714285714287, 0.8571428571428572, 0.8571428571428572, 0.9285714285714287, 0.9285714285714287, 0.9761904761904763, 0.9047619047619048, 0.8333333333333335, 0.9047619047619048, 0.9047619047619048, 0.9285714285714287, 0.9047619047619048, 0.9047619047619048, 0.9523809523809524, 0.9761904761904763, 0.8571428571428572, 0.9285714285714287, 0.9285714285714287, 0.9285714285714287, 0.8571428571428572, 0.9285714285714287, 0.9285714285714287, 0.9285714285714287, 0.9047619047619048, 0.9285714285714287]","[0.7857142857142856, 0.7857142857142856, 0.8571428571428571, 0.8571428571428571, 0.7857142857142856, 0.8571428571428571, 0.7857142857142856, 0.7857142857142856, 0.8571428571428571, 0.8571428571428571, 0.9285714285714285, 0.7857142857142856, 0.7142857142857142, 0.7857142857142856, 0.7857142857142856, 0.8571428571428571, 0.7857142857142856, 0.7857142857142856, 0.8571428571428571, 0.9285714285714285, 0.7857142857142856, 0.8571428571428571, 0.8571428571428571, 0.8571428571428571, 0.7857142857142856, 0.8571428571428571, 0.8571428571428571, 0.8571428571428571, 0.7857142857142856, 0.8571428571428571]","[1.0, 1.0, 1.0, 1.0, 1.0, 1.0, 1.0, 1.0, 1.0, 1.0, 1.0, 1.0, 1.0, 1.0, 1.0, 1.0, 1.0, 1.0, 1.0, 1.0, 1.0, 1.0, 1.0, 1.0, 1.0, 1.0, 1.0, 1.0, 1.0, 1.0]","[0.8, 0.8, 1.0, 0.8, 0.8, 1.0, 0.8, 0.8, 0.8, 1.0, 1.0, 0.8, 0.8, 0.8, 1.0, 0.8, 0.8, 1.0, 0.8, 0.8, 0.8, 0.8, 0.8, 1.0, 0.8, 0.8, 1.0, 1.0, 1.0, 1.0]"
california,mlp,5000,5,8,abc_shap,A3,0.7488,0.02446423895172268,0.023327031223714385,0.003058029868965335,0.002915878902964298,0.016531630291822738,0.03317013876993334,,0.9285714285714286,0.037394345998062684,0.9150793650793648,0.9412698412698413,0.8452380952380951,0.06139903313441728,1.0,0.0,0.8866666666666667,0.09910712498212336,0.003022632936864887,3744.0,1256.0,1.007904246664839,0.026357282774984617,3744.0,"[0.019520464980641226, 0.02617934113261946, 0.0017829438863927439, 0.005587471459168295, 0.00738394852743038, 0.0031557943347875327, 0.05366203398528413, 0.02394219001920931, 0.010799930895430864, 0.003828558789092658, 0.014356592226654736, 0.05053084312535738, 0.013132322924202204, 0.07075115508002236, 0.08534633577775595, 0.01996446877726889, 0.0020871653207453623, 0.021681372027011505, 0.024909212375646625, 0.011817231493672843, 0.0041285797383624565, 0.02115054740638939, 0.03199967741138864, 0.036912169190224914, 0.06456454848360277, 0.004409735617597428, 0.005971079631959312, 0.07189409933288483, 0.0017696041854724034, 0.020707750415403615]","[0.9047619047619048, 0.9523809523809524, 0.9761904761904763, 0.9761904761904763, 0.9761904761904763, 0.9761904761904763, 0.9761904761904763, 0.9047619047619048, 0.9047619047619048, 0.9285714285714287, 0.880952380952381, 0.8333333333333335, 0.9285714285714287, 0.9047619047619048, 0.8333333333333335, 0.9523809523809524, 0.9285714285714287, 0.9285714285714287, 0.9047619047619048, 0.9285714285714287, 0.9285714285714287, 0.9761904761904763, 0.9285714285714287, 0.9523809523809524, 0.9047619047619048, 0.9285714285714287, 0.9285714285714287, 0.9047619047619048, 0.9761904761904763, 0.9285714285714287]","[0.7857142857142856, 0.8571428571428571, 0.9285714285714285, 0.9285714285714285, 0.9285714285714285, 0.9285714285714285, 0.9285714285714285, 0.7857142857142856, 0.7857142857142856, 0.8571428571428571, 0.7857142857142856, 0.7142857142857142, 0.8571428571428571, 0.7857142857142856, 0.7142857142857142, 0.8571428571428571, 0.8571428571428571, 0.8571428571428571, 0.7857142857142856, 0.8571428571428571, 0.8571428571428571, 0.9285714285714285, 0.8571428571428571, 0.8571428571428571, 0.7857142857142856, 0.8571428571428571, 0.8571428571428571, 0.7857142857142856, 0.9285714285714285, 0.8571428571428571]","[1.0, 1.0, 1.0, 1.0, 1.0, 1.0, 1.0, 1.0, 1.0, 1.0, 1.0, 1.0, 1.0, 1.0, 1.0, 1.0, 1.0, 1.0, 1.0, 1.0, 1.0, 1.0, 1.0, 1.0, 1.0, 1.0, 1.0, 1.0, 1.0, 1.0]","[1.0, 0.8, 0.8, 0.8, 0.8, 0.8, 0.8, 1.0, 1.0, 1.0, 0.8, 0.8, 1.0, 0.8, 0.8, 0.8, 1.0, 1.0, 1.0, 0.8, 1.0, 0.8, 0.8, 0.8, 0.8, 1.0, 1.0, 0.8, 1.0, 1.0]"
california,mlp,5000,6,8,abc_shap,A1,0.2496,0.005835168560581635,0.006281759912026288,0.0007293960700727044,0.000785219989003286,0.003910437421809386,0.008360002061371932,,0.8492063492063493,0.07462005887963907,0.822202380952381,0.873829365079365,0.6952380952380952,0.1150766283199483,0.8666666666666667,0.16329931618554525,0.9666666666666667,0.07453559924999298,0.0006952259715706786,1248.0,3752.0,0.9683331400039605,0.011149172346742283,1248.0,"[0.004373984885636281, 0.0021542441320434517, 0.00040170017285140935, 0.0015806833508083878, 0.0013475761954313337, 0.008797606935426402, 0.0018530882803726798, 0.007603564068157121, 0.006342529955666188, 0.00045374314424858145, 0.0002464146854896656, 0.005780075927297343, 0.0010382485935912641, 0.0014175096864045952, 0.008597502843066691, 0.027999495987848233, 0.006254357547150488, 0.010184016312369872, 0.00795336125135005, 0.011393656224061294, 7.198481145448703e-05, 0.014662256657034247, 0.002656392059625782, 0.004684079321198687, 0.004453858036416221, 0.000731364925759904, 0.0023183545359254485, 0.003814753645738586, 0.021553053365676058, 0.004335599279348311]","[0.8095238095238096, 0.9523809523809524, 0.9523809523809524, 0.9047619047619048, 0.9047619047619048, 0.8333333333333335, 0.880952380952381, 0.8095238095238096, 0.7380952380952381, 0.9047619047619048, 0.9285714285714287, 0.8095238095238096, 0.9523809523809524, 0.9047619047619048, 0.8333333333333335, 0.7142857142857144, 0.8333333333333335, 0.7380952380952381, 0.8333333333333335, 0.8333333333333335, 0.9761904761904763, 0.7142857142857144, 0.880952380952381, 0.8333333333333335, 0.8333333333333335, 0.9523809523809524, 0.8571428571428572, 0.8333333333333335, 0.7142857142857144, 0.8095238095238096]","[0.6428571428571428, 0.8571428571428571, 0.8571428571428571, 0.7857142857142856, 0.7857142857142856, 0.6428571428571428, 0.7142857142857142, 0.6428571428571428, 0.5714285714285714, 0.7857142857142856, 0.8571428571428571, 0.6428571428571428, 0.8571428571428571, 0.7857142857142856, 0.6428571428571428, 0.4999999999999999, 0.6428571428571428, 0.5714285714285714, 0.6428571428571428, 0.6428571428571428, 0.9285714285714285, 0.4999999999999999, 0.7142857142857142, 0.6428571428571428, 0.6428571428571428, 0.8571428571428571, 0.7142857142857142, 0.6428571428571428, 0.4999999999999999, 0.6428571428571428]","[0.6666666666666666, 0.6666666666666666, 1.0, 1.0, 1.0, 1.0, 0.6666666666666666, 0.6666666666666666, 0.6666666666666666, 1.0, 1.0, 0.6666666666666666, 1.0, 1.0, 1.0, 0.6666666666666666, 1.0, 0.6666666666666666, 1.0, 1.0, 1.0, 0.6666666666666666, 0.6666666666666666, 1.0, 1.0, 1.0, 1.0, 1.0, 0.6666666666666666, 0.6666666666666666]","[1.0, 1.0, 1.0, 1.0, 1.0, 1.0, 1.0, 1.0, 0.8, 1.0, 1.0, 1.0, 1.0, 1.0, 1.0, 0.8, 1.0, 0.8, 1.0, 1.0, 1.0, 0.8, 1.0, 1.0, 1.0, 1.0, 1.0, 1.0, 0.8, 1.0]"
california,mlp,5000,6,8,abc_shap,A3,0.7488,0.008431668185830323,0.009548957454643904,0.0010539585232287904,0.001193619681830488,0.005516114972467475,0.01197914082446687,,0.8261904761904763,0.07431979275307599,0.7992063492063493,0.8524007936507937,0.6642857142857141,0.101267477705413,0.8333333333333335,0.16666666666666666,0.94,0.09165151389911678,0.0009814094195383075,3744.0,1256.0,1.0723834699989918,0.0671267868112935,3744.0,"[0.00037815930381096866, 0.0002911972084102861, 0.0033052602153894385, 0.0016593982123076791, 0.01911421359439407, 0.040840281720067616, 0.0015436227887613303, 0.004494049184828417, 0.014979112430522428, 0.0057978125394365755, 0.008613579140559312, 0.00909052321123148, 0.005042097704526881, 0.0007435335736596323, 0.013038536860156578, 0.008563728830988337, 0.010341579951028856, 0.019618810836048182, 0.007669253127056257, 0.002241528394976717, 0.004246003975976854, 0.004761802134951132, 0.009130364527158973, 0.0004086747370898961, 0.0034459449840706447, 0.011975929919186664, 0.004751841046642953, 0.00028102754675182577, 0.035428168492445275, 0.0011540093824744392]","[0.9523809523809524, 0.9047619047619048, 0.8095238095238096, 0.9523809523809524, 0.7142857142857144, 0.8333333333333335, 0.9047619047619048, 0.9285714285714287, 0.7380952380952381, 0.8333333333333335, 0.7380952380952381, 0.7380952380952381, 0.880952380952381, 0.9047619047619048, 0.7380952380952381, 0.7142857142857144, 0.7380952380952381, 0.8333333333333335, 0.8333333333333335, 0.8333333333333335, 0.8095238095238096, 0.880952380952381, 0.7380952380952381, 0.9047619047619048, 0.8095238095238096, 0.8333333333333335, 0.8095238095238096, 0.9047619047619048, 0.7142857142857144, 0.8571428571428572]","[0.8571428571428571, 0.7857142857142856, 0.6428571428571428, 0.8571428571428571, 0.4999999999999999, 0.6428571428571428, 0.7857142857142856, 0.7857142857142856, 0.5714285714285714, 0.6428571428571428, 0.5714285714285714, 0.5714285714285714, 0.7142857142857142, 0.7857142857142856, 0.5714285714285714, 0.4999999999999999, 0.5714285714285714, 0.6428571428571428, 0.6428571428571428, 0.6428571428571428, 0.6428571428571428, 0.7142857142857142, 0.5714285714285714, 0.7857142857142856, 0.6428571428571428, 0.6428571428571428, 0.6428571428571428, 0.7857142857142856, 0.4999999999999999, 0.7142857142857142]","[1.0, 1.0, 0.6666666666666666, 1.0, 0.6666666666666666, 1.0, 1.0, 0.6666666666666666, 0.6666666666666666, 1.0, 0.6666666666666666, 0.6666666666666666, 0.6666666666666666, 1.0, 0.6666666666666666, 0.6666666666666666, 0.6666666666666666, 1.0, 1.0, 1.0, 0.6666666666666666, 1.0, 0.6666666666666666, 1.0, 0.6666666666666666, 1.0, 0.6666666666666666, 1.0, 0.6666666666666666, 1.0]","[1.0, 1.0, 1.0, 1.0, 0.8, 1.0, 1.0, 1.0, 0.8, 1.0, 0.8, 0.8, 1.0, 1.0, 0.8, 0.8, 0.8, 1.0, 1.0, 1.0, 1.0, 1.0, 0.8, 1.0, 1.0, 1.0, 1.0, 1.0, 0.8, 1.0]"
california,mlp,5000,7,8,abc_shap,A1,0.2496,0.003060482137363793,0.0034731960987903696,0.0003825602671704741,0.0004341495123487962,0.0018324091648522986,0.0043161654300435635,,0.9857142857142857,0.01579345138264473,0.98015873015873,0.9912698412698411,0.957142857142857,0.04738035414793421,1.0,0.0,1.0,0.0,0.0003782489637768831,1248.0,3752.0,1.000277880001037,0.04941928690092097,1248.0,"[0.01177723356006776, 0.0010287997476854194, 0.006539951053611307, 0.002181642252017676, 0.002224965387850559, 0.0013614761410662428, 0.0005284370480879808, 0.0032730769909198776, 0.009122846365806698, 0.0007941519050333497, 0.010241265403548368, 0.00011632736754704457, 0.00048786596299404386, 4.959042477589267e-05, 0.005758056118914356, 0.004276911731956277, 0.0001000706999941804, 0.00026372770049997926, 0.0034733447453141626, 0.003840789690395553, 0.0002548317193848361, 0.004901490015573456, 0.0019295148610205019, 0.0010921905775218882, 0.0005368583152887777, 7.053637140155681e-05, 0.003445053444332099, 0.0006183313960627263, 0.00017239361463982673, 0.011352733507601374]","[0.9761904761904763, 1.0, 0.9761904761904763, 1.0, 0.9523809523809524, 1.0, 1.0, 1.0, 0.9761904761904763, 0.9761904761904763, 0.9761904761904763, 1.0, 1.0, 1.0, 0.9761904761904763, 0.9761904761904763, 1.0, 0.9761904761904763, 0.9523809523809524, 0.9761904761904763, 1.0, 0.9761904761904763, 1.0, 0.9523809523809524, 0.9761904761904763, 1.0, 1.0, 1.0, 1.0, 0.9761904761904763]","[0.9285714285714285, 0.9999999999999998, 0.9285714285714285, 0.9999999999999998, 0.8571428571428571, 0.9999999999999998, 0.9999999999999998, 0.9999999999999998, 0.9285714285714285, 0.9285714285714285, 0.9285714285714285, 0.9999999999999998, 0.9999999999999998, 0.9999999999999998, 0.9285714285714285, 0.9285714285714285, 0.9999999999999998, 0.9285714285714285, 0.8571428571428571, 0.9285714285714285, 0.9999999999999998, 0.9285714285714285, 0.9999999999999998, 0.8571428571428571, 0.9285714285714285, 0.9999999999999998, 0.9999999999999998, 0.9999999999999998, 0.9999999999999998, 0.9285714285714285]","[1.0, 1.0, 1.0, 1.0, 1.0, 1.0, 1.0, 1.0, 1.0, 1.0, 1.0, 1.0, 1.0, 1.0, 1.0, 1.0, 1.0, 1.0, 1.0, 1.0, 1.0, 1.0, 1.0, 1.0, 1.0, 1.0, 1.0, 1.0, 1.0, 1.0]","[1.0, 1.0, 1.0, 1.0, 1.0, 1.0, 1.0, 1.0, 1.0, 1.0, 1.0, 1.0, 1.0, 1.0, 1.0, 1.0, 1.0, 1.0, 1.0, 1.0, 1.0, 1.0, 1.0, 1.0, 1.0, 1.0, 1.0, 1.0, 1.0, 1.0]"
california,mlp,5000,7,8,abc_shap,A3,0.7488,0.004055611554526899,0.004443292625683222,0.0005069514443158624,0.0005554115782104027,0.002589708082446085,0.005698255443726063,,0.976984126984127,0.024190080403378,0.9674603174603177,0.9857142857142857,0.9404761904761904,0.05558389299966065,1.0,0.0,1.0,0.0,0.0004960623011080573,3744.0,1256.0,1.0077855666633695,0.011060374655053969,3744.0,"[0.004765224991699022, 0.0003532917015022903, 0.007263515642661649, 0.0009186271605393532, 0.0019279043795641317, 0.0008518896674439616, 0.015190911747810818, 0.001362053711824746, 0.0006649431127325829, 0.010433774573917448, 0.0020486256796239566, 0.006471806629581354, 0.0019069670278826745, 0.0016700335706986032, 0.00035245579965634483, 0.007386275184091613, 0.002649294631644138, 0.008424283513051982, 0.011031357122452743, 0.0004928834536884762, 0.003349940910937343, 0.00015077757976137524, 0.00812218970979162, 0.0014683018481301707, 0.016221452392717016, 0.0030382177105284084, 0.00042479569032108334, 0.00032348872447152273, 0.001874020111166863, 0.0005290426559136593]","[0.9761904761904763, 1.0, 0.9761904761904763, 0.9761904761904763, 1.0, 0.9761904761904763, 0.9285714285714287, 1.0, 0.9761904761904763, 0.9285714285714287, 0.9761904761904763, 0.9761904761904763, 0.9523809523809524, 1.0, 1.0, 0.9761904761904763, 0.9523809523809524, 0.9761904761904763, 0.9285714285714287, 1.0, 0.9761904761904763, 1.0, 0.9761904761904763, 1.0, 0.9285714285714287, 0.9523809523809524, 1.0, 1.0, 1.0, 1.0]","[0.9285714285714285, 0.9999999999999998, 0.9285714285714285, 0.9285714285714285, 0.9999999999999998, 0.9285714285714285, 0.8571428571428571, 0.9999999999999998, 0.9285714285714285, 0.8571428571428571, 0.9285714285714285, 0.9285714285714285, 0.8571428571428571, 0.9999999999999998, 0.9999999999999998, 0.9285714285714285, 0.8571428571428571, 0.9285714285714285, 0.8571428571428571, 0.9999999999999998, 0.9285714285714285, 0.9999999999999998, 0.9285714285714285, 0.9999999999999998, 0.8571428571428571, 0.8571428571428571, 0.9999999999999998, 0.9999999999999998, 0.9999999999999998, 0.9999999999999998]","[1.0, 1.0, 1.0, 1.0, 1.0, 1.0, 1.0, 1.0, 1.0, 1.0, 1.0, 1.0, 1.0, 1.0, 1.0, 1.0, 1.0, 1.0, 1.0, 1.0, 1.0, 1.0, 1.0, 1.0, 1.0, 1.0, 1.0, 1.0, 1.0, 1.0]","[1.0, 1.0, 1.0, 1.0, 1.0, 1.0, 1.0, 1.0, 1.0, 1.0, 1.0, 1.0, 1.0, 1.0, 1.0, 1.0, 1.0, 1.0, 1.0, 1.0, 1.0, 1.0, 1.0, 1.0, 1.0, 1.0, 1.0, 1.0, 1.0, 1.0]"
california,mlp,5000,8,8,abc_shap,A1,0.2496,0.058578756803341896,0.050701235944717184,0.007322344600417737,0.006337654493089648,0.04138291782759104,0.07819017234957226,,0.9626984126984127,0.03969047539698406,0.9476190476190476,0.9777777777777775,0.9166666666666665,0.08666797487238706,1.0,0.0,1.0,0.0,0.007213065975711931,1248.0,3752.0,0.976736349996645,0.035313895088060016,1248.0,"[0.14266218085982774, 0.18497519208867522, 0.005915010448652779, 0.09208354293161153, 0.009697816817612266, 0.01667842758667591, 0.1650954022223775, 0.04606412195643208, 0.12044811807905072, 0.08791327851993343, 0.03577618509683373, 0.02125310587622421, 0.019285815217017662, 0.04082440894970347, 0.09491269687053751, 0.041223585462150374, 0.0622191660026031, 0.06206460658096803, 0.06039024511955235, 0.04233910263370153, 0.07281902069648982, 0.016834297889212597, 0.0036520787739218546, 0.0017632992046389213, 0.0871212443500638, 0.0028840062722181453, 0.07713521868511151, 0.13477494482884522, 0.0046939014391157675, 0.0038626826404982665]","[0.880952380952381, 1.0, 1.0, 1.0, 0.9285714285714287, 0.9047619047619048, 0.9047619047619048, 1.0, 0.9047619047619048, 0.9047619047619048, 1.0, 0.9285714285714287, 0.9285714285714287, 0.9761904761904763, 1.0, 0.9285714285714287, 0.9285714285714287, 1.0, 0.9285714285714287, 0.9761904761904763, 0.9761904761904763, 0.9761904761904763, 0.9761904761904763, 1.0, 1.0, 0.9285714285714287, 1.0, 1.0, 1.0, 1.0]","[0.7142857142857142, 0.9999999999999998, 0.9999999999999998, 0.9999999999999998, 0.8571428571428571, 0.7857142857142856, 0.7857142857142856, 0.9999999999999998, 0.7857142857142856, 0.7857142857142856, 0.9999999999999998, 0.8571428571428571, 0.8571428571428571, 0.9285714285714285, 0.9999999999999998, 0.8571428571428571, 0.8571428571428571, 0.9999999999999998, 0.8571428571428571, 0.9285714285714285, 0.9285714285714285, 0.9285714285714285, 0.9285714285714285, 0.9999999999999998, 0.9999999999999998, 0.8571428571428571, 0.9999999999999998, 0.9999999999999998, 0.9999999999999998, 0.9999999999999998]","[1.0, 1.0, 1.0, 1.0, 1.0, 1.0, 1.0, 1.0, 1.0, 1.0, 1.0, 1.0, 1.0, 1.0, 1.0, 1.0, 1.0, 1.0, 1.0, 1.0, 1.0, 1.0, 1.0, 1.0, 1.0, 1.0, 1.0, 1.0, 1.0, 1.0]","[1.0, 1.0, 1.0, 1.0, 1.0, 1.0, 1.0, 1.0, 1.0, 1.0, 1.0, 1.0, 1.0, 1.0, 1.0, 1.0, 1.0, 1.0, 1.0, 1.0, 1.0, 1.0, 1.0, 1.0, 1.0, 1.0, 1.0, 1.0, 1.0, 1.0]"
california,mlp,5000,8,8,abc_shap,A3,0.7488,0.03761824486144815,0.03536611560198984,0.004702280607681019,0.00442076445024873,0.02596704081163328,0.05108275932570676,,0.9619047619047618,0.03719166512336501,0.9491865079365079,0.9753968253968253,0.9119047619047617,0.07971747163230095,1.0,0.0,1.0,0.0,0.004662457822000589,3744.0,1256.0,1.0168208933338367,0.04739288128215602,3744.0,"[0.015612704117742755, 0.03271977303121355, 0.0018387275202141568, 0.049125229586581845, 0.07342638070066086, 0.035125580225051446, 0.0038330237756829667, 0.011808194191080168, 0.11537492892909428, 0.003664561909818781, 0.021642448795189593, 0.14353236743876016, 0.07340899437155497, 0.020333582416110385, 0.040204229689102505, 0.06874199091893864, 0.0011680484332530904, 0.01192061638956617, 0.07011453222545437, 0.005453624252129887, 0.04579013842157651, 0.08424089225446196, 0.0030480448955971353, 0.03337891877668386, 0.007917318513729964, 0.05602925445495974, 0.006731724494718505, 0.05081407013090036, 0.04113470663637492, 0.00041273834724099193]","[0.9047619047619048, 0.9761904761904763, 0.9761904761904763, 0.9761904761904763, 0.9047619047619048, 0.9761904761904763, 1.0, 1.0, 1.0, 0.9761904761904763, 0.9285714285714287, 1.0, 1.0, 0.9285714285714287, 0.9285714285714287, 1.0, 1.0, 0.9047619047619048, 0.9047619047619048, 0.9761904761904763, 0.9047619047619048, 0.9047619047619048, 0.9761904761904763, 0.9761904761904763, 1.0, 0.9285714285714287, 0.9285714285714287, 1.0, 0.9761904761904763, 1.0]","[0.7857142857142856, 0.9285714285714285, 0.9285714285714285, 0.9285714285714285, 0.7857142857142856, 0.9285714285714285, 0.9999999999999998, 0.9999999999999998, 0.9999999999999998, 0.9285714285714285, 0.8571428571428571, 0.9999999999999998, 0.9999999999999998, 0.8571428571428571, 0.8571428571428571, 0.9999999999999998, 0.9999999999999998, 0.7857142857142856, 0.7857142857142856, 0.9285714285714285, 0.7857142857142856, 0.7857142857142856, 0.9285714285714285, 0.9285714285714285, 0.9999999999999998, 0.8571428571428571, 0.8571428571428571, 0.9999999999999998, 0.9285714285714285, 0.9999999999999998]","[1.0, 1.0, 1.0, 1.0, 1.0, 1.0, 1.0, 1.0, 1.0, 1.0, 1.0, 1.0, 1.0, 1.0, 1.0, 1.0, 1.0, 1.0, 1.0, 1.0, 1.0, 1.0, 1.0, 1.0, 1.0, 1.0, 1.0, 1.0, 1.0, 1.0]","[1.0, 1.0, 1.0, 1.0, 1.0, 1.0, 1.0, 1.0, 1.0, 1.0, 1.0, 1.0, 1.0, 1.0, 1.0, 1.0, 1.0, 1.0, 1.0, 1.0, 1.0, 1.0, 1.0, 1.0, 1.0, 1.0, 1.0, 1.0, 1.0, 1.0]"
california,mlp,5000,9,8,abc_shap,A1,0.2496,0.008118899455374098,0.008302837855793933,0.0010148624319217623,0.0010378547319742416,0.005336903909957426,0.011107133033120784,,0.949206349206349,0.04907817407536602,0.9301587301587303,0.965079365079365,0.8857142857142855,0.09689042833036095,0.9666666666666667,0.10000000000000002,0.98,0.05999999999999998,0.0009308221985836048,1248.0,3752.0,1.0378651566570625,0.06556854703353429,1248.0,"[0.007239591167354952, 0.0036191044499349267, 0.006755561717186438, 0.0029624221637306533, 0.00022538625585571528, 0.0308331580194031, 0.002358309735742882, 0.020998134729887236, 0.010760837343580024, 0.00849726931632918, 0.004443548128439242, 0.00029370025848318845, 0.005372014334167785, 0.016352260832108972, 0.004578920437911723, 0.024074959038874896, 0.000639009405701225, 0.0008631982541192504, 0.0008766212897495384, 0.02352185424023219, 8.400440644732361e-05, 0.013973469439216972, 0.00029495783837947206, 0.013646514234322607, 0.0003672397420268784, 0.006338201392519698, 0.002481266868190813, 0.004232805055097461, 0.007904447836013562, 0.01897821573021504]","[0.9285714285714287, 0.9285714285714287, 0.9285714285714287, 0.9761904761904763, 1.0, 0.9523809523809524, 0.9761904761904763, 0.9761904761904763, 0.9761904761904763, 0.9047619047619048, 0.9761904761904763, 0.9761904761904763, 0.9285714285714287, 0.880952380952381, 1.0, 0.8333333333333335, 1.0, 1.0, 0.9761904761904763, 0.8333333333333335, 1.0, 0.880952380952381, 1.0, 0.9047619047619048, 1.0, 0.9761904761904763, 0.9761904761904763, 0.9761904761904763, 0.9285714285714287, 0.880952380952381]","[0.8571428571428571, 0.8571428571428571, 0.8571428571428571, 0.9285714285714285, 0.9999999999999998, 0.8571428571428571, 0.9285714285714285, 0.9285714285714285, 0.9285714285714285, 0.7857142857142856, 0.9285714285714285, 0.9285714285714285, 0.8571428571428571, 0.7142857142857142, 0.9999999999999998, 0.7142857142857142, 0.9999999999999998, 0.9999999999999998, 0.9285714285714285, 0.7142857142857142, 0.9999999999999998, 0.7142857142857142, 0.9999999999999998, 0.7857142857142856, 0.9999999999999998, 0.9285714285714285, 0.9285714285714285, 0.9285714285714285, 0.8571428571428571, 0.7142857142857142]","[1.0, 1.0, 1.0, 1.0, 1.0, 1.0, 1.0, 1.0, 1.0, 1.0, 1.0, 1.0, 1.0, 0.6666666666666666, 1.0, 1.0, 1.0, 1.0, 1.0, 1.0, 1.0, 0.6666666666666666, 1.0, 1.0, 1.0, 1.0, 1.0, 1.0, 1.0, 0.6666666666666666]","[1.0, 1.0, 1.0, 1.0, 1.0, 0.8, 1.0, 1.0, 1.0, 1.0, 1.0, 1.0, 1.0, 1.0, 1.0, 0.8, 1.0, 1.0, 1.0, 0.8, 1.0, 1.0, 1.0, 1.0, 1.0, 1.0, 1.0, 1.0, 1.0, 1.0]"
california,mlp,5000,9,8,abc_shap,A3,0.7488,0.01130015588030762,0.011059477460417778,0.0014125194850384524,0.0013824346825522223,0.007692496875688458,0.01528651129430359,,0.9404761904761905,0.05984042776553745,0.919047619047619,0.9603174603174602,0.8642857142857141,0.11271238455756781,0.9333333333333333,0.13333333333333336,0.9600000000000001,0.07999999999999997,0.0013935852765924188,3744.0,1256.0,1.1145935766748152,0.09715196535836383,3744.0,"[0.0005491242907559782, 0.020099715370713585, 0.0031382850280218754, 0.001773622190962449, 0.019631797056310508, 0.013486611857548049, 0.008891944800066318, 0.008067255084275247, 0.02704399721726504, 0.0007668166551471809, 0.0018586239203929793, 0.017050811533090265, 0.004437300269215057, 0.006344939291422412, 0.009281876578898755, 0.024037193170964716, 0.0006519158968671997, 0.00718084799461183, 0.010191403628388855, 0.03889302661466187, 0.01322934733707155, 0.017849617792198784, 0.003143772181303151, 0.0007015295338058148, 0.0005010023474980957, 0.00567166760001698, 0.007002925975984171, 0.046256073987293575, 0.0115143245888742, 0.009757306615602113]","[1.0, 0.9523809523809524, 0.9761904761904763, 1.0, 0.880952380952381, 0.9761904761904763, 0.9047619047619048, 0.9285714285714287, 0.9523809523809524, 1.0, 1.0, 0.880952380952381, 0.9761904761904763, 0.9285714285714287, 0.9285714285714287, 0.9523809523809524, 0.9761904761904763, 0.9761904761904763, 0.9761904761904763, 0.7619047619047621, 0.880952380952381, 0.9523809523809524, 0.9761904761904763, 1.0, 0.9761904761904763, 0.9285714285714287, 0.9761904761904763, 0.7619047619047621, 0.9047619047619048, 0.9285714285714287]","[0.9999999999999998, 0.8571428571428571, 0.9285714285714285, 0.9999999999999998, 0.7142857142857142, 0.9285714285714285, 0.7857142857142856, 0.8571428571428571, 0.8571428571428571, 0.9999999999999998, 0.9999999999999998, 0.7142857142857142, 0.9285714285714285, 0.8571428571428571, 0.8571428571428571, 0.8571428571428571, 0.9285714285714285, 0.9285714285714285, 0.9285714285714285, 0.5714285714285714, 0.7142857142857142, 0.8571428571428571, 0.9285714285714285, 0.9999999999999998, 0.9285714285714285, 0.8571428571428571, 0.9285714285714285, 0.5714285714285714, 0.7857142857142856, 0.8571428571428571]","[1.0, 1.0, 1.0, 1.0, 0.6666666666666666, 1.0, 1.0, 1.0, 1.0, 1.0, 1.0, 0.6666666666666666, 1.0, 1.0, 1.0, 1.0, 1.0, 1.0, 1.0, 0.6666666666666666, 0.6666666666666666, 1.0, 1.0, 1.0, 1.0, 1.0, 1.0, 0.6666666666666666, 0.6666666666666666, 1.0]","[1.0, 0.8, 1.0, 1.0, 1.0, 1.0, 1.0, 1.0, 0.8, 1.0, 1.0, 1.0, 1.0, 1.0, 1.0, 0.8, 1.0, 1.0, 1.0, 0.8, 1.0, 0.8, 1.0, 1.0, 1.0, 1.0, 1.0, 0.8, 1.0, 1.0]"
