dataset,model,n_budget,instance_idx,M,method,mse,mse_std,mse_norm,mse_norm_std,mse_ci_lower,mse_ci_upper,mse_ratio_b2,spearman_mean,spearman_std,spearman_ci_lower,spearman_ci_upper,kendall_mean,kendall_std,top3_mean,top3_std,top5_mean,top5_std,variance,n_exploration,n_estimation,time_mean,time_std,n_coal_final,mse_per_run,spearman_per_run,kendall_per_run,top3_per_run,top5_per_run
adult,ridge,1000,0,14,abc_shap,0.0020098673284224514,0.0013014577775746338,0.0001435619520301751,9.296126982675956e-05,0.0015606466189826403,0.0024740722659320233,5.010582806401641,0.9469597069597069,0.0436167614117354,0.9318681318681319,0.9613223443223444,0.8681318681318684,0.06973189177606326,0.9666666666666667,0.1,0.9466666666666667,0.08844332774281065,0.0001372543376887379,504.0,496.0,0.13443024998608355,0.0016213754279757594,504.0,"[0.00044968203622256, 0.002285157382097933, 0.004799794487615992, 0.0021126690666042024, 0.005135472085024601, 0.0022024075979268174, 0.000843394876058829, 0.0007972681518102776, 0.0003448829415279058, 0.0022121566230226997, 0.00112650335903555, 0.0008031158527921152, 0.00039415399179054797, 0.0032405892237630865, 0.003412902153840488, 0.0003626522845908145, 0.003433314242189111, 0.002935161396037579, 0.0009540222985963532, 0.0018232347126162774, 0.0015580827522207192, 0.0038101125256233583, 0.0025377686851021895, 0.00042044823644873735, 0.0008446398103573712, 0.0010903827174404595, 0.0026150933334832004, 0.0027477930834481266, 0.002762126518457718, 0.002241037426927912]","[0.9604395604395607, 0.9736263736263736, 0.8769230769230769, 0.9516483516483516, 0.832967032967033, 0.9428571428571428, 0.9824175824175824, 0.9692307692307693, 0.9824175824175824, 0.9032967032967033, 0.9516483516483516, 0.9780219780219781, 0.9824175824175824, 0.8197802197802198, 0.9956043956043955, 0.9868131868131869, 0.9120879120879121, 0.9516483516483516, 0.9912087912087912, 0.9780219780219781, 0.9692307692307693, 0.9692307692307693, 0.9340659340659341, 0.9648351648351648, 0.9780219780219781, 0.9296703296703297, 0.9780219780219781, 0.9340659340659341, 0.9340659340659341, 0.8945054945054945]","[0.8901098901098902, 0.9120879120879122, 0.7582417582417583, 0.8461538461538461, 0.6923076923076924, 0.8681318681318682, 0.9340659340659341, 0.8901098901098902, 0.9340659340659341, 0.8021978021978022, 0.8461538461538461, 0.9340659340659341, 0.9340659340659341, 0.6923076923076924, 0.9780219780219781, 0.9340659340659341, 0.8241758241758242, 0.8461538461538461, 0.9560439560439562, 0.9120879120879122, 0.8901098901098902, 0.8901098901098902, 0.8461538461538461, 0.9120879120879122, 0.9120879120879122, 0.8461538461538461, 0.9120879120879122, 0.8241758241758242, 0.8461538461538461, 0.7802197802197802]","[1.0, 1.0, 1.0, 1.0, 1.0, 1.0, 1.0, 1.0, 0.6666666666666666, 1.0, 1.0, 1.0, 1.0, 1.0, 1.0, 0.6666666666666666, 1.0, 1.0, 1.0, 0.6666666666666666, 1.0, 1.0, 1.0, 1.0, 1.0, 1.0, 1.0, 1.0, 1.0, 1.0]","[1.0, 1.0, 1.0, 1.0, 1.0, 1.0, 1.0, 0.8, 1.0, 1.0, 0.8, 1.0, 1.0, 1.0, 1.0, 1.0, 1.0, 0.8, 1.0, 0.8, 0.8, 0.8, 1.0, 1.0, 0.8, 1.0, 0.8, 1.0, 1.0, 1.0]"
adult,ridge,1000,0,14,b1_uniform,0.0012042813985878897,0.0005571980478545883,8.602009989913498e-05,3.979986056104202e-05,0.0010151311383187942,0.0014048398071045177,3.0022636740754516,0.9481318681318681,0.02938596603480539,0.9372857142857143,0.9582417582417583,0.8732600732600734,0.05001576319032464,1.0,0.0,0.9533333333333333,0.08459051693633012,3.4176455754280126e-05,0.0,1000.0,0.10905077665811405,0.0008805393650032156,1000.0,"[0.000599406840598794, 0.0006726472797225982, 0.001020320472103631, 0.0007586946677011683, 0.000866507045225228, 0.0009762371952668329, 0.0018675000787080464, 0.000498566838034432, 0.0010513653054353316, 0.0009906183146190834, 0.0020165113937033923, 0.0025050363003317807, 0.0013000310666040561, 0.001048480123035715, 0.001090110120527386, 0.0008053543065381769, 0.002293508500717257, 0.0009737100889786756, 0.0010187280144285389, 0.000991879298682183, 0.0017339085896310898, 0.002340626087895959, 0.001087208913943288, 0.001065640568650047, 0.0022685151634244246, 0.0009182779258753122, 0.0008933697433962936, 0.0009224939277755677, 0.0008832217521134601, 0.0006699660339689487]","[0.9736263736263736, 0.9604395604395607, 0.9604395604395607, 0.9076923076923077, 0.9648351648351648, 0.9516483516483516, 0.9604395604395607, 0.8813186813186813, 0.9428571428571428, 0.9956043956043955, 0.956043956043956, 0.9340659340659341, 0.9120879120879121, 0.9824175824175824, 0.9164835164835166, 0.9516483516483516, 0.9428571428571428, 0.9428571428571428, 0.9340659340659341, 0.9120879120879121, 0.9032967032967033, 0.9824175824175824, 0.8901098901098902, 0.9692307692307693, 0.9868131868131869, 0.9824175824175824, 0.956043956043956, 0.9472527472527472, 0.9736263736263736, 0.9692307692307693]","[0.8901098901098902, 0.8901098901098902, 0.8901098901098902, 0.8021978021978022, 0.8901098901098902, 0.8901098901098902, 0.8901098901098902, 0.7802197802197802, 0.8461538461538461, 0.9780219780219781, 0.8901098901098902, 0.8461538461538461, 0.8241758241758242, 0.9340659340659341, 0.8241758241758242, 0.8681318681318682, 0.8681318681318682, 0.8681318681318682, 0.8681318681318682, 0.8241758241758242, 0.8021978021978022, 0.9340659340659341, 0.7582417582417583, 0.9120879120879122, 0.9560439560439562, 0.9340659340659341, 0.8681318681318682, 0.8681318681318682, 0.9120879120879122, 0.8901098901098902]","[1.0, 1.0, 1.0, 1.0, 1.0, 1.0, 1.0, 1.0, 1.0, 1.0, 1.0, 1.0, 1.0, 1.0, 1.0, 1.0, 1.0, 1.0, 1.0, 1.0, 1.0, 1.0, 1.0, 1.0, 1.0, 1.0, 1.0, 1.0, 1.0, 1.0]","[0.8, 0.8, 1.0, 0.8, 1.0, 1.0, 1.0, 1.0, 1.0, 1.0, 1.0, 1.0, 1.0, 1.0, 0.8, 0.8, 1.0, 1.0, 1.0, 1.0, 1.0, 1.0, 0.8, 1.0, 1.0, 0.8, 1.0, 1.0, 1.0, 1.0]"
adult,ridge,1000,0,14,b2_stratified,0.0004011244611813613,0.0003017343230862597,2.8651747227240096e-05,2.155245164901855e-05,0.0003031445999307276,0.0005144497152869055,1.0,0.9818315018315019,0.014117731247409074,0.976849816849817,0.9865201465201465,0.9362637362637364,0.036046636190893926,0.9888888888888888,0.059835164523716726,0.9733333333333334,0.06798692684790378,2.1420254338718457e-05,0.0,1000.0,0.11156085333786905,0.0010979534738093442,1000.0,"[0.00027244263600963354, 0.000493583520380543, 0.000163543381616012, 0.0004291534401460687, 0.0010871019176334057, 0.0003805738019849292, 0.00026634255150306986, 0.0003387677553649942, 0.00018834611937940948, 0.00018529388672091377, 0.0007011203452886261, 0.00011584820485109782, 0.0004901917318869235, 0.00022680173974795243, 0.0007463290586826707, 0.0002022303130944984, 0.00016673025118571404, 0.0006042844664475926, 0.0004985603623217051, 0.0001399658245139192, 7.015714853519968e-05, 0.0004705999143605281, 0.00031335002499879145, 0.0006630037740671139, 0.0006460077381561836, 0.00013054257666904632, 8.252415033281267e-05, 0.0004772794332718061, 0.0013968311130738576, 8.62266532158196e-05]","[0.9956043956043955, 0.9912087912087912, 0.9956043956043955, 0.9956043956043955, 0.9648351648351648, 0.9912087912087912, 0.9956043956043955, 0.9912087912087912, 0.9912087912087912, 0.9648351648351648, 0.9824175824175824, 0.9956043956043955, 0.9780219780219781, 0.9956043956043955, 0.9428571428571428, 0.9648351648351648, 0.9780219780219781, 0.9868131868131869, 0.9780219780219781, 0.9824175824175824, 0.9604395604395607, 0.9912087912087912, 0.9912087912087912, 0.9604395604395607, 0.9912087912087912, 0.9824175824175824, 0.9912087912087912, 0.9956043956043955, 0.9648351648351648, 0.9648351648351648]","[0.9780219780219781, 0.9560439560439562, 0.9780219780219781, 0.9780219780219781, 0.9120879120879122, 0.9560439560439562, 0.9780219780219781, 0.9560439560439562, 0.9560439560439562, 0.8901098901098902, 0.9340659340659341, 0.9780219780219781, 0.9120879120879122, 0.9780219780219781, 0.8681318681318682, 0.8681318681318682, 0.9120879120879122, 0.9560439560439562, 0.9120879120879122, 0.9340659340659341, 0.8901098901098902, 0.9560439560439562, 0.9560439560439562, 0.8901098901098902, 0.9560439560439562, 0.9340659340659341, 0.9560439560439562, 0.9780219780219781, 0.9120879120879122, 0.8681318681318682]","[1.0, 1.0, 1.0, 1.0, 1.0, 1.0, 1.0, 1.0, 1.0, 1.0, 1.0, 1.0, 1.0, 1.0, 1.0, 0.6666666666666666, 1.0, 1.0, 1.0, 1.0, 1.0, 1.0, 1.0, 1.0, 1.0, 1.0, 1.0, 1.0, 1.0, 1.0]","[1.0, 1.0, 1.0, 1.0, 1.0, 1.0, 1.0, 1.0, 1.0, 1.0, 1.0, 1.0, 1.0, 1.0, 1.0, 1.0, 1.0, 1.0, 1.0, 0.8, 1.0, 1.0, 1.0, 1.0, 1.0, 0.8, 0.8, 1.0, 1.0, 0.8]"
adult,ridge,1000,0,14,b3_is,0.00020744873113030007,0.00012782785512110496,1.4817766509307148e-05,9.130561080078925e-06,0.0001619690630506828,0.0002539769256092238,0.5171679895046485,0.9876923076923078,0.010049188688341232,0.9838791208791209,0.9910622710622711,0.9523809523809526,0.02784846565384354,1.0,0.0,0.9866666666666667,0.04988876515698587,1.1697743822235322e-05,0.0,1000.0,0.13043980000074953,0.0008993414983633685,1000.0,"[0.000252492249210063, 0.00022464736324892957, 7.311639345681541e-05, 0.00025482002245282546, 9.216605890461659e-05, 0.0005576282164415727, 0.0001248218973636815, 2.2580718352633248e-05, 0.00020307242898365754, 0.0002643694745715569, 0.00010824832598630819, 0.00025324598154027845, 0.0002451895993770937, 4.7806154777160356e-05, 0.0001925012033076413, 0.00034864182616616853, 0.0004264067681022633, 9.481249753761824e-05, 0.00019492386394510356, 0.00035663353995141336, 0.00018183827436292285, 0.00010746449052933354, 2.6872642943919617e-05, 0.00019532651001948526, 9.687613985205357e-05, 0.00042091377782812393, 0.00021336596891159205, 0.0003684276326385485, 0.0002016089108874429, 7.264300225817934e-05]","[0.9824175824175824, 0.9912087912087912, 0.9956043956043955, 0.9824175824175824, 0.9912087912087912, 0.9648351648351648, 0.9956043956043955, 0.9868131868131869, 0.9956043956043955, 0.9912087912087912, 0.9912087912087912, 1.0, 0.9648351648351648, 0.9868131868131869, 0.9912087912087912, 0.9912087912087912, 0.9912087912087912, 0.9824175824175824, 0.9956043956043955, 0.9912087912087912, 0.9648351648351648, 0.9824175824175824, 1.0, 0.9956043956043955, 0.9912087912087912, 0.9912087912087912, 0.9648351648351648, 0.9956043956043955, 0.9912087912087912, 0.9912087912087912]","[0.9340659340659341, 0.9560439560439562, 0.9780219780219781, 0.9340659340659341, 0.9560439560439562, 0.9120879120879122, 0.9780219780219781, 0.9560439560439562, 0.9780219780219781, 0.9560439560439562, 0.9560439560439562, 1.0, 0.8901098901098902, 0.9560439560439562, 0.9560439560439562, 0.9560439560439562, 0.9560439560439562, 0.9340659340659341, 0.9780219780219781, 0.9560439560439562, 0.8901098901098902, 0.9340659340659341, 1.0, 0.9780219780219781, 0.9560439560439562, 0.9560439560439562, 0.8901098901098902, 0.9780219780219781, 0.9560439560439562, 0.9560439560439562]","[1.0, 1.0, 1.0, 1.0, 1.0, 1.0, 1.0, 1.0, 1.0, 1.0, 1.0, 1.0, 1.0, 1.0, 1.0, 1.0, 1.0, 1.0, 1.0, 1.0, 1.0, 1.0, 1.0, 1.0, 1.0, 1.0, 1.0, 1.0, 1.0, 1.0]","[1.0, 1.0, 1.0, 1.0, 0.8, 1.0, 1.0, 1.0, 1.0, 1.0, 1.0, 1.0, 1.0, 1.0, 1.0, 1.0, 1.0, 1.0, 1.0, 1.0, 1.0, 1.0, 1.0, 1.0, 1.0, 1.0, 0.8, 1.0, 1.0, 1.0]"
adult,ridge,1000,0,14,b4_antithetic,0.000714751410254504,0.0001414413877865783,5.1053672161036e-05,1.010295627046988e-05,0.0006642645423294208,0.0007628310191527642,1.7818694181588237,0.9507692307692307,0.018137750183670396,0.9446117216117216,0.9569304029304029,0.882783882783883,0.03226771508504799,1.0,0.0,0.9866666666666667,0.04988876515698587,3.953900575595714e-06,0.0,1000.0,0.10564194999169559,0.0010902343059860005,1000.0,"[0.0006567443816349676, 0.0007191918416328634, 0.0008997082495959592, 0.00035908549193366046, 0.0006076543949056075, 0.0006860604594993476, 0.0008477438512736373, 0.0008064029198288499, 0.0008135871629137945, 0.0006112641055919161, 0.0004348838879594343, 0.0008057879061598318, 0.0005902754179868053, 0.0006735427697645192, 0.0006770425260989023, 0.000806565304092372, 0.0007361335534399469, 0.0006947783602617686, 0.0008039100926923917, 0.0008244934118696898, 0.0009207114345347809, 0.001009445138445627, 0.0005489873765792263, 0.000827689574844221, 0.0006817728969088348, 0.0006334533868498553, 0.0008923013565490996, 0.0005486389322237618, 0.0006410177005682635, 0.0006836684209951814]","[0.9428571428571428, 0.9340659340659341, 0.9120879120879121, 0.9692307692307693, 0.9428571428571428, 0.9516483516483516, 0.9120879120879121, 0.9692307692307693, 0.9868131868131869, 0.9824175824175824, 0.9780219780219781, 0.9692307692307693, 0.9516483516483516, 0.956043956043956, 0.9516483516483516, 0.9692307692307693, 0.9428571428571428, 0.9428571428571428, 0.9472527472527472, 0.9516483516483516, 0.9428571428571428, 0.9120879120879121, 0.9516483516483516, 0.9604395604395607, 0.9516483516483516, 0.9428571428571428, 0.9516483516483516, 0.9516483516483516, 0.9384615384615385, 0.956043956043956]","[0.8681318681318682, 0.8461538461538461, 0.8241758241758242, 0.9120879120879122, 0.8681318681318682, 0.8901098901098902, 0.8241758241758242, 0.9120879120879122, 0.9560439560439562, 0.9340659340659341, 0.9340659340659341, 0.9120879120879122, 0.8461538461538461, 0.8901098901098902, 0.8901098901098902, 0.9120879120879122, 0.8681318681318682, 0.8681318681318682, 0.8681318681318682, 0.8901098901098902, 0.8681318681318682, 0.8241758241758242, 0.8901098901098902, 0.8901098901098902, 0.8901098901098902, 0.8681318681318682, 0.8901098901098902, 0.8901098901098902, 0.8461538461538461, 0.9120879120879122]","[1.0, 1.0, 1.0, 1.0, 1.0, 1.0, 1.0, 1.0, 1.0, 1.0, 1.0, 1.0, 1.0, 1.0, 1.0, 1.0, 1.0, 1.0, 1.0, 1.0, 1.0, 1.0, 1.0, 1.0, 1.0, 1.0, 1.0, 1.0, 1.0, 1.0]","[1.0, 1.0, 1.0, 1.0, 1.0, 1.0, 1.0, 1.0, 1.0, 1.0, 1.0, 1.0, 0.8, 1.0, 1.0, 1.0, 1.0, 1.0, 0.8, 1.0, 1.0, 1.0, 1.0, 1.0, 1.0, 1.0, 1.0, 1.0, 1.0, 1.0]"
adult,ridge,1000,1,14,abc_shap,0.0009139519519705093,0.000610416033175542,6.528228228360781e-05,4.360114522682443e-05,0.0007038926240213499,0.0011439199099192413,5.0439947047720395,0.8942124542124543,0.0459185817298029,0.8782380952380953,0.9088681318681319,0.7509157509157511,0.07140508677515724,0.7555555555555558,0.14740554623801777,0.8666666666666668,0.11925695879998877,6.263174945666142e-05,504.0,496.0,0.14306812000383312,0.029455286033213582,504.0,"[0.0012501704127690638, 0.0012173060464356407, 0.0009322108399662687, 0.0015733500005193463, 0.0006007325420534665, 0.00017976599984628053, 0.0009611323100043372, 0.000201674622197858, 0.0012769219111592905, 0.0007387246804520582, 0.0015470541822396886, 0.0003464570178406553, 0.0008199124592928848, 0.0008467166515981126, 0.0010962483216496134, 0.0015507949095794754, 0.0006674459716846532, 0.0003659737567911029, 0.0019843585166206146, 0.0004800767812335448, 0.001526712574730346, 0.0001532013020296721, 0.0027921557715761855, 0.001403454282889349, 0.00035650010120335645, 0.0010204863090948076, 0.0006597659191612373, 0.0003475213734776172, 6.50345565236076e-05, 0.00045669843449514896]","[0.8725274725274725, 0.8813186813186813, 0.8681318681318682, 0.7846153846153847, 0.8593406593406594, 0.9296703296703297, 0.9120879120879121, 0.8197802197802198, 0.8285714285714285, 0.9032967032967033, 0.8769230769230769, 0.9428571428571428, 0.9208791208791209, 0.9472527472527472, 0.8901098901098902, 0.9120879120879121, 0.8989010989010989, 0.9384615384615385, 0.8857142857142857, 0.9120879120879121, 0.9120879120879121, 0.8241758241758241, 0.7978021978021977, 0.8813186813186813, 0.9076923076923077, 0.9208791208791209, 0.9428571428571428, 0.9428571428571428, 0.9428571428571428, 0.9692307692307693]","[0.6923076923076924, 0.6923076923076924, 0.7142857142857144, 0.6263736263736264, 0.6923076923076924, 0.8021978021978022, 0.8021978021978022, 0.6263736263736264, 0.6923076923076924, 0.7582417582417583, 0.7142857142857144, 0.8021978021978022, 0.7802197802197802, 0.8021978021978022, 0.7582417582417583, 0.7582417582417583, 0.7582417582417583, 0.8461538461538461, 0.7362637362637363, 0.7802197802197802, 0.7582417582417583, 0.6263736263736264, 0.6263736263736264, 0.6923076923076924, 0.7582417582417583, 0.8021978021978022, 0.8461538461538461, 0.8461538461538461, 0.8461538461538461, 0.8901098901098902]","[0.6666666666666666, 0.6666666666666666, 1.0, 0.6666666666666666, 0.6666666666666666, 0.6666666666666666, 0.6666666666666666, 0.6666666666666666, 0.6666666666666666, 1.0, 0.6666666666666666, 0.6666666666666666, 0.6666666666666666, 1.0, 0.6666666666666666, 1.0, 0.6666666666666666, 1.0, 1.0, 0.6666666666666666, 1.0, 0.6666666666666666, 0.6666666666666666, 1.0, 0.6666666666666666, 0.6666666666666666, 0.6666666666666666, 0.6666666666666666, 0.6666666666666666, 0.6666666666666666]","[1.0, 0.8, 0.8, 0.8, 0.8, 1.0, 1.0, 0.8, 0.8, 1.0, 0.8, 1.0, 1.0, 1.0, 1.0, 0.6, 0.8, 0.8, 0.8, 0.8, 0.8, 0.8, 1.0, 0.8, 0.8, 0.6, 1.0, 0.8, 1.0, 1.0]"
adult,ridge,1000,1,14,b1_uniform,0.0003368910569795821,0.00024009049942107867,2.4063646927113008e-05,1.7149321387219905e-05,0.0002615267580820003,0.000426703589858031,1.8592626273475024,0.876043956043956,0.0410685280806594,0.8619780219780222,0.8912820512820514,0.7391941391941395,0.06261058056914723,0.8555555555555557,0.16517854163687226,0.9600000000000001,0.07999999999999999,2.198027244985666e-05,0.0,1000.0,0.11405752000088493,0.016823694703973425,1000.0,"[0.00016002256966100942, 4.264190116760239e-05, 0.0003668026884654375, 0.0003258487013651072, 0.00018731189256947014, 0.00037518263147569384, 0.00017051120683901684, 0.0005122055629743493, 0.0003518328214135345, 0.00016956921231789124, 0.00022583855615852002, 0.001087860021731026, 6.827130213720444e-05, 0.00026346498355169054, 0.000345942647492488, 0.0007803749824110811, 0.00012423555054516612, 0.0006857171490498965, 0.0003814560712931348, 0.0002373490336602661, 0.0004701474658910612, 6.822899870245445e-05, 0.00011898866454618512, 0.0003239195392733711, 0.00014690706401715808, 0.0005108616112113238, 0.0001645528909244529, 0.0008022866911300746, 0.000418414705055865, 0.000219984592355931]","[0.8461538461538461, 0.9252747252747253, 0.8813186813186813, 0.8725274725274725, 0.8153846153846154, 0.9076923076923077, 0.9516483516483516, 0.8197802197802198, 0.7802197802197802, 0.8241758241758241, 0.8725274725274725, 0.832967032967033, 0.8813186813186813, 0.8857142857142857, 0.956043956043956, 0.8725274725274725, 0.9296703296703297, 0.8989010989010989, 0.9428571428571428, 0.8373626373626375, 0.8813186813186813, 0.8857142857142857, 0.8593406593406594, 0.8549450549450549, 0.8725274725274725, 0.8549450549450549, 0.9252747252747253, 0.8725274725274725, 0.8593406593406594, 0.8813186813186813]","[0.6923076923076924, 0.8241758241758242, 0.7142857142857144, 0.7362637362637363, 0.6923076923076924, 0.8021978021978022, 0.8461538461538461, 0.6703296703296704, 0.6043956043956044, 0.6483516483516484, 0.7362637362637363, 0.6263736263736264, 0.7582417582417583, 0.7802197802197802, 0.8681318681318682, 0.7142857142857144, 0.8241758241758242, 0.7582417582417583, 0.8241758241758242, 0.6923076923076924, 0.7362637362637363, 0.7802197802197802, 0.7582417582417583, 0.6703296703296704, 0.7362637362637363, 0.7362637362637363, 0.7802197802197802, 0.7142857142857144, 0.7142857142857144, 0.7362637362637363]","[1.0, 1.0, 0.6666666666666666, 1.0, 1.0, 1.0, 1.0, 0.6666666666666666, 0.6666666666666666, 1.0, 0.6666666666666666, 0.6666666666666666, 1.0, 1.0, 1.0, 1.0, 0.6666666666666666, 0.6666666666666666, 0.6666666666666666, 1.0, 1.0, 1.0, 1.0, 0.6666666666666666, 1.0, 0.6666666666666666, 0.6666666666666666, 1.0, 0.6666666666666666, 0.6666666666666666]","[1.0, 1.0, 0.8, 1.0, 1.0, 1.0, 1.0, 1.0, 1.0, 1.0, 1.0, 1.0, 1.0, 1.0, 0.8, 1.0, 1.0, 1.0, 0.8, 1.0, 0.8, 1.0, 1.0, 1.0, 1.0, 1.0, 0.8, 0.8, 1.0, 1.0]"
adult,ridge,1000,1,14,b2_stratified,0.00018119605698749735,9.13865842898397e-05,1.2942575499106955e-05,6.527613163559979e-06,0.0001510954595224117,0.00021469746547829154,1.0,0.9387545787545789,0.0472049620664296,0.9208717948717949,0.954875457875458,0.8446886446886448,0.0767519463953629,0.8777777777777779,0.1606314699422329,0.9533333333333333,0.08459051693633012,1.2454701606163686e-05,0.0,1000.0,0.11612362666443611,0.016067265508303664,1000.0,"[0.00017843564724875758, 0.00037415569776019943, 0.00032432048727577134, 0.00014772118149640695, 0.00014432521260370702, 0.00013145423663405285, 0.00018985681339942306, 0.00015994444501518104, 0.00011215449844637412, 0.00011857087630872837, 5.183607082945808e-05, 0.0003497632903143454, 0.0003974228971105152, 0.00020455411037139073, 0.00022285811434329662, 0.00011494124898027906, 7.376945038757433e-05, 0.0001959764516265124, 0.0002605582494255998, 0.00011082291027865142, 0.00018227056916887634, 0.00016826546437983986, 9.620964140004857e-05, 0.0002842883583031795, 0.00013534621696128772, 6.588852395005874e-05, 7.367796833456465e-05, 0.00019136942337868068, 0.00011041076010468348, 0.0002647128937874768]","[0.8373626373626375, 0.9296703296703297, 0.956043956043956, 0.956043956043956, 0.9076923076923077, 0.9472527472527472, 0.9736263736263736, 0.9428571428571428, 0.8373626373626375, 0.9296703296703297, 0.9912087912087912, 0.9692307692307693, 0.8945054945054945, 0.9604395604395607, 0.9868131868131869, 0.956043956043956, 0.9868131868131869, 0.9604395604395607, 0.9868131868131869, 0.9340659340659341, 0.9384615384615385, 0.9736263736263736, 0.956043956043956, 0.8109890109890111, 0.8725274725274725, 0.9912087912087912, 0.9780219780219781, 0.9692307692307693, 0.8945054945054945, 0.9340659340659341]","[0.6923076923076924, 0.8241758241758242, 0.8461538461538461, 0.8461538461538461, 0.8241758241758242, 0.8681318681318682, 0.8901098901098902, 0.8461538461538461, 0.7142857142857144, 0.8021978021978022, 0.9560439560439562, 0.8901098901098902, 0.7582417582417583, 0.8681318681318682, 0.9340659340659341, 0.8461538461538461, 0.9560439560439562, 0.8901098901098902, 0.9340659340659341, 0.8241758241758242, 0.8461538461538461, 0.8901098901098902, 0.8461538461538461, 0.6483516483516484, 0.7362637362637363, 0.9560439560439562, 0.9340659340659341, 0.8681318681318682, 0.7802197802197802, 0.8241758241758242]","[1.0, 1.0, 0.6666666666666666, 1.0, 1.0, 1.0, 1.0, 1.0, 1.0, 0.6666666666666666, 1.0, 0.6666666666666666, 0.6666666666666666, 0.6666666666666666, 0.6666666666666666, 0.6666666666666666, 1.0, 1.0, 1.0, 0.6666666666666666, 0.6666666666666666, 1.0, 1.0, 1.0, 1.0, 1.0, 1.0, 0.6666666666666666, 1.0, 0.6666666666666666]","[0.8, 1.0, 1.0, 1.0, 1.0, 0.8, 1.0, 1.0, 1.0, 1.0, 1.0, 1.0, 0.8, 1.0, 1.0, 1.0, 1.0, 0.8, 1.0, 1.0, 1.0, 1.0, 0.8, 0.8, 1.0, 1.0, 1.0, 1.0, 0.8, 1.0]"
adult,ridge,1000,1,14,b3_is,0.00014180461604828865,7.450083499307404e-05,1.0128901146306332e-05,5.321488213791003e-06,0.00011637154946347636,0.0001691114258110033,0.7826032111618922,0.9550183150183151,0.022746515415724894,0.9466666666666669,0.9630769230769232,0.8630036630036633,0.0470293152987664,0.8333333333333335,0.16666666666666666,0.9933333333333334,0.03590109871423002,8.596135020257062e-06,0.0,1000.0,0.14516125669082006,0.054679962596679434,1000.0,"[3.736757687347142e-05, 0.0001441381172505148, 0.00021715047044233257, 0.000236816539386127, 0.0001704350660467818, 9.799378520575436e-05, 0.00025097909819438787, 0.00010791772981665694, 4.4074070060713035e-05, 0.0002148131213398006, 0.00018930928054449218, 0.00011267181919263955, 0.00011045418840545459, 0.00033494334601528357, 0.00023195592003077707, 0.0002155708234672198, 0.00023180119193832207, 8.04590130259553e-05, 0.0001381609360138504, 0.0001186038177242854, 0.00010402201981849313, 3.666395661744593e-05, 0.0002230497192521406, 0.00011030915009160805, 7.729155654217624e-05, 7.03074097381681e-05, 9.016300073031347e-05, 0.0001093536315642997, 5.81484279946148e-05, 8.921369812458008e-05]","[0.9648351648351648, 0.9648351648351648, 0.9604395604395607, 0.956043956043956, 0.9692307692307693, 0.8945054945054945, 0.9428571428571428, 0.9296703296703297, 0.9824175824175824, 0.9604395604395607, 0.9780219780219781, 0.9692307692307693, 0.9868131868131869, 0.9296703296703297, 0.9516483516483516, 0.9208791208791209, 0.9252747252747253, 0.9604395604395607, 0.9340659340659341, 0.9296703296703297, 0.9384615384615385, 0.9912087912087912, 0.9648351648351648, 0.9780219780219781, 0.9604395604395607, 0.9868131868131869, 0.9340659340659341, 0.9472527472527472, 0.9604395604395607, 0.9780219780219781]","[0.8901098901098902, 0.8681318681318682, 0.8681318681318682, 0.8681318681318682, 0.8901098901098902, 0.7582417582417583, 0.8461538461538461, 0.8021978021978022, 0.9120879120879122, 0.8681318681318682, 0.9120879120879122, 0.8681318681318682, 0.9340659340659341, 0.8241758241758242, 0.8241758241758242, 0.7802197802197802, 0.8021978021978022, 0.8681318681318682, 0.8461538461538461, 0.8241758241758242, 0.8241758241758242, 0.9560439560439562, 0.8681318681318682, 0.9120879120879122, 0.8461538461538461, 0.9560439560439562, 0.8241758241758242, 0.8681318681318682, 0.8901098901098902, 0.8901098901098902]","[1.0, 0.6666666666666666, 0.6666666666666666, 1.0, 1.0, 0.6666666666666666, 0.6666666666666666, 1.0, 1.0, 1.0, 0.6666666666666666, 1.0, 1.0, 0.6666666666666666, 0.6666666666666666, 0.6666666666666666, 0.6666666666666666, 0.6666666666666666, 1.0, 1.0, 1.0, 1.0, 0.6666666666666666, 0.6666666666666666, 0.6666666666666666, 1.0, 0.6666666666666666, 0.6666666666666666, 1.0, 1.0]","[1.0, 1.0, 1.0, 1.0, 1.0, 1.0, 1.0, 1.0, 1.0, 1.0, 1.0, 1.0, 1.0, 1.0, 1.0, 1.0, 1.0, 1.0, 1.0, 1.0, 1.0, 1.0, 1.0, 1.0, 1.0, 1.0, 0.8, 1.0, 1.0, 1.0]"
adult,ridge,1000,1,14,b4_antithetic,3.318025165424326e-05,5.78400175483774e-06,2.37001797530309e-06,4.1314298248841e-07,3.106789251467325e-05,3.524962541017842e-05,0.1831179563500806,0.9601465201465201,0.016522379907997604,0.9536959706959706,0.9655714285714286,0.8842490842490844,0.02776160486666144,1.0,0.0,1.0,0.0,2.4328454319048496e-07,0.0,1000.0,0.11056447999241452,0.01623882282325192,1000.0,"[3.187082835665581e-05, 2.8173603258788077e-05, 2.438106443651145e-05, 2.5266352981224407e-05, 4.6772006946896656e-05, 3.214616962195687e-05, 2.697758177245022e-05, 3.3650445276318826e-05, 3.1672935721819165e-05, 2.719067397247183e-05, 3.279786208368634e-05, 3.966803632737568e-05, 3.9095941191705143e-05, 3.3469433171943506e-05, 2.9600549627561662e-05, 3.9433186194182393e-05, 4.339537631446344e-05, 2.391727488732787e-05, 2.5249349786287362e-05, 3.656755385868459e-05, 3.2176820587716665e-05, 2.9807750750725517e-05, 3.803950395403601e-05, 4.369689568768115e-05, 3.3571693692275816e-05, 3.3265376109467146e-05, 3.723042723021384e-05, 2.9425798713721013e-05, 3.2222618339814116e-05, 3.467443877333504e-05]","[0.9296703296703297, 0.956043956043956, 0.9648351648351648, 0.956043956043956, 0.9912087912087912, 0.956043956043956, 0.9648351648351648, 0.9428571428571428, 0.9516483516483516, 0.9736263736263736, 0.9868131868131869, 0.9648351648351648, 0.9692307692307693, 0.9384615384615385, 0.9208791208791209, 0.9692307692307693, 0.9648351648351648, 0.9868131868131869, 0.956043956043956, 0.9648351648351648, 0.9604395604395607, 0.9516483516483516, 0.9384615384615385, 0.9824175824175824, 0.9648351648351648, 0.9340659340659341, 0.9648351648351648, 0.9736263736263736, 0.9648351648351648, 0.9604395604395607]","[0.8461538461538461, 0.8681318681318682, 0.8901098901098902, 0.8681318681318682, 0.9560439560439562, 0.8681318681318682, 0.8901098901098902, 0.8681318681318682, 0.8681318681318682, 0.9120879120879122, 0.9340659340659341, 0.8901098901098902, 0.8901098901098902, 0.8461538461538461, 0.8241758241758242, 0.8901098901098902, 0.8681318681318682, 0.9340659340659341, 0.8681318681318682, 0.8901098901098902, 0.8901098901098902, 0.8681318681318682, 0.8681318681318682, 0.9120879120879122, 0.8901098901098902, 0.8461538461538461, 0.8901098901098902, 0.9120879120879122, 0.8901098901098902, 0.8901098901098902]","[1.0, 1.0, 1.0, 1.0, 1.0, 1.0, 1.0, 1.0, 1.0, 1.0, 1.0, 1.0, 1.0, 1.0, 1.0, 1.0, 1.0, 1.0, 1.0, 1.0, 1.0, 1.0, 1.0, 1.0, 1.0, 1.0, 1.0, 1.0, 1.0, 1.0]","[1.0, 1.0, 1.0, 1.0, 1.0, 1.0, 1.0, 1.0, 1.0, 1.0, 1.0, 1.0, 1.0, 1.0, 1.0, 1.0, 1.0, 1.0, 1.0, 1.0, 1.0, 1.0, 1.0, 1.0, 1.0, 1.0, 1.0, 1.0, 1.0, 1.0]"
adult,ridge,1000,2,14,abc_shap,0.0005836072862994869,0.0003554048612111616,4.168623473567764e-05,2.5386061515082972e-05,0.0004590454058516504,0.0007145459071900915,7.665283550453263,0.9340659340659341,0.05684906158631271,0.911934065934066,0.9534102564102565,0.8271062271062273,0.08563598063708402,0.9,0.1527525231651947,0.9533333333333334,0.08459051693633012,4.0892157309854095e-05,504.0,496.0,37.417003280009766,200.12671414109315,504.0,"[0.0005738600096432793, 0.0005405478549641206, 0.0007173349789281123, 0.00039634673954985506, 0.0002756484883278941, 0.0006024771101931891, 0.0006895694847535879, 0.00039339388721780505, 0.0004709783793819017, 0.00023393200737549963, 0.00025132766321354287, 0.0013875401213820741, 0.0002208963436200097, 0.0013319717470487876, 0.0006779252021525212, 0.0010535209199037199, 0.0007274402546403865, 0.0012298645051742748, 0.00032558275153365615, 0.00026372510379727544, 0.0006180295758889187, 5.360476809359988e-05, 0.00020904578598902974, 0.0008057860549572733, 0.0004882951542904593, 0.00042043148635224036, 0.0007991477585755462, 0.0003750818075123283, 0.00016177991438930768, 0.0012131327301344134]","[0.9780219780219781, 0.9252747252747253, 0.7714285714285714, 0.956043956043956, 0.9604395604395607, 0.8813186813186813, 0.9296703296703297, 0.9736263736263736, 0.9208791208791209, 0.9428571428571428, 0.9648351648351648, 0.7274725274725276, 0.9912087912087912, 0.9648351648351648, 0.9384615384615385, 0.9340659340659341, 0.9164835164835166, 0.9384615384615385, 0.8857142857142857, 0.9868131868131869, 0.9340659340659341, 0.9868131868131869, 0.9868131868131869, 0.9252747252747253, 0.9120879120879121, 0.9648351648351648, 0.9516483516483516, 0.9604395604395607, 0.9692307692307693, 0.9428571428571428]","[0.9120879120879122, 0.7802197802197802, 0.6483516483516484, 0.8461538461538461, 0.8901098901098902, 0.7582417582417583, 0.7582417582417583, 0.8901098901098902, 0.8021978021978022, 0.8681318681318682, 0.8681318681318682, 0.5604395604395604, 0.9560439560439562, 0.8681318681318682, 0.8021978021978022, 0.8021978021978022, 0.7802197802197802, 0.8021978021978022, 0.7362637362637363, 0.9340659340659341, 0.7802197802197802, 0.9560439560439562, 0.9560439560439562, 0.8021978021978022, 0.7802197802197802, 0.8681318681318682, 0.8461538461538461, 0.8681318681318682, 0.8681318681318682, 0.8241758241758242]","[1.0, 1.0, 1.0, 1.0, 0.6666666666666666, 1.0, 0.6666666666666666, 0.6666666666666666, 0.6666666666666666, 1.0, 1.0, 1.0, 1.0, 1.0, 0.6666666666666666, 1.0, 0.6666666666666666, 1.0, 1.0, 1.0, 0.6666666666666666, 1.0, 1.0, 0.6666666666666666, 0.6666666666666666, 1.0, 1.0, 1.0, 1.0, 1.0]","[1.0, 1.0, 0.8, 1.0, 1.0, 0.8, 0.8, 1.0, 1.0, 1.0, 1.0, 0.8, 1.0, 1.0, 1.0, 1.0, 1.0, 1.0, 1.0, 1.0, 1.0, 1.0, 1.0, 0.8, 1.0, 0.8, 1.0, 1.0, 0.8, 1.0]"
adult,ridge,1000,2,14,b1_uniform,0.00020962791116823097,0.0001413040895815605,1.4973422226302212e-05,1.0093149255825748e-05,0.00016116881352902664,0.00026398045566289395,2.753319598496472,0.9515018315018314,0.032548915481046964,0.9388937728937728,0.9624908424908426,0.863003663003663,0.06103491875704341,0.8666666666666668,0.16329931618554522,0.9800000000000001,0.05999999999999999,1.249404735812869e-05,0.0,1000.0,0.3141607033244024,0.40576164197317366,1000.0,"[0.0005438208098352375, 9.520849873983459e-05, 0.00010511873788641604, 0.00016644575803638888, 0.00010054531094754807, 0.0003963478905910161, 0.00014980404312900695, 8.178939456863056e-05, 0.00014748354600593392, 8.439128606626425e-05, 0.0004433257185751385, 0.00030550645205914303, 0.00012662279167987623, 0.00018100514255670562, 0.00012611859331107108, 0.00025953293807037293, 0.0001682870644870784, 0.0004682711970583003, 0.00022115405850838877, 8.658989343980396e-05, 0.00022657698013653978, 0.00012379977715559117, 0.0002542654612098905, 0.000292034273814639, 0.0001705339886584967, 0.0001326878992279369, 4.774053288211494e-05, 8.66793933950817e-05, 0.00011778095373541242, 0.0005793689492790698]","[0.9384615384615385, 0.9076923076923077, 0.9648351648351648, 0.9648351648351648, 0.9384615384615385, 0.9692307692307693, 0.9736263736263736, 0.9780219780219781, 0.9780219780219781, 0.9824175824175824, 0.9692307692307693, 0.9472527472527472, 0.9824175824175824, 0.9032967032967033, 0.9868131868131869, 0.8593406593406594, 0.9340659340659341, 0.9384615384615385, 0.9384615384615385, 0.9692307692307693, 0.9296703296703297, 0.9736263736263736, 0.8901098901098902, 0.9472527472527472, 0.9692307692307693, 0.8989010989010989, 1.0, 0.9868131868131869, 0.9648351648351648, 0.9604395604395607]","[0.8021978021978022, 0.8021978021978022, 0.8681318681318682, 0.8901098901098902, 0.8461538461538461, 0.8901098901098902, 0.8901098901098902, 0.9120879120879122, 0.8901098901098902, 0.9340659340659341, 0.8901098901098902, 0.8241758241758242, 0.9340659340659341, 0.8021978021978022, 0.9340659340659341, 0.7142857142857144, 0.8241758241758242, 0.8681318681318682, 0.8021978021978022, 0.8901098901098902, 0.8461538461538461, 0.8901098901098902, 0.7362637362637363, 0.8461538461538461, 0.8681318681318682, 0.8021978021978022, 1.0, 0.9560439560439562, 0.8901098901098902, 0.8461538461538461]","[0.6666666666666666, 1.0, 1.0, 1.0, 1.0, 1.0, 0.6666666666666666, 1.0, 0.6666666666666666, 0.6666666666666666, 1.0, 0.6666666666666666, 1.0, 1.0, 1.0, 0.6666666666666666, 0.6666666666666666, 1.0, 1.0, 1.0, 1.0, 0.6666666666666666, 0.6666666666666666, 1.0, 0.6666666666666666, 1.0, 1.0, 1.0, 0.6666666666666666, 0.6666666666666666]","[0.8, 1.0, 1.0, 1.0, 0.8, 1.0, 1.0, 1.0, 1.0, 1.0, 1.0, 1.0, 1.0, 1.0, 1.0, 1.0, 1.0, 1.0, 1.0, 1.0, 1.0, 1.0, 1.0, 1.0, 0.8, 1.0, 1.0, 1.0, 1.0, 1.0]"
adult,ridge,1000,2,14,b2_stratified,7.613642502043869e-05,7.389819158169378e-05,5.438316072888477e-06,5.27844225583527e-06,5.096948789680433e-05,0.00010263264654901761,1.0,0.9812454212454214,0.014794907617716431,0.9761172161172162,0.9860842490842491,0.9355311355311356,0.03495050678938188,1.0,0.0,1.0,0.0,5.089855177613951e-06,0.0,1000.0,0.2575198066770099,0.2101623849962271,1000.0,"[2.6185695536624227e-05, 4.909093575801982e-05, 7.943698479904215e-05, 1.3781549389728723e-05, 0.00031495919623538186, 0.00012077245262242745, 4.049821105328375e-05, 4.479989594787129e-05, 0.0002453790610293735, 6.427345157970488e-05, 2.7685352727464824e-05, 1.6897116998602793e-05, 4.7092833467907296e-05, 5.3667472825415654e-05, 1.101073823870132e-05, 5.407956877589088e-05, 0.0001309367448945718, 4.121623471233384e-05, 4.054615843141183e-05, 5.152125966304706e-05, 2.279991503553446e-05, 9.095724878091533e-05, 7.225839084907636e-05, 0.00012907856775216722, 4.838287204723257e-05, 1.0022101799510507e-05, 7.412712590938587e-05, 5.028517226707737e-05, 0.000265951362416566, 4.639907906889031e-05]","[0.9868131868131869, 0.9780219780219781, 0.9472527472527472, 1.0, 0.9472527472527472, 0.9648351648351648, 0.9868131868131869, 0.9912087912087912, 0.9604395604395607, 0.9912087912087912, 0.9912087912087912, 0.9956043956043955, 0.9868131868131869, 0.9824175824175824, 0.9912087912087912, 0.9912087912087912, 0.9956043956043955, 0.9780219780219781, 0.9824175824175824, 0.9956043956043955, 0.9868131868131869, 0.9780219780219781, 0.9692307692307693, 0.9736263736263736, 0.9912087912087912, 0.9868131868131869, 0.9516483516483516, 1.0, 0.9648351648351648, 0.9912087912087912]","[0.9560439560439562, 0.9120879120879122, 0.8681318681318682, 1.0, 0.8681318681318682, 0.8901098901098902, 0.9340659340659341, 0.9560439560439562, 0.8901098901098902, 0.9560439560439562, 0.9560439560439562, 0.9780219780219781, 0.9340659340659341, 0.9340659340659341, 0.9560439560439562, 0.9560439560439562, 0.9780219780219781, 0.9120879120879122, 0.9340659340659341, 0.9780219780219781, 0.9340659340659341, 0.9120879120879122, 0.9120879120879122, 0.9340659340659341, 0.9560439560439562, 0.9340659340659341, 0.8901098901098902, 1.0, 0.8901098901098902, 0.9560439560439562]","[1.0, 1.0, 1.0, 1.0, 1.0, 1.0, 1.0, 1.0, 1.0, 1.0, 1.0, 1.0, 1.0, 1.0, 1.0, 1.0, 1.0, 1.0, 1.0, 1.0, 1.0, 1.0, 1.0, 1.0, 1.0, 1.0, 1.0, 1.0, 1.0, 1.0]","[1.0, 1.0, 1.0, 1.0, 1.0, 1.0, 1.0, 1.0, 1.0, 1.0, 1.0, 1.0, 1.0, 1.0, 1.0, 1.0, 1.0, 1.0, 1.0, 1.0, 1.0, 1.0, 1.0, 1.0, 1.0, 1.0, 1.0, 1.0, 1.0, 1.0]"
adult,ridge,1000,2,14,b3_is,6.660559838894994e-05,5.392374154298435e-05,4.7575427420678524e-06,3.851695824498882e-06,4.9530760537330076e-05,8.812447377536742e-05,0.8748190944225419,0.9834432234432235,0.014161003506610662,0.9777289377289378,0.987985347985348,0.9399267399267401,0.03448674665476871,1.0,0.0,1.0,0.0,3.5088787251446747e-06,0.0,1000.0,0.2736709033371881,0.16117536069631302,1000.0,"[3.976091525696166e-05, 8.148634111810587e-05, 7.499880544840981e-06, 1.2580914457369297e-05, 3.209579833795532e-05, 1.0051698509000314e-05, 2.1112592841798304e-05, 5.640176602267495e-05, 0.0001284503348847016, 5.389527659150876e-05, 1.8605510116140178e-05, 8.991743008410106e-05, 0.000187974481669814, 5.9032549075584e-05, 0.00019680406840042513, 1.494956068702559e-05, 4.9318233009242195e-05, 5.438326248053271e-05, 5.231084764635509e-05, 5.913764742664127e-05, 2.6009038372305135e-05, 0.00012211955806690683, 2.5899260196951774e-05, 4.164870027920543e-05, 6.328877911884937e-05, 2.7813943215821466e-05, 0.00013705486874810227, 0.00019981074431020575, 5.650832234504634e-05, 7.224562785432568e-05]","[0.9780219780219781, 0.9824175824175824, 0.9912087912087912, 0.9912087912087912, 0.9868131868131869, 0.9868131868131869, 0.9780219780219781, 0.9516483516483516, 0.9868131868131869, 0.9912087912087912, 0.9956043956043955, 0.9296703296703297, 0.9956043956043955, 0.9956043956043955, 0.9824175824175824, 0.9780219780219781, 0.9780219780219781, 0.9648351648351648, 0.9692307692307693, 0.9868131868131869, 0.9956043956043955, 0.9868131868131869, 0.9912087912087912, 0.9868131868131869, 0.9956043956043955, 0.9956043956043955, 0.9780219780219781, 0.9956043956043955, 0.9912087912087912, 0.9868131868131869]","[0.9120879120879122, 0.9340659340659341, 0.9560439560439562, 0.9560439560439562, 0.9340659340659341, 0.9560439560439562, 0.9120879120879122, 0.8901098901098902, 0.9340659340659341, 0.9560439560439562, 0.9780219780219781, 0.8241758241758242, 0.9780219780219781, 0.9780219780219781, 0.9340659340659341, 0.9120879120879122, 0.9120879120879122, 0.8901098901098902, 0.9120879120879122, 0.9560439560439562, 0.9780219780219781, 0.9340659340659341, 0.9560439560439562, 0.9560439560439562, 0.9780219780219781, 0.9780219780219781, 0.9120879120879122, 0.9780219780219781, 0.9560439560439562, 0.9560439560439562]","[1.0, 1.0, 1.0, 1.0, 1.0, 1.0, 1.0, 1.0, 1.0, 1.0, 1.0, 1.0, 1.0, 1.0, 1.0, 1.0, 1.0, 1.0, 1.0, 1.0, 1.0, 1.0, 1.0, 1.0, 1.0, 1.0, 1.0, 1.0, 1.0, 1.0]","[1.0, 1.0, 1.0, 1.0, 1.0, 1.0, 1.0, 1.0, 1.0, 1.0, 1.0, 1.0, 1.0, 1.0, 1.0, 1.0, 1.0, 1.0, 1.0, 1.0, 1.0, 1.0, 1.0, 1.0, 1.0, 1.0, 1.0, 1.0, 1.0, 1.0]"
adult,ridge,1000,2,14,b4_antithetic,3.7621715787420016e-05,7.673063031920921e-06,2.687265413387144e-06,5.480759308514944e-07,3.503174246630454e-05,4.051857845357419e-05,0.49413557016001913,0.9847619047619048,0.006688769061106719,0.9824175824175825,0.9872527472527473,0.9304029304029305,0.02605629193227657,1.0,0.0,1.0,0.0,3.2084406892343034e-07,0.0,1000.0,41.24510283000224,220.96340722112936,1000.0,"[4.4819196972700885e-05, 4.650682337064665e-05, 1.8420318678601262e-05, 4.1245237578037934e-05, 2.6501866792643323e-05, 3.845641192091683e-05, 4.1395229470246616e-05, 3.7093256542096355e-05, 4.323768258971097e-05, 3.93352513025938e-05, 3.651048657546067e-05, 3.7675402683428886e-05, 4.82114558920742e-05, 5.1631771798949255e-05, 3.434713537091776e-05, 3.9636297562543105e-05, 4.289479862291673e-05, 2.9322516524387574e-05, 3.157635130769788e-05, 3.5268295469768486e-05, 4.65435561020695e-05, 3.669367701936185e-05, 2.4077851630162468e-05, 3.824567860660402e-05, 2.9225753597940963e-05, 3.9171924889174316e-05, 2.7372961608342895e-05, 4.066699545715539e-05, 4.961553077929782e-05, 3.295175690615178e-05]","[0.9824175824175824, 0.9912087912087912, 0.9736263736263736, 0.9868131868131869, 0.9780219780219781, 0.9912087912087912, 0.9824175824175824, 0.9824175824175824, 0.9780219780219781, 0.9868131868131869, 0.9912087912087912, 0.9912087912087912, 0.9868131868131869, 0.9868131868131869, 0.9868131868131869, 0.9824175824175824, 0.9736263736263736, 0.9912087912087912, 0.9912087912087912, 0.9912087912087912, 0.9736263736263736, 0.9912087912087912, 0.9824175824175824, 0.9736263736263736, 0.9956043956043955, 0.9912087912087912, 0.9736263736263736, 0.9912087912087912, 0.9868131868131869, 0.9780219780219781]","[0.9120879120879122, 0.9560439560439562, 0.8901098901098902, 0.9340659340659341, 0.9120879120879122, 0.9560439560439562, 0.9340659340659341, 0.9340659340659341, 0.8901098901098902, 0.9340659340659341, 0.9560439560439562, 0.9560439560439562, 0.9340659340659341, 0.9340659340659341, 0.9340659340659341, 0.9120879120879122, 0.8901098901098902, 0.9560439560439562, 0.9560439560439562, 0.9560439560439562, 0.8901098901098902, 0.9560439560439562, 0.9120879120879122, 0.8901098901098902, 0.9780219780219781, 0.9560439560439562, 0.8901098901098902, 0.9560439560439562, 0.9340659340659341, 0.9120879120879122]","[1.0, 1.0, 1.0, 1.0, 1.0, 1.0, 1.0, 1.0, 1.0, 1.0, 1.0, 1.0, 1.0, 1.0, 1.0, 1.0, 1.0, 1.0, 1.0, 1.0, 1.0, 1.0, 1.0, 1.0, 1.0, 1.0, 1.0, 1.0, 1.0, 1.0]","[1.0, 1.0, 1.0, 1.0, 1.0, 1.0, 1.0, 1.0, 1.0, 1.0, 1.0, 1.0, 1.0, 1.0, 1.0, 1.0, 1.0, 1.0, 1.0, 1.0, 1.0, 1.0, 1.0, 1.0, 1.0, 1.0, 1.0, 1.0, 1.0, 1.0]"
adult,ridge,1000,3,14,abc_shap,0.0004290875608259027,0.0002855712924507964,3.064911148756448e-05,2.0397949460771172e-05,0.000326384587358058,0.0005346791528443664,4.118750258988708,0.8852747252747253,0.06993801201272852,0.8594871794871797,0.9081501831501831,0.7655677655677657,0.09980592741934888,0.9111111111111112,0.14740554623801783,1.0,0.0,2.9680072996697588e-05,504.0,496.0,0.20014774665857354,0.06498783133192731,504.0,"[0.0008870973489210482, 0.0006676830037020694, 0.001241101195344214, 0.0006069249063868103, 0.00038160500727679503, 7.315737665614966e-05, 0.0002466241066252807, 0.0001410164337292721, 0.00048784115385972464, 0.0008817788282023909, 0.0004837607932035665, 0.00043720545991611683, 0.0005643251783115592, 0.0002937030744784062, 0.00017123186850525192, 0.00039213176445014104, 0.0006881445505073509, 0.0002510051179121064, 0.00046545263486528067, 8.094654979828571e-05, 0.0008644716036778464, 0.00043721668126081424, 0.0005337569736853535, 0.00011141492249887417, 0.0001157212578336835, 0.0005335901184316077, 0.00017548996669817046, 0.00047129086763829023, 0.00014021378421756934, 4.6724296183050066e-05]","[0.767032967032967, 0.9692307692307693, 0.6923076923076923, 0.9208791208791209, 0.7406593406593407, 0.9692307692307693, 0.956043956043956, 0.9384615384615385, 0.9076923076923077, 0.8681318681318682, 0.8725274725274725, 0.9296703296703297, 0.8197802197802198, 0.9252747252747253, 0.8857142857142857, 0.9208791208791209, 0.8857142857142857, 0.9252747252747253, 0.8461538461538461, 0.9296703296703297, 0.7934065934065934, 0.9780219780219781, 0.8197802197802198, 0.8549450549450549, 0.8901098901098902, 0.8197802197802198, 0.9252747252747253, 0.9516483516483516, 0.9340659340659341, 0.9208791208791209]","[0.6043956043956044, 0.8901098901098902, 0.5164835164835165, 0.8241758241758242, 0.5824175824175825, 0.9120879120879122, 0.8681318681318682, 0.8681318681318682, 0.7582417582417583, 0.7802197802197802, 0.7362637362637363, 0.8021978021978022, 0.6263736263736264, 0.7802197802197802, 0.7802197802197802, 0.8021978021978022, 0.7142857142857144, 0.8461538461538461, 0.7142857142857144, 0.8461538461538461, 0.6043956043956044, 0.9120879120879122, 0.7142857142857144, 0.7582417582417583, 0.7582417582417583, 0.6703296703296704, 0.8241758241758242, 0.8461538461538461, 0.8241758241758242, 0.8021978021978022]","[1.0, 0.6666666666666666, 0.6666666666666666, 1.0, 0.6666666666666666, 1.0, 1.0, 1.0, 1.0, 1.0, 0.6666666666666666, 1.0, 0.6666666666666666, 1.0, 1.0, 1.0, 1.0, 1.0, 1.0, 1.0, 1.0, 1.0, 1.0, 0.6666666666666666, 0.6666666666666666, 1.0, 1.0, 1.0, 0.6666666666666666, 1.0]","[1.0, 1.0, 1.0, 1.0, 1.0, 1.0, 1.0, 1.0, 1.0, 1.0, 1.0, 1.0, 1.0, 1.0, 1.0, 1.0, 1.0, 1.0, 1.0, 1.0, 1.0, 1.0, 1.0, 1.0, 1.0, 1.0, 1.0, 1.0, 1.0, 1.0]"
adult,ridge,1000,3,14,b1_uniform,0.0001350952037190889,7.031441190516283e-05,9.64965740850635e-06,5.0224579932259166e-06,0.00011248595853843446,0.00015990185632704568,1.296759580340974,0.8890842490842492,0.05414132547961604,0.8688608058608058,0.9094505494505495,0.7721611721611724,0.07644715849506924,0.9555555555555556,0.11331154474650636,1.0,0.0,8.1492980349289e-06,0.0,1000.0,0.16807577334887658,0.05655980092002771,1000.0,"[0.00018224371819514887, 0.00010569337221967473, 0.00014640881981399064, 0.00010069859118525075, 0.0001118663488973862, 0.00016041018448138868, 0.00017769788024210147, 0.000167972971974615, 0.0003278236423252878, 0.0001432507391447624, 9.061302270517258e-05, 8.295286978386891e-05, 0.00011165505689323136, 6.38513001551485e-05, 0.00030369774183431166, 0.00023182256062291166, 0.00011229749888541568, 6.19845426681368e-05, 0.00014711912860412914, 7.998503615993896e-05, 8.429508603366407e-05, 9.749751182985795e-05, 8.439594576869306e-05, 0.00016800600915909658, 0.00013039555232063522, 6.915136810400273e-05, 5.8009143079671103e-05, 6.753874953939326e-05, 0.0002826976118982965, 0.00010082410704748466]","[0.8637362637362638, 0.8769230769230769, 0.9516483516483516, 0.956043956043956, 0.8549450549450549, 0.8197802197802198, 0.9428571428571428, 0.8505494505494505, 0.8241758241758241, 0.8989010989010989, 0.8857142857142857, 0.8901098901098902, 0.8153846153846154, 0.9604395604395607, 0.9384615384615385, 0.8769230769230769, 0.8285714285714285, 0.9428571428571428, 0.8373626373626375, 0.8681318681318682, 0.9692307692307693, 0.9604395604395607, 0.9076923076923077, 0.9296703296703297, 0.7978021978021977, 0.9516483516483516, 0.8945054945054945, 0.9516483516483516, 0.8065934065934066, 0.8197802197802198]","[0.7142857142857144, 0.7582417582417583, 0.8461538461538461, 0.8681318681318682, 0.7362637362637363, 0.6923076923076924, 0.8241758241758242, 0.7142857142857144, 0.6703296703296704, 0.7582417582417583, 0.7362637362637363, 0.7802197802197802, 0.6703296703296704, 0.8901098901098902, 0.8241758241758242, 0.7582417582417583, 0.6703296703296704, 0.8461538461538461, 0.7142857142857144, 0.7582417582417583, 0.8901098901098902, 0.8461538461538461, 0.7582417582417583, 0.8461538461538461, 0.6483516483516484, 0.8681318681318682, 0.8241758241758242, 0.8901098901098902, 0.6483516483516484, 0.7142857142857144]","[0.6666666666666666, 1.0, 1.0, 1.0, 1.0, 1.0, 1.0, 1.0, 1.0, 1.0, 1.0, 1.0, 0.6666666666666666, 1.0, 1.0, 0.6666666666666666, 1.0, 1.0, 1.0, 1.0, 1.0, 1.0, 1.0, 1.0, 0.6666666666666666, 1.0, 1.0, 1.0, 1.0, 1.0]","[1.0, 1.0, 1.0, 1.0, 1.0, 1.0, 1.0, 1.0, 1.0, 1.0, 1.0, 1.0, 1.0, 1.0, 1.0, 1.0, 1.0, 1.0, 1.0, 1.0, 1.0, 1.0, 1.0, 1.0, 1.0, 1.0, 1.0, 1.0, 1.0, 1.0]"
adult,ridge,1000,3,14,b2_stratified,0.00010417906739780287,9.627823909506639e-05,7.441361956985919e-06,6.877017078219028e-06,7.511950589373775e-05,0.00014411292726559846,1.0,0.9626373626373628,0.024440772626538137,0.9535531135531137,0.9709926739926741,0.890842490842491,0.05246669383089784,0.9777777777777777,0.08314794192830981,1.0,0.0,6.661983841880789e-06,0.0,1000.0,0.1550885466703524,0.04660520820123034,1000.0,"[3.0666583333981434e-05, 0.0003601225559491714, 3.4245882509324395e-05, 0.00012536824453360763, 0.00010417306201940538, 6.905601923383909e-05, 0.00018260407669590026, 6.705409263415683e-05, 2.9001057386190786e-05, 3.3718733457260975e-05, 0.00016532131316158159, 0.0001499066895350095, 7.035731409268875e-05, 2.8638951659756775e-05, 0.00012113830086163662, 9.7549819842273e-05, 0.0004664708784159834, 9.92744971582506e-05, 3.231540992184584e-05, 8.079299179655051e-05, 0.0001441890268880892, 0.00017902761977789505, 1.846924802467182e-05, 7.598375922020246e-06, 5.766834203666421e-05, 5.0737760705649716e-05, 9.181500434708336e-05, 5.0126657487593606e-05, 9.220463276967054e-05, 8.57588797763337e-05]","[0.9780219780219781, 0.9736263736263736, 0.9648351648351648, 0.9868131868131869, 0.9824175824175824, 0.9472527472527472, 0.8945054945054945, 0.9648351648351648, 0.9912087912087912, 0.9868131868131869, 0.9692307692307693, 0.9516483516483516, 0.9692307692307693, 0.9604395604395607, 0.9604395604395607, 0.9076923076923077, 0.9648351648351648, 0.9296703296703297, 0.9824175824175824, 0.9824175824175824, 0.9868131868131869, 0.9428571428571428, 0.9868131868131869, 0.9868131868131869, 0.9604395604395607, 0.9472527472527472, 0.9604395604395607, 0.9472527472527472, 0.9208791208791209, 0.9912087912087912]","[0.9120879120879122, 0.9120879120879122, 0.8901098901098902, 0.9560439560439562, 0.9340659340659341, 0.8681318681318682, 0.7802197802197802, 0.8901098901098902, 0.9560439560439562, 0.9560439560439562, 0.8681318681318682, 0.8681318681318682, 0.9120879120879122, 0.8681318681318682, 0.8901098901098902, 0.7582417582417583, 0.8681318681318682, 0.8241758241758242, 0.9340659340659341, 0.9340659340659341, 0.9560439560439562, 0.8461538461538461, 0.9340659340659341, 0.9560439560439562, 0.8681318681318682, 0.8681318681318682, 0.8901098901098902, 0.8681318681318682, 0.8021978021978022, 0.9560439560439562]","[1.0, 1.0, 1.0, 1.0, 1.0, 1.0, 1.0, 1.0, 1.0, 1.0, 1.0, 1.0, 1.0, 1.0, 1.0, 1.0, 1.0, 0.6666666666666666, 1.0, 1.0, 1.0, 0.6666666666666666, 1.0, 1.0, 1.0, 1.0, 1.0, 1.0, 1.0, 1.0]","[1.0, 1.0, 1.0, 1.0, 1.0, 1.0, 1.0, 1.0, 1.0, 1.0, 1.0, 1.0, 1.0, 1.0, 1.0, 1.0, 1.0, 1.0, 1.0, 1.0, 1.0, 1.0, 1.0, 1.0, 1.0, 1.0, 1.0, 1.0, 1.0, 1.0]"
adult,ridge,1000,3,14,b3_is,5.924136450711301e-05,4.079885914008218e-05,4.231526036222358e-06,2.9142042242915844e-06,4.509458861242798e-05,7.432894296423965e-05,0.5686494032520242,0.9627838827838828,0.024148724960685826,0.9542820512820513,0.9712893772893774,0.8981684981684983,0.04864490930705945,0.9777777777777777,0.08314794192830981,1.0,0.0,3.733542565814625e-06,0.0,1000.0,0.17805877667075645,0.06006063073756428,1000.0,"[8.372052751224892e-05, 7.357338852044883e-05, 0.00012722692349043826, 2.687198741246552e-05, 6.262459436539488e-05, 5.8751301261586675e-05, 7.943739599145362e-06, 0.00010540278027259743, 2.8439028981568593e-05, 0.0001917321224420994, 5.1937710105993214e-05, 0.0001093222535000213, 3.461149225309643e-05, 5.866100732934412e-05, 5.244267871485428e-05, 2.1766246031930243e-05, 1.587783850327551e-05, 4.2522078287326726e-05, 5.006250055273027e-05, 0.00014069825170279758, 3.323444542873415e-05, 4.4429062582702723e-05, 3.298197300476325e-05, 3.494791017593695e-05, 1.8515706745441214e-05, 2.5661736735575423e-05, 6.292217592566743e-05, 3.6658547931268046e-05, 5.082937310222879e-05, 9.28715527417087e-05]","[0.9208791208791209, 0.9252747252747253, 0.9296703296703297, 0.9692307692307693, 0.9868131868131869, 0.9252747252747253, 0.9868131868131869, 0.9296703296703297, 0.9868131868131869, 0.956043956043956, 0.9736263736263736, 0.9956043956043955, 0.9736263736263736, 0.9824175824175824, 0.956043956043956, 0.9648351648351648, 0.956043956043956, 0.9252747252747253, 0.9692307692307693, 0.9692307692307693, 0.9868131868131869, 0.956043956043956, 0.9912087912087912, 0.9164835164835166, 0.956043956043956, 0.9912087912087912, 0.9648351648351648, 0.9824175824175824, 0.9912087912087912, 0.9648351648351648]","[0.8241758241758242, 0.8241758241758242, 0.8461538461538461, 0.9120879120879122, 0.9340659340659341, 0.8241758241758242, 0.9560439560439562, 0.8461538461538461, 0.9340659340659341, 0.8681318681318682, 0.9120879120879122, 0.9780219780219781, 0.9340659340659341, 0.9340659340659341, 0.8901098901098902, 0.9120879120879122, 0.8681318681318682, 0.8241758241758242, 0.9120879120879122, 0.9120879120879122, 0.9560439560439562, 0.8681318681318682, 0.9560439560439562, 0.8021978021978022, 0.8681318681318682, 0.9560439560439562, 0.8901098901098902, 0.9340659340659341, 0.9560439560439562, 0.9120879120879122]","[1.0, 1.0, 1.0, 1.0, 0.6666666666666666, 1.0, 1.0, 1.0, 1.0, 1.0, 1.0, 1.0, 1.0, 1.0, 1.0, 1.0, 1.0, 0.6666666666666666, 1.0, 1.0, 1.0, 1.0, 1.0, 1.0, 1.0, 1.0, 1.0, 1.0, 1.0, 1.0]","[1.0, 1.0, 1.0, 1.0, 1.0, 1.0, 1.0, 1.0, 1.0, 1.0, 1.0, 1.0, 1.0, 1.0, 1.0, 1.0, 1.0, 1.0, 1.0, 1.0, 1.0, 1.0, 1.0, 1.0, 1.0, 1.0, 1.0, 1.0, 1.0, 1.0]"
adult,ridge,1000,3,14,b4_antithetic,1.779447069682697e-05,3.844869702198422e-06,1.2710336212019264e-06,2.7463355015703015e-07,1.651958572612782e-05,1.9054839314927052e-05,0.1708065846748236,0.9806593406593407,0.007407604196198989,0.9781648351648352,0.9834432234432235,0.9238095238095239,0.02024948712246924,1.0,0.0,1.0,0.0,2.511566549297607e-07,0.0,1000.0,0.1498472366676045,0.04243410898134036,1000.0,"[1.513930199822094e-05, 2.1582047701331123e-05, 1.545680985526248e-05, 1.5255262102906448e-05, 1.799685135742598e-05, 1.4520934875543429e-05, 2.1311058293184095e-05, 1.663390434875905e-05, 1.776779675781492e-05, 1.2182478898141103e-05, 2.8496963477733193e-05, 2.030730153227439e-05, 2.111371224398367e-05, 1.7685072181483163e-05, 1.8773305552524107e-05, 1.305914800440144e-05, 1.816715055486475e-05, 1.8652021426735454e-05, 1.5093972237595411e-05, 1.8243229694383384e-05, 1.7396169384109844e-05, 1.4853276159871468e-05, 1.7384213702821066e-05, 1.7591205404353775e-05, 2.1045985851461466e-05, 2.4708886591403657e-05, 2.2689888660962596e-05, 1.243775411597281e-05, 9.460630011884134e-06, 1.8827787927399793e-05]","[0.9868131868131869, 0.9868131868131869, 0.9780219780219781, 0.9648351648351648, 0.9780219780219781, 0.9736263736263736, 0.9780219780219781, 0.9780219780219781, 0.9736263736263736, 0.9780219780219781, 0.9736263736263736, 0.9780219780219781, 0.9868131868131869, 0.9824175824175824, 0.9824175824175824, 0.9956043956043955, 0.9736263736263736, 0.9868131868131869, 0.9780219780219781, 0.9868131868131869, 0.9824175824175824, 0.9912087912087912, 0.9868131868131869, 0.9912087912087912, 0.9868131868131869, 0.9780219780219781, 0.9648351648351648, 0.9868131868131869, 0.9824175824175824, 0.9692307692307693]","[0.9340659340659341, 0.9340659340659341, 0.9120879120879122, 0.8901098901098902, 0.9120879120879122, 0.9120879120879122, 0.9120879120879122, 0.9120879120879122, 0.9120879120879122, 0.9340659340659341, 0.9120879120879122, 0.9120879120879122, 0.9340659340659341, 0.9340659340659341, 0.9120879120879122, 0.9780219780219781, 0.9120879120879122, 0.9340659340659341, 0.9120879120879122, 0.9340659340659341, 0.9120879120879122, 0.9560439560439562, 0.9560439560439562, 0.9560439560439562, 0.9340659340659341, 0.9120879120879122, 0.8901098901098902, 0.9340659340659341, 0.9340659340659341, 0.8901098901098902]","[1.0, 1.0, 1.0, 1.0, 1.0, 1.0, 1.0, 1.0, 1.0, 1.0, 1.0, 1.0, 1.0, 1.0, 1.0, 1.0, 1.0, 1.0, 1.0, 1.0, 1.0, 1.0, 1.0, 1.0, 1.0, 1.0, 1.0, 1.0, 1.0, 1.0]","[1.0, 1.0, 1.0, 1.0, 1.0, 1.0, 1.0, 1.0, 1.0, 1.0, 1.0, 1.0, 1.0, 1.0, 1.0, 1.0, 1.0, 1.0, 1.0, 1.0, 1.0, 1.0, 1.0, 1.0, 1.0, 1.0, 1.0, 1.0, 1.0, 1.0]"
adult,ridge,1000,4,14,abc_shap,0.00042850689164457615,0.0002635263207725279,3.0607635117469725e-05,1.8823308626609135e-05,0.00034587662253301457,0.0005262325882402829,3.6386093826785304,0.9498901098901098,0.038731236522040746,0.9352344322344321,0.9617655677655678,0.865934065934066,0.06746691938369405,0.9666666666666667,0.10000000000000002,1.0,0.0,2.7281707697446196e-05,504.0,496.0,0.14750794334104284,0.024436423818745147,504.0,"[0.00014162375628086078, 0.0007396779258731257, 0.0005073875766090034, 0.00045435265348421107, 0.00026142919196614495, 0.0009809946560032166, 0.0006049572129912424, 0.0002566324003819138, 0.0002523731326608889, 0.00039074801256208387, 4.5938288912359104e-05, 0.00010022810843300151, 9.385131548858516e-05, 8.025299257281828e-05, 0.0002518953294560738, 0.0006748320213871598, 0.0005209079456563399, 0.0001228604580183815, 0.0004715470652929578, 0.0010102498334715764, 0.0003518880844285215, 0.00042255959264230993, 0.0004853757285616657, 0.0008991197469617393, 0.0006737507027104795, 0.0005635706693000169, 0.0002128901393112208, 0.0001840094618039659, 0.0004998824989645294, 0.00059942024715089]","[0.9516483516483516, 0.956043956043956, 0.9296703296703297, 0.9692307692307693, 0.9912087912087912, 0.956043956043956, 0.9428571428571428, 0.9824175824175824, 0.9252747252747253, 0.9824175824175824, 0.9780219780219781, 0.9516483516483516, 0.9824175824175824, 0.9824175824175824, 0.956043956043956, 0.9340659340659341, 0.9340659340659341, 0.9868131868131869, 0.9384615384615385, 0.7890109890109891, 0.956043956043956, 0.9516483516483516, 0.8901098901098902, 0.9164835164835166, 0.9516483516483516, 0.9736263736263736, 0.9956043956043955, 0.9780219780219781, 0.9340659340659341, 0.9296703296703297]","[0.8461538461538461, 0.8681318681318682, 0.8681318681318682, 0.8901098901098902, 0.9560439560439562, 0.8681318681318682, 0.8461538461538461, 0.9340659340659341, 0.8021978021978022, 0.9340659340659341, 0.9120879120879122, 0.8461538461538461, 0.9340659340659341, 0.9340659340659341, 0.8681318681318682, 0.8241758241758242, 0.8021978021978022, 0.9340659340659341, 0.8461538461538461, 0.6263736263736264, 0.8681318681318682, 0.8461538461538461, 0.7802197802197802, 0.8021978021978022, 0.8461538461538461, 0.9120879120879122, 0.9780219780219781, 0.9340659340659341, 0.8241758241758242, 0.8461538461538461]","[1.0, 1.0, 1.0, 1.0, 1.0, 1.0, 0.6666666666666666, 1.0, 1.0, 1.0, 1.0, 1.0, 1.0, 1.0, 0.6666666666666666, 1.0, 0.6666666666666666, 1.0, 1.0, 1.0, 1.0, 1.0, 1.0, 1.0, 1.0, 1.0, 1.0, 1.0, 1.0, 1.0]","[1.0, 1.0, 1.0, 1.0, 1.0, 1.0, 1.0, 1.0, 1.0, 1.0, 1.0, 1.0, 1.0, 1.0, 1.0, 1.0, 1.0, 1.0, 1.0, 1.0, 1.0, 1.0, 1.0, 1.0, 1.0, 1.0, 1.0, 1.0, 1.0, 1.0]"
adult,ridge,1000,4,14,b1_uniform,0.0005516465529128415,0.00018390149345382905,3.940332520806011e-05,1.313582096098779e-05,0.0004834200896807745,0.0006156178980766292,4.6842334685618585,0.8974358974358976,0.04500339526908106,0.8816043956043957,0.9129670329670331,0.7941391941391944,0.06629530670998504,0.9888888888888889,0.05983516452371672,0.9933333333333334,0.03590109871423002,1.0429472969835188e-05,0.0,1000.0,0.12037382000125944,0.010744973303693164,1000.0,"[0.000573777723219158, 0.0006550524240781416, 0.000389684023464852, 0.0004129246309688273, 0.0004904667586745364, 0.0005377838791265239, 0.0007740913766819061, 0.0009116691546250733, 0.0005289451292129022, 0.00040791618732344357, 0.0007321049620028619, 0.00021562911109088538, 0.00033794732843754393, 0.00046593009715772943, 0.0005210386684427627, 0.00046579288156546665, 0.0003428914655649616, 0.0003465799987326102, 0.0006135957499867213, 0.0005536015831176006, 0.0003883925505857555, 0.0006755468207853356, 0.00033632183085664064, 0.0006205086705629163, 0.0004743047702647009, 0.0007073926614592966, 0.0008031552213917069, 0.0010237299307604432, 0.0007596686183380802, 0.00048295237890586055]","[0.9428571428571428, 0.8593406593406594, 0.8505494505494505, 0.9472527472527472, 0.9032967032967033, 0.8549450549450549, 0.832967032967033, 0.9032967032967033, 0.9428571428571428, 0.8857142857142857, 0.8681318681318682, 0.9692307692307693, 0.8725274725274725, 0.9868131868131869, 0.8857142857142857, 0.8681318681318682, 0.9384615384615385, 0.9120879120879121, 0.8153846153846154, 0.8241758241758241, 0.9120879120879121, 0.8373626373626375, 0.9032967032967033, 0.8989010989010989, 0.9296703296703297, 0.9604395604395607, 0.8769230769230769, 0.8593406593406594, 0.9296703296703297, 0.9516483516483516]","[0.8461538461538461, 0.7582417582417583, 0.7362637362637363, 0.8681318681318682, 0.8021978021978022, 0.7362637362637363, 0.6923076923076924, 0.8021978021978022, 0.8681318681318682, 0.7802197802197802, 0.7582417582417583, 0.8901098901098902, 0.7802197802197802, 0.9560439560439562, 0.8021978021978022, 0.7362637362637363, 0.8681318681318682, 0.7802197802197802, 0.6923076923076924, 0.6923076923076924, 0.7802197802197802, 0.7142857142857144, 0.8021978021978022, 0.7802197802197802, 0.8021978021978022, 0.8901098901098902, 0.7802197802197802, 0.7142857142857144, 0.8241758241758242, 0.8901098901098902]","[1.0, 1.0, 1.0, 1.0, 1.0, 1.0, 1.0, 1.0, 1.0, 1.0, 1.0, 1.0, 1.0, 1.0, 1.0, 1.0, 1.0, 1.0, 1.0, 1.0, 1.0, 1.0, 1.0, 1.0, 1.0, 1.0, 1.0, 1.0, 0.6666666666666666, 1.0]","[1.0, 1.0, 1.0, 1.0, 1.0, 1.0, 1.0, 1.0, 1.0, 1.0, 1.0, 1.0, 1.0, 1.0, 1.0, 1.0, 1.0, 1.0, 1.0, 1.0, 1.0, 1.0, 1.0, 1.0, 0.8, 1.0, 1.0, 1.0, 1.0, 1.0]"
adult,ridge,1000,4,14,b2_stratified,0.00011776666483752498,7.967624569628171e-05,8.411904631251784e-06,5.691160406877265e-06,9.11063362085339e-05,0.00015025123075276638,1.0,0.9897435897435898,0.007641555932838221,0.986959706959707,0.9920879120879121,0.9560439560439562,0.02473544764268737,0.9666666666666667,0.1,1.0,0.0,7.967841215596335e-06,0.0,1000.0,0.11791070332983508,0.007336425174639461,1000.0,"[7.378808162586955e-05, 0.00021820511235389167, 0.00015413299973378541, 0.00014624710607994722, 8.747753629124145e-05, 2.9175935750694993e-05, 0.00013728639668237003, 0.00018636692583939767, 6.613695776068987e-05, 0.00019584736950822932, 3.053217759405586e-05, 2.98802100924781e-05, 0.000378936105097357, 0.00017414225680294722, 5.444510619210581e-05, 0.00020545716548837217, 8.630732551980431e-05, 6.196160685006904e-05, 0.00011336795252038992, 5.3355713157169556e-05, 0.0002593048973304118, 0.00011582984987052665, 4.11491152274044e-05, 6.0670542400612435e-05, 6.255565505369937e-05, 0.00017328830133130172, 0.00015188171391221987, 4.5506122845515066e-05, 5.095584382733296e-05, 8.880786238586009e-05]","[0.9912087912087912, 0.9868131868131869, 0.9780219780219781, 0.9912087912087912, 0.9868131868131869, 0.9912087912087912, 0.9956043956043955, 0.9956043956043955, 0.9912087912087912, 0.9912087912087912, 0.9956043956043955, 0.9956043956043955, 0.9692307692307693, 0.9868131868131869, 0.9912087912087912, 0.9956043956043955, 0.9912087912087912, 0.9956043956043955, 0.9692307692307693, 0.9912087912087912, 0.9824175824175824, 0.9868131868131869, 1.0, 0.9780219780219781, 0.9956043956043955, 0.9868131868131869, 0.9956043956043955, 1.0, 0.9912087912087912, 0.9956043956043955]","[0.9560439560439562, 0.9340659340659341, 0.9120879120879122, 0.9560439560439562, 0.9340659340659341, 0.9560439560439562, 0.9780219780219781, 0.9780219780219781, 0.9560439560439562, 0.9560439560439562, 0.9780219780219781, 0.9780219780219781, 0.9120879120879122, 0.9340659340659341, 0.9560439560439562, 0.9780219780219781, 0.9560439560439562, 0.9780219780219781, 0.9120879120879122, 0.9560439560439562, 0.9340659340659341, 0.9340659340659341, 1.0, 0.9120879120879122, 0.9780219780219781, 0.9560439560439562, 0.9780219780219781, 1.0, 0.9560439560439562, 0.9780219780219781]","[1.0, 0.6666666666666666, 0.6666666666666666, 1.0, 1.0, 1.0, 0.6666666666666666, 1.0, 1.0, 1.0, 1.0, 1.0, 1.0, 1.0, 1.0, 1.0, 1.0, 1.0, 1.0, 1.0, 1.0, 1.0, 1.0, 1.0, 1.0, 1.0, 1.0, 1.0, 1.0, 1.0]","[1.0, 1.0, 1.0, 1.0, 1.0, 1.0, 1.0, 1.0, 1.0, 1.0, 1.0, 1.0, 1.0, 1.0, 1.0, 1.0, 1.0, 1.0, 1.0, 1.0, 1.0, 1.0, 1.0, 1.0, 1.0, 1.0, 1.0, 1.0, 1.0, 1.0]"
adult,ridge,1000,4,14,b3_is,9.065318626886456e-05,0.00010314433022407359,6.475227590633183e-06,7.3674521588623995e-06,5.737517346685292e-05,0.00013264609285906846,0.7697694962656273,0.9944322344322345,0.0037527468058214156,0.9931135531135531,0.9957509157509158,0.9743589743589745,0.015102951009588465,1.0,0.0,1.0,0.0,5.213786301324705e-06,0.0,1000.0,0.14005164332532635,0.010980370253749917,1000.0,"[4.264766844373362e-05, 3.9681737836599654e-05, 7.142005408319782e-05, 2.8788773314289265e-05, 2.2829190003594253e-05, 3.247294912234853e-05, 1.9376917294263455e-05, 0.00010285165288325215, 0.00047515550609679246, 0.00013398942794819296, 8.376169573634279e-05, 2.389311307898845e-05, 2.448649870622968e-05, 3.699842829737435e-05, 2.7490185972177666e-05, 0.00020287633384703517, 0.00010096873951359852, 3.469773213161691e-05, 4.27206219668687e-05, 5.1226931345673564e-05, 0.000334473705097011, 3.480877891197449e-05, 4.9312131659477745e-05, 9.663658721886196e-05, 5.487189745052544e-05, 0.0002653519524783178, 3.42917181070312e-05, 1.0072212658841111e-05, 0.00016602257804338344, 7.541986881834297e-05]","[1.0, 0.9956043956043955, 0.9956043956043955, 0.9912087912087912, 0.9956043956043955, 0.9956043956043955, 0.9956043956043955, 0.9956043956043955, 1.0, 0.9956043956043955, 0.9956043956043955, 0.9956043956043955, 0.9912087912087912, 0.9868131868131869, 1.0, 0.9956043956043955, 1.0, 0.9912087912087912, 0.9868131868131869, 0.9956043956043955, 0.9912087912087912, 0.9868131868131869, 0.9956043956043955, 0.9956043956043955, 0.9956043956043955, 0.9956043956043955, 0.9956043956043955, 0.9956043956043955, 0.9868131868131869, 0.9956043956043955]","[1.0, 0.9780219780219781, 0.9780219780219781, 0.9560439560439562, 0.9780219780219781, 0.9780219780219781, 0.9780219780219781, 0.9780219780219781, 1.0, 0.9780219780219781, 0.9780219780219781, 0.9780219780219781, 0.9560439560439562, 0.9560439560439562, 1.0, 0.9780219780219781, 1.0, 0.9560439560439562, 0.9340659340659341, 0.9780219780219781, 0.9560439560439562, 0.9560439560439562, 0.9780219780219781, 0.9780219780219781, 0.9780219780219781, 0.9780219780219781, 0.9780219780219781, 0.9780219780219781, 0.9560439560439562, 0.9780219780219781]","[1.0, 1.0, 1.0, 1.0, 1.0, 1.0, 1.0, 1.0, 1.0, 1.0, 1.0, 1.0, 1.0, 1.0, 1.0, 1.0, 1.0, 1.0, 1.0, 1.0, 1.0, 1.0, 1.0, 1.0, 1.0, 1.0, 1.0, 1.0, 1.0, 1.0]","[1.0, 1.0, 1.0, 1.0, 1.0, 1.0, 1.0, 1.0, 1.0, 1.0, 1.0, 1.0, 1.0, 1.0, 1.0, 1.0, 1.0, 1.0, 1.0, 1.0, 1.0, 1.0, 1.0, 1.0, 1.0, 1.0, 1.0, 1.0, 1.0, 1.0]"
adult,ridge,1000,4,14,b4_antithetic,0.00046980352264442516,7.312286119608344e-05,3.35573944746018e-05,5.22306151400596e-06,0.0004427222650166404,0.0004952951379655029,3.989274242355276,0.9129670329670331,0.03456260875923945,0.9013919413919415,0.9249853479853479,0.81978021978022,0.050245943441706215,0.9888888888888888,0.059835164523716726,1.0,0.0,5.1237846837193e-06,0.0,1000.0,0.11517369000939652,0.00966089494725754,1000.0,"[0.00040995497309378396, 0.000516356951375569, 0.0005394777842725101, 0.0005420256528965738, 0.000492954056210788, 0.0004170164581575933, 0.0004814351314322083, 0.0004529174719599537, 0.0006271532656717375, 0.00040282366855383346, 0.000395819418964981, 0.000398274719382336, 0.00036880821268830174, 0.0004455515076308468, 0.0005212332356382594, 0.0005566532985433452, 0.0003841055541207073, 0.0004800581868167809, 0.00038370994492995653, 0.0005505076071750744, 0.0005209428612973995, 0.0005404786927725361, 0.00043448782512399723, 0.0005135552045816615, 0.0005151312969987163, 0.00038926138008916453, 0.0005366558714931897, 0.0004884402402354854, 0.0005015953961592533, 0.000286719811066211]","[0.9692307692307693, 0.9516483516483516, 0.832967032967033, 0.8769230769230769, 0.9120879120879121, 0.9296703296703297, 0.8813186813186813, 0.9120879120879121, 0.9032967032967033, 0.9032967032967033, 0.9604395604395607, 0.9120879120879121, 0.956043956043956, 0.8901098901098902, 0.9384615384615385, 0.9032967032967033, 0.9604395604395607, 0.9076923076923077, 0.9780219780219781, 0.9296703296703297, 0.9208791208791209, 0.8857142857142857, 0.9252747252747253, 0.8417582417582418, 0.8681318681318682, 0.8989010989010989, 0.8813186813186813, 0.9032967032967033, 0.9208791208791209, 0.9340659340659341]","[0.9120879120879122, 0.8461538461538461, 0.7362637362637363, 0.7582417582417583, 0.8241758241758242, 0.8461538461538461, 0.7802197802197802, 0.7802197802197802, 0.8021978021978022, 0.8021978021978022, 0.8901098901098902, 0.8241758241758242, 0.8681318681318682, 0.8021978021978022, 0.8681318681318682, 0.8021978021978022, 0.8901098901098902, 0.8021978021978022, 0.9120879120879122, 0.8461538461538461, 0.8461538461538461, 0.7802197802197802, 0.8241758241758242, 0.7142857142857144, 0.7582417582417583, 0.8021978021978022, 0.7582417582417583, 0.8021978021978022, 0.8241758241758242, 0.8901098901098902]","[1.0, 1.0, 1.0, 1.0, 1.0, 1.0, 1.0, 1.0, 1.0, 1.0, 1.0, 1.0, 1.0, 1.0, 1.0, 1.0, 1.0, 0.6666666666666666, 1.0, 1.0, 1.0, 1.0, 1.0, 1.0, 1.0, 1.0, 1.0, 1.0, 1.0, 1.0]","[1.0, 1.0, 1.0, 1.0, 1.0, 1.0, 1.0, 1.0, 1.0, 1.0, 1.0, 1.0, 1.0, 1.0, 1.0, 1.0, 1.0, 1.0, 1.0, 1.0, 1.0, 1.0, 1.0, 1.0, 1.0, 1.0, 1.0, 1.0, 1.0, 1.0]"
adult,ridge,1000,5,14,abc_shap,0.00017187856719888544,0.00015889313233675807,1.2277040514206103e-05,1.1349509452625577e-05,0.00011926330207338384,0.00023185502654897308,3.3088343939994376,0.9655677655677657,0.024077945943256497,0.9561904761904763,0.9736300366300367,0.890842490842491,0.04521399010757357,1.0,0.0,1.0,0.0,1.1620440745430748e-05,504.0,496.0,0.1457610100042075,0.014450925785397658,504.0,"[3.9501981368525574e-05, 1.5812428112419935e-05, 4.6892967188447744e-05, 7.386011184365555e-05, 6.626418420014872e-05, 8.919325917741538e-05, 7.997530325661068e-05, 0.0003765583349322757, 8.285539315466401e-05, 0.00035312423025104763, 0.00016078311357267742, 0.0006286382650861601, 4.3806882722096224e-05, 1.1112801039361102e-05, 5.9366495325199206e-05, 9.164774743722801e-05, 0.0005282753351212765, 0.00014776261241777907, 0.00012149562543489306, 5.085489888654744e-05, 2.323372674230965e-05, 0.00022642923596464203, 0.00014809325344069345, 0.00021281478078730165, 0.00019454023861612557, 9.336152897570413e-05, 0.00036456043437694234, 0.0004779729641464333, 0.0002011243385857395, 0.00014644454380224309]","[0.9824175824175824, 0.9868131868131869, 0.9780219780219781, 0.9736263736263736, 0.9780219780219781, 0.9780219780219781, 0.9648351648351648, 0.9472527472527472, 0.9604395604395607, 0.9648351648351648, 0.9648351648351648, 0.9076923076923077, 1.0, 0.9912087912087912, 0.9472527472527472, 0.9824175824175824, 0.9296703296703297, 0.9428571428571428, 0.9868131868131869, 0.9912087912087912, 0.9824175824175824, 0.9604395604395607, 0.9780219780219781, 0.9648351648351648, 0.9736263736263736, 0.9780219780219781, 0.9340659340659341, 0.8945054945054945, 0.9604395604395607, 0.9824175824175824]","[0.9120879120879122, 0.9340659340659341, 0.9120879120879122, 0.9120879120879122, 0.8901098901098902, 0.9120879120879122, 0.8901098901098902, 0.8461538461538461, 0.8681318681318682, 0.8681318681318682, 0.8901098901098902, 0.8021978021978022, 1.0, 0.9560439560439562, 0.8681318681318682, 0.9120879120879122, 0.8241758241758242, 0.8461538461538461, 0.9340659340659341, 0.9560439560439562, 0.9120879120879122, 0.8681318681318682, 0.9120879120879122, 0.8681318681318682, 0.8901098901098902, 0.9120879120879122, 0.8461538461538461, 0.7802197802197802, 0.8901098901098902, 0.9120879120879122]","[1.0, 1.0, 1.0, 1.0, 1.0, 1.0, 1.0, 1.0, 1.0, 1.0, 1.0, 1.0, 1.0, 1.0, 1.0, 1.0, 1.0, 1.0, 1.0, 1.0, 1.0, 1.0, 1.0, 1.0, 1.0, 1.0, 1.0, 1.0, 1.0, 1.0]","[1.0, 1.0, 1.0, 1.0, 1.0, 1.0, 1.0, 1.0, 1.0, 1.0, 1.0, 1.0, 1.0, 1.0, 1.0, 1.0, 1.0, 1.0, 1.0, 1.0, 1.0, 1.0, 1.0, 1.0, 1.0, 1.0, 1.0, 1.0, 1.0, 1.0]"
adult,ridge,1000,5,14,b1_uniform,0.00010792678021669836,7.427108019097029e-05,7.709055729764169e-06,5.3050771564978775e-06,8.505039079425121e-05,0.00014048116526316846,2.0776985067684772,0.9624908424908426,0.026730993540175725,0.9516483516483517,0.9718681318681319,0.8967032967032968,0.050485705945846324,1.0,0.0,1.0,0.0,4.503262023590083e-06,0.0,1000.0,0.1200666999987637,0.013394085891706755,1000.0,"[5.708387350440023e-05, 6.333026108652224e-05, 7.01501434197015e-05, 6.482278598675045e-05, 6.9292941276729e-05, 6.138851612892254e-05, 9.544866018622743e-05, 0.0001315452341211884, 5.141193533334853e-05, 3.374485034890011e-05, 0.00012932021285206317, 6.737492889447612e-05, 9.969604980353691e-05, 0.0001284560915440336, 0.00014964776614716772, 4.06972676108447e-05, 8.256543915748531e-05, 0.00014062151469968766, 0.00012163588261836497, 0.00018981336488654345, 7.165619000595539e-05, 9.518024231769177e-05, 6.633693307735641e-05, 9.836592008064138e-05, 0.00035317222450528054, 0.00010289079016440206, 5.2434101505639106e-05, 0.00035347696740492237, 0.00010379421130055552, 9.244810653161271e-05]","[0.9868131868131869, 0.9912087912087912, 0.9384615384615385, 0.9956043956043955, 0.9780219780219781, 0.9868131868131869, 0.9692307692307693, 0.9780219780219781, 0.9868131868131869, 0.9824175824175824, 0.9692307692307693, 0.9736263736263736, 0.9208791208791209, 0.9428571428571428, 0.9296703296703297, 0.9912087912087912, 0.9692307692307693, 0.9736263736263736, 0.9912087912087912, 0.9340659340659341, 0.9736263736263736, 0.8989010989010989, 0.9736263736263736, 0.9692307692307693, 0.9252747252747253, 0.9780219780219781, 0.9824175824175824, 0.9164835164835166, 0.9428571428571428, 0.9252747252747253]","[0.9340659340659341, 0.9560439560439562, 0.8681318681318682, 0.9780219780219781, 0.9340659340659341, 0.9340659340659341, 0.8901098901098902, 0.9120879120879122, 0.9340659340659341, 0.9340659340659341, 0.9120879120879122, 0.9340659340659341, 0.8241758241758242, 0.8461538461538461, 0.8461538461538461, 0.9560439560439562, 0.9120879120879122, 0.9120879120879122, 0.9560439560439562, 0.8461538461538461, 0.9120879120879122, 0.7802197802197802, 0.9120879120879122, 0.9120879120879122, 0.8241758241758242, 0.9120879120879122, 0.9340659340659341, 0.8021978021978022, 0.8681318681318682, 0.8241758241758242]","[1.0, 1.0, 1.0, 1.0, 1.0, 1.0, 1.0, 1.0, 1.0, 1.0, 1.0, 1.0, 1.0, 1.0, 1.0, 1.0, 1.0, 1.0, 1.0, 1.0, 1.0, 1.0, 1.0, 1.0, 1.0, 1.0, 1.0, 1.0, 1.0, 1.0]","[1.0, 1.0, 1.0, 1.0, 1.0, 1.0, 1.0, 1.0, 1.0, 1.0, 1.0, 1.0, 1.0, 1.0, 1.0, 1.0, 1.0, 1.0, 1.0, 1.0, 1.0, 1.0, 1.0, 1.0, 1.0, 1.0, 1.0, 1.0, 1.0, 1.0]"
adult,ridge,1000,5,14,b2_stratified,5.1945351967625446e-05,4.8592521037626325e-05,3.7103822834018175e-06,3.470894359830452e-06,3.640089017148992e-05,7.031916034994386e-05,1.0,0.9847619047619048,0.008472868744205655,0.9816849816849818,0.9875494505494505,0.9355311355311356,0.026576347468449908,1.0,0.0,1.0,0.0,2.7427500885752997e-06,0.0,1000.0,0.1243933799987038,0.018872005507409605,1000.0,"[6.305895840640969e-05, 2.9648807789417708e-05, 1.1219949209581882e-05, 4.280419643147772e-05, 8.951708537986623e-06, 3.207272629983098e-05, 8.325134109229721e-05, 2.5792211958077974e-05, 1.6765099140694958e-05, 2.3037204100518675e-05, 3.7061895883570335e-05, 8.155422692588637e-05, 2.563647366214046e-05, 2.0096254775573037e-05, 3.632044791906316e-05, 3.479312981513846e-05, 1.5720859139669304e-05, 4.25387202343407e-05, 6.85731915750219e-05, 4.695795302669685e-05, 3.3446616851502174e-05, 0.00018150124624705997, 1.0923801899241647e-05, 1.9416556603953224e-05, 4.113282797577208e-05, 0.00019652924134682268, 2.5149462766265916e-05, 0.00013718991329457936, 2.6295280861757637e-05, 0.00014092025525841483]","[0.9868131868131869, 0.9824175824175824, 0.9912087912087912, 0.9912087912087912, 0.9868131868131869, 0.9956043956043955, 0.9868131868131869, 0.9868131868131869, 0.9956043956043955, 0.9868131868131869, 0.9868131868131869, 0.9736263736263736, 0.9868131868131869, 0.9912087912087912, 0.9824175824175824, 0.9912087912087912, 0.9956043956043955, 0.9824175824175824, 0.9868131868131869, 0.9736263736263736, 0.9824175824175824, 0.9736263736263736, 0.9912087912087912, 0.9780219780219781, 0.9956043956043955, 0.9736263736263736, 0.9956043956043955, 0.9604395604395607, 0.9780219780219781, 0.9736263736263736]","[0.9340659340659341, 0.9120879120879122, 0.9560439560439562, 0.9560439560439562, 0.9340659340659341, 0.9780219780219781, 0.9340659340659341, 0.9340659340659341, 0.9780219780219781, 0.9340659340659341, 0.9340659340659341, 0.9120879120879122, 0.9340659340659341, 0.9560439560439562, 0.9340659340659341, 0.9560439560439562, 0.9780219780219781, 0.9120879120879122, 0.9340659340659341, 0.9120879120879122, 0.9120879120879122, 0.9120879120879122, 0.9560439560439562, 0.9120879120879122, 0.9780219780219781, 0.9120879120879122, 0.9780219780219781, 0.8681318681318682, 0.9120879120879122, 0.9120879120879122]","[1.0, 1.0, 1.0, 1.0, 1.0, 1.0, 1.0, 1.0, 1.0, 1.0, 1.0, 1.0, 1.0, 1.0, 1.0, 1.0, 1.0, 1.0, 1.0, 1.0, 1.0, 1.0, 1.0, 1.0, 1.0, 1.0, 1.0, 1.0, 1.0, 1.0]","[1.0, 1.0, 1.0, 1.0, 1.0, 1.0, 1.0, 1.0, 1.0, 1.0, 1.0, 1.0, 1.0, 1.0, 1.0, 1.0, 1.0, 1.0, 1.0, 1.0, 1.0, 1.0, 1.0, 1.0, 1.0, 1.0, 1.0, 1.0, 1.0, 1.0]"
adult,ridge,1000,5,14,b3_is,2.551709817612708e-05,2.808399102484857e-05,1.8226498697233628e-06,2.005999358917755e-06,1.693473368698428e-05,3.70800774059532e-05,0.49122967136752527,0.989010989010989,0.006494992017377703,0.9863736263736265,0.9912087912087912,0.9487179487179489,0.02495148185483723,1.0,0.0,1.0,0.0,1.0766152016937047e-06,0.0,1000.0,0.14781953332712874,0.026557527446468193,1000.0,"[1.667081623830143e-05, 1.4098210686696303e-05, 5.218383788282741e-06, 2.1385952707189204e-05, 2.9092408804014425e-05, 9.731277037326687e-06, 9.348693948353163e-06, 1.5998412288439573e-05, 6.242418646191175e-06, 3.3918841472757626e-05, 5.235491119592773e-06, 1.3922326214755005e-05, 2.2741974934496647e-05, 1.8963876360429193e-05, 2.286754181430665e-05, 6.364398119347719e-06, 1.2217403697860546e-05, 2.213374939407956e-05, 1.1520929659065404e-05, 2.3135804780256282e-05, 6.031900523274067e-05, 0.0001364559655802194, 2.5762816728279972e-05, 3.351187015836357e-06, 7.107811492926337e-05, 5.497215839129338e-06, 9.85967247402487e-06, 8.341646187492512e-05, 4.062286057226665e-05, 8.34073332538427e-06]","[0.9868131868131869, 0.9868131868131869, 0.9912087912087912, 0.9912087912087912, 0.9868131868131869, 0.9868131868131869, 0.9912087912087912, 1.0, 0.9868131868131869, 0.9868131868131869, 0.9912087912087912, 0.9912087912087912, 0.9956043956043955, 1.0, 0.9868131868131869, 0.9824175824175824, 0.9868131868131869, 0.9956043956043955, 0.9912087912087912, 0.9868131868131869, 0.9912087912087912, 0.9692307692307693, 0.9868131868131869, 0.9956043956043955, 0.9736263736263736, 0.9956043956043955, 0.9912087912087912, 0.9956043956043955, 0.9824175824175824, 0.9868131868131869]","[0.9340659340659341, 0.9340659340659341, 0.9560439560439562, 0.9560439560439562, 0.9340659340659341, 0.9340659340659341, 0.9560439560439562, 1.0, 0.9340659340659341, 0.9340659340659341, 0.9560439560439562, 0.9560439560439562, 0.9780219780219781, 1.0, 0.9340659340659341, 0.9340659340659341, 0.9340659340659341, 0.9780219780219781, 0.9560439560439562, 0.9340659340659341, 0.9560439560439562, 0.8901098901098902, 0.9340659340659341, 0.9780219780219781, 0.9120879120879122, 0.9780219780219781, 0.9560439560439562, 0.9780219780219781, 0.9120879120879122, 0.9340659340659341]","[1.0, 1.0, 1.0, 1.0, 1.0, 1.0, 1.0, 1.0, 1.0, 1.0, 1.0, 1.0, 1.0, 1.0, 1.0, 1.0, 1.0, 1.0, 1.0, 1.0, 1.0, 1.0, 1.0, 1.0, 1.0, 1.0, 1.0, 1.0, 1.0, 1.0]","[1.0, 1.0, 1.0, 1.0, 1.0, 1.0, 1.0, 1.0, 1.0, 1.0, 1.0, 1.0, 1.0, 1.0, 1.0, 1.0, 1.0, 1.0, 1.0, 1.0, 1.0, 1.0, 1.0, 1.0, 1.0, 1.0, 1.0, 1.0, 1.0, 1.0]"
adult,ridge,1000,5,14,b4_antithetic,4.129300447492345e-05,6.133634695149345e-06,2.949500319637389e-06,4.381167639392389e-07,3.893816478077786e-05,4.3435952355224995e-05,0.7949316524153885,0.9723076923076924,0.003433076780618271,0.9709890109890111,0.9733333333333333,0.9084249084249085,0.009964447259146858,1.0,0.0,1.0,0.0,1.2807429132970764e-07,0.0,1000.0,0.11710529666161165,0.01632253165812878,1000.0,"[3.7954794885856324e-05, 4.062926587645061e-05, 4.459721951744271e-05, 3.4441296035452944e-05, 4.443517491935657e-05, 3.46137735152515e-05, 3.515424581500183e-05, 4.4557662572897e-05, 2.5375000187842638e-05, 2.549408474213659e-05, 4.180546417882137e-05, 4.4189450269933325e-05, 4.526103830105813e-05, 3.617127355688319e-05, 4.93600870062066e-05, 4.4995395771836424e-05, 4.678299106039162e-05, 4.4746268395219584e-05, 4.337079985309094e-05, 4.656344335301515e-05, 3.304769439616992e-05, 4.105638832642674e-05, 4.309679259362558e-05, 5.06164401737665e-05, 4.172771718596872e-05, 4.612878934224506e-05, 4.680289942061723e-05, 4.1468596229083314e-05, 4.641989109240461e-05, 3.792619567325082e-05]","[0.9736263736263736, 0.9736263736263736, 0.9736263736263736, 0.9736263736263736, 0.9736263736263736, 0.9648351648351648, 0.9736263736263736, 0.9736263736263736, 0.9648351648351648, 0.9736263736263736, 0.9736263736263736, 0.9736263736263736, 0.9736263736263736, 0.9736263736263736, 0.9604395604395607, 0.9736263736263736, 0.9736263736263736, 0.9736263736263736, 0.9736263736263736, 0.9736263736263736, 0.9736263736263736, 0.9736263736263736, 0.9736263736263736, 0.9736263736263736, 0.9648351648351648, 0.9736263736263736, 0.9736263736263736, 0.9736263736263736, 0.9736263736263736, 0.9736263736263736]","[0.9120879120879122, 0.9120879120879122, 0.9120879120879122, 0.9120879120879122, 0.9120879120879122, 0.8901098901098902, 0.9120879120879122, 0.9120879120879122, 0.8901098901098902, 0.9120879120879122, 0.9120879120879122, 0.9120879120879122, 0.9120879120879122, 0.9120879120879122, 0.8681318681318682, 0.9120879120879122, 0.9120879120879122, 0.9120879120879122, 0.9120879120879122, 0.9120879120879122, 0.9120879120879122, 0.9120879120879122, 0.9120879120879122, 0.9120879120879122, 0.8901098901098902, 0.9120879120879122, 0.9120879120879122, 0.9120879120879122, 0.9120879120879122, 0.9120879120879122]","[1.0, 1.0, 1.0, 1.0, 1.0, 1.0, 1.0, 1.0, 1.0, 1.0, 1.0, 1.0, 1.0, 1.0, 1.0, 1.0, 1.0, 1.0, 1.0, 1.0, 1.0, 1.0, 1.0, 1.0, 1.0, 1.0, 1.0, 1.0, 1.0, 1.0]","[1.0, 1.0, 1.0, 1.0, 1.0, 1.0, 1.0, 1.0, 1.0, 1.0, 1.0, 1.0, 1.0, 1.0, 1.0, 1.0, 1.0, 1.0, 1.0, 1.0, 1.0, 1.0, 1.0, 1.0, 1.0, 1.0, 1.0, 1.0, 1.0, 1.0]"
adult,ridge,1000,6,14,abc_shap,0.0008495902412192128,0.0007029178626020583,6.068501722994377e-05,5.020841875728988e-05,0.0006280514884560162,0.0011296678417404384,3.910836260297183,0.9274725274725275,0.05882834060702255,0.9053479853479854,0.947838827838828,0.8109890109890112,0.0996875527805073,0.8555555555555556,0.16517854163687232,0.8866666666666668,0.09910712498212335,5.634771310669545e-05,504.0,496.0,0.14085430000753452,0.004636874351464421,504.0,"[0.0006093241269409534, 0.0003194352185463705, 0.001631617768173976, 0.0007342831799470917, 0.001480599616885379, 0.00020504183173242912, 0.0004524090301698295, 0.00030985737369316715, 0.0011957031241686177, 0.0009120611617786631, 0.0006117959091334256, 0.0006884701818494438, 0.00030287369472568415, 0.0004371303620173578, 0.001109319799230891, 0.000489068045345542, 0.0009776678179556472, 0.0007804004987371748, 0.003811170483494652, 0.0006650698700710512, 0.00056197954049526, 0.0004886917615783394, 0.00024209606614233607, 0.0005123116032575079, 0.0005816037506996554, 8.03885762291744e-05, 0.0012148005809817718, 0.0015705950805524357, 0.0017826753415656907, 0.0007292658404768692]","[0.9912087912087912, 0.9736263736263736, 0.9472527472527472, 0.8505494505494505, 0.8285714285714285, 0.9912087912087912, 0.9208791208791209, 0.9296703296703297, 0.8373626373626375, 0.9384615384615385, 0.9164835164835166, 0.9164835164835166, 0.9692307692307693, 0.9604395604395607, 0.9472527472527472, 0.9912087912087912, 0.9340659340659341, 0.9296703296703297, 0.7494505494505495, 0.9340659340659341, 0.8153846153846154, 0.9780219780219781, 0.9692307692307693, 0.9604395604395607, 0.8505494505494505, 0.9736263736263736, 0.956043956043956, 0.9780219780219781, 0.9384615384615385, 0.9472527472527472]","[0.9560439560439562, 0.8901098901098902, 0.8241758241758242, 0.6923076923076924, 0.6263736263736264, 0.9560439560439562, 0.7582417582417583, 0.8021978021978022, 0.6263736263736264, 0.8461538461538461, 0.7802197802197802, 0.7802197802197802, 0.9120879120879122, 0.8461538461538461, 0.8241758241758242, 0.9560439560439562, 0.7802197802197802, 0.8021978021978022, 0.6263736263736264, 0.7802197802197802, 0.6483516483516484, 0.9120879120879122, 0.8681318681318682, 0.8681318681318682, 0.6483516483516484, 0.9120879120879122, 0.8461538461538461, 0.9120879120879122, 0.8021978021978022, 0.8461538461538461]","[1.0, 0.6666666666666666, 1.0, 0.6666666666666666, 0.6666666666666666, 1.0, 0.6666666666666666, 0.6666666666666666, 1.0, 1.0, 1.0, 1.0, 1.0, 0.6666666666666666, 0.6666666666666666, 1.0, 0.6666666666666666, 1.0, 0.6666666666666666, 0.6666666666666666, 1.0, 1.0, 1.0, 0.6666666666666666, 0.6666666666666666, 1.0, 1.0, 1.0, 1.0, 0.6666666666666666]","[1.0, 1.0, 1.0, 0.8, 1.0, 0.8, 0.8, 0.8, 0.8, 0.8, 0.8, 0.8, 1.0, 0.8, 1.0, 1.0, 1.0, 0.8, 0.8, 1.0, 0.8, 1.0, 1.0, 0.8, 0.8, 1.0, 1.0, 0.8, 0.8, 0.8]"
adult,ridge,1000,6,14,b1_uniform,0.0003599298060955459,0.00017216353153691165,2.5709271863967564e-05,1.2297395109779403e-05,0.0003029388362932959,0.0004275979569234177,1.6568299264127218,0.9327472527472528,0.03238360422071944,0.9211648351648352,0.9431538461538462,0.8051282051282054,0.05998385198669219,0.8555555555555556,0.16517854163687232,0.8733333333333334,0.09637888196533971,1.9944632488252328e-05,0.0,1000.0,0.1161045900041548,0.004536266073839295,1000.0,"[0.00041395822894138806, 0.0003249336559394206, 0.0005649962661962723, 0.00031284583604183566, 0.0004717549976155379, 0.0005164771838494954, 0.00034216385189298913, 0.00012517198397235326, 0.0003195702041554467, 0.000320874884479344, 0.0002462804335411656, 0.00021867664065353557, 0.0004331969472662661, 0.00023740549014811371, 0.0003444473000552446, 0.0004943462623029481, 9.117832628079555e-05, 0.00015011343425342172, 0.0003740867531793484, 0.0004951811441279606, 0.0004258256136939418, 0.00031794224016581707, 0.0003777033330962809, 0.00023590584615970484, 0.00034078057878927454, 0.0003533279203670316, 0.000414444413869939, 0.0003580171462915749, 0.00013562261982126957, 0.0010406646457186623]","[0.9252747252747253, 0.8725274725274725, 0.9472527472527472, 0.8769230769230769, 0.9604395604395607, 0.9296703296703297, 0.9692307692307693, 0.956043956043956, 0.8945054945054945, 0.9164835164835166, 0.9340659340659341, 0.9692307692307693, 0.9076923076923077, 0.9868131868131869, 0.9384615384615385, 0.8857142857142857, 0.9604395604395607, 0.9604395604395607, 0.956043956043956, 0.8637362637362638, 0.9076923076923077, 0.9296703296703297, 0.8857142857142857, 0.9692307692307693, 0.956043956043956, 0.9604395604395607, 0.9384615384615385, 0.9384615384615385, 0.9296703296703297, 0.956043956043956]","[0.8021978021978022, 0.6923076923076924, 0.8241758241758242, 0.7142857142857144, 0.8461538461538461, 0.8021978021978022, 0.8901098901098902, 0.8461538461538461, 0.7142857142857144, 0.7802197802197802, 0.7802197802197802, 0.8681318681318682, 0.7362637362637363, 0.9340659340659341, 0.8021978021978022, 0.7362637362637363, 0.8461538461538461, 0.8461538461538461, 0.8241758241758242, 0.6923076923076924, 0.8021978021978022, 0.8021978021978022, 0.7142857142857144, 0.8681318681318682, 0.8461538461538461, 0.8681318681318682, 0.8021978021978022, 0.8241758241758242, 0.8021978021978022, 0.8461538461538461]","[1.0, 0.6666666666666666, 1.0, 1.0, 1.0, 0.6666666666666666, 0.6666666666666666, 0.6666666666666666, 1.0, 1.0, 0.6666666666666666, 1.0, 1.0, 1.0, 0.6666666666666666, 0.6666666666666666, 1.0, 0.6666666666666666, 1.0, 1.0, 1.0, 0.6666666666666666, 0.6666666666666666, 0.6666666666666666, 1.0, 0.6666666666666666, 1.0, 1.0, 1.0, 0.6666666666666666]","[0.8, 0.8, 0.8, 0.8, 0.8, 1.0, 1.0, 1.0, 0.8, 0.8, 0.8, 1.0, 0.8, 1.0, 0.8, 0.8, 1.0, 1.0, 0.8, 0.8, 0.8, 1.0, 0.8, 1.0, 0.8, 0.8, 0.8, 1.0, 1.0, 0.8]"
adult,ridge,1000,6,14,b2_stratified,0.00021724004398861044,0.00013136210758087538,1.551714599918646e-05,9.38300768434824e-06,0.00017628702686976175,0.0002660493026804332,1.0,0.9758241758241759,0.017900061132411133,0.9690842490842492,0.980956043956044,0.9091575091575093,0.047046430353120366,0.9111111111111111,0.1474055462380178,0.92,0.09797958971132711,1.0831787111594757e-05,0.0,1000.0,0.11789624999898175,0.005680374394192239,1000.0,"[0.00021666491473967676, 0.0002518578728053564, 0.00018116417975099026, 0.00018282398204392625, 8.935010474159939e-05, 0.000344515480896872, 8.981807183080652e-05, 0.0002931684419113183, 0.0003513218310408595, 0.0003851596278042721, 7.222935557906918e-05, 0.0001412559184437323, 0.00026492862731470186, 0.00018107185849724577, 0.0003605203117549961, 0.00012359437217921305, 0.00015020171783450292, 0.0006203624086008691, 0.00024463197155625064, 0.00017411204906436442, 0.00012817369609485744, 8.903579562867556e-05, 7.210876968242761e-05, 0.00021154892966341116, 0.00011279298835276083, 0.0004606186783844952, 0.00011087781899772239, 5.799828460660955e-05, 0.00016720763295005467, 0.0003880856269066754]","[0.956043956043956, 0.9780219780219781, 0.9824175824175824, 0.9824175824175824, 0.9824175824175824, 0.9604395604395607, 0.9692307692307693, 0.9956043956043955, 0.8989010989010989, 0.9912087912087912, 1.0, 0.9868131868131869, 0.9824175824175824, 0.9824175824175824, 0.9604395604395607, 0.9780219780219781, 0.9736263736263736, 0.9692307692307693, 0.9692307692307693, 0.9868131868131869, 0.9692307692307693, 0.9780219780219781, 0.9956043956043955, 0.9780219780219781, 0.9868131868131869, 0.9648351648351648, 0.9824175824175824, 0.9868131868131869, 0.9824175824175824, 0.9648351648351648]","[0.8461538461538461, 0.9120879120879122, 0.9340659340659341, 0.9340659340659341, 0.9120879120879122, 0.8681318681318682, 0.8901098901098902, 0.9780219780219781, 0.7362637362637363, 0.9560439560439562, 1.0, 0.9340659340659341, 0.9340659340659341, 0.9120879120879122, 0.8681318681318682, 0.9120879120879122, 0.9120879120879122, 0.8901098901098902, 0.8681318681318682, 0.9340659340659341, 0.9120879120879122, 0.8901098901098902, 0.9780219780219781, 0.9120879120879122, 0.9340659340659341, 0.8681318681318682, 0.9120879120879122, 0.9340659340659341, 0.9120879120879122, 0.8901098901098902]","[0.6666666666666666, 0.6666666666666666, 0.6666666666666666, 0.6666666666666666, 1.0, 0.6666666666666666, 1.0, 1.0, 0.6666666666666666, 1.0, 1.0, 1.0, 1.0, 1.0, 1.0, 1.0, 1.0, 0.6666666666666666, 1.0, 1.0, 1.0, 1.0, 1.0, 1.0, 1.0, 0.6666666666666666, 1.0, 1.0, 1.0, 1.0]","[0.8, 1.0, 1.0, 1.0, 1.0, 0.8, 0.8, 1.0, 0.8, 1.0, 1.0, 1.0, 0.8, 1.0, 0.8, 1.0, 0.8, 0.8, 1.0, 1.0, 1.0, 0.8, 1.0, 1.0, 1.0, 1.0, 1.0, 0.8, 0.8, 0.8]"
adult,ridge,1000,6,14,b3_is,0.00020192244310270865,0.0001261568949098052,1.4423031650193475e-05,9.011206779271801e-06,0.00015882882235062113,0.0002474918931823922,0.9294899752151363,0.9742124542124543,0.022087152745742127,0.9661538461538463,0.9818315018315019,0.9091575091575093,0.056671295548172074,0.9111111111111111,0.1474055462380178,0.9333333333333335,0.09428090415820631,8.022812681332024e-06,0.0,1000.0,0.13739928000140936,0.004621555100621607,1000.0,"[9.431964249334832e-05, 8.10296502460922e-05, 0.00022657406730365698, 0.00027766479196407044, 0.0002234420897115715, 0.00028784293156842316, 0.0005014174295715724, 0.00010191800259520951, 0.0001681121469342023, 0.00010355696503096395, 0.00017069453680903151, 0.00036326573129356714, 5.546748400422153e-05, 0.00012816064806606112, 0.00035619058709050364, 9.437544296633363e-05, 9.95539346847081e-05, 0.00038491537037094707, 0.00018711233249796318, 0.00013083781110054984, 0.00046173938826853155, 0.00016394703778347655, 0.00011335405772498557, 7.329199596825181e-05, 9.366353247946911e-05, 6.5393667664477e-05, 0.0002588002524106473, 0.0003658631607113401, 8.214208668975225e-05, 0.0003430265170773303]","[0.9868131868131869, 0.9780219780219781, 0.9912087912087912, 0.9736263736263736, 0.9340659340659341, 0.9120879120879121, 0.9868131868131869, 0.9956043956043955, 0.9956043956043955, 0.9692307692307693, 0.9868131868131869, 0.9516483516483516, 0.9868131868131869, 0.9824175824175824, 0.9912087912087912, 0.9868131868131869, 0.9692307692307693, 0.9252747252747253, 0.9692307692307693, 0.9604395604395607, 0.9956043956043955, 0.9780219780219781, 0.9956043956043955, 0.9824175824175824, 0.9780219780219781, 0.9956043956043955, 0.9912087912087912, 0.9340659340659341, 0.9824175824175824, 0.9604395604395607]","[0.9340659340659341, 0.9120879120879122, 0.9560439560439562, 0.8901098901098902, 0.8021978021978022, 0.7582417582417583, 0.9340659340659341, 0.9780219780219781, 0.9780219780219781, 0.8681318681318682, 0.9340659340659341, 0.8461538461538461, 0.9340659340659341, 0.9340659340659341, 0.9560439560439562, 0.9340659340659341, 0.8901098901098902, 0.8021978021978022, 0.8901098901098902, 0.8901098901098902, 0.9780219780219781, 0.9120879120879122, 0.9780219780219781, 0.9120879120879122, 0.9120879120879122, 0.9780219780219781, 0.9560439560439562, 0.8241758241758242, 0.9340659340659341, 0.8681318681318682]","[1.0, 1.0, 1.0, 1.0, 0.6666666666666666, 0.6666666666666666, 1.0, 1.0, 1.0, 1.0, 1.0, 1.0, 1.0, 1.0, 0.6666666666666666, 1.0, 0.6666666666666666, 0.6666666666666666, 0.6666666666666666, 1.0, 1.0, 1.0, 1.0, 0.6666666666666666, 1.0, 1.0, 1.0, 1.0, 1.0, 0.6666666666666666]","[1.0, 0.8, 1.0, 1.0, 0.8, 0.8, 0.8, 1.0, 1.0, 1.0, 0.8, 1.0, 0.8, 1.0, 1.0, 1.0, 1.0, 1.0, 1.0, 1.0, 1.0, 0.8, 1.0, 1.0, 0.8, 1.0, 1.0, 0.8, 0.8, 1.0]"
adult,ridge,1000,6,14,b4_antithetic,8.63739195238532e-05,1.1772502857580183e-05,6.169565680275228e-06,8.408930612557274e-07,8.213520042739994e-05,9.046554202516779e-05,0.3975966766439324,0.9907692307692308,0.003076923076923031,0.9897435897435898,0.9917948717948718,0.953846153846154,0.015384615384615415,1.0,0.0,0.8733333333333335,0.09637888196533971,2.5571155400501314e-07,0.0,1000.0,0.11083749001069615,0.004928475417858914,1000.0,"[0.00010091800375125294, 0.00010056949861973532, 9.877152502440719e-05, 6.538791144189327e-05, 8.604831688384672e-05, 7.434977817316953e-05, 9.805328188140254e-05, 7.366219902994843e-05, 9.241139052941735e-05, 6.908493817998073e-05, 6.883345040299643e-05, 9.129737935131005e-05, 7.370130901024176e-05, 8.006449839825017e-05, 9.418859837375269e-05, 7.056188573750497e-05, 0.00010658268264189591, 9.818054440419113e-05, 8.960056297962662e-05, 8.924654187273376e-05, 0.00010081707010944191, 8.987553929833478e-05, 6.420518355203007e-05, 7.902808164629612e-05, 9.196800036211789e-05, 9.140930999269493e-05, 8.898132815514244e-05, 8.720523527906627e-05, 8.016084290087874e-05, 9.605269773203597e-05]","[0.9912087912087912, 0.9868131868131869, 0.9912087912087912, 0.9956043956043955, 0.9912087912087912, 0.9956043956043955, 0.9868131868131869, 0.9956043956043955, 0.9912087912087912, 0.9912087912087912, 0.9956043956043955, 0.9868131868131869, 0.9912087912087912, 0.9912087912087912, 0.9912087912087912, 0.9912087912087912, 0.9956043956043955, 0.9912087912087912, 0.9868131868131869, 0.9868131868131869, 0.9912087912087912, 0.9912087912087912, 0.9956043956043955, 0.9868131868131869, 0.9912087912087912, 0.9868131868131869, 0.9912087912087912, 0.9868131868131869, 0.9912087912087912, 0.9868131868131869]","[0.9560439560439562, 0.9340659340659341, 0.9560439560439562, 0.9780219780219781, 0.9560439560439562, 0.9780219780219781, 0.9340659340659341, 0.9780219780219781, 0.9560439560439562, 0.9560439560439562, 0.9780219780219781, 0.9340659340659341, 0.9560439560439562, 0.9560439560439562, 0.9560439560439562, 0.9560439560439562, 0.9780219780219781, 0.9560439560439562, 0.9340659340659341, 0.9340659340659341, 0.9560439560439562, 0.9560439560439562, 0.9780219780219781, 0.9340659340659341, 0.9560439560439562, 0.9340659340659341, 0.9560439560439562, 0.9340659340659341, 0.9560439560439562, 0.9340659340659341]","[1.0, 1.0, 1.0, 1.0, 1.0, 1.0, 1.0, 1.0, 1.0, 1.0, 1.0, 1.0, 1.0, 1.0, 1.0, 1.0, 1.0, 1.0, 1.0, 1.0, 1.0, 1.0, 1.0, 1.0, 1.0, 1.0, 1.0, 1.0, 1.0, 1.0]","[0.8, 0.8, 0.8, 1.0, 1.0, 1.0, 0.8, 1.0, 1.0, 1.0, 1.0, 0.8, 0.8, 0.8, 0.8, 0.8, 1.0, 0.8, 0.8, 0.8, 0.8, 1.0, 1.0, 0.8, 0.8, 0.8, 0.8, 0.8, 1.0, 0.8]"
adult,ridge,1000,7,14,abc_shap,0.00029836765604200106,0.000266002170937181,2.1311975431571503e-05,1.90001550669415e-05,0.00020913710915328407,0.00039859702778818326,3.7842356653770937,0.9767032967032968,0.017329685427649646,0.9706959706959708,0.9828571428571429,0.9245421245421246,0.04528515592828014,1.0,0.0,0.9933333333333334,0.03590109871423002,1.9564097983674798e-05,504.0,496.0,0.15911052332958206,0.0497480173210687,504.0,"[4.9615533060661765e-05, 0.0003938452169101697, 0.0001333682194842008, 9.490901577341869e-05, 0.0007746522049221297, 4.137547228249118e-05, 0.000469550715135407, 0.0008656555493350359, 0.00014771238481308576, 0.00021747677898852164, 3.3642395170334776e-05, 0.0005283018605036189, 5.978377205032882e-05, 0.0003050577081809338, 0.0005382678958289522, 0.00014574950766300409, 0.00030672031552479804, 0.0010761515620394603, 0.00037784832255182956, 5.2155703264570925e-05, 0.0006976805590476923, 9.543904243845406e-05, 0.0002859949981114485, 4.816949083712173e-05, 6.682754062987103e-05, 0.00017056458832475827, 0.00039132001877778164, 0.0001560869427061652, 0.00019719453257631517, 0.00022991183432747065]","[0.9428571428571428, 0.9780219780219781, 0.9824175824175824, 0.9912087912087912, 0.9472527472527472, 0.9780219780219781, 0.9736263736263736, 0.9340659340659341, 0.9956043956043955, 0.9780219780219781, 0.9912087912087912, 0.9692307692307693, 0.9868131868131869, 0.9604395604395607, 0.9692307692307693, 0.9956043956043955, 0.9736263736263736, 0.9692307692307693, 0.9868131868131869, 0.9824175824175824, 0.9472527472527472, 0.9956043956043955, 0.9692307692307693, 0.9956043956043955, 0.9868131868131869, 1.0, 0.9604395604395607, 0.9956043956043955, 0.9692307692307693, 0.9956043956043955]","[0.8681318681318682, 0.9120879120879122, 0.9340659340659341, 0.9560439560439562, 0.8461538461538461, 0.9340659340659341, 0.9120879120879122, 0.8241758241758242, 0.9780219780219781, 0.9120879120879122, 0.9560439560439562, 0.8901098901098902, 0.9560439560439562, 0.8681318681318682, 0.9120879120879122, 0.9780219780219781, 0.9120879120879122, 0.8901098901098902, 0.9560439560439562, 0.9340659340659341, 0.8681318681318682, 0.9780219780219781, 0.8901098901098902, 0.9780219780219781, 0.9560439560439562, 1.0, 0.8681318681318682, 0.9780219780219781, 0.9120879120879122, 0.9780219780219781]","[1.0, 1.0, 1.0, 1.0, 1.0, 1.0, 1.0, 1.0, 1.0, 1.0, 1.0, 1.0, 1.0, 1.0, 1.0, 1.0, 1.0, 1.0, 1.0, 1.0, 1.0, 1.0, 1.0, 1.0, 1.0, 1.0, 1.0, 1.0, 1.0, 1.0]","[1.0, 1.0, 1.0, 1.0, 1.0, 1.0, 1.0, 1.0, 1.0, 1.0, 1.0, 1.0, 1.0, 0.8, 1.0, 1.0, 1.0, 1.0, 1.0, 1.0, 1.0, 1.0, 1.0, 1.0, 1.0, 1.0, 1.0, 1.0, 1.0, 1.0]"
adult,ridge,1000,7,14,b1_uniform,0.00011620495707400333,0.0001693752664877273,8.300354076714524e-06,1.2098233320551949e-05,6.253747889265192e-05,0.00018351138696625353,1.4738425367096581,0.9761172161172162,0.01990787730374989,0.968937728937729,0.9834432234432235,0.9267399267399269,0.040259726488012,1.0,0.0,0.9933333333333334,0.03590109871423002,7.080850194324267e-06,0.0,1000.0,0.13763556333336358,0.07521472918955842,1000.0,"[4.700466215206279e-05, 4.6322687331227695e-05, 2.1151869903626903e-05, 5.453952020316949e-05, 4.1364135603101216e-05, 3.332525646019496e-05, 6.143030155860514e-05, 3.382100283545457e-05, 0.000141412894602543, 2.3619291129489936e-05, 0.0005221656730642678, 2.9702524178205606e-05, 1.9804504601971195e-05, 0.00010880823796193043, 4.56193431250614e-05, 5.626798156614334e-05, 0.0005698068181966836, 1.1624053710455643e-05, 7.290402969862171e-05, 8.557151109872335e-05, 3.723012310899841e-05, 3.873199485858929e-05, 9.977386206727517e-05, 7.882707310475448e-05, 4.319452850462697e-05, 0.00039723840115397886, 8.130262757182068e-05, 0.0006441169750974735, 2.9995170100161204e-05, 9.471657670881133e-06]","[0.9736263736263736, 0.9868131868131869, 0.9692307692307693, 0.9824175824175824, 0.9692307692307693, 0.9956043956043955, 0.9384615384615385, 0.9604395604395607, 0.9912087912087912, 0.9648351648351648, 0.9340659340659341, 0.9956043956043955, 0.9736263736263736, 0.9868131868131869, 0.9912087912087912, 0.9692307692307693, 0.9912087912087912, 0.9912087912087912, 0.9824175824175824, 0.9956043956043955, 0.9472527472527472, 0.9692307692307693, 0.9912087912087912, 0.9868131868131869, 0.9692307692307693, 0.9164835164835166, 0.9912087912087912, 0.9780219780219781, 0.9956043956043955, 0.9956043956043955]","[0.9120879120879122, 0.9340659340659341, 0.9120879120879122, 0.9340659340659341, 0.8901098901098902, 0.9780219780219781, 0.8461538461538461, 0.8901098901098902, 0.9560439560439562, 0.9120879120879122, 0.8461538461538461, 0.9780219780219781, 0.9120879120879122, 0.9560439560439562, 0.9560439560439562, 0.9120879120879122, 0.9560439560439562, 0.9560439560439562, 0.9340659340659341, 0.9780219780219781, 0.8901098901098902, 0.9120879120879122, 0.9560439560439562, 0.9340659340659341, 0.9120879120879122, 0.8241758241758242, 0.9560439560439562, 0.9120879120879122, 0.9780219780219781, 0.9780219780219781]","[1.0, 1.0, 1.0, 1.0, 1.0, 1.0, 1.0, 1.0, 1.0, 1.0, 1.0, 1.0, 1.0, 1.0, 1.0, 1.0, 1.0, 1.0, 1.0, 1.0, 1.0, 1.0, 1.0, 1.0, 1.0, 1.0, 1.0, 1.0, 1.0, 1.0]","[1.0, 1.0, 1.0, 1.0, 1.0, 1.0, 1.0, 1.0, 1.0, 1.0, 1.0, 1.0, 1.0, 1.0, 1.0, 1.0, 1.0, 1.0, 1.0, 1.0, 1.0, 1.0, 0.8, 1.0, 1.0, 1.0, 1.0, 1.0, 1.0, 1.0]"
adult,ridge,1000,7,14,b2_stratified,7.884489297847923e-05,9.80237198086954e-05,5.631778069891373e-06,7.0016942720496715e-06,4.932092848748018e-05,0.00011751282526569725,1.0,0.9901831501831502,0.009474088299092825,0.9866666666666667,0.9932600732600733,0.9611721611721613,0.03143360872223432,1.0,0.0,1.0,0.0,4.789736055173799e-06,0.0,1000.0,0.1371026133497556,0.05550708985648647,1000.0,"[1.5046872288471837e-05, 1.5954984722253713e-05, 4.4117694253849814e-05, 1.0093189206812683e-05, 0.00011481325266731037, 0.00015703741447239226, 7.679159216123664e-06, 0.0001326417673285376, 1.4221158569392332e-05, 4.415647763230815e-05, 9.750883375008972e-05, 1.2795663134971069e-05, 5.459509782467751e-05, 1.5327915395382824e-05, 0.0003253929669230816, 3.3545290698425175e-05, 1.855525879331108e-05, 4.2125318599156355e-05, 4.578589459194831e-05, 5.297338685798849e-05, 0.00020993256836751903, 7.3863066510428865e-06, 4.331558430388837e-05, 0.00045614926446420535, 2.1994445216521466e-05, 0.00012574554244138117, 9.695061916755728e-05, 4.382896363718191e-05, 6.67874636244407e-05, 3.888843455415419e-05]","[0.9956043956043955, 1.0, 0.9824175824175824, 0.9956043956043955, 0.9912087912087912, 0.9736263736263736, 0.9956043956043955, 0.9956043956043955, 0.9956043956043955, 0.9956043956043955, 0.9912087912087912, 0.9868131868131869, 0.9868131868131869, 0.9956043956043955, 0.9692307692307693, 1.0, 1.0, 0.9956043956043955, 0.9912087912087912, 0.9956043956043955, 0.9780219780219781, 1.0, 1.0, 0.9692307692307693, 0.9956043956043955, 0.9912087912087912, 0.9692307692307693, 0.9956043956043955, 0.9824175824175824, 0.9912087912087912]","[0.9780219780219781, 1.0, 0.9340659340659341, 0.9780219780219781, 0.9560439560439562, 0.9120879120879122, 0.9780219780219781, 0.9780219780219781, 0.9780219780219781, 0.9780219780219781, 0.9560439560439562, 0.9560439560439562, 0.9560439560439562, 0.9780219780219781, 0.8901098901098902, 1.0, 1.0, 0.9780219780219781, 0.9560439560439562, 0.9780219780219781, 0.9120879120879122, 1.0, 1.0, 0.8901098901098902, 0.9780219780219781, 0.9560439560439562, 0.9120879120879122, 0.9780219780219781, 0.9340659340659341, 0.9560439560439562]","[1.0, 1.0, 1.0, 1.0, 1.0, 1.0, 1.0, 1.0, 1.0, 1.0, 1.0, 1.0, 1.0, 1.0, 1.0, 1.0, 1.0, 1.0, 1.0, 1.0, 1.0, 1.0, 1.0, 1.0, 1.0, 1.0, 1.0, 1.0, 1.0, 1.0]","[1.0, 1.0, 1.0, 1.0, 1.0, 1.0, 1.0, 1.0, 1.0, 1.0, 1.0, 1.0, 1.0, 1.0, 1.0, 1.0, 1.0, 1.0, 1.0, 1.0, 1.0, 1.0, 1.0, 1.0, 1.0, 1.0, 1.0, 1.0, 1.0, 1.0]"
adult,ridge,1000,7,14,b3_is,5.704266404228497e-05,6.753292562550377e-05,4.074476003020355e-06,4.823780401821697e-06,3.540214894070951e-05,8.204955868370466e-05,0.7234795037118613,0.992967032967033,0.00539544399692947,0.9910622710622711,0.9947252747252747,0.9684981684981686,0.020209691170891882,1.0,0.0,1.0,0.0,3.1770597816338286e-06,0.0,1000.0,0.1549555833141009,0.04078229019563813,1000.0,"[3.3917181943021874e-05, 0.00029797926862145817, 9.93056007693089e-06, 7.30615523055904e-06, 1.496537708452569e-05, 3.6768830665483187e-05, 0.00010439883299851718, 6.758391042784558e-06, 6.5589885168646255e-06, 3.717651773901353e-06, 0.00012307181385034106, 5.934852773367809e-05, 0.00012526088163425337, 4.168783598778132e-05, 1.3230923410109884e-05, 2.626074748437166e-05, 4.72926597557499e-05, 1.298880065841082e-05, 3.8623455636719536e-05, 9.37410392515448e-05, 3.4566672718065614e-05, 1.8360511499890936e-05, 0.00014465888269632498, 6.671702386480241e-06, 3.2019418162057086e-06, 0.00011388800629248271, 4.062061560658569e-05, 2.565933060803165e-05, 0.00021032501482102072, 9.519319466453691e-06]","[0.9956043956043955, 0.9868131868131869, 0.9956043956043955, 0.9956043956043955, 0.9956043956043955, 0.9956043956043955, 0.9780219780219781, 0.9956043956043955, 1.0, 0.9956043956043955, 0.9780219780219781, 0.9912087912087912, 0.9956043956043955, 0.9956043956043955, 0.9956043956043955, 0.9956043956043955, 0.9868131868131869, 0.9956043956043955, 0.9956043956043955, 0.9912087912087912, 0.9956043956043955, 0.9956043956043955, 0.9824175824175824, 0.9956043956043955, 0.9956043956043955, 0.9912087912087912, 0.9912087912087912, 0.9956043956043955, 0.9912087912087912, 1.0]","[0.9780219780219781, 0.9560439560439562, 0.9780219780219781, 0.9780219780219781, 0.9780219780219781, 0.9780219780219781, 0.9120879120879122, 0.9780219780219781, 1.0, 0.9780219780219781, 0.9120879120879122, 0.9560439560439562, 0.9780219780219781, 0.9780219780219781, 0.9780219780219781, 0.9780219780219781, 0.9560439560439562, 0.9780219780219781, 0.9780219780219781, 0.9560439560439562, 0.9780219780219781, 0.9780219780219781, 0.9340659340659341, 0.9780219780219781, 0.9780219780219781, 0.9560439560439562, 0.9560439560439562, 0.9780219780219781, 0.9560439560439562, 1.0]","[1.0, 1.0, 1.0, 1.0, 1.0, 1.0, 1.0, 1.0, 1.0, 1.0, 1.0, 1.0, 1.0, 1.0, 1.0, 1.0, 1.0, 1.0, 1.0, 1.0, 1.0, 1.0, 1.0, 1.0, 1.0, 1.0, 1.0, 1.0, 1.0, 1.0]","[1.0, 1.0, 1.0, 1.0, 1.0, 1.0, 1.0, 1.0, 1.0, 1.0, 1.0, 1.0, 1.0, 1.0, 1.0, 1.0, 1.0, 1.0, 1.0, 1.0, 1.0, 1.0, 1.0, 1.0, 1.0, 1.0, 1.0, 1.0, 1.0, 1.0]"
adult,ridge,1000,7,14,b4_antithetic,1.456086556475617e-05,2.425248992993667e-06,1.0400618260540121e-06,1.7323207092811908e-07,1.3575669923416072e-05,1.5393451489903057e-05,0.1846773457949974,0.9961904761904762,0.0033539994556072063,0.9950183150183151,0.9973626373626374,0.9816849816849818,0.015102951009588446,1.0,0.0,1.0,0.0,1.268945500231641e-07,0.0,1000.0,0.12223504666859905,0.034185708512611115,1000.0,"[1.6074167623221553e-05, 1.3224927817218085e-05, 1.5459395528687147e-05, 8.949567218109029e-06, 1.764072975479313e-05, 1.1712544687454034e-05, 1.581807956098158e-05, 1.277596927871399e-05, 1.7026000366683656e-05, 1.5086904049785448e-05, 1.6907090502582875e-05, 1.552336763706302e-05, 1.3137619272280658e-05, 1.4178664555806322e-05, 1.3878648721495862e-05, 1.3148730807299372e-05, 1.5082446627241983e-05, 1.0929721610593714e-05, 7.869751406140041e-06, 1.6113485080244374e-05, 1.5860567337374095e-05, 1.4944305742211318e-05, 1.354877001642906e-05, 1.7912464484389374e-05, 1.6145460504269834e-05, 1.7392545186442753e-05, 1.3622018630483135e-05, 1.4020911978693057e-05, 1.828512583864345e-05, 1.45559851173532e-05]","[0.9956043956043955, 1.0, 0.9956043956043955, 1.0, 0.9956043956043955, 0.9912087912087912, 1.0, 0.9956043956043955, 0.9956043956043955, 0.9956043956043955, 1.0, 0.9956043956043955, 0.9956043956043955, 1.0, 1.0, 1.0, 1.0, 0.9912087912087912, 1.0, 0.9868131868131869, 0.9956043956043955, 0.9912087912087912, 0.9956043956043955, 0.9956043956043955, 0.9956043956043955, 0.9956043956043955, 0.9956043956043955, 0.9956043956043955, 1.0, 0.9912087912087912]","[0.9780219780219781, 1.0, 0.9780219780219781, 1.0, 0.9780219780219781, 0.9560439560439562, 1.0, 0.9780219780219781, 0.9780219780219781, 0.9780219780219781, 1.0, 0.9780219780219781, 0.9780219780219781, 1.0, 1.0, 1.0, 1.0, 0.9560439560439562, 1.0, 0.9560439560439562, 0.9780219780219781, 0.9560439560439562, 0.9780219780219781, 0.9780219780219781, 0.9780219780219781, 0.9780219780219781, 0.9780219780219781, 0.9780219780219781, 1.0, 0.9560439560439562]","[1.0, 1.0, 1.0, 1.0, 1.0, 1.0, 1.0, 1.0, 1.0, 1.0, 1.0, 1.0, 1.0, 1.0, 1.0, 1.0, 1.0, 1.0, 1.0, 1.0, 1.0, 1.0, 1.0, 1.0, 1.0, 1.0, 1.0, 1.0, 1.0, 1.0]","[1.0, 1.0, 1.0, 1.0, 1.0, 1.0, 1.0, 1.0, 1.0, 1.0, 1.0, 1.0, 1.0, 1.0, 1.0, 1.0, 1.0, 1.0, 1.0, 1.0, 1.0, 1.0, 1.0, 1.0, 1.0, 1.0, 1.0, 1.0, 1.0, 1.0]"
adult,ridge,1000,8,14,abc_shap,0.0016090277783168733,0.0010494502787388262,0.00011493055559406237,7.496073419563044e-05,0.0012618067216606283,0.001995635435589924,3.662722681490921,0.9594139194139193,0.028434347588749714,0.9487142857142856,0.9683553113553114,0.8879120879120881,0.05512059869883278,0.9555555555555555,0.11331154474650634,0.9800000000000001,0.05999999999999999,0.00010728443473689816,504.0,496.0,0.1441889533462624,0.023518476206858773,504.0,"[0.0027515191469142213, 0.0024609184270945016, 0.00039914285033779254, 0.002032764605301789, 0.0006183199923817833, 0.0005214983541877195, 0.0009274894525618444, 0.0013089850060430577, 0.0007560678383762286, 0.002612920585358048, 0.0007121976225560358, 0.00045977148863540193, 0.0030613237077010027, 0.00020763609360707172, 0.0019182473099806975, 0.0020716744271888606, 0.0005562710685228946, 0.002354324774270312, 0.0008242018486700228, 0.0036109093895299533, 0.0030747606124131, 0.002930191682526642, 0.000932380479463945, 0.0015888756922041608, 0.000660335929370154, 0.0013235186108446094, 0.0002522470911971842, 0.003707200824524863, 0.0013416207522030804, 0.002293517685539225]","[0.8725274725274725, 0.9472527472527472, 0.9824175824175824, 0.9032967032967033, 0.9956043956043955, 0.9736263736263736, 0.956043956043956, 0.9736263736263736, 0.9648351648351648, 0.9472527472527472, 0.9824175824175824, 0.9868131868131869, 0.9648351648351648, 0.9868131868131869, 0.9648351648351648, 0.9472527472527472, 0.9516483516483516, 0.956043956043956, 0.9780219780219781, 0.9428571428571428, 0.9516483516483516, 0.8945054945054945, 0.9692307692307693, 0.956043956043956, 0.9868131868131869, 0.9692307692307693, 0.9824175824175824, 0.9692307692307693, 0.9956043956043955, 0.9296703296703297]","[0.7362637362637363, 0.8241758241758242, 0.9340659340659341, 0.8021978021978022, 0.9780219780219781, 0.9120879120879122, 0.8461538461538461, 0.9340659340659341, 0.9120879120879122, 0.8241758241758242, 0.9340659340659341, 0.9340659340659341, 0.8681318681318682, 0.9560439560439562, 0.8901098901098902, 0.8681318681318682, 0.8461538461538461, 0.8681318681318682, 0.9120879120879122, 0.8461538461538461, 0.8681318681318682, 0.8241758241758242, 0.9120879120879122, 0.8681318681318682, 0.9560439560439562, 0.9120879120879122, 0.9340659340659341, 0.9120879120879122, 0.9780219780219781, 0.8461538461538461]","[1.0, 1.0, 1.0, 1.0, 1.0, 1.0, 0.6666666666666666, 1.0, 1.0, 0.6666666666666666, 1.0, 1.0, 0.6666666666666666, 1.0, 1.0, 1.0, 1.0, 1.0, 0.6666666666666666, 1.0, 1.0, 1.0, 1.0, 1.0, 1.0, 1.0, 1.0, 1.0, 1.0, 1.0]","[1.0, 0.8, 1.0, 1.0, 1.0, 1.0, 1.0, 1.0, 1.0, 0.8, 1.0, 1.0, 1.0, 1.0, 1.0, 1.0, 1.0, 1.0, 1.0, 1.0, 1.0, 1.0, 1.0, 1.0, 1.0, 0.8, 1.0, 1.0, 1.0, 1.0]"
adult,ridge,1000,8,14,b1_uniform,0.0005708065040555702,0.0003151788488517827,4.077189314682644e-05,2.2512774917984477e-05,0.00046155944268933506,0.000684900020545172,1.2993597483654777,0.9818315018315019,0.010385374444934424,0.9777289377289378,0.9853479853479854,0.9282051282051282,0.030524053708424436,0.9777777777777777,0.08314794192830981,0.9866666666666667,0.04988876515698587,3.1647642326785575e-05,0.0,1000.0,0.11535305666426818,0.013079007748624544,1000.0,"[0.0005642478616305178, 0.001279844906203477, 0.0006502763334277572, 0.0004934177199661286, 0.0005554931017374362, 0.00016090374676908277, 0.00034980877900367505, 0.0003801613137498364, 0.00035336779369336477, 0.00030726931956786093, 0.0007599180904306874, 0.0010534147650005838, 0.0003201919635050921, 0.0007496408849491177, 0.00021003473244313463, 0.0005636878061956303, 0.0007697462765468005, 0.00021907380263582146, 0.00030381660867476667, 0.001169662524760757, 0.00032397064049657394, 0.00045297266363765037, 0.000613057618497794, 0.001425905283132656, 0.000736981457226365, 0.00032349009754057307, 0.00042828832793528275, 0.0003823560515569658, 0.00044992327498946194, 0.0007732713757622489]","[0.9736263736263736, 0.9912087912087912, 0.9780219780219781, 0.9736263736263736, 0.9912087912087912, 0.9956043956043955, 0.956043956043956, 0.9868131868131869, 0.9912087912087912, 0.9824175824175824, 0.9912087912087912, 0.9868131868131869, 0.9868131868131869, 0.9736263736263736, 0.9956043956043955, 0.9868131868131869, 0.9516483516483516, 0.9824175824175824, 0.9912087912087912, 0.9824175824175824, 0.9736263736263736, 0.9912087912087912, 0.9780219780219781, 0.9692307692307693, 0.9736263736263736, 0.9912087912087912, 0.9824175824175824, 0.9824175824175824, 0.9780219780219781, 0.9868131868131869]","[0.8901098901098902, 0.9560439560439562, 0.9120879120879122, 0.8901098901098902, 0.9560439560439562, 0.9780219780219781, 0.9120879120879122, 0.9340659340659341, 0.9560439560439562, 0.9340659340659341, 0.9560439560439562, 0.9340659340659341, 0.9340659340659341, 0.8901098901098902, 0.9780219780219781, 0.9340659340659341, 0.8461538461538461, 0.9340659340659341, 0.9560439560439562, 0.9340659340659341, 0.8901098901098902, 0.9560439560439562, 0.9120879120879122, 0.8901098901098902, 0.8901098901098902, 0.9560439560439562, 0.9340659340659341, 0.9340659340659341, 0.9120879120879122, 0.9560439560439562]","[1.0, 1.0, 1.0, 1.0, 1.0, 1.0, 1.0, 1.0, 1.0, 1.0, 1.0, 1.0, 1.0, 0.6666666666666666, 1.0, 1.0, 0.6666666666666666, 1.0, 1.0, 1.0, 1.0, 1.0, 1.0, 1.0, 1.0, 1.0, 1.0, 1.0, 1.0, 1.0]","[1.0, 1.0, 1.0, 1.0, 1.0, 1.0, 1.0, 1.0, 0.8, 1.0, 1.0, 1.0, 1.0, 0.8, 1.0, 1.0, 1.0, 1.0, 1.0, 1.0, 1.0, 1.0, 1.0, 1.0, 1.0, 1.0, 1.0, 1.0, 1.0, 1.0]"
adult,ridge,1000,8,14,b2_stratified,0.0004392982811524006,0.0004748895368306632,3.13784486537429e-05,3.392068120219023e-05,0.0002856643682370417,0.0006277964473781838,1.0,0.9885714285714287,0.007231626478683094,0.985934065934066,0.9913553113553114,0.9523809523809526,0.02666706919150373,0.9444444444444444,0.12422599874998834,0.9866666666666667,0.04988876515698587,2.762658944076657e-05,0.0,1000.0,0.11598145000558967,0.01000078522077709,1000.0,"[0.00013070081016432097, 0.0003928625112653959, 0.0002560896481408359, 0.0005832555297146118, 0.0001894813882974865, 0.0003075573547559073, 0.0020010841010521135, 0.00037749829521935784, 0.00025713932813935513, 0.00048184914521472546, 0.00018369661910959777, 0.00025508678693028365, 8.655507775328611e-05, 0.00021849424960341713, 7.118119737236957e-05, 0.0002927164064698967, 0.0002844848060814824, 0.0019834662561310583, 0.0003923514296579913, 0.0011935694360110634, 4.7688279933569605e-05, 0.0005163040023392055, 0.0002421646542134477, 0.00024136223519032632, 0.0007251691095403936, 5.7608531860506145e-05, 0.0006295068797271025, 0.00015068599548737896, 0.00018837793162804043, 0.0004409604375674912]","[0.9824175824175824, 0.9736263736263736, 0.9824175824175824, 0.9912087912087912, 0.9912087912087912, 0.9824175824175824, 0.9780219780219781, 0.9824175824175824, 0.9912087912087912, 0.9912087912087912, 0.9956043956043955, 1.0, 1.0, 0.9824175824175824, 0.9780219780219781, 0.9956043956043955, 0.9956043956043955, 0.9824175824175824, 0.9956043956043955, 0.9780219780219781, 0.9956043956043955, 0.9868131868131869, 0.9912087912087912, 0.9956043956043955, 0.9824175824175824, 0.9912087912087912, 0.9824175824175824, 0.9956043956043955, 0.9956043956043955, 0.9912087912087912]","[0.9340659340659341, 0.8901098901098902, 0.9340659340659341, 0.9560439560439562, 0.9560439560439562, 0.9340659340659341, 0.9120879120879122, 0.9340659340659341, 0.9560439560439562, 0.9560439560439562, 0.9780219780219781, 1.0, 1.0, 0.9340659340659341, 0.9120879120879122, 0.9780219780219781, 0.9780219780219781, 0.9340659340659341, 0.9780219780219781, 0.9120879120879122, 0.9780219780219781, 0.9560439560439562, 0.9560439560439562, 0.9780219780219781, 0.9340659340659341, 0.9560439560439562, 0.9340659340659341, 0.9780219780219781, 0.9780219780219781, 0.9560439560439562]","[1.0, 0.6666666666666666, 1.0, 0.6666666666666666, 1.0, 1.0, 0.6666666666666666, 0.6666666666666666, 1.0, 1.0, 1.0, 1.0, 1.0, 1.0, 1.0, 1.0, 1.0, 1.0, 1.0, 0.6666666666666666, 1.0, 1.0, 1.0, 1.0, 1.0, 1.0, 1.0, 1.0, 1.0, 1.0]","[1.0, 0.8, 1.0, 1.0, 1.0, 1.0, 1.0, 1.0, 1.0, 1.0, 1.0, 1.0, 1.0, 1.0, 1.0, 1.0, 1.0, 1.0, 1.0, 1.0, 1.0, 1.0, 1.0, 1.0, 1.0, 1.0, 1.0, 1.0, 1.0, 0.8]"
adult,ridge,1000,8,14,b3_is,0.00023742062107714448,0.00019987989907372256,1.6958615791224604e-05,1.427713564812304e-05,0.00017188436067753794,0.00031832820128601226,0.540454245471493,0.9878388278388279,0.009808098444647306,0.9843186813186814,0.9910622710622711,0.953846153846154,0.029129516999371483,0.9777777777777777,0.08314794192830981,1.0,0.0,1.5266815133055746e-05,0.0,1000.0,0.13373052333869662,0.005871787781041769,1000.0,"[0.0005504123836527034, 9.26237479430996e-05, 0.00010166784765349307, 4.419466055218196e-05, 0.00022774590737257213, 0.0003487898643683372, 0.000313652494377731, 0.00032473274097331135, 0.00014972951378233287, 0.0002669559204306853, 5.578436573850662e-05, 0.0005156573495059892, 7.680815925873713e-05, 6.913002001205749e-05, 0.00010375551751554573, 2.6757597371225584e-05, 0.00032677590406553865, 0.0002749763504282438, 0.0009925707094112185, 0.00018592665089683501, 0.00016793570860168536, 0.00020256525939503928, 0.00029946025479573983, 0.0003411862631485418, 0.0004266992126055861, 4.593191080947963e-05, 6.508133463157626e-05, 6.91252791474337e-05, 0.0003482973133751033, 0.00010768839049380182]","[0.9824175824175824, 0.9956043956043955, 1.0, 0.9956043956043955, 0.9956043956043955, 0.9780219780219781, 0.9692307692307693, 0.9912087912087912, 0.9912087912087912, 0.9780219780219781, 1.0, 0.9824175824175824, 0.9956043956043955, 0.9912087912087912, 0.9868131868131869, 0.9824175824175824, 0.9780219780219781, 0.9912087912087912, 0.9956043956043955, 0.9912087912087912, 0.9912087912087912, 0.9824175824175824, 0.9912087912087912, 0.9604395604395607, 0.9692307692307693, 1.0, 1.0, 0.9956043956043955, 0.9868131868131869, 0.9868131868131869]","[0.9340659340659341, 0.9780219780219781, 1.0, 0.9780219780219781, 0.9780219780219781, 0.9120879120879122, 0.9120879120879122, 0.9560439560439562, 0.9560439560439562, 0.9120879120879122, 1.0, 0.9340659340659341, 0.9780219780219781, 0.9560439560439562, 0.9560439560439562, 0.9340659340659341, 0.9340659340659341, 0.9560439560439562, 0.9780219780219781, 0.9560439560439562, 0.9560439560439562, 0.9340659340659341, 0.9560439560439562, 0.8901098901098902, 0.9120879120879122, 1.0, 1.0, 0.9780219780219781, 0.9560439560439562, 0.9340659340659341]","[1.0, 1.0, 1.0, 1.0, 1.0, 0.6666666666666666, 1.0, 1.0, 1.0, 1.0, 1.0, 0.6666666666666666, 1.0, 1.0, 1.0, 1.0, 1.0, 1.0, 1.0, 1.0, 1.0, 1.0, 1.0, 1.0, 1.0, 1.0, 1.0, 1.0, 1.0, 1.0]","[1.0, 1.0, 1.0, 1.0, 1.0, 1.0, 1.0, 1.0, 1.0, 1.0, 1.0, 1.0, 1.0, 1.0, 1.0, 1.0, 1.0, 1.0, 1.0, 1.0, 1.0, 1.0, 1.0, 1.0, 1.0, 1.0, 1.0, 1.0, 1.0, 1.0]"
adult,ridge,1000,8,14,b4_antithetic,0.00015353687741867774,2.5440767588970996e-05,1.0966919815619838e-05,1.8171976849264997e-06,0.00014491900520689698,0.0001626281764877855,0.3495048444439804,0.9843223443223443,0.007058865623704531,0.9818315018315019,0.986959706959707,0.9377289377289377,0.02726416712956542,1.0,0.0,1.0,0.0,1.5922230193644814e-06,0.0,1000.0,0.10909082999763389,0.0067501946943134845,1000.0,"[0.00016757902479779324, 0.00019007749637386001, 0.00016623742600736595, 0.00013201807208473867, 0.00015602950312430748, 0.0001654114966462086, 0.00016787827333441608, 0.00015740942888843197, 0.00015599685039670793, 0.00015345143875209686, 0.00011511208199938149, 0.00012538907573816035, 0.000161913656686789, 0.00016357093331066848, 0.0001803721603614959, 0.0001522333681339057, 0.00017764903123990521, 0.0001861148394034479, 0.00016902224770988357, 0.0001794163146240404, 0.00017142260437983317, 0.00010625463584712486, 0.00011100661467365345, 0.00012006808840504026, 0.0001771982517594146, 0.00015958285987098354, 0.00015261823456442098, 0.00012967756501622776, 0.00016761090569037207, 8.778384273965639e-05]","[0.9780219780219781, 0.9780219780219781, 0.9824175824175824, 0.9912087912087912, 0.9736263736263736, 0.9780219780219781, 0.9868131868131869, 0.9956043956043955, 0.9780219780219781, 0.9780219780219781, 0.9824175824175824, 0.9824175824175824, 0.9956043956043955, 0.9824175824175824, 0.9780219780219781, 0.9824175824175824, 0.9736263736263736, 0.9780219780219781, 0.9912087912087912, 0.9780219780219781, 0.9824175824175824, 0.9956043956043955, 0.9824175824175824, 0.9956043956043955, 0.9912087912087912, 0.9824175824175824, 1.0, 0.9868131868131869, 0.9824175824175824, 0.9868131868131869]","[0.9120879120879122, 0.9120879120879122, 0.9340659340659341, 0.9560439560439562, 0.8901098901098902, 0.9120879120879122, 0.9560439560439562, 0.9780219780219781, 0.9120879120879122, 0.9120879120879122, 0.9340659340659341, 0.9340659340659341, 0.9780219780219781, 0.9340659340659341, 0.9120879120879122, 0.9340659340659341, 0.8901098901098902, 0.9120879120879122, 0.9560439560439562, 0.9120879120879122, 0.9340659340659341, 0.9780219780219781, 0.9340659340659341, 0.9780219780219781, 0.9560439560439562, 0.9340659340659341, 1.0, 0.9560439560439562, 0.9340659340659341, 0.9560439560439562]","[1.0, 1.0, 1.0, 1.0, 1.0, 1.0, 1.0, 1.0, 1.0, 1.0, 1.0, 1.0, 1.0, 1.0, 1.0, 1.0, 1.0, 1.0, 1.0, 1.0, 1.0, 1.0, 1.0, 1.0, 1.0, 1.0, 1.0, 1.0, 1.0, 1.0]","[1.0, 1.0, 1.0, 1.0, 1.0, 1.0, 1.0, 1.0, 1.0, 1.0, 1.0, 1.0, 1.0, 1.0, 1.0, 1.0, 1.0, 1.0, 1.0, 1.0, 1.0, 1.0, 1.0, 1.0, 1.0, 1.0, 1.0, 1.0, 1.0, 1.0]"
adult,ridge,1000,9,14,abc_shap,0.0035950911456114213,0.0028564551681703573,0.0002567922246865301,0.00020403251201216838,0.002630269906433155,0.004642255361409053,5.092953142945924,0.9136996336996338,0.057709038797268034,0.8933113553113554,0.9308461538461539,0.8102564102564105,0.08349398835919393,1.0,0.0,0.9066666666666667,0.09977753031397174,0.0002427393786630508,504.0,496.0,0.13586999667265143,0.001539135339376959,504.0,"[0.005393530210469448, 0.0008636913889686638, 0.0062449254037812586, 0.003272709936052849, 0.009635465535690939, 0.00896869928077847, 0.0014580180786814563, 0.0020394391753155586, 0.00048509528556944147, 0.0033777440294667084, 0.0006098865231913068, 0.0017286918038830535, 0.003680760474088906, 0.00041427232895596634, 0.008231833579133667, 0.002271791106916341, 0.0011229013121457558, 0.00818685349022577, 0.0024272327096302605, 0.00046013174276433286, 0.0010825231555890524, 0.0028138012701933203, 0.006777767972722811, 0.0055466122716754775, 0.0036283839092405563, 0.008848316959047513, 0.002578558518792565, 0.002325268030930015, 0.002775556236882415, 0.00060227264755876]","[0.9164835164835166, 0.9164835164835166, 0.9208791208791209, 0.956043956043956, 0.8021978021978022, 0.9780219780219781, 0.9428571428571428, 0.9780219780219781, 0.9956043956043955, 0.9208791208791209, 0.9692307692307693, 0.9648351648351648, 0.7846153846153847, 0.8945054945054945, 0.9076923076923077, 0.9472527472527472, 0.9296703296703297, 0.8989010989010989, 0.8945054945054945, 0.9912087912087912, 0.7582417582417583, 0.9384615384615385, 0.9076923076923077, 0.8197802197802198, 0.8857142857142857, 0.9208791208791209, 0.8945054945054945, 0.9384615384615385, 0.8769230769230769, 0.9604395604395607]","[0.7582417582417583, 0.8021978021978022, 0.7802197802197802, 0.8461538461538461, 0.6483516483516484, 0.9120879120879122, 0.8461538461538461, 0.9120879120879122, 0.9780219780219781, 0.8021978021978022, 0.9120879120879122, 0.8901098901098902, 0.6703296703296704, 0.7802197802197802, 0.7802197802197802, 0.8681318681318682, 0.8461538461538461, 0.7582417582417583, 0.7802197802197802, 0.9560439560439562, 0.6263736263736264, 0.8461538461538461, 0.8021978021978022, 0.6923076923076924, 0.7582417582417583, 0.8021978021978022, 0.7802197802197802, 0.8461538461538461, 0.7582417582417583, 0.8681318681318682]","[1.0, 1.0, 1.0, 1.0, 1.0, 1.0, 1.0, 1.0, 1.0, 1.0, 1.0, 1.0, 1.0, 1.0, 1.0, 1.0, 1.0, 1.0, 1.0, 1.0, 1.0, 1.0, 1.0, 1.0, 1.0, 1.0, 1.0, 1.0, 1.0, 1.0]","[1.0, 1.0, 1.0, 0.8, 1.0, 1.0, 0.8, 1.0, 1.0, 0.8, 1.0, 1.0, 0.8, 0.8, 1.0, 0.8, 0.8, 1.0, 0.8, 0.8, 0.8, 1.0, 1.0, 1.0, 0.8, 1.0, 0.8, 1.0, 0.8, 0.8]"
adult,ridge,1000,9,14,b1_uniform,0.002392335650093642,0.0012814790147554279,0.00017088111786383157,9.153421533967341e-05,0.0019721003046446416,0.0028728372583785265,3.389080519696765,0.8417582417582419,0.05847971294791238,0.8193406593406595,0.8622747252747255,0.715750915750916,0.07654187772371562,1.0,0.0,0.9933333333333334,0.03590109871423002,5.698394732933333e-05,0.0,1000.0,0.11056999998788039,0.0018059491842670535,1000.0,"[0.006086837364323289, 0.006707983759617704, 0.004008392886351374, 0.002155836442982586, 0.0025638724827735135, 0.001654490781647162, 0.0012354111664514495, 0.0025206494503215984, 0.0021141314294172405, 0.0016243337051773511, 0.0018559540137375666, 0.002660406924754297, 0.001192962713733955, 0.001683670298643062, 0.0013194436804641575, 0.003785423738000368, 0.0013416687402929876, 0.0015104616715585785, 0.0018979404691794178, 0.0022387235270058237, 0.0016772193121012662, 0.0029037048772790138, 0.0010093037736932944, 0.002137772663370568, 0.0021478518421789395, 0.00235400437948682, 0.001768578433087876, 0.0018283325146356425, 0.0026031209708643572, 0.003181585489678012]","[0.8065934065934066, 0.7054945054945055, 0.7802197802197802, 0.8417582417582418, 0.8769230769230769, 0.8857142857142857, 0.9472527472527472, 0.7890109890109891, 0.7890109890109891, 0.7846153846153847, 0.832967032967033, 0.7538461538461538, 0.8945054945054945, 0.8813186813186813, 0.9384615384615385, 0.7186813186813187, 0.832967032967033, 0.8593406593406594, 0.8461538461538461, 0.8065934065934066, 0.9340659340659341, 0.8373626373626375, 0.8989010989010989, 0.8813186813186813, 0.8857142857142857, 0.8241758241758241, 0.8813186813186813, 0.8593406593406594, 0.832967032967033, 0.8461538461538461]","[0.6483516483516484, 0.5604395604395604, 0.6483516483516484, 0.6703296703296704, 0.7582417582417583, 0.8021978021978022, 0.8461538461538461, 0.6263736263736264, 0.6483516483516484, 0.6483516483516484, 0.7142857142857144, 0.6043956043956044, 0.8021978021978022, 0.7582417582417583, 0.8461538461538461, 0.5824175824175825, 0.7142857142857144, 0.7362637362637363, 0.7142857142857144, 0.6923076923076924, 0.8461538461538461, 0.6703296703296704, 0.8021978021978022, 0.7362637362637363, 0.7802197802197802, 0.6703296703296704, 0.7802197802197802, 0.7582417582417583, 0.6923076923076924, 0.7142857142857144]","[1.0, 1.0, 1.0, 1.0, 1.0, 1.0, 1.0, 1.0, 1.0, 1.0, 1.0, 1.0, 1.0, 1.0, 1.0, 1.0, 1.0, 1.0, 1.0, 1.0, 1.0, 1.0, 1.0, 1.0, 1.0, 1.0, 1.0, 1.0, 1.0, 1.0]","[1.0, 1.0, 1.0, 1.0, 1.0, 1.0, 1.0, 1.0, 1.0, 1.0, 1.0, 1.0, 1.0, 1.0, 1.0, 1.0, 1.0, 1.0, 1.0, 1.0, 1.0, 1.0, 1.0, 1.0, 1.0, 1.0, 0.8, 1.0, 1.0, 1.0]"
adult,ridge,1000,9,14,b2_stratified,0.0007058951937523438,0.0008169750750041117,5.042108526802456e-05,5.835536250029369e-05,0.0004569178403362109,0.0010382363805410222,1.0,0.9636630036630037,0.025044232227658895,0.953846153846154,0.9718717948717949,0.8974358974358976,0.05242064123076432,1.0,0.0,0.9466666666666667,0.08844332774281065,4.966499917107862e-05,0.0,1000.0,0.11276131999135638,0.0017331481519373335,1000.0,"[0.0002660451950511791, 0.0004119805095080515, 0.0003178090530151787, 0.0003894341157997172, 9.47835086742978e-05, 0.0008169811706705656, 0.00013883621433755038, 0.0010203579082460692, 0.0017983119158909253, 0.00012286543149633695, 0.0011669015650485836, 0.00021948525427782208, 0.00043194029887712597, 0.0008315997261389111, 0.0036951436476121953, 0.0009102982456114329, 0.002213090080802713, 0.00013855187761400913, 0.00016668839877147617, 0.0001742583855562529, 0.00015939463718980487, 0.0017683944975795131, 0.0019023126853910588, 6.612236350397937e-05, 0.00013435345101859945, 0.000169137311612251, 0.0002425688449531097, 0.0003859899232470784, 0.00020058351264575592, 0.0008226360824287659]","[0.9736263736263736, 0.9912087912087912, 0.9824175824175824, 0.9516483516483516, 0.9868131868131869, 0.9252747252747253, 0.9868131868131869, 0.9296703296703297, 0.9384615384615385, 0.9868131868131869, 0.9604395604395607, 0.9428571428571428, 0.9472527472527472, 0.9956043956043955, 0.9384615384615385, 0.9208791208791209, 0.9780219780219781, 0.9736263736263736, 0.9824175824175824, 1.0, 0.9824175824175824, 0.8989010989010989, 0.956043956043956, 0.9692307692307693, 0.9516483516483516, 0.9780219780219781, 0.9912087912087912, 0.9428571428571428, 0.9780219780219781, 0.9692307692307693]","[0.9120879120879122, 0.9560439560439562, 0.9340659340659341, 0.8901098901098902, 0.9340659340659341, 0.8021978021978022, 0.9560439560439562, 0.8241758241758242, 0.8461538461538461, 0.9560439560439562, 0.8901098901098902, 0.8681318681318682, 0.8681318681318682, 0.9780219780219781, 0.8681318681318682, 0.8021978021978022, 0.9120879120879122, 0.8901098901098902, 0.9340659340659341, 1.0, 0.9340659340659341, 0.7802197802197802, 0.8681318681318682, 0.9120879120879122, 0.8901098901098902, 0.9120879120879122, 0.9560439560439562, 0.8681318681318682, 0.9120879120879122, 0.8681318681318682]","[1.0, 1.0, 1.0, 1.0, 1.0, 1.0, 1.0, 1.0, 1.0, 1.0, 1.0, 1.0, 1.0, 1.0, 1.0, 1.0, 1.0, 1.0, 1.0, 1.0, 1.0, 1.0, 1.0, 1.0, 1.0, 1.0, 1.0, 1.0, 1.0, 1.0]","[1.0, 1.0, 1.0, 1.0, 0.8, 0.8, 1.0, 0.8, 0.8, 1.0, 1.0, 1.0, 1.0, 1.0, 1.0, 1.0, 1.0, 0.8, 1.0, 1.0, 1.0, 0.8, 1.0, 1.0, 1.0, 1.0, 0.8, 1.0, 1.0, 0.8]"
adult,ridge,1000,9,14,b3_is,0.0005118564444573984,0.000490535634790907,3.656117460409989e-05,3.503825962792192e-05,0.00034525863257744234,0.0006909472112113405,0.7251167722739561,0.9761172161172162,0.019810585835371666,0.9692307692307693,0.9828608058608058,0.9252747252747253,0.04076315822195917,1.0,0.0,0.9133333333333336,0.09910712498212336,3.5264031123263255e-05,0.0,1000.0,0.1321838333271444,0.0020365117477971375,1000.0,"[0.00023370551915931256, 0.00029903839124292137, 0.00019287338578218133, 0.0013311180722858948, 0.0003012441808577782, 0.0007448945213676055, 0.00021187526722202444, 0.00013371445384261423, 4.3753301924822694e-05, 0.0017316703241636174, 0.00011347599215710187, 0.0004014489699211754, 0.000831236949866192, 8.23486767475222e-05, 0.0004093050206860122, 0.0007578786359219308, 0.00014275762412665707, 0.000580323012333026, 6.41708417066835e-05, 0.001624413232985175, 0.00016818627006177667, 4.7947355030560804e-05, 0.00046865096834679525, 4.0886194212441886e-05, 0.0004583034040594761, 0.0002903776632320053, 0.0008458668736260567, 0.00016528375532663176, 0.0011933476635660367, 0.0014455968119599235]","[0.9912087912087912, 0.9956043956043955, 0.9912087912087912, 0.9604395604395607, 0.9208791208791209, 0.9296703296703297, 0.9868131868131869, 0.9912087912087912, 0.9912087912087912, 0.956043956043956, 0.9868131868131869, 0.9956043956043955, 0.9780219780219781, 0.9956043956043955, 0.9692307692307693, 0.9780219780219781, 0.9912087912087912, 0.9780219780219781, 0.9912087912087912, 0.9472527472527472, 0.9912087912087912, 0.9692307692307693, 0.9604395604395607, 0.9780219780219781, 0.9868131868131869, 0.9956043956043955, 0.9516483516483516, 0.9692307692307693, 0.9956043956043955, 0.9604395604395607]","[0.9560439560439562, 0.9780219780219781, 0.9560439560439562, 0.8681318681318682, 0.8241758241758242, 0.8681318681318682, 0.9560439560439562, 0.9560439560439562, 0.9560439560439562, 0.8681318681318682, 0.9340659340659341, 0.9780219780219781, 0.9120879120879122, 0.9780219780219781, 0.9120879120879122, 0.9120879120879122, 0.9560439560439562, 0.9120879120879122, 0.9560439560439562, 0.8681318681318682, 0.9560439560439562, 0.9120879120879122, 0.8901098901098902, 0.9120879120879122, 0.9340659340659341, 0.9780219780219781, 0.8901098901098902, 0.9120879120879122, 0.9780219780219781, 0.8901098901098902]","[1.0, 1.0, 1.0, 1.0, 1.0, 1.0, 1.0, 1.0, 1.0, 1.0, 1.0, 1.0, 1.0, 1.0, 1.0, 1.0, 1.0, 1.0, 1.0, 1.0, 1.0, 1.0, 1.0, 1.0, 1.0, 1.0, 1.0, 1.0, 1.0, 1.0]","[1.0, 1.0, 0.8, 0.8, 0.8, 1.0, 1.0, 0.8, 1.0, 1.0, 0.8, 1.0, 0.8, 1.0, 0.8, 1.0, 1.0, 1.0, 1.0, 1.0, 1.0, 1.0, 0.8, 0.8, 0.8, 0.8, 0.8, 1.0, 1.0, 0.8]"
adult,ridge,1000,9,14,b4_antithetic,0.001546086190962462,0.00028860473178530084,0.00011043472792589014,2.061462369895006e-05,0.0014427392407655951,0.0016534439154491775,2.1902489273852326,0.8401465201465202,0.055327411976953796,0.8181611721611723,0.8594981684981685,0.7135531135531139,0.07299953672386829,1.0,0.0,1.0,0.0,1.0668258280271467e-05,0.0,1000.0,0.10660447333551322,0.0010624543453439472,1000.0,"[0.001259698590134535, 0.001848547792522375, 0.0016139762443095052, 0.0014587384777944206, 0.001503646461465613, 0.0015363339993381808, 0.0005694309270923876, 0.001470585168474463, 0.001724477442293221, 0.002150644168337534, 0.001353260346156866, 0.001324042748326493, 0.001265798807900148, 0.0014003584113823802, 0.00163526235817881, 0.0019960405738668357, 0.0019199554877798951, 0.0016443539503191982, 0.0017305061058421898, 0.0013287458368624846, 0.0014946163834932509, 0.0017414836065773188, 0.0011494787375773952, 0.0016904551405105869, 0.0015633456740503059, 0.0017782857062725779, 0.0014145415241189952, 0.0016148240677388123, 0.0017140394671672846, 0.0014871115229897925]","[0.8813186813186813, 0.767032967032967, 0.8461538461538461, 0.8637362637362638, 0.9120879120879121, 0.8769230769230769, 0.9472527472527472, 0.8285714285714285, 0.8065934065934066, 0.7142857142857143, 0.8549450549450549, 0.8857142857142857, 0.8505494505494505, 0.8461538461538461, 0.7890109890109891, 0.8109890109890111, 0.7538461538461538, 0.8417582417582418, 0.8989010989010989, 0.8637362637362638, 0.832967032967033, 0.8901098901098902, 0.9120879120879121, 0.7802197802197802, 0.7318681318681319, 0.8549450549450549, 0.8989010989010989, 0.8725274725274725, 0.7934065934065934, 0.7978021978021977]","[0.7802197802197802, 0.6263736263736264, 0.7142857142857144, 0.7362637362637363, 0.8241758241758242, 0.7582417582417583, 0.8461538461538461, 0.7142857142857144, 0.6703296703296704, 0.5164835164835165, 0.7362637362637363, 0.7582417582417583, 0.7142857142857144, 0.7362637362637363, 0.6263736263736264, 0.6703296703296704, 0.6263736263736264, 0.7362637362637363, 0.7582417582417583, 0.7582417582417583, 0.7362637362637363, 0.7802197802197802, 0.7802197802197802, 0.6483516483516484, 0.5604395604395604, 0.7362637362637363, 0.7582417582417583, 0.7802197802197802, 0.6483516483516484, 0.6703296703296704]","[1.0, 1.0, 1.0, 1.0, 1.0, 1.0, 1.0, 1.0, 1.0, 1.0, 1.0, 1.0, 1.0, 1.0, 1.0, 1.0, 1.0, 1.0, 1.0, 1.0, 1.0, 1.0, 1.0, 1.0, 1.0, 1.0, 1.0, 1.0, 1.0, 1.0]","[1.0, 1.0, 1.0, 1.0, 1.0, 1.0, 1.0, 1.0, 1.0, 1.0, 1.0, 1.0, 1.0, 1.0, 1.0, 1.0, 1.0, 1.0, 1.0, 1.0, 1.0, 1.0, 1.0, 1.0, 1.0, 1.0, 1.0, 1.0, 1.0, 1.0]"
adult,rf,1000,0,14,abc_shap,0.008404160869662506,0.008454136831634929,0.0006002972049758933,0.0006038669165453521,0.005679392558718437,0.011714276370699998,4.087946646941305,0.9176556776556777,0.06527567082437792,0.892893772893773,0.9391978021978022,0.8065934065934068,0.0926211318932109,0.8444444444444444,0.223330569358242,0.9400000000000001,0.09165151389911678,0.0005609094699233366,504.0,496.0,9.15885359000725,1.6830906003635915,504.0,"[0.008397590212078254, 0.009704215638565697, 0.0037024784334218487, 0.00860298376237739, 0.004076081429207962, 0.016945112763712564, 0.012811576592732148, 0.0027708559229954544, 0.0010915094149548982, 0.014486216070444785, 0.012162911195252632, 0.0017208407700419713, 0.004495813429304609, 0.001834463090106265, 0.01478116818831036, 0.024919123548146776, 0.028660183753625692, 0.004613142860585284, 0.0017265702918352875, 0.002328674547081256, 0.028956784447205973, 0.0004890348663510097, 0.0010491273132950203, 0.006979138310809557, 0.0025298790685048724, 0.0022184890552240572, 0.0027194248984577785, 0.0026534621383998446, 0.0232975860406896, 0.0014003880361563076]","[0.8681318681318682, 0.7098901098901099, 0.9472527472527472, 0.8769230769230769, 0.956043956043956, 0.7714285714285714, 0.9648351648351648, 0.9472527472527472, 0.9736263736263736, 0.8681318681318682, 0.8989010989010989, 0.9384615384615385, 0.9648351648351648, 0.9428571428571428, 0.9868131868131869, 0.9384615384615385, 0.9164835164835166, 0.9032967032967033, 0.9032967032967033, 0.9516483516483516, 0.9032967032967033, 0.9780219780219781, 0.9868131868131869, 0.7890109890109891, 0.9780219780219781, 0.9252747252747253, 0.9780219780219781, 0.9384615384615385, 0.8637362637362638, 0.9604395604395607]","[0.6703296703296704, 0.5824175824175825, 0.8241758241758242, 0.7582417582417583, 0.8241758241758242, 0.6263736263736264, 0.8681318681318682, 0.8241758241758242, 0.8901098901098902, 0.7582417582417583, 0.7142857142857144, 0.8461538461538461, 0.8681318681318682, 0.8241758241758242, 0.9340659340659341, 0.8241758241758242, 0.7582417582417583, 0.7802197802197802, 0.7582417582417583, 0.8901098901098902, 0.7362637362637363, 0.8901098901098902, 0.9560439560439562, 0.6923076923076924, 0.9120879120879122, 0.8461538461538461, 0.9340659340659341, 0.8241758241758242, 0.6923076923076924, 0.8901098901098902]","[0.6666666666666666, 1.0, 0.6666666666666666, 1.0, 1.0, 1.0, 0.6666666666666666, 1.0, 1.0, 1.0, 0.3333333333333333, 1.0, 0.6666666666666666, 0.6666666666666666, 1.0, 0.6666666666666666, 0.3333333333333333, 0.6666666666666666, 1.0, 1.0, 0.3333333333333333, 1.0, 1.0, 1.0, 1.0, 1.0, 1.0, 1.0, 0.6666666666666666, 1.0]","[0.8, 0.8, 1.0, 1.0, 1.0, 1.0, 1.0, 1.0, 1.0, 1.0, 1.0, 0.8, 1.0, 1.0, 1.0, 0.8, 0.8, 0.8, 1.0, 1.0, 0.8, 1.0, 1.0, 1.0, 1.0, 1.0, 1.0, 1.0, 0.8, 0.8]"
adult,rf,1000,0,14,b1_uniform,0.01107294885257481,0.004334860878330539,0.0007909249180410579,0.0003096329198807528,0.00965157983182737,0.012695105844961934,5.386096819854608,0.8842490842490844,0.043356101140729124,0.8681318681318684,0.9002197802197803,0.7509157509157511,0.06041180403835398,0.8111111111111112,0.1651785416368723,0.9333333333333335,0.09428090415820631,0.00027890985286650337,0.0,1000.0,8.681577816667657,1.3221094022608373,1000.0,"[0.012648712564558403, 0.009415128614154326, 0.007611044332330047, 0.017517338626150583, 0.00873371765774687, 0.023735380505813246, 0.021501269776943766, 0.008385496318988475, 0.008319211796223816, 0.015373329370977356, 0.009300148398618886, 0.003947188851231918, 0.009729976196795581, 0.009225761572394426, 0.012080572067153388, 0.006779847784234228, 0.007707549882802491, 0.01277218364247378, 0.007770966684076622, 0.008314631403158454, 0.014927681733480419, 0.00983709198329499, 0.016075289975624834, 0.007847864240892925, 0.013671612961540163, 0.00797250773979818, 0.010970224861985093, 0.007061659059595361, 0.010697900021301983, 0.012257176952903608]","[0.9780219780219781, 0.8197802197802198, 0.8417582417582418, 0.8593406593406594, 0.9648351648351648, 0.8813186813186813, 0.8813186813186813, 0.8857142857142857, 0.9428571428571428, 0.8769230769230769, 0.8681318681318682, 0.9076923076923077, 0.832967032967033, 0.8945054945054945, 0.9120879120879121, 0.8593406593406594, 0.8285714285714285, 0.9164835164835166, 0.8725274725274725, 0.9252747252747253, 0.9208791208791209, 0.8549450549450549, 0.8065934065934066, 0.9032967032967033, 0.9340659340659341, 0.8241758241758241, 0.8373626373626375, 0.8593406593406594, 0.9296703296703297, 0.9076923076923077]","[0.9120879120879122, 0.6703296703296704, 0.7142857142857144, 0.7142857142857144, 0.8681318681318682, 0.7582417582417583, 0.7582417582417583, 0.7802197802197802, 0.8241758241758242, 0.7142857142857144, 0.7142857142857144, 0.7802197802197802, 0.6703296703296704, 0.7802197802197802, 0.7802197802197802, 0.7362637362637363, 0.6703296703296704, 0.7802197802197802, 0.7362637362637363, 0.8021978021978022, 0.7802197802197802, 0.7362637362637363, 0.6703296703296704, 0.7582417582417583, 0.8241758241758242, 0.6483516483516484, 0.6923076923076924, 0.6923076923076924, 0.7802197802197802, 0.7802197802197802]","[1.0, 0.6666666666666666, 0.6666666666666666, 0.6666666666666666, 0.6666666666666666, 1.0, 1.0, 1.0, 0.6666666666666666, 0.6666666666666666, 0.6666666666666666, 0.6666666666666666, 1.0, 0.6666666666666666, 1.0, 1.0, 0.6666666666666666, 1.0, 1.0, 0.6666666666666666, 1.0, 1.0, 0.6666666666666666, 0.6666666666666666, 0.6666666666666666, 0.6666666666666666, 1.0, 1.0, 0.6666666666666666, 0.6666666666666666]","[1.0, 1.0, 1.0, 1.0, 1.0, 1.0, 0.8, 0.8, 0.8, 0.8, 1.0, 1.0, 1.0, 0.8, 1.0, 1.0, 1.0, 0.8, 1.0, 1.0, 0.8, 1.0, 1.0, 1.0, 1.0, 1.0, 0.8, 1.0, 0.8, 0.8]"
adult,rf,1000,0,14,b2_stratified,0.0020558391768519513,0.0015113068157976844,0.0001468456554894251,0.00010795048684269174,0.001543968342471243,0.0026000988423289222,1.0,0.9733333333333334,0.016677571604550547,0.9665860805860808,0.9791941391941392,0.90989010989011,0.0410583333896031,0.9888888888888888,0.059835164523716726,0.9800000000000001,0.05999999999999999,0.00013100635538994065,0.0,1000.0,8.817408189996302,0.750878268086013,1000.0,"[0.0023236992425890554, 0.002298922838939611, 0.0017045744961680304, 0.000373603665340328, 0.0038151745251512924, 0.002395549027352115, 0.0024727416325149533, 0.002205511599555103, 0.0034746630289245366, 0.0026682499602450433, 0.0027260446288198876, 0.0020863879488229996, 0.0007347192168853479, 0.0004710468090979428, 0.002636045451178752, 0.00028796788914520546, 0.006692814619764792, 0.0011749079400102645, 0.002460595143561992, 0.00213803455799013, 0.0002543597159188131, 0.002143985710857668, 0.0022673580154567363, 0.0008904151589290995, 0.0007485259048584086, 0.006015604505747063, 0.0022530156930339156, 0.0014857852560514766, 0.0002776545770922897, 0.00019721654555569405]","[0.9868131868131869, 0.9824175824175824, 0.9868131868131869, 0.9692307692307693, 0.9912087912087912, 0.9824175824175824, 0.9736263736263736, 0.9648351648351648, 0.9736263736263736, 0.9604395604395607, 0.9516483516483516, 0.9912087912087912, 0.9736263736263736, 0.9912087912087912, 0.9956043956043955, 0.956043956043956, 0.9780219780219781, 0.9824175824175824, 0.9164835164835166, 0.956043956043956, 0.9692307692307693, 0.9736263736263736, 0.9956043956043955, 0.956043956043956, 0.9824175824175824, 0.9648351648351648, 0.9824175824175824, 0.9516483516483516, 0.9736263736263736, 0.9868131868131869]","[0.9340659340659341, 0.9120879120879122, 0.9340659340659341, 0.8901098901098902, 0.9560439560439562, 0.9340659340659341, 0.9120879120879122, 0.8901098901098902, 0.8901098901098902, 0.8681318681318682, 0.8901098901098902, 0.9560439560439562, 0.9340659340659341, 0.9560439560439562, 0.9780219780219781, 0.8461538461538461, 0.9120879120879122, 0.9340659340659341, 0.7802197802197802, 0.8681318681318682, 0.9120879120879122, 0.9120879120879122, 0.9780219780219781, 0.8681318681318682, 0.9340659340659341, 0.8901098901098902, 0.9340659340659341, 0.8681318681318682, 0.8901098901098902, 0.9340659340659341]","[1.0, 1.0, 0.6666666666666666, 1.0, 1.0, 1.0, 1.0, 1.0, 1.0, 1.0, 1.0, 1.0, 1.0, 1.0, 1.0, 1.0, 1.0, 1.0, 1.0, 1.0, 1.0, 1.0, 1.0, 1.0, 1.0, 1.0, 1.0, 1.0, 1.0, 1.0]","[1.0, 1.0, 1.0, 1.0, 0.8, 1.0, 1.0, 1.0, 1.0, 1.0, 1.0, 0.8, 1.0, 1.0, 1.0, 1.0, 1.0, 1.0, 1.0, 1.0, 1.0, 1.0, 1.0, 1.0, 1.0, 0.8, 1.0, 1.0, 1.0, 1.0]"
adult,rf,1000,0,14,b3_is,0.0012051036948832273,0.0018400320722431899,8.607883534880194e-05,0.00013143086230308498,0.0006846905409721392,0.0020065123392033445,0.5861857816760592,0.9723076923076924,0.02298499043838483,0.9636630036630038,0.9800769230769231,0.9164835164835166,0.04795038292147568,1.0,0.0,1.0,0.0,6.64038358181864e-05,0.0,1000.0,9.114640693331603,0.9068551436796138,1000.0,"[0.0004230855114754411, 0.0010541782169045074, 0.0003228672563065497, 0.00017988894325505667, 0.0013243793517273659, 0.0005451516828740757, 0.0003004239884080339, 0.0008444557319853102, 0.00016486725488247642, 0.0011445062564091383, 0.0001888778551329913, 0.0008661564368740871, 0.00013283698690972354, 0.0026534659856256096, 0.0003503593885890751, 0.0012991122481912426, 0.002321318819558349, 0.0005933017787189328, 0.002308593271085953, 0.0001506141868459147, 0.0009835820323737098, 0.0016125772249402108, 0.0008073717809346829, 0.00024265134210120593, 0.0006889745508887844, 0.01025203053139987, 0.0005399883646775535, 0.0009248153217450007, 0.00014932757409077618, 0.0027833509715851873]","[1.0, 0.9648351648351648, 0.9648351648351648, 0.9912087912087912, 0.9824175824175824, 0.9692307692307693, 0.9648351648351648, 0.9164835164835166, 0.9868131868131869, 0.9956043956043955, 0.9736263736263736, 0.9472527472527472, 0.9780219780219781, 0.9956043956043955, 0.9824175824175824, 0.9472527472527472, 0.9692307692307693, 0.9824175824175824, 0.9736263736263736, 0.9912087912087912, 0.9780219780219781, 0.9956043956043955, 0.9912087912087912, 0.9824175824175824, 0.9912087912087912, 0.956043956043956, 0.9208791208791209, 0.9120879120879121, 0.9868131868131869, 0.9780219780219781]","[1.0, 0.8901098901098902, 0.8901098901098902, 0.9560439560439562, 0.9340659340659341, 0.8901098901098902, 0.8901098901098902, 0.8241758241758242, 0.9560439560439562, 0.9780219780219781, 0.9120879120879122, 0.8681318681318682, 0.9120879120879122, 0.9780219780219781, 0.9340659340659341, 0.8681318681318682, 0.9120879120879122, 0.9120879120879122, 0.9120879120879122, 0.9560439560439562, 0.9120879120879122, 0.9780219780219781, 0.9560439560439562, 0.9340659340659341, 0.9560439560439562, 0.8681318681318682, 0.8241758241758242, 0.8021978021978022, 0.9560439560439562, 0.9340659340659341]","[1.0, 1.0, 1.0, 1.0, 1.0, 1.0, 1.0, 1.0, 1.0, 1.0, 1.0, 1.0, 1.0, 1.0, 1.0, 1.0, 1.0, 1.0, 1.0, 1.0, 1.0, 1.0, 1.0, 1.0, 1.0, 1.0, 1.0, 1.0, 1.0, 1.0]","[1.0, 1.0, 1.0, 1.0, 1.0, 1.0, 1.0, 1.0, 1.0, 1.0, 1.0, 1.0, 1.0, 1.0, 1.0, 1.0, 1.0, 1.0, 1.0, 1.0, 1.0, 1.0, 1.0, 1.0, 1.0, 1.0, 1.0, 1.0, 1.0, 1.0]"
adult,rf,1000,0,14,b4_antithetic,0.010130270537791974,0.003021942485013422,0.0007235907526994267,0.00021585303464381585,0.008992382641332595,0.01112781974449151,4.927559826593135,0.9054945054945056,0.04279416806472361,0.889959706959707,0.9211721611721612,0.7831501831501835,0.06261058056914723,0.8888888888888888,0.15713484026367727,0.9333333333333333,0.09428090415820632,5.782913974449397e-05,0.0,1000.0,8.606191516679246,0.8313998386888534,1000.0,"[0.011179986330841846, 0.010204859917526857, 0.009030860944566784, 0.011864785852308914, 0.012126198066298171, 0.011869226150198033, 0.013480536030980188, 0.009234690184496946, 0.0076455359221791076, 0.012236034157700044, 0.00714836436542441, 0.00977551946381527, 0.010881561366590586, 0.011325999593234144, 0.00966434483261669, 0.011773852059657244, 0.010802215971602292, 0.0014054772916804298, 0.013044991459879368, 0.012261037119414274, 0.011501151122512255, 0.008911408549941277, 0.007049100473691464, 0.01349436406124325, 0.01119641240705269, 0.01609879283185722, 0.009408315831944614, 0.008229116472236007, 0.009279523619005943, 0.0017838536832628293]","[0.8989010989010989, 0.8857142857142857, 0.8549450549450549, 0.8065934065934066, 0.8901098901098902, 0.9076923076923077, 0.9296703296703297, 0.9472527472527472, 0.9208791208791209, 0.8593406593406594, 0.8505494505494505, 0.9516483516483516, 0.9252747252747253, 0.9208791208791209, 0.9340659340659341, 0.8461538461538461, 0.8769230769230769, 0.9780219780219781, 0.9076923076923077, 0.9384615384615385, 0.8373626373626375, 0.9648351648351648, 0.9604395604395607, 0.8945054945054945, 0.8901098901098902, 0.8417582417582418, 0.9516483516483516, 0.9208791208791209, 0.9296703296703297, 0.9428571428571428]","[0.7802197802197802, 0.7142857142857144, 0.7142857142857144, 0.6263736263736264, 0.7582417582417583, 0.8241758241758242, 0.8241758241758242, 0.8241758241758242, 0.7802197802197802, 0.7362637362637363, 0.7142857142857144, 0.8461538461538461, 0.8461538461538461, 0.8021978021978022, 0.7802197802197802, 0.7142857142857144, 0.7802197802197802, 0.9120879120879122, 0.7802197802197802, 0.8021978021978022, 0.6923076923076924, 0.8681318681318682, 0.8681318681318682, 0.7582417582417583, 0.7582417582417583, 0.6923076923076924, 0.8461538461538461, 0.8021978021978022, 0.8021978021978022, 0.8461538461538461]","[1.0, 0.6666666666666666, 0.6666666666666666, 0.6666666666666666, 1.0, 1.0, 1.0, 0.6666666666666666, 0.6666666666666666, 1.0, 1.0, 0.6666666666666666, 1.0, 1.0, 0.6666666666666666, 1.0, 1.0, 1.0, 0.6666666666666666, 0.6666666666666666, 0.6666666666666666, 1.0, 1.0, 1.0, 1.0, 1.0, 1.0, 1.0, 1.0, 1.0]","[1.0, 0.8, 1.0, 0.8, 1.0, 1.0, 0.8, 1.0, 1.0, 1.0, 1.0, 1.0, 1.0, 0.8, 0.8, 0.8, 1.0, 1.0, 1.0, 1.0, 1.0, 0.8, 1.0, 0.8, 1.0, 0.8, 1.0, 1.0, 0.8, 1.0]"
adult,rf,1000,1,14,abc_shap,0.0007019225270009226,0.0005246332777661408,5.013732335720876e-05,3.747380555472434e-05,0.000513372374214337,0.0009074804319568198,4.124895736807236,0.85992673992674,0.08031442724712416,0.8301758241758244,0.887915750915751,0.7201465201465204,0.13087948482104428,0.7777777777777779,0.19876159799998133,0.9466666666666668,0.08844332774281063,4.655757016711786e-05,504.0,496.0,10.009821823344101,0.8057459563457936,504.0,"[0.00021867664634498245, 0.00023048401898848078, 0.001445154977758535, 0.00011665462391063852, 0.00022556744496631857, 0.0015353160484370377, 0.0005542085901168489, 0.0010654195269175343, 0.00014035714923472812, 0.001984186201899101, 0.0004533853088115079, 0.0015865301024324283, 0.0005539598408672029, 0.0018345940470240888, 0.0007503772981544256, 0.0007295124390161231, 0.0008586948545420269, 0.001240639918913224, 0.0008271589349206958, 0.0005578264105670824, 0.0002983837671868712, 0.0007379823878463734, 0.0007977793028464801, 0.00014495691381563982, 0.00040747599639027907, 9.09976277792015e-05, 0.0005278665857277845, 0.0005897609583454384, 0.00017595834883936368, 0.00037780953742723265]","[0.8725274725274725, 0.9076923076923077, 0.8021978021978022, 0.8857142857142857, 0.9076923076923077, 0.6967032967032967, 0.9076923076923077, 0.7494505494505495, 0.8901098901098902, 0.8989010989010989, 0.832967032967033, 0.9340659340659341, 0.7494505494505495, 0.6483516483516484, 0.9428571428571428, 0.9736263736263736, 0.9120879120879121, 0.7978021978021977, 0.7934065934065934, 0.8681318681318682, 0.9692307692307693, 0.8593406593406594, 0.7406593406593407, 0.9208791208791209, 0.8681318681318682, 0.8109890109890111, 0.8945054945054945, 0.956043956043956, 0.8857142857142857, 0.9208791208791209]","[0.7582417582417583, 0.8021978021978022, 0.6923076923076924, 0.7362637362637363, 0.8241758241758242, 0.42857142857142855, 0.8021978021978022, 0.5824175824175825, 0.7582417582417583, 0.8021978021978022, 0.6483516483516484, 0.8241758241758242, 0.5604395604395604, 0.3406593406593407, 0.8241758241758242, 0.8901098901098902, 0.7582417582417583, 0.6483516483516484, 0.6043956043956044, 0.6923076923076924, 0.9120879120879122, 0.7142857142857144, 0.5164835164835165, 0.8021978021978022, 0.7582417582417583, 0.6703296703296704, 0.8241758241758242, 0.8681318681318682, 0.7802197802197802, 0.7802197802197802]","[0.6666666666666666, 0.6666666666666666, 1.0, 0.6666666666666666, 1.0, 0.6666666666666666, 1.0, 0.6666666666666666, 0.6666666666666666, 1.0, 0.6666666666666666, 1.0, 0.6666666666666666, 0.3333333333333333, 1.0, 1.0, 0.6666666666666666, 0.6666666666666666, 0.6666666666666666, 0.6666666666666666, 1.0, 1.0, 0.3333333333333333, 0.6666666666666666, 1.0, 0.6666666666666666, 1.0, 0.6666666666666666, 1.0, 0.6666666666666666]","[1.0, 1.0, 0.8, 1.0, 1.0, 1.0, 1.0, 1.0, 1.0, 0.8, 1.0, 0.8, 1.0, 1.0, 1.0, 0.8, 0.8, 0.8, 1.0, 1.0, 1.0, 0.8, 1.0, 1.0, 1.0, 1.0, 1.0, 1.0, 1.0, 0.8]"
adult,rf,1000,1,14,b1_uniform,0.0006034221665180272,0.0002455639395326941,4.310158332271623e-05,1.7540281395192437e-05,0.0005227608583426731,0.0006991169776856597,3.5460516316523982,0.8657875457875458,0.049506466824887276,0.8476117216117217,0.881908424908425,0.7311355311355314,0.06988949554717284,0.9777777777777777,0.0831479419283098,0.9933333333333334,0.03590109871423002,1.463990085930606e-05,0.0,1000.0,9.71090367999859,0.6612042275628593,1000.0,"[0.0002787631038887276, 0.00032026774945630187, 0.0007266299742548461, 0.0004270051939285411, 0.001301874983324224, 0.0006166869637824513, 0.00047776062541266234, 0.000601064375402572, 0.0006021643428183787, 0.0004891130395100061, 0.0004294686694711035, 0.0005520104013956908, 0.000981117676547465, 0.0004172648149297369, 0.0005084240254757762, 0.0007310597596927009, 0.00038230817981227476, 0.00046041512595211515, 0.001200396826439284, 0.0005542000580619307, 0.0005426930079366772, 0.0006001858447448332, 0.0010035882743711757, 0.0005295652275491838, 0.0006420870084940873, 0.0004536955793306578, 0.00030392460897487694, 0.0009018059699823689, 0.000619951162666534, 0.00044717242193363155]","[0.9252747252747253, 0.9340659340659341, 0.7626373626373627, 0.8945054945054945, 0.9076923076923077, 0.8681318681318682, 0.7890109890109891, 0.8901098901098902, 0.9472527472527472, 0.8461538461538461, 0.9296703296703297, 0.8637362637362638, 0.8373626373626375, 0.9076923076923077, 0.8593406593406594, 0.8769230769230769, 0.8769230769230769, 0.8461538461538461, 0.8769230769230769, 0.8197802197802198, 0.8285714285714285, 0.9164835164835166, 0.8373626373626375, 0.7758241758241758, 0.9252747252747253, 0.832967032967033, 0.9296703296703297, 0.8197802197802198, 0.8549450549450549, 0.7934065934065934]","[0.8021978021978022, 0.8241758241758242, 0.6043956043956044, 0.7582417582417583, 0.8021978021978022, 0.7142857142857144, 0.6263736263736264, 0.7802197802197802, 0.8241758241758242, 0.7142857142857144, 0.8241758241758242, 0.7362637362637363, 0.6703296703296704, 0.8021978021978022, 0.7362637362637363, 0.7582417582417583, 0.7582417582417583, 0.7142857142857144, 0.7582417582417583, 0.6703296703296704, 0.6703296703296704, 0.7802197802197802, 0.6703296703296704, 0.6043956043956044, 0.8241758241758242, 0.7142857142857144, 0.8241758241758242, 0.6703296703296704, 0.6923076923076924, 0.6043956043956044]","[1.0, 1.0, 1.0, 1.0, 0.6666666666666666, 1.0, 1.0, 1.0, 1.0, 1.0, 1.0, 1.0, 0.6666666666666666, 1.0, 1.0, 1.0, 1.0, 1.0, 1.0, 1.0, 1.0, 1.0, 1.0, 1.0, 1.0, 1.0, 1.0, 1.0, 1.0, 1.0]","[1.0, 1.0, 1.0, 1.0, 1.0, 1.0, 1.0, 1.0, 1.0, 1.0, 1.0, 1.0, 1.0, 1.0, 1.0, 0.8, 1.0, 1.0, 1.0, 1.0, 1.0, 1.0, 1.0, 1.0, 1.0, 1.0, 1.0, 1.0, 1.0, 1.0]"
adult,rf,1000,1,14,b2_stratified,0.00017016733798566914,0.00010583614397688916,1.2154809856119224e-05,7.559724569777798e-06,0.00013269808280685132,0.00021175883758415873,1.0,0.9134065934065935,0.045893562246459,0.8972857142857144,0.9293809523809523,0.8109890109890112,0.07055823664664912,0.8111111111111111,0.16517854163687232,0.9866666666666667,0.04988876515698587,9.942863822440037e-06,0.0,1000.0,9.901038253322865,0.9802041607843246,1000.0,"[9.624247402408191e-05, 5.962066936507593e-05, 0.0001327964035313139, 0.00045190645841280383, 0.00011054152764410869, 0.0002327502364056953, 5.270100191154014e-05, 7.938505298572541e-05, 0.0002131121716416869, 0.00017092421595234016, 3.510768729914637e-05, 0.00015754429311739857, 0.0003228338708527343, 0.00010388774271067258, 0.0001268853184254695, 6.053501611555592e-05, 0.00011598640244849888, 0.0002783781629181903, 0.0002738978878922084, 0.00012085143873622629, 5.144937762266384e-05, 0.0001339010876863061, 0.0001150862857444752, 0.0002654186658859245, 0.00038288621992806353, 0.0001803537352522108, 0.00016505028512834726, 0.00025777964134550267, 0.0003158613383726084, 4.134547021349908e-05]","[0.8989010989010989, 0.956043956043956, 0.9516483516483516, 0.9296703296703297, 0.9780219780219781, 0.9340659340659341, 0.9648351648351648, 0.8945054945054945, 0.9824175824175824, 0.8769230769230769, 0.8989010989010989, 0.8285714285714285, 0.9780219780219781, 0.9032967032967033, 0.9120879120879121, 0.9604395604395607, 0.8725274725274725, 0.832967032967033, 0.8549450549450549, 0.9692307692307693, 0.9252747252747253, 0.9208791208791209, 0.9032967032967033, 0.9032967032967033, 0.8725274725274725, 0.8241758241758241, 0.9296703296703297, 0.8857142857142857, 0.9824175824175824, 0.8769230769230769]","[0.7582417582417583, 0.8681318681318682, 0.8461538461538461, 0.8241758241758242, 0.9120879120879122, 0.8241758241758242, 0.8681318681318682, 0.8241758241758242, 0.9340659340659341, 0.7582417582417583, 0.8021978021978022, 0.6703296703296704, 0.9120879120879122, 0.7802197802197802, 0.7802197802197802, 0.8681318681318682, 0.7362637362637363, 0.6923076923076924, 0.6923076923076924, 0.8901098901098902, 0.8461538461538461, 0.8241758241758242, 0.7802197802197802, 0.8021978021978022, 0.7582417582417583, 0.7142857142857144, 0.8681318681318682, 0.7802197802197802, 0.9340659340659341, 0.7802197802197802]","[0.6666666666666666, 0.6666666666666666, 0.6666666666666666, 1.0, 0.6666666666666666, 0.6666666666666666, 0.6666666666666666, 1.0, 1.0, 0.6666666666666666, 1.0, 0.6666666666666666, 1.0, 0.6666666666666666, 0.6666666666666666, 1.0, 0.6666666666666666, 0.6666666666666666, 0.6666666666666666, 0.6666666666666666, 1.0, 1.0, 0.6666666666666666, 0.6666666666666666, 1.0, 1.0, 1.0, 0.6666666666666666, 1.0, 1.0]","[1.0, 1.0, 1.0, 0.8, 1.0, 1.0, 1.0, 1.0, 1.0, 1.0, 1.0, 1.0, 1.0, 1.0, 1.0, 1.0, 1.0, 1.0, 1.0, 1.0, 1.0, 1.0, 1.0, 1.0, 0.8, 1.0, 1.0, 1.0, 1.0, 1.0]"
adult,rf,1000,1,14,b3_is,9.597332477436974e-05,6.703445466374065e-05,6.8552374838835525e-06,4.788175333124332e-06,7.498443600132899e-05,0.00012121086059236537,0.5639938069810568,0.918974358974359,0.04064739289196594,0.9046117216117217,0.9336263736263736,0.8168498168498171,0.05906415932819449,0.788888888888889,0.16063146994223293,1.0,0.0,5.152586270462667e-06,0.0,1000.0,10.088677813333925,0.6939188871933384,1000.0,"[0.00014296196173877427, 0.00016275909199516702, 6.0287581059949214e-05, 0.00011465613269384003, 0.00010988620380159284, 6.793368753837312e-05, 6.167665061426733e-05, 7.984904572457162e-05, 0.0001267300984553524, 4.406208364953385e-05, 6.225543115733342e-05, 6.435033955052046e-05, 0.00029048827721728785, 8.553571858963022e-05, 3.3934799909859214e-05, 5.484608110720328e-05, 5.811459516054528e-05, 0.00032784664866564064, 0.00011464173365040557, 4.348969723445643e-05, 6.740920578383277e-05, 9.619903142195935e-05, 0.00012240079906269933, 6.697366298849891e-05, 0.00011187437554813655, 0.00013403136093530793, 3.601578863713614e-05, 1.570227142139229e-05, 6.397905828843504e-05, 5.8308329629390215e-05]","[0.9692307692307693, 0.8373626373626375, 0.9692307692307693, 0.9208791208791209, 0.8373626373626375, 0.9076923076923077, 0.9296703296703297, 0.9340659340659341, 0.9340659340659341, 0.956043956043956, 0.9736263736263736, 0.9208791208791209, 0.8593406593406594, 0.8769230769230769, 0.9076923076923077, 0.9296703296703297, 0.9384615384615385, 0.9648351648351648, 0.9824175824175824, 0.9296703296703297, 0.8373626373626375, 0.9032967032967033, 0.9296703296703297, 0.9032967032967033, 0.9076923076923077, 0.8857142857142857, 0.9472527472527472, 0.9648351648351648, 0.8725274725274725, 0.9384615384615385]","[0.8901098901098902, 0.6923076923076924, 0.8901098901098902, 0.8021978021978022, 0.7142857142857144, 0.7802197802197802, 0.8241758241758242, 0.8461538461538461, 0.8461538461538461, 0.8681318681318682, 0.8901098901098902, 0.8241758241758242, 0.7362637362637363, 0.7802197802197802, 0.8021978021978022, 0.8241758241758242, 0.8461538461538461, 0.8901098901098902, 0.9340659340659341, 0.8021978021978022, 0.6923076923076924, 0.7802197802197802, 0.8241758241758242, 0.7802197802197802, 0.8021978021978022, 0.8021978021978022, 0.8681318681318682, 0.8681318681318682, 0.7582417582417583, 0.8461538461538461]","[0.6666666666666666, 0.6666666666666666, 0.6666666666666666, 0.6666666666666666, 0.6666666666666666, 0.6666666666666666, 1.0, 0.6666666666666666, 1.0, 0.6666666666666666, 1.0, 1.0, 0.6666666666666666, 1.0, 0.6666666666666666, 0.6666666666666666, 1.0, 1.0, 1.0, 0.6666666666666666, 0.6666666666666666, 0.6666666666666666, 0.6666666666666666, 0.6666666666666666, 1.0, 1.0, 1.0, 0.6666666666666666, 0.6666666666666666, 0.6666666666666666]","[1.0, 1.0, 1.0, 1.0, 1.0, 1.0, 1.0, 1.0, 1.0, 1.0, 1.0, 1.0, 1.0, 1.0, 1.0, 1.0, 1.0, 1.0, 1.0, 1.0, 1.0, 1.0, 1.0, 1.0, 1.0, 1.0, 1.0, 1.0, 1.0, 1.0]"
adult,rf,1000,1,14,b4_antithetic,0.0004559931622489572,8.634075729411696e-05,3.25709401606398e-05,6.167196949579783e-06,0.0004252732319883736,0.0004887948962592404,2.6796750048905347,0.8584615384615385,0.05171642307089457,0.8413150183150184,0.8753223443223445,0.7179487179487182,0.07378929725858173,1.0,0.0,1.0,0.0,4.284488023732844e-06,0.0,1000.0,9.824363546667154,0.8536977117579347,1000.0,"[0.00048017383059016145, 0.0005861835755127475, 0.00035314708763151077, 0.00032945754777861914, 0.0005385339679845518, 0.0005135828304068971, 0.000395601591129439, 0.0005208439034967278, 0.0003479959796061849, 0.0004106187901791702, 0.0002948729990872717, 0.00041824049697905617, 0.0003711972906222681, 0.00038642727960229634, 0.0004733763338739094, 0.0004352293989220752, 0.0005643101008412639, 0.00046773391771245124, 0.00039854227892842115, 0.0003570121124195906, 0.0004458845114296368, 0.000492794723479636, 0.000496546891255946, 0.0005331455323963403, 0.0005133506331976454, 0.00042813468111178545, 0.0006889092931228016, 0.0005107686377768762, 0.0005417329445225485, 0.00038544570587088637]","[0.956043956043956, 0.9076923076923077, 0.8461538461538461, 0.8417582417582418, 0.7934065934065934, 0.8241758241758241, 0.9076923076923077, 0.8285714285714285, 0.8505494505494505, 0.9252747252747253, 0.8593406593406594, 0.8637362637362638, 0.8593406593406594, 0.8637362637362638, 0.8021978021978022, 0.9516483516483516, 0.7934065934065934, 0.8417582417582418, 0.7538461538461538, 0.9076923076923077, 0.7802197802197802, 0.8109890109890111, 0.8241758241758241, 0.8065934065934066, 0.9252747252747253, 0.8989010989010989, 0.9208791208791209, 0.8461538461538461, 0.8549450549450549, 0.9076923076923077]","[0.8461538461538461, 0.7802197802197802, 0.6703296703296704, 0.6923076923076924, 0.6483516483516484, 0.6923076923076924, 0.7802197802197802, 0.6703296703296704, 0.7142857142857144, 0.8241758241758242, 0.7362637362637363, 0.6923076923076924, 0.7582417582417583, 0.6923076923076924, 0.6703296703296704, 0.8461538461538461, 0.6483516483516484, 0.6923076923076924, 0.5384615384615384, 0.8021978021978022, 0.6263736263736264, 0.6483516483516484, 0.6483516483516484, 0.6483516483516484, 0.8021978021978022, 0.7802197802197802, 0.8241758241758242, 0.6923076923076924, 0.6923076923076924, 0.7802197802197802]","[1.0, 1.0, 1.0, 1.0, 1.0, 1.0, 1.0, 1.0, 1.0, 1.0, 1.0, 1.0, 1.0, 1.0, 1.0, 1.0, 1.0, 1.0, 1.0, 1.0, 1.0, 1.0, 1.0, 1.0, 1.0, 1.0, 1.0, 1.0, 1.0, 1.0]","[1.0, 1.0, 1.0, 1.0, 1.0, 1.0, 1.0, 1.0, 1.0, 1.0, 1.0, 1.0, 1.0, 1.0, 1.0, 1.0, 1.0, 1.0, 1.0, 1.0, 1.0, 1.0, 1.0, 1.0, 1.0, 1.0, 1.0, 1.0, 1.0, 1.0]"
adult,rf,1000,2,14,abc_shap,0.004936560147620103,0.0027393034871545023,0.00035261143911572166,0.00019566453479675017,0.003968695173520957,0.005933955482666868,4.5503979976165265,0.8379487179487181,0.07266040284138674,0.8123040293040295,0.8643406593406594,0.6747252747252749,0.10346023996430614,0.7666666666666668,0.1753303759784389,0.7266666666666668,0.15040685563571304,0.0003355123813239682,504.0,496.0,10.174479019995003,0.7062868076204046,504.0,"[0.006626410392616105, 0.004140219337696911, 0.00682844638086117, 0.005035970797500198, 0.0032413771894964877, 0.004765397458148863, 0.001089699859593279, 0.0030268112698629683, 0.003688593398238451, 0.002686808494230103, 0.0012257194369699601, 0.006398760212795742, 0.0025731703869385798, 0.010593986112002563, 0.006235990290738398, 0.0038126157651085174, 0.0017026724840982531, 0.004751596802014431, 0.006441607970969461, 0.007708379768193831, 0.00453157330862135, 0.00624003687072682, 0.0013923424957233202, 0.006535160022768882, 0.0017569777939968766, 0.006229290780450741, 0.01110922877028687, 0.010612158252517196, 0.005827063164855902, 0.0012887391605808942]","[0.7890109890109891, 0.7538461538461538, 0.7362637362637363, 0.832967032967033, 0.7626373626373627, 0.8769230769230769, 0.8725274725274725, 0.9384615384615385, 0.8989010989010989, 0.8901098901098902, 0.8681318681318682, 0.8901098901098902, 0.9296703296703297, 0.745054945054945, 0.8857142857142857, 0.8681318681318682, 0.9472527472527472, 0.9120879120879121, 0.7890109890109891, 0.7274725274725276, 0.8593406593406594, 0.7978021978021977, 0.8593406593406594, 0.8901098901098902, 0.8637362637362638, 0.7890109890109891, 0.8593406593406594, 0.665934065934066, 0.7230769230769231, 0.9164835164835166]","[0.6043956043956044, 0.5384615384615384, 0.5164835164835165, 0.6703296703296704, 0.5604395604395604, 0.7142857142857144, 0.7362637362637363, 0.8241758241758242, 0.7582417582417583, 0.7142857142857144, 0.7362637362637363, 0.7362637362637363, 0.8241758241758242, 0.5164835164835165, 0.7582417582417583, 0.7362637362637363, 0.8241758241758242, 0.7582417582417583, 0.5824175824175825, 0.6043956043956044, 0.6923076923076924, 0.6043956043956044, 0.7142857142857144, 0.8021978021978022, 0.6703296703296704, 0.6043956043956044, 0.6923076923076924, 0.5164835164835165, 0.45054945054945056, 0.7802197802197802]","[0.6666666666666666, 0.6666666666666666, 0.6666666666666666, 1.0, 0.6666666666666666, 1.0, 1.0, 1.0, 0.6666666666666666, 0.6666666666666666, 0.6666666666666666, 0.6666666666666666, 0.6666666666666666, 0.6666666666666666, 0.6666666666666666, 1.0, 0.6666666666666666, 0.6666666666666666, 0.6666666666666666, 1.0, 1.0, 0.6666666666666666, 1.0, 1.0, 0.6666666666666666, 0.3333333333333333, 0.6666666666666666, 0.6666666666666666, 0.6666666666666666, 1.0]","[0.8, 0.6, 0.4, 0.8, 0.6, 0.6, 0.8, 1.0, 0.8, 0.8, 0.8, 0.8, 0.8, 0.6, 0.8, 0.6, 1.0, 0.8, 0.6, 0.8, 0.6, 0.6, 0.8, 0.8, 0.8, 0.6, 0.8, 0.4, 0.6, 1.0]"
adult,rf,1000,2,14,b1_uniform,0.0031990448931255937,0.0010417238064052519,0.00022850320665182813,7.440884331466084e-05,0.0028204458635481587,0.0035727627373512,2.9487997797377017,0.8249084249084251,0.05123702890222692,0.806736263736264,0.8426373626373628,0.6490842490842493,0.07790753270384858,0.6888888888888889,0.11967032904743344,0.7533333333333335,0.12310790208412928,0.00010388827369371296,0.0,1000.0,9.985230263334234,0.6916966852372505,1000.0,"[0.003904592727084648, 0.003851024404177856, 0.004725058092849041, 0.0023066527298508032, 0.003352783670764776, 0.001262838931323573, 0.004567665934942422, 0.0020994765779880067, 0.00462468999094031, 0.005329559599942435, 0.001997169583961977, 0.003365277763339008, 0.0035873260459347244, 0.0036701796540110124, 0.0029639592884263552, 0.005101672049482558, 0.0017631125829606455, 0.002035796155388114, 0.0034513140503260238, 0.0021884945823318616, 0.003962638190328976, 0.0031466793615184036, 0.0037284798656600825, 0.0028216472442197395, 0.0023062192649364655, 0.0030024495933907488, 0.003244914689009845, 0.001983512219273117, 0.0036614679455217116, 0.001964694003882566]","[0.8153846153846154, 0.8285714285714285, 0.7890109890109891, 0.8285714285714285, 0.8857142857142857, 0.8109890109890111, 0.7978021978021977, 0.8901098901098902, 0.8461538461538461, 0.8065934065934066, 0.8285714285714285, 0.8681318681318682, 0.7714285714285714, 0.8021978021978022, 0.8021978021978022, 0.7318681318681319, 0.8373626373626375, 0.9252747252747253, 0.7538461538461538, 0.7802197802197802, 0.8593406593406594, 0.767032967032967, 0.8197802197802198, 0.9076923076923077, 0.8725274725274725, 0.8769230769230769, 0.7186813186813187, 0.8109890109890111, 0.8021978021978022, 0.9120879120879121]","[0.6263736263736264, 0.6263736263736264, 0.6923076923076924, 0.6923076923076924, 0.7582417582417583, 0.6043956043956044, 0.6043956043956044, 0.7582417582417583, 0.6923076923076924, 0.6263736263736264, 0.6043956043956044, 0.6923076923076924, 0.5824175824175825, 0.6043956043956044, 0.6483516483516484, 0.5604395604395604, 0.6703296703296704, 0.8021978021978022, 0.5384615384615384, 0.5824175824175825, 0.6923076923076924, 0.5384615384615384, 0.6263736263736264, 0.7802197802197802, 0.6923076923076924, 0.7362637362637363, 0.4725274725274726, 0.6043956043956044, 0.6043956043956044, 0.7582417582417583]","[0.6666666666666666, 0.6666666666666666, 0.6666666666666666, 1.0, 0.6666666666666666, 1.0, 0.6666666666666666, 0.6666666666666666, 0.6666666666666666, 0.6666666666666666, 0.6666666666666666, 0.6666666666666666, 0.6666666666666666, 0.6666666666666666, 0.6666666666666666, 0.6666666666666666, 0.6666666666666666, 0.6666666666666666, 0.6666666666666666, 0.6666666666666666, 0.6666666666666666, 0.6666666666666666, 0.6666666666666666, 0.6666666666666666, 1.0, 0.6666666666666666, 0.3333333333333333, 0.6666666666666666, 0.6666666666666666, 0.6666666666666666]","[0.8, 0.6, 0.6, 1.0, 0.6, 0.6, 0.6, 0.8, 0.8, 0.6, 0.8, 0.6, 0.8, 0.8, 0.8, 0.8, 0.8, 1.0, 0.8, 0.8, 0.8, 0.6, 0.8, 0.8, 0.8, 0.8, 0.6, 0.8, 0.6, 1.0]"
adult,rf,1000,2,14,b2_stratified,0.0010848633790287896,0.0007228010813472721,7.749024135919926e-05,5.1628648667662296e-05,0.0008617067960946024,0.0013578233044531272,1.0,0.9245421245421246,0.03340048784254598,0.9131098901098902,0.9362673992673992,0.7978021978021981,0.056004439131476604,0.888888888888889,0.15713484026367722,0.8533333333333334,0.11469767022723501,6.864782398186627e-05,0.0,1000.0,9.92741891000575,0.5573314774862812,1000.0,"[0.0002712201116970896, 0.0008275257219425376, 0.0009029155231788835, 0.0009144822559923321, 0.0011800512702761588, 0.0005566714835699356, 0.0016628428908207823, 0.0030746005744437047, 0.0006135325471007242, 0.000677727597991896, 0.0009237827803923669, 0.0007407161110806912, 0.0005679769154987102, 0.000847661229060732, 0.001524487468806171, 0.0007981597135152027, 0.0009738545096114845, 0.0009490234672159552, 0.0003428457604168952, 0.001803123187716272, 0.00046870561281342596, 0.0012575144926722738, 0.0008461756259529051, 0.0017652590441237536, 0.0007426949847916581, 0.0008576822385623046, 0.0008688443215762094, 0.0011240367872786742, 0.003697218013645691, 0.0007645691291182712]","[0.9780219780219781, 0.8549450549450549, 0.9604395604395607, 0.9296703296703297, 0.9076923076923077, 0.956043956043956, 0.9296703296703297, 0.9472527472527472, 0.956043956043956, 0.9340659340659341, 0.9252747252747253, 0.9296703296703297, 0.9208791208791209, 0.9076923076923077, 0.8989010989010989, 0.956043956043956, 0.9428571428571428, 0.9384615384615385, 0.9472527472527472, 0.9164835164835166, 0.9340659340659341, 0.9120879120879121, 0.8241758241758241, 0.9120879120879121, 0.9736263736263736, 0.8769230769230769, 0.8813186813186813, 0.9032967032967033, 0.9252747252747253, 0.956043956043956]","[0.9120879120879122, 0.7142857142857144, 0.8461538461538461, 0.7802197802197802, 0.7802197802197802, 0.8461538461538461, 0.8021978021978022, 0.8241758241758242, 0.8461538461538461, 0.8241758241758242, 0.8241758241758242, 0.8021978021978022, 0.7582417582417583, 0.7582417582417583, 0.7582417582417583, 0.8681318681318682, 0.8241758241758242, 0.8021978021978022, 0.8241758241758242, 0.8021978021978022, 0.7802197802197802, 0.7582417582417583, 0.6263736263736264, 0.7802197802197802, 0.8901098901098902, 0.7142857142857144, 0.7362637362637363, 0.8021978021978022, 0.8021978021978022, 0.8461538461538461]","[0.6666666666666666, 1.0, 1.0, 0.6666666666666666, 0.6666666666666666, 1.0, 1.0, 0.6666666666666666, 1.0, 0.6666666666666666, 1.0, 0.6666666666666666, 1.0, 1.0, 1.0, 1.0, 1.0, 1.0, 1.0, 0.6666666666666666, 1.0, 1.0, 1.0, 1.0, 1.0, 1.0, 0.6666666666666666, 1.0, 0.6666666666666666, 0.6666666666666666]","[1.0, 0.8, 0.8, 0.8, 0.8, 1.0, 0.8, 1.0, 0.8, 0.8, 1.0, 1.0, 0.8, 0.8, 0.8, 0.8, 0.8, 0.8, 1.0, 0.8, 0.8, 0.8, 0.6, 0.6, 0.8, 1.0, 1.0, 1.0, 0.8, 1.0]"
adult,rf,1000,2,14,b3_is,0.000718083905989222,0.0005554102798205472,5.1291707570658715e-05,3.96721628443248e-05,0.0005328556684783447,0.000964586695411495,0.6619118313608093,0.9541391941391942,0.02941407907118002,0.9428534798534798,0.9641025641025642,0.8637362637362639,0.05513520211641548,0.9555555555555555,0.11331154474650634,0.8733333333333334,0.12092238098144702,4.803556053902332e-05,0.0,1000.0,10.213577663320272,0.8424897705278167,1000.0,"[0.0006082052510033158, 0.0002525068481247427, 0.0008064511264661646, 3.341015046053216e-05, 0.000355827023188703, 0.0003556198904222007, 0.000861246261967926, 0.00108498014291272, 0.0006464843048368003, 0.0009016136674803805, 0.0009623132542529456, 0.00021931956900758095, 0.0014228946621889832, 0.00029054192597452287, 0.0002427930716290264, 0.0018523140459485638, 0.0009156052658023896, 0.001118939534317209, 0.0027557949951393726, 0.0006872657941903236, 0.00021910847990923654, 0.0006226468013815537, 0.001023083460087243, 0.0006169286398050538, 0.00023605269461473544, 0.0006363671686726187, 0.0003363566119775411, 0.0009567625217299317, 0.0003539798819975632, 0.0001671041341867795]","[0.9384615384615385, 0.8857142857142857, 0.9868131868131869, 0.9736263736263736, 0.9824175824175824, 0.9868131868131869, 0.9208791208791209, 0.9736263736263736, 0.9208791208791209, 0.9692307692307693, 0.9780219780219781, 0.9824175824175824, 0.9780219780219781, 0.9428571428571428, 0.9736263736263736, 0.8945054945054945, 0.9604395604395607, 0.9208791208791209, 0.9780219780219781, 0.9692307692307693, 0.9648351648351648, 0.9032967032967033, 0.8989010989010989, 0.9648351648351648, 0.9780219780219781, 0.9516483516483516, 0.9648351648351648, 0.9692307692307693, 0.9648351648351648, 0.9472527472527472]","[0.8021978021978022, 0.7802197802197802, 0.9560439560439562, 0.8901098901098902, 0.9340659340659341, 0.9340659340659341, 0.7582417582417583, 0.8901098901098902, 0.8021978021978022, 0.8681318681318682, 0.9120879120879122, 0.9340659340659341, 0.9120879120879122, 0.8241758241758242, 0.8901098901098902, 0.7362637362637363, 0.8681318681318682, 0.7802197802197802, 0.9120879120879122, 0.8681318681318682, 0.8901098901098902, 0.8461538461538461, 0.8241758241758242, 0.8901098901098902, 0.9120879120879122, 0.8241758241758242, 0.8681318681318682, 0.8681318681318682, 0.8901098901098902, 0.8461538461538461]","[1.0, 1.0, 1.0, 1.0, 1.0, 1.0, 1.0, 1.0, 1.0, 1.0, 0.6666666666666666, 0.6666666666666666, 1.0, 1.0, 0.6666666666666666, 1.0, 1.0, 0.6666666666666666, 1.0, 1.0, 1.0, 1.0, 1.0, 1.0, 1.0, 1.0, 1.0, 1.0, 1.0, 1.0]","[0.6, 1.0, 1.0, 1.0, 0.8, 0.8, 0.6, 1.0, 0.8, 0.8, 1.0, 1.0, 1.0, 0.8, 0.8, 0.8, 1.0, 0.8, 0.8, 1.0, 0.8, 1.0, 0.8, 0.8, 1.0, 0.8, 0.8, 1.0, 1.0, 0.8]"
adult,rf,1000,2,14,b4_antithetic,0.0026021936543050477,0.0007451458956185048,0.00018587097530750341,5.3224706829893204e-05,0.0023480263296800177,0.002871802159373826,2.398637196726678,0.8567032967032968,0.03934168251273475,0.8439560439560441,0.8710659340659341,0.7018315018315021,0.0607705444905216,0.6777777777777779,0.05983516452371672,0.8066666666666669,0.06289320754704403,2.142822249376106e-05,0.0,1000.0,10.07861096333557,0.5806296945764008,1000.0,"[0.002713568942842524, 0.002920096406208191, 0.0031099730597676286, 0.0031726716793964555, 0.003466904843571471, 0.002314181964506624, 0.004003661743090587, 0.0016174791172004319, 0.0037784857086792115, 0.0012884324390522977, 0.002624355852651578, 0.0017811952118818657, 0.0023523348220341814, 0.002843586133277119, 0.0026661302370242965, 0.002821633646236409, 0.0016872029160369265, 0.003222559618310537, 0.0013905583622198965, 0.003104746411912376, 0.0020740551885882618, 0.0016447982401318212, 0.0031006063394880077, 0.0041215346338783435, 0.0027492115201402283, 0.002429527058411697, 0.0027379832375381274, 0.002318576271011651, 0.0014217576301472476, 0.0025880003939154294]","[0.8813186813186813, 0.8285714285714285, 0.7978021978021977, 0.8637362637362638, 0.8417582417582418, 0.8901098901098902, 0.8021978021978022, 0.8065934065934066, 0.8373626373626375, 0.9692307692307693, 0.832967032967033, 0.8725274725274725, 0.8505494505494505, 0.8153846153846154, 0.8373626373626375, 0.8725274725274725, 0.9032967032967033, 0.8637362637362638, 0.8769230769230769, 0.9164835164835166, 0.8857142857142857, 0.8153846153846154, 0.7934065934065934, 0.8153846153846154, 0.8901098901098902, 0.8813186813186813, 0.8285714285714285, 0.8901098901098902, 0.8725274725274725, 0.8681318681318682]","[0.7582417582417583, 0.6263736263736264, 0.6263736263736264, 0.6923076923076924, 0.6923076923076924, 0.7362637362637363, 0.6483516483516484, 0.6263736263736264, 0.6923076923076924, 0.8901098901098902, 0.6703296703296704, 0.7142857142857144, 0.6703296703296704, 0.6263736263736264, 0.6703296703296704, 0.7362637362637363, 0.7582417582417583, 0.7582417582417583, 0.6923076923076924, 0.7802197802197802, 0.7362637362637363, 0.6043956043956044, 0.6483516483516484, 0.6483516483516484, 0.7582417582417583, 0.7362637362637363, 0.6483516483516484, 0.7582417582417583, 0.7142857142857144, 0.7362637362637363]","[0.6666666666666666, 0.6666666666666666, 0.6666666666666666, 0.6666666666666666, 0.6666666666666666, 0.6666666666666666, 0.6666666666666666, 0.6666666666666666, 0.6666666666666666, 1.0, 0.6666666666666666, 0.6666666666666666, 0.6666666666666666, 0.6666666666666666, 0.6666666666666666, 0.6666666666666666, 0.6666666666666666, 0.6666666666666666, 0.6666666666666666, 0.6666666666666666, 0.6666666666666666, 0.6666666666666666, 0.6666666666666666, 0.6666666666666666, 0.6666666666666666, 0.6666666666666666, 0.6666666666666666, 0.6666666666666666, 0.6666666666666666, 0.6666666666666666]","[0.8, 0.8, 0.8, 0.8, 0.8, 0.8, 0.8, 0.8, 0.8, 1.0, 0.8, 0.8, 0.6, 0.8, 0.8, 0.8, 0.8, 0.8, 1.0, 0.8, 0.8, 0.8, 0.8, 0.8, 0.8, 0.8, 0.8, 0.8, 0.8, 0.8]"
adult,rf,1000,3,14,abc_shap,0.001072597080600822,0.0006507813859652797,7.6614077185773e-05,4.64843847118057e-05,0.0008454856768422183,0.0013252739310675946,4.896526542792502,0.8750183150183152,0.06918187315290586,0.8467399267399269,0.8977326007326007,0.7282051282051285,0.09655055091737405,0.9,0.1527525231651947,0.9600000000000001,0.07999999999999997,7.145074500063269e-05,504.0,496.0,9.142276749996624,0.4116556802672649,504.0,"[0.0019299159364684839, 0.0011259021850686891, 0.0008404610297055425, 0.0015102601298566348, 0.0005050003977987768, 0.0015660676516167406, 0.0002843038748452597, 0.001324137841649322, 0.0008890037805844148, 0.0014485205227578355, 0.00034310554646074034, 0.0004998569556686968, 0.0007222120461164385, 0.000645702473229516, 0.0017775993251510798, 0.00031470090680187383, 0.00239072458638446, 0.001859952898437126, 0.00237027893324677, 0.0013034142125603575, 0.0004272303054092821, 0.0003224767798419876, 0.00032182682259650967, 0.0010067725439726993, 0.0008568326114926679, 0.00026671479411474313, 0.0003306385238324751, 0.001431865188203261, 0.0016424157822269403, 0.0019200178319253322]","[0.7318681318681319, 0.8813186813186813, 0.956043956043956, 0.8593406593406594, 0.9076923076923077, 0.8373626373626375, 0.8857142857142857, 0.6615384615384616, 0.8857142857142857, 0.9252747252747253, 0.9340659340659341, 0.9648351648351648, 0.8637362637362638, 0.9428571428571428, 0.8989010989010989, 0.8637362637362638, 0.7406593406593407, 0.8461538461538461, 0.9648351648351648, 0.832967032967033, 0.9076923076923077, 0.8945054945054945, 0.9648351648351648, 0.8857142857142857, 0.8857142857142857, 0.8461538461538461, 0.9340659340659341, 0.8593406593406594, 0.8857142857142857, 0.8021978021978022]","[0.4945054945054945, 0.7142857142857144, 0.8461538461538461, 0.6703296703296704, 0.7802197802197802, 0.6483516483516484, 0.7362637362637363, 0.4725274725274726, 0.7142857142857144, 0.8021978021978022, 0.8021978021978022, 0.8681318681318682, 0.7362637362637363, 0.8241758241758242, 0.7362637362637363, 0.7142857142857144, 0.6043956043956044, 0.6703296703296704, 0.8461538461538461, 0.6703296703296704, 0.7802197802197802, 0.7802197802197802, 0.8901098901098902, 0.7362637362637363, 0.7362637362637363, 0.7142857142857144, 0.8241758241758242, 0.7142857142857144, 0.7142857142857144, 0.6043956043956044]","[0.6666666666666666, 1.0, 1.0, 1.0, 1.0, 1.0, 0.6666666666666666, 0.6666666666666666, 1.0, 1.0, 1.0, 1.0, 0.6666666666666666, 1.0, 1.0, 1.0, 0.6666666666666666, 1.0, 0.6666666666666666, 1.0, 1.0, 1.0, 1.0, 0.6666666666666666, 0.6666666666666666, 1.0, 1.0, 1.0, 1.0, 0.6666666666666666]","[0.8, 1.0, 0.8, 1.0, 1.0, 1.0, 1.0, 1.0, 1.0, 0.8, 1.0, 1.0, 0.8, 1.0, 1.0, 1.0, 0.8, 1.0, 1.0, 1.0, 1.0, 1.0, 1.0, 1.0, 1.0, 1.0, 1.0, 1.0, 1.0, 0.8]"
adult,rf,1000,3,14,b1_uniform,0.0007403873458657243,0.0002507650655838301,5.288481041898031e-05,1.791179039884501e-05,0.0006507423546097584,0.0008337193271174513,3.379951667357198,0.9060805860805862,0.052225543685266676,0.8855641025641027,0.9223443223443224,0.7853479853479857,0.0673076300116828,0.9444444444444444,0.12422599874998834,0.9666666666666667,0.07453559924999298,2.233735660842084e-05,0.0,1000.0,8.880197693322165,0.3809104045055529,1000.0,"[0.0008556044837882134, 0.0009009247571449417, 0.001161669376137689, 0.000807322861921643, 0.0005134246028020675, 0.0005553382344771345, 0.0007273685638085937, 0.0007945706088289727, 0.0008004497562148706, 0.0007410797511055613, 0.00024752244921376977, 0.0007689308074870394, 0.0003292640292294086, 0.0007287707253707331, 0.0006043726944276856, 0.000372322103975155, 0.0006029945565830842, 0.0004353741826227449, 0.000711143809727916, 0.0008664223158139463, 0.0008991347628415214, 0.0013296321480598054, 0.0008510612421142465, 0.0004812407852629867, 0.0009366219974848015, 0.0008564306164064998, 0.000582866713695066, 0.0005481731937998146, 0.0012623090263899916, 0.000939279219235826]","[0.9076923076923077, 0.9120879120879121, 0.8945054945054945, 0.9296703296703297, 0.9384615384615385, 0.9296703296703297, 0.9824175824175824, 0.8285714285714285, 0.9076923076923077, 0.9076923076923077, 0.956043956043956, 0.956043956043956, 0.9032967032967033, 0.9384615384615385, 0.7890109890109891, 0.9340659340659341, 0.9384615384615385, 0.9340659340659341, 0.9164835164835166, 0.9076923076923077, 0.9296703296703297, 0.8505494505494505, 0.9076923076923077, 0.9208791208791209, 0.9296703296703297, 0.9384615384615385, 0.8989010989010989, 0.8725274725274725, 0.7098901098901099, 0.9120879120879121]","[0.7802197802197802, 0.7802197802197802, 0.7582417582417583, 0.8021978021978022, 0.8021978021978022, 0.8021978021978022, 0.9120879120879122, 0.6703296703296704, 0.7582417582417583, 0.7582417582417583, 0.8461538461538461, 0.8901098901098902, 0.7802197802197802, 0.8241758241758242, 0.6703296703296704, 0.8241758241758242, 0.8461538461538461, 0.8241758241758242, 0.8021978021978022, 0.7582417582417583, 0.8021978021978022, 0.7142857142857144, 0.8241758241758242, 0.7802197802197802, 0.8461538461538461, 0.8461538461538461, 0.7582417582417583, 0.7582417582417583, 0.5604395604395604, 0.7802197802197802]","[1.0, 1.0, 1.0, 0.6666666666666666, 1.0, 0.6666666666666666, 1.0, 1.0, 1.0, 0.6666666666666666, 1.0, 1.0, 1.0, 1.0, 1.0, 1.0, 1.0, 1.0, 1.0, 1.0, 1.0, 0.6666666666666666, 1.0, 1.0, 1.0, 0.6666666666666666, 1.0, 1.0, 1.0, 1.0]","[1.0, 1.0, 0.8, 1.0, 1.0, 1.0, 1.0, 0.8, 1.0, 1.0, 1.0, 1.0, 1.0, 1.0, 1.0, 1.0, 0.8, 1.0, 1.0, 1.0, 1.0, 0.8, 1.0, 1.0, 1.0, 1.0, 1.0, 1.0, 1.0, 0.8]"
adult,rf,1000,3,14,b2_stratified,0.00021905264297599766,0.00015773990114459444,1.5646617355428404e-05,1.126713579604246e-05,0.0001693673430613611,0.000275841688068543,1.0,0.9608791208791209,0.025412271061611064,0.9520879120879121,0.9699633699633701,0.8879120879120881,0.05393951687677649,0.9555555555555556,0.11331154474650636,0.9733333333333333,0.06798692684790379,1.4327745172592251e-05,0.0,1000.0,9.2981109433497,0.500719993127372,1000.0,"[0.00027590046690104884, 0.0007132632769305767, 0.00022523286399668292, 0.0003734425551736405, 0.00019550630494732875, 0.00017778026305914618, 5.4621012367578056e-05, 0.00017621934071667002, 8.86466648218971e-05, 0.00031762150561824625, 0.00011453615258012267, 0.0004934393108471773, 0.00011560557055618253, 4.956691730149918e-05, 0.0002418737530022428, 7.133013036665806e-05, 0.00011965926434884905, 0.00012494350453777424, 0.00010443276858546875, 8.149369278261386e-05, 0.0003553419291035574, 0.00014922311088436514, 0.00017467563705962955, 0.000405131472987325, 6.575717756423495e-05, 0.00022403317567509627, 0.0005392989503816859, 0.00014361318609267782, 8.587663385744391e-05, 0.00031351269623250893]","[0.9208791208791209, 0.9296703296703297, 0.8989010989010989, 0.9076923076923077, 0.9648351648351648, 0.9824175824175824, 0.9692307692307693, 0.9868131868131869, 0.956043956043956, 0.9736263736263736, 0.9692307692307693, 0.9472527472527472, 0.9736263736263736, 0.9736263736263736, 0.9648351648351648, 0.9692307692307693, 0.9428571428571428, 0.9912087912087912, 0.9956043956043955, 0.9692307692307693, 0.9296703296703297, 0.9912087912087912, 0.9956043956043955, 0.9780219780219781, 0.9780219780219781, 0.9780219780219781, 0.9472527472527472, 0.9692307692307693, 0.9296703296703297, 0.9428571428571428]","[0.8241758241758242, 0.7802197802197802, 0.7802197802197802, 0.7802197802197802, 0.8901098901098902, 0.9340659340659341, 0.9120879120879122, 0.9340659340659341, 0.8681318681318682, 0.9340659340659341, 0.8901098901098902, 0.8461538461538461, 0.8901098901098902, 0.9120879120879122, 0.8901098901098902, 0.9120879120879122, 0.8681318681318682, 0.9560439560439562, 0.9780219780219781, 0.9120879120879122, 0.8021978021978022, 0.9560439560439562, 0.9780219780219781, 0.8901098901098902, 0.9120879120879122, 0.9120879120879122, 0.8681318681318682, 0.9120879120879122, 0.8681318681318682, 0.8461538461538461]","[1.0, 1.0, 1.0, 1.0, 1.0, 1.0, 1.0, 1.0, 1.0, 1.0, 1.0, 1.0, 1.0, 1.0, 1.0, 1.0, 1.0, 1.0, 0.6666666666666666, 1.0, 0.6666666666666666, 1.0, 1.0, 1.0, 1.0, 0.6666666666666666, 1.0, 1.0, 0.6666666666666666, 1.0]","[1.0, 0.8, 1.0, 1.0, 1.0, 1.0, 1.0, 1.0, 1.0, 1.0, 0.8, 1.0, 1.0, 1.0, 1.0, 1.0, 1.0, 1.0, 1.0, 1.0, 1.0, 1.0, 1.0, 0.8, 1.0, 1.0, 1.0, 1.0, 1.0, 0.8]"
adult,rf,1000,3,14,b3_is,0.00012476315241831645,6.224592553465984e-05,8.91165374416546e-06,4.446137538189989e-06,0.00010383645438948315,0.00014734458801377837,0.5695578502195345,0.9762637362637363,0.015461867789916992,0.9702564102564104,0.9819780219780221,0.9223443223443224,0.03485824836152476,0.9777777777777779,0.08314794192830981,1.0,0.0,7.900041227582377e-06,0.0,1000.0,9.256130343310845,0.4636852524360498,1000.0,"[0.00012061515121515166, 0.00014594114597744136, 0.00013008411928626596, 3.999286052738627e-05, 3.4380154987054555e-05, 0.00011466504013665413, 0.0001583638474836879, 0.00013364168272424364, 0.00017430701887585228, 0.0002959631372536373, 8.994651514134642e-05, 8.884526781709112e-05, 9.007840479642957e-05, 8.063056407593226e-05, 9.637326850897537e-05, 9.928712135933247e-05, 5.0261402720239533e-05, 0.0001023362540377898, 0.00014997812012216793, 0.0002758662301560274, 0.00013560196655560157, 0.0001712318348382367, 0.000195374854557433, 0.00010727873548336328, 0.00012064421293743841, 7.12792123191186e-05, 0.0002150394838133701, 0.00014586006288430057, 2.4736766625621937e-05, 8.4290135332302e-05]","[0.9868131868131869, 0.9868131868131869, 0.9868131868131869, 0.9912087912087912, 1.0, 0.9824175824175824, 0.9868131868131869, 0.9648351648351648, 0.9472527472527472, 0.9780219780219781, 0.9824175824175824, 0.9912087912087912, 0.9516483516483516, 0.9780219780219781, 0.9516483516483516, 0.9780219780219781, 0.9824175824175824, 0.9648351648351648, 0.9956043956043955, 0.9648351648351648, 0.9692307692307693, 0.9824175824175824, 0.9692307692307693, 0.9912087912087912, 0.956043956043956, 0.9516483516483516, 0.9472527472527472, 0.9912087912087912, 0.9912087912087912, 0.9868131868131869]","[0.9340659340659341, 0.9340659340659341, 0.9340659340659341, 0.9560439560439562, 1.0, 0.9340659340659341, 0.9340659340659341, 0.8901098901098902, 0.8681318681318682, 0.9120879120879122, 0.9340659340659341, 0.9560439560439562, 0.8901098901098902, 0.9120879120879122, 0.8901098901098902, 0.9340659340659341, 0.9340659340659341, 0.8901098901098902, 0.9780219780219781, 0.8901098901098902, 0.9120879120879122, 0.9340659340659341, 0.8901098901098902, 0.9560439560439562, 0.8901098901098902, 0.8461538461538461, 0.8681318681318682, 0.9560439560439562, 0.9560439560439562, 0.9560439560439562]","[1.0, 1.0, 1.0, 1.0, 1.0, 1.0, 1.0, 1.0, 1.0, 1.0, 1.0, 1.0, 1.0, 1.0, 1.0, 1.0, 1.0, 1.0, 1.0, 1.0, 1.0, 1.0, 1.0, 1.0, 1.0, 0.6666666666666666, 0.6666666666666666, 1.0, 1.0, 1.0]","[1.0, 1.0, 1.0, 1.0, 1.0, 1.0, 1.0, 1.0, 1.0, 1.0, 1.0, 1.0, 1.0, 1.0, 1.0, 1.0, 1.0, 1.0, 1.0, 1.0, 1.0, 1.0, 1.0, 1.0, 1.0, 1.0, 1.0, 1.0, 1.0, 1.0]"
adult,rf,1000,3,14,b4_antithetic,0.00046026995002861087,9.04948916032537e-05,3.287642500204363e-05,6.463920828803836e-06,0.00042822116827988623,0.0004918250539332156,2.1011841892226983,0.9434432234432234,0.022057974231863828,0.935084249084249,0.950915750915751,0.8402930402930404,0.049122504364073886,1.0,0.0,1.0,0.0,3.957903462253535e-06,0.0,1000.0,8.938548886667316,0.4246892671872054,1000.0,"[0.0005900863985663041, 0.00041988037060499133, 0.0006254285013440703, 0.00039572820127319654, 0.000484074154037897, 0.00036797299096356256, 0.0005373180956054212, 0.00044476268051080853, 0.00042503612043096864, 0.000312726368773827, 0.00032878479060363756, 0.0005493917496645999, 0.00048322550103486046, 0.000414309086036763, 0.0004092453769446129, 0.0005095807911692972, 0.0005575684021688622, 0.0002236513021471029, 0.0004584518628199901, 0.00045013029096637656, 0.0005771016209907119, 0.0005704637522976334, 0.0005512599826665817, 0.0005103300418034441, 0.0003395144666801645, 0.0003822619658770107, 0.0004899625574821965, 0.0004734573408767702, 0.0004818524652395019, 0.00044454127127716426]","[0.956043956043956, 0.9296703296703297, 0.9604395604395607, 0.9252747252747253, 0.9340659340659341, 0.9824175824175824, 0.9912087912087912, 0.9428571428571428, 0.9868131868131869, 0.9120879120879121, 0.9516483516483516, 0.9252747252747253, 0.9384615384615385, 0.9384615384615385, 0.9384615384615385, 0.9120879120879121, 0.9164835164835166, 0.9384615384615385, 0.9120879120879121, 0.9428571428571428, 0.9472527472527472, 0.9472527472527472, 0.9472527472527472, 0.9692307692307693, 0.9296703296703297, 0.9428571428571428, 0.9384615384615385, 0.9604395604395607, 0.9780219780219781, 0.9076923076923077]","[0.8681318681318682, 0.8241758241758242, 0.8681318681318682, 0.8021978021978022, 0.8241758241758242, 0.9340659340659341, 0.9560439560439562, 0.8241758241758242, 0.9340659340659341, 0.7802197802197802, 0.8461538461538461, 0.8241758241758242, 0.8021978021978022, 0.8241758241758242, 0.8021978021978022, 0.7802197802197802, 0.7802197802197802, 0.8241758241758242, 0.7802197802197802, 0.8241758241758242, 0.8241758241758242, 0.8681318681318682, 0.8461538461538461, 0.9120879120879122, 0.8241758241758242, 0.8461538461538461, 0.8461538461538461, 0.8681318681318682, 0.9120879120879122, 0.7582417582417583]","[1.0, 1.0, 1.0, 1.0, 1.0, 1.0, 1.0, 1.0, 1.0, 1.0, 1.0, 1.0, 1.0, 1.0, 1.0, 1.0, 1.0, 1.0, 1.0, 1.0, 1.0, 1.0, 1.0, 1.0, 1.0, 1.0, 1.0, 1.0, 1.0, 1.0]","[1.0, 1.0, 1.0, 1.0, 1.0, 1.0, 1.0, 1.0, 1.0, 1.0, 1.0, 1.0, 1.0, 1.0, 1.0, 1.0, 1.0, 1.0, 1.0, 1.0, 1.0, 1.0, 1.0, 1.0, 1.0, 1.0, 1.0, 1.0, 1.0, 1.0]"
adult,rf,1000,4,14,abc_shap,0.018137007157097478,0.011702013970704712,0.0012955005112212485,0.0008358581407646223,0.013809670805586493,0.02229967440014454,3.6308700324431387,0.5888644688644687,0.15954584069616704,0.5268791208791208,0.6467435897435897,0.4454212454212455,0.14419585018309516,0.6333333333333332,0.2487003253955488,0.7200000000000002,0.12220201853215575,0.001129009173723079,504.0,496.0,10.098649633326568,1.7928889268052917,504.0,"[0.005449213029925717, 0.011593137401029453, 0.047955587610510435, 0.012608962870684349, 0.021580212128995024, 0.004790837983315576, 0.01395327423826601, 0.00796919163192151, 0.03822397062958521, 0.007652102277424278, 0.04911375941697007, 0.005520603790123072, 0.018106685089246826, 0.025622796038716696, 0.004695667814772407, 0.021984867769405905, 0.011748775383003283, 0.021547552017275713, 0.016533410699421894, 0.009360254529905085, 0.02532061134140721, 0.005107782959564652, 0.010463530941700033, 0.018199963753633724, 0.02126580664905865, 0.014800094078714483, 0.009915921962501658, 0.02437511424919212, 0.029345458898729124, 0.029305067527924115]","[0.6835164835164835, 0.3054945054945055, 0.47252747252747257, 0.5604395604395604, 0.6879120879120879, 0.7054945054945055, 0.6, 0.5912087912087912, 0.4153846153846154, 0.6967032967032967, 0.6703296703296703, 0.7934065934065934, 0.5516483516483517, 0.4769230769230769, 0.9384615384615385, 0.44175824175824174, 0.178021978021978, 0.4461538461538462, 0.6703296703296703, 0.7802197802197802, 0.4681318681318682, 0.4901098901098901, 0.6043956043956044, 0.8285714285714285, 0.7318681318681319, 0.6483516483516484, 0.7054945054945055, 0.45054945054945056, 0.4593406593406593, 0.6131868131868132]","[0.45054945054945056, 0.23076923076923078, 0.3186813186813187, 0.38461538461538464, 0.5164835164835165, 0.5824175824175825, 0.4725274725274726, 0.5164835164835165, 0.2967032967032967, 0.6043956043956044, 0.5164835164835165, 0.5604395604395604, 0.3626373626373627, 0.27472527472527475, 0.8241758241758242, 0.3626373626373627, 0.14285714285714285, 0.3626373626373627, 0.45054945054945056, 0.6263736263736264, 0.3406593406593407, 0.2967032967032967, 0.45054945054945056, 0.6703296703296704, 0.5824175824175825, 0.5164835164835165, 0.5384615384615384, 0.3626373626373627, 0.2967032967032967, 0.45054945054945056]","[0.6666666666666666, 0.3333333333333333, 0.6666666666666666, 0.3333333333333333, 1.0, 0.3333333333333333, 0.6666666666666666, 0.6666666666666666, 0.6666666666666666, 0.6666666666666666, 0.6666666666666666, 0.3333333333333333, 0.3333333333333333, 0.6666666666666666, 1.0, 0.6666666666666666, 0.6666666666666666, 0.3333333333333333, 0.3333333333333333, 1.0, 0.6666666666666666, 1.0, 0.6666666666666666, 1.0, 1.0, 1.0, 0.3333333333333333, 0.3333333333333333, 0.6666666666666666, 0.3333333333333333]","[0.8, 0.6, 0.8, 0.6, 0.8, 0.8, 0.6, 0.8, 0.6, 0.6, 0.8, 1.0, 0.6, 0.8, 0.8, 0.6, 0.6, 0.6, 0.8, 0.6, 0.6, 0.6, 0.6, 1.0, 0.8, 0.6, 0.8, 0.8, 0.8, 0.8]"
adult,rf,1000,4,14,b1_uniform,0.014143074055081108,0.0039858252636070885,0.0010102195753629362,0.00028470180454336346,0.01280612718277803,0.015643813868236062,2.831319594706276,0.5113553113553114,0.1513053756332355,0.4621062271062271,0.5677728937728937,0.367032967032967,0.11453902611688249,0.43333333333333335,0.15275252316519464,0.7400000000000002,0.11718930554164633,0.00034171329730764806,0.0,1000.0,10.195362236661216,2.090699914354807,1000.0,"[0.016648744662196138, 0.0205954177236305, 0.013165518751598668, 0.019134986245810334, 0.017095941886224656, 0.019857580374690507, 0.019110077685170822, 0.0134199517885522, 0.018277139946318268, 0.009486364526909924, 0.007987538180914182, 0.016997752329974417, 0.012518875653458873, 0.009452385916834753, 0.01031010345555449, 0.016714605919010677, 0.012599897719992623, 0.00811700632588445, 0.023119953098342895, 0.010964329305256681, 0.011641254777822746, 0.011314878042169255, 0.017515103894853286, 0.015599327609142679, 0.01618957897807438, 0.010518829593849041, 0.012339667864819909, 0.01228523405738765, 0.010545811388250122, 0.010768363949738175]","[0.6835164835164835, 0.6263736263736264, 0.5868131868131868, 0.5032967032967033, 0.059340659340659345, 0.389010989010989, 0.6571428571428571, 0.5780219780219781, 0.4461538461538462, 0.5384615384615385, 0.6395604395604396, 0.4813186813186813, 0.5296703296703297, 0.4461538461538462, 0.8065934065934066, 0.4593406593406593, 0.43736263736263736, 0.6131868131868132, 0.5208791208791209, 0.4901098901098901, 0.5252747252747253, 0.6263736263736264, 0.7186813186813187, 0.2923076923076923, 0.6263736263736264, 0.3054945054945055, 0.3230769230769231, 0.45494505494505494, 0.6615384615384616, 0.3142857142857143]","[0.5164835164835165, 0.4065934065934066, 0.4065934065934066, 0.3626373626373627, 0.05494505494505495, 0.27472527472527475, 0.4725274725274726, 0.38461538461538464, 0.3186813186813187, 0.3406593406593407, 0.42857142857142855, 0.3626373626373627, 0.4065934065934066, 0.3186813186813187, 0.6263736263736264, 0.2967032967032967, 0.3626373626373627, 0.45054945054945056, 0.42857142857142855, 0.3406593406593407, 0.38461538461538464, 0.45054945054945056, 0.5164835164835165, 0.18681318681318684, 0.45054945054945056, 0.2087912087912088, 0.23076923076923078, 0.3186813186813187, 0.4945054945054945, 0.2087912087912088]","[0.6666666666666666, 0.3333333333333333, 0.3333333333333333, 0.3333333333333333, 0.3333333333333333, 0.3333333333333333, 0.3333333333333333, 0.3333333333333333, 0.3333333333333333, 0.3333333333333333, 0.6666666666666666, 0.3333333333333333, 0.3333333333333333, 0.6666666666666666, 0.3333333333333333, 0.3333333333333333, 0.3333333333333333, 0.6666666666666666, 0.6666666666666666, 0.3333333333333333, 0.6666666666666666, 0.3333333333333333, 0.3333333333333333, 0.3333333333333333, 0.6666666666666666, 0.3333333333333333, 0.3333333333333333, 0.6666666666666666, 0.3333333333333333, 0.6666666666666666]","[0.8, 0.8, 0.8, 0.8, 0.4, 0.6, 0.8, 0.6, 0.8, 0.8, 0.8, 0.6, 0.8, 0.6, 0.8, 0.6, 0.8, 0.6, 0.8, 0.8, 0.8, 0.6, 1.0, 0.8, 0.8, 0.8, 0.6, 0.8, 0.8, 0.8]"
adult,rf,1000,4,14,b2_stratified,0.0049952234574734845,0.0030962109526609075,0.0003568016755338203,0.00022115792519006482,0.003955358996725469,0.006132754304390395,1.0,0.7616117216117217,0.1764519318448165,0.6963846153846153,0.824912087912088,0.6395604395604396,0.15793621295139942,0.7666666666666668,0.1527525231651947,0.7533333333333336,0.11175369742826811,0.0003247108124033251,0.0,1000.0,10.215992253328052,2.089396248298597,1000.0,"[0.004829181222609428, 0.0067632205357977425, 0.0030335410560805628, 0.010940674014556966, 0.005234838532378186, 0.0011557928996288297, 0.00577162946203717, 0.0055803592036876475, 0.009826665129455235, 0.004022539915435399, 0.005551615201189145, 0.0019516832164741004, 0.013824091909130639, 0.005276990151475962, 0.00789984124065638, 0.002156524076653001, 0.002665971558117161, 0.0013160718364846774, 0.0015150303525625637, 0.0029843815865634843, 0.004145066754768049, 0.009253021937434927, 0.00897684764830253, 0.0028913186893518203, 0.002392987016992349, 0.0020127979340620605, 0.0022961350787500793, 0.0045885184097962635, 0.0042263440927007715, 0.00677302306107142]","[0.5780219780219781, 0.8813186813186813, 0.8109890109890111, 0.7934065934065934, 0.5560439560439561, 0.8285714285714285, 0.4593406593406593, 0.4153846153846154, 0.8065934065934066, 0.8725274725274725, 0.7098901098901099, 0.9164835164835166, 0.432967032967033, 0.9208791208791209, 0.4461538461538462, 0.9692307692307693, 0.8725274725274725, 0.9208791208791209, 0.9076923076923077, 0.7846153846153847, 0.6879120879120879, 0.4901098901098901, 0.5604395604395604, 0.8769230769230769, 0.9120879120879121, 0.9472527472527472, 0.8505494505494505, 0.8725274725274725, 0.8197802197802198, 0.9472527472527472]","[0.4945054945054945, 0.7362637362637363, 0.6483516483516484, 0.6043956043956044, 0.42857142857142855, 0.6923076923076924, 0.3626373626373627, 0.38461538461538464, 0.6703296703296704, 0.7142857142857144, 0.5824175824175825, 0.7582417582417583, 0.3406593406593407, 0.8241758241758242, 0.38461538461538464, 0.8901098901098902, 0.7142857142857144, 0.8021978021978022, 0.7802197802197802, 0.6043956043956044, 0.5384615384615384, 0.45054945054945056, 0.4945054945054945, 0.7362637362637363, 0.7802197802197802, 0.8461538461538461, 0.6923076923076924, 0.7142857142857144, 0.6483516483516484, 0.8681318681318682]","[0.6666666666666666, 0.6666666666666666, 0.6666666666666666, 0.6666666666666666, 0.6666666666666666, 0.6666666666666666, 0.6666666666666666, 0.6666666666666666, 1.0, 1.0, 1.0, 1.0, 0.6666666666666666, 0.6666666666666666, 0.6666666666666666, 1.0, 0.6666666666666666, 1.0, 1.0, 0.6666666666666666, 0.6666666666666666, 0.6666666666666666, 0.6666666666666666, 0.6666666666666666, 1.0, 1.0, 0.6666666666666666, 0.6666666666666666, 0.6666666666666666, 0.6666666666666666]","[0.8, 0.8, 0.8, 0.6, 0.8, 0.8, 0.6, 0.8, 0.8, 0.8, 0.6, 0.6, 0.6, 0.8, 0.6, 0.8, 0.8, 0.8, 1.0, 0.8, 0.8, 0.6, 0.6, 0.8, 0.8, 0.8, 1.0, 0.6, 0.8, 0.8]"
adult,rf,1000,4,14,b3_is,0.002731010512756059,0.0017547025755742442,0.00019507217948257563,0.00012533589825530317,0.002136657591745819,0.003328907455413474,0.5467243930139146,0.8775091575091577,0.07964606594439486,0.8503956043956046,0.90389010989011,0.7611721611721615,0.09938559930907909,0.8777777777777779,0.1606314699422329,0.8333333333333335,0.1164283279771532,0.00015987915802843092,0.0,1000.0,10.203685406665318,1.8350479425205406,1000.0,"[0.0015875168387171784, 0.0017243177517645325, 0.005825766335814062, 0.005750566696645421, 0.0013716164728676515, 0.0036262892658236396, 0.002685448838692479, 0.004665244609947181, 0.004367792601686089, 0.006028231781820836, 0.002373742946774418, 0.0014208199336812454, 0.001916510113725656, 0.0004440883927350033, 0.0014782127746748271, 0.0023633138269678663, 0.0022892986357571886, 0.001196085622088102, 0.0011884198056656481, 0.0020007705264616753, 0.0018398965158165487, 0.0009452123582597359, 0.0011720761790764663, 0.0014933536535706622, 0.0031607529951578855, 0.0007655751314617464, 0.0033055480207287583, 0.007402074027362564, 0.003455535201136327, 0.004086237527800371]","[0.9604395604395607, 0.8593406593406594, 0.665934065934066, 0.7362637362637363, 0.8901098901098902, 0.8857142857142857, 0.8417582417582418, 0.8109890109890111, 0.9472527472527472, 0.8417582417582418, 0.8373626373626375, 0.9736263736263736, 0.9428571428571428, 0.9824175824175824, 0.9252747252747253, 0.9208791208791209, 0.8945054945054945, 0.8725274725274725, 0.9032967032967033, 0.6835164835164835, 0.8373626373626375, 0.8901098901098902, 0.9780219780219781, 0.9340659340659341, 0.8461538461538461, 0.9384615384615385, 0.8241758241758241, 0.8989010989010989, 0.9824175824175824, 0.8197802197802198]","[0.8901098901098902, 0.7582417582417583, 0.5384615384615384, 0.6043956043956044, 0.7582417582417583, 0.7362637362637363, 0.6703296703296704, 0.6703296703296704, 0.8681318681318682, 0.6923076923076924, 0.7142857142857144, 0.8901098901098902, 0.8681318681318682, 0.9340659340659341, 0.7802197802197802, 0.8021978021978022, 0.7362637362637363, 0.7362637362637363, 0.7802197802197802, 0.5604395604395604, 0.7142857142857144, 0.7142857142857144, 0.9120879120879122, 0.8241758241758242, 0.6923076923076924, 0.8461538461538461, 0.7582417582417583, 0.7582417582417583, 0.9120879120879122, 0.7142857142857144]","[1.0, 1.0, 0.6666666666666666, 0.6666666666666666, 0.6666666666666666, 0.6666666666666666, 0.6666666666666666, 1.0, 1.0, 0.6666666666666666, 0.6666666666666666, 1.0, 1.0, 1.0, 1.0, 1.0, 1.0, 1.0, 1.0, 1.0, 1.0, 1.0, 1.0, 0.6666666666666666, 0.6666666666666666, 1.0, 0.6666666666666666, 0.6666666666666666, 1.0, 1.0]","[1.0, 0.8, 0.8, 0.8, 0.8, 0.8, 0.8, 0.6, 1.0, 0.8, 0.8, 1.0, 1.0, 0.8, 0.8, 0.8, 0.8, 1.0, 0.8, 0.6, 1.0, 0.8, 0.8, 0.8, 0.6, 1.0, 0.8, 0.8, 1.0, 0.8]"
adult,rf,1000,4,14,b4_antithetic,0.010868306498746113,0.0018557511206266414,0.0007763076070532938,0.00013255365147333152,0.01019432671636881,0.011524040072201492,2.175739802487866,0.5493040293040293,0.10140887872252945,0.5120842490842491,0.5855018315018315,0.40293040293040305,0.08437639687818851,0.4444444444444445,0.15713484026367724,0.7466666666666668,0.08844332774281069,0.00014891784677615005,0.0,1000.0,10.277406209986657,1.707355787845031,1000.0,"[0.008205225345166904, 0.009720911694317538, 0.009504706335821398, 0.01177253311658954, 0.010651519808471, 0.010550725590027005, 0.010672603386693225, 0.009106273064241856, 0.006926626332291025, 0.011182117325444628, 0.012294747912461892, 0.011982024813938005, 0.009143914482075785, 0.013271577968768197, 0.01477929532182595, 0.007231327293576851, 0.012318457779888612, 0.009315657922456201, 0.011280574720407142, 0.01185898841685322, 0.01261714833337127, 0.011050336635079205, 0.010214460676206627, 0.009710321874971312, 0.013141491209108897, 0.009314162516787251, 0.009578538299124584, 0.012980166922439175, 0.012213132325963685, 0.013459627538015361]","[0.5868131868131868, 0.5956043956043956, 0.6527472527472528, 0.6, 0.6307692307692307, 0.45054945054945056, 0.6, 0.6307692307692307, 0.6527472527472528, 0.5780219780219781, 0.5692307692307692, 0.6307692307692307, 0.665934065934066, 0.5560439560439561, 0.3494505494505495, 0.7054945054945055, 0.4461538461538462, 0.45494505494505494, 0.5868131868131868, 0.5780219780219781, 0.2527472527472528, 0.49890109890109896, 0.5648351648351648, 0.4901098901098901, 0.410989010989011, 0.6131868131868132, 0.389010989010989, 0.6087912087912088, 0.5472527472527472, 0.5824175824175825]","[0.38461538461538464, 0.4065934065934066, 0.45054945054945056, 0.5164835164835165, 0.42857142857142855, 0.3186813186813187, 0.4725274725274726, 0.45054945054945056, 0.5164835164835165, 0.45054945054945056, 0.45054945054945056, 0.38461538461538464, 0.4725274725274726, 0.45054945054945056, 0.2527472527472528, 0.5604395604395604, 0.3406593406593407, 0.38461538461538464, 0.45054945054945056, 0.4725274725274726, 0.16483516483516486, 0.3406593406593407, 0.38461538461538464, 0.38461538461538464, 0.2967032967032967, 0.4065934065934066, 0.2527472527472528, 0.45054945054945056, 0.3626373626373627, 0.42857142857142855]","[0.3333333333333333, 0.3333333333333333, 0.6666666666666666, 0.6666666666666666, 0.3333333333333333, 0.6666666666666666, 0.3333333333333333, 0.3333333333333333, 0.6666666666666666, 0.3333333333333333, 0.6666666666666666, 0.3333333333333333, 0.3333333333333333, 0.6666666666666666, 0.3333333333333333, 0.6666666666666666, 0.3333333333333333, 0.6666666666666666, 0.3333333333333333, 0.3333333333333333, 0.3333333333333333, 0.3333333333333333, 0.3333333333333333, 0.3333333333333333, 0.3333333333333333, 0.3333333333333333, 0.3333333333333333, 0.6666666666666666, 0.3333333333333333, 0.6666666666666666]","[0.8, 0.8, 0.8, 0.8, 0.8, 0.6, 0.8, 0.8, 0.8, 0.6, 0.6, 0.8, 0.8, 0.8, 0.6, 0.8, 0.8, 0.8, 0.8, 0.6, 0.6, 0.8, 0.6, 0.8, 0.8, 0.8, 0.6, 0.8, 0.8, 0.8]"
adult,rf,1000,5,14,abc_shap,0.003212957225585886,0.002170055692004675,0.00022949694468470615,0.00015500397800033392,0.0024774002406248003,0.003995001390779758,4.417948088963101,0.9271794871794872,0.03276978025611895,0.9145787545787546,0.9383150183150183,0.8021978021978025,0.06293547720121473,0.9111111111111112,0.14740554623801783,0.9000000000000001,0.11254628677422752,0.0002071037536126457,504.0,496.0,8.77529357332969,0.2427027591622319,504.0,"[0.005157179429156253, 0.0037511631519164565, 0.0008468079790625105, 0.0030175572834452973, 0.00909921938843667, 0.005655904712322829, 0.0007636602936426288, 0.003640774584182511, 0.0007706397797633832, 0.0023183728203789687, 0.002991115167839273, 0.004225065826364026, 0.003506755852045926, 0.00236315579398632, 0.0022404377334290055, 0.007476661175451397, 0.0018031089076145364, 0.003811641374920561, 0.0020795008344620847, 0.008381192408056317, 0.0008048513156436994, 0.003727520934170992, 0.004868501704640746, 0.0015692882706193, 0.00035094254886099623, 0.0031218602218916307, 0.0026502118505219887, 0.002254993684369596, 0.0011707395265678348, 0.0019698922138128424]","[0.9472527472527472, 0.9120879120879121, 0.9736263736263736, 0.8637362637362638, 0.9208791208791209, 0.9692307692307693, 0.9164835164835166, 0.9164835164835166, 0.9648351648351648, 0.8989010989010989, 0.9428571428571428, 0.8857142857142857, 0.8945054945054945, 0.9780219780219781, 0.9296703296703297, 0.9472527472527472, 0.8549450549450549, 0.9032967032967033, 0.9428571428571428, 0.9604395604395607, 0.9604395604395607, 0.9120879120879121, 0.9076923076923077, 0.9208791208791209, 0.9648351648351648, 0.9164835164835166, 0.8769230769230769, 0.9296703296703297, 0.9736263736263736, 0.9296703296703297]","[0.8241758241758242, 0.7802197802197802, 0.8901098901098902, 0.6923076923076924, 0.7802197802197802, 0.8901098901098902, 0.7802197802197802, 0.7802197802197802, 0.8901098901098902, 0.7362637362637363, 0.8241758241758242, 0.7362637362637363, 0.7362637362637363, 0.9120879120879122, 0.8241758241758242, 0.8461538461538461, 0.6923076923076924, 0.7362637362637363, 0.8241758241758242, 0.8461538461538461, 0.8681318681318682, 0.7582417582417583, 0.7582417582417583, 0.7802197802197802, 0.8901098901098902, 0.7582417582417583, 0.7142857142857144, 0.8241758241758242, 0.8901098901098902, 0.8021978021978022]","[1.0, 0.6666666666666666, 1.0, 1.0, 1.0, 1.0, 1.0, 1.0, 1.0, 1.0, 0.6666666666666666, 1.0, 0.6666666666666666, 0.6666666666666666, 1.0, 1.0, 1.0, 0.6666666666666666, 1.0, 1.0, 1.0, 1.0, 0.6666666666666666, 1.0, 1.0, 1.0, 0.6666666666666666, 0.6666666666666666, 1.0, 1.0]","[0.8, 0.8, 1.0, 1.0, 0.8, 0.8, 1.0, 1.0, 0.8, 1.0, 1.0, 0.8, 1.0, 1.0, 1.0, 0.6, 1.0, 1.0, 0.8, 0.8, 1.0, 0.8, 1.0, 0.8, 1.0, 0.8, 1.0, 0.8, 1.0, 0.8]"
adult,rf,1000,5,14,b1_uniform,0.001432253074826384,0.0004907076011202409,0.00010230379105902743,3.5050542937160066e-05,0.001268877684538454,0.0016209627475534682,1.969406777174539,0.9100366300366302,0.03606420111031859,0.8974285714285716,0.9232307692307693,0.7860805860805863,0.06110083358825798,0.9555555555555555,0.11331154474650634,0.9733333333333333,0.06798692684790376,5.089800567614629e-05,0.0,1000.0,8.750259563330717,0.2477981000321822,1000.0,"[0.0011346888936745298, 0.002318922146752328, 0.0011149483215591607, 0.0015245312068316685, 0.0018904889794358745, 0.001417131958508524, 0.000880247549690375, 0.001200649886209462, 0.0013965814617362114, 0.0017716965969992696, 0.0010668106053147704, 0.0009109923018153088, 0.0017270951546848527, 0.0017497810996360199, 0.001109230914164825, 0.0011082699197376815, 0.002212936430948523, 0.0025372371495406792, 0.0015193030082105837, 0.000935449473434151, 0.002292573945956196, 0.0008128327362835865, 0.001177331643491733, 0.0011652082987876876, 0.0012296631876995304, 0.0009588308003132535, 0.0023080695854627627, 0.0010182155811532768, 0.0009848291684332715, 0.0014930442383254258]","[0.8857142857142857, 0.9296703296703297, 0.9120879120879121, 0.9340659340659341, 0.9428571428571428, 0.9076923076923077, 0.9516483516483516, 0.8989010989010989, 0.832967032967033, 0.9164835164835166, 0.8681318681318682, 0.9076923076923077, 0.9384615384615385, 0.8769230769230769, 0.8769230769230769, 0.9604395604395607, 0.9516483516483516, 0.8901098901098902, 0.8769230769230769, 0.9472527472527472, 0.8549450549450549, 0.9296703296703297, 0.8549450549450549, 0.9648351648351648, 0.9032967032967033, 0.9384615384615385, 0.8593406593406594, 0.9384615384615385, 0.9604395604395607, 0.8901098901098902]","[0.7362637362637363, 0.8241758241758242, 0.7802197802197802, 0.8021978021978022, 0.8681318681318682, 0.8021978021978022, 0.8241758241758242, 0.7802197802197802, 0.6703296703296704, 0.7802197802197802, 0.7362637362637363, 0.7802197802197802, 0.8461538461538461, 0.7362637362637363, 0.7362637362637363, 0.8461538461538461, 0.8681318681318682, 0.7142857142857144, 0.7582417582417583, 0.8461538461538461, 0.6923076923076924, 0.8021978021978022, 0.6923076923076924, 0.8901098901098902, 0.7802197802197802, 0.8461538461538461, 0.7142857142857144, 0.8241758241758242, 0.8901098901098902, 0.7142857142857144]","[1.0, 0.6666666666666666, 1.0, 1.0, 1.0, 1.0, 1.0, 1.0, 1.0, 1.0, 1.0, 1.0, 1.0, 1.0, 1.0, 1.0, 0.6666666666666666, 0.6666666666666666, 1.0, 1.0, 0.6666666666666666, 1.0, 1.0, 1.0, 1.0, 1.0, 1.0, 1.0, 1.0, 1.0]","[1.0, 0.8, 1.0, 1.0, 1.0, 1.0, 1.0, 1.0, 1.0, 1.0, 1.0, 1.0, 1.0, 1.0, 1.0, 1.0, 1.0, 0.8, 1.0, 1.0, 0.8, 0.8, 1.0, 1.0, 1.0, 1.0, 1.0, 1.0, 1.0, 1.0]"
adult,rf,1000,5,14,b2_stratified,0.0007272510135672446,0.00046859571504419354,5.19465009690889e-05,3.347112250315668e-05,0.0005661893732021395,0.0009014582697143188,1.0,0.9560439560439562,0.023092616328024097,0.9472490842490843,0.9630769230769232,0.8652014652014653,0.04738743334445782,0.9888888888888888,0.059835164523716726,0.94,0.09165151389911678,3.7271270395900145e-05,0.0,1000.0,8.788735533338816,0.12747240580467625,1000.0,"[0.0002447869130398595, 0.0004556306887987227, 0.0002769233628440115, 0.0002202109839924337, 0.00038494410025285747, 0.0016200289958491429, 0.00033277644855233174, 0.0005652301391740894, 0.001539790822249242, 0.00035329706536912903, 0.0012310921789258256, 0.00067766466259282, 0.0006391537326936799, 0.0006498354705708767, 0.0004477870935468302, 0.0016925797413891955, 0.0001734278207616302, 0.0017967660869108021, 0.0004518151448447637, 0.000544575880886194, 0.000730317112155094, 0.00039057385960659604, 0.0006355869412987826, 0.0006447741696818949, 0.0010938648988889318, 0.00048319632475280914, 0.0012169992042109362, 0.0004678303861561763, 0.0004951879872822461, 0.001360882189739434]","[0.9780219780219781, 0.956043956043956, 0.9516483516483516, 0.956043956043956, 0.9780219780219781, 0.8769230769230769, 0.9824175824175824, 0.9164835164835166, 0.9472527472527472, 0.9516483516483516, 0.9692307692307693, 0.9692307692307693, 0.9648351648351648, 0.9692307692307693, 0.9692307692307693, 0.9604395604395607, 0.9648351648351648, 0.956043956043956, 0.9208791208791209, 0.9912087912087912, 0.9780219780219781, 0.9736263736263736, 0.956043956043956, 0.9516483516483516, 0.9252747252747253, 0.9516483516483516, 0.9780219780219781, 0.9604395604395607, 0.9472527472527472, 0.9296703296703297]","[0.9120879120879122, 0.8681318681318682, 0.8461538461538461, 0.8681318681318682, 0.9120879120879122, 0.7142857142857144, 0.9340659340659341, 0.8021978021978022, 0.8461538461538461, 0.8461538461538461, 0.8681318681318682, 0.8901098901098902, 0.8681318681318682, 0.8901098901098902, 0.8901098901098902, 0.8681318681318682, 0.8901098901098902, 0.8461538461538461, 0.8021978021978022, 0.9560439560439562, 0.9120879120879122, 0.9120879120879122, 0.8681318681318682, 0.8461538461538461, 0.8021978021978022, 0.8461538461538461, 0.9120879120879122, 0.8681318681318682, 0.8681318681318682, 0.8021978021978022]","[1.0, 0.6666666666666666, 1.0, 1.0, 1.0, 1.0, 1.0, 1.0, 1.0, 1.0, 1.0, 1.0, 1.0, 1.0, 1.0, 1.0, 1.0, 1.0, 1.0, 1.0, 1.0, 1.0, 1.0, 1.0, 1.0, 1.0, 1.0, 1.0, 1.0, 1.0]","[1.0, 1.0, 1.0, 0.8, 1.0, 0.8, 1.0, 0.8, 0.8, 1.0, 0.8, 1.0, 1.0, 0.8, 1.0, 1.0, 1.0, 1.0, 1.0, 1.0, 1.0, 0.8, 0.8, 1.0, 1.0, 1.0, 1.0, 1.0, 1.0, 0.8]"
adult,rf,1000,5,14,b3_is,0.000583880754971249,0.00032897239042596166,4.170576821223207e-05,2.349802788756869e-05,0.00046458295772002737,0.0006961775375135772,0.8028600085509005,0.9698168498168499,0.017718642001853177,0.9632234432234433,0.9755347985347985,0.8952380952380954,0.03959434173442247,1.0,0.0,0.9466666666666667,0.08844332774281065,2.6519324085728192e-05,0.0,1000.0,8.949003689992242,0.3141977929808004,1000.0,"[0.0009600379803837425, 0.0008186980858287464, 0.000449295820304273, 0.0008088201961997056, 0.0006757925114537453, 0.00021607038423867688, 0.0014656768662041648, 0.00035957292619865234, 0.00035664129726328044, 0.0005946691534617255, 0.0010270368700614574, 0.0004387857662318743, 0.0002988332599246402, 0.00019884370667839373, 0.0009337679655729129, 0.00045931789684072716, 0.00013626239100639206, 0.0002483172850706958, 0.0007270564643741925, 0.0001564148803262621, 0.0005362140130689187, 0.0004371372396283226, 0.00013397064396034674, 0.00047761174151706934, 0.001271175438093654, 0.000864027369347519, 0.0007212924423052857, 0.00041622035532105624, 0.0007298500831390364, 0.0005990116151319964]","[0.9780219780219781, 0.9692307692307693, 0.9912087912087912, 0.9648351648351648, 0.9780219780219781, 0.9208791208791209, 0.9516483516483516, 0.9868131868131869, 0.9824175824175824, 0.9516483516483516, 0.9736263736263736, 0.9868131868131869, 0.9340659340659341, 0.9912087912087912, 0.9692307692307693, 0.9780219780219781, 0.9516483516483516, 0.9692307692307693, 0.9736263736263736, 0.9780219780219781, 0.9780219780219781, 0.9780219780219781, 0.9780219780219781, 0.9736263736263736, 0.9472527472527472, 0.9472527472527472, 0.9868131868131869, 0.9868131868131869, 0.9472527472527472, 0.9912087912087912]","[0.9120879120879122, 0.8901098901098902, 0.9560439560439562, 0.8681318681318682, 0.9120879120879122, 0.8241758241758242, 0.8461538461538461, 0.9340659340659341, 0.9340659340659341, 0.8461538461538461, 0.8901098901098902, 0.9340659340659341, 0.8241758241758242, 0.9560439560439562, 0.8901098901098902, 0.9120879120879122, 0.8461538461538461, 0.8901098901098902, 0.8901098901098902, 0.9120879120879122, 0.9120879120879122, 0.9120879120879122, 0.9120879120879122, 0.8901098901098902, 0.8241758241758242, 0.8461538461538461, 0.9340659340659341, 0.9340659340659341, 0.8681318681318682, 0.9560439560439562]","[1.0, 1.0, 1.0, 1.0, 1.0, 1.0, 1.0, 1.0, 1.0, 1.0, 1.0, 1.0, 1.0, 1.0, 1.0, 1.0, 1.0, 1.0, 1.0, 1.0, 1.0, 1.0, 1.0, 1.0, 1.0, 1.0, 1.0, 1.0, 1.0, 1.0]","[0.8, 0.8, 1.0, 0.8, 1.0, 1.0, 1.0, 1.0, 1.0, 1.0, 0.8, 1.0, 0.8, 1.0, 0.8, 0.8, 1.0, 1.0, 1.0, 1.0, 1.0, 1.0, 1.0, 1.0, 1.0, 0.8, 1.0, 1.0, 1.0, 1.0]"
adult,rf,1000,5,14,b4_antithetic,0.0008671297498985393,0.00018858401469452264,6.193783927846709e-05,1.3470286763894474e-05,0.0008050283251477421,0.0009303471214051026,1.1923390049952278,0.9170695970695971,0.02085738859988189,0.9093003663003664,0.9241025641025641,0.7912087912087915,0.0366666483699405,1.0,0.0,0.9933333333333334,0.03590109871423002,1.1755084560274056e-05,0.0,1000.0,8.720502353335421,0.13827678361727672,1000.0,"[0.0012412936795417567, 0.0010413331814687313, 0.0008516161973571779, 0.0009603508116662418, 0.000751815879001357, 0.0009219339828067498, 0.0011207802385903368, 0.000990229539958879, 0.00038656878044343736, 0.0008102722603855114, 0.0007723810068862911, 0.0007862085967646317, 0.0008345693316888736, 0.0008781947002591549, 0.0006382738476461431, 0.0009526380860456928, 0.0007214993218988196, 0.0009246907468916909, 0.0009053972547181304, 0.0010844968139991438, 0.0008400660869234221, 0.0010083523456153245, 0.0009795884007552129, 0.0008277371914159802, 0.0008292875889710053, 0.0010398062952805419, 0.0007860205110919255, 0.0011215356350280361, 0.0004480872135295989, 0.0005588669703263869]","[0.8549450549450549, 0.9384615384615385, 0.9076923076923077, 0.9296703296703297, 0.9472527472527472, 0.8989010989010989, 0.8901098901098902, 0.9164835164835166, 0.9296703296703297, 0.9120879120879121, 0.9164835164835166, 0.9340659340659341, 0.9472527472527472, 0.9120879120879121, 0.9296703296703297, 0.8945054945054945, 0.9252747252747253, 0.9120879120879121, 0.9252747252747253, 0.9120879120879121, 0.9296703296703297, 0.9076923076923077, 0.8813186813186813, 0.9120879120879121, 0.9516483516483516, 0.9032967032967033, 0.9208791208791209, 0.9120879120879121, 0.9076923076923077, 0.9516483516483516]","[0.6923076923076924, 0.8241758241758242, 0.7582417582417583, 0.8241758241758242, 0.8461538461538461, 0.7802197802197802, 0.7582417582417583, 0.7802197802197802, 0.8241758241758242, 0.8021978021978022, 0.8021978021978022, 0.8241758241758242, 0.8461538461538461, 0.7582417582417583, 0.8021978021978022, 0.7582417582417583, 0.8021978021978022, 0.7802197802197802, 0.8021978021978022, 0.7802197802197802, 0.8021978021978022, 0.7582417582417583, 0.7362637362637363, 0.7802197802197802, 0.8681318681318682, 0.7582417582417583, 0.7802197802197802, 0.7802197802197802, 0.7802197802197802, 0.8461538461538461]","[1.0, 1.0, 1.0, 1.0, 1.0, 1.0, 1.0, 1.0, 1.0, 1.0, 1.0, 1.0, 1.0, 1.0, 1.0, 1.0, 1.0, 1.0, 1.0, 1.0, 1.0, 1.0, 1.0, 1.0, 1.0, 1.0, 1.0, 1.0, 1.0, 1.0]","[0.8, 1.0, 1.0, 1.0, 1.0, 1.0, 1.0, 1.0, 1.0, 1.0, 1.0, 1.0, 1.0, 1.0, 1.0, 1.0, 1.0, 1.0, 1.0, 1.0, 1.0, 1.0, 1.0, 1.0, 1.0, 1.0, 1.0, 1.0, 1.0, 1.0]"
adult,rf,1000,6,14,abc_shap,0.0009524926560293702,0.0005637726731644709,6.803518971638359e-05,4.0269476654605065e-05,0.0007511501982157414,0.0011640219091882825,4.124581284119222,0.8939194139194141,0.04808093825898717,0.877802197802198,0.9116520146520146,0.7663003663003665,0.07913783565417873,0.8666666666666668,0.16329931618554522,0.9066666666666667,0.09977753031397174,6.523022004462962e-05,504.0,496.0,8.331066096671082,0.44107519802337447,504.0,"[0.001225260155236594, 0.0008348051403899196, 0.0005239368136255304, 0.0003521089271780972, 0.000978448814602097, 0.0015504111206217706, 0.0006589368896502513, 0.00261603057496502, 0.0014631371256158068, 0.0010595724553425574, 0.0017175648001808244, 0.0018566246497857633, 0.0004874935921175788, 0.0009597990451571268, 0.00038265170130798593, 0.0015162703265314595, 0.001038494496912501, 0.0009016744795418856, 0.00030977209032241414, 0.0007452620634414016, 0.00020933923682524215, 0.0008092514885058124, 0.0005219480663921393, 0.0004962614683922945, 0.00033774762276712525, 0.0006213078960190416, 0.0007473983718782498, 0.0018342633311857351, 0.0013645028424043226, 0.0004545040939845579]","[0.9076923076923077, 0.8725274725274725, 0.9296703296703297, 0.9120879120879121, 0.832967032967033, 0.8021978021978022, 0.9648351648351648, 0.7934065934065934, 0.9164835164835166, 0.8461538461538461, 0.8813186813186813, 0.9472527472527472, 0.9164835164835166, 0.9736263736263736, 0.9384615384615385, 0.8681318681318682, 0.8373626373626375, 0.9120879120879121, 0.9252747252747253, 0.8857142857142857, 0.8549450549450549, 0.8857142857142857, 0.9912087912087912, 0.8989010989010989, 0.8637362637362638, 0.8505494505494505, 0.9120879120879121, 0.8505494505494505, 0.8901098901098902, 0.956043956043956]","[0.7802197802197802, 0.7142857142857144, 0.7802197802197802, 0.8021978021978022, 0.6703296703296704, 0.6263736263736264, 0.8681318681318682, 0.6043956043956044, 0.7802197802197802, 0.7142857142857144, 0.7362637362637363, 0.8681318681318682, 0.8241758241758242, 0.8901098901098902, 0.8461538461538461, 0.7362637362637363, 0.6703296703296704, 0.8241758241758242, 0.8021978021978022, 0.7362637362637363, 0.7362637362637363, 0.7802197802197802, 0.9560439560439562, 0.8021978021978022, 0.7362637362637363, 0.6923076923076924, 0.7802197802197802, 0.6703296703296704, 0.7142857142857144, 0.8461538461538461]","[0.6666666666666666, 1.0, 0.6666666666666666, 1.0, 0.6666666666666666, 0.6666666666666666, 1.0, 1.0, 1.0, 1.0, 0.6666666666666666, 0.6666666666666666, 1.0, 1.0, 0.6666666666666666, 1.0, 0.6666666666666666, 1.0, 1.0, 0.6666666666666666, 1.0, 1.0, 1.0, 1.0, 0.6666666666666666, 1.0, 1.0, 0.6666666666666666, 1.0, 0.6666666666666666]","[1.0, 1.0, 0.8, 1.0, 0.8, 0.8, 0.8, 1.0, 0.8, 1.0, 0.8, 1.0, 0.8, 1.0, 1.0, 1.0, 1.0, 1.0, 0.8, 0.8, 0.8, 1.0, 1.0, 1.0, 0.8, 1.0, 0.8, 0.8, 0.8, 1.0]"
adult,rf,1000,6,14,b1_uniform,0.0008991000804318343,0.00028872400267198456,6.422143431655958e-05,2.0623143047998897e-05,0.0008069709840332032,0.001006057673950959,3.893375283079224,0.8671062271062273,0.051719951410016535,0.8477582417582419,0.8839633699633701,0.7252747252747256,0.07194795669935158,0.9111111111111111,0.1474055462380178,0.9333333333333333,0.0942809041582063,2.574593207646173e-05,0.0,1000.0,7.989613203335709,0.13851969444480886,1000.0,"[0.0005494420817443672, 0.0014429881492040331, 0.0007727858084864449, 0.0009870587672597838, 0.00045246825462518317, 0.0008292954992113407, 0.0005594238782965323, 0.0009418271162160816, 0.0006791834728021266, 0.001005836705210176, 0.0005320622160763947, 0.0011091638117018297, 0.0013571296626039332, 0.0010479604032823417, 0.0010291639252243846, 0.0008360154123838708, 0.0008131383860157785, 0.0006324219293925368, 0.0010047488483887672, 0.0006726464359010793, 0.0016359156959381317, 0.0007808138257914143, 0.0012426887873280173, 0.0008154776141324296, 0.0008952808907578329, 0.0011196223728017652, 0.0009609088490674045, 0.0005676670969814793, 0.0004921323129503916, 0.0012077342031791768]","[0.9076923076923077, 0.8681318681318682, 0.8989010989010989, 0.8549450549450549, 0.8637362637362638, 0.8461538461538461, 0.8373626373626375, 0.956043956043956, 0.9120879120879121, 0.8769230769230769, 0.9648351648351648, 0.7714285714285714, 0.9164835164835166, 0.8593406593406594, 0.7802197802197802, 0.8109890109890111, 0.9428571428571428, 0.8637362637362638, 0.7846153846153847, 0.8857142857142857, 0.7758241758241758, 0.9208791208791209, 0.8637362637362638, 0.9120879120879121, 0.7978021978021977, 0.8373626373626375, 0.8593406593406594, 0.8857142857142857, 0.8505494505494505, 0.9076923076923077]","[0.7362637362637363, 0.7582417582417583, 0.7362637362637363, 0.7142857142857144, 0.7142857142857144, 0.7362637362637363, 0.6923076923076924, 0.8681318681318682, 0.7802197802197802, 0.7142857142857144, 0.8681318681318682, 0.5824175824175825, 0.7802197802197802, 0.7142857142857144, 0.6043956043956044, 0.6923076923076924, 0.8241758241758242, 0.7362637362637363, 0.6483516483516484, 0.7582417582417583, 0.5604395604395604, 0.8021978021978022, 0.6703296703296704, 0.7802197802197802, 0.6263736263736264, 0.7142857142857144, 0.7142857142857144, 0.7802197802197802, 0.7142857142857144, 0.7362637362637363]","[1.0, 0.6666666666666666, 1.0, 0.6666666666666666, 1.0, 1.0, 1.0, 1.0, 1.0, 1.0, 1.0, 0.6666666666666666, 0.6666666666666666, 1.0, 0.6666666666666666, 1.0, 1.0, 1.0, 1.0, 1.0, 0.6666666666666666, 1.0, 0.6666666666666666, 1.0, 0.6666666666666666, 1.0, 1.0, 1.0, 1.0, 1.0]","[1.0, 1.0, 0.8, 0.8, 0.8, 0.8, 1.0, 0.8, 1.0, 0.8, 1.0, 1.0, 0.8, 1.0, 0.8, 1.0, 1.0, 1.0, 1.0, 0.8, 1.0, 1.0, 0.8, 1.0, 1.0, 1.0, 1.0, 1.0, 1.0, 1.0]"
adult,rf,1000,6,14,b2_stratified,0.0002309307516127104,0.0001711016358720909,1.6495053686622172e-05,1.2221545419435065e-05,0.0001729499153972747,0.00029478308610264337,1.0,0.9490109890109891,0.03315890440396341,0.9369926739926739,0.9600000000000002,0.8652014652014653,0.05835108498678352,0.9444444444444444,0.12422599874998834,0.9933333333333334,0.03590109871423002,1.5609133335736074e-05,0.0,1000.0,8.269461773324291,0.23897686926683565,1000.0,"[0.00021348519668730958, 0.00012378128721900945, 0.0002598447160320675, 3.0752869873521596e-05, 0.00035835761529724887, 0.00021346605896015001, 0.00035198603658047936, 0.0005482035598376428, 5.2197642845784066e-05, 0.00021102549141146433, 0.0002111524749834862, 0.00012974999257577937, 9.368373519154354e-05, 0.00038134650643704293, 0.00022003004787970605, 0.00011877082917422261, 0.00019841317758058737, 5.217858401867629e-05, 0.00033946390211633034, 0.0008778479963143524, 0.00016789869983544384, 0.00037855905633163905, 3.001313662792861e-05, 0.00019694056613177123, 0.00016954690383889893, 0.0003299630003407129, 0.00010236279223859244, 7.028173094894761e-05, 0.00031720072307908983, 0.0001794182179918837]","[0.9912087912087912, 0.9472527472527472, 0.9120879120879121, 0.9780219780219781, 0.9428571428571428, 0.9340659340659341, 0.9252747252747253, 0.9692307692307693, 0.9604395604395607, 0.9648351648351648, 0.8725274725274725, 0.9780219780219781, 0.9780219780219781, 0.9692307692307693, 0.9428571428571428, 0.9692307692307693, 0.9868131868131869, 0.9692307692307693, 0.9340659340659341, 0.8637362637362638, 0.9472527472527472, 0.956043956043956, 0.9472527472527472, 0.9164835164835166, 0.9736263736263736, 0.9604395604395607, 0.9472527472527472, 0.9780219780219781, 0.8725274725274725, 0.9824175824175824]","[0.9560439560439562, 0.8681318681318682, 0.8021978021978022, 0.9120879120879122, 0.8461538461538461, 0.8241758241758242, 0.8241758241758242, 0.8681318681318682, 0.8901098901098902, 0.8901098901098902, 0.7142857142857144, 0.9120879120879122, 0.9120879120879122, 0.8681318681318682, 0.8681318681318682, 0.9120879120879122, 0.9340659340659341, 0.9120879120879122, 0.8241758241758242, 0.7362637362637363, 0.8681318681318682, 0.8681318681318682, 0.8681318681318682, 0.8241758241758242, 0.9120879120879122, 0.8901098901098902, 0.8681318681318682, 0.9120879120879122, 0.7362637362637363, 0.9340659340659341]","[1.0, 1.0, 1.0, 1.0, 1.0, 0.6666666666666666, 0.6666666666666666, 1.0, 1.0, 1.0, 0.6666666666666666, 1.0, 1.0, 1.0, 1.0, 1.0, 1.0, 1.0, 0.6666666666666666, 1.0, 1.0, 1.0, 1.0, 1.0, 1.0, 0.6666666666666666, 1.0, 1.0, 1.0, 1.0]","[0.8, 1.0, 1.0, 1.0, 1.0, 1.0, 1.0, 1.0, 1.0, 1.0, 1.0, 1.0, 1.0, 1.0, 1.0, 1.0, 1.0, 1.0, 1.0, 1.0, 1.0, 1.0, 1.0, 1.0, 1.0, 1.0, 1.0, 1.0, 1.0, 1.0]"
adult,rf,1000,6,14,b3_is,0.00016620352894879632,0.00012899318570755195,1.1871680639199738e-05,9.213798979110853e-06,0.00012375183362518758,0.0002113218171658459,0.7197115489734911,0.9601465201465202,0.03368561581361829,0.9478388278388278,0.9709926739926741,0.890842490842491,0.05800514056210279,0.9666666666666667,0.1,0.9933333333333334,0.035901098714230015,1.136288946573305e-05,0.0,1000.0,8.394742730007662,0.25494271064964763,1000.0,"[0.0002759917594842182, 0.00011898274027622309, 6.0383069569115864e-05, 0.0004874289695078338, 0.00015851833054036316, 8.222026337585472e-05, 0.0002696327833981346, 0.0005398743624733351, 2.931610900842926e-05, 0.00011439304364636311, 0.00015654795744326545, 6.726618775415415e-05, 8.153538109275367e-05, 4.7033411294217504e-05, 0.0001854432518552756, 4.361066064509891e-05, 7.444390631729653e-05, 3.2707880556077006e-05, 0.0001988519154806662, 0.0002812947941664177, 7.610956723133818e-05, 0.00024442696491869736, 0.00015432250130506463, 2.8574489430311767e-05, 0.00015795837356769057, 6.472886647866476e-05, 0.00029220295432742094, 0.00036668294472737235, 0.00010300208858897576, 0.00019262034000325885]","[0.956043956043956, 0.9824175824175824, 0.9868131868131869, 0.9736263736263736, 0.9692307692307693, 0.9824175824175824, 0.9736263736263736, 0.8857142857142857, 0.9956043956043955, 0.9736263736263736, 0.9912087912087912, 0.9736263736263736, 0.9912087912087912, 0.9692307692307693, 0.9692307692307693, 1.0, 0.9780219780219781, 0.9780219780219781, 0.9120879120879121, 0.9516483516483516, 0.956043956043956, 0.8857142857142857, 0.9824175824175824, 0.9604395604395607, 0.9692307692307693, 0.9912087912087912, 0.8901098901098902, 0.9032967032967033, 0.9076923076923077, 0.9648351648351648]","[0.8681318681318682, 0.9120879120879122, 0.9340659340659341, 0.8901098901098902, 0.9120879120879122, 0.9340659340659341, 0.8901098901098902, 0.7802197802197802, 0.9780219780219781, 0.9120879120879122, 0.9560439560439562, 0.8901098901098902, 0.9560439560439562, 0.9120879120879122, 0.8901098901098902, 1.0, 0.9120879120879122, 0.9120879120879122, 0.7802197802197802, 0.8461538461538461, 0.8681318681318682, 0.7802197802197802, 0.9340659340659341, 0.8901098901098902, 0.9120879120879122, 0.9560439560439562, 0.8021978021978022, 0.8241758241758242, 0.8021978021978022, 0.8901098901098902]","[1.0, 1.0, 1.0, 0.6666666666666666, 1.0, 1.0, 0.6666666666666666, 1.0, 1.0, 1.0, 1.0, 1.0, 1.0, 1.0, 1.0, 1.0, 1.0, 1.0, 0.6666666666666666, 1.0, 1.0, 1.0, 1.0, 1.0, 1.0, 1.0, 1.0, 1.0, 1.0, 1.0]","[1.0, 1.0, 1.0, 1.0, 1.0, 1.0, 1.0, 1.0, 1.0, 1.0, 1.0, 1.0, 1.0, 1.0, 1.0, 1.0, 1.0, 1.0, 1.0, 1.0, 1.0, 1.0, 1.0, 1.0, 1.0, 1.0, 1.0, 1.0, 0.8, 1.0]"
adult,rf,1000,6,14,b4_antithetic,0.0005826180390550528,0.00010853527951229381,4.161557421821806e-05,7.752519965163843e-06,0.0005445195702922519,0.0006242523328999376,2.5229123232238493,0.9198534798534799,0.03801089564434557,0.9054908424908426,0.9328974358974358,0.8014652014652017,0.05307691043715737,1.0,0.0,1.0,0.0,4.409186848737876e-06,0.0,1000.0,8.020039739979742,0.25017627753115146,1000.0,"[0.0005193611058056749, 0.0007357984151076392, 0.0005829282011335704, 0.0005123311290871093, 0.00042475553306945253, 0.000655140643489597, 0.0006577320216563663, 0.0005773145769316964, 0.0006933452520989717, 0.0006480476584920092, 0.0006667266451935432, 0.0005795988498232132, 0.0005977567075116022, 0.0008499345363234534, 0.0005811429407249027, 0.0006543785485937769, 0.0006141083826314928, 0.0005573818803714818, 0.0007440144042415582, 0.0004820318032969476, 0.0006243587227388337, 0.0005421248833310402, 0.00037396131559494446, 0.00039985937660061795, 0.0005296429120231301, 0.0006338506767570824, 0.00035322419488964735, 0.0005511658277228336, 0.0005086484139628458, 0.0006278756124465499]","[0.9516483516483516, 0.9076923076923077, 0.9120879120879121, 0.9340659340659341, 0.9076923076923077, 0.9648351648351648, 0.9164835164835166, 0.956043956043956, 0.9428571428571428, 0.8945054945054945, 0.9032967032967033, 0.8725274725274725, 0.8681318681318682, 0.9208791208791209, 0.9692307692307693, 0.9208791208791209, 0.9736263736263736, 0.9516483516483516, 0.956043956043956, 0.9076923076923077, 0.956043956043956, 0.9472527472527472, 0.9340659340659341, 0.8945054945054945, 0.8461538461538461, 0.832967032967033, 0.9384615384615385, 0.9736263736263736, 0.8593406593406594, 0.8813186813186813]","[0.8461538461538461, 0.7802197802197802, 0.8021978021978022, 0.8241758241758242, 0.7802197802197802, 0.8681318681318682, 0.7802197802197802, 0.8241758241758242, 0.8241758241758242, 0.7582417582417583, 0.7582417582417583, 0.7362637362637363, 0.7362637362637363, 0.7802197802197802, 0.8901098901098902, 0.8241758241758242, 0.8901098901098902, 0.8461538461538461, 0.8461538461538461, 0.7582417582417583, 0.8681318681318682, 0.8241758241758242, 0.8241758241758242, 0.7142857142857144, 0.7142857142857144, 0.7142857142857144, 0.8241758241758242, 0.8901098901098902, 0.7582417582417583, 0.7582417582417583]","[1.0, 1.0, 1.0, 1.0, 1.0, 1.0, 1.0, 1.0, 1.0, 1.0, 1.0, 1.0, 1.0, 1.0, 1.0, 1.0, 1.0, 1.0, 1.0, 1.0, 1.0, 1.0, 1.0, 1.0, 1.0, 1.0, 1.0, 1.0, 1.0, 1.0]","[1.0, 1.0, 1.0, 1.0, 1.0, 1.0, 1.0, 1.0, 1.0, 1.0, 1.0, 1.0, 1.0, 1.0, 1.0, 1.0, 1.0, 1.0, 1.0, 1.0, 1.0, 1.0, 1.0, 1.0, 1.0, 1.0, 1.0, 1.0, 1.0, 1.0]"
adult,rf,1000,7,14,abc_shap,0.0011382188548039655,0.0006879455999493977,8.130134677171182e-05,4.913897142495698e-05,0.0009104841458400494,0.0013967250814472692,4.72383392879668,0.8896703296703298,0.07544877074414613,0.8625604395604396,0.9164835164835166,0.778754578754579,0.10054528037683669,0.9,0.1527525231651947,0.92,0.09797958971132711,7.925738797499271e-05,504.0,496.0,8.430067616677842,0.24787227511532128,504.0,"[0.0011925767746563695, 0.00173254534203392, 0.0003612968146174932, 0.0019349136876313905, 0.0011240727070525424, 0.00028936382220345745, 0.0007267999924202069, 0.0009821508827687535, 0.00043793763671277306, 0.0003354040532821402, 0.0014853030831507405, 0.002604846391897518, 0.0006934819949678105, 0.0009996191965182663, 0.0015706007610042812, 0.0021001225227147372, 0.001289300998683594, 0.0011393758069254659, 0.00010527889005967615, 0.0008622541760225418, 0.001395042253677848, 0.0009997538699512314, 0.0006861774122983314, 0.001983038596479921, 0.0025561512093157965, 0.001285948802933804, 6.174106416143111e-05, 0.0012913713737132623, 0.001827906394200819, 9.218913206284022e-05]","[0.9516483516483516, 0.7362637362637363, 0.8637362637362638, 0.7582417582417583, 0.7978021978021977, 0.9208791208791209, 0.9692307692307693, 0.9604395604395607, 0.8857142857142857, 0.9824175824175824, 0.9076923076923077, 0.9340659340659341, 0.9604395604395607, 0.9120879120879121, 0.8637362637362638, 0.9120879120879121, 0.9428571428571428, 0.8989010989010989, 0.9164835164835166, 0.8989010989010989, 0.9076923076923077, 0.9296703296703297, 0.8593406593406594, 0.7318681318681319, 0.8065934065934066, 0.9164835164835166, 0.9868131868131869, 0.8857142857142857, 0.7142857142857143, 0.9780219780219781]","[0.8461538461538461, 0.4725274725274726, 0.7582417582417583, 0.6483516483516484, 0.6483516483516484, 0.8461538461538461, 0.8901098901098902, 0.8681318681318682, 0.7362637362637363, 0.9340659340659341, 0.8021978021978022, 0.8021978021978022, 0.8901098901098902, 0.8021978021978022, 0.7362637362637363, 0.7802197802197802, 0.8021978021978022, 0.7582417582417583, 0.8021978021978022, 0.7802197802197802, 0.8021978021978022, 0.8021978021978022, 0.7582417582417583, 0.6483516483516484, 0.7142857142857144, 0.7802197802197802, 0.9560439560439562, 0.7802197802197802, 0.6043956043956044, 0.9120879120879122]","[1.0, 0.6666666666666666, 1.0, 1.0, 0.6666666666666666, 1.0, 1.0, 1.0, 1.0, 1.0, 0.6666666666666666, 0.6666666666666666, 1.0, 1.0, 1.0, 0.6666666666666666, 0.6666666666666666, 0.6666666666666666, 1.0, 1.0, 1.0, 0.6666666666666666, 1.0, 1.0, 1.0, 0.6666666666666666, 1.0, 1.0, 1.0, 1.0]","[0.8, 0.8, 1.0, 0.8, 1.0, 1.0, 0.8, 1.0, 1.0, 1.0, 1.0, 0.8, 0.8, 1.0, 1.0, 1.0, 1.0, 1.0, 1.0, 1.0, 0.8, 0.8, 1.0, 0.8, 0.8, 0.8, 1.0, 1.0, 0.8, 1.0]"
adult,rf,1000,7,14,b1_uniform,0.00038856328818782655,0.0002448105688445736,2.7754520584844752e-05,1.748646920318383e-05,0.0003071916303524569,0.00048299048757220633,1.6126146887125548,0.9016849816849818,0.0353198658295611,0.8883516483516485,0.9151684981684982,0.7794871794871797,0.06018483340231755,1.0,0.0,0.9466666666666667,0.08844332774281065,1.8474251272216067e-05,0.0,1000.0,8.331951879997117,0.27546932903024046,1000.0,"[0.0002444587396455413, 0.00035245978301816643, 0.0005007795614848409, 0.00027415040755917014, 0.0003463848108679072, 0.00017491357467412316, 0.00036426074388434376, 0.0001505165577281025, 0.00048002535094607437, 0.0006321763225782559, 0.000389730892500187, 0.00021458131449217545, 0.0004539189307840921, 0.0002867103484993282, 0.00032679690357096113, 0.00023789723481891165, 0.00016743826256582786, 0.00048103047216274317, 0.0011624184902983559, 0.0004849540112802758, 0.0003616604850195494, 8.713066963623969e-05, 0.0011576315084968073, 0.00037462201430364455, 0.00018107246633990168, 0.00011242021895429976, 0.0003453273429847642, 0.0003842284221230932, 0.0005756178077731477, 0.0003515849966439643]","[0.8857142857142857, 0.8593406593406594, 0.8989010989010989, 0.9296703296703297, 0.9208791208791209, 0.9516483516483516, 0.8989010989010989, 0.8901098901098902, 0.8065934065934066, 0.8945054945054945, 0.8945054945054945, 0.9296703296703297, 0.8637362637362638, 0.9428571428571428, 0.9692307692307693, 0.9208791208791209, 0.9384615384615385, 0.8901098901098902, 0.8725274725274725, 0.8813186813186813, 0.8769230769230769, 0.9384615384615385, 0.8813186813186813, 0.8813186813186813, 0.9604395604395607, 0.8989010989010989, 0.8461538461538461, 0.8989010989010989, 0.8901098901098902, 0.9384615384615385]","[0.7362637362637363, 0.7142857142857144, 0.8021978021978022, 0.8021978021978022, 0.8021978021978022, 0.8901098901098902, 0.7802197802197802, 0.8021978021978022, 0.6703296703296704, 0.7142857142857144, 0.7802197802197802, 0.8241758241758242, 0.7362637362637363, 0.8461538461538461, 0.8681318681318682, 0.8021978021978022, 0.8461538461538461, 0.7582417582417583, 0.7142857142857144, 0.7362637362637363, 0.7362637362637363, 0.8461538461538461, 0.7142857142857144, 0.7362637362637363, 0.8901098901098902, 0.7802197802197802, 0.6483516483516484, 0.8021978021978022, 0.7802197802197802, 0.8241758241758242]","[1.0, 1.0, 1.0, 1.0, 1.0, 1.0, 1.0, 1.0, 1.0, 1.0, 1.0, 1.0, 1.0, 1.0, 1.0, 1.0, 1.0, 1.0, 1.0, 1.0, 1.0, 1.0, 1.0, 1.0, 1.0, 1.0, 1.0, 1.0, 1.0, 1.0]","[1.0, 0.8, 1.0, 0.8, 1.0, 1.0, 1.0, 1.0, 1.0, 0.8, 1.0, 1.0, 0.8, 1.0, 1.0, 1.0, 1.0, 1.0, 0.8, 1.0, 1.0, 1.0, 0.8, 1.0, 1.0, 1.0, 0.8, 1.0, 1.0, 0.8]"
adult,rf,1000,7,14,b2_stratified,0.00024095234336358396,0.00022416365935223445,1.7210881668827426e-05,1.6011689953731032e-05,0.00016996020777024955,0.0003243238302111854,1.0,0.9731868131868133,0.021273695976069297,0.9654212454212455,0.9803663003663005,0.9128205128205129,0.04626998585974545,0.9666666666666667,0.1,0.9666666666666667,0.07453559924999296,1.5922676657273776e-05,0.0,1000.0,8.533222669995546,0.6779931398353914,1000.0,"[0.00012528580035416295, 7.352945013493809e-05, 0.00035134046872092645, 4.27562500028396e-05, 0.0001771343373524256, 0.00010945163428429333, 0.00016128244638681537, 0.0004555205755050906, 0.00017137881564894533, 0.00018627520733018892, 0.0006669766682639072, 8.115763534196736e-05, 0.00026406524942584593, 7.175174677284545e-05, 0.00012489044638189125, 0.00012960316741824956, 0.00035853387416749557, 0.0010106233802408566, 0.0001588715748443083, 0.00013270175663698293, 6.163136652415454e-05, 0.0002763473357087137, 0.00011131862808614484, 0.0005808664095026811, 0.00010068356208899264, 9.810098460731316e-05, 6.610447023193786e-05, 0.0006845672062841613, 0.00012944067319143492, 0.0002663791794670085]","[0.9516483516483516, 0.9956043956043955, 0.9736263736263736, 0.9956043956043955, 0.9208791208791209, 0.9780219780219781, 0.9736263736263736, 0.956043956043956, 0.9824175824175824, 0.9956043956043955, 0.9736263736263736, 0.9736263736263736, 0.9252747252747253, 0.9912087912087912, 0.9868131868131869, 0.9868131868131869, 0.9780219780219781, 0.9252747252747253, 0.9824175824175824, 0.9912087912087912, 0.9692307692307693, 0.9868131868131869, 0.9604395604395607, 0.9868131868131869, 0.9824175824175824, 0.9428571428571428, 0.9956043956043955, 0.9604395604395607, 0.9956043956043955, 0.9780219780219781]","[0.8901098901098902, 0.9780219780219781, 0.8901098901098902, 0.9780219780219781, 0.8241758241758242, 0.9120879120879122, 0.9120879120879122, 0.8681318681318682, 0.9120879120879122, 0.9780219780219781, 0.8901098901098902, 0.9120879120879122, 0.8461538461538461, 0.9560439560439562, 0.9560439560439562, 0.9340659340659341, 0.9120879120879122, 0.8021978021978022, 0.9120879120879122, 0.9560439560439562, 0.8901098901098902, 0.9560439560439562, 0.8681318681318682, 0.9340659340659341, 0.9120879120879122, 0.8681318681318682, 0.9780219780219781, 0.8681318681318682, 0.9780219780219781, 0.9120879120879122]","[1.0, 1.0, 1.0, 1.0, 1.0, 1.0, 1.0, 1.0, 1.0, 1.0, 0.6666666666666666, 1.0, 1.0, 1.0, 1.0, 1.0, 1.0, 0.6666666666666666, 1.0, 1.0, 1.0, 1.0, 1.0, 0.6666666666666666, 1.0, 1.0, 1.0, 1.0, 1.0, 1.0]","[1.0, 1.0, 0.8, 1.0, 1.0, 1.0, 1.0, 0.8, 1.0, 1.0, 1.0, 1.0, 1.0, 1.0, 1.0, 1.0, 1.0, 0.8, 1.0, 1.0, 1.0, 1.0, 1.0, 1.0, 1.0, 1.0, 1.0, 0.8, 1.0, 0.8]"
adult,rf,1000,7,14,b3_is,0.00011341069367059607,7.10449191884921e-05,8.100763833614005e-06,5.074637084892293e-06,8.910513651399834e-05,0.00014163597578581937,0.47067686533957265,0.9810989010989012,0.015813997540608957,0.9750915750915752,0.9862271062271063,0.9355311355311355,0.03540819332921488,1.0,0.0,0.9866666666666667,0.04988876515698587,7.149223325203227e-06,0.0,1000.0,8.58934045667993,0.2151769768367993,1000.0,"[4.4100904802230184e-05, 0.00014871643684110804, 5.2618451714888554e-05, 6.915814878714767e-05, 0.00013816197282836277, 7.635096750614436e-05, 0.00017177881571733987, 0.00020313830840332843, 5.1929122433730563e-05, 7.321062773825474e-05, 7.600699954667e-05, 9.44621036153747e-05, 4.361185237325499e-05, 0.00010407041129731566, 8.14447681168556e-05, 0.00026604262219764635, 0.00019061410442175925, 5.232662990132507e-05, 0.00026392444518419627, 4.992636305552743e-05, 0.000128495102233035, 0.00011344685074403086, 4.887276121791398e-05, 0.00026064127845991776, 0.0001397388992747557, 0.00020024957682533538, 5.544266588961462e-05, 4.398427742343252e-05, 1.3825183509798732e-05, 0.00014603015805758735]","[0.9824175824175824, 0.9252747252747253, 0.9912087912087912, 0.9868131868131869, 0.9648351648351648, 0.9648351648351648, 0.9648351648351648, 0.9912087912087912, 0.9912087912087912, 0.9912087912087912, 0.9868131868131869, 0.9912087912087912, 0.9912087912087912, 0.9824175824175824, 0.9956043956043955, 0.9736263736263736, 0.9736263736263736, 0.9824175824175824, 0.9516483516483516, 1.0, 0.9648351648351648, 0.9956043956043955, 1.0, 0.9824175824175824, 0.9868131868131869, 0.9868131868131869, 0.9912087912087912, 0.9780219780219781, 0.9956043956043955, 0.9692307692307693]","[0.9340659340659341, 0.8461538461538461, 0.9560439560439562, 0.9340659340659341, 0.8901098901098902, 0.8901098901098902, 0.8901098901098902, 0.9560439560439562, 0.9560439560439562, 0.9560439560439562, 0.9340659340659341, 0.9560439560439562, 0.9560439560439562, 0.9340659340659341, 0.9780219780219781, 0.9340659340659341, 0.8901098901098902, 0.9340659340659341, 0.8901098901098902, 1.0, 0.8901098901098902, 0.9780219780219781, 1.0, 0.9340659340659341, 0.9340659340659341, 0.9340659340659341, 0.9560439560439562, 0.9340659340659341, 0.9780219780219781, 0.9120879120879122]","[1.0, 1.0, 1.0, 1.0, 1.0, 1.0, 1.0, 1.0, 1.0, 1.0, 1.0, 1.0, 1.0, 1.0, 1.0, 1.0, 1.0, 1.0, 1.0, 1.0, 1.0, 1.0, 1.0, 1.0, 1.0, 1.0, 1.0, 1.0, 1.0, 1.0]","[1.0, 1.0, 1.0, 1.0, 1.0, 1.0, 1.0, 1.0, 1.0, 1.0, 1.0, 1.0, 1.0, 1.0, 1.0, 1.0, 1.0, 1.0, 1.0, 1.0, 0.8, 1.0, 1.0, 0.8, 1.0, 1.0, 1.0, 1.0, 1.0, 1.0]"
adult,rf,1000,7,14,b4_antithetic,0.00020982400178646358,4.9153719837520634e-05,1.4987428699033113e-05,3.510979988394331e-06,0.00019136941645302684,0.00022696152356746708,0.8708112104552168,0.9238095238095239,0.017074469898264864,0.9180952380952382,0.9304065934065934,0.8124542124542127,0.029884363449628044,1.0,0.0,0.9933333333333334,0.03590109871423002,3.7805158672660845e-06,0.0,1000.0,8.309682233328932,0.2620938462540753,1000.0,"[0.00017012290438066515, 0.00024987853197733, 0.00025527994387673574, 0.0001283134219286771, 0.00026962393928666584, 0.00018218804316484045, 0.00024121850892512968, 0.0002528496057089459, 0.00031554675854985465, 0.00022446365835271124, 0.00017413947198907965, 0.00018892945765369406, 0.0002442671626136607, 0.00026038959826159665, 0.00020673934130821346, 0.00021472631633170764, 0.00024012964289584103, 0.0003116944890092183, 0.00017466161607699937, 0.00014491804155191985, 0.00022652941928443738, 0.00016950561796754573, 0.00021931131137762296, 0.00014335614267154854, 0.00017877718829324024, 0.00010291184626374421, 0.0002201234528924735, 0.00019770719255405244, 0.0001837228462065091, 0.00020269458223924662]","[0.9516483516483516, 0.9648351648351648, 0.9120879120879121, 0.9208791208791209, 0.9428571428571428, 0.9296703296703297, 0.9340659340659341, 0.9252747252747253, 0.8813186813186813, 0.9032967032967033, 0.9208791208791209, 0.9340659340659341, 0.9208791208791209, 0.9120879120879121, 0.9428571428571428, 0.9296703296703297, 0.9032967032967033, 0.9164835164835166, 0.9208791208791209, 0.9076923076923077, 0.9032967032967033, 0.9340659340659341, 0.9384615384615385, 0.9120879120879121, 0.9164835164835166, 0.9516483516483516, 0.9076923076923077, 0.9208791208791209, 0.9296703296703297, 0.9252747252747253]","[0.8461538461538461, 0.8901098901098902, 0.7802197802197802, 0.8021978021978022, 0.8461538461538461, 0.8241758241758242, 0.8241758241758242, 0.8461538461538461, 0.7802197802197802, 0.7802197802197802, 0.8021978021978022, 0.8241758241758242, 0.8241758241758242, 0.8021978021978022, 0.8461538461538461, 0.8021978021978022, 0.8021978021978022, 0.7802197802197802, 0.8241758241758242, 0.8021978021978022, 0.7362637362637363, 0.8241758241758242, 0.8461538461538461, 0.8021978021978022, 0.7802197802197802, 0.8461538461538461, 0.7802197802197802, 0.8021978021978022, 0.8021978021978022, 0.8241758241758242]","[1.0, 1.0, 1.0, 1.0, 1.0, 1.0, 1.0, 1.0, 1.0, 1.0, 1.0, 1.0, 1.0, 1.0, 1.0, 1.0, 1.0, 1.0, 1.0, 1.0, 1.0, 1.0, 1.0, 1.0, 1.0, 1.0, 1.0, 1.0, 1.0, 1.0]","[1.0, 1.0, 1.0, 1.0, 1.0, 1.0, 1.0, 1.0, 1.0, 1.0, 1.0, 1.0, 1.0, 1.0, 1.0, 1.0, 1.0, 1.0, 1.0, 1.0, 1.0, 0.8, 1.0, 1.0, 1.0, 1.0, 1.0, 1.0, 1.0, 1.0]"
adult,rf,1000,8,14,abc_shap,0.01016804193510249,0.005463574931810239,0.0007262887096501778,0.0003902553522721599,0.008247054840375294,0.01208587622722958,4.0764825255661075,0.7857875457875461,0.11335168238342715,0.7453443223443225,0.8263736263736265,0.6454212454212455,0.12961858200496104,0.8555555555555556,0.16517854163687232,0.9666666666666667,0.07453559924999298,0.0006462965925688955,504.0,496.0,8.572436289993735,0.2542375587073208,504.0,"[0.014982971845120664, 0.01274364399732241, 0.019219047065003984, 0.00644173381172878, 0.01642085092538926, 0.007868615666373173, 0.011187697277011792, 0.004097226191544324, 0.0156453232207561, 0.010810589439394032, 0.0065850146835385375, 0.01464545773908549, 0.008499272105985023, 0.016773853745528863, 0.011771494734219562, 0.0013201207350861043, 0.002205656989798452, 0.017869701306022594, 0.013580770119231846, 0.00258490239808943, 0.007810335784537551, 0.0030549067982769975, 0.014597552001283154, 0.0015736562143339782, 0.00796808149552343, 0.020191842553971443, 0.013142599266936323, 0.004234449505913258, 0.007804363920775457, 0.009409526515292675]","[0.6263736263736264, 0.6087912087912088, 0.8549450549450549, 0.8153846153846154, 0.6131868131868132, 0.8373626373626375, 0.7890109890109891, 0.832967032967033, 0.5956043956043956, 0.8461538461538461, 0.8945054945054945, 0.6835164835164835, 0.7934065934065934, 0.8021978021978022, 0.7142857142857143, 0.9032967032967033, 0.9296703296703297, 0.6131868131868132, 0.8417582417582418, 0.9208791208791209, 0.9120879120879121, 0.9472527472527472, 0.6483516483516484, 0.9428571428571428, 0.7582417582417583, 0.5956043956043956, 0.7318681318681319, 0.8285714285714285, 0.8285714285714285, 0.8637362637362638]","[0.5164835164835165, 0.45054945054945056, 0.6923076923076924, 0.6703296703296704, 0.45054945054945056, 0.6703296703296704, 0.6263736263736264, 0.7142857142857144, 0.42857142857142855, 0.7362637362637363, 0.7582417582417583, 0.5384615384615384, 0.6263736263736264, 0.6483516483516484, 0.5384615384615384, 0.7802197802197802, 0.8241758241758242, 0.42857142857142855, 0.7362637362637363, 0.8021978021978022, 0.7802197802197802, 0.8241758241758242, 0.5164835164835165, 0.8461538461538461, 0.6043956043956044, 0.4065934065934066, 0.6263736263736264, 0.6703296703296704, 0.6923076923076924, 0.7582417582417583]","[1.0, 1.0, 0.6666666666666666, 0.6666666666666666, 0.6666666666666666, 0.6666666666666666, 1.0, 0.6666666666666666, 1.0, 1.0, 1.0, 1.0, 1.0, 0.6666666666666666, 0.6666666666666666, 1.0, 1.0, 0.6666666666666666, 1.0, 0.6666666666666666, 1.0, 0.6666666666666666, 1.0, 1.0, 0.6666666666666666, 0.6666666666666666, 1.0, 0.6666666666666666, 1.0, 1.0]","[0.8, 1.0, 1.0, 1.0, 1.0, 1.0, 1.0, 1.0, 1.0, 0.8, 1.0, 0.8, 1.0, 1.0, 1.0, 1.0, 1.0, 1.0, 1.0, 1.0, 1.0, 1.0, 1.0, 1.0, 1.0, 1.0, 0.8, 1.0, 1.0, 0.8]"
adult,rf,1000,8,14,b1_uniform,0.004942207061895044,0.002287238831854556,0.0003530147901353603,0.00016337420227532543,0.0041539247991203695,0.00576712722322866,1.9813864708792128,0.8329670329670331,0.06747885092846567,0.8084981684981687,0.8572893772893774,0.6952380952380953,0.0789850958062626,0.9666666666666667,0.10000000000000002,0.9866666666666667,0.04988876515698587,0.00022022785695289477,0.0,1000.0,8.461392143337678,0.2681479579774375,1000.0,"[0.009778627783700776, 0.007207882245472805, 0.004585857646353653, 0.0028348000006764365, 0.004623731032333375, 0.0026432329395744514, 0.00426178120209006, 0.0025144177300384426, 0.0069335972588474605, 0.005233382837892583, 0.0036591313797013723, 0.0077998193173173195, 0.010398047683034976, 0.004142180435968876, 0.0022012243396198907, 0.003149378556930776, 0.00822659635496669, 0.003952393240560058, 0.005139828060998656, 0.003260959945359545, 0.004682821966939917, 0.002106548321648027, 0.0031892182815215836, 0.002394142746608111, 0.008476915534893326, 0.0050589780876784595, 0.007179632825578275, 0.0032875324865939176, 0.006156189228609269, 0.0031873623853422225]","[0.8197802197802198, 0.7142857142857143, 0.832967032967033, 0.7978021978021977, 0.832967032967033, 0.8725274725274725, 0.7890109890109891, 0.9384615384615385, 0.8593406593406594, 0.9208791208791209, 0.8197802197802198, 0.745054945054945, 0.9032967032967033, 0.7230769230769231, 0.9428571428571428, 0.7142857142857143, 0.7494505494505495, 0.8021978021978022, 0.8945054945054945, 0.8197802197802198, 0.7934065934065934, 0.9164835164835166, 0.8197802197802198, 0.8593406593406594, 0.9208791208791209, 0.8241758241758241, 0.7494505494505495, 0.8153846153846154, 0.8681318681318682, 0.9296703296703297]","[0.6703296703296704, 0.5604395604395604, 0.6923076923076924, 0.6483516483516484, 0.6923076923076924, 0.6703296703296704, 0.6263736263736264, 0.8461538461538461, 0.6703296703296704, 0.7802197802197802, 0.6923076923076924, 0.6043956043956044, 0.7582417582417583, 0.6043956043956044, 0.8461538461538461, 0.5604395604395604, 0.6043956043956044, 0.7142857142857144, 0.7582417582417583, 0.6923076923076924, 0.6043956043956044, 0.8021978021978022, 0.6923076923076924, 0.7802197802197802, 0.7802197802197802, 0.6703296703296704, 0.6043956043956044, 0.6923076923076924, 0.7362637362637363, 0.8021978021978022]","[1.0, 1.0, 1.0, 1.0, 1.0, 1.0, 1.0, 1.0, 1.0, 1.0, 1.0, 1.0, 1.0, 1.0, 0.6666666666666666, 0.6666666666666666, 1.0, 1.0, 1.0, 1.0, 1.0, 1.0, 0.6666666666666666, 1.0, 1.0, 1.0, 1.0, 1.0, 1.0, 1.0]","[1.0, 1.0, 1.0, 1.0, 1.0, 1.0, 1.0, 1.0, 0.8, 1.0, 1.0, 1.0, 1.0, 1.0, 1.0, 1.0, 1.0, 1.0, 1.0, 1.0, 1.0, 1.0, 1.0, 1.0, 1.0, 1.0, 1.0, 1.0, 0.8, 1.0]"
adult,rf,1000,8,14,b2_stratified,0.0024943175571911563,0.0017817503433771825,0.0001781655397993683,0.00012726788166979875,0.0018719563912405045,0.003120471583336975,1.0,0.913992673992674,0.043878074927592166,0.8967032967032968,0.9283516483516484,0.8058608058608061,0.05953930483012119,0.8666666666666668,0.16329931618554522,1.0,0.0,0.00017297748310701356,0.0,1000.0,8.544915493337127,0.11569930826917335,1000.0,"[0.0022234967620235364, 0.0034522971950615633, 0.004024927833165447, 0.0009766832242874674, 0.0024416284484566697, 0.0036026876895359846, 0.006588102425521299, 0.002436828076479215, 0.0024408477680457905, 0.0022596693293489823, 0.006945920151954062, 0.0004001062624117082, 0.0010191456131109988, 0.0011767095569970073, 0.002612208392342194, 0.001625918196230415, 0.007342840314716092, 0.0009176555486849537, 0.0016104420636482567, 0.001710471182462263, 0.0014562439994055107, 0.0012307079949052013, 0.004281549242280933, 0.0005173279702794384, 0.0023163871482543568, 0.0007379368822376931, 0.002143008326114997, 0.0030012074424149602, 0.001102834179117585, 0.002233737496240124]","[0.8593406593406594, 0.9076923076923077, 0.9208791208791209, 0.9516483516483516, 0.9648351648351648, 0.8373626373626375, 0.8725274725274725, 0.9164835164835166, 0.9648351648351648, 0.9384615384615385, 0.9428571428571428, 0.9076923076923077, 0.9780219780219781, 0.832967032967033, 0.9384615384615385, 0.8945054945054945, 0.9120879120879121, 0.8989010989010989, 0.8901098901098902, 0.9604395604395607, 0.8989010989010989, 0.7846153846153847, 0.9032967032967033, 0.9120879120879121, 0.956043956043956, 0.8945054945054945, 0.9252747252747253, 0.9692307692307693, 0.956043956043956, 0.9296703296703297]","[0.6923076923076924, 0.7582417582417583, 0.8021978021978022, 0.8461538461538461, 0.8901098901098902, 0.7142857142857144, 0.7362637362637363, 0.8021978021978022, 0.8461538461538461, 0.8461538461538461, 0.8461538461538461, 0.7802197802197802, 0.9120879120879122, 0.7362637362637363, 0.8461538461538461, 0.7582417582417583, 0.8021978021978022, 0.8021978021978022, 0.7802197802197802, 0.8901098901098902, 0.7802197802197802, 0.6703296703296704, 0.7802197802197802, 0.7802197802197802, 0.8681318681318682, 0.7802197802197802, 0.8461538461538461, 0.8681318681318682, 0.8681318681318682, 0.8461538461538461]","[1.0, 1.0, 1.0, 0.6666666666666666, 1.0, 1.0, 0.6666666666666666, 1.0, 0.6666666666666666, 1.0, 1.0, 0.6666666666666666, 1.0, 1.0, 0.6666666666666666, 1.0, 0.6666666666666666, 1.0, 1.0, 0.6666666666666666, 0.6666666666666666, 1.0, 1.0, 1.0, 0.6666666666666666, 0.6666666666666666, 0.6666666666666666, 0.6666666666666666, 1.0, 1.0]","[1.0, 1.0, 1.0, 1.0, 1.0, 1.0, 1.0, 1.0, 1.0, 1.0, 1.0, 1.0, 1.0, 1.0, 1.0, 1.0, 1.0, 1.0, 1.0, 1.0, 1.0, 1.0, 1.0, 1.0, 1.0, 1.0, 1.0, 1.0, 1.0, 1.0]"
adult,rf,1000,8,14,b3_is,0.0012780618795514538,0.0008557047472317406,9.129013425367528e-05,6.112176765941004e-05,0.0009813582287617744,0.0015642356100957573,0.5123894012078701,0.9115018315018316,0.03362437846714975,0.898901098901099,0.9246923076923077,0.8000000000000003,0.06626291618321466,0.9222222222222222,0.14098419489388356,1.0,0.0,6.877656941289809e-05,0.0,1000.0,8.661645863337132,0.10359755144255489,1000.0,"[0.0016879242300674466, 0.0010539432821592332, 0.002215414220638973, 0.0016634128370900817, 0.0004163446737190392, 0.0007153231498277022, 0.0012581501588787743, 0.0019080054992825944, 0.0007054181555557484, 0.0020240550125147885, 0.004000689771069555, 0.0006337915748449519, 0.002256638871181461, 0.000286580551429654, 0.0009607473369804591, 0.0011511393460501287, 0.0006648980014290082, 0.0010966678936407026, 0.00036775804630028743, 0.0011483754696345089, 0.0006333911653775267, 0.0006358621949164411, 0.0005895929581787386, 0.0006846928731211113, 0.0008994210425536418, 0.00024621128034473357, 0.0030095968899713312, 0.001321795825209705, 0.0023511077058500527, 0.0017549063687252386]","[0.8901098901098902, 0.9164835164835166, 0.8461538461538461, 0.8593406593406594, 0.9384615384615385, 0.8769230769230769, 0.8769230769230769, 0.8725274725274725, 0.9164835164835166, 0.9516483516483516, 0.8549450549450549, 0.8901098901098902, 0.8725274725274725, 0.9340659340659341, 0.9120879120879121, 0.9472527472527472, 0.9340659340659341, 0.9164835164835166, 0.9516483516483516, 0.9296703296703297, 0.9516483516483516, 0.9164835164835166, 0.9516483516483516, 0.9296703296703297, 0.9208791208791209, 0.9868131868131869, 0.9120879120879121, 0.8813186813186813, 0.8901098901098902, 0.9164835164835166]","[0.7582417582417583, 0.8021978021978022, 0.6703296703296704, 0.6923076923076924, 0.8461538461538461, 0.7362637362637363, 0.7362637362637363, 0.7362637362637363, 0.8241758241758242, 0.8901098901098902, 0.6703296703296704, 0.7582417582417583, 0.7362637362637363, 0.7802197802197802, 0.8241758241758242, 0.8681318681318682, 0.8461538461538461, 0.8241758241758242, 0.8461538461538461, 0.8681318681318682, 0.8901098901098902, 0.8021978021978022, 0.8461538461538461, 0.8461538461538461, 0.8241758241758242, 0.9560439560439562, 0.8021978021978022, 0.7582417582417583, 0.7582417582417583, 0.8021978021978022]","[1.0, 1.0, 1.0, 0.6666666666666666, 1.0, 1.0, 0.6666666666666666, 0.6666666666666666, 1.0, 1.0, 0.6666666666666666, 1.0, 0.6666666666666666, 1.0, 0.6666666666666666, 1.0, 1.0, 1.0, 1.0, 1.0, 1.0, 1.0, 0.6666666666666666, 1.0, 1.0, 1.0, 1.0, 1.0, 1.0, 1.0]","[1.0, 1.0, 1.0, 1.0, 1.0, 1.0, 1.0, 1.0, 1.0, 1.0, 1.0, 1.0, 1.0, 1.0, 1.0, 1.0, 1.0, 1.0, 1.0, 1.0, 1.0, 1.0, 1.0, 1.0, 1.0, 1.0, 1.0, 1.0, 1.0, 1.0]"
adult,rf,1000,8,14,b4_antithetic,0.0028663830750248935,0.0006909016581700768,0.00020474164821606382,4.935011844071977e-05,0.002627940828027675,0.0030988148885589947,1.1491652563488024,0.8750183150183151,0.03377631028462896,0.8624175824175827,0.8863003663003665,0.7282051282051285,0.04264843832330516,1.0,0.0,1.0,0.0,3.498304385891248e-05,0.0,1000.0,8.416648099998323,0.2845463118517067,1000.0,"[0.0029297302337233516, 0.002480490979784316, 0.004092422778237816, 0.0024737282670340014, 0.0038348950483995826, 0.004029345232804132, 0.0037664498565271815, 0.0024922719689753634, 0.0032198697027124392, 0.0028446448016230686, 0.0026848555043559818, 0.002507163044946808, 0.0022491201876003444, 0.0030139407845511386, 0.0021735931252117612, 0.0034428504382385157, 0.00235360886013892, 0.0027120251483429476, 0.0024469869489100638, 0.002365105527831493, 0.003656936489546261, 0.003880299822422431, 0.002057673898248708, 0.003046443449967868, 0.002345448281063949, 0.004291986000975138, 0.001827761045709454, 0.002289014262709453, 0.0019122665880560489, 0.002570563972098275]","[0.8109890109890111, 0.8725274725274725, 0.8549450549450549, 0.9164835164835166, 0.8681318681318682, 0.9208791208791209, 0.8725274725274725, 0.8989010989010989, 0.9032967032967033, 0.8769230769230769, 0.8549450549450549, 0.8637362637362638, 0.9164835164835166, 0.8461538461538461, 0.9076923076923077, 0.8813186813186813, 0.8461538461538461, 0.7802197802197802, 0.8417582417582418, 0.8549450549450549, 0.8945054945054945, 0.8901098901098902, 0.8769230769230769, 0.9032967032967033, 0.9076923076923077, 0.8109890109890111, 0.8813186813186813, 0.8989010989010989, 0.9164835164835166, 0.8813186813186813]","[0.6483516483516484, 0.7582417582417583, 0.7142857142857144, 0.7802197802197802, 0.6923076923076924, 0.7802197802197802, 0.6703296703296704, 0.7582417582417583, 0.7362637362637363, 0.7362637362637363, 0.6923076923076924, 0.7142857142857144, 0.7582417582417583, 0.7362637362637363, 0.7582417582417583, 0.7142857142857144, 0.6703296703296704, 0.6483516483516484, 0.7362637362637363, 0.6923076923076924, 0.7582417582417583, 0.7362637362637363, 0.7582417582417583, 0.7362637362637363, 0.7582417582417583, 0.6483516483516484, 0.7362637362637363, 0.7802197802197802, 0.8241758241758242, 0.7142857142857144]","[1.0, 1.0, 1.0, 1.0, 1.0, 1.0, 1.0, 1.0, 1.0, 1.0, 1.0, 1.0, 1.0, 1.0, 1.0, 1.0, 1.0, 1.0, 1.0, 1.0, 1.0, 1.0, 1.0, 1.0, 1.0, 1.0, 1.0, 1.0, 1.0, 1.0]","[1.0, 1.0, 1.0, 1.0, 1.0, 1.0, 1.0, 1.0, 1.0, 1.0, 1.0, 1.0, 1.0, 1.0, 1.0, 1.0, 1.0, 1.0, 1.0, 1.0, 1.0, 1.0, 1.0, 1.0, 1.0, 1.0, 1.0, 1.0, 1.0, 1.0]"
adult,rf,1000,9,14,abc_shap,0.005753629378924915,0.005937341084064881,0.00041097352706606535,0.0004240957917189201,0.0037281428697050045,0.008078127558422531,3.2421485122435603,0.8555311355311356,0.07816873847764742,0.8246153846153847,0.8833699633699635,0.7216117216117219,0.10124743561234618,0.7777777777777779,0.15713484026367727,0.86,0.09165151389911678,0.00037265471608839684,504.0,496.0,8.227609573335696,0.22604338794349452,504.0,"[0.0003496197773177887, 0.00032152869516589746, 0.013006225301197214, 0.02574873074188513, 0.00810415977447796, 0.0006029032629177208, 0.008813765591928601, 0.0055675456841413696, 0.003882506617799766, 0.009444032256525266, 0.013913726910267585, 0.00030850461603290234, 0.0007117051046049269, 0.011209266875928221, 0.0006135733172275679, 0.0010289851764491717, 0.0011215779483917095, 0.0041007217785382745, 0.01581488367105926, 0.002580991816116253, 0.0014252046337932536, 0.001496860469631083, 0.0017791894924141212, 0.004046672883993065, 0.0010141130540263846, 0.01138923519772688, 0.010545416192688766, 0.004030689953423275, 0.007534595807503352, 0.002101948764574662]","[0.9736263736263736, 0.8505494505494505, 0.7274725274725276, 0.7714285714285714, 0.8637362637362638, 0.9472527472527472, 0.7846153846153847, 0.8813186813186813, 0.8989010989010989, 0.7934065934065934, 0.7010989010989012, 0.8769230769230769, 0.9208791208791209, 0.7626373626373627, 0.8197802197802198, 0.8241758241758241, 0.9384615384615385, 0.9120879120879121, 0.6879120879120879, 0.9824175824175824, 0.9164835164835166, 0.8505494505494505, 0.9208791208791209, 0.9340659340659341, 0.8901098901098902, 0.7626373626373627, 0.9384615384615385, 0.8417582417582418, 0.8241758241758241, 0.8681318681318682]","[0.9120879120879122, 0.6923076923076924, 0.5604395604395604, 0.6483516483516484, 0.7362637362637363, 0.8681318681318682, 0.6483516483516484, 0.7362637362637363, 0.7362637362637363, 0.6263736263736264, 0.5384615384615384, 0.7142857142857144, 0.8021978021978022, 0.6043956043956044, 0.6923076923076924, 0.6923076923076924, 0.8461538461538461, 0.7802197802197802, 0.4945054945054945, 0.9120879120879122, 0.7582417582417583, 0.7142857142857144, 0.7802197802197802, 0.8021978021978022, 0.7802197802197802, 0.6043956043956044, 0.8241758241758242, 0.6923076923076924, 0.7142857142857144, 0.7362637362637363]","[0.6666666666666666, 1.0, 0.6666666666666666, 0.6666666666666666, 0.6666666666666666, 0.6666666666666666, 0.6666666666666666, 0.6666666666666666, 1.0, 0.6666666666666666, 0.6666666666666666, 0.6666666666666666, 0.6666666666666666, 0.6666666666666666, 1.0, 1.0, 1.0, 0.6666666666666666, 0.6666666666666666, 1.0, 0.6666666666666666, 1.0, 0.6666666666666666, 0.6666666666666666, 1.0, 0.6666666666666666, 0.6666666666666666, 0.6666666666666666, 1.0, 1.0]","[1.0, 0.8, 0.8, 0.8, 0.8, 1.0, 0.8, 0.8, 0.8, 0.8, 0.8, 0.8, 0.8, 0.8, 0.8, 1.0, 1.0, 0.8, 0.8, 1.0, 0.8, 1.0, 0.8, 0.8, 1.0, 0.8, 0.8, 1.0, 1.0, 0.8]"
adult,rf,1000,9,14,b1_uniform,0.005031429192101707,0.0030882323167269847,0.00035938779943583623,0.00022058802262335604,0.004038550631623885,0.006210515139690064,2.835191423587913,0.7953113553113556,0.06408828726414384,0.7734725274725276,0.8180219780219782,0.6402930402930403,0.0829134452432893,0.7555555555555556,0.1474055462380178,0.9533333333333333,0.08459051693633012,0.00018023023608726283,0.0,1000.0,7.968681100003111,0.2748280695778514,1000.0,"[0.010774305671308878, 0.004307489067846041, 0.003326977997907911, 0.002981778262625461, 0.0038610850537159312, 0.002489761400046353, 0.005382854410384338, 0.004976954600513669, 0.00303754429795153, 0.0033856306623268858, 0.0034072798057659965, 0.0022397254172963656, 0.012084646253710358, 0.010034463148450698, 0.005085951041781439, 0.0036813069920598835, 0.005814280579748168, 0.003443579428130756, 0.0027936582462609605, 0.005298218367162519, 0.011089635959898151, 0.003967970489896999, 0.0040644240041513395, 0.00932192856839199, 0.0025266009053683874, 0.0015862926577264716, 0.00434089913358933, 0.01150332183401493, 0.0016428650292680533, 0.0024914464757514266]","[0.7318681318681319, 0.7230769230769231, 0.8241758241758241, 0.8021978021978022, 0.832967032967033, 0.9120879120879121, 0.6923076923076923, 0.9164835164835166, 0.8593406593406594, 0.9208791208791209, 0.7758241758241758, 0.8241758241758241, 0.7186813186813187, 0.7318681318681319, 0.7890109890109891, 0.7978021978021977, 0.7142857142857143, 0.7098901098901099, 0.832967032967033, 0.8241758241758241, 0.7626373626373627, 0.7714285714285714, 0.7582417582417583, 0.8901098901098902, 0.8065934065934066, 0.8461538461538461, 0.7758241758241758, 0.7010989010989012, 0.832967032967033, 0.7802197802197802]","[0.5604395604395604, 0.5604395604395604, 0.6923076923076924, 0.6703296703296704, 0.6703296703296704, 0.7802197802197802, 0.5384615384615384, 0.7802197802197802, 0.7362637362637363, 0.8021978021978022, 0.6043956043956044, 0.6483516483516484, 0.5384615384615384, 0.5384615384615384, 0.6263736263736264, 0.6483516483516484, 0.5384615384615384, 0.5384615384615384, 0.6923076923076924, 0.6923076923076924, 0.5824175824175825, 0.6043956043956044, 0.5824175824175825, 0.7362637362637363, 0.6703296703296704, 0.7362637362637363, 0.6043956043956044, 0.4945054945054945, 0.7142857142857144, 0.6263736263736264]","[0.6666666666666666, 0.6666666666666666, 1.0, 1.0, 0.6666666666666666, 0.6666666666666666, 0.6666666666666666, 1.0, 0.6666666666666666, 1.0, 0.6666666666666666, 0.6666666666666666, 0.6666666666666666, 0.6666666666666666, 0.6666666666666666, 0.6666666666666666, 0.6666666666666666, 0.6666666666666666, 0.6666666666666666, 0.6666666666666666, 0.6666666666666666, 0.6666666666666666, 0.6666666666666666, 1.0, 0.6666666666666666, 1.0, 0.6666666666666666, 0.6666666666666666, 1.0, 1.0]","[1.0, 1.0, 1.0, 1.0, 1.0, 0.8, 1.0, 1.0, 1.0, 0.8, 1.0, 1.0, 0.8, 1.0, 1.0, 1.0, 1.0, 1.0, 1.0, 0.8, 0.8, 1.0, 1.0, 0.8, 1.0, 1.0, 1.0, 0.8, 1.0, 1.0]"
adult,rf,1000,9,14,b2_stratified,0.0017746347390309443,0.001765569318015216,0.000126759624216496,0.000126112094143944,0.0011816772430156284,0.002422392680529896,1.0,0.9135531135531136,0.04628738168185002,0.8964065934065935,0.9305531135531135,0.8029304029304032,0.06797413700667321,0.8111111111111112,0.1651785416368723,0.92,0.09797958971132711,0.00012404511522698476,0.0,1000.0,8.182533946660502,0.176434051638363,1000.0,"[0.0015289893690740668, 0.001677607778207724, 0.007176904209631702, 0.0010973261314097245, 0.002203959745577156, 0.0035101389003936684, 7.562185903447577e-05, 0.0004250650336074196, 0.003157067275511954, 0.00021880030446533034, 0.00018318431886926424, 0.00022260236825575645, 0.0003255564879798803, 0.004748427976910954, 0.0002406927991621082, 0.00043364959046307447, 0.002240983460751128, 0.002562965892110156, 0.000690021101624436, 0.0011245145035000403, 0.0004911153420794345, 0.0006407708576173508, 0.00017901443851803974, 0.0009706340312465932, 0.0049158057796162, 0.00403383007995414, 0.00039107942803716107, 0.004079122784293146, 0.002464167551925382, 0.001229422771100843]","[0.9076923076923077, 0.8901098901098902, 0.8197802197802198, 0.9736263736263736, 0.9296703296703297, 0.8285714285714285, 0.9780219780219781, 0.9384615384615385, 0.9340659340659341, 0.9340659340659341, 0.8769230769230769, 0.9296703296703297, 0.9428571428571428, 0.8681318681318682, 0.9208791208791209, 0.9076923076923077, 0.8813186813186813, 0.8417582417582418, 0.9428571428571428, 0.9736263736263736, 0.9164835164835166, 0.8505494505494505, 0.9604395604395607, 0.8901098901098902, 0.8417582417582418, 0.9780219780219781, 0.9824175824175824, 0.9516483516483516, 0.8901098901098902, 0.9252747252747253]","[0.7582417582417583, 0.8021978021978022, 0.6923076923076924, 0.8901098901098902, 0.8021978021978022, 0.7362637362637363, 0.9120879120879122, 0.8461538461538461, 0.8241758241758242, 0.7802197802197802, 0.7362637362637363, 0.8021978021978022, 0.8461538461538461, 0.7142857142857144, 0.8021978021978022, 0.7582417582417583, 0.7582417582417583, 0.6923076923076924, 0.8461538461538461, 0.8901098901098902, 0.8021978021978022, 0.7362637362637363, 0.8901098901098902, 0.8021978021978022, 0.6923076923076924, 0.9120879120879122, 0.9340659340659341, 0.8461538461538461, 0.7582417582417583, 0.8241758241758242]","[0.6666666666666666, 1.0, 0.6666666666666666, 0.6666666666666666, 0.6666666666666666, 0.6666666666666666, 0.6666666666666666, 1.0, 1.0, 0.6666666666666666, 0.6666666666666666, 1.0, 1.0, 0.6666666666666666, 1.0, 0.6666666666666666, 0.6666666666666666, 0.6666666666666666, 1.0, 0.6666666666666666, 0.6666666666666666, 0.6666666666666666, 1.0, 1.0, 1.0, 0.6666666666666666, 1.0, 1.0, 1.0, 0.6666666666666666]","[0.8, 1.0, 0.8, 1.0, 0.8, 1.0, 1.0, 0.8, 1.0, 0.8, 0.8, 1.0, 1.0, 0.8, 1.0, 0.8, 1.0, 0.8, 0.8, 1.0, 1.0, 1.0, 1.0, 1.0, 0.8, 1.0, 1.0, 1.0, 0.8, 1.0]"
adult,rf,1000,9,14,b3_is,0.0008188863833802322,0.0012521450434029053,5.849188452715944e-05,8.943893167163609e-05,0.00044576435211041377,0.0013249547324541676,0.4614393967219377,0.950915750915751,0.038287763718559444,0.9362600732600732,0.9632271062271063,0.8615384615384617,0.06953534953651155,0.8777777777777779,0.1606314699422329,0.9133333333333334,0.09910712498212333,5.5985865104337044e-05,0.0,1000.0,8.354245666662852,0.3422521362802331,1000.0,"[9.301273519597219e-05, 0.0001790742129649124, 0.0005845525761868207, 0.0011564847821615267, 0.0002554287309623775, 0.00033348343990568835, 0.002331973077890307, 0.00023492040544111645, 0.00036343442030061846, 0.0001726637001355952, 0.00037218607251151566, 0.00022534922924646747, 0.00026510659071653437, 0.0007325310396689883, 0.00047023237140113295, 0.0007871157324455621, 0.0008372126122697175, 0.00417413959264513, 0.0001026113468135414, 0.00027613064647387685, 0.00028200822021256903, 0.0028986451951435173, 0.00023065655697111214, 0.0007761891472172291, 7.338781516074042e-05, 0.005514187567711007, 0.0002883212950576445, 0.0002951244710335698, 0.00011271581340751038, 0.0001477121041546587]","[0.9824175824175824, 0.9648351648351648, 0.9824175824175824, 0.8857142857142857, 0.956043956043956, 0.9428571428571428, 0.8769230769230769, 0.9516483516483516, 0.9472527472527472, 0.9780219780219781, 0.9692307692307693, 0.9384615384615385, 0.9868131868131869, 0.9692307692307693, 0.9692307692307693, 0.9252747252747253, 0.9868131868131869, 0.9692307692307693, 0.9516483516483516, 0.9912087912087912, 0.9780219780219781, 0.8813186813186813, 0.9516483516483516, 0.9076923076923077, 0.9780219780219781, 0.8285714285714285, 0.956043956043956, 0.9648351648351648, 0.9824175824175824, 0.9736263736263736]","[0.9120879120879122, 0.8681318681318682, 0.9340659340659341, 0.7582417582417583, 0.8241758241758242, 0.8241758241758242, 0.7362637362637363, 0.8461538461538461, 0.8241758241758242, 0.9120879120879122, 0.9120879120879122, 0.8021978021978022, 0.9560439560439562, 0.9120879120879122, 0.8681318681318682, 0.8021978021978022, 0.9560439560439562, 0.8901098901098902, 0.8461538461538461, 0.9560439560439562, 0.9120879120879122, 0.7582417582417583, 0.8681318681318682, 0.7582417582417583, 0.9120879120879122, 0.6923076923076924, 0.8681318681318682, 0.8901098901098902, 0.9340659340659341, 0.9120879120879122]","[0.6666666666666666, 1.0, 1.0, 1.0, 0.6666666666666666, 0.6666666666666666, 0.6666666666666666, 1.0, 0.6666666666666666, 1.0, 1.0, 1.0, 1.0, 1.0, 0.6666666666666666, 0.6666666666666666, 1.0, 1.0, 1.0, 1.0, 1.0, 0.6666666666666666, 1.0, 1.0, 0.6666666666666666, 0.6666666666666666, 1.0, 1.0, 1.0, 0.6666666666666666]","[0.8, 0.8, 1.0, 0.8, 0.8, 1.0, 0.8, 0.8, 1.0, 1.0, 1.0, 0.8, 1.0, 1.0, 0.8, 1.0, 1.0, 1.0, 0.8, 1.0, 0.8, 0.8, 1.0, 0.8, 1.0, 0.8, 1.0, 1.0, 1.0, 1.0]"
adult,rf,1000,9,14,b4_antithetic,0.0026491990315251107,0.0006734833358658555,0.00018922850225179362,4.8105952561846825e-05,0.002401503087251401,0.0028901421648490303,1.4928136890703099,0.7882783882783885,0.04926324587256061,0.7705457875457876,0.8052783882783885,0.6329670329670332,0.05928636778369289,0.7555555555555558,0.14740554623801777,0.9866666666666667,0.04988876515698587,3.18247335137982e-05,0.0,1000.0,7.885387973339918,0.08766704393749535,1000.0,"[0.002281228922463312, 0.0024823693209004055, 0.0027666247134890084, 0.001861682845395737, 0.0026322669261492314, 0.002204993558158676, 0.002824593470268249, 0.0034147158451861464, 0.004046294053988699, 0.003498744998557219, 0.0025583305129562826, 0.0019952151800663657, 0.0015834095725089155, 0.0010793431230929594, 0.0014000550073647703, 0.0028677686270133715, 0.003157886826438161, 0.0022452253374892427, 0.0028244008217319597, 0.003942094959628608, 0.003200595172973611, 0.002764700537466754, 0.002046137220022334, 0.002825767597043236, 0.0022512341250401184, 0.0031553663566903215, 0.002719538396361309, 0.0027158909891710154, 0.003254420606155234, 0.0028750753219820503]","[0.832967032967033, 0.8417582417582418, 0.8241758241758241, 0.8241758241758241, 0.8769230769230769, 0.7626373626373627, 0.7582417582417583, 0.7186813186813187, 0.7846153846153847, 0.7934065934065934, 0.7538461538461538, 0.9032967032967033, 0.7934065934065934, 0.7494505494505495, 0.8505494505494505, 0.7934065934065934, 0.7890109890109891, 0.7802197802197802, 0.7230769230769231, 0.8021978021978022, 0.8153846153846154, 0.7846153846153847, 0.7318681318681319, 0.6967032967032967, 0.7098901098901099, 0.7274725274725276, 0.7890109890109891, 0.8549450549450549, 0.7846153846153847, 0.7978021978021977]","[0.6703296703296704, 0.7142857142857144, 0.7142857142857144, 0.6703296703296704, 0.7362637362637363, 0.6263736263736264, 0.6043956043956044, 0.5384615384615384, 0.6043956043956044, 0.6263736263736264, 0.6043956043956044, 0.7802197802197802, 0.6483516483516484, 0.6043956043956044, 0.6923076923076924, 0.6483516483516484, 0.6263736263736264, 0.6043956043956044, 0.5604395604395604, 0.6483516483516484, 0.6703296703296704, 0.6043956043956044, 0.5824175824175825, 0.5164835164835165, 0.5384615384615384, 0.5604395604395604, 0.6483516483516484, 0.6703296703296704, 0.6263736263736264, 0.6483516483516484]","[0.6666666666666666, 1.0, 1.0, 1.0, 0.6666666666666666, 1.0, 0.6666666666666666, 0.6666666666666666, 0.6666666666666666, 0.6666666666666666, 0.6666666666666666, 1.0, 0.6666666666666666, 1.0, 0.6666666666666666, 0.6666666666666666, 0.6666666666666666, 0.6666666666666666, 0.6666666666666666, 0.6666666666666666, 0.6666666666666666, 0.6666666666666666, 1.0, 0.6666666666666666, 0.6666666666666666, 0.6666666666666666, 0.6666666666666666, 0.6666666666666666, 1.0, 0.6666666666666666]","[1.0, 1.0, 1.0, 1.0, 1.0, 0.8, 1.0, 1.0, 1.0, 1.0, 1.0, 0.8, 1.0, 1.0, 1.0, 1.0, 1.0, 1.0, 1.0, 1.0, 1.0, 1.0, 1.0, 1.0, 1.0, 1.0, 1.0, 1.0, 1.0, 1.0]"
adult,mlp,1000,0,14,abc_shap,0.004018052544994808,0.002560299328245427,0.0002870037532139149,0.00018287852344610195,0.0031493157767828227,0.004944902860343435,3.8545914144190303,0.8712087912087914,0.07679235360236622,0.8405787545787546,0.8973003663003664,0.745787545787546,0.0959147559473078,0.8333333333333335,0.16666666666666666,0.9933333333333334,0.03590109871423002,0.0002756324546583869,504.0,496.0,0.18797671666446453,0.009085673600127114,504.0,"[0.004502115834052132, 0.0015159488525203315, 0.0024583131572080887, 0.006272351248923997, 0.0037356893846655467, 0.0018265623444928762, 0.006248908342671739, 0.0008657043945310805, 0.0013125993299175377, 0.002801997743529262, 0.0058866230584740725, 0.01206747263292119, 0.00047908351332273246, 0.005155937502866821, 0.004689553684096569, 0.007942717831142813, 0.0036962957955875187, 0.0011603720229211912, 0.002740118558674368, 0.005467572618125346, 0.0051450913808655276, 0.0025483096321797694, 0.005799525478977733, 0.001655646542950602, 0.0059878669853470345, 0.0051278179889452, 0.007556188906863919, 0.0015283126138102522, 0.0013641398712138317, 0.003002739098045154]","[0.9208791208791209, 0.9208791208791209, 0.8549450549450549, 0.8857142857142857, 0.9604395604395607, 0.9340659340659341, 0.6483516483516484, 0.8373626373626375, 0.9428571428571428, 0.7978021978021977, 0.9296703296703297, 0.8549450549450549, 0.9604395604395607, 0.9384615384615385, 0.8021978021978022, 0.7230769230769231, 0.9780219780219781, 0.8813186813186813, 0.8153846153846154, 0.8945054945054945, 0.956043956043956, 0.9076923076923077, 0.8065934065934066, 0.956043956043956, 0.8901098901098902, 0.8373626373626375, 0.8989010989010989, 0.7978021978021977, 0.8417582417582418, 0.7626373626373627]","[0.8021978021978022, 0.8021978021978022, 0.6923076923076924, 0.7582417582417583, 0.8461538461538461, 0.8241758241758242, 0.5164835164835165, 0.7362637362637363, 0.8461538461538461, 0.6703296703296704, 0.8021978021978022, 0.6923076923076924, 0.8681318681318682, 0.8021978021978022, 0.6263736263736264, 0.5604395604395604, 0.9120879120879122, 0.8021978021978022, 0.6703296703296704, 0.7582417582417583, 0.8681318681318682, 0.7802197802197802, 0.6703296703296704, 0.8681318681318682, 0.7582417582417583, 0.6483516483516484, 0.7582417582417583, 0.6703296703296704, 0.7582417582417583, 0.6043956043956044]","[0.6666666666666666, 1.0, 0.6666666666666666, 0.6666666666666666, 1.0, 0.6666666666666666, 0.6666666666666666, 1.0, 1.0, 0.6666666666666666, 1.0, 0.6666666666666666, 0.6666666666666666, 0.6666666666666666, 0.6666666666666666, 0.6666666666666666, 1.0, 1.0, 0.6666666666666666, 1.0, 1.0, 1.0, 1.0, 1.0, 1.0, 0.6666666666666666, 1.0, 0.6666666666666666, 1.0, 0.6666666666666666]","[1.0, 1.0, 1.0, 1.0, 1.0, 1.0, 1.0, 1.0, 1.0, 1.0, 1.0, 1.0, 1.0, 1.0, 1.0, 1.0, 1.0, 1.0, 1.0, 1.0, 1.0, 1.0, 1.0, 1.0, 1.0, 1.0, 0.8, 1.0, 1.0, 1.0]"
adult,mlp,1000,0,14,b1_uniform,0.007423275042725661,0.0022352036778306643,0.0005302339316232615,0.00015965740555933317,0.006713632988931416,0.008284078972958344,7.121283737865694,0.8593406593406594,0.05850173505863384,0.8380952380952382,0.8827875457875459,0.7230769230769233,0.08561090788566472,0.9111111111111112,0.14740554623801783,1.0,0.0,0.0001392683723753,0.0,1000.0,0.16279560001567006,0.005385281451336364,1000.0,"[0.007989368979325584, 0.003930992072319881, 0.006571864629398239, 0.005245414307825346, 0.0043429961807273055, 0.006132876537789595, 0.008885017666581882, 0.006068873907152737, 0.007167896134503199, 0.007225960881492976, 0.008935108071649829, 0.007240273215180546, 0.005600535517543003, 0.0059649731401010195, 0.0045170651236223665, 0.008093806157895612, 0.012584733276700458, 0.00804596758702983, 0.010524689111254083, 0.005483015976760024, 0.010816761039258964, 0.009516976552897063, 0.007241487507882983, 0.005855274560865961, 0.008869968443324296, 0.005937745192655185, 0.004031015073759846, 0.01099636742824409, 0.007942106067443621, 0.010939120940584296]","[0.8065934065934066, 0.8241758241758241, 0.8417582417582418, 0.8989010989010989, 0.7978021978021977, 0.8065934065934066, 0.9164835164835166, 0.8109890109890111, 0.8241758241758241, 0.8109890109890111, 0.7714285714285714, 0.7978021978021977, 0.8549450549450549, 0.8813186813186813, 0.8989010989010989, 0.8725274725274725, 0.8989010989010989, 0.8813186813186813, 0.8769230769230769, 0.8241758241758241, 0.9076923076923077, 0.8901098901098902, 0.9648351648351648, 0.8285714285714285, 0.7494505494505495, 0.9516483516483516, 0.9516483516483516, 0.7890109890109891, 0.8725274725274725, 0.9780219780219781]","[0.6263736263736264, 0.6703296703296704, 0.6923076923076924, 0.7802197802197802, 0.6923076923076924, 0.6703296703296704, 0.7802197802197802, 0.6483516483516484, 0.6703296703296704, 0.6483516483516484, 0.6043956043956044, 0.6263736263736264, 0.6923076923076924, 0.7802197802197802, 0.7802197802197802, 0.7582417582417583, 0.7802197802197802, 0.7362637362637363, 0.7142857142857144, 0.6483516483516484, 0.7802197802197802, 0.8021978021978022, 0.8901098901098902, 0.6703296703296704, 0.5824175824175825, 0.8461538461538461, 0.8461538461538461, 0.6043956043956044, 0.7582417582417583, 0.9120879120879122]","[1.0, 1.0, 0.6666666666666666, 1.0, 1.0, 1.0, 1.0, 1.0, 0.6666666666666666, 0.6666666666666666, 1.0, 1.0, 0.6666666666666666, 1.0, 1.0, 1.0, 1.0, 1.0, 1.0, 0.6666666666666666, 1.0, 1.0, 1.0, 0.6666666666666666, 0.6666666666666666, 1.0, 1.0, 0.6666666666666666, 1.0, 1.0]","[1.0, 1.0, 1.0, 1.0, 1.0, 1.0, 1.0, 1.0, 1.0, 1.0, 1.0, 1.0, 1.0, 1.0, 1.0, 1.0, 1.0, 1.0, 1.0, 1.0, 1.0, 1.0, 1.0, 1.0, 1.0, 1.0, 1.0, 1.0, 1.0, 1.0]"
adult,mlp,1000,0,14,b2_stratified,0.0010424068631410095,0.0005498431629255301,7.445763308150067e-05,3.927451163753786e-05,0.0008557983660807964,0.0012595840228570028,1.0,0.918974358974359,0.05549246239544689,0.8983040293040294,0.9387582417582417,0.8249084249084251,0.07143890223028626,0.8777777777777779,0.1606314699422329,1.0,0.0,6.48324610535824e-05,0.0,1000.0,0.16436548999821146,0.005214676069467307,1000.0,"[0.0003266835602735941, 0.0007211312907014939, 0.0012296860959956255, 0.0016621257100478018, 0.0008410078913352682, 0.0009738020526440502, 0.0011588248769190948, 0.0005439336086498653, 0.0008696878854712167, 0.0010616957931031035, 0.0003260249692233386, 0.0004686961444044856, 0.002895155327419952, 0.0011548284914306042, 0.000959411095605892, 0.0008538287065061453, 0.0020646140148718154, 0.0008520830997935515, 0.0008993009328720091, 0.0003878974395014766, 0.0007948756329313937, 0.0009534064638168605, 0.0009148325866591725, 0.0007861610552128592, 0.0017059032408098767, 0.0019306844972672064, 0.001490052058422824, 0.0006949702102304184, 0.0010759184764158284, 0.0006749826856934601]","[0.9736263736263736, 0.9252747252747253, 0.8285714285714285, 0.8681318681318682, 0.9472527472527472, 0.9692307692307693, 0.8945054945054945, 0.9824175824175824, 0.8769230769230769, 0.8681318681318682, 0.9824175824175824, 0.9780219780219781, 0.9824175824175824, 0.8989010989010989, 0.8725274725274725, 0.956043956043956, 0.8725274725274725, 0.9076923076923077, 0.9604395604395607, 0.9296703296703297, 0.9384615384615385, 0.9384615384615385, 0.9648351648351648, 0.8593406593406594, 0.7802197802197802, 0.956043956043956, 0.956043956043956, 0.9604395604395607, 0.7934065934065934, 0.9472527472527472]","[0.8901098901098902, 0.8681318681318682, 0.7802197802197802, 0.7142857142857144, 0.8461538461538461, 0.9120879120879122, 0.8241758241758242, 0.9120879120879122, 0.7582417582417583, 0.8021978021978022, 0.9340659340659341, 0.9120879120879122, 0.9120879120879122, 0.7582417582417583, 0.7582417582417583, 0.8681318681318682, 0.7362637362637363, 0.8021978021978022, 0.8681318681318682, 0.8241758241758242, 0.8461538461538461, 0.8461538461538461, 0.8681318681318682, 0.7362637362637363, 0.6703296703296704, 0.8681318681318682, 0.8681318681318682, 0.8681318681318682, 0.6703296703296704, 0.8241758241758242]","[1.0, 1.0, 1.0, 0.6666666666666666, 0.6666666666666666, 1.0, 1.0, 0.6666666666666666, 0.6666666666666666, 1.0, 1.0, 0.6666666666666666, 0.6666666666666666, 0.6666666666666666, 1.0, 0.6666666666666666, 1.0, 1.0, 1.0, 1.0, 1.0, 1.0, 0.6666666666666666, 1.0, 1.0, 0.6666666666666666, 0.6666666666666666, 1.0, 1.0, 1.0]","[1.0, 1.0, 1.0, 1.0, 1.0, 1.0, 1.0, 1.0, 1.0, 1.0, 1.0, 1.0, 1.0, 1.0, 1.0, 1.0, 1.0, 1.0, 1.0, 1.0, 1.0, 1.0, 1.0, 1.0, 1.0, 1.0, 1.0, 1.0, 1.0, 1.0]"
adult,mlp,1000,0,14,b3_is,0.0007143628794494816,0.0004695173172034601,5.102591996067726e-05,3.353695122881858e-05,0.0005436227816084636,0.0008975503682438191,0.6853013969007682,0.9362637362637363,0.05128309784384734,0.916043956043956,0.9542930402930403,0.8498168498168499,0.06346622936428879,0.8111111111111112,0.1651785416368723,1.0,0.0,4.385867571842434e-05,0.0,1000.0,0.1829000733482341,0.0078110029569706686,1000.0,"[0.00021163908294967115, 0.0014860362811378906, 0.0005266478057831495, 0.00042310807399620684, 0.000841022036264544, 0.0007037871086333028, 0.0005353099341470815, 0.000414249367219502, 0.0005906122735730539, 0.00016494053006878203, 0.0013156860144629588, 0.0004928941456972133, 0.0009255162839652426, 0.000627114406653111, 0.0002882312125451346, 0.0019234182402107474, 0.0013134342610255016, 0.0001755018458453328, 0.000983987608636491, 0.000945599829066097, 0.0013051425595368281, 0.00021786405620238976, 0.00015525376065143499, 0.0005734619588785917, 0.0017108422255118542, 0.0006690601692142824, 0.0005805617374089215, 0.0005820469971477069, 0.00013124491274285363, 0.0006166716643085708]","[0.9780219780219781, 0.956043956043956, 0.9736263736263736, 0.9516483516483516, 0.9340659340659341, 0.9692307692307693, 0.9120879120879121, 0.9780219780219781, 0.956043956043956, 0.9780219780219781, 0.8505494505494505, 0.9648351648351648, 0.9120879120879121, 0.8373626373626375, 0.9384615384615385, 0.8417582417582418, 0.8197802197802198, 0.9780219780219781, 0.9076923076923077, 0.9824175824175824, 0.8241758241758241, 0.9472527472527472, 0.9824175824175824, 0.9736263736263736, 0.9604395604395607, 0.9384615384615385, 0.9824175824175824, 0.9032967032967033, 0.9912087912087912, 0.9648351648351648]","[0.9120879120879122, 0.8461538461538461, 0.8901098901098902, 0.8461538461538461, 0.8021978021978022, 0.9120879120879122, 0.8241758241758242, 0.9120879120879122, 0.8461538461538461, 0.9120879120879122, 0.7582417582417583, 0.8901098901098902, 0.7802197802197802, 0.7362637362637363, 0.8461538461538461, 0.7582417582417583, 0.7362637362637363, 0.9120879120879122, 0.7802197802197802, 0.9120879120879122, 0.7582417582417583, 0.8681318681318682, 0.9340659340659341, 0.8901098901098902, 0.8901098901098902, 0.8021978021978022, 0.9120879120879122, 0.8021978021978022, 0.9560439560439562, 0.8681318681318682]","[0.6666666666666666, 0.6666666666666666, 0.6666666666666666, 0.6666666666666666, 0.6666666666666666, 1.0, 1.0, 0.6666666666666666, 0.6666666666666666, 0.6666666666666666, 0.6666666666666666, 0.6666666666666666, 1.0, 1.0, 1.0, 1.0, 1.0, 0.6666666666666666, 1.0, 0.6666666666666666, 1.0, 1.0, 0.6666666666666666, 0.6666666666666666, 0.6666666666666666, 1.0, 0.6666666666666666, 1.0, 1.0, 0.6666666666666666]","[1.0, 1.0, 1.0, 1.0, 1.0, 1.0, 1.0, 1.0, 1.0, 1.0, 1.0, 1.0, 1.0, 1.0, 1.0, 1.0, 1.0, 1.0, 1.0, 1.0, 1.0, 1.0, 1.0, 1.0, 1.0, 1.0, 1.0, 1.0, 1.0, 1.0]"
adult,mlp,1000,0,14,b4_antithetic,0.006068493539111431,0.0013835237603795616,0.00043346382422224507,9.882312574139726e-05,0.005581573881708578,0.006551423428092649,5.8216170227675565,0.8772161172161173,0.054594436864908606,0.8587435897435898,0.8964102564102565,0.753846153846154,0.0819203560351318,0.9888888888888888,0.059835164523716726,1.0,0.0,5.8007717654616766e-05,0.0,1000.0,0.15773780333499113,0.0037490941011523184,1000.0,"[0.006141756426171752, 0.0027613587198475433, 0.007542643984892931, 0.0063838397019676, 0.007237250267265711, 0.0030180486793986187, 0.008109119056251543, 0.005574704342127139, 0.006126082622176648, 0.007466252865920122, 0.00689423818601333, 0.005384812279902342, 0.0065476401035347645, 0.008092458464311066, 0.004737131215722326, 0.005931424720300351, 0.006331126349615301, 0.003798520601284077, 0.004262963397792824, 0.006441090048560372, 0.006422513664817627, 0.007246670202787322, 0.006663613549393223, 0.005494894468263493, 0.004318060586478811, 0.006756771199809538, 0.005169611391967245, 0.007621023984595198, 0.005985525393284653, 0.0075936596988894975]","[0.9384615384615385, 0.9340659340659341, 0.9296703296703297, 0.8197802197802198, 0.9120879120879121, 0.8725274725274725, 0.8681318681318682, 0.8549450549450549, 0.7934065934065934, 0.8505494505494505, 0.8769230769230769, 0.9648351648351648, 0.9384615384615385, 0.8373626373626375, 0.8065934065934066, 0.9340659340659341, 0.9472527472527472, 0.8593406593406594, 0.9736263736263736, 0.8857142857142857, 0.8593406593406594, 0.7978021978021977, 0.7978021978021977, 0.9032967032967033, 0.8725274725274725, 0.9340659340659341, 0.7846153846153847, 0.9032967032967033, 0.8109890109890111, 0.8549450549450549]","[0.8021978021978022, 0.8461538461538461, 0.8241758241758242, 0.6703296703296704, 0.8021978021978022, 0.7362637362637363, 0.7362637362637363, 0.7362637362637363, 0.6483516483516484, 0.6923076923076924, 0.7582417582417583, 0.8901098901098902, 0.8461538461538461, 0.6923076923076924, 0.6703296703296704, 0.8461538461538461, 0.8681318681318682, 0.7142857142857144, 0.8901098901098902, 0.7582417582417583, 0.7362637362637363, 0.6263736263736264, 0.6263736263736264, 0.8241758241758242, 0.7802197802197802, 0.8241758241758242, 0.6043956043956044, 0.8021978021978022, 0.6483516483516484, 0.7142857142857144]","[1.0, 1.0, 1.0, 1.0, 1.0, 1.0, 1.0, 1.0, 1.0, 1.0, 1.0, 0.6666666666666666, 1.0, 1.0, 1.0, 1.0, 1.0, 1.0, 1.0, 1.0, 1.0, 1.0, 1.0, 1.0, 1.0, 1.0, 1.0, 1.0, 1.0, 1.0]","[1.0, 1.0, 1.0, 1.0, 1.0, 1.0, 1.0, 1.0, 1.0, 1.0, 1.0, 1.0, 1.0, 1.0, 1.0, 1.0, 1.0, 1.0, 1.0, 1.0, 1.0, 1.0, 1.0, 1.0, 1.0, 1.0, 1.0, 1.0, 1.0, 1.0]"
adult,mlp,1000,1,14,abc_shap,0.0016725299363922553,0.0008301033328511984,0.00011946642402801823,5.9293095203657034e-05,0.001389417650692795,0.0019748681429529492,3.0125451571289363,0.8294505494505496,0.07658449819700108,0.8030769230769234,0.8568534798534798,0.6673992673992676,0.11087228959644024,0.7666666666666669,0.17533037597843887,0.9266666666666666,0.09637888196533971,0.00011706817205945602,504.0,496.0,0.18461904000723733,0.0028112257347870967,504.0,"[0.0022785667488825225, 0.0020080161590528005, 0.00024929852911517177, 0.0013292070356793952, 0.0012270366093833712, 0.0015722583014006494, 0.0004609030918962109, 0.002459902639106672, 0.0022211185782440267, 0.0009731018616359909, 0.002415280579356405, 0.0018090958683571726, 0.0005620768070961393, 0.0008279309003579677, 0.002155778323388393, 0.0024910603951462038, 0.002827876433946732, 0.00321178003131359, 0.0025349473543967026, 0.00047892693596065914, 0.0031909814216365038, 0.0008492454724661275, 0.0021338672519959343, 0.001767930417801009, 0.0008202171980349996, 0.001846060479202692, 0.000917652627817265, 0.0006807185977959217, 0.002019278998785643, 0.001855782442514779]","[0.7538461538461538, 0.8021978021978022, 0.956043956043956, 0.7758241758241758, 0.767032967032967, 0.7362637362637363, 0.956043956043956, 0.8153846153846154, 0.745054945054945, 0.7626373626373627, 0.8197802197802198, 0.7934065934065934, 0.9428571428571428, 0.9296703296703297, 0.767032967032967, 0.9164835164835166, 0.7406593406593407, 0.8989010989010989, 0.7274725274725276, 0.9120879120879121, 0.6835164835164835, 0.8549450549450549, 0.8593406593406594, 0.7714285714285714, 0.9384615384615385, 0.8505494505494505, 0.8813186813186813, 0.8769230769230769, 0.8461538461538461, 0.8021978021978022]","[0.5824175824175825, 0.6483516483516484, 0.8461538461538461, 0.6043956043956044, 0.5384615384615384, 0.4725274725274726, 0.8681318681318682, 0.6043956043956044, 0.6043956043956044, 0.5604395604395604, 0.7362637362637363, 0.6043956043956044, 0.8461538461538461, 0.8021978021978022, 0.5384615384615384, 0.7802197802197802, 0.5164835164835165, 0.7362637362637363, 0.5384615384615384, 0.8021978021978022, 0.5164835164835165, 0.6923076923076924, 0.7582417582417583, 0.6043956043956044, 0.8021978021978022, 0.6703296703296704, 0.7142857142857144, 0.7142857142857144, 0.6263736263736264, 0.6923076923076924]","[1.0, 0.6666666666666666, 1.0, 1.0, 0.6666666666666666, 0.6666666666666666, 1.0, 0.6666666666666666, 1.0, 0.6666666666666666, 0.6666666666666666, 0.6666666666666666, 0.6666666666666666, 1.0, 0.6666666666666666, 1.0, 0.3333333333333333, 0.6666666666666666, 0.6666666666666666, 0.6666666666666666, 0.6666666666666666, 1.0, 1.0, 1.0, 0.6666666666666666, 0.6666666666666666, 0.6666666666666666, 0.6666666666666666, 0.6666666666666666, 0.6666666666666666]","[0.8, 1.0, 1.0, 1.0, 0.8, 0.8, 1.0, 0.8, 1.0, 1.0, 1.0, 0.8, 1.0, 1.0, 1.0, 0.8, 0.8, 1.0, 0.8, 1.0, 1.0, 1.0, 1.0, 1.0, 1.0, 0.8, 0.8, 1.0, 0.8, 1.0]"
adult,mlp,1000,1,14,b1_uniform,0.0014337327412115555,0.0006232152382859171,0.00010240948151511111,4.4515374163279796e-05,0.0012250011326849178,0.0016729561256987923,2.582425899933845,0.7856410256410258,0.09179472562541531,0.7531098901098903,0.8183223443223444,0.6153846153846155,0.10778197657353168,0.9444444444444444,0.12422599874998834,0.9000000000000001,0.09999999999999996,6.481970388197277e-05,0.0,1000.0,0.1616498800033393,0.002916136433071606,1000.0,"[0.0011082638906868513, 0.0007473554001531607, 0.0017786525659450195, 0.0022170239933176545, 0.0009530319191654963, 0.0010144564568540517, 0.0007753404786063065, 0.0013566552934032204, 0.00216478946877581, 0.0012322203973661478, 0.0015747694096225151, 0.0006320650529271237, 0.002041607564079959, 0.0016414699335029525, 0.0027188513681182416, 0.0014817788561205972, 0.0019623825773279883, 0.0014712338735915979, 0.0009568262988406547, 0.0012295120326444935, 0.0006210785488554625, 0.000874471084578869, 0.001272162426014071, 0.0010552483497214826, 0.001305173090230257, 0.0031274303631330168, 0.0005793547200540888, 0.0014118729915880235, 0.001337948883490534, 0.0023689549476310213]","[0.7846153846153847, 0.7186813186813187, 0.6835164835164835, 0.8901098901098902, 0.7802197802197802, 0.8197802197802198, 0.8593406593406594, 0.7186813186813187, 0.9120879120879121, 0.7010989010989012, 0.6923076923076923, 0.8857142857142857, 0.8417582417582418, 0.665934065934066, 0.6527472527472528, 0.7934065934065934, 0.665934065934066, 0.8285714285714285, 0.8593406593406594, 0.7054945054945055, 0.9120879120879121, 0.9252747252747253, 0.8901098901098902, 0.767032967032967, 0.8945054945054945, 0.5956043956043956, 0.832967032967033, 0.8549450549450549, 0.7230769230769231, 0.7142857142857143]","[0.5824175824175825, 0.5824175824175825, 0.4945054945054945, 0.7362637362637363, 0.5604395604395604, 0.6483516483516484, 0.6923076923076924, 0.5384615384615384, 0.7582417582417583, 0.4725274725274726, 0.5164835164835165, 0.7362637362637363, 0.6923076923076924, 0.45054945054945056, 0.4725274725274726, 0.6263736263736264, 0.45054945054945056, 0.7142857142857144, 0.6923076923076924, 0.5604395604395604, 0.7802197802197802, 0.8021978021978022, 0.7142857142857144, 0.6043956043956044, 0.7362637362637363, 0.42857142857142855, 0.6263736263736264, 0.6923076923076924, 0.5604395604395604, 0.5384615384615384]","[1.0, 1.0, 1.0, 0.6666666666666666, 1.0, 1.0, 1.0, 1.0, 1.0, 1.0, 0.6666666666666666, 0.6666666666666666, 1.0, 0.6666666666666666, 1.0, 1.0, 1.0, 1.0, 1.0, 1.0, 1.0, 1.0, 1.0, 1.0, 1.0, 0.6666666666666666, 1.0, 1.0, 1.0, 1.0]","[0.8, 1.0, 1.0, 1.0, 1.0, 0.8, 1.0, 0.8, 0.8, 1.0, 1.0, 1.0, 0.8, 0.8, 0.8, 0.8, 0.8, 1.0, 1.0, 0.8, 1.0, 1.0, 0.8, 1.0, 0.8, 0.8, 1.0, 1.0, 0.8, 0.8]"
adult,mlp,1000,1,14,b2_stratified,0.0005551883371554956,0.00035485869455000203,3.965630979682111e-05,2.534704961071443e-05,0.0004249198201688148,0.0006844372835167326,1.0,0.9265934065934066,0.049693663681797014,0.9065201465201466,0.9431501831501831,0.8146520146520149,0.08637545940944405,0.8444444444444444,0.16629588385661961,0.9666666666666668,0.07453559924999298,3.8122414040990734e-05,0.0,1000.0,0.16720018667013695,0.018847732222925854,1000.0,"[0.0010413498590705424, 0.0003949433104702944, 0.0016428308928900016, 0.000986153675244033, 0.0002424171576160379, 0.0004153967016225479, 0.0005038083263260293, 0.0003425133850025129, 0.00013624906059461411, 0.0001838572904357168, 0.0005821598757303594, 0.0004359826721288653, 0.0008123402793910018, 0.0004362639593740124, 0.0006578186037158902, 0.00010235360793711937, 0.00034131535854667284, 0.0010616692477141698, 0.0004946616858549444, 0.0008451633303738433, 0.0002228818727388023, 0.0005610441822508165, 0.00016759626610071283, 0.00039431236586944614, 0.0006174427445826251, 0.0004217972222186804, 0.0004176905829749903, 0.001170600653961189, 0.00015244136155939867, 0.0008705945823689971]","[0.9340659340659341, 0.9604395604395607, 0.9648351648351648, 0.9032967032967033, 0.8857142857142857, 0.9648351648351648, 0.9340659340659341, 0.8945054945054945, 0.956043956043956, 0.9780219780219781, 0.9516483516483516, 0.8285714285714285, 0.8813186813186813, 0.9912087912087912, 0.9604395604395607, 0.9956043956043955, 0.8989010989010989, 0.8945054945054945, 0.9120879120879121, 0.9164835164835166, 0.9428571428571428, 0.9252747252747253, 0.8769230769230769, 0.9296703296703297, 0.956043956043956, 0.9120879120879121, 0.9472527472527472, 0.9648351648351648, 0.9824175824175824, 0.7538461538461538]","[0.8461538461538461, 0.8681318681318682, 0.8901098901098902, 0.7582417582417583, 0.7362637362637363, 0.8681318681318682, 0.8241758241758242, 0.7362637362637363, 0.8461538461538461, 0.9120879120879122, 0.8461538461538461, 0.6703296703296704, 0.7582417582417583, 0.9560439560439562, 0.8681318681318682, 0.9780219780219781, 0.7802197802197802, 0.7362637362637363, 0.7582417582417583, 0.7802197802197802, 0.8461538461538461, 0.8021978021978022, 0.7582417582417583, 0.8021978021978022, 0.8461538461538461, 0.8021978021978022, 0.8241758241758242, 0.8681318681318682, 0.9340659340659341, 0.5384615384615384]","[0.6666666666666666, 1.0, 0.6666666666666666, 0.6666666666666666, 1.0, 0.6666666666666666, 0.6666666666666666, 0.6666666666666666, 0.6666666666666666, 1.0, 0.6666666666666666, 1.0, 0.6666666666666666, 1.0, 0.6666666666666666, 1.0, 1.0, 0.6666666666666666, 1.0, 0.6666666666666666, 1.0, 1.0, 1.0, 0.6666666666666666, 1.0, 1.0, 1.0, 0.6666666666666666, 1.0, 1.0]","[1.0, 1.0, 1.0, 1.0, 1.0, 1.0, 1.0, 0.8, 1.0, 1.0, 1.0, 1.0, 1.0, 1.0, 1.0, 1.0, 1.0, 1.0, 1.0, 1.0, 0.8, 1.0, 1.0, 1.0, 1.0, 1.0, 0.8, 0.8, 1.0, 0.8]"
adult,mlp,1000,1,14,b3_is,0.00034031914307909567,0.00021282124808417863,2.4308510219935405e-05,1.5201517720298473e-05,0.00027279925172321964,0.0004202700204339317,0.6129796328624606,0.9252747252747253,0.05569307671539154,0.9038791208791209,0.942864468864469,0.8146520146520149,0.10002347803662055,0.8000000000000002,0.16329931618554522,0.9733333333333333,0.06798692684790378,2.1775224820449493e-05,0.0,1000.0,0.18270291667043542,0.00661576568845025,1000.0,"[0.0004891633071855653, 0.00014151269736654079, 0.00016247130912129955, 0.00031945166417021763, 0.00035757938463842144, 0.00031708628002992785, 0.00030126375354797317, 0.0007263023661404635, 0.0007473380655773791, 0.00011719723847436417, 0.00022031606551822824, 0.00019719157150254217, 0.0004470384516060508, 0.0002057605312483577, 0.00037225552654846314, 8.448070078182801e-05, 0.0008326078678861919, 0.00028007069829342313, 0.00043394869491209, 0.00042650459399214954, 0.0003409033090057265, 0.0001329663261265279, 0.00047630014677864645, 0.00011586320321274379, 0.00010744512497113614, 9.162412951255375e-05, 0.0002527871229964286, 0.0005682507312337514, 0.00016944950521348317, 0.0007744439247803956]","[0.9472527472527472, 0.9736263736263736, 0.9516483516483516, 0.9428571428571428, 0.9648351648351648, 0.9780219780219781, 0.9780219780219781, 0.7758241758241758, 0.8637362637362638, 0.9824175824175824, 0.9692307692307693, 0.9428571428571428, 0.9296703296703297, 0.9824175824175824, 0.9472527472527472, 0.9164835164835166, 0.9252747252747253, 0.8725274725274725, 0.9648351648351648, 0.8725274725274725, 0.9384615384615385, 0.8813186813186813, 0.9296703296703297, 0.9164835164835166, 0.9076923076923077, 0.9164835164835166, 0.9912087912087912, 0.8813186813186813, 0.9604395604395607, 0.7538461538461538]","[0.8461538461538461, 0.9120879120879122, 0.8461538461538461, 0.8021978021978022, 0.8681318681318682, 0.9120879120879122, 0.9120879120879122, 0.5384615384615384, 0.7142857142857144, 0.9340659340659341, 0.8901098901098902, 0.8681318681318682, 0.8021978021978022, 0.9120879120879122, 0.8681318681318682, 0.8241758241758242, 0.7802197802197802, 0.7362637362637363, 0.8901098901098902, 0.7142857142857144, 0.8461538461538461, 0.7362637362637363, 0.8021978021978022, 0.8241758241758242, 0.7802197802197802, 0.7802197802197802, 0.9560439560439562, 0.7142857142857144, 0.8901098901098902, 0.5384615384615384]","[0.6666666666666666, 0.6666666666666666, 1.0, 0.6666666666666666, 0.6666666666666666, 1.0, 1.0, 0.6666666666666666, 1.0, 0.6666666666666666, 0.6666666666666666, 1.0, 0.6666666666666666, 0.6666666666666666, 1.0, 1.0, 0.6666666666666666, 0.6666666666666666, 0.6666666666666666, 0.6666666666666666, 0.6666666666666666, 1.0, 0.6666666666666666, 1.0, 1.0, 0.6666666666666666, 1.0, 0.6666666666666666, 1.0, 0.6666666666666666]","[1.0, 1.0, 1.0, 0.8, 1.0, 0.8, 1.0, 1.0, 1.0, 1.0, 1.0, 1.0, 1.0, 1.0, 1.0, 1.0, 0.8, 1.0, 1.0, 1.0, 1.0, 1.0, 1.0, 1.0, 1.0, 1.0, 1.0, 1.0, 0.8, 1.0]"
adult,mlp,1000,1,14,b4_antithetic,0.0005885773536566567,0.00015324487227808898,4.204123954690405e-05,1.0946062305577784e-05,0.0005349209103785615,0.0006447373718841891,1.060139981816314,0.7991208791208793,0.06395214166814399,0.7774285714285715,0.8216886446886448,0.6256410256410257,0.08232880851863854,1.0,0.0,0.9933333333333334,0.03590109871423002,6.2771770743895245e-06,0.0,1000.0,0.1572117266555627,0.003852864660501834,1000.0,"[0.0007750151186261559, 0.00018366805412866997, 0.000379907759886921, 0.0007411079338254365, 0.000740681448489353, 0.0002918537921940405, 0.0005400542210496109, 0.0006425323591554155, 0.0005990018582664524, 0.00048319675217130763, 0.00043873139541418516, 0.000714606376762884, 0.0009192837952556092, 0.000507917960667921, 0.0006352162968659664, 0.0006120538552071266, 0.0006728582710970722, 0.0004973619733133921, 0.0005574277090630188, 0.0008208865555246592, 0.0006268064725065955, 0.0004582705119822084, 0.00048571702953761355, 0.000507195653554098, 0.0005987877481731427, 0.0006028313355953979, 0.0007457971291489084, 0.0007331883829355198, 0.0005414135223115921, 0.0006039493369894287]","[0.6527472527472528, 0.8461538461538461, 0.8153846153846154, 0.8285714285714285, 0.7890109890109891, 0.8901098901098902, 0.6527472527472528, 0.8461538461538461, 0.8285714285714285, 0.8197802197802198, 0.8021978021978022, 0.6703296703296703, 0.8153846153846154, 0.832967032967033, 0.7538461538461538, 0.767032967032967, 0.8285714285714285, 0.832967032967033, 0.7714285714285714, 0.7626373626373627, 0.7714285714285714, 0.767032967032967, 0.8857142857142857, 0.8549450549450549, 0.7626373626373627, 0.8373626373626375, 0.7406593406593407, 0.7714285714285714, 0.9340659340659341, 0.8417582417582418]","[0.4945054945054945, 0.7142857142857144, 0.6043956043956044, 0.6043956043956044, 0.5824175824175825, 0.7362637362637363, 0.4945054945054945, 0.6923076923076924, 0.6483516483516484, 0.6483516483516484, 0.6263736263736264, 0.4945054945054945, 0.6263736263736264, 0.6263736263736264, 0.5604395604395604, 0.6043956043956044, 0.6483516483516484, 0.7142857142857144, 0.5824175824175825, 0.5824175824175825, 0.5604395604395604, 0.5604395604395604, 0.7802197802197802, 0.7362637362637363, 0.5384615384615384, 0.6703296703296704, 0.5604395604395604, 0.5604395604395604, 0.8241758241758242, 0.6923076923076924]","[1.0, 1.0, 1.0, 1.0, 1.0, 1.0, 1.0, 1.0, 1.0, 1.0, 1.0, 1.0, 1.0, 1.0, 1.0, 1.0, 1.0, 1.0, 1.0, 1.0, 1.0, 1.0, 1.0, 1.0, 1.0, 1.0, 1.0, 1.0, 1.0, 1.0]","[1.0, 1.0, 1.0, 1.0, 1.0, 1.0, 1.0, 1.0, 1.0, 1.0, 1.0, 1.0, 0.8, 1.0, 1.0, 1.0, 1.0, 1.0, 1.0, 1.0, 1.0, 1.0, 1.0, 1.0, 1.0, 1.0, 1.0, 1.0, 1.0, 1.0]"
adult,mlp,1000,2,14,abc_shap,0.0005507911264002338,0.000376089307281395,3.934222331430242e-05,2.6863521948671072e-05,0.00042249245603962946,0.0006912771576512255,3.6931424140325153,0.9265934065934067,0.046103583306205856,0.9085677655677656,0.9416849816849816,0.8190476190476192,0.07125836770418517,1.0,0.0,0.8866666666666668,0.09910712498212335,3.489760600669826e-05,504.0,496.0,0.18767890667465206,0.014394160937632615,504.0,"[0.0002902410845400535, 0.00039114688507233035, 0.0006817283077113162, 0.00011016455394185161, 0.0006440804551881117, 0.0001015537432320696, 0.0008579705216019608, 0.0003509863016027228, 0.00042795374058463996, 0.0006040724248887691, 0.001110971119466438, 0.0001323351190778274, 0.0008273966686671384, 0.0002545497271897241, 0.0003955490088616349, 0.00022054818732421784, 0.0008261395527619101, 0.00032468847775234583, 0.0006416225793259356, 0.0015224259674104794, 0.000421612026244398, 0.00033646095248949744, 0.0004347086781862014, 0.0007239474319254607, 0.00018137259410824829, 0.0014849105963615293, 6.816613197232606e-05, 0.0005553505631930905, 0.00045596078820429994, 0.0011451196031204828]","[0.9780219780219781, 0.9472527472527472, 0.9340659340659341, 0.9692307692307693, 0.8725274725274725, 0.9780219780219781, 0.832967032967033, 0.8417582417582418, 0.9648351648351648, 0.9340659340659341, 0.9692307692307693, 0.9912087912087912, 0.9428571428571428, 0.8461538461538461, 0.9384615384615385, 0.8417582417582418, 0.9692307692307693, 0.8593406593406594, 0.9296703296703297, 0.9384615384615385, 0.9692307692307693, 0.9208791208791209, 0.8637362637362638, 0.9384615384615385, 0.9076923076923077, 0.9252747252747253, 0.9296703296703297, 0.9428571428571428, 0.9736263736263736, 0.9472527472527472]","[0.9120879120879122, 0.8461538461538461, 0.8021978021978022, 0.9120879120879122, 0.7582417582417583, 0.9120879120879122, 0.6483516483516484, 0.7142857142857144, 0.8681318681318682, 0.8241758241758242, 0.8901098901098902, 0.9560439560439562, 0.8241758241758242, 0.7362637362637363, 0.8461538461538461, 0.7142857142857144, 0.9120879120879122, 0.7582417582417583, 0.7802197802197802, 0.8021978021978022, 0.8681318681318682, 0.8461538461538461, 0.7142857142857144, 0.8241758241758242, 0.7802197802197802, 0.7802197802197802, 0.8021978021978022, 0.8241758241758242, 0.8901098901098902, 0.8241758241758242]","[1.0, 1.0, 1.0, 1.0, 1.0, 1.0, 1.0, 1.0, 1.0, 1.0, 1.0, 1.0, 1.0, 1.0, 1.0, 1.0, 1.0, 1.0, 1.0, 1.0, 1.0, 1.0, 1.0, 1.0, 1.0, 1.0, 1.0, 1.0, 1.0, 1.0]","[0.8, 1.0, 0.8, 1.0, 1.0, 0.8, 0.8, 1.0, 0.8, 1.0, 0.8, 1.0, 0.8, 0.8, 0.8, 1.0, 1.0, 1.0, 0.8, 0.8, 1.0, 1.0, 0.8, 0.8, 1.0, 0.8, 1.0, 0.8, 0.8, 0.8]"
adult,mlp,1000,2,14,b1_uniform,0.0005109870488321708,0.00020954467007397744,3.649907491658363e-05,1.4967476433855532e-05,0.0004360294832842369,0.0005844035771559815,3.4262497208280966,0.9030036630036631,0.053929764892743356,0.8814505494505497,0.9219084249084248,0.7765567765567767,0.07400717951604263,1.0,0.0,0.8333333333333335,0.07453559924999298,1.7742052073250738e-05,0.0,1000.0,0.16201514999459807,0.009998751092735507,1000.0,"[0.00038289413021812144, 0.00037316560244753024, 0.0005217895679429884, 0.00017504365979628661, 0.0006553879211456583, 0.0005331622977389916, 0.0009153767213320339, 0.0007450282851780598, 0.00048488937985773154, 0.000521309687808597, 0.0005163165857235493, 0.0007768375655347842, 0.0006956486303856742, 0.00046316448437428115, 0.0007450567632198277, 0.0002442229961185109, 0.0006326445996345075, 0.0010702170223754024, 0.00042523944638378996, 0.0003109089637518833, 0.0003426165024507706, 0.0007482087865244291, 0.00032380445283485026, 0.00039452418819360365, 0.0005589956211614371, 0.0005128531232268995, 0.0001697556806015351, 0.00038586138405859215, 0.000387880527285295, 0.00031680688765949884]","[0.8725274725274725, 0.9516483516483516, 0.9736263736263736, 0.9252747252747253, 0.8417582417582418, 0.8549450549450549, 0.8681318681318682, 0.8945054945054945, 0.9384615384615385, 0.9164835164835166, 0.8637362637362638, 0.9032967032967033, 0.956043956043956, 0.9736263736263736, 0.9076923076923077, 0.9692307692307693, 0.8549450549450549, 0.8989010989010989, 0.9428571428571428, 0.9648351648351648, 0.8109890109890111, 0.8681318681318682, 0.7758241758241758, 0.9120879120879121, 0.9208791208791209, 0.7758241758241758, 0.9384615384615385, 0.9516483516483516, 0.9164835164835166, 0.9472527472527472]","[0.7142857142857144, 0.8461538461538461, 0.8901098901098902, 0.8241758241758242, 0.6703296703296704, 0.6923076923076924, 0.7362637362637363, 0.8021978021978022, 0.8021978021978022, 0.7582417582417583, 0.7142857142857144, 0.7802197802197802, 0.8461538461538461, 0.8901098901098902, 0.8021978021978022, 0.8681318681318682, 0.7142857142857144, 0.7802197802197802, 0.8241758241758242, 0.8681318681318682, 0.7142857142857144, 0.6923076923076924, 0.6263736263736264, 0.8021978021978022, 0.7582417582417583, 0.6043956043956044, 0.8241758241758242, 0.8461538461538461, 0.7802197802197802, 0.8241758241758242]","[1.0, 1.0, 1.0, 1.0, 1.0, 1.0, 1.0, 1.0, 1.0, 1.0, 1.0, 1.0, 1.0, 1.0, 1.0, 1.0, 1.0, 1.0, 1.0, 1.0, 1.0, 1.0, 1.0, 1.0, 1.0, 1.0, 1.0, 1.0, 1.0, 1.0]","[0.8, 0.8, 0.8, 0.8, 0.8, 0.8, 0.8, 1.0, 0.8, 0.8, 0.8, 0.8, 0.8, 0.8, 0.8, 0.8, 0.8, 1.0, 0.8, 0.8, 1.0, 0.8, 1.0, 0.8, 0.8, 0.8, 1.0, 0.8, 0.8, 0.8]"
adult,mlp,1000,2,14,b2_stratified,0.00014913888083693718,0.0001037963120617803,1.065277720263837e-05,7.414022290127164e-06,0.00011282765344476997,0.0001889964191568291,1.0,0.9602930402930404,0.025842847794670314,0.950912087912088,0.968937728937729,0.8842490842490844,0.046426313605142475,1.0,0.0,0.9066666666666667,0.09977753031397174,9.976477212921624e-06,0.0,1000.0,0.16299055666895584,0.006753617036140665,1000.0,"[4.492593790590859e-05, 6.438515820067604e-05, 0.0002781076501467119, 0.0001532110766538415, 0.00017714104241356947, 8.122831030150635e-05, 0.0005067436266307295, 5.722247611686713e-05, 0.00030897139346126916, 0.0002652409185491616, 0.00011066801824597512, 0.0001360115110333479, 0.00012547105374980356, 0.00029049676543345274, 0.00015693429646685048, 9.254178025167248e-05, 0.00011392220245705092, 3.9838433891695014e-05, 0.00023902229015524814, 3.0146422004022444e-05, 0.00024245202261967403, 0.00010806968455248616, 0.00010216234228847187, 5.0311579248133285e-05, 0.00016425924908380392, 7.188218756072166e-05, 3.244614624113648e-05, 8.917083422323826e-05, 0.00016102275611495253, 0.00018015925910613642]","[0.9736263736263736, 0.9604395604395607, 0.9824175824175824, 0.9736263736263736, 0.9252747252747253, 0.9868131868131869, 0.9648351648351648, 0.9736263736263736, 0.9604395604395607, 0.956043956043956, 0.9912087912087912, 0.9384615384615385, 0.9604395604395607, 0.9604395604395607, 0.9736263736263736, 0.9868131868131869, 0.9780219780219781, 0.9692307692307693, 0.9648351648351648, 0.9604395604395607, 0.9164835164835166, 0.9956043956043955, 0.8769230769230769, 0.9912087912087912, 0.9252747252747253, 0.9208791208791209, 0.9516483516483516, 0.9516483516483516, 0.9604395604395607, 0.9780219780219781]","[0.9120879120879122, 0.8681318681318682, 0.9340659340659341, 0.8901098901098902, 0.8461538461538461, 0.9340659340659341, 0.8681318681318682, 0.9340659340659341, 0.8681318681318682, 0.8681318681318682, 0.9560439560439562, 0.8241758241758242, 0.8901098901098902, 0.8681318681318682, 0.8901098901098902, 0.9340659340659341, 0.9120879120879122, 0.9120879120879122, 0.8681318681318682, 0.8461538461538461, 0.8241758241758242, 0.9780219780219781, 0.8461538461538461, 0.9560439560439562, 0.7802197802197802, 0.8021978021978022, 0.8901098901098902, 0.8461538461538461, 0.8681318681318682, 0.9120879120879122]","[1.0, 1.0, 1.0, 1.0, 1.0, 1.0, 1.0, 1.0, 1.0, 1.0, 1.0, 1.0, 1.0, 1.0, 1.0, 1.0, 1.0, 1.0, 1.0, 1.0, 1.0, 1.0, 1.0, 1.0, 1.0, 1.0, 1.0, 1.0, 1.0, 1.0]","[1.0, 0.8, 1.0, 0.8, 1.0, 1.0, 0.8, 1.0, 0.8, 1.0, 1.0, 0.8, 0.8, 0.8, 0.8, 0.8, 0.8, 1.0, 1.0, 1.0, 1.0, 1.0, 1.0, 0.8, 0.8, 1.0, 1.0, 0.8, 0.8, 1.0]"
adult,mlp,1000,2,14,b3_is,8.061288045148051e-05,4.9553802232371256e-05,5.758062889391465e-06,3.5395573023122327e-06,6.409116158622908e-05,9.923309491443128e-05,0.5405222300120355,0.9709890109890111,0.023741689788165956,0.9617582417582419,0.9787545787545788,0.90989010989011,0.04793359063137171,1.0,0.0,0.9666666666666667,0.07453559924999298,5.5934772868397975e-06,0.0,1000.0,0.1820531366703411,0.006707821419174926,1000.0,"[2.008497925593374e-05, 9.273305361240216e-05, 3.735217416173282e-05, 3.183735468009404e-05, 4.8630776578693705e-05, 7.231056892046417e-05, 5.510981748110677e-05, 4.3409639090727385e-05, 0.00011553265151007506, 5.160360144888465e-05, 0.0002308459048571496, 3.2967051662232534e-05, 0.00018260421841412086, 8.868677536241163e-05, 4.8094481277776215e-05, 5.938635016119759e-05, 9.184773231052277e-05, 6.454779133892832e-05, 0.00010199318146433822, 2.760274018662636e-05, 7.500128954625933e-05, 4.923856674895456e-05, 3.930749823782638e-05, 0.00012716202599854365, 0.00010258202486895337, 9.835055088089284e-05, 5.195353381119746e-05, 7.362439866641466e-05, 0.0001920280484393625, 0.00011195763257059211]","[1.0, 0.9824175824175824, 0.9252747252747253, 0.9736263736263736, 0.9868131868131869, 0.9956043956043955, 0.9824175824175824, 0.9604395604395607, 0.9824175824175824, 0.956043956043956, 0.956043956043956, 0.9868131868131869, 0.9780219780219781, 0.9780219780219781, 0.9824175824175824, 0.9912087912087912, 0.956043956043956, 0.9956043956043955, 0.9824175824175824, 0.9648351648351648, 0.9868131868131869, 0.9692307692307693, 0.9824175824175824, 0.9692307692307693, 0.9780219780219781, 0.9120879120879121, 0.9912087912087912, 0.9692307692307693, 0.9604395604395607, 0.8945054945054945]","[1.0, 0.9120879120879122, 0.8461538461538461, 0.9120879120879122, 0.9340659340659341, 0.9780219780219781, 0.9340659340659341, 0.8681318681318682, 0.9340659340659341, 0.9120879120879122, 0.8681318681318682, 0.9560439560439562, 0.9120879120879122, 0.9120879120879122, 0.9120879120879122, 0.9560439560439562, 0.8461538461538461, 0.9780219780219781, 0.9340659340659341, 0.8901098901098902, 0.9340659340659341, 0.9120879120879122, 0.9340659340659341, 0.8901098901098902, 0.9120879120879122, 0.8461538461538461, 0.9560439560439562, 0.8901098901098902, 0.8681318681318682, 0.7582417582417583]","[1.0, 1.0, 1.0, 1.0, 1.0, 1.0, 1.0, 1.0, 1.0, 1.0, 1.0, 1.0, 1.0, 1.0, 1.0, 1.0, 1.0, 1.0, 1.0, 1.0, 1.0, 1.0, 1.0, 1.0, 1.0, 1.0, 1.0, 1.0, 1.0, 1.0]","[1.0, 1.0, 1.0, 1.0, 1.0, 1.0, 1.0, 1.0, 1.0, 1.0, 0.8, 1.0, 0.8, 1.0, 1.0, 1.0, 0.8, 1.0, 1.0, 1.0, 1.0, 1.0, 0.8, 0.8, 1.0, 1.0, 1.0, 1.0, 1.0, 1.0]"
adult,mlp,1000,2,14,b4_antithetic,0.0002646690395414811,6.395214076145978e-05,1.8904931395820076e-05,4.5680100543899845e-06,0.00024187900850231113,0.0002881785371835533,1.7746481538295853,0.9509157509157509,0.02180395045930979,0.943003663003663,0.9582417582417583,0.8490842490842492,0.037527468058214504,1.0,0.0,0.8066666666666669,0.035901098714230015,1.9362339925483105e-06,0.0,1000.0,0.15737179666369533,0.008069863410018526,1000.0,"[0.00031019305974710576, 0.0002239450710405648, 0.0003538143576016567, 0.0003594284954143825, 0.000333353315732738, 0.0002676717989734791, 0.00027529830363293075, 0.00022593610247615466, 0.0001575039730442023, 0.00037751499562842597, 0.00016132093347032708, 0.00015453798548869504, 0.0002750514942488634, 0.00028981530688041395, 0.00032143179501639674, 0.00032602722676965704, 0.00018836644155951292, 0.0003245199123691631, 0.00031624119234147986, 0.00025314873236717734, 0.00020598042189790615, 0.00027970710234894445, 0.00014267868473879947, 0.00030264278714811285, 0.00029048277883075065, 0.00023497899333179114, 0.00018744930472717566, 0.00025938780136396664, 0.00029468659825749037, 0.00024695621979616786]","[0.9736263736263736, 0.9736263736263736, 0.9252747252747253, 0.8989010989010989, 0.9384615384615385, 0.9296703296703297, 0.9780219780219781, 0.956043956043956, 0.9516483516483516, 0.9648351648351648, 0.9384615384615385, 0.9516483516483516, 0.9648351648351648, 0.9648351648351648, 0.9296703296703297, 0.9340659340659341, 0.9824175824175824, 0.9648351648351648, 0.9340659340659341, 0.9824175824175824, 0.9428571428571428, 0.9736263736263736, 0.9472527472527472, 0.9648351648351648, 0.9604395604395607, 0.8945054945054945, 0.9384615384615385, 0.9648351648351648, 0.9428571428571428, 0.9604395604395607]","[0.8901098901098902, 0.8901098901098902, 0.8021978021978022, 0.8241758241758242, 0.8461538461538461, 0.8241758241758242, 0.9120879120879122, 0.8461538461538461, 0.8461538461538461, 0.8681318681318682, 0.8241758241758242, 0.8241758241758242, 0.8681318681318682, 0.8681318681318682, 0.8241758241758242, 0.7802197802197802, 0.9120879120879122, 0.8901098901098902, 0.7802197802197802, 0.9120879120879122, 0.8241758241758242, 0.8901098901098902, 0.8241758241758242, 0.8681318681318682, 0.8681318681318682, 0.8021978021978022, 0.8021978021978022, 0.8681318681318682, 0.8241758241758242, 0.8681318681318682]","[1.0, 1.0, 1.0, 1.0, 1.0, 1.0, 1.0, 1.0, 1.0, 1.0, 1.0, 1.0, 1.0, 1.0, 1.0, 1.0, 1.0, 1.0, 1.0, 1.0, 1.0, 1.0, 1.0, 1.0, 1.0, 1.0, 1.0, 1.0, 1.0, 1.0]","[0.8, 0.8, 0.8, 0.8, 0.8, 0.8, 0.8, 0.8, 0.8, 0.8, 0.8, 0.8, 0.8, 0.8, 0.8, 0.8, 0.8, 0.8, 0.8, 0.8, 0.8, 0.8, 1.0, 0.8, 0.8, 0.8, 0.8, 0.8, 0.8, 0.8]"
adult,mlp,1000,3,14,abc_shap,0.0014286522362711245,0.0008756853042345526,0.00010204658830508032,6.254895030246804e-05,0.001141071889704251,0.0017645007695872995,3.9448340177717243,0.8089377289377292,0.10704437413672056,0.7703956043956045,0.8464615384615385,0.6578754578754581,0.12773540323422541,0.8444444444444446,0.22333056935824205,0.8800000000000001,0.11075498483890765,9.6847156144579e-05,504.0,496.0,0.18478324999644732,0.0022111205466919725,504.0,"[0.0046537820320474476, 0.001530631628927096, 0.001996015807271488, 0.0010337786331929154, 0.0011434622103440044, 0.0003766182677821735, 0.0018404866027084646, 0.0010852086562054644, 0.00013926819395105322, 0.0028856185674207197, 0.0006542433780450064, 0.0014749494484069118, 0.0018049984126937558, 0.0017360758092217277, 0.0022425847180206036, 0.0006093697183093121, 0.0019322071628901823, 0.0006986827424519757, 0.0018611605976163708, 0.0004850112241526753, 0.0007604776173803672, 0.0015697121924944362, 0.00038297411464818326, 0.0015919927819803338, 0.0016586615557222003, 0.0006252111288488607, 0.0013466547342470296, 0.0016864186891744376, 0.0010569783703095108, 0.0019963320916690287]","[0.6351648351648352, 0.9340659340659341, 0.7274725274725276, 0.8989010989010989, 0.8549450549450549, 0.9736263736263736, 0.8373626373626375, 0.8417582417582418, 0.9780219780219781, 0.4241758241758242, 0.8769230769230769, 0.7318681318681319, 0.7934065934065934, 0.7274725274725276, 0.745054945054945, 0.8373626373626375, 0.7142857142857143, 0.8241758241758241, 0.8593406593406594, 0.8813186813186813, 0.8593406593406594, 0.7406593406593407, 0.8109890109890111, 0.9296703296703297, 0.8241758241758241, 0.8197802197802198, 0.767032967032967, 0.7186813186813187, 0.8681318681318682, 0.832967032967033]","[0.4725274725274726, 0.8241758241758242, 0.5604395604395604, 0.7802197802197802, 0.6923076923076924, 0.9340659340659341, 0.6703296703296704, 0.6703296703296704, 0.8901098901098902, 0.27472527472527475, 0.7142857142857144, 0.5384615384615384, 0.6043956043956044, 0.5384615384615384, 0.5604395604395604, 0.6923076923076924, 0.6043956043956044, 0.6703296703296704, 0.6923076923076924, 0.7802197802197802, 0.7142857142857144, 0.5604395604395604, 0.6483516483516484, 0.8241758241758242, 0.6263736263736264, 0.6703296703296704, 0.5824175824175825, 0.5604395604395604, 0.7142857142857144, 0.6703296703296704]","[0.6666666666666666, 1.0, 1.0, 1.0, 1.0, 1.0, 0.6666666666666666, 1.0, 1.0, 0.3333333333333333, 0.6666666666666666, 0.3333333333333333, 1.0, 0.6666666666666666, 1.0, 1.0, 1.0, 0.6666666666666666, 0.3333333333333333, 1.0, 1.0, 1.0, 1.0, 1.0, 0.6666666666666666, 1.0, 1.0, 1.0, 0.6666666666666666, 0.6666666666666666]","[0.8, 0.8, 0.8, 0.8, 1.0, 1.0, 0.8, 0.8, 1.0, 0.6, 0.8, 0.8, 1.0, 0.8, 1.0, 1.0, 0.8, 1.0, 0.8, 0.8, 1.0, 1.0, 0.8, 1.0, 0.8, 1.0, 0.8, 0.8, 1.0, 1.0]"
adult,mlp,1000,3,14,b1_uniform,0.0006528638516828385,0.00042212827377957504,4.663313226305989e-05,3.015201955568393e-05,0.0005170429073164967,0.0008055255082764538,1.8027057010137049,0.8463003663003664,0.062220017863859334,0.8235860805860807,0.8672564102564103,0.7032967032967036,0.09057327472068119,0.9222222222222223,0.14098419489388359,0.8666666666666668,0.09428090415820632,3.90725531727212e-05,0.0,1000.0,0.1601310366531834,0.0017325955242097387,1000.0,"[0.0002976424864979822, 0.0007062897091250932, 0.0007864912367491869, 0.0003726148000099869, 0.0007660267065101314, 0.0010615608437032663, 0.00044344253128438834, 0.0004600558237428004, 0.0017605318839412358, 0.0006463817484858075, 0.0007713054385470736, 0.0004517722335747045, 0.0005822820391181866, 0.00093799010224312, 0.001996167305711799, 0.0003150423901036657, 0.00043810627796590746, 0.00017700114333956437, 0.00039772443538777245, 0.0007375175167355264, 0.001285076618995254, 0.0006244087376309815, 0.00023091251721336955, 0.0009673308697289686, 0.00022361610022584395, 0.00027918907384342194, 0.0005325160592832677, 0.0002750933867367053, 0.0003893617116816656, 0.0006724638223684725]","[0.8109890109890111, 0.7758241758241758, 0.832967032967033, 0.8857142857142857, 0.8945054945054945, 0.8153846153846154, 0.767032967032967, 0.767032967032967, 0.745054945054945, 0.8461538461538461, 0.9340659340659341, 0.8373626373626375, 0.7494505494505495, 0.8549450549450549, 0.7846153846153847, 0.9384615384615385, 0.8813186813186813, 0.7318681318681319, 0.8593406593406594, 0.9516483516483516, 0.832967032967033, 0.8681318681318682, 0.9648351648351648, 0.8417582417582418, 0.8417582417582418, 0.8681318681318682, 0.9384615384615385, 0.8989010989010989, 0.8461538461538461, 0.8241758241758241]","[0.6483516483516484, 0.6263736263736264, 0.7142857142857144, 0.7582417582417583, 0.7802197802197802, 0.6923076923076924, 0.5824175824175825, 0.6043956043956044, 0.5604395604395604, 0.6923076923076924, 0.8461538461538461, 0.6703296703296704, 0.5384615384615384, 0.6923076923076924, 0.5824175824175825, 0.8241758241758242, 0.7582417582417583, 0.5604395604395604, 0.7582417582417583, 0.8021978021978022, 0.7142857142857144, 0.7362637362637363, 0.8901098901098902, 0.6483516483516484, 0.6923076923076924, 0.7582417582417583, 0.8461538461538461, 0.7582417582417583, 0.7142857142857144, 0.6483516483516484]","[1.0, 1.0, 1.0, 1.0, 0.6666666666666666, 1.0, 1.0, 1.0, 0.6666666666666666, 1.0, 0.6666666666666666, 1.0, 1.0, 0.6666666666666666, 0.6666666666666666, 1.0, 1.0, 1.0, 1.0, 1.0, 1.0, 1.0, 1.0, 0.6666666666666666, 1.0, 1.0, 0.6666666666666666, 1.0, 1.0, 1.0]","[0.8, 0.8, 1.0, 1.0, 1.0, 1.0, 1.0, 0.8, 0.8, 0.8, 1.0, 0.8, 0.8, 0.8, 0.8, 0.8, 0.8, 1.0, 0.8, 0.8, 1.0, 0.8, 1.0, 0.8, 0.8, 1.0, 0.8, 0.8, 0.8, 0.8]"
adult,mlp,1000,3,14,b2_stratified,0.00036215775615271943,0.0003102750613171999,2.5868411153765673e-05,2.2162504379799993e-05,0.00025281578978233446,0.0004744624238089508,1.0,0.9377289377289377,0.043158826724353686,0.9223443223443224,0.952091575091575,0.8424908424908426,0.06951991095960354,0.9333333333333333,0.13333333333333336,0.9666666666666667,0.07453559924999298,2.2461589317511637e-05,0.0,1000.0,0.1639098466723226,0.0034989903521467866,1000.0,"[0.0001539426186068422, 0.0008968242214269904, 0.0005805616666842896, 0.00016488745910437532, 8.793878543828801e-05, 0.0005424948134180526, 0.0010069274319865944, 0.0003158784940171071, 0.00041155165717424446, 0.00026994478628347587, 0.001387304653880787, 0.00016537979272788114, 0.0002285137547891676, 0.0005630162222394541, 0.00017881871561731253, 0.00010451648283383552, 0.0001555471518316033, 0.00017296185007147427, 0.0004985411588869484, 9.512147095560546e-05, 7.101306859817761e-05, 7.701898564046017e-05, 0.00011322864946174097, 0.00016799073860729013, 0.0005217445070038907, 0.0001396108899969568, 0.00029961410740536864, 0.000753410282146596, 0.0002661396682716789, 0.0004742885994750919]","[0.8593406593406594, 0.832967032967033, 0.9252747252747253, 0.8989010989010989, 0.9868131868131869, 0.8945054945054945, 0.9032967032967033, 0.9780219780219781, 0.8725274725274725, 0.956043956043956, 0.9824175824175824, 0.9736263736263736, 0.9428571428571428, 0.9340659340659341, 0.9780219780219781, 0.8593406593406594, 0.9692307692307693, 0.9824175824175824, 0.9120879120879121, 0.956043956043956, 0.9648351648351648, 0.9692307692307693, 0.8857142857142857, 0.9824175824175824, 0.9428571428571428, 0.9780219780219781, 0.9736263736263736, 0.9648351648351648, 0.9252747252747253, 0.9472527472527472]","[0.7142857142857144, 0.6483516483516484, 0.8021978021978022, 0.7802197802197802, 0.9340659340659341, 0.8021978021978022, 0.7802197802197802, 0.9120879120879122, 0.7582417582417583, 0.8681318681318682, 0.9120879120879122, 0.8901098901098902, 0.8461538461538461, 0.8241758241758242, 0.9120879120879122, 0.7362637362637363, 0.8681318681318682, 0.9120879120879122, 0.7802197802197802, 0.8681318681318682, 0.8901098901098902, 0.8901098901098902, 0.8021978021978022, 0.9340659340659341, 0.8241758241758242, 0.9120879120879122, 0.8901098901098902, 0.8901098901098902, 0.8241758241758242, 0.8681318681318682]","[1.0, 0.6666666666666666, 1.0, 1.0, 1.0, 1.0, 0.6666666666666666, 1.0, 1.0, 0.6666666666666666, 1.0, 1.0, 1.0, 0.6666666666666666, 1.0, 1.0, 1.0, 1.0, 0.6666666666666666, 1.0, 1.0, 1.0, 1.0, 1.0, 0.6666666666666666, 1.0, 1.0, 1.0, 1.0, 1.0]","[1.0, 0.8, 1.0, 1.0, 0.8, 1.0, 1.0, 1.0, 1.0, 1.0, 1.0, 1.0, 1.0, 1.0, 1.0, 0.8, 1.0, 1.0, 1.0, 0.8, 1.0, 1.0, 1.0, 1.0, 1.0, 0.8, 1.0, 1.0, 1.0, 1.0]"
adult,mlp,1000,3,14,b3_is,0.0002790527732032293,0.00019198718950081667,1.993234094308781e-05,1.3713370678629763e-05,0.00021428842367162836,0.0003471655837900233,0.7705282255105278,0.965860805860806,0.029435966721101697,0.9550146520146522,0.974948717948718,0.8945054945054947,0.05714285714285716,0.9777777777777777,0.08314794192830981,0.9733333333333333,0.06798692684790376,1.5820623672166114e-05,0.0,1000.0,0.1869690466672182,0.02492115823738968,1000.0,"[0.0002671961061273026, 0.00021632834865567454, 0.0007380430692743889, 0.00013197342424500864, 0.0001878014312930617, 0.00025227761683877274, 0.00010978836750113644, 0.0003793796128368619, 0.0005455106311886716, 0.00021851750177994604, 0.0007982352807069378, 0.00035812564504874157, 0.00011987125735603694, 0.0001269274656957429, 0.00019451483186522155, 0.00014475912906930432, 0.00012126777025843496, 0.0002665576959674454, 0.00019321163730028353, 0.00018181141027823262, 5.8222797817196835e-05, 0.0004682198806596783, 0.00018873215494520437, 0.00029850366687227716, 0.00014265092368336718, 0.0006635477672774775, 0.0004878352961697637, 0.00027721029414825644, 0.00012637022188630067, 0.00010819195935015114]","[0.9736263736263736, 0.9868131868131869, 0.8637362637362638, 0.9868131868131869, 0.9736263736263736, 0.9956043956043955, 0.9868131868131869, 0.9296703296703297, 0.9780219780219781, 0.9648351648351648, 0.9604395604395607, 0.9912087912087912, 0.9604395604395607, 0.9912087912087912, 0.9780219780219781, 0.9912087912087912, 0.9384615384615385, 0.9648351648351648, 0.9648351648351648, 0.9824175824175824, 0.9604395604395607, 0.9868131868131869, 0.9868131868131869, 0.9736263736263736, 0.9164835164835166, 0.9032967032967033, 0.9868131868131869, 0.9736263736263736, 0.9428571428571428, 0.9824175824175824]","[0.9120879120879122, 0.9340659340659341, 0.7362637362637363, 0.9340659340659341, 0.8901098901098902, 0.9780219780219781, 0.9340659340659341, 0.8461538461538461, 0.9120879120879122, 0.8901098901098902, 0.8461538461538461, 0.9560439560439562, 0.8901098901098902, 0.9560439560439562, 0.9340659340659341, 0.9560439560439562, 0.8241758241758242, 0.8681318681318682, 0.8901098901098902, 0.9340659340659341, 0.8681318681318682, 0.9340659340659341, 0.9340659340659341, 0.8901098901098902, 0.7802197802197802, 0.7802197802197802, 0.9340659340659341, 0.9120879120879122, 0.8461538461538461, 0.9340659340659341]","[1.0, 1.0, 0.6666666666666666, 1.0, 1.0, 1.0, 1.0, 1.0, 1.0, 1.0, 1.0, 1.0, 1.0, 1.0, 1.0, 1.0, 1.0, 1.0, 1.0, 1.0, 1.0, 1.0, 1.0, 1.0, 1.0, 0.6666666666666666, 1.0, 1.0, 1.0, 1.0]","[1.0, 1.0, 1.0, 1.0, 1.0, 1.0, 1.0, 1.0, 1.0, 1.0, 1.0, 1.0, 1.0, 1.0, 1.0, 0.8, 1.0, 0.8, 1.0, 1.0, 0.8, 0.8, 1.0, 1.0, 1.0, 1.0, 1.0, 1.0, 1.0, 1.0]"
adult,mlp,1000,3,14,b4_antithetic,0.0001823826887339578,4.607832874673652e-05,1.3027334909568415e-05,3.2913091961954656e-06,0.0001668286751170265,0.00019910678410124118,0.5036001180023003,0.9441758241758242,0.027942356176374195,0.9339157509157509,0.9542857142857143,0.8542124542124544,0.05090916235338225,1.0,0.0,0.8266666666666668,0.06798692684790376,1.7981438832563723e-06,0.0,1000.0,0.15810128999873996,0.0041361599677550345,1000.0,"[0.00011455605942896143, 0.00027443334741552986, 0.00018796871550567904, 0.00019528512997211048, 0.00018770899457928262, 0.0002033033484262601, 0.0001954056086017592, 0.0002821354110133576, 0.00022518725836409147, 0.0002517224728831628, 9.522519035945338e-05, 0.000162292288400831, 0.00020364657674715842, 0.00011142833784810494, 0.0001989793362130681, 0.00018717342205817327, 0.00022293133926464014, 0.00015139357735678705, 0.00017716131018972585, 0.00018390484860696351, 0.00021397732726539216, 0.00017988768161089898, 0.00011864437572429133, 0.0002147498987226089, 0.00014716486580775609, 0.00022522893354300568, 0.00013344068325814643, 0.00014229253694377823, 0.00015525415348719885, 0.00012899763242055692]","[0.9164835164835166, 0.9956043956043955, 0.9472527472527472, 0.8857142857142857, 0.9384615384615385, 0.9780219780219781, 0.9604395604395607, 0.956043956043956, 0.9516483516483516, 0.9692307692307693, 0.9296703296703297, 0.9076923076923077, 0.9604395604395607, 0.9648351648351648, 0.9648351648351648, 0.9252747252747253, 0.8857142857142857, 0.9164835164835166, 0.9736263736263736, 0.9472527472527472, 0.9604395604395607, 0.9648351648351648, 0.9780219780219781, 0.9516483516483516, 0.956043956043956, 0.8945054945054945, 0.9032967032967033, 0.9472527472527472, 0.9516483516483516, 0.9428571428571428]","[0.8241758241758242, 0.9780219780219781, 0.8461538461538461, 0.7362637362637363, 0.8461538461538461, 0.9120879120879122, 0.8901098901098902, 0.8681318681318682, 0.8461538461538461, 0.8681318681318682, 0.8241758241758242, 0.7582417582417583, 0.8681318681318682, 0.8901098901098902, 0.8901098901098902, 0.8241758241758242, 0.7802197802197802, 0.8241758241758242, 0.8901098901098902, 0.8681318681318682, 0.8901098901098902, 0.8901098901098902, 0.9120879120879122, 0.8461538461538461, 0.9120879120879122, 0.7802197802197802, 0.7802197802197802, 0.8681318681318682, 0.8681318681318682, 0.8461538461538461]","[1.0, 1.0, 1.0, 1.0, 1.0, 1.0, 1.0, 1.0, 1.0, 1.0, 1.0, 1.0, 1.0, 1.0, 1.0, 1.0, 1.0, 1.0, 1.0, 1.0, 1.0, 1.0, 1.0, 1.0, 1.0, 1.0, 1.0, 1.0, 1.0, 1.0]","[1.0, 0.8, 0.8, 0.8, 0.8, 0.8, 1.0, 0.8, 0.8, 0.8, 1.0, 0.8, 0.8, 0.8, 0.8, 0.8, 0.8, 0.8, 0.8, 0.8, 0.8, 0.8, 0.8, 0.8, 1.0, 0.8, 0.8, 0.8, 0.8, 0.8]"
adult,mlp,1000,4,14,abc_shap,0.0011944978527028349,0.0008331328894742151,8.532127519305963e-05,5.950949210530108e-05,0.0009451255262769353,0.001538614762974329,3.527967781263621,0.9043223443223444,0.056000797382875535,0.8816080586080588,0.9238095238095239,0.7919413919413921,0.06488377970837957,0.8777777777777779,0.1606314699422329,0.9666666666666667,0.07453559924999298,7.966079750112085e-05,504.0,496.0,0.1879061499920984,0.005404794231981696,504.0,"[0.00047790418474535055, 0.0009224267729875367, 0.000578637314058531, 0.0008861881630867857, 0.0007487526539972575, 0.0010894482313242063, 0.0016710028565021483, 0.004796591677965229, 0.0024456064081879807, 0.001064475992639329, 0.00033560902491248907, 0.0010165235496120742, 0.0014608066161659208, 0.0005173325548490282, 0.0021890642600893963, 0.0005867520182005158, 0.0010365980078483523, 0.0007923315331195722, 0.000947511564932635, 0.0013086038155617453, 0.0007291034600717863, 0.0017305971753402475, 0.0015186717591550495, 0.000980690655072465, 0.0014066048927278195, 0.0006745148101445898, 0.0011938161822619405, 0.0007875670682533002, 0.0004168251644182189, 0.0015243772128535418]","[0.9692307692307693, 0.9692307692307693, 0.8901098901098902, 0.9164835164835166, 0.9252747252747253, 0.9384615384615385, 0.8065934065934066, 0.7054945054945055, 0.9208791208791209, 0.956043956043956, 0.8769230769230769, 0.8593406593406594, 0.8241758241758241, 0.9252747252747253, 0.8901098901098902, 0.9340659340659341, 0.9428571428571428, 0.9340659340659341, 0.8901098901098902, 0.9076923076923077, 0.9032967032967033, 0.8373626373626375, 0.8505494505494505, 0.9384615384615385, 0.9340659340659341, 0.9120879120879121, 0.9428571428571428, 0.9252747252747253, 0.9868131868131869, 0.9164835164835166]","[0.8681318681318682, 0.8901098901098902, 0.7802197802197802, 0.8241758241758242, 0.8021978021978022, 0.8021978021978022, 0.6703296703296704, 0.6043956043956044, 0.8021978021978022, 0.8681318681318682, 0.7582417582417583, 0.7362637362637363, 0.6923076923076924, 0.7802197802197802, 0.7362637362637363, 0.8241758241758242, 0.8461538461538461, 0.8241758241758242, 0.7582417582417583, 0.7582417582417583, 0.8021978021978022, 0.7362637362637363, 0.7802197802197802, 0.8241758241758242, 0.8241758241758242, 0.8021978021978022, 0.8461538461538461, 0.7802197802197802, 0.9340659340659341, 0.8021978021978022]","[1.0, 0.6666666666666666, 1.0, 1.0, 1.0, 0.6666666666666666, 1.0, 0.6666666666666666, 0.6666666666666666, 0.6666666666666666, 1.0, 1.0, 0.6666666666666666, 1.0, 0.6666666666666666, 1.0, 1.0, 1.0, 1.0, 0.6666666666666666, 1.0, 1.0, 1.0, 1.0, 0.6666666666666666, 1.0, 1.0, 0.6666666666666666, 1.0, 0.6666666666666666]","[1.0, 1.0, 1.0, 1.0, 0.8, 1.0, 0.8, 0.8, 1.0, 1.0, 1.0, 1.0, 1.0, 1.0, 0.8, 1.0, 1.0, 1.0, 1.0, 1.0, 1.0, 1.0, 1.0, 1.0, 1.0, 0.8, 1.0, 1.0, 1.0, 1.0]"
adult,mlp,1000,4,14,b1_uniform,0.004350114293719871,0.0009111549168971793,0.00031072244955141935,6.508249406408424e-05,0.004031124898955522,0.004672630133118972,12.848129478283855,0.7333333333333336,0.06367139134669587,0.7119377289377292,0.7591245421245422,0.5831501831501832,0.08945231943480786,0.9666666666666667,0.10000000000000002,0.9933333333333334,0.03590109871423002,6.75852058450282e-05,0.0,1000.0,0.16576976334520926,0.013319662248429604,1000.0,"[0.004828026318814082, 0.004088061568269297, 0.0024234128976945123, 0.004406732100998267, 0.004144313498421075, 0.004755105398056596, 0.005933780969073979, 0.002507389640997663, 0.0044729501313853694, 0.0055502701121817235, 0.003940973230625444, 0.004882162507413666, 0.005706670449337263, 0.004868412147047199, 0.00447438533856156, 0.0045969999699928, 0.0037587848411788456, 0.004662552200429058, 0.0035704460906577818, 0.0026376388432325297, 0.0040366221995433715, 0.004537259022598993, 0.005647787978426519, 0.0047096516249741024, 0.003009238690924677, 0.00496038970938235, 0.004386796720937822, 0.0052491300245225215, 0.0030620964196441634, 0.004695388166272882]","[0.5912087912087912, 0.7142857142857143, 0.7890109890109891, 0.6835164835164835, 0.6879120879120879, 0.6967032967032967, 0.6835164835164835, 0.8285714285714285, 0.7230769230769231, 0.6879120879120879, 0.7098901098901099, 0.6967032967032967, 0.832967032967033, 0.6571428571428571, 0.8461538461538461, 0.7274725274725276, 0.7274725274725276, 0.6879120879120879, 0.7406593406593407, 0.7186813186813187, 0.7494505494505495, 0.7846153846153847, 0.9076923076923077, 0.6615384615384616, 0.7538461538461538, 0.7186813186813187, 0.7978021978021977, 0.7494505494505495, 0.7538461538461538, 0.6923076923076923]","[0.4065934065934066, 0.5604395604395604, 0.6703296703296704, 0.5604395604395604, 0.5164835164835165, 0.5164835164835165, 0.5164835164835165, 0.6923076923076924, 0.5604395604395604, 0.5164835164835165, 0.5604395604395604, 0.5164835164835165, 0.7362637362637363, 0.45054945054945056, 0.7142857142857144, 0.5824175824175825, 0.5604395604395604, 0.5164835164835165, 0.6263736263736264, 0.5384615384615384, 0.6043956043956044, 0.6263736263736264, 0.8241758241758242, 0.4725274725274726, 0.5824175824175825, 0.5384615384615384, 0.6923076923076924, 0.6703296703296704, 0.6263736263736264, 0.5384615384615384]","[1.0, 1.0, 1.0, 1.0, 1.0, 0.6666666666666666, 0.6666666666666666, 1.0, 1.0, 1.0, 1.0, 1.0, 1.0, 1.0, 1.0, 1.0, 1.0, 1.0, 1.0, 1.0, 1.0, 1.0, 1.0, 1.0, 1.0, 1.0, 0.6666666666666666, 1.0, 1.0, 1.0]","[1.0, 1.0, 1.0, 1.0, 1.0, 1.0, 1.0, 1.0, 1.0, 1.0, 1.0, 1.0, 1.0, 1.0, 1.0, 1.0, 0.8, 1.0, 1.0, 1.0, 1.0, 1.0, 1.0, 1.0, 1.0, 1.0, 1.0, 1.0, 1.0, 1.0]"
adult,mlp,1000,4,14,b2_stratified,0.00033857958086992463,0.00019996584444748096,2.4184255776423188e-05,1.4283274603391497e-05,0.0002727154724204068,0.0004155490906621381,1.0,0.9630769230769232,0.028500334202105196,0.9522344322344323,0.9728974358974359,0.8952380952380954,0.05313754668362959,0.9555555555555556,0.11331154474650636,1.0,0.0,2.1566644899939067e-05,0.0,1000.0,0.1656701299866351,0.005234824350597001,1000.0,"[0.0002051743963017648, 0.00034613868389953885, 0.00026743122555749146, 0.00013820304646147393, 0.00017486712125323094, 0.00021436238559682157, 0.00042315803499910727, 0.0003522336135131575, 0.00039007183399664803, 0.0001264262741558418, 0.00030937011630475104, 0.0011365976788648138, 0.00048665507670490557, 0.00035687167290006047, 0.00026486772964237084, 0.00020190607674029298, 0.0005273640647371745, 0.0004172190865106568, 0.0002987289970537807, 0.00020947076302073992, 0.0002930541207728376, 0.00019298985905943857, 0.0001758508224726226, 0.0002467023579669272, 0.00021259914842053669, 0.0005574798379768893, 0.0007077676923030321, 0.000344088773040349, 0.00016318983109385907, 0.0004165471047766236]","[0.9692307692307693, 0.9296703296703297, 0.9692307692307693, 0.9780219780219781, 0.9780219780219781, 0.9780219780219781, 0.9516483516483516, 0.9780219780219781, 0.9604395604395607, 0.9780219780219781, 0.9604395604395607, 0.9604395604395607, 0.9032967032967033, 0.9252747252747253, 0.9912087912087912, 0.9868131868131869, 0.9384615384615385, 0.9868131868131869, 0.9912087912087912, 0.9824175824175824, 0.9780219780219781, 0.9648351648351648, 0.9912087912087912, 0.8945054945054945, 0.9912087912087912, 0.9956043956043955, 0.8945054945054945, 0.9516483516483516, 0.9868131868131869, 0.9472527472527472]","[0.8901098901098902, 0.8241758241758242, 0.9120879120879122, 0.9120879120879122, 0.9120879120879122, 0.9340659340659341, 0.8681318681318682, 0.9120879120879122, 0.8681318681318682, 0.9120879120879122, 0.8901098901098902, 0.8901098901098902, 0.8461538461538461, 0.8461538461538461, 0.9560439560439562, 0.9340659340659341, 0.8241758241758242, 0.9560439560439562, 0.9560439560439562, 0.9340659340659341, 0.9120879120879122, 0.8901098901098902, 0.9560439560439562, 0.7582417582417583, 0.9560439560439562, 0.9780219780219781, 0.7802197802197802, 0.8461538461538461, 0.9340659340659341, 0.8681318681318682]","[1.0, 1.0, 1.0, 1.0, 1.0, 1.0, 1.0, 1.0, 0.6666666666666666, 1.0, 1.0, 0.6666666666666666, 1.0, 1.0, 1.0, 1.0, 0.6666666666666666, 1.0, 1.0, 1.0, 1.0, 1.0, 1.0, 1.0, 1.0, 1.0, 0.6666666666666666, 1.0, 1.0, 1.0]","[1.0, 1.0, 1.0, 1.0, 1.0, 1.0, 1.0, 1.0, 1.0, 1.0, 1.0, 1.0, 1.0, 1.0, 1.0, 1.0, 1.0, 1.0, 1.0, 1.0, 1.0, 1.0, 1.0, 1.0, 1.0, 1.0, 1.0, 1.0, 1.0, 1.0]"
adult,mlp,1000,4,14,b3_is,0.0001976853586565706,8.960365308083483e-05,1.4120382761183614e-05,6.400260934345345e-06,0.00016696048000012587,0.00022968715264219284,0.5838667475122112,0.9824175824175825,0.0139001215831577,0.9774358974358975,0.9871098901098901,0.9340659340659341,0.04092084994511046,0.9888888888888888,0.059835164523716726,1.0,0.0,1.05963846162452e-05,0.0,1000.0,0.18671106333301093,0.01066575085848353,1000.0,"[8.712792567541326e-05, 0.0002803804568748222, 0.00024386558461323907, 0.00020627927415989134, 0.00012201123852593794, 0.0002081565146046475, 0.00015814739187719313, 0.00017567195804001545, 0.00013354027211829946, 0.00027293507709571726, 0.00012628251075554002, 0.0002054343855109195, 0.00018288511967219068, 0.0004302004822880982, 0.0001241378880624669, 0.00018379965468839275, 0.00020698803681580926, 0.0001500903579423741, 0.0001531406913338035, 0.00047590955246076545, 0.00014367266252207126, 7.414954967909832e-05, 0.00028725496277385307, 0.00025270316241949036, 5.896565441820394e-05, 0.00021598391570359937, 0.00023153524558352224, 0.00021498415886951117, 0.00012771765232981715, 0.00019660942228241413]","[0.9780219780219781, 0.9780219780219781, 0.9780219780219781, 0.9824175824175824, 0.9824175824175824, 0.9912087912087912, 1.0, 0.9956043956043955, 0.9824175824175824, 0.9780219780219781, 0.9912087912087912, 0.9824175824175824, 0.9692307692307693, 0.9472527472527472, 0.9824175824175824, 0.9956043956043955, 1.0, 0.9780219780219781, 0.9912087912087912, 0.9780219780219781, 0.9956043956043955, 0.9824175824175824, 0.9516483516483516, 0.9516483516483516, 0.9956043956043955, 1.0, 0.9868131868131869, 0.9648351648351648, 0.9868131868131869, 0.9956043956043955]","[0.9120879120879122, 0.9120879120879122, 0.9120879120879122, 0.9120879120879122, 0.9340659340659341, 0.9560439560439562, 1.0, 0.9780219780219781, 0.9340659340659341, 0.9120879120879122, 0.9560439560439562, 0.9120879120879122, 0.9120879120879122, 0.8681318681318682, 0.9340659340659341, 0.9780219780219781, 1.0, 0.9120879120879122, 0.9560439560439562, 0.9120879120879122, 0.9780219780219781, 0.9340659340659341, 0.8461538461538461, 0.8461538461538461, 0.9780219780219781, 1.0, 0.9340659340659341, 0.8901098901098902, 0.9340659340659341, 0.9780219780219781]","[1.0, 1.0, 1.0, 1.0, 1.0, 1.0, 1.0, 1.0, 1.0, 0.6666666666666666, 1.0, 1.0, 1.0, 1.0, 1.0, 1.0, 1.0, 1.0, 1.0, 1.0, 1.0, 1.0, 1.0, 1.0, 1.0, 1.0, 1.0, 1.0, 1.0, 1.0]","[1.0, 1.0, 1.0, 1.0, 1.0, 1.0, 1.0, 1.0, 1.0, 1.0, 1.0, 1.0, 1.0, 1.0, 1.0, 1.0, 1.0, 1.0, 1.0, 1.0, 1.0, 1.0, 1.0, 1.0, 1.0, 1.0, 1.0, 1.0, 1.0, 1.0]"
adult,mlp,1000,4,14,b4_antithetic,0.004580517801955895,0.0008803434776647298,0.00032717984299684966,6.288167697605213e-05,0.004256964764043027,0.004884537470699177,13.528629783836955,0.7088644688644691,0.05238807298101388,0.6914212454212456,0.7289413919413922,0.5465201465201465,0.07211188141965014,0.9333333333333333,0.13333333333333336,1.0,0.0,5.517383366960792e-05,0.0,1000.0,0.1609273933378669,0.011841172564007447,1000.0,"[0.004685730642972836, 0.0034602215730192144, 0.003989211743470729, 0.005809267738351644, 0.0032955548943871295, 0.004323550700179121, 0.003992937995254228, 0.0022909954116692678, 0.005004829526668327, 0.004652616342996724, 0.003998977867105183, 0.005079981412325972, 0.00422321932171806, 0.005716463077436053, 0.004315862207226063, 0.004945165682622931, 0.004931583408142341, 0.005104189633465109, 0.005955967127291603, 0.004869566537282913, 0.00455499577636684, 0.0048718832420485275, 0.005394801638486015, 0.002342672751624914, 0.004985575870426744, 0.004920426182474525, 0.004704121116445609, 0.0040421862907957795, 0.005245604626266349, 0.00570737372015608]","[0.7274725274725276, 0.7010989010989012, 0.7406593406593407, 0.6307692307692307, 0.665934065934066, 0.7186813186813187, 0.745054945054945, 0.8769230769230769, 0.6483516483516484, 0.6483516483516484, 0.6571428571428571, 0.7054945054945055, 0.6967032967032967, 0.6307692307692307, 0.7626373626373627, 0.767032967032967, 0.7274725274725276, 0.7318681318681319, 0.6703296703296703, 0.665934065934066, 0.7318681318681319, 0.6791208791208792, 0.7142857142857143, 0.8065934065934066, 0.6571428571428571, 0.745054945054945, 0.6879120879120879, 0.7318681318681319, 0.7098901098901099, 0.6835164835164835]","[0.5604395604395604, 0.5384615384615384, 0.6263736263736264, 0.38461538461538464, 0.45054945054945056, 0.5824175824175825, 0.6043956043956044, 0.7582417582417583, 0.4945054945054945, 0.45054945054945056, 0.4725274725274726, 0.4945054945054945, 0.5164835164835165, 0.4725274725274726, 0.6263736263736264, 0.5824175824175825, 0.5824175824175825, 0.5824175824175825, 0.4945054945054945, 0.5164835164835165, 0.5824175824175825, 0.4945054945054945, 0.5824175824175825, 0.6483516483516484, 0.4945054945054945, 0.6043956043956044, 0.5384615384615384, 0.5824175824175825, 0.5604395604395604, 0.5164835164835165]","[1.0, 1.0, 0.6666666666666666, 0.6666666666666666, 1.0, 1.0, 1.0, 0.6666666666666666, 1.0, 1.0, 1.0, 1.0, 0.6666666666666666, 1.0, 1.0, 1.0, 1.0, 0.6666666666666666, 1.0, 1.0, 1.0, 1.0, 1.0, 0.6666666666666666, 1.0, 1.0, 1.0, 1.0, 1.0, 1.0]","[1.0, 1.0, 1.0, 1.0, 1.0, 1.0, 1.0, 1.0, 1.0, 1.0, 1.0, 1.0, 1.0, 1.0, 1.0, 1.0, 1.0, 1.0, 1.0, 1.0, 1.0, 1.0, 1.0, 1.0, 1.0, 1.0, 1.0, 1.0, 1.0, 1.0]"
adult,mlp,1000,5,14,abc_shap,0.0012172396625434415,0.0006892183796144662,8.694569018167439e-05,4.9229884258176155e-05,0.0009807192664253556,0.0014706735099542254,4.438208460388889,0.8745787545787547,0.07369890546469128,0.8487875457875458,0.8986117216117216,0.7611721611721615,0.09857223848529911,1.0,0.0,0.94,0.09165151389911678,8.126988184659997e-05,504.0,496.0,0.18895077666190144,0.011223569565647832,504.0,"[0.0014105542671277661, 0.0012058890545013153, 0.0017138596910668408, 0.0027735026026104006, 0.0004627057165627379, 0.0002271276881896697, 0.0013577595273391407, 0.0004592230883454043, 0.0015450628436791715, 0.0013002096273916437, 0.0006329213228079361, 0.00023377158237599595, 0.0012342183738064136, 0.0009919107803368244, 0.0008721934883842957, 0.0005452774642438413, 0.002002570884734206, 0.00032611213356889134, 0.001859347377073649, 0.001811011108072613, 0.0013112019350771447, 0.0026115639596524776, 0.0020720390627648935, 0.0006363772488097141, 0.0023262625683299434, 0.00032689661061718206, 0.000912280238888086, 0.001158517088636117, 0.0010214341215854714, 0.0011753884197234585]","[0.7098901098901099, 0.7230769230769231, 0.7054945054945055, 0.9252747252747253, 0.9340659340659341, 0.9736263736263736, 0.9384615384615385, 0.8417582417582418, 0.9516483516483516, 0.9120879120879121, 0.9032967032967033, 0.8769230769230769, 0.8857142857142857, 0.8857142857142857, 0.8241758241758241, 0.9648351648351648, 0.8461538461538461, 0.9340659340659341, 0.767032967032967, 0.9208791208791209, 0.8593406593406594, 0.832967032967033, 0.9076923076923077, 0.9032967032967033, 0.767032967032967, 0.9648351648351648, 0.8813186813186813, 0.8989010989010989, 0.8813186813186813, 0.9164835164835166]","[0.5604395604395604, 0.6043956043956044, 0.5384615384615384, 0.8241758241758242, 0.8681318681318682, 0.9120879120879122, 0.8461538461538461, 0.7142857142857144, 0.8901098901098902, 0.8241758241758242, 0.7582417582417583, 0.7582417582417583, 0.7802197802197802, 0.7582417582417583, 0.7142857142857144, 0.8681318681318682, 0.7142857142857144, 0.8461538461538461, 0.5824175824175825, 0.7802197802197802, 0.7142857142857144, 0.7142857142857144, 0.8021978021978022, 0.7582417582417583, 0.6263736263736264, 0.9120879120879122, 0.7802197802197802, 0.8021978021978022, 0.7582417582417583, 0.8241758241758242]","[1.0, 1.0, 1.0, 1.0, 1.0, 1.0, 1.0, 1.0, 1.0, 1.0, 1.0, 1.0, 1.0, 1.0, 1.0, 1.0, 1.0, 1.0, 1.0, 1.0, 1.0, 1.0, 1.0, 1.0, 1.0, 1.0, 1.0, 1.0, 1.0, 1.0]","[1.0, 1.0, 1.0, 0.8, 1.0, 1.0, 1.0, 1.0, 1.0, 1.0, 0.8, 1.0, 1.0, 0.8, 1.0, 1.0, 0.8, 1.0, 1.0, 0.8, 0.8, 0.8, 0.8, 0.8, 1.0, 1.0, 1.0, 1.0, 1.0, 1.0]"
adult,mlp,1000,5,14,b1_uniform,0.00041595446013304474,0.00019027154265588005,2.9711032866646054e-05,1.3590824475420004e-05,0.00035502402455674635,0.0004887030065647747,1.5166221253763064,0.8690109890109893,0.053635980644298496,0.8481941391941392,0.88689010989011,0.7501831501831504,0.07053160874282316,1.0,0.0,0.9733333333333333,0.06798692684790376,2.1040640349424265e-05,0.0,1000.0,0.1680077999869051,0.02597068637513132,1000.0,"[0.0005663606747270462, 0.00028635907592294786, 0.0004643306404767018, 0.00021481156790282543, 0.0005333438037999301, 0.00024799355263701976, 0.00014642925087931881, 0.00046439964600517833, 0.00034866744108168944, 0.00040653284016496226, 0.00029797959303359985, 0.0002622383563953164, 0.00024204085018050708, 0.00027721708226382895, 0.000513195517671701, 0.0009102774352764902, 0.0003415730875730607, 0.00022993383726166745, 0.0009182380724488615, 0.000211834720407064, 0.0004938873692325393, 0.0005205782477399013, 0.00042625458301995446, 0.000748015638553825, 0.0003910546379254452, 0.0003079892345738943, 0.00025138071169913175, 0.0005980764686448678, 0.0003692745242047303, 0.0004883653422873324]","[0.7626373626373627, 0.9252747252747253, 0.8901098901098902, 0.8813186813186813, 0.9076923076923077, 0.8989010989010989, 0.9208791208791209, 0.8725274725274725, 0.8901098901098902, 0.8065934065934066, 0.9340659340659341, 0.8989010989010989, 0.9120879120879121, 0.8373626373626375, 0.9692307692307693, 0.9340659340659341, 0.8285714285714285, 0.9208791208791209, 0.8637362637362638, 0.8373626373626375, 0.8593406593406594, 0.8109890109890111, 0.8593406593406594, 0.8945054945054945, 0.8857142857142857, 0.767032967032967, 0.8637362637362638, 0.7362637362637363, 0.8285714285714285, 0.8725274725274725]","[0.6263736263736264, 0.8241758241758242, 0.7582417582417583, 0.8021978021978022, 0.8021978021978022, 0.7802197802197802, 0.8241758241758242, 0.7362637362637363, 0.7802197802197802, 0.6483516483516484, 0.8681318681318682, 0.7802197802197802, 0.8021978021978022, 0.7362637362637363, 0.8901098901098902, 0.8021978021978022, 0.7362637362637363, 0.8021978021978022, 0.7362637362637363, 0.6923076923076924, 0.7142857142857144, 0.6923076923076924, 0.7582417582417583, 0.7582417582417583, 0.7802197802197802, 0.6043956043956044, 0.7582417582417583, 0.5824175824175825, 0.6923076923076924, 0.7362637362637363]","[1.0, 1.0, 1.0, 1.0, 1.0, 1.0, 1.0, 1.0, 1.0, 1.0, 1.0, 1.0, 1.0, 1.0, 1.0, 1.0, 1.0, 1.0, 1.0, 1.0, 1.0, 1.0, 1.0, 1.0, 1.0, 1.0, 1.0, 1.0, 1.0, 1.0]","[1.0, 1.0, 1.0, 1.0, 1.0, 1.0, 1.0, 1.0, 1.0, 0.8, 1.0, 1.0, 1.0, 1.0, 1.0, 0.8, 1.0, 1.0, 1.0, 1.0, 0.8, 1.0, 1.0, 0.8, 1.0, 1.0, 1.0, 1.0, 1.0, 1.0]"
adult,mlp,1000,5,14,b2_stratified,0.00027426374254551874,0.00025316566398092923,1.959026732467991e-05,1.8083261712923515e-05,0.00019360944585762257,0.00036552176780154164,1.0,0.9705494505494506,0.018757440257891753,0.9635128205128206,0.9767069597069598,0.9054945054945056,0.04473665828797665,1.0,0.0,0.9933333333333334,0.03590109871423002,1.7240320779100596e-05,0.0,1000.0,0.164542806672398,0.003982909447527452,1000.0,"[0.0001194400721946495, 0.0004382090589236073, 6.68730309748841e-05, 0.00018575869861023518, 0.00010466739460108462, 0.001098145080379161, 0.0009685176321911064, 0.0004988959575867092, 0.0005226630311719486, 3.714196217471627e-05, 9.007033839645342e-05, 0.0004222656797134582, 7.62471164514252e-05, 9.309385307227634e-05, 3.724084872463667e-05, 0.0001660468822751271, 0.00010612248206941635, 0.00025897316796591306, 0.0001542634056112609, 6.685326887076794e-05, 0.0004886009848433577, 0.00010500922194792824, 0.0001480012742708007, 0.00033341573030354896, 0.0004303827775150857, 0.0001582055351979824, 0.0003739284271506119, 0.0001731133410478343, 0.00037234532347038313, 0.00013342069865919284]","[0.9736263736263736, 0.9868131868131869, 0.9868131868131869, 0.9956043956043955, 0.9824175824175824, 0.9736263736263736, 0.9780219780219781, 0.9692307692307693, 0.9472527472527472, 0.9912087912087912, 0.9516483516483516, 0.9736263736263736, 0.9824175824175824, 0.9780219780219781, 0.9780219780219781, 0.9824175824175824, 0.9824175824175824, 0.9736263736263736, 0.9692307692307693, 0.9648351648351648, 0.9076923076923077, 0.9824175824175824, 0.9692307692307693, 0.9648351648351648, 0.9824175824175824, 0.9296703296703297, 0.9472527472527472, 0.9912087912087912, 0.9516483516483516, 0.9692307692307693]","[0.9120879120879122, 0.9340659340659341, 0.9560439560439562, 0.9780219780219781, 0.9340659340659341, 0.8901098901098902, 0.9120879120879122, 0.9120879120879122, 0.8241758241758242, 0.9560439560439562, 0.8901098901098902, 0.9120879120879122, 0.9340659340659341, 0.9340659340659341, 0.9120879120879122, 0.9340659340659341, 0.9340659340659341, 0.8901098901098902, 0.9120879120879122, 0.8901098901098902, 0.7802197802197802, 0.9340659340659341, 0.9120879120879122, 0.8901098901098902, 0.9340659340659341, 0.8241758241758242, 0.8241758241758242, 0.9560439560439562, 0.8461538461538461, 0.9120879120879122]","[1.0, 1.0, 1.0, 1.0, 1.0, 1.0, 1.0, 1.0, 1.0, 1.0, 1.0, 1.0, 1.0, 1.0, 1.0, 1.0, 1.0, 1.0, 1.0, 1.0, 1.0, 1.0, 1.0, 1.0, 1.0, 1.0, 1.0, 1.0, 1.0, 1.0]","[1.0, 1.0, 1.0, 1.0, 1.0, 1.0, 0.8, 1.0, 1.0, 1.0, 1.0, 1.0, 1.0, 1.0, 1.0, 1.0, 1.0, 1.0, 1.0, 1.0, 1.0, 1.0, 1.0, 1.0, 1.0, 1.0, 1.0, 1.0, 1.0, 1.0]"
adult,mlp,1000,5,14,b3_is,0.0001389669933073431,0.00016871612835026853,9.926213807667366e-06,1.2051152025019181e-05,8.785882453557961e-05,0.00020778043658241445,0.506691085075816,0.9740659340659341,0.013105979354615882,0.9690805860805861,0.9783186813186814,0.9142857142857144,0.032276030435034,1.0,0.0,1.0,0.0,8.374930486122668e-06,0.0,1000.0,0.18311599666485562,0.003552949518133151,1000.0,"[8.745849425879104e-05, 3.002276521199046e-05, 1.0606297108780132e-05, 7.060632588079256e-05, 3.903889070069894e-05, 6.401202709311806e-05, 2.2385209203505512e-05, 9.357732441851309e-05, 0.00022121768990709882, 0.0006915836630163561, 8.951770370656644e-05, 0.00019795513886334577, 0.0007527175388666814, 0.00010574635550569754, 8.019335152743965e-05, 0.00030605940471417316, 0.00019715931825314373, 2.8052274757831374e-05, 0.00014041682924710109, 9.548085877892676e-05, 4.620433964458484e-05, 7.181677408716843e-05, 2.8073065400127334e-05, 0.0001531668044643114, 8.309890422404905e-05, 8.77225661776037e-05, 0.00010045646643069614, 0.00013055483940426586, 8.497275383296915e-05, 5.9135824533966435e-05]","[0.9692307692307693, 0.9780219780219781, 0.9912087912087912, 0.9692307692307693, 0.9824175824175824, 0.9736263736263736, 0.9824175824175824, 0.9824175824175824, 0.956043956043956, 0.9780219780219781, 0.9736263736263736, 0.9956043956043955, 0.9296703296703297, 0.9780219780219781, 0.9868131868131869, 0.9824175824175824, 0.9648351648351648, 0.9604395604395607, 0.9868131868131869, 0.9824175824175824, 0.9692307692307693, 0.9780219780219781, 0.9648351648351648, 0.9824175824175824, 0.9780219780219781, 0.9868131868131869, 0.9692307692307693, 0.956043956043956, 0.9780219780219781, 0.956043956043956]","[0.9120879120879122, 0.9120879120879122, 0.9560439560439562, 0.9120879120879122, 0.9340659340659341, 0.8901098901098902, 0.9340659340659341, 0.9340659340659341, 0.8681318681318682, 0.9120879120879122, 0.9340659340659341, 0.9780219780219781, 0.8461538461538461, 0.9120879120879122, 0.9560439560439562, 0.9340659340659341, 0.8901098901098902, 0.8681318681318682, 0.9560439560439562, 0.9340659340659341, 0.9120879120879122, 0.9120879120879122, 0.8901098901098902, 0.9340659340659341, 0.9120879120879122, 0.9560439560439562, 0.9120879120879122, 0.8461538461538461, 0.9120879120879122, 0.8681318681318682]","[1.0, 1.0, 1.0, 1.0, 1.0, 1.0, 1.0, 1.0, 1.0, 1.0, 1.0, 1.0, 1.0, 1.0, 1.0, 1.0, 1.0, 1.0, 1.0, 1.0, 1.0, 1.0, 1.0, 1.0, 1.0, 1.0, 1.0, 1.0, 1.0, 1.0]","[1.0, 1.0, 1.0, 1.0, 1.0, 1.0, 1.0, 1.0, 1.0, 1.0, 1.0, 1.0, 1.0, 1.0, 1.0, 1.0, 1.0, 1.0, 1.0, 1.0, 1.0, 1.0, 1.0, 1.0, 1.0, 1.0, 1.0, 1.0, 1.0, 1.0]"
adult,mlp,1000,5,14,b4_antithetic,0.00012067457755238216,2.9202627400107882e-05,8.61961268231301e-06,2.085901957150563e-06,0.00011009437225247016,0.00013163826623894485,0.439994643230518,0.9389010989010989,0.021243400181751786,0.9311355311355312,0.9465201465201465,0.8520146520146521,0.03401666451646565,1.0,0.0,1.0,0.0,1.1035284007400489e-06,0.0,1000.0,0.15820219668094068,0.0038147428157080474,1000.0,"[8.042346096729233e-05, 0.00018683610693065274, 8.153636011374019e-05, 8.278197708646976e-05, 0.00013057805030004886, 0.0001031614534647107, 0.000131510683862341, 8.7046771285907e-05, 0.00011091639627065407, 0.00017828766079486802, 0.0001238770742427913, 8.152358155096491e-05, 0.00010103785104030933, 0.00015195493946389444, 0.00013907156814392917, 0.00010892976803154186, 0.0001345473589796829, 0.00013159653923015905, 0.00011623601104617201, 0.00012889688310043792, 0.00012023625847448722, 0.0001308915543197221, 0.00011558410234840357, 0.00013140911054356015, 0.00011974164110531882, 0.00014929049298183068, 5.688810621792353e-05, 0.00011468159215514879, 0.0001191373494851436, 0.00017162662303335914]","[0.9472527472527472, 0.9208791208791209, 0.9780219780219781, 0.9692307692307693, 0.9340659340659341, 0.9208791208791209, 0.9340659340659341, 0.9384615384615385, 0.9780219780219781, 0.9032967032967033, 0.9296703296703297, 0.9428571428571428, 0.9604395604395607, 0.9120879120879121, 0.9032967032967033, 0.9384615384615385, 0.9208791208791209, 0.9252747252747253, 0.9296703296703297, 0.9428571428571428, 0.9912087912087912, 0.9340659340659341, 0.9648351648351648, 0.9384615384615385, 0.9164835164835166, 0.9296703296703297, 0.9472527472527472, 0.9296703296703297, 0.9516483516483516, 0.9340659340659341]","[0.8461538461538461, 0.8241758241758242, 0.9120879120879122, 0.8901098901098902, 0.8461538461538461, 0.8241758241758242, 0.8461538461538461, 0.8241758241758242, 0.9120879120879122, 0.8021978021978022, 0.8461538461538461, 0.8681318681318682, 0.8681318681318682, 0.8241758241758242, 0.8021978021978022, 0.8681318681318682, 0.8241758241758242, 0.8461538461538461, 0.8241758241758242, 0.8681318681318682, 0.9560439560439562, 0.8461538461538461, 0.8901098901098902, 0.8461538461538461, 0.8021978021978022, 0.8461538461538461, 0.8461538461538461, 0.8461538461538461, 0.8681318681318682, 0.8461538461538461]","[1.0, 1.0, 1.0, 1.0, 1.0, 1.0, 1.0, 1.0, 1.0, 1.0, 1.0, 1.0, 1.0, 1.0, 1.0, 1.0, 1.0, 1.0, 1.0, 1.0, 1.0, 1.0, 1.0, 1.0, 1.0, 1.0, 1.0, 1.0, 1.0, 1.0]","[1.0, 1.0, 1.0, 1.0, 1.0, 1.0, 1.0, 1.0, 1.0, 1.0, 1.0, 1.0, 1.0, 1.0, 1.0, 1.0, 1.0, 1.0, 1.0, 1.0, 1.0, 1.0, 1.0, 1.0, 1.0, 1.0, 1.0, 1.0, 1.0, 1.0]"
adult,mlp,1000,6,14,abc_shap,0.003910176136939782,0.0024377992528521646,0.0002792982954956987,0.0001741285180608689,0.003058513902832643,0.004847992198350487,4.010247298991748,0.7595604395604395,0.16930077996193973,0.6937509157509157,0.8133516483516483,0.6102564102564103,0.17754953212836466,0.8444444444444447,0.18724777273725246,0.78,0.17397317800933182,0.0002627419390229275,504.0,496.0,0.18626578334563723,0.004263250151801082,504.0,"[0.0041735640325462, 0.006498682330363142, 0.001362476159500029, 0.0058894511055734965, 0.004131203664621416, 0.0036529526447680975, 0.002226550696829432, 0.002507897028370191, 0.0004001378332909011, 0.005308966213013317, 0.0016871913028096769, 0.00430907816015726, 0.007733091524223429, 0.003394731952663058, 0.007723310440078297, 0.010003048254114822, 0.0009978167675232532, 0.0026212499884533886, 0.003585535371753329, 0.003306717038253494, 0.0008634613920730946, 0.0026461671760220013, 0.0019622460969268, 0.0012268478084391339, 0.007729050160141486, 0.006831076443600792, 0.0015561519055991666, 0.003417942669648141, 0.002859315439288976, 0.006699372507547637]","[0.9208791208791209, 0.6527472527472528, 0.9208791208791209, 0.6175824175824175, 0.7978021978021977, 0.9340659340659341, 0.8505494505494505, 0.956043956043956, 0.9428571428571428, 0.7142857142857143, 0.8593406593406594, 0.6439560439560439, 0.6395604395604396, 0.7098901098901099, 0.47252747252747257, 0.7714285714285714, 0.8461538461538461, 0.7230769230769231, 0.7010989010989012, 0.9032967032967033, 0.9516483516483516, 0.6175824175824175, 0.7934065934065934, 0.8813186813186813, 0.2175824175824176, 0.6747252747252748, 0.8461538461538461, 0.9428571428571428, 0.8197802197802198, 0.46373626373626364]","[0.7802197802197802, 0.4945054945054945, 0.8461538461538461, 0.4725274725274726, 0.5824175824175825, 0.8021978021978022, 0.6703296703296704, 0.8681318681318682, 0.8461538461538461, 0.5384615384615384, 0.6923076923076924, 0.4725274725274726, 0.4065934065934066, 0.6483516483516484, 0.3186813186813187, 0.5824175824175825, 0.7142857142857144, 0.5604395604395604, 0.5384615384615384, 0.7362637362637363, 0.8461538461538461, 0.42857142857142855, 0.6043956043956044, 0.7362637362637363, 0.14285714285714285, 0.4725274725274726, 0.7142857142857144, 0.8241758241758242, 0.6263736263736264, 0.3406593406593407]","[1.0, 0.6666666666666666, 1.0, 1.0, 0.6666666666666666, 1.0, 0.6666666666666666, 1.0, 1.0, 1.0, 1.0, 1.0, 0.3333333333333333, 1.0, 0.6666666666666666, 1.0, 1.0, 0.6666666666666666, 1.0, 0.6666666666666666, 1.0, 0.6666666666666666, 1.0, 1.0, 0.6666666666666666, 0.6666666666666666, 1.0, 0.6666666666666666, 0.6666666666666666, 0.6666666666666666]","[1.0, 0.6, 0.8, 0.6, 0.8, 0.8, 0.8, 1.0, 1.0, 0.6, 0.8, 0.8, 1.0, 0.8, 0.4, 0.6, 0.8, 0.8, 0.8, 1.0, 1.0, 0.6, 0.6, 1.0, 0.4, 0.6, 0.8, 0.8, 1.0, 0.8]"
adult,mlp,1000,6,14,b1_uniform,0.0014409275520658742,0.000888833904380838,0.00010292339657613387,6.348813602720271e-05,0.0011471871048843248,0.0017589691093865883,1.4778044828019865,0.744908424908425,0.12071775220757894,0.7006556776556777,0.7884322344322345,0.6,0.11827361799625243,0.8333333333333335,0.16666666666666666,0.7733333333333335,0.11234866364235147,8.290897987673748e-05,0.0,1000.0,0.16076314333671082,0.003429171816779852,1000.0,"[0.0013377540580844138, 0.0026094645647303702, 0.0010954574725989732, 0.00040988138008186964, 0.0010836087239622636, 0.00037241079433188314, 0.0012628525722704488, 0.0008786824118863869, 0.001273853995366901, 0.0014541351230381156, 0.0008507360230220652, 0.0012927294540106857, 0.0012604414710048514, 0.0027172251111067668, 0.0012032947000963586, 0.003287590151106108, 0.0009279172460054614, 0.000667498351681803, 0.0015033350834906002, 0.0013847927484318422, 0.0038124420645352973, 0.0007279438655548404, 0.001271073473367808, 0.0007330622685780896, 0.0004266308275119282, 0.0012892422348636874, 0.001393935973883091, 0.002913326066573838, 0.0030841672933399344, 0.0007023410574595441]","[0.8197802197802198, 0.4197802197802198, 0.5252747252747253, 0.8417582417582418, 0.8417582417582418, 0.8637362637362638, 0.7318681318681319, 0.8065934065934066, 0.6175824175824175, 0.5472527472527472, 0.8065934065934066, 0.7538461538461538, 0.6879120879120879, 0.7274725274725276, 0.5956043956043956, 0.7142857142857143, 0.6703296703296703, 0.8461538461538461, 0.7846153846153847, 0.6923076923076923, 0.767032967032967, 0.8593406593406594, 0.9340659340659341, 0.8505494505494505, 0.8505494505494505, 0.8461538461538461, 0.7494505494505495, 0.9032967032967033, 0.5824175824175825, 0.7098901098901099]","[0.6703296703296704, 0.2967032967032967, 0.4065934065934066, 0.6703296703296704, 0.7362637362637363, 0.7582417582417583, 0.6263736263736264, 0.6923076923076924, 0.45054945054945056, 0.45054945054945056, 0.6703296703296704, 0.6043956043956044, 0.4725274725274726, 0.5384615384615384, 0.4725274725274726, 0.5604395604395604, 0.5384615384615384, 0.6703296703296704, 0.6483516483516484, 0.5604395604395604, 0.5824175824175825, 0.6923076923076924, 0.8021978021978022, 0.6483516483516484, 0.6923076923076924, 0.6923076923076924, 0.6483516483516484, 0.7582417582417583, 0.42857142857142855, 0.5604395604395604]","[0.6666666666666666, 0.6666666666666666, 1.0, 1.0, 1.0, 1.0, 1.0, 1.0, 0.6666666666666666, 1.0, 0.6666666666666666, 1.0, 0.6666666666666666, 0.6666666666666666, 0.6666666666666666, 0.6666666666666666, 1.0, 1.0, 1.0, 1.0, 0.6666666666666666, 0.6666666666666666, 1.0, 0.6666666666666666, 0.6666666666666666, 1.0, 0.6666666666666666, 1.0, 0.6666666666666666, 0.6666666666666666]","[0.8, 0.6, 0.8, 0.8, 0.8, 0.8, 0.8, 1.0, 0.6, 0.8, 0.6, 0.6, 0.8, 0.8, 0.6, 0.8, 1.0, 0.8, 0.8, 0.8, 0.6, 0.8, 0.8, 0.8, 0.8, 0.8, 0.6, 0.8, 0.8, 1.0]"
adult,mlp,1000,6,14,b2_stratified,0.0009750461369110264,0.0008712000725325358,6.964615263650188e-05,6.222857660946684e-05,0.0006990878363036142,0.0013553855188199538,1.0,0.9374358974358975,0.06301405485471198,0.9144249084249085,0.9567765567765569,0.8380952380952383,0.083300923537022,0.9444444444444444,0.12422599874998834,0.8533333333333335,0.10241527663824809,6.133134474395258e-05,0.0,1000.0,0.16354005999940757,0.004226557684829816,1000.0,"[0.0002248814423132422, 0.0003694370860195378, 0.0007232421153169095, 0.002716762136059825, 0.0008976460568601105, 0.0007205640949327413, 0.0005424264477346217, 0.00042788209508936903, 0.0007740121286824144, 0.001872319776504461, 0.00021225199315379198, 0.0003111354079738485, 0.0019991745777799275, 0.0003180907261391292, 0.0015146019161171474, 0.0006527074394945823, 0.00025395700943170316, 0.0003149629619194608, 0.004032738408294066, 0.0020573699183806743, 0.0009007206680242092, 0.0005580394705614782, 0.0002859306118295827, 0.0017415883208073304, 0.0002667901214575124, 0.0005027009147745058, 0.0010964231830437373, 0.00038519005051483715, 0.0008201993156335199, 0.0017576377124865175]","[0.956043956043956, 0.9780219780219781, 0.9692307692307693, 0.9692307692307693, 0.7714285714285714, 0.9340659340659341, 0.9736263736263736, 0.9340659340659341, 0.9736263736263736, 0.9384615384615385, 0.9868131868131869, 0.9736263736263736, 0.9780219780219781, 0.9472527472527472, 0.6879120879120879, 0.8945054945054945, 0.9252747252747253, 0.9692307692307693, 0.9120879120879121, 0.9648351648351648, 0.9604395604395607, 0.9736263736263736, 0.9692307692307693, 0.9340659340659341, 0.9780219780219781, 0.8637362637362638, 0.9604395604395607, 0.9164835164835166, 0.9780219780219781, 0.9516483516483516]","[0.8681318681318682, 0.9120879120879122, 0.8681318681318682, 0.8901098901098902, 0.6043956043956044, 0.8241758241758242, 0.8901098901098902, 0.8021978021978022, 0.8901098901098902, 0.8241758241758242, 0.9340659340659341, 0.8901098901098902, 0.9120879120879122, 0.8461538461538461, 0.5824175824175825, 0.7582417582417583, 0.8461538461538461, 0.8901098901098902, 0.7802197802197802, 0.8681318681318682, 0.8681318681318682, 0.8901098901098902, 0.9120879120879122, 0.7802197802197802, 0.9120879120879122, 0.7142857142857144, 0.8461538461538461, 0.8021978021978022, 0.9120879120879122, 0.8241758241758242]","[0.6666666666666666, 1.0, 1.0, 1.0, 1.0, 1.0, 0.6666666666666666, 1.0, 1.0, 0.6666666666666666, 1.0, 1.0, 1.0, 1.0, 1.0, 1.0, 1.0, 1.0, 1.0, 1.0, 1.0, 1.0, 1.0, 0.6666666666666666, 1.0, 0.6666666666666666, 1.0, 1.0, 1.0, 1.0]","[0.8, 0.8, 0.8, 0.8, 1.0, 1.0, 1.0, 0.8, 0.8, 0.8, 0.8, 0.8, 0.8, 0.8, 0.8, 0.8, 1.0, 0.8, 0.8, 1.0, 1.0, 0.8, 0.8, 1.0, 0.8, 0.6, 0.8, 0.8, 1.0, 1.0]"
adult,mlp,1000,6,14,b3_is,0.0005115352468311678,0.0004966603524230243,3.653823191651199e-05,3.5475739458787444e-05,0.00032403546941008987,0.0006838738652384725,0.5246267099234154,0.9513553113553114,0.050767909322140266,0.9315750915750916,0.9674761904761905,0.8673992673992675,0.0768672394585567,0.9888888888888888,0.059835164523716726,0.9333333333333333,0.09428090415820631,3.4188317731583176e-05,0.0,1000.0,0.18497573333637168,0.014610744054462659,1000.0,"[0.00032244030651297603, 0.0002334836055866521, 0.0002522187172963342, 0.00021164406985650132, 0.0017947322282334827, 0.001224986319461814, 0.0003574068150718224, 0.0001230039680836365, 0.0010326638299626874, 6.24320892686084e-05, 0.0002021352058474492, 0.0007858258336468066, 0.0001990142118978103, 9.470790171638057e-05, 0.00011115166069906972, 0.0002461009210912168, 0.00018286663433330974, 0.0003684702990713064, 0.000511299499570546, 0.001516711125499287, 0.0016114979554871151, 6.903257301360312e-05, 0.0004176549321902101, 0.0013676301728172727, 0.0004548630316025849, 0.0003062187278895117, 0.00021676494853594867, 0.0001232725753688702, 0.0002718261030391112, 0.0006740011422831136]","[0.9472527472527472, 0.9516483516483516, 0.9736263736263736, 0.9780219780219781, 0.9692307692307693, 0.8373626373626375, 0.9780219780219781, 0.9824175824175824, 0.9340659340659341, 0.9868131868131869, 0.9384615384615385, 0.9516483516483516, 0.9780219780219781, 0.9648351648351648, 0.9824175824175824, 0.9648351648351648, 0.9780219780219781, 0.9736263736263736, 1.0, 0.767032967032967, 0.9252747252747253, 0.9956043956043955, 0.9780219780219781, 0.832967032967033, 0.9648351648351648, 0.9736263736263736, 0.9692307692307693, 0.9824175824175824, 0.9296703296703297, 0.9516483516483516]","[0.8461538461538461, 0.8461538461538461, 0.8901098901098902, 0.9120879120879122, 0.8901098901098902, 0.6703296703296704, 0.9120879120879122, 0.9340659340659341, 0.8461538461538461, 0.9340659340659341, 0.8021978021978022, 0.8681318681318682, 0.9120879120879122, 0.8681318681318682, 0.9120879120879122, 0.8681318681318682, 0.9120879120879122, 0.8901098901098902, 1.0, 0.6483516483516484, 0.8241758241758242, 0.9780219780219781, 0.9120879120879122, 0.7142857142857144, 0.8681318681318682, 0.8901098901098902, 0.8681318681318682, 0.9340659340659341, 0.8241758241758242, 0.8461538461538461]","[1.0, 1.0, 1.0, 1.0, 1.0, 1.0, 1.0, 1.0, 1.0, 1.0, 0.6666666666666666, 1.0, 1.0, 1.0, 1.0, 1.0, 1.0, 1.0, 1.0, 1.0, 1.0, 1.0, 1.0, 1.0, 1.0, 1.0, 1.0, 1.0, 1.0, 1.0]","[0.8, 0.8, 1.0, 0.8, 1.0, 0.8, 1.0, 0.8, 1.0, 1.0, 0.8, 1.0, 1.0, 1.0, 1.0, 0.8, 0.8, 1.0, 1.0, 0.8, 1.0, 1.0, 0.8, 1.0, 1.0, 1.0, 1.0, 1.0, 1.0, 1.0]"
adult,mlp,1000,6,14,b4_antithetic,0.0003266693275704348,6.216769930661189e-05,2.33335233978882e-05,4.440549950472278e-06,0.00030630193579206806,0.0003504031946035976,0.3350296106042042,0.916923076923077,0.02874223388210441,0.9044688644688645,0.926007326007326,0.7802197802197803,0.05043784462434724,1.0,0.0,0.8266666666666668,0.06798692684790376,3.152520949642322e-06,0.0,1000.0,0.15842019667228063,0.004852351018380847,1000.0,"[0.00035807360993523035, 0.0002684945247724379, 0.00031173092425817035, 0.00029642113152563777, 0.0002945778826876714, 0.0002770729443306273, 0.0003973539773510313, 0.00031827618228525366, 0.0003707243575322148, 0.0003367738776062146, 0.00029421182862659833, 0.00031760987196130123, 0.0004080635673970986, 0.0002478842565171876, 0.0003950471981845655, 0.00027693411511156384, 0.0004138829357344476, 0.0003911034151006285, 0.00024625068921690327, 0.0003262931885905986, 0.0004858395214612801, 0.00027818041128426906, 0.00022717768044953852, 0.00026411061048369936, 0.0003316813156753294, 0.0003769383422887625, 0.00023765510406301748, 0.0004161737702814586, 0.0003045222173244094, 0.00033102037507589706]","[0.9164835164835166, 0.9428571428571428, 0.9120879120879121, 0.9516483516483516, 0.9472527472527472, 0.9384615384615385, 0.9120879120879121, 0.9164835164835166, 0.9428571428571428, 0.9384615384615385, 0.9428571428571428, 0.9340659340659341, 0.8197802197802198, 0.956043956043956, 0.8813186813186813, 0.9472527472527472, 0.8725274725274725, 0.8769230769230769, 0.9472527472527472, 0.9032967032967033, 0.8989010989010989, 0.9164835164835166, 0.9120879120879121, 0.9208791208791209, 0.9164835164835166, 0.9120879120879121, 0.9076923076923077, 0.9032967032967033, 0.8901098901098902, 0.9296703296703297]","[0.7802197802197802, 0.8461538461538461, 0.7582417582417583, 0.8241758241758242, 0.8461538461538461, 0.8241758241758242, 0.7802197802197802, 0.7802197802197802, 0.8021978021978022, 0.8021978021978022, 0.8461538461538461, 0.8021978021978022, 0.6703296703296704, 0.8461538461538461, 0.7142857142857144, 0.8461538461538461, 0.6703296703296704, 0.6923076923076924, 0.8461538461538461, 0.7142857142857144, 0.7582417582417583, 0.7802197802197802, 0.7802197802197802, 0.7802197802197802, 0.7802197802197802, 0.7582417582417583, 0.7802197802197802, 0.7582417582417583, 0.7362637362637363, 0.8021978021978022]","[1.0, 1.0, 1.0, 1.0, 1.0, 1.0, 1.0, 1.0, 1.0, 1.0, 1.0, 1.0, 1.0, 1.0, 1.0, 1.0, 1.0, 1.0, 1.0, 1.0, 1.0, 1.0, 1.0, 1.0, 1.0, 1.0, 1.0, 1.0, 1.0, 1.0]","[0.8, 1.0, 0.8, 0.8, 0.8, 1.0, 0.8, 0.8, 1.0, 0.8, 0.8, 0.8, 0.8, 0.8, 0.8, 0.8, 0.8, 0.8, 0.8, 0.8, 0.8, 0.8, 1.0, 0.8, 0.8, 0.8, 0.8, 0.8, 0.8, 0.8]"
adult,mlp,1000,7,14,abc_shap,0.001101472941402727,0.0006071108423709082,7.867663867162336e-05,4.3365060169350583e-05,0.0008992090564029595,0.001322630012922297,6.2473865682028,0.9161904761904762,0.044086740982453174,0.9002197802197803,0.9309926739926739,0.7868131868131871,0.07845671587153245,0.8222222222222223,0.16629588385661964,0.8266666666666668,0.09977753031397177,7.470983715837835e-05,504.0,496.0,0.18998558999737725,0.0174022108481846,504.0,"[0.0010808346579064291, 0.0012013305212495863, 0.0012223653380795487, 0.0008351765399531078, 0.001973102978397688, 0.0005868554248667867, 0.001204273019295856, 0.0004534926273452397, 0.0007683887971114006, 0.002525453407279092, 0.000490568173298406, 0.0008126947533971687, 0.001791078006024908, 0.0015425610046248457, 0.0009113116689007301, 0.0013400890949070256, 0.0016331532288745146, 0.0009237240566257358, 0.00011841553876161724, 0.0005735144944504076, 0.00017170364464042965, 0.0020974789920473174, 0.0004566049713803744, 0.0008675840555656904, 0.0008748901522645027, 0.0011673371056148821, 0.0010616761015471456, 0.0013030188716453262, 0.000578994593166852, 0.0024765164228592]","[0.8857142857142857, 0.9252747252747253, 0.8725274725274725, 0.8681318681318682, 0.9164835164835166, 0.9780219780219781, 0.8769230769230769, 0.9516483516483516, 0.9252747252747253, 0.9340659340659341, 0.956043956043956, 0.8637362637362638, 0.9340659340659341, 0.8813186813186813, 0.9692307692307693, 0.9384615384615385, 0.8593406593406594, 0.9516483516483516, 0.9824175824175824, 0.8549450549450549, 0.9516483516483516, 0.8989010989010989, 0.9472527472527472, 0.9164835164835166, 0.9868131868131869, 0.8197802197802198, 0.9208791208791209, 0.8373626373626375, 0.9384615384615385, 0.9428571428571428]","[0.7362637362637363, 0.8021978021978022, 0.7362637362637363, 0.6923076923076924, 0.7362637362637363, 0.9120879120879122, 0.7142857142857144, 0.8461538461538461, 0.8021978021978022, 0.8241758241758242, 0.8461538461538461, 0.7142857142857144, 0.7802197802197802, 0.7142857142857144, 0.8901098901098902, 0.8241758241758242, 0.7142857142857144, 0.8681318681318682, 0.9340659340659341, 0.6923076923076924, 0.8461538461538461, 0.7142857142857144, 0.8241758241758242, 0.8021978021978022, 0.9340659340659341, 0.6263736263736264, 0.7802197802197802, 0.6703296703296704, 0.8241758241758242, 0.8021978021978022]","[0.6666666666666666, 1.0, 0.6666666666666666, 1.0, 0.6666666666666666, 1.0, 0.6666666666666666, 0.6666666666666666, 0.6666666666666666, 1.0, 0.6666666666666666, 1.0, 0.6666666666666666, 1.0, 0.6666666666666666, 0.6666666666666666, 0.6666666666666666, 0.6666666666666666, 1.0, 1.0, 1.0, 0.6666666666666666, 1.0, 1.0, 1.0, 1.0, 0.6666666666666666, 1.0, 0.6666666666666666, 0.6666666666666666]","[0.8, 0.8, 0.8, 0.8, 0.8, 1.0, 0.8, 0.8, 0.8, 0.8, 0.8, 1.0, 0.8, 0.6, 1.0, 1.0, 0.8, 0.8, 0.8, 0.8, 0.8, 0.8, 0.8, 0.8, 1.0, 1.0, 0.6, 0.8, 0.8, 0.8]"
adult,mlp,1000,7,14,b1_uniform,0.0004644269852238243,0.00026950878789980265,3.317335608741602e-05,1.925062770712876e-05,0.00037523149186602665,0.0005663266877200244,2.6341590431656305,0.8849816849816852,0.04817929098156008,0.8679780219780221,0.901831501831502,0.7619047619047622,0.06998158671993698,0.8333333333333334,0.16666666666666669,0.94,0.09165151389911678,1.9687487906690405e-05,0.0,1000.0,0.17060136332875117,0.03903223128205768,1000.0,"[0.0010690216184866255, 0.00035746034611479756, 0.0006261565861365854, 0.0005134833356260208, 0.0006654927255976674, 0.0002638735443157738, 0.0002918248044762481, 0.0012459657128551902, 0.0004953710883836698, 0.00020152382973051726, 0.00028676136887899377, 0.00044087190530114396, 0.00030148497780504806, 0.0004961446673877994, 0.0003560890895944842, 0.0003687194537641318, 0.0003177559419077249, 0.00036873565027953527, 0.0003123523793827374, 0.0004830343061149443, 0.00021794857713064913, 0.0003074251914716819, 0.0002543495885270768, 0.0003269367758643924, 0.00052690735314355, 0.00014969650139943691, 0.0003188491394261096, 0.001024883420930675, 0.0003762683711909499, 0.0009674213054905702]","[0.9076923076923077, 0.9164835164835166, 0.7890109890109891, 0.9252747252747253, 0.8241758241758241, 0.8769230769230769, 0.9472527472527472, 0.9252747252747253, 0.9648351648351648, 0.8725274725274725, 0.9164835164835166, 0.8725274725274725, 0.8373626373626375, 0.9252747252747253, 0.8857142857142857, 0.8769230769230769, 0.8769230769230769, 0.956043956043956, 0.8725274725274725, 0.8021978021978022, 0.8725274725274725, 0.9296703296703297, 0.9296703296703297, 0.9164835164835166, 0.8153846153846154, 0.956043956043956, 0.8373626373626375, 0.8373626373626375, 0.8637362637362638, 0.8197802197802198]","[0.7582417582417583, 0.8241758241758242, 0.6043956043956044, 0.8241758241758242, 0.6703296703296704, 0.7362637362637363, 0.8241758241758242, 0.7802197802197802, 0.8681318681318682, 0.7582417582417583, 0.7802197802197802, 0.7582417582417583, 0.7142857142857144, 0.8021978021978022, 0.7802197802197802, 0.7362637362637363, 0.7362637362637363, 0.8681318681318682, 0.7362637362637363, 0.6483516483516484, 0.7582417582417583, 0.8681318681318682, 0.8681318681318682, 0.8021978021978022, 0.6923076923076924, 0.8681318681318682, 0.7362637362637363, 0.6923076923076924, 0.6923076923076924, 0.6703296703296704]","[0.6666666666666666, 1.0, 0.6666666666666666, 1.0, 1.0, 0.6666666666666666, 0.6666666666666666, 0.6666666666666666, 0.6666666666666666, 1.0, 0.6666666666666666, 0.6666666666666666, 1.0, 0.6666666666666666, 1.0, 0.6666666666666666, 0.6666666666666666, 0.6666666666666666, 0.6666666666666666, 1.0, 1.0, 1.0, 1.0, 1.0, 1.0, 1.0, 1.0, 1.0, 0.6666666666666666, 0.6666666666666666]","[1.0, 1.0, 0.8, 1.0, 0.8, 0.8, 0.8, 1.0, 0.8, 0.8, 1.0, 1.0, 1.0, 0.8, 1.0, 0.8, 1.0, 1.0, 1.0, 1.0, 1.0, 1.0, 1.0, 1.0, 1.0, 1.0, 1.0, 1.0, 1.0, 0.8]"
adult,mlp,1000,7,14,b2_stratified,0.00017630939423676328,0.00014095023718876907,1.2593528159768805e-05,1.0067874084912076e-05,0.00013072810669603052,0.00023395577876318568,1.0,0.9686446886446888,0.019909494800249714,0.9607326007326009,0.9752380952380953,0.8996336996336998,0.040796060929892644,0.8666666666666667,0.16329931618554525,0.9066666666666666,0.09977753031397175,1.2189814049443107e-05,0.0,1000.0,0.16733744999704261,0.01629542674821435,1000.0,"[5.3996988421164316e-05, 0.00011000556317463739, 0.00013448443508174668, 0.00019841373437575632, 0.00014883066293880986, 0.00017384981818225503, 8.470941731561942e-05, 8.568326759252075e-05, 0.0007554139487820977, 0.00034590236694900827, 0.00011831203730079855, 0.00015031328605085356, 0.00016955583500463363, 0.0001735454323557433, 8.346445137797754e-05, 0.00010428972595029906, 0.0001852162360105279, 0.00041601864163474885, 0.00015450239803265219, 0.00013185423068906915, 0.00028461507390794476, 3.246009364127377e-05, 0.000108515343992139, 0.00020612244610159015, 0.0003767583416303129, 3.186669312294523e-05, 8.722464260474535e-05, 0.00010597401844380135, 0.00015229480262185025, 0.00012508789381537628]","[0.9692307692307693, 0.9120879120879121, 0.9868131868131869, 0.9736263736263736, 0.9736263736263736, 0.9736263736263736, 0.9780219780219781, 0.9296703296703297, 0.9516483516483516, 0.9340659340659341, 0.9868131868131869, 0.9604395604395607, 0.9868131868131869, 0.9824175824175824, 0.9824175824175824, 0.9912087912087912, 0.9604395604395607, 0.9912087912087912, 0.9868131868131869, 0.956043956043956, 0.9912087912087912, 0.9780219780219781, 0.9736263736263736, 0.9824175824175824, 0.9516483516483516, 0.956043956043956, 0.9692307692307693, 0.9516483516483516, 0.9472527472527472, 0.9912087912087912]","[0.9120879120879122, 0.8241758241758242, 0.9340659340659341, 0.9120879120879122, 0.8901098901098902, 0.8901098901098902, 0.9120879120879122, 0.8241758241758242, 0.8461538461538461, 0.8461538461538461, 0.9340659340659341, 0.8681318681318682, 0.9340659340659341, 0.9340659340659341, 0.9340659340659341, 0.9560439560439562, 0.8681318681318682, 0.9560439560439562, 0.9560439560439562, 0.8681318681318682, 0.9560439560439562, 0.9120879120879122, 0.8901098901098902, 0.9120879120879122, 0.8461538461538461, 0.9120879120879122, 0.8901098901098902, 0.8461538461538461, 0.8681318681318682, 0.9560439560439562]","[0.6666666666666666, 0.6666666666666666, 0.6666666666666666, 0.6666666666666666, 0.6666666666666666, 0.6666666666666666, 1.0, 1.0, 1.0, 0.6666666666666666, 0.6666666666666666, 1.0, 1.0, 1.0, 1.0, 1.0, 1.0, 1.0, 1.0, 1.0, 1.0, 1.0, 0.6666666666666666, 0.6666666666666666, 1.0, 1.0, 0.6666666666666666, 0.6666666666666666, 1.0, 1.0]","[1.0, 1.0, 0.8, 1.0, 0.8, 0.8, 0.8, 0.8, 1.0, 1.0, 0.8, 1.0, 1.0, 0.8, 1.0, 1.0, 0.8, 1.0, 1.0, 1.0, 1.0, 0.8, 0.8, 0.8, 1.0, 1.0, 0.8, 0.8, 1.0, 0.8]"
adult,mlp,1000,7,14,b3_is,0.0001853095154079051,0.00013265834973508688,1.3236393957707505e-05,9.475596409649062e-06,0.0001431900853254525,0.0002376538671868104,1.0510473149210398,0.976849816849817,0.018784317081948516,0.9695238095238097,0.9828608058608058,0.917948717948718,0.04642631360514246,0.9444444444444445,0.12422599874998834,0.9266666666666669,0.09637888196533971,1.1127558894893602e-05,0.0,1000.0,0.1829331166615399,0.00491018681834401,1000.0,"[0.00017681554843303912, 0.00017875556304063018, 0.00027386525233515167, 0.00026324281588894084, 0.00012228387882430846, 8.091732921916931e-05, 0.00024078102236900966, 0.0002436247296212415, 2.417634936896497e-05, 9.072280637023463e-05, 5.78750453903886e-05, 0.0001592988871094429, 0.0001399890378080736, 0.00010803841134667898, 0.000191921279223442, 0.0006050883262913523, 0.00016900517094251582, 4.0846759572948086e-05, 0.0001708141921603122, 9.263425979477689e-05, 0.00020559839756009062, 0.0001393116251466983, 6.745413230227742e-05, 6.738468180294904e-05, 0.0001688212964866494, 0.00022410143430609148, 0.0001776521639682387, 0.00048347538575435796, 9.697396750784598e-05, 0.0004978157122913329]","[0.9912087912087912, 0.9912087912087912, 0.9428571428571428, 0.9208791208791209, 0.9868131868131869, 0.9780219780219781, 0.9780219780219781, 0.9604395604395607, 0.9824175824175824, 0.9956043956043955, 0.9956043956043955, 0.9780219780219781, 0.9824175824175824, 0.9780219780219781, 0.9956043956043955, 0.9692307692307693, 0.9824175824175824, 0.9824175824175824, 0.9824175824175824, 0.9912087912087912, 0.9956043956043955, 0.9824175824175824, 0.9736263736263736, 0.9868131868131869, 0.9384615384615385, 0.9824175824175824, 0.9912087912087912, 0.9780219780219781, 0.9780219780219781, 0.9340659340659341]","[0.9560439560439562, 0.9560439560439562, 0.8681318681318682, 0.7802197802197802, 0.9340659340659341, 0.9120879120879122, 0.9120879120879122, 0.8681318681318682, 0.9340659340659341, 0.9780219780219781, 0.9780219780219781, 0.9120879120879122, 0.9340659340659341, 0.9120879120879122, 0.9780219780219781, 0.8901098901098902, 0.9340659340659341, 0.9340659340659341, 0.9120879120879122, 0.9560439560439562, 0.9780219780219781, 0.9340659340659341, 0.9120879120879122, 0.9340659340659341, 0.8241758241758242, 0.9120879120879122, 0.9560439560439562, 0.9120879120879122, 0.9120879120879122, 0.8241758241758242]","[1.0, 1.0, 1.0, 0.6666666666666666, 1.0, 0.6666666666666666, 1.0, 0.6666666666666666, 1.0, 1.0, 1.0, 1.0, 1.0, 1.0, 1.0, 1.0, 1.0, 1.0, 1.0, 1.0, 1.0, 1.0, 1.0, 1.0, 0.6666666666666666, 1.0, 1.0, 1.0, 0.6666666666666666, 1.0]","[1.0, 1.0, 1.0, 1.0, 0.8, 0.8, 1.0, 0.8, 1.0, 1.0, 1.0, 0.8, 1.0, 0.8, 0.8, 1.0, 1.0, 1.0, 0.8, 1.0, 1.0, 1.0, 0.8, 0.8, 1.0, 0.8, 1.0, 1.0, 0.8, 1.0]"
adult,mlp,1000,7,14,b4_antithetic,0.00023136237582553748,4.797112261280033e-05,1.652588398753839e-05,3.4265087580571666e-06,0.00021331654976064878,0.00024614642332772464,1.3122521169509798,0.8964102564102565,0.030615699286731135,0.8857142857142859,0.9072564102564102,0.7824175824175826,0.04587391122184106,0.9333333333333333,0.13333333333333336,0.9866666666666667,0.04988876515698587,2.08700041328087e-06,0.0,1000.0,0.15760207667481155,0.0030984902186358882,1000.0,"[0.0001459517580572041, 0.00025491057448205704, 0.00026666112978389876, 0.00026680626845092335, 0.00017517767098034945, 0.0001875134773401672, 0.00021864175439599714, 0.00022083257974537705, 0.00022077400229972917, 0.0002294328259959339, 0.0002636924317603538, 0.0002631490384136681, 0.0002799487080739544, 0.0002751765326341938, 0.00022746292077089955, 0.00018031534503351078, 0.00021075852942498437, 0.0002673198596860364, 0.0002573643417036601, 0.00021423997251172387, 0.00029963408108372454, 0.00022512651556465623, 0.0002214185041069136, 0.0002467506118364338, 6.070827247705119e-05, 0.00020609289156159664, 0.00022794455866863612, 0.00026298746118910146, 0.00029976426352577515, 0.0002643143932076121]","[0.9604395604395607, 0.8681318681318682, 0.9384615384615385, 0.8857142857142857, 0.9076923076923077, 0.9164835164835166, 0.8813186813186813, 0.8637362637362638, 0.8857142857142857, 0.9340659340659341, 0.8769230769230769, 0.8857142857142857, 0.8989010989010989, 0.8813186813186813, 0.8417582417582418, 0.9384615384615385, 0.8461538461538461, 0.8681318681318682, 0.8681318681318682, 0.9076923076923077, 0.9252747252747253, 0.8989010989010989, 0.8681318681318682, 0.8637362637362638, 0.9384615384615385, 0.9428571428571428, 0.9208791208791209, 0.8901098901098902, 0.9164835164835166, 0.8725274725274725]","[0.8901098901098902, 0.7362637362637363, 0.8241758241758242, 0.7802197802197802, 0.7802197802197802, 0.8021978021978022, 0.7582417582417583, 0.7362637362637363, 0.7802197802197802, 0.8461538461538461, 0.7362637362637363, 0.7802197802197802, 0.7802197802197802, 0.7582417582417583, 0.7142857142857144, 0.8241758241758242, 0.7142857142857144, 0.7362637362637363, 0.7582417582417583, 0.8021978021978022, 0.8241758241758242, 0.7802197802197802, 0.7362637362637363, 0.7142857142857144, 0.8461538461538461, 0.8461538461538461, 0.8021978021978022, 0.8021978021978022, 0.8461538461538461, 0.7362637362637363]","[1.0, 0.6666666666666666, 0.6666666666666666, 1.0, 0.6666666666666666, 1.0, 1.0, 1.0, 1.0, 1.0, 0.6666666666666666, 1.0, 1.0, 1.0, 1.0, 1.0, 1.0, 1.0, 1.0, 1.0, 1.0, 1.0, 0.6666666666666666, 0.6666666666666666, 1.0, 1.0, 1.0, 1.0, 1.0, 1.0]","[1.0, 1.0, 1.0, 1.0, 0.8, 1.0, 1.0, 1.0, 1.0, 1.0, 1.0, 1.0, 1.0, 1.0, 1.0, 1.0, 1.0, 1.0, 1.0, 1.0, 1.0, 1.0, 1.0, 1.0, 0.8, 1.0, 1.0, 1.0, 1.0, 1.0]"
adult,mlp,1000,8,14,abc_shap,0.002283492927213062,0.00200746816453306,0.00016310663765807583,0.00014339058318093285,0.001619565012599958,0.003018000679966227,4.093143899447164,0.9378754578754579,0.043687580663262865,0.9216080586080586,0.9531135531135533,0.8373626373626376,0.07895791112268119,0.7555555555555556,0.20964402515681346,0.9266666666666666,0.09637888196533971,0.00014574573749983675,504.0,496.0,0.18521607000924026,0.003637171343691274,504.0,"[0.001665187202303692, 0.0032940763565378994, 0.0028775469121226816, 0.0006000516171981385, 0.005872781093521896, 0.006788128199704317, 0.003429885150104253, 0.005276809741658344, 0.0007962483589197141, 0.0007292945275323732, 0.002093961108571812, 0.0007728936126752029, 0.0010114605298411341, 0.007491179459417667, 0.0008968401398010985, 0.0004831825503388609, 0.003036708471484254, 0.000685096907461859, 0.00033122918934270427, 0.0008231486357286554, 0.0010394958334464053, 0.0029897955247907633, 0.0033902870858593614, 0.0003784301427799271, 0.0004650934122122395, 0.0020835548181874874, 0.0006120278612767709, 0.004185330387952795, 0.003973692498538957, 0.00043137048708059985]","[0.9472527472527472, 0.9252747252747253, 0.8857142857142857, 0.9472527472527472, 0.8769230769230769, 0.9516483516483516, 0.9340659340659341, 0.8901098901098902, 0.9780219780219781, 0.9780219780219781, 0.9604395604395607, 0.956043956043956, 0.9428571428571428, 0.8857142857142857, 0.9824175824175824, 0.9868131868131869, 0.9252747252747253, 0.9824175824175824, 0.9736263736263736, 0.9824175824175824, 0.9912087912087912, 0.8505494505494505, 0.9384615384615385, 0.956043956043956, 0.9472527472527472, 0.8593406593406594, 0.9824175824175824, 0.8417582417582418, 0.8989010989010989, 0.9780219780219781]","[0.8681318681318682, 0.7802197802197802, 0.7802197802197802, 0.8461538461538461, 0.7142857142857144, 0.8461538461538461, 0.7802197802197802, 0.6923076923076924, 0.9120879120879122, 0.9120879120879122, 0.8461538461538461, 0.8681318681318682, 0.8681318681318682, 0.7142857142857144, 0.9340659340659341, 0.9340659340659341, 0.8021978021978022, 0.9340659340659341, 0.8901098901098902, 0.9340659340659341, 0.9560439560439562, 0.7582417582417583, 0.8461538461538461, 0.8681318681318682, 0.8241758241758242, 0.7362637362637363, 0.9120879120879122, 0.6923076923076924, 0.7582417582417583, 0.9120879120879122]","[0.6666666666666666, 0.6666666666666666, 0.6666666666666666, 0.6666666666666666, 0.3333333333333333, 1.0, 0.6666666666666666, 0.6666666666666666, 0.6666666666666666, 1.0, 0.6666666666666666, 1.0, 1.0, 0.6666666666666666, 1.0, 1.0, 0.6666666666666666, 1.0, 0.6666666666666666, 1.0, 0.6666666666666666, 0.6666666666666666, 0.3333333333333333, 0.6666666666666666, 0.6666666666666666, 0.6666666666666666, 1.0, 1.0, 0.3333333333333333, 1.0]","[1.0, 0.8, 1.0, 1.0, 0.8, 1.0, 0.8, 0.8, 0.8, 1.0, 0.8, 1.0, 1.0, 0.8, 1.0, 1.0, 0.8, 1.0, 1.0, 1.0, 1.0, 1.0, 0.8, 1.0, 0.8, 1.0, 1.0, 1.0, 0.8, 1.0]"
adult,mlp,1000,8,14,b1_uniform,0.002162988547586145,0.001947877774205149,0.00015449918197043893,0.0001391341267289392,0.0015446027116854761,0.0029078953423071112,3.8771407051966054,0.9454945054945054,0.026167694182219293,0.935824175824176,0.9535531135531137,0.8351648351648353,0.05863094791125817,0.6777777777777779,0.1356283957303745,0.9866666666666667,0.04988876515698587,8.968131568848951e-05,0.0,1000.0,0.160676380006286,0.002958675617086795,1000.0,"[0.0007417492490943774, 0.00511147447346833, 0.005892212837134287, 0.002535243039661239, 0.0007503840017492419, 0.0054430983870954325, 0.0015090584508449547, 0.001588623607681061, 0.001546176419056538, 0.0008468120300425039, 0.0011325466968076586, 0.0009335847073094872, 0.000999006721552897, 0.0005584920216466811, 0.0014071749112850873, 0.001599735838752314, 0.0005634094885122177, 0.0010190387753598307, 0.002167354831692259, 0.005371661393264402, 0.0014345034967452844, 0.0017152528446900488, 0.005552548377745108, 0.0008711486531904325, 0.001600267513775554, 0.0010901152320373154, 0.0007414123842374535, 0.007827780327047045, 0.0016436284275773007, 0.0006961612885280139]","[0.9340659340659341, 0.8593406593406594, 0.9692307692307693, 0.9032967032967033, 0.9340659340659341, 0.9780219780219781, 0.9252747252747253, 0.9384615384615385, 0.9736263736263736, 0.9736263736263736, 0.9472527472527472, 0.9604395604395607, 0.9604395604395607, 0.956043956043956, 0.9428571428571428, 0.9516483516483516, 0.9604395604395607, 0.9032967032967033, 0.9428571428571428, 0.9824175824175824, 0.9692307692307693, 0.9252747252747253, 0.9516483516483516, 0.9648351648351648, 0.9252747252747253, 0.9692307692307693, 0.9384615384615385, 0.9208791208791209, 0.9384615384615385, 0.9648351648351648]","[0.8241758241758242, 0.6483516483516484, 0.8901098901098902, 0.7362637362637363, 0.8021978021978022, 0.9120879120879122, 0.7802197802197802, 0.8241758241758242, 0.9120879120879122, 0.8901098901098902, 0.8241758241758242, 0.8681318681318682, 0.8681318681318682, 0.8461538461538461, 0.8241758241758242, 0.8461538461538461, 0.8681318681318682, 0.7582417582417583, 0.8241758241758242, 0.9340659340659341, 0.8901098901098902, 0.7802197802197802, 0.8461538461538461, 0.8681318681318682, 0.8461538461538461, 0.8901098901098902, 0.8021978021978022, 0.7802197802197802, 0.8021978021978022, 0.8681318681318682]","[0.6666666666666666, 0.3333333333333333, 0.6666666666666666, 0.6666666666666666, 0.6666666666666666, 0.6666666666666666, 0.6666666666666666, 0.6666666666666666, 0.6666666666666666, 0.6666666666666666, 0.6666666666666666, 1.0, 0.6666666666666666, 0.6666666666666666, 0.6666666666666666, 0.6666666666666666, 0.6666666666666666, 0.6666666666666666, 0.6666666666666666, 0.6666666666666666, 1.0, 0.3333333333333333, 0.6666666666666666, 0.6666666666666666, 1.0, 0.6666666666666666, 0.6666666666666666, 0.6666666666666666, 0.6666666666666666, 0.6666666666666666]","[1.0, 0.8, 1.0, 1.0, 1.0, 1.0, 1.0, 1.0, 1.0, 1.0, 1.0, 1.0, 1.0, 1.0, 1.0, 1.0, 1.0, 1.0, 1.0, 1.0, 1.0, 1.0, 1.0, 1.0, 1.0, 1.0, 1.0, 0.8, 1.0, 1.0]"
adult,mlp,1000,8,14,b2_stratified,0.0005578823963461141,0.00047909668285037936,3.984874259615101e-05,3.4221191632169954e-05,0.000396851668568315,0.0007227952129526513,1.0,0.9834432234432235,0.015506927017295535,0.9777252747252748,0.9885714285714287,0.9399267399267401,0.0442966050046329,0.8555555555555556,0.16517854163687232,0.9600000000000001,0.07999999999999999,3.869327398718347e-05,0.0,1000.0,0.1629511766601354,0.003040728214132737,1000.0,"[0.00022328312574737655, 0.0011209830027376097, 0.0006290094980801296, 0.001610182183629916, 0.00024803472764500415, 0.0003397674535005863, 0.0002920706634240609, 0.0007043524754104161, 0.0012873209476911241, 0.00023288545690731212, 0.0012554928495244425, 0.0017767703044549875, 0.0005317346305295907, 0.0007202583548891573, 0.00042419697408997193, 0.00031050361123672167, 0.00018391089148178988, 0.00016199447295259844, 0.00015730140793489904, 0.0003057485798505218, 0.000429483210638679, 0.00014889885841058698, 0.001092846449539274, 4.1431423248096114e-05, 8.169092873036789e-05, 0.000191501826163916, 0.00031054329685499787, 0.00022647308169874167, 0.00038304007599527053, 0.0013147611273852786]","[1.0, 0.956043956043956, 0.9692307692307693, 0.9824175824175824, 0.9956043956043955, 0.9956043956043955, 0.9824175824175824, 0.9780219780219781, 0.9736263736263736, 0.9868131868131869, 0.9824175824175824, 0.9384615384615385, 0.9956043956043955, 0.9824175824175824, 0.9780219780219781, 0.9912087912087912, 0.9912087912087912, 1.0, 0.9824175824175824, 0.9912087912087912, 0.9912087912087912, 0.9824175824175824, 0.9956043956043955, 0.9912087912087912, 0.9956043956043955, 0.9956043956043955, 0.9780219780219781, 1.0, 0.9824175824175824, 0.9384615384615385]","[1.0, 0.8681318681318682, 0.9120879120879122, 0.9340659340659341, 0.9780219780219781, 0.9780219780219781, 0.9340659340659341, 0.9120879120879122, 0.9120879120879122, 0.9560439560439562, 0.9340659340659341, 0.8021978021978022, 0.9780219780219781, 0.9340659340659341, 0.9120879120879122, 0.9560439560439562, 0.9560439560439562, 1.0, 0.9340659340659341, 0.9560439560439562, 0.9560439560439562, 0.9120879120879122, 0.9780219780219781, 0.9560439560439562, 0.9780219780219781, 0.9780219780219781, 0.9120879120879122, 1.0, 0.9340659340659341, 0.8461538461538461]","[1.0, 0.6666666666666666, 0.6666666666666666, 1.0, 1.0, 0.6666666666666666, 1.0, 1.0, 0.6666666666666666, 1.0, 0.6666666666666666, 0.6666666666666666, 1.0, 1.0, 0.6666666666666666, 1.0, 0.6666666666666666, 1.0, 0.6666666666666666, 1.0, 1.0, 0.6666666666666666, 1.0, 0.6666666666666666, 1.0, 1.0, 0.6666666666666666, 1.0, 1.0, 0.6666666666666666]","[1.0, 1.0, 0.8, 0.8, 1.0, 1.0, 1.0, 1.0, 1.0, 1.0, 1.0, 0.8, 1.0, 1.0, 0.8, 1.0, 1.0, 1.0, 1.0, 1.0, 0.8, 1.0, 1.0, 1.0, 1.0, 1.0, 1.0, 1.0, 1.0, 0.8]"
adult,mlp,1000,8,14,b3_is,0.00038671866745652097,0.00042341970030401624,2.762276196118007e-05,3.024426430742973e-05,0.0002434204049978613,0.0005575734852628372,0.6931903031702725,0.9865201465201465,0.009954747400124832,0.9827106227106228,0.98989010989011,0.945787545787546,0.03344384530553357,0.8444444444444447,0.16629588385661964,0.9866666666666667,0.04988876515698587,2.1883778865900164e-05,0.0,1000.0,0.18180191334104165,0.003071706247667222,1000.0,"[0.0006374409414455726, 3.3239021141393105e-05, 0.0002634456137420263, 8.021433604116873e-05, 0.00013003748130502413, 0.00011807690033776086, 0.0002492496500810814, 0.0003259436521804429, 0.0007808905678380789, 0.0001398885944592411, 0.00017941410355172863, 0.0012149442568446928, 0.0009722971938381414, 4.144529476097511e-05, 3.618607320040235e-05, 5.542261246389761e-05, 0.0003390650965515272, 0.00036800681280449877, 0.0003939504990874143, 0.00014947093487703743, 0.0018068923815634072, 0.0004526462450649546, 0.000458946858645157, 3.2938453780196445e-05, 0.0013260540327741735, 0.0002571009181392034, 0.00015140644345484948, 0.00029404062150941096, 0.00018116242063828737, 0.00013174201157388444]","[0.9692307692307693, 1.0, 0.9956043956043955, 0.9824175824175824, 0.9956043956043955, 0.9956043956043955, 0.9956043956043955, 0.9956043956043955, 0.956043956043956, 0.9824175824175824, 0.9912087912087912, 0.9736263736263736, 0.9736263736263736, 0.9956043956043955, 0.9956043956043955, 0.9956043956043955, 0.9912087912087912, 0.9868131868131869, 0.9824175824175824, 0.9956043956043955, 0.9824175824175824, 0.9780219780219781, 0.9824175824175824, 1.0, 0.9824175824175824, 0.9824175824175824, 0.9824175824175824, 0.9824175824175824, 0.9824175824175824, 0.9912087912087912]","[0.8901098901098902, 1.0, 0.9780219780219781, 0.9340659340659341, 0.9780219780219781, 0.9780219780219781, 0.9780219780219781, 0.9780219780219781, 0.8681318681318682, 0.9340659340659341, 0.9560439560439562, 0.8901098901098902, 0.9120879120879122, 0.9780219780219781, 0.9780219780219781, 0.9780219780219781, 0.9560439560439562, 0.9340659340659341, 0.9340659340659341, 0.9780219780219781, 0.9340659340659341, 0.9120879120879122, 0.9340659340659341, 1.0, 0.9340659340659341, 0.9120879120879122, 0.9120879120879122, 0.9340659340659341, 0.9340659340659341, 0.9560439560439562]","[0.6666666666666666, 1.0, 1.0, 1.0, 1.0, 1.0, 1.0, 1.0, 0.6666666666666666, 0.6666666666666666, 0.6666666666666666, 0.6666666666666666, 0.6666666666666666, 1.0, 1.0, 1.0, 1.0, 0.6666666666666666, 1.0, 1.0, 1.0, 0.6666666666666666, 0.6666666666666666, 1.0, 0.6666666666666666, 0.6666666666666666, 0.6666666666666666, 0.6666666666666666, 0.6666666666666666, 1.0]","[1.0, 1.0, 1.0, 1.0, 1.0, 1.0, 1.0, 1.0, 1.0, 1.0, 1.0, 1.0, 0.8, 1.0, 1.0, 1.0, 1.0, 0.8, 1.0, 1.0, 1.0, 1.0, 1.0, 1.0, 1.0, 1.0, 1.0, 1.0, 1.0, 1.0]"
adult,mlp,1000,8,14,b4_antithetic,0.0008930571357938719,0.00020816173959339727,6.3789795413848e-05,1.4868695685242661e-05,0.0008184812064957093,0.0009649524402608067,1.600798199841052,0.9575091575091574,0.013154212857121457,0.9529670329670329,0.9621978021978024,0.8622710622710623,0.03586003882936388,0.6666666666666669,2.220446049250313e-16,1.0,0.0,9.205431271691901e-06,0.0,1000.0,0.1576219266668583,0.004743374600788403,1000.0,"[0.0008034608487906268, 0.0011061145559461423, 0.0006667636603597013, 0.001182102969723869, 0.0008683913997119897, 0.0010428261690314594, 0.0012557515841840365, 0.0008972219472490728, 0.0008768701068836627, 0.0010234154564797231, 0.0005919225456806533, 0.0008387329527194362, 0.0010315948929788086, 0.0010510220753175022, 0.0006621500515324668, 0.0008690664554116917, 0.000685323731199769, 0.0009169257674814714, 0.0008830588594086721, 0.0012185493338438315, 0.0006196580446916545, 0.0010622743265135165, 0.0004766573311390822, 0.0009362031164336138, 0.0012097134252872185, 0.0006899121412944353, 0.0011463121551582264, 0.0005929708668544737, 0.0007473947073125269, 0.0008393525951968167]","[0.9516483516483516, 0.9516483516483516, 0.956043956043956, 0.956043956043956, 0.9516483516483516, 0.9472527472527472, 0.9516483516483516, 0.9736263736263736, 0.9428571428571428, 0.9472527472527472, 0.9648351648351648, 0.9692307692307693, 0.9384615384615385, 0.9428571428571428, 0.9648351648351648, 0.9428571428571428, 0.9780219780219781, 0.9516483516483516, 0.9692307692307693, 0.9296703296703297, 0.9604395604395607, 0.956043956043956, 0.9736263736263736, 0.9384615384615385, 0.9736263736263736, 0.9692307692307693, 0.9604395604395607, 0.9868131868131869, 0.9648351648351648, 0.9604395604395607]","[0.8461538461538461, 0.8461538461538461, 0.8681318681318682, 0.8461538461538461, 0.8461538461538461, 0.8461538461538461, 0.8461538461538461, 0.9120879120879122, 0.8241758241758242, 0.8241758241758242, 0.8681318681318682, 0.8901098901098902, 0.8021978021978022, 0.8241758241758242, 0.8681318681318682, 0.8241758241758242, 0.9120879120879122, 0.8461538461538461, 0.8901098901098902, 0.8021978021978022, 0.8681318681318682, 0.8461538461538461, 0.9120879120879122, 0.8241758241758242, 0.9120879120879122, 0.8901098901098902, 0.8681318681318682, 0.9560439560439562, 0.8901098901098902, 0.8681318681318682]","[0.6666666666666666, 0.6666666666666666, 0.6666666666666666, 0.6666666666666666, 0.6666666666666666, 0.6666666666666666, 0.6666666666666666, 0.6666666666666666, 0.6666666666666666, 0.6666666666666666, 0.6666666666666666, 0.6666666666666666, 0.6666666666666666, 0.6666666666666666, 0.6666666666666666, 0.6666666666666666, 0.6666666666666666, 0.6666666666666666, 0.6666666666666666, 0.6666666666666666, 0.6666666666666666, 0.6666666666666666, 0.6666666666666666, 0.6666666666666666, 0.6666666666666666, 0.6666666666666666, 0.6666666666666666, 0.6666666666666666, 0.6666666666666666, 0.6666666666666666]","[1.0, 1.0, 1.0, 1.0, 1.0, 1.0, 1.0, 1.0, 1.0, 1.0, 1.0, 1.0, 1.0, 1.0, 1.0, 1.0, 1.0, 1.0, 1.0, 1.0, 1.0, 1.0, 1.0, 1.0, 1.0, 1.0, 1.0, 1.0, 1.0, 1.0]"
adult,mlp,1000,9,14,abc_shap,0.006680898696405012,0.004128493358630554,0.00047720704974321514,0.00029489238275932526,0.005293287054014555,0.008235530899574949,5.680288264841978,0.8994871794871796,0.07150783617373524,0.8726739926739929,0.922054945054945,0.7787545787545789,0.10338758893666301,0.9111111111111112,0.14740554623801783,0.8733333333333334,0.09637888196533971,0.0004444943621566381,504.0,496.0,0.18579804666029912,0.003488372313801422,504.0,"[0.0010801759643975836, 0.008973457019397849, 0.007903310530171166, 0.008882348661360536, 0.0012618877874745512, 0.006613691862963826, 0.002845326466138156, 0.011456232871349116, 0.010146687380088504, 0.012934436503648398, 0.004516002705935756, 0.004721066169975546, 0.0038933685321353487, 0.009134147529640969, 0.002843946828879961, 0.013735875548886589, 0.004049014172343279, 0.004988077295411408, 0.004751931954046569, 0.0016810362723249437, 0.005915376052981246, 0.013464069461177121, 0.011435209007895214, 0.004167329431604355, 0.01156926260883741, 0.002818656151375357, 0.0020786601268174003, 0.015155394569798452, 0.0036508201994301494, 0.0037601612256636017]","[0.9076923076923077, 0.9780219780219781, 0.9516483516483516, 0.8989010989010989, 0.9472527472527472, 0.8021978021978022, 0.9472527472527472, 0.8989010989010989, 0.8373626373626375, 0.9296703296703297, 0.9692307692307693, 0.6439560439560439, 0.9780219780219781, 0.9164835164835166, 0.9780219780219781, 0.9208791208791209, 0.8725274725274725, 0.8021978021978022, 0.7978021978021977, 0.9472527472527472, 0.8945054945054945, 0.8901098901098902, 0.8725274725274725, 0.8153846153846154, 0.9604395604395607, 0.9120879120879121, 0.9736263736263736, 0.8813186813186813, 0.9208791208791209, 0.9384615384615385]","[0.8021978021978022, 0.9120879120879122, 0.8461538461538461, 0.7802197802197802, 0.8461538461538461, 0.6263736263736264, 0.8461538461538461, 0.7582417582417583, 0.6703296703296704, 0.8021978021978022, 0.8681318681318682, 0.42857142857142855, 0.9120879120879122, 0.8241758241758242, 0.9120879120879122, 0.7802197802197802, 0.7142857142857144, 0.6263736263736264, 0.6483516483516484, 0.8241758241758242, 0.7802197802197802, 0.7582417582417583, 0.7362637362637363, 0.6703296703296704, 0.8461538461538461, 0.8021978021978022, 0.8901098901098902, 0.7802197802197802, 0.8241758241758242, 0.8461538461538461]","[1.0, 1.0, 0.6666666666666666, 1.0, 1.0, 1.0, 1.0, 1.0, 0.6666666666666666, 1.0, 1.0, 1.0, 1.0, 1.0, 0.6666666666666666, 0.6666666666666666, 1.0, 1.0, 1.0, 0.6666666666666666, 1.0, 1.0, 0.6666666666666666, 1.0, 1.0, 1.0, 0.6666666666666666, 1.0, 0.6666666666666666, 1.0]","[1.0, 0.8, 1.0, 0.8, 0.8, 0.8, 1.0, 0.8, 1.0, 0.8, 0.8, 1.0, 1.0, 1.0, 1.0, 0.8, 0.8, 0.8, 0.8, 0.8, 0.8, 0.8, 0.8, 0.8, 1.0, 0.8, 0.8, 1.0, 0.8, 1.0]"
adult,mlp,1000,9,14,b1_uniform,0.0026157052186727933,0.001954577774541288,0.00018683608704805665,0.00013961269818152058,0.0019738780678189563,0.0034254989350196866,2.223946258294269,0.8584615384615385,0.0512410092176279,0.8411648351648353,0.8762087912087914,0.7172161172161176,0.07149522578025408,0.9000000000000001,0.1527525231651947,0.9133333333333334,0.09910712498212333,0.00013466670450473618,0.0,1000.0,0.1615614799860244,0.0038180802648213118,1000.0,"[0.0015610187979231346, 0.0026183897641112504, 0.004075022711995816, 0.0012203771283358868, 0.0017750531506948676, 0.0013940532292019876, 0.004346172222187237, 0.002506295694346756, 0.00171066804177318, 0.0012010126029384498, 0.0011945886147678142, 0.0007707983714627908, 0.00830821356619355, 0.00206694263513177, 0.001982022470257671, 0.002010538047949608, 0.0020097272751318255, 0.0016992522513230646, 0.0014744807893671144, 0.001672145692822559, 0.0026080049297477355, 0.002107116564859713, 0.008332652494683873, 0.0017568290168685152, 0.0033307056857080986, 0.007183714258204712, 0.0011429263541580924, 0.0014273222149349823, 0.002028791536351916, 0.0029563204467498365]","[0.832967032967033, 0.8989010989010989, 0.8461538461538461, 0.7758241758241758, 0.8373626373626375, 0.8417582417582418, 0.8901098901098902, 0.8813186813186813, 0.8857142857142857, 0.7978021978021977, 0.8945054945054945, 0.832967032967033, 0.9032967032967033, 0.9384615384615385, 0.8197802197802198, 0.8505494505494505, 0.7978021978021977, 0.8373626373626375, 0.9692307692307693, 0.8725274725274725, 0.8945054945054945, 0.8153846153846154, 0.8945054945054945, 0.9472527472527472, 0.8725274725274725, 0.7362637362637363, 0.8989010989010989, 0.7934065934065934, 0.8285714285714285, 0.8681318681318682]","[0.7142857142857144, 0.8021978021978022, 0.6923076923076924, 0.5824175824175825, 0.6923076923076924, 0.7142857142857144, 0.7582417582417583, 0.7582417582417583, 0.7362637362637363, 0.6263736263736264, 0.7802197802197802, 0.6923076923076924, 0.7802197802197802, 0.8461538461538461, 0.6703296703296704, 0.6923076923076924, 0.6043956043956044, 0.7142857142857144, 0.8681318681318682, 0.7362637362637363, 0.7582417582417583, 0.6703296703296704, 0.7582417582417583, 0.8241758241758242, 0.6923076923076924, 0.5824175824175825, 0.7582417582417583, 0.6263736263736264, 0.6483516483516484, 0.7362637362637363]","[0.6666666666666666, 0.6666666666666666, 1.0, 1.0, 1.0, 1.0, 0.6666666666666666, 1.0, 1.0, 1.0, 1.0, 1.0, 0.6666666666666666, 1.0, 1.0, 1.0, 1.0, 1.0, 0.6666666666666666, 1.0, 0.6666666666666666, 1.0, 1.0, 1.0, 0.6666666666666666, 0.6666666666666666, 1.0, 1.0, 0.6666666666666666, 1.0]","[1.0, 1.0, 1.0, 1.0, 1.0, 1.0, 1.0, 0.8, 0.8, 1.0, 1.0, 1.0, 0.8, 1.0, 1.0, 0.8, 0.8, 1.0, 0.8, 1.0, 1.0, 1.0, 1.0, 0.8, 0.8, 0.8, 0.8, 0.8, 0.8, 0.8]"
adult,mlp,1000,9,14,b2_stratified,0.001176154868364039,0.0007922713219967845,8.401106202600279e-05,5.6590808714056034e-05,0.0008997002849993773,0.001469396928263551,1.0,0.9661538461538463,0.039919413247179805,0.9500366300366301,0.9778754578754579,0.8930402930402932,0.06850502404431333,1.0,0.0,0.92,0.09797958971132711,7.563894065774395e-05,0.0,1000.0,0.16696156999872377,0.009675311715473615,1000.0,"[0.0008285647994064123, 0.00047172789794567465, 0.00014929176229770807, 0.0004401040065226422, 0.001530377812498196, 0.0011839422596340583, 0.0005966926974252331, 0.0019284972501252412, 0.0013133039013996234, 0.0013220686371787865, 0.0008099653116456595, 0.0006887298544185827, 0.0016874864891541408, 0.0012459072985803621, 0.0011500459515278384, 0.00041994721873886713, 0.0005855750832828283, 0.0007013630848730506, 0.001890995798037991, 0.0009949762827512732, 0.0014392242258873594, 0.003860745998924164, 0.0005254467450747215, 0.0025374374872827008, 0.0008805442201453914, 0.0005026062722151023, 0.0006569904625528809, 0.0027062057664077837, 0.0016231113973096346, 0.0006127700776772666]","[0.956043956043956, 0.9736263736263736, 0.9912087912087912, 0.9956043956043955, 0.9736263736263736, 0.9604395604395607, 0.9956043956043955, 0.9648351648351648, 0.9692307692307693, 0.9736263736263736, 0.9604395604395607, 0.9868131868131869, 0.9736263736263736, 0.8637362637362638, 0.9824175824175824, 0.9868131868131869, 0.9868131868131869, 0.9736263736263736, 0.9780219780219781, 0.9736263736263736, 0.9780219780219781, 0.9824175824175824, 0.9824175824175824, 0.7934065934065934, 0.9956043956043955, 0.9780219780219781, 0.9516483516483516, 0.9428571428571428, 0.9736263736263736, 0.9868131868131869]","[0.8681318681318682, 0.9120879120879122, 0.9560439560439562, 0.9780219780219781, 0.8901098901098902, 0.8681318681318682, 0.9780219780219781, 0.8461538461538461, 0.8901098901098902, 0.8901098901098902, 0.8681318681318682, 0.9340659340659341, 0.9120879120879122, 0.7142857142857144, 0.9340659340659341, 0.9340659340659341, 0.9340659340659341, 0.8901098901098902, 0.9120879120879122, 0.8901098901098902, 0.9120879120879122, 0.9340659340659341, 0.9120879120879122, 0.6483516483516484, 0.9780219780219781, 0.9120879120879122, 0.8461538461538461, 0.8241758241758242, 0.8901098901098902, 0.9340659340659341]","[1.0, 1.0, 1.0, 1.0, 1.0, 1.0, 1.0, 1.0, 1.0, 1.0, 1.0, 1.0, 1.0, 1.0, 1.0, 1.0, 1.0, 1.0, 1.0, 1.0, 1.0, 1.0, 1.0, 1.0, 1.0, 1.0, 1.0, 1.0, 1.0, 1.0]","[0.8, 0.8, 1.0, 1.0, 0.8, 1.0, 1.0, 1.0, 1.0, 1.0, 1.0, 1.0, 1.0, 0.8, 1.0, 1.0, 1.0, 0.8, 1.0, 0.8, 0.8, 1.0, 1.0, 0.8, 1.0, 1.0, 0.8, 0.8, 0.8, 0.8]"
adult,mlp,1000,9,14,b3_is,0.0008463962284026866,0.0008049077233944569,6.045687345733476e-05,5.749340881388978e-05,0.0006002638263056343,0.0011959181421008634,0.7196299153868853,0.9827106227106228,0.012887111166180798,0.9780219780219781,0.9866666666666667,0.9296703296703298,0.036068963003930185,0.9888888888888888,0.059835164523716726,0.9266666666666666,0.09637888196533971,5.846882629848433e-05,0.0,1000.0,0.18418887667357922,0.006677890033910358,1000.0,"[0.0009978735645802277, 0.00018656379851499135, 0.0003530480688564732, 0.0005907246652862967, 0.0005647980875918589, 0.0005752026525481923, 0.0003420863266368713, 0.0011537630821049673, 0.001065363664454288, 0.000942172101614728, 0.0004667281956367175, 0.001219047895199527, 0.0003054805359520584, 0.0007498439714354354, 0.0005989443554788645, 0.0012358166718190624, 0.004402580930264233, 0.0003174892705969188, 0.0022807699131098327, 0.00027850738426686333, 0.0007860257681134855, 0.00021462966158932112, 0.0014515684046495724, 0.0002311924726003018, 0.001225664949754665, 0.00045624580650220625, 0.00011797003480751096, 0.0008303197392528324, 0.0007643815810275788, 0.0006870832978347182]","[0.9912087912087912, 0.9956043956043955, 0.9956043956043955, 0.9780219780219781, 0.9252747252747253, 0.9780219780219781, 0.9824175824175824, 0.9824175824175824, 0.9824175824175824, 0.9824175824175824, 0.9868131868131869, 0.9956043956043955, 0.9868131868131869, 0.9912087912087912, 0.9868131868131869, 0.9824175824175824, 0.9692307692307693, 0.9868131868131869, 0.9824175824175824, 0.9912087912087912, 0.9692307692307693, 0.9912087912087912, 0.9868131868131869, 0.9956043956043955, 0.9824175824175824, 0.9824175824175824, 0.9736263736263736, 0.9736263736263736, 0.9824175824175824, 0.9912087912087912]","[0.9560439560439562, 0.9780219780219781, 0.9780219780219781, 0.9120879120879122, 0.8021978021978022, 0.9120879120879122, 0.9120879120879122, 0.9120879120879122, 0.9340659340659341, 0.9340659340659341, 0.9560439560439562, 0.9780219780219781, 0.9340659340659341, 0.9560439560439562, 0.9340659340659341, 0.9120879120879122, 0.8901098901098902, 0.9340659340659341, 0.9340659340659341, 0.9560439560439562, 0.8681318681318682, 0.9560439560439562, 0.9340659340659341, 0.9780219780219781, 0.9340659340659341, 0.9340659340659341, 0.9120879120879122, 0.8901098901098902, 0.9120879120879122, 0.9560439560439562]","[1.0, 1.0, 1.0, 1.0, 1.0, 1.0, 1.0, 0.6666666666666666, 1.0, 1.0, 1.0, 1.0, 1.0, 1.0, 1.0, 1.0, 1.0, 1.0, 1.0, 1.0, 1.0, 1.0, 1.0, 1.0, 1.0, 1.0, 1.0, 1.0, 1.0, 1.0]","[1.0, 1.0, 1.0, 0.8, 0.8, 0.8, 1.0, 1.0, 1.0, 0.8, 1.0, 1.0, 1.0, 1.0, 1.0, 0.8, 0.8, 0.8, 1.0, 1.0, 0.8, 1.0, 0.8, 0.8, 1.0, 1.0, 1.0, 0.8, 1.0, 1.0]"
adult,mlp,1000,9,14,b4_antithetic,0.0009963659581520986,0.00023534652528154346,7.116899701086419e-05,1.6810466091538818e-05,0.0009157901630563112,0.0010775550968254474,0.8471384040929779,0.8470329670329672,0.046565753076463295,0.830912087912088,0.8628571428571429,0.7076923076923081,0.0715889998896806,0.9444444444444444,0.12422599874998834,0.9066666666666667,0.09977753031397174,1.1903330543692526e-05,0.0,1000.0,0.15865451666371275,0.005214364874752629,1000.0,"[0.0009050242057748549, 0.0010557808437725216, 0.001522793373388992, 0.0010452112639176253, 0.0004769122821057218, 0.0005160635977811187, 0.0011559735672354156, 0.000940033165568201, 0.0014747181778013993, 0.0008463477457531826, 0.0011466806455206731, 0.0006925355356630729, 0.0010303047073409954, 0.0008166775419409142, 0.0010496075992152164, 0.0012020108968745992, 0.0010065765684410973, 0.0007360498609644729, 0.001360163493108268, 0.001082820190177549, 0.001289493303063163, 0.0008496121243263364, 0.0010585418866372453, 0.0009477974699395291, 0.0008897330010454949, 0.0011559885273980264, 0.000880447257979433, 0.0009031981667401453, 0.0008708061839332855, 0.0009830755611544037]","[0.8769230769230769, 0.7934065934065934, 0.8373626373626375, 0.8461538461538461, 0.9296703296703297, 0.9208791208791209, 0.9472527472527472, 0.8373626373626375, 0.8241758241758241, 0.8373626373626375, 0.8549450549450549, 0.8549450549450549, 0.7846153846153847, 0.8945054945054945, 0.8197802197802198, 0.8153846153846154, 0.7890109890109891, 0.9296703296703297, 0.8461538461538461, 0.8637362637362638, 0.7934065934065934, 0.9032967032967033, 0.767032967032967, 0.8593406593406594, 0.8637362637362638, 0.7846153846153847, 0.8461538461538461, 0.8505494505494505, 0.8461538461538461, 0.7934065934065934]","[0.7582417582417583, 0.6043956043956044, 0.6703296703296704, 0.7362637362637363, 0.8241758241758242, 0.8021978021978022, 0.8461538461538461, 0.7142857142857144, 0.6483516483516484, 0.6923076923076924, 0.7362637362637363, 0.7142857142857144, 0.6043956043956044, 0.7802197802197802, 0.6923076923076924, 0.6483516483516484, 0.6263736263736264, 0.8021978021978022, 0.7142857142857144, 0.7142857142857144, 0.6483516483516484, 0.8241758241758242, 0.5824175824175825, 0.7582417582417583, 0.7582417582417583, 0.6043956043956044, 0.7142857142857144, 0.7142857142857144, 0.6703296703296704, 0.6263736263736264]","[1.0, 0.6666666666666666, 1.0, 1.0, 1.0, 1.0, 1.0, 1.0, 0.6666666666666666, 1.0, 1.0, 1.0, 1.0, 1.0, 1.0, 0.6666666666666666, 1.0, 1.0, 1.0, 0.6666666666666666, 1.0, 1.0, 1.0, 1.0, 0.6666666666666666, 1.0, 1.0, 1.0, 1.0, 1.0]","[0.8, 0.8, 0.8, 1.0, 1.0, 1.0, 0.8, 1.0, 0.8, 1.0, 1.0, 0.8, 1.0, 1.0, 1.0, 0.8, 1.0, 1.0, 1.0, 0.8, 0.8, 1.0, 0.8, 1.0, 1.0, 0.8, 1.0, 0.8, 0.8, 0.8]"
