dataset,model,n_budget,instance_idx,M,method,mse,mse_std,mse_norm,mse_norm_std,mse_ci_lower,mse_ci_upper,mse_ratio_b2,spearman_mean,spearman_std,spearman_ci_lower,spearman_ci_upper,kendall_mean,kendall_std,top3_mean,top3_std,top5_mean,top5_std,variance,n_exploration,n_estimation,time_mean,time_std,n_coal_final,mse_per_run,spearman_per_run,kendall_per_run,top3_per_run,top5_per_run
california,ridge,1000,0,8,abc_shap,7.127858968054257e-16,6.900869521809473e-16,8.909823710067821e-17,8.626086902261841e-17,5.091431396353506e-16,9.846595930607797e-16,3.046540310530364,1.0,0.0,1.0,1.0,0.9999999999999998,0.0,1.0,0.0,1.0,0.0,7.025531019442446e-17,480.0,520.0,0.11025254666553035,0.004427862573468124,480.0,"[6.57650687903441e-16, 3.609401539737538e-16, 5.910422580266562e-16, 5.120370420221358e-16, 6.408831997387924e-17, 4.251989320658852e-16, 4.760735093869846e-16, 4.85870254018209e-16, 2.383389740338493e-15, 3.3790994061176337e-16, 2.624060294898915e-16, 6.740403910548596e-16, 2.5077408635478596e-15, 2.5442675776636585e-16, 4.4173730234416516e-16, 9.3789375485042e-16, 5.90597918371309e-16, 6.126377848905227e-16, 2.2636282838453886e-16, 6.651022608111299e-16, 6.729414892479028e-16, 3.0465774858668528e-15, 4.498810417208115e-16, 6.902819293524713e-16, 3.3662270511955926e-16, 4.88730849123727e-16, 2.0679722107262597e-16, 7.599327576498516e-16, 1.1601514192966083e-15, 1.0451327588009876e-16]","[1.0, 1.0, 1.0, 1.0, 1.0, 1.0, 1.0, 1.0, 1.0, 1.0, 1.0, 1.0, 1.0, 1.0, 1.0, 1.0, 1.0, 1.0, 1.0, 1.0, 1.0, 1.0, 1.0, 1.0, 1.0, 1.0, 1.0, 1.0, 1.0, 1.0]","[0.9999999999999998, 0.9999999999999998, 0.9999999999999998, 0.9999999999999998, 0.9999999999999998, 0.9999999999999998, 0.9999999999999998, 0.9999999999999998, 0.9999999999999998, 0.9999999999999998, 0.9999999999999998, 0.9999999999999998, 0.9999999999999998, 0.9999999999999998, 0.9999999999999998, 0.9999999999999998, 0.9999999999999998, 0.9999999999999998, 0.9999999999999998, 0.9999999999999998, 0.9999999999999998, 0.9999999999999998, 0.9999999999999998, 0.9999999999999998, 0.9999999999999998, 0.9999999999999998, 0.9999999999999998, 0.9999999999999998, 0.9999999999999998, 0.9999999999999998]","[1.0, 1.0, 1.0, 1.0, 1.0, 1.0, 1.0, 1.0, 1.0, 1.0, 1.0, 1.0, 1.0, 1.0, 1.0, 1.0, 1.0, 1.0, 1.0, 1.0, 1.0, 1.0, 1.0, 1.0, 1.0, 1.0, 1.0, 1.0, 1.0, 1.0]","[1.0, 1.0, 1.0, 1.0, 1.0, 1.0, 1.0, 1.0, 1.0, 1.0, 1.0, 1.0, 1.0, 1.0, 1.0, 1.0, 1.0, 1.0, 1.0, 1.0, 1.0, 1.0, 1.0, 1.0, 1.0, 1.0, 1.0, 1.0, 1.0, 1.0]"
california,ridge,1000,0,8,b1_uniform,1.523951319937256e-15,8.216304571757843e-16,1.90493914992157e-16,1.0270380714697304e-16,1.2374005109145492e-15,1.842733135037756e-15,6.513567606041143,1.0,0.0,1.0,1.0,0.9999999999999998,0.0,1.0,0.0,1.0,0.0,1.2754315491274772e-16,0.0,1000.0,0.08483167000037307,0.0029275550974994656,1000.0,"[2.2186883196182963e-15, 3.016371145546481e-15, 1.1631705496461038e-15, 2.3757437646498573e-15, 1.542235665135949e-15, 1.4935227552789546e-15, 1.4949026160721671e-15, 4.500367832560038e-16, 3.630386901873029e-15, 1.7249387184171841e-15, 6.061602185500618e-16, 1.2148958683740128e-15, 1.2567731550727144e-15, 1.780636209642498e-15, 1.0353227636994168e-15, 7.823884629589235e-16, 2.0384900796461483e-15, 1.928549138813912e-15, 3.5518202679501617e-16, 1.217562979890169e-15, 1.1458794834092349e-15, 1.6790935181932263e-15, 6.768769791395837e-16, 3.295756637320479e-15, 6.398834745584569e-16, 8.037754586328279e-16, 2.3056695514135835e-15, 1.9831853655636958e-15, 1.4071081584426206e-15, 4.55352848507081e-16]","[1.0, 1.0, 1.0, 1.0, 1.0, 1.0, 1.0, 1.0, 1.0, 1.0, 1.0, 1.0, 1.0, 1.0, 1.0, 1.0, 1.0, 1.0, 1.0, 1.0, 1.0, 1.0, 1.0, 1.0, 1.0, 1.0, 1.0, 1.0, 1.0, 1.0]","[0.9999999999999998, 0.9999999999999998, 0.9999999999999998, 0.9999999999999998, 0.9999999999999998, 0.9999999999999998, 0.9999999999999998, 0.9999999999999998, 0.9999999999999998, 0.9999999999999998, 0.9999999999999998, 0.9999999999999998, 0.9999999999999998, 0.9999999999999998, 0.9999999999999998, 0.9999999999999998, 0.9999999999999998, 0.9999999999999998, 0.9999999999999998, 0.9999999999999998, 0.9999999999999998, 0.9999999999999998, 0.9999999999999998, 0.9999999999999998, 0.9999999999999998, 0.9999999999999998, 0.9999999999999998, 0.9999999999999998, 0.9999999999999998, 0.9999999999999998]","[1.0, 1.0, 1.0, 1.0, 1.0, 1.0, 1.0, 1.0, 1.0, 1.0, 1.0, 1.0, 1.0, 1.0, 1.0, 1.0, 1.0, 1.0, 1.0, 1.0, 1.0, 1.0, 1.0, 1.0, 1.0, 1.0, 1.0, 1.0, 1.0, 1.0]","[1.0, 1.0, 1.0, 1.0, 1.0, 1.0, 1.0, 1.0, 1.0, 1.0, 1.0, 1.0, 1.0, 1.0, 1.0, 1.0, 1.0, 1.0, 1.0, 1.0, 1.0, 1.0, 1.0, 1.0, 1.0, 1.0, 1.0, 1.0, 1.0, 1.0]"
california,ridge,1000,0,8,b2_stratified,2.3396568702592967e-16,1.1507674364463393e-16,2.924571087824121e-17,1.438459295557924e-17,1.9330204890507995e-16,2.7679027425311045e-16,1.0,1.0,0.0,1.0,1.0,0.9999999999999998,0.0,1.0,0.0,1.0,0.0,2.1300509312780282e-17,0.0,1000.0,0.08733805999703084,0.004659937086131416,1000.0,"[5.762739318075011e-17, 4.693174946970915e-16, 9.976329287206413e-17, 2.860749003849713e-16, 2.9550973198136526e-16, 2.564745629942855e-16, 8.960400155585505e-17, 1.5549988995443042e-16, 1.3275649277792164e-16, 3.952292516421407e-16, 2.5066175049070693e-16, 2.3090722476900816e-16, 3.293663936887988e-16, 2.874466481740735e-16, 1.558063313446807e-16, 1.3156850458152108e-16, 2.719996964077741e-16, 8.338076922639201e-17, 3.5687537458000763e-16, 1.7147319115312014e-16, 6.535216231662471e-17, 1.880341484369671e-16, 1.1909033464549875e-16, 1.7632371480150805e-16, 3.7634658600412114e-16, 3.342259625164385e-16, 2.0085774902412284e-16, 4.5031437283065205e-16, 3.910905523092279e-16, 2.099921314357708e-16]","[1.0, 1.0, 1.0, 1.0, 1.0, 1.0, 1.0, 1.0, 1.0, 1.0, 1.0, 1.0, 1.0, 1.0, 1.0, 1.0, 1.0, 1.0, 1.0, 1.0, 1.0, 1.0, 1.0, 1.0, 1.0, 1.0, 1.0, 1.0, 1.0, 1.0]","[0.9999999999999998, 0.9999999999999998, 0.9999999999999998, 0.9999999999999998, 0.9999999999999998, 0.9999999999999998, 0.9999999999999998, 0.9999999999999998, 0.9999999999999998, 0.9999999999999998, 0.9999999999999998, 0.9999999999999998, 0.9999999999999998, 0.9999999999999998, 0.9999999999999998, 0.9999999999999998, 0.9999999999999998, 0.9999999999999998, 0.9999999999999998, 0.9999999999999998, 0.9999999999999998, 0.9999999999999998, 0.9999999999999998, 0.9999999999999998, 0.9999999999999998, 0.9999999999999998, 0.9999999999999998, 0.9999999999999998, 0.9999999999999998, 0.9999999999999998]","[1.0, 1.0, 1.0, 1.0, 1.0, 1.0, 1.0, 1.0, 1.0, 1.0, 1.0, 1.0, 1.0, 1.0, 1.0, 1.0, 1.0, 1.0, 1.0, 1.0, 1.0, 1.0, 1.0, 1.0, 1.0, 1.0, 1.0, 1.0, 1.0, 1.0]","[1.0, 1.0, 1.0, 1.0, 1.0, 1.0, 1.0, 1.0, 1.0, 1.0, 1.0, 1.0, 1.0, 1.0, 1.0, 1.0, 1.0, 1.0, 1.0, 1.0, 1.0, 1.0, 1.0, 1.0, 1.0, 1.0, 1.0, 1.0, 1.0, 1.0]"
california,ridge,1000,0,8,b3_is,3.111141790510071e-16,1.0480050196356024e-16,3.888927238137589e-17,1.310006274544503e-17,2.7438274987610583e-16,3.4703509052479584e-16,1.329742762734808,1.0,0.0,1.0,1.0,0.9999999999999998,0.0,1.0,0.0,1.0,0.0,1.5429127339233354e-17,0.0,1000.0,0.1060182733364248,0.002657574507493267,1000.0,"[3.09219048584491e-16, 2.551196123673916e-16, 4.1807367967773206e-16, 2.799711629814249e-16, 2.941129964054601e-16, 3.063496831063693e-16, 2.083051496907815e-16, 2.81619748157203e-16, 3.3713299026653246e-16, 2.2184716927809247e-16, 3.028870460632252e-16, 2.3514109854053964e-16, 2.7510296548737053e-16, 1.821727108690722e-16, 2.380450801667361e-16, 3.8803405849865947e-16, 3.5138765269594714e-16, 3.8849200557138054e-16, 1.8390403557711164e-16, 5.22479421086172e-16, 3.4898449050476e-16, 3.1227909779836305e-16, 4.1954202509710586e-16, 4.658543603848633e-16, 3.629768512349277e-16, 2.241687026694462e-16, 8.040609018915204e-17, 4.304084739107486e-16, 5.436746123114699e-16, 1.6573335235768636e-16]","[1.0, 1.0, 1.0, 1.0, 1.0, 1.0, 1.0, 1.0, 1.0, 1.0, 1.0, 1.0, 1.0, 1.0, 1.0, 1.0, 1.0, 1.0, 1.0, 1.0, 1.0, 1.0, 1.0, 1.0, 1.0, 1.0, 1.0, 1.0, 1.0, 1.0]","[0.9999999999999998, 0.9999999999999998, 0.9999999999999998, 0.9999999999999998, 0.9999999999999998, 0.9999999999999998, 0.9999999999999998, 0.9999999999999998, 0.9999999999999998, 0.9999999999999998, 0.9999999999999998, 0.9999999999999998, 0.9999999999999998, 0.9999999999999998, 0.9999999999999998, 0.9999999999999998, 0.9999999999999998, 0.9999999999999998, 0.9999999999999998, 0.9999999999999998, 0.9999999999999998, 0.9999999999999998, 0.9999999999999998, 0.9999999999999998, 0.9999999999999998, 0.9999999999999998, 0.9999999999999998, 0.9999999999999998, 0.9999999999999998, 0.9999999999999998]","[1.0, 1.0, 1.0, 1.0, 1.0, 1.0, 1.0, 1.0, 1.0, 1.0, 1.0, 1.0, 1.0, 1.0, 1.0, 1.0, 1.0, 1.0, 1.0, 1.0, 1.0, 1.0, 1.0, 1.0, 1.0, 1.0, 1.0, 1.0, 1.0, 1.0]","[1.0, 1.0, 1.0, 1.0, 1.0, 1.0, 1.0, 1.0, 1.0, 1.0, 1.0, 1.0, 1.0, 1.0, 1.0, 1.0, 1.0, 1.0, 1.0, 1.0, 1.0, 1.0, 1.0, 1.0, 1.0, 1.0, 1.0, 1.0, 1.0, 1.0]"
california,ridge,1000,0,8,b4_antithetic,1.5712330176702083e-15,7.820219436128082e-16,1.9640412720877604e-16,9.775274295160102e-17,1.3066074209519126e-15,1.8519627854323002e-15,6.715655776892077,1.0,0.0,1.0,1.0,0.9999999999999998,0.0,1.0,0.0,1.0,0.0,1.643838030674832e-16,0.0,1000.0,0.08009362000739202,0.0012050786270129364,1000.0,"[5.115992261028143e-16, 6.337968814184367e-16, 1.7681667192979092e-15, 7.518241374565062e-16, 2.2754523904102758e-15, 8.073714861527212e-16, 2.4608766760771526e-15, 2.2032524032302162e-15, 1.0191978435929925e-15, 2.3518589242032656e-15, 1.3644812915979971e-15, 1.2132086596099811e-15, 1.0062756381246777e-15, 8.227254994529272e-16, 6.343104773221647e-16, 2.7884227316950565e-15, 1.7145606516225008e-15, 1.5883286559848823e-15, 2.2512358736595433e-15, 2.7906173695105162e-15, 3.438404805250875e-15, 1.152552377169511e-15, 1.4487574417765335e-15, 1.1373134138570239e-15, 1.3247054054742182e-15, 4.439563925210284e-16, 1.828723754262124e-15, 8.567188127697282e-16, 2.6673103817765872e-15, 1.8809842087260828e-15]","[1.0, 1.0, 1.0, 1.0, 1.0, 1.0, 1.0, 1.0, 1.0, 1.0, 1.0, 1.0, 1.0, 1.0, 1.0, 1.0, 1.0, 1.0, 1.0, 1.0, 1.0, 1.0, 1.0, 1.0, 1.0, 1.0, 1.0, 1.0, 1.0, 1.0]","[0.9999999999999998, 0.9999999999999998, 0.9999999999999998, 0.9999999999999998, 0.9999999999999998, 0.9999999999999998, 0.9999999999999998, 0.9999999999999998, 0.9999999999999998, 0.9999999999999998, 0.9999999999999998, 0.9999999999999998, 0.9999999999999998, 0.9999999999999998, 0.9999999999999998, 0.9999999999999998, 0.9999999999999998, 0.9999999999999998, 0.9999999999999998, 0.9999999999999998, 0.9999999999999998, 0.9999999999999998, 0.9999999999999998, 0.9999999999999998, 0.9999999999999998, 0.9999999999999998, 0.9999999999999998, 0.9999999999999998, 0.9999999999999998, 0.9999999999999998]","[1.0, 1.0, 1.0, 1.0, 1.0, 1.0, 1.0, 1.0, 1.0, 1.0, 1.0, 1.0, 1.0, 1.0, 1.0, 1.0, 1.0, 1.0, 1.0, 1.0, 1.0, 1.0, 1.0, 1.0, 1.0, 1.0, 1.0, 1.0, 1.0, 1.0]","[1.0, 1.0, 1.0, 1.0, 1.0, 1.0, 1.0, 1.0, 1.0, 1.0, 1.0, 1.0, 1.0, 1.0, 1.0, 1.0, 1.0, 1.0, 1.0, 1.0, 1.0, 1.0, 1.0, 1.0, 1.0, 1.0, 1.0, 1.0, 1.0, 1.0]"
california,ridge,1000,1,8,abc_shap,5.22363262401703e-16,4.2929927267709757e-16,6.529540780021287e-17,5.3662409084637197e-17,3.6757484109253783e-16,6.893732146526038e-16,3.0902284050692774,1.0,0.0,1.0,1.0,0.9999999999999998,0.0,1.0,0.0,1.0,0.0,5.078028409529923e-17,480.0,520.0,0.11306559999745029,0.007291086048857516,480.0,"[1.9731401067793633e-16, 8.479437038694401e-16, 1.477083740604923e-15, 1.3240239920495721e-16, 3.2007354909748233e-16, 6.89053822173151e-16, 4.724352318162859e-16, 1.0503506526225557e-15, 2.2591453540565637e-16, 1.279135152118035e-15, 3.374376205273633e-16, 6.692002760241701e-16, 2.441571564770365e-16, 2.352146231511796e-16, 1.7683587176642884e-16, 2.135642780191615e-16, 1.090535398549925e-16, 6.947902002143979e-16, 5.360171882704726e-16, 5.232037534594413e-16, 1.9486876823791537e-15, 2.1237530521774264e-16, 5.708893441019007e-16, 3.4424751820859754e-16, 5.601631007152494e-16, 2.1592153396531826e-16, 3.4008934873002174e-16, 7.320054607133488e-16, 2.246457121584963e-16, 9.069156050619282e-17]","[1.0, 1.0, 1.0, 1.0, 1.0, 1.0, 1.0, 1.0, 1.0, 1.0, 1.0, 1.0, 1.0, 1.0, 1.0, 1.0, 1.0, 1.0, 1.0, 1.0, 1.0, 1.0, 1.0, 1.0, 1.0, 1.0, 1.0, 1.0, 1.0, 1.0]","[0.9999999999999998, 0.9999999999999998, 0.9999999999999998, 0.9999999999999998, 0.9999999999999998, 0.9999999999999998, 0.9999999999999998, 0.9999999999999998, 0.9999999999999998, 0.9999999999999998, 0.9999999999999998, 0.9999999999999998, 0.9999999999999998, 0.9999999999999998, 0.9999999999999998, 0.9999999999999998, 0.9999999999999998, 0.9999999999999998, 0.9999999999999998, 0.9999999999999998, 0.9999999999999998, 0.9999999999999998, 0.9999999999999998, 0.9999999999999998, 0.9999999999999998, 0.9999999999999998, 0.9999999999999998, 0.9999999999999998, 0.9999999999999998, 0.9999999999999998]","[1.0, 1.0, 1.0, 1.0, 1.0, 1.0, 1.0, 1.0, 1.0, 1.0, 1.0, 1.0, 1.0, 1.0, 1.0, 1.0, 1.0, 1.0, 1.0, 1.0, 1.0, 1.0, 1.0, 1.0, 1.0, 1.0, 1.0, 1.0, 1.0, 1.0]","[1.0, 1.0, 1.0, 1.0, 1.0, 1.0, 1.0, 1.0, 1.0, 1.0, 1.0, 1.0, 1.0, 1.0, 1.0, 1.0, 1.0, 1.0, 1.0, 1.0, 1.0, 1.0, 1.0, 1.0, 1.0, 1.0, 1.0, 1.0, 1.0, 1.0]"
california,ridge,1000,1,8,b1_uniform,8.657586655067576e-16,5.198248306881742e-16,1.082198331883447e-16,6.497810383602178e-17,6.924270344200771e-16,1.051877514458902e-15,5.1217078471082225,1.0,0.0,1.0,1.0,0.9999999999999998,0.0,1.0,0.0,1.0,0.0,7.92432141876366e-17,0.0,1000.0,0.09590195666824002,0.0377661488170863,1000.0,"[2.4266548866179483e-16, 1.2882765825882612e-15, 7.471677158251465e-16, 2.2036564807559546e-15, 1.1450819820165544e-15, 1.849214399856774e-15, 6.841631700636009e-16, 5.390265250512049e-16, 1.239186167805556e-16, 6.615851119551524e-16, 8.51739143059137e-16, 8.411275580210961e-16, 5.1026759655907555e-16, 8.115254036352639e-16, 4.379334297645743e-16, 1.4128114363926479e-15, 1.129205586785925e-15, 1.138304656359803e-15, 1.2767447460371086e-15, 9.083917063242023e-16, 6.654920361265708e-16, 5.010652764418067e-16, 1.3451017429374742e-15, 2.98315465022679e-16, 1.7842395014092995e-16, 4.4236384141801357e-16, 4.171020670499875e-16, 2.0099587395115605e-15, 8.24825079373957e-16, 4.873044306859165e-16]","[1.0, 1.0, 1.0, 1.0, 1.0, 1.0, 1.0, 1.0, 1.0, 1.0, 1.0, 1.0, 1.0, 1.0, 1.0, 1.0, 1.0, 1.0, 1.0, 1.0, 1.0, 1.0, 1.0, 1.0, 1.0, 1.0, 1.0, 1.0, 1.0, 1.0]","[0.9999999999999998, 0.9999999999999998, 0.9999999999999998, 0.9999999999999998, 0.9999999999999998, 0.9999999999999998, 0.9999999999999998, 0.9999999999999998, 0.9999999999999998, 0.9999999999999998, 0.9999999999999998, 0.9999999999999998, 0.9999999999999998, 0.9999999999999998, 0.9999999999999998, 0.9999999999999998, 0.9999999999999998, 0.9999999999999998, 0.9999999999999998, 0.9999999999999998, 0.9999999999999998, 0.9999999999999998, 0.9999999999999998, 0.9999999999999998, 0.9999999999999998, 0.9999999999999998, 0.9999999999999998, 0.9999999999999998, 0.9999999999999998, 0.9999999999999998]","[1.0, 1.0, 1.0, 1.0, 1.0, 1.0, 1.0, 1.0, 1.0, 1.0, 1.0, 1.0, 1.0, 1.0, 1.0, 1.0, 1.0, 1.0, 1.0, 1.0, 1.0, 1.0, 1.0, 1.0, 1.0, 1.0, 1.0, 1.0, 1.0, 1.0]","[1.0, 1.0, 1.0, 1.0, 1.0, 1.0, 1.0, 1.0, 1.0, 1.0, 1.0, 1.0, 1.0, 1.0, 1.0, 1.0, 1.0, 1.0, 1.0, 1.0, 1.0, 1.0, 1.0, 1.0, 1.0, 1.0, 1.0, 1.0, 1.0, 1.0]"
california,ridge,1000,1,8,b2_stratified,1.6903710468287943e-16,1.2915622408245944e-16,2.112963808535993e-17,1.614452801030743e-17,1.2810730657764612e-16,2.171000165408116e-16,1.0,1.0,0.0,1.0,1.0,0.9999999999999998,0.0,1.0,0.0,1.0,0.0,1.916619714482464e-17,0.0,1000.0,0.09340341333396888,0.02344371962013553,1000.0,"[3.402937174516729e-17, 2.448527413731911e-16, 1.3148544855977272e-16, 5.999926262641689e-17, 5.807583600672328e-17, 1.5963097371145519e-16, 5.510404720318287e-16, 5.0968436322556385e-17, 5.3946052265165053e-17, 5.154130106222225e-17, 3.071977292999333e-16, 3.1322291352962594e-16, 2.1449678519371574e-16, 1.4203022078331114e-16, 4.484697088445148e-17, 2.0670305230911063e-16, 1.0822697784838343e-16, 5.330163805148351e-16, 6.48915307881533e-17, 9.111467723239665e-17, 1.5570381436399078e-16, 1.3435108377346127e-16, 3.2774973192019575e-17, 2.0819681634007938e-16, 1.4092928680649538e-16, 1.5427834142979416e-16, 2.787487427426365e-16, 2.7677819912613417e-16, 1.70394720017843e-16, 9.764002860551339e-17]","[1.0, 1.0, 1.0, 1.0, 1.0, 1.0, 1.0, 1.0, 1.0, 1.0, 1.0, 1.0, 1.0, 1.0, 1.0, 1.0, 1.0, 1.0, 1.0, 1.0, 1.0, 1.0, 1.0, 1.0, 1.0, 1.0, 1.0, 1.0, 1.0, 1.0]","[0.9999999999999998, 0.9999999999999998, 0.9999999999999998, 0.9999999999999998, 0.9999999999999998, 0.9999999999999998, 0.9999999999999998, 0.9999999999999998, 0.9999999999999998, 0.9999999999999998, 0.9999999999999998, 0.9999999999999998, 0.9999999999999998, 0.9999999999999998, 0.9999999999999998, 0.9999999999999998, 0.9999999999999998, 0.9999999999999998, 0.9999999999999998, 0.9999999999999998, 0.9999999999999998, 0.9999999999999998, 0.9999999999999998, 0.9999999999999998, 0.9999999999999998, 0.9999999999999998, 0.9999999999999998, 0.9999999999999998, 0.9999999999999998, 0.9999999999999998]","[1.0, 1.0, 1.0, 1.0, 1.0, 1.0, 1.0, 1.0, 1.0, 1.0, 1.0, 1.0, 1.0, 1.0, 1.0, 1.0, 1.0, 1.0, 1.0, 1.0, 1.0, 1.0, 1.0, 1.0, 1.0, 1.0, 1.0, 1.0, 1.0, 1.0]","[1.0, 1.0, 1.0, 1.0, 1.0, 1.0, 1.0, 1.0, 1.0, 1.0, 1.0, 1.0, 1.0, 1.0, 1.0, 1.0, 1.0, 1.0, 1.0, 1.0, 1.0, 1.0, 1.0, 1.0, 1.0, 1.0, 1.0, 1.0, 1.0, 1.0]"
california,ridge,1000,1,8,b3_is,2.883177627206734e-16,1.1094478399630212e-16,3.6039720340084177e-17,1.3868097999537765e-17,2.4881971721791366e-16,3.271365313054091e-16,1.7056477822521239,1.0,0.0,1.0,1.0,0.9999999999999998,0.0,1.0,0.0,1.0,0.0,1.1674481070400439e-17,0.0,1000.0,0.10858686000089317,0.007125650703443585,1000.0,"[3.1748870838267643e-16, 1.8621021580680368e-16, 2.0676474466448088e-16, 2.9898132119374627e-16, 1.7464826704425317e-16, 3.2886733372462125e-16, 9.455263521348425e-17, 4.229911498452114e-16, 3.7217902807939343e-16, 3.428420381152196e-16, 6.324580069039246e-16, 1.9023010232167089e-16, 1.5704193233159176e-16, 3.18830107654509e-16, 2.532877995737994e-16, 1.3042690941362206e-16, 2.7064987226394594e-16, 4.3732296145118427e-16, 4.030388098824419e-16, 2.557849968208992e-16, 3.8326406077431194e-16, 3.491392379584929e-16, 1.9666743454083588e-16, 2.88941169364248e-16, 4.2820260591172536e-16, 2.307833395475957e-16, 1.808749855374935e-16, 2.1874059124999716e-16, 3.163747712048459e-16, 2.6194774484317816e-16]","[1.0, 1.0, 1.0, 1.0, 1.0, 1.0, 1.0, 1.0, 1.0, 1.0, 1.0, 1.0, 1.0, 1.0, 1.0, 1.0, 1.0, 1.0, 1.0, 1.0, 1.0, 1.0, 1.0, 1.0, 1.0, 1.0, 1.0, 1.0, 1.0, 1.0]","[0.9999999999999998, 0.9999999999999998, 0.9999999999999998, 0.9999999999999998, 0.9999999999999998, 0.9999999999999998, 0.9999999999999998, 0.9999999999999998, 0.9999999999999998, 0.9999999999999998, 0.9999999999999998, 0.9999999999999998, 0.9999999999999998, 0.9999999999999998, 0.9999999999999998, 0.9999999999999998, 0.9999999999999998, 0.9999999999999998, 0.9999999999999998, 0.9999999999999998, 0.9999999999999998, 0.9999999999999998, 0.9999999999999998, 0.9999999999999998, 0.9999999999999998, 0.9999999999999998, 0.9999999999999998, 0.9999999999999998, 0.9999999999999998, 0.9999999999999998]","[1.0, 1.0, 1.0, 1.0, 1.0, 1.0, 1.0, 1.0, 1.0, 1.0, 1.0, 1.0, 1.0, 1.0, 1.0, 1.0, 1.0, 1.0, 1.0, 1.0, 1.0, 1.0, 1.0, 1.0, 1.0, 1.0, 1.0, 1.0, 1.0, 1.0]","[1.0, 1.0, 1.0, 1.0, 1.0, 1.0, 1.0, 1.0, 1.0, 1.0, 1.0, 1.0, 1.0, 1.0, 1.0, 1.0, 1.0, 1.0, 1.0, 1.0, 1.0, 1.0, 1.0, 1.0, 1.0, 1.0, 1.0, 1.0, 1.0, 1.0]"
california,ridge,1000,1,8,b4_antithetic,1.0050593268077445e-15,3.8276223863126743e-16,1.2563241585096806e-16,4.784527982890843e-17,8.713205897448177e-16,1.139951308131784e-15,5.945791184091074,1.0,0.0,1.0,1.0,0.9999999999999998,0.0,1.0,0.0,1.0,0.0,8.055618953309292e-17,0.0,1000.0,0.08345590666964806,0.006378137055356169,1000.0,"[9.5704526964736e-16, 6.855241487517754e-16, 9.657984565482087e-16, 6.010802514346348e-16, 1.3648578047939965e-15, 1.1763814879826919e-15, 4.4165631084660285e-16, 6.524339177994773e-16, 9.710281935405946e-16, 1.4755029267313078e-15, 1.9233448310682393e-15, 7.00983429281946e-16, 8.098024216059401e-16, 1.2149967313382586e-15, 7.339923339401162e-16, 1.017308592327272e-15, 1.0291973008788898e-15, 1.7043056369923211e-15, 9.369058366841542e-16, 1.296821303704861e-15, 7.691545315785647e-16, 9.211040274334219e-16, 9.10221664369682e-16, 6.117942802077703e-16, 1.4002730208457557e-15, 2.1123567292543584e-16, 7.304158853404255e-16, 1.5261247130518946e-15, 1.5157483759014477e-15, 8.96740446679293e-16]","[1.0, 1.0, 1.0, 1.0, 1.0, 1.0, 1.0, 1.0, 1.0, 1.0, 1.0, 1.0, 1.0, 1.0, 1.0, 1.0, 1.0, 1.0, 1.0, 1.0, 1.0, 1.0, 1.0, 1.0, 1.0, 1.0, 1.0, 1.0, 1.0, 1.0]","[0.9999999999999998, 0.9999999999999998, 0.9999999999999998, 0.9999999999999998, 0.9999999999999998, 0.9999999999999998, 0.9999999999999998, 0.9999999999999998, 0.9999999999999998, 0.9999999999999998, 0.9999999999999998, 0.9999999999999998, 0.9999999999999998, 0.9999999999999998, 0.9999999999999998, 0.9999999999999998, 0.9999999999999998, 0.9999999999999998, 0.9999999999999998, 0.9999999999999998, 0.9999999999999998, 0.9999999999999998, 0.9999999999999998, 0.9999999999999998, 0.9999999999999998, 0.9999999999999998, 0.9999999999999998, 0.9999999999999998, 0.9999999999999998, 0.9999999999999998]","[1.0, 1.0, 1.0, 1.0, 1.0, 1.0, 1.0, 1.0, 1.0, 1.0, 1.0, 1.0, 1.0, 1.0, 1.0, 1.0, 1.0, 1.0, 1.0, 1.0, 1.0, 1.0, 1.0, 1.0, 1.0, 1.0, 1.0, 1.0, 1.0, 1.0]","[1.0, 1.0, 1.0, 1.0, 1.0, 1.0, 1.0, 1.0, 1.0, 1.0, 1.0, 1.0, 1.0, 1.0, 1.0, 1.0, 1.0, 1.0, 1.0, 1.0, 1.0, 1.0, 1.0, 1.0, 1.0, 1.0, 1.0, 1.0, 1.0, 1.0]"
california,ridge,1000,2,8,abc_shap,5.47226263163486e-16,3.971526023873774e-16,6.840328289543575e-17,4.9644075298422177e-17,4.108534287821326e-16,6.955053322895016e-16,4.014353120183464,1.0,0.0,1.0,1.0,0.9999999999999998,0.0,1.0,0.0,1.0,0.0,4.198663719202621e-17,480.0,520.0,0.11399850333012486,0.007030467989373109,480.0,"[3.6434613295204456e-16, 2.869171397749911e-16, 1.5956841360161449e-16, 6.576406511355894e-16, 4.992466151568383e-16, 4.730200042441001e-16, 5.895054418452223e-16, 2.371972748621794e-16, 1.0123981466272404e-15, 1.7901271723355474e-16, 6.036989314069403e-16, 1.4833176471464607e-16, 1.2527403211947236e-15, 1.2686949630990683e-15, 8.894981807364282e-17, 4.33292140237131e-16, 1.7332720251114442e-16, 2.9738313373659074e-16, 8.805068517368126e-16, 6.665058218574847e-16, 6.570974317595281e-16, 5.449675428104127e-16, 6.552596713569209e-17, 1.8674850772636766e-15, 2.6174713119743044e-16, 5.775335580106801e-16, 2.01160124097636e-16, 5.391530614977995e-16, 8.44864947246137e-16, 5.849695678840317e-16]","[1.0, 1.0, 1.0, 1.0, 1.0, 1.0, 1.0, 1.0, 1.0, 1.0, 1.0, 1.0, 1.0, 1.0, 1.0, 1.0, 1.0, 1.0, 1.0, 1.0, 1.0, 1.0, 1.0, 1.0, 1.0, 1.0, 1.0, 1.0, 1.0, 1.0]","[0.9999999999999998, 0.9999999999999998, 0.9999999999999998, 0.9999999999999998, 0.9999999999999998, 0.9999999999999998, 0.9999999999999998, 0.9999999999999998, 0.9999999999999998, 0.9999999999999998, 0.9999999999999998, 0.9999999999999998, 0.9999999999999998, 0.9999999999999998, 0.9999999999999998, 0.9999999999999998, 0.9999999999999998, 0.9999999999999998, 0.9999999999999998, 0.9999999999999998, 0.9999999999999998, 0.9999999999999998, 0.9999999999999998, 0.9999999999999998, 0.9999999999999998, 0.9999999999999998, 0.9999999999999998, 0.9999999999999998, 0.9999999999999998, 0.9999999999999998]","[1.0, 1.0, 1.0, 1.0, 1.0, 1.0, 1.0, 1.0, 1.0, 1.0, 1.0, 1.0, 1.0, 1.0, 1.0, 1.0, 1.0, 1.0, 1.0, 1.0, 1.0, 1.0, 1.0, 1.0, 1.0, 1.0, 1.0, 1.0, 1.0, 1.0]","[1.0, 1.0, 1.0, 1.0, 1.0, 1.0, 1.0, 1.0, 1.0, 1.0, 1.0, 1.0, 1.0, 1.0, 1.0, 1.0, 1.0, 1.0, 1.0, 1.0, 1.0, 1.0, 1.0, 1.0, 1.0, 1.0, 1.0, 1.0, 1.0, 1.0]"
california,ridge,1000,2,8,b1_uniform,6.62786321302538e-16,4.616513388006495e-16,8.284829016281725e-17,5.770641735008118e-17,5.093846623334592e-16,8.333363433740478e-16,4.862080854004775,1.0,0.0,1.0,1.0,0.9999999999999998,0.0,1.0,0.0,1.0,0.0,6.848766344473303e-17,0.0,1000.0,0.0880970433325274,0.005826844260873346,1000.0,"[3.2011276272404866e-16, 1.8032383043796107e-16, 3.008315043147607e-16, 6.394567962583004e-16, 5.221359448050148e-16, 5.92885072090154e-16, 7.721902119844841e-16, 8.714108342304365e-16, 3.611378165776658e-16, 5.411299426109067e-16, 6.154536237158669e-16, 1.3124997874189133e-15, 1.4230141052525528e-16, 6.823420951295776e-16, 1.708338750489286e-16, 7.282852115549448e-16, 8.858513879212567e-17, 4.645796627877622e-16, 1.392900679333312e-15, 2.4039783457731397e-15, 9.074518552685386e-16, 4.798853114976289e-16, 7.832313700511702e-16, 3.426476093903643e-16, 7.279695600164851e-16, 4.327417873191268e-16, 1.1896120603426528e-15, 6.939584159608732e-16, 9.979437132018682e-16, 2.247734099138778e-16]","[1.0, 1.0, 1.0, 1.0, 1.0, 1.0, 1.0, 1.0, 1.0, 1.0, 1.0, 1.0, 1.0, 1.0, 1.0, 1.0, 1.0, 1.0, 1.0, 1.0, 1.0, 1.0, 1.0, 1.0, 1.0, 1.0, 1.0, 1.0, 1.0, 1.0]","[0.9999999999999998, 0.9999999999999998, 0.9999999999999998, 0.9999999999999998, 0.9999999999999998, 0.9999999999999998, 0.9999999999999998, 0.9999999999999998, 0.9999999999999998, 0.9999999999999998, 0.9999999999999998, 0.9999999999999998, 0.9999999999999998, 0.9999999999999998, 0.9999999999999998, 0.9999999999999998, 0.9999999999999998, 0.9999999999999998, 0.9999999999999998, 0.9999999999999998, 0.9999999999999998, 0.9999999999999998, 0.9999999999999998, 0.9999999999999998, 0.9999999999999998, 0.9999999999999998, 0.9999999999999998, 0.9999999999999998, 0.9999999999999998, 0.9999999999999998]","[1.0, 1.0, 1.0, 1.0, 1.0, 1.0, 1.0, 1.0, 1.0, 1.0, 1.0, 1.0, 1.0, 1.0, 1.0, 1.0, 1.0, 1.0, 1.0, 1.0, 1.0, 1.0, 1.0, 1.0, 1.0, 1.0, 1.0, 1.0, 1.0, 1.0]","[1.0, 1.0, 1.0, 1.0, 1.0, 1.0, 1.0, 1.0, 1.0, 1.0, 1.0, 1.0, 1.0, 1.0, 1.0, 1.0, 1.0, 1.0, 1.0, 1.0, 1.0, 1.0, 1.0, 1.0, 1.0, 1.0, 1.0, 1.0, 1.0, 1.0]"
california,ridge,1000,2,8,b2_stratified,1.3631742071023303e-16,6.928291379101816e-17,1.703967758877913e-17,8.66036422387727e-18,1.1196616105057024e-16,1.6186879471513767e-16,1.0,1.0,0.0,1.0,1.0,0.9999999999999998,0.0,1.0,0.0,1.0,0.0,1.4073077950120095e-17,0.0,1000.0,0.09224639666790609,0.011258686903999051,1000.0,"[1.0339066769020291e-16, 1.7646092298547044e-16, 2.2075501940334436e-16, 3.827721494933276e-17, 1.3432654050236093e-16, 5.671459051151607e-17, 9.85092093794541e-17, 2.119361769955775e-16, 1.2205425850561546e-16, 2.073356432271209e-16, 2.2489176928648726e-16, 5.767917581226034e-17, 1.081087934140432e-16, 1.559993925289501e-16, 2.53118304655233e-16, 1.2371814639452874e-16, 5.2508645841688547e-17, 7.358955803378334e-17, 1.1341645538179837e-16, 3.2811893727837144e-16, 1.9822943032448617e-16, 1.172320126003314e-16, 1.208079677943265e-16, 1.9552840750382012e-16, 4.704035428657092e-17, 9.038281099802982e-17, 7.693861812839369e-17, 8.83014693232738e-17, 1.9429577838400438e-16, 9.985634918661419e-17]","[1.0, 1.0, 1.0, 1.0, 1.0, 1.0, 1.0, 1.0, 1.0, 1.0, 1.0, 1.0, 1.0, 1.0, 1.0, 1.0, 1.0, 1.0, 1.0, 1.0, 1.0, 1.0, 1.0, 1.0, 1.0, 1.0, 1.0, 1.0, 1.0, 1.0]","[0.9999999999999998, 0.9999999999999998, 0.9999999999999998, 0.9999999999999998, 0.9999999999999998, 0.9999999999999998, 0.9999999999999998, 0.9999999999999998, 0.9999999999999998, 0.9999999999999998, 0.9999999999999998, 0.9999999999999998, 0.9999999999999998, 0.9999999999999998, 0.9999999999999998, 0.9999999999999998, 0.9999999999999998, 0.9999999999999998, 0.9999999999999998, 0.9999999999999998, 0.9999999999999998, 0.9999999999999998, 0.9999999999999998, 0.9999999999999998, 0.9999999999999998, 0.9999999999999998, 0.9999999999999998, 0.9999999999999998, 0.9999999999999998, 0.9999999999999998]","[1.0, 1.0, 1.0, 1.0, 1.0, 1.0, 1.0, 1.0, 1.0, 1.0, 1.0, 1.0, 1.0, 1.0, 1.0, 1.0, 1.0, 1.0, 1.0, 1.0, 1.0, 1.0, 1.0, 1.0, 1.0, 1.0, 1.0, 1.0, 1.0, 1.0]","[1.0, 1.0, 1.0, 1.0, 1.0, 1.0, 1.0, 1.0, 1.0, 1.0, 1.0, 1.0, 1.0, 1.0, 1.0, 1.0, 1.0, 1.0, 1.0, 1.0, 1.0, 1.0, 1.0, 1.0, 1.0, 1.0, 1.0, 1.0, 1.0, 1.0]"
california,ridge,1000,2,8,b3_is,1.7554503966337e-16,6.920377441955319e-17,2.194312995792125e-17,8.650471802444149e-18,1.5127500728916716e-16,1.9996584734516231e-16,1.2877667340590477,1.0,0.0,1.0,1.0,0.9999999999999998,0.0,1.0,0.0,1.0,0.0,1.0775783800302696e-17,0.0,1000.0,0.11217638999902799,0.009951020170551416,1000.0,"[4.7342247289900405e-17, 2.559551041562305e-16, 2.5402139131337638e-16, 2.2020447590306713e-16, 1.6060995070048237e-16, 2.138061692869862e-16, 2.054160972384215e-16, 6.51175303609832e-17, 1.4538295136022662e-16, 9.54694845644576e-17, 1.726315136998619e-16, 2.0054614717647981e-16, 1.0713300676090863e-16, 1.5222861013707552e-16, 1.561221939117149e-16, 2.6089382703095794e-16, 1.5723319526451515e-16, 2.391975026256997e-16, 1.6185490453622703e-16, 1.1897318321438125e-16, 1.6308863649312153e-16, 2.6889723692338843e-16, 1.3211200527792346e-16, 1.7597776083741008e-16, 1.9835600198085526e-16, 2.395699158830896e-16, 2.0386149024826138e-16, 6.456586139549244e-17, 3.5207844674402323e-16, 7.770434758557965e-17]","[1.0, 1.0, 1.0, 1.0, 1.0, 1.0, 1.0, 1.0, 1.0, 1.0, 1.0, 1.0, 1.0, 1.0, 1.0, 1.0, 1.0, 1.0, 1.0, 1.0, 1.0, 1.0, 1.0, 1.0, 1.0, 1.0, 1.0, 1.0, 1.0, 1.0]","[0.9999999999999998, 0.9999999999999998, 0.9999999999999998, 0.9999999999999998, 0.9999999999999998, 0.9999999999999998, 0.9999999999999998, 0.9999999999999998, 0.9999999999999998, 0.9999999999999998, 0.9999999999999998, 0.9999999999999998, 0.9999999999999998, 0.9999999999999998, 0.9999999999999998, 0.9999999999999998, 0.9999999999999998, 0.9999999999999998, 0.9999999999999998, 0.9999999999999998, 0.9999999999999998, 0.9999999999999998, 0.9999999999999998, 0.9999999999999998, 0.9999999999999998, 0.9999999999999998, 0.9999999999999998, 0.9999999999999998, 0.9999999999999998, 0.9999999999999998]","[1.0, 1.0, 1.0, 1.0, 1.0, 1.0, 1.0, 1.0, 1.0, 1.0, 1.0, 1.0, 1.0, 1.0, 1.0, 1.0, 1.0, 1.0, 1.0, 1.0, 1.0, 1.0, 1.0, 1.0, 1.0, 1.0, 1.0, 1.0, 1.0, 1.0]","[1.0, 1.0, 1.0, 1.0, 1.0, 1.0, 1.0, 1.0, 1.0, 1.0, 1.0, 1.0, 1.0, 1.0, 1.0, 1.0, 1.0, 1.0, 1.0, 1.0, 1.0, 1.0, 1.0, 1.0, 1.0, 1.0, 1.0, 1.0, 1.0, 1.0]"
california,ridge,1000,2,8,b4_antithetic,8.632619192247541e-16,5.1515369020205225e-16,1.0790773990309427e-16,6.439421127525653e-17,6.845198438393231e-16,1.0530247960335561e-15,6.332733664758602,1.0,0.0,1.0,1.0,0.9999999999999998,0.0,1.0,0.0,1.0,0.0,8.223723781275442e-17,0.0,1000.0,0.0835505833325442,0.0063959789258236956,1000.0,"[2.2058573493754636e-15, 1.0186854795149754e-15, 8.02162249172903e-16, 6.778933214842866e-16, 5.3243163206103535e-16, 1.2396811626533085e-15, 9.54869995250115e-16, 3.828565231126349e-16, 5.480390407454446e-16, 2.0910526119987395e-15, 6.59716151497796e-16, 2.5992922452571514e-16, 5.111334518441106e-16, 9.188614413745448e-16, 1.769519117459362e-16, 7.172383387435034e-16, 5.56433196724094e-16, 6.490408188473461e-16, 1.3161010570987284e-15, 7.783179273260108e-16, 1.8923356972642453e-15, 4.0737399576961144e-16, 1.6127035551963693e-15, 7.804366581890956e-16, 5.259993864889329e-16, 8.712859100961949e-16, 6.16130472116534e-16, 4.794165161467938e-16, 3.7543109557599603e-16, 1.3394914048021593e-15]","[1.0, 1.0, 1.0, 1.0, 1.0, 1.0, 1.0, 1.0, 1.0, 1.0, 1.0, 1.0, 1.0, 1.0, 1.0, 1.0, 1.0, 1.0, 1.0, 1.0, 1.0, 1.0, 1.0, 1.0, 1.0, 1.0, 1.0, 1.0, 1.0, 1.0]","[0.9999999999999998, 0.9999999999999998, 0.9999999999999998, 0.9999999999999998, 0.9999999999999998, 0.9999999999999998, 0.9999999999999998, 0.9999999999999998, 0.9999999999999998, 0.9999999999999998, 0.9999999999999998, 0.9999999999999998, 0.9999999999999998, 0.9999999999999998, 0.9999999999999998, 0.9999999999999998, 0.9999999999999998, 0.9999999999999998, 0.9999999999999998, 0.9999999999999998, 0.9999999999999998, 0.9999999999999998, 0.9999999999999998, 0.9999999999999998, 0.9999999999999998, 0.9999999999999998, 0.9999999999999998, 0.9999999999999998, 0.9999999999999998, 0.9999999999999998]","[1.0, 1.0, 1.0, 1.0, 1.0, 1.0, 1.0, 1.0, 1.0, 1.0, 1.0, 1.0, 1.0, 1.0, 1.0, 1.0, 1.0, 1.0, 1.0, 1.0, 1.0, 1.0, 1.0, 1.0, 1.0, 1.0, 1.0, 1.0, 1.0, 1.0]","[1.0, 1.0, 1.0, 1.0, 1.0, 1.0, 1.0, 1.0, 1.0, 1.0, 1.0, 1.0, 1.0, 1.0, 1.0, 1.0, 1.0, 1.0, 1.0, 1.0, 1.0, 1.0, 1.0, 1.0, 1.0, 1.0, 1.0, 1.0, 1.0, 1.0]"
california,ridge,1000,3,8,abc_shap,8.252013864674438e-16,9.121187000313982e-16,1.0315017330843048e-16,1.1401483750392477e-16,5.338511985475274e-16,1.1820127682745223e-15,10.523888654524045,1.0,0.0,1.0,1.0,0.9999999999999998,0.0,1.0,0.0,1.0,0.0,9.339474881325349e-17,480.0,520.0,0.11642441666529825,0.00714906470185205,480.0,"[4.2639203952540574e-16, 3.6653734499488945e-17, 1.0998352068656103e-16, 7.957422433171336e-17, 2.0557917947787994e-16, 2.9319741059366973e-16, 4.2320757471159804e-15, 1.7270574466159e-16, 1.4175811171112382e-15, 2.6375599910261353e-16, 1.7873595484061224e-16, 3.342994418942695e-17, 7.441746108219102e-17, 1.861983601261039e-15, 1.0736520043093139e-15, 5.327181006480959e-16, 9.930375389190246e-16, 6.925845905081643e-16, 1.172989850195618e-15, 6.679545147574162e-16, 2.4252350225691414e-16, 1.645707287199511e-16, 9.379798794663478e-16, 2.668337873210483e-15, 2.0587622616817914e-15, 1.2379003329844718e-15, 2.844533474455423e-16, 3.660945131167936e-16, 8.682519991185649e-16, 1.4081648782054123e-15]","[1.0, 1.0, 1.0, 1.0, 1.0, 1.0, 1.0, 1.0, 1.0, 1.0, 1.0, 1.0, 1.0, 1.0, 1.0, 1.0, 1.0, 1.0, 1.0, 1.0, 1.0, 1.0, 1.0, 1.0, 1.0, 1.0, 1.0, 1.0, 1.0, 1.0]","[0.9999999999999998, 0.9999999999999998, 0.9999999999999998, 0.9999999999999998, 0.9999999999999998, 0.9999999999999998, 0.9999999999999998, 0.9999999999999998, 0.9999999999999998, 0.9999999999999998, 0.9999999999999998, 0.9999999999999998, 0.9999999999999998, 0.9999999999999998, 0.9999999999999998, 0.9999999999999998, 0.9999999999999998, 0.9999999999999998, 0.9999999999999998, 0.9999999999999998, 0.9999999999999998, 0.9999999999999998, 0.9999999999999998, 0.9999999999999998, 0.9999999999999998, 0.9999999999999998, 0.9999999999999998, 0.9999999999999998, 0.9999999999999998, 0.9999999999999998]","[1.0, 1.0, 1.0, 1.0, 1.0, 1.0, 1.0, 1.0, 1.0, 1.0, 1.0, 1.0, 1.0, 1.0, 1.0, 1.0, 1.0, 1.0, 1.0, 1.0, 1.0, 1.0, 1.0, 1.0, 1.0, 1.0, 1.0, 1.0, 1.0, 1.0]","[1.0, 1.0, 1.0, 1.0, 1.0, 1.0, 1.0, 1.0, 1.0, 1.0, 1.0, 1.0, 1.0, 1.0, 1.0, 1.0, 1.0, 1.0, 1.0, 1.0, 1.0, 1.0, 1.0, 1.0, 1.0, 1.0, 1.0, 1.0, 1.0, 1.0]"
california,ridge,1000,3,8,b1_uniform,6.473375664633986e-16,3.7756822831975335e-16,8.091719580792483e-17,4.719602853996917e-17,5.294154054937358e-16,8.01638603283273e-16,8.255570801346607,1.0,0.0,1.0,1.0,0.9999999999999998,0.0,1.0,0.0,1.0,0.0,6.276513506719283e-17,0.0,1000.0,0.08861601000050238,0.004843736967892288,1000.0,"[9.911968382409155e-16, 3.0406812663407253e-16, 4.680842575861331e-16, 3.2277524170586227e-16, 6.453150320490136e-16, 6.181787781253793e-16, 1.6496693567994895e-16, 4.844183344440823e-16, 4.513460742155563e-16, 6.053774024231055e-16, 1.2752200105032255e-15, 4.058521847983237e-16, 1.1131885466590562e-15, 3.920766003012802e-16, 1.0134441330259302e-15, 5.502135892435235e-16, 2.2808042401093317e-16, 7.235205249001731e-16, 8.325452935855273e-16, 8.790691558483063e-16, 3.1592072606057333e-16, 8.284364428212501e-16, 1.1403931834874213e-15, 2.9174021834220895e-16, 4.0469693238895216e-16, 1.976516690683352e-15, 4.1491299519405537e-16, 5.802016575598546e-16, 4.127142358190249e-16, 5.856564275649195e-16]","[1.0, 1.0, 1.0, 1.0, 1.0, 1.0, 1.0, 1.0, 1.0, 1.0, 1.0, 1.0, 1.0, 1.0, 1.0, 1.0, 1.0, 1.0, 1.0, 1.0, 1.0, 1.0, 1.0, 1.0, 1.0, 1.0, 1.0, 1.0, 1.0, 1.0]","[0.9999999999999998, 0.9999999999999998, 0.9999999999999998, 0.9999999999999998, 0.9999999999999998, 0.9999999999999998, 0.9999999999999998, 0.9999999999999998, 0.9999999999999998, 0.9999999999999998, 0.9999999999999998, 0.9999999999999998, 0.9999999999999998, 0.9999999999999998, 0.9999999999999998, 0.9999999999999998, 0.9999999999999998, 0.9999999999999998, 0.9999999999999998, 0.9999999999999998, 0.9999999999999998, 0.9999999999999998, 0.9999999999999998, 0.9999999999999998, 0.9999999999999998, 0.9999999999999998, 0.9999999999999998, 0.9999999999999998, 0.9999999999999998, 0.9999999999999998]","[1.0, 1.0, 1.0, 1.0, 1.0, 1.0, 1.0, 1.0, 1.0, 1.0, 1.0, 1.0, 1.0, 1.0, 1.0, 1.0, 1.0, 1.0, 1.0, 1.0, 1.0, 1.0, 1.0, 1.0, 1.0, 1.0, 1.0, 1.0, 1.0, 1.0]","[1.0, 1.0, 1.0, 1.0, 1.0, 1.0, 1.0, 1.0, 1.0, 1.0, 1.0, 1.0, 1.0, 1.0, 1.0, 1.0, 1.0, 1.0, 1.0, 1.0, 1.0, 1.0, 1.0, 1.0, 1.0, 1.0, 1.0, 1.0, 1.0, 1.0]"
california,ridge,1000,3,8,b2_stratified,7.841221183128951e-17,3.990623908558951e-17,9.801526478911189e-18,4.988279885698689e-18,6.463968447512901e-17,9.309908990374772e-17,1.0,1.0,0.0,1.0,1.0,0.9999999999999998,0.0,1.0,0.0,1.0,0.0,8.096625137344716e-18,0.0,1000.0,0.09081652999933189,0.006435416154251742,1000.0,"[4.339467785690774e-17, 2.973617389006157e-17, 1.8103844068283247e-16, 1.4212407969565015e-16, 8.494191982963874e-17, 4.2690000162033124e-17, 3.8003087114540825e-17, 1.4646776996198398e-16, 5.112053904577195e-17, 1.1981302663209707e-16, 3.652771339619079e-17, 6.12576795319213e-17, 1.0683210973630837e-16, 1.3040300126807942e-16, 3.165331846512598e-17, 6.400565418557816e-17, 8.143783204244515e-17, 3.227307806078913e-17, 8.643984890637805e-17, 1.096842283159683e-16, 6.616300068470946e-17, 9.216901190062808e-17, 1.370410364273385e-16, 6.467146536878268e-17, 7.211349518079485e-17, 8.395727260231949e-17, 6.530370207916899e-17, 8.445247975619984e-17, 4.0495645067554825e-17, 2.6155067090886766e-17]","[1.0, 1.0, 1.0, 1.0, 1.0, 1.0, 1.0, 1.0, 1.0, 1.0, 1.0, 1.0, 1.0, 1.0, 1.0, 1.0, 1.0, 1.0, 1.0, 1.0, 1.0, 1.0, 1.0, 1.0, 1.0, 1.0, 1.0, 1.0, 1.0, 1.0]","[0.9999999999999998, 0.9999999999999998, 0.9999999999999998, 0.9999999999999998, 0.9999999999999998, 0.9999999999999998, 0.9999999999999998, 0.9999999999999998, 0.9999999999999998, 0.9999999999999998, 0.9999999999999998, 0.9999999999999998, 0.9999999999999998, 0.9999999999999998, 0.9999999999999998, 0.9999999999999998, 0.9999999999999998, 0.9999999999999998, 0.9999999999999998, 0.9999999999999998, 0.9999999999999998, 0.9999999999999998, 0.9999999999999998, 0.9999999999999998, 0.9999999999999998, 0.9999999999999998, 0.9999999999999998, 0.9999999999999998, 0.9999999999999998, 0.9999999999999998]","[1.0, 1.0, 1.0, 1.0, 1.0, 1.0, 1.0, 1.0, 1.0, 1.0, 1.0, 1.0, 1.0, 1.0, 1.0, 1.0, 1.0, 1.0, 1.0, 1.0, 1.0, 1.0, 1.0, 1.0, 1.0, 1.0, 1.0, 1.0, 1.0, 1.0]","[1.0, 1.0, 1.0, 1.0, 1.0, 1.0, 1.0, 1.0, 1.0, 1.0, 1.0, 1.0, 1.0, 1.0, 1.0, 1.0, 1.0, 1.0, 1.0, 1.0, 1.0, 1.0, 1.0, 1.0, 1.0, 1.0, 1.0, 1.0, 1.0, 1.0]"
california,ridge,1000,3,8,b3_is,1.178206671564834e-16,3.7622044921766116e-17,1.4727583394560426e-17,4.7027556152207645e-18,1.0469026953019733e-16,1.304395419519647e-16,1.5025805854065757,1.0,0.0,1.0,1.0,0.9999999999999998,0.0,1.0,0.0,1.0,0.0,7.638467157538631e-18,0.0,1000.0,0.11377726999926381,0.010463739288534139,1000.0,"[7.122330377120382e-17, 1.59752023866866e-16, 1.565957118991628e-16, 1.2576010660144357e-16, 1.5400147342203918e-16, 8.465626469536057e-17, 1.799372977816037e-16, 1.4025082873633336e-16, 1.3326778602889747e-16, 1.0068223352575562e-16, 9.168500705482101e-17, 8.515301283421216e-17, 1.1404396314129848e-16, 1.111987338962195e-16, 8.931782387843847e-17, 1.0335487605914532e-16, 1.1229568146876512e-16, 1.522611419073124e-16, 6.006358754206596e-17, 1.4562352745694234e-16, 1.4311118347305473e-16, 1.34121151339486e-16, 8.941982250091973e-17, 1.9324215862846904e-16, 5.232799252521301e-17, 1.713489540238099e-16, 1.0612013381039838e-16, 1.465464495646023e-16, 7.129547506958952e-17, 5.596230819107266e-17]","[1.0, 1.0, 1.0, 1.0, 1.0, 1.0, 1.0, 1.0, 1.0, 1.0, 1.0, 1.0, 1.0, 1.0, 1.0, 1.0, 1.0, 1.0, 1.0, 1.0, 1.0, 1.0, 1.0, 1.0, 1.0, 1.0, 1.0, 1.0, 1.0, 1.0]","[0.9999999999999998, 0.9999999999999998, 0.9999999999999998, 0.9999999999999998, 0.9999999999999998, 0.9999999999999998, 0.9999999999999998, 0.9999999999999998, 0.9999999999999998, 0.9999999999999998, 0.9999999999999998, 0.9999999999999998, 0.9999999999999998, 0.9999999999999998, 0.9999999999999998, 0.9999999999999998, 0.9999999999999998, 0.9999999999999998, 0.9999999999999998, 0.9999999999999998, 0.9999999999999998, 0.9999999999999998, 0.9999999999999998, 0.9999999999999998, 0.9999999999999998, 0.9999999999999998, 0.9999999999999998, 0.9999999999999998, 0.9999999999999998, 0.9999999999999998]","[1.0, 1.0, 1.0, 1.0, 1.0, 1.0, 1.0, 1.0, 1.0, 1.0, 1.0, 1.0, 1.0, 1.0, 1.0, 1.0, 1.0, 1.0, 1.0, 1.0, 1.0, 1.0, 1.0, 1.0, 1.0, 1.0, 1.0, 1.0, 1.0, 1.0]","[1.0, 1.0, 1.0, 1.0, 1.0, 1.0, 1.0, 1.0, 1.0, 1.0, 1.0, 1.0, 1.0, 1.0, 1.0, 1.0, 1.0, 1.0, 1.0, 1.0, 1.0, 1.0, 1.0, 1.0, 1.0, 1.0, 1.0, 1.0, 1.0, 1.0]"
california,ridge,1000,3,8,b4_antithetic,9.274774029002975e-16,5.066184986894101e-16,1.159346753625372e-16,6.332731233617626e-17,7.571416899782019e-16,1.1168896260345654e-15,11.82822651267437,1.0,0.0,1.0,1.0,0.9999999999999998,0.0,1.0,0.0,1.0,0.0,8.970758902700854e-17,0.0,1000.0,0.08716046000287557,0.007804715646713837,1000.0,"[9.925484226809663e-16, 9.544619210031609e-16, 9.99737100016763e-16, 1.0786078302106613e-15, 5.827217663957487e-16, 1.0352706992858355e-16, 7.154270968704515e-16, 9.58416244937699e-16, 9.709993569144231e-16, 1.2635742131921465e-15, 5.25858186314148e-16, 4.366569263792046e-16, 8.354314881873673e-16, 2.1126220107949667e-15, 1.2499581981200599e-15, 3.2321601223427564e-16, 6.383456893409195e-16, 8.614134521797657e-16, 9.431517054395884e-16, 8.4701682033767e-16, 1.0297048847330538e-16, 2.071116366821674e-15, 9.019217710440493e-16, 1.187590504736769e-15, 2.2112901603450754e-15, 6.31768730200418e-16, 1.3117969862378224e-15, 9.494560165381056e-16, 3.369231038797032e-16, 7.257964472534364e-16]","[1.0, 1.0, 1.0, 1.0, 1.0, 1.0, 1.0, 1.0, 1.0, 1.0, 1.0, 1.0, 1.0, 1.0, 1.0, 1.0, 1.0, 1.0, 1.0, 1.0, 1.0, 1.0, 1.0, 1.0, 1.0, 1.0, 1.0, 1.0, 1.0, 1.0]","[0.9999999999999998, 0.9999999999999998, 0.9999999999999998, 0.9999999999999998, 0.9999999999999998, 0.9999999999999998, 0.9999999999999998, 0.9999999999999998, 0.9999999999999998, 0.9999999999999998, 0.9999999999999998, 0.9999999999999998, 0.9999999999999998, 0.9999999999999998, 0.9999999999999998, 0.9999999999999998, 0.9999999999999998, 0.9999999999999998, 0.9999999999999998, 0.9999999999999998, 0.9999999999999998, 0.9999999999999998, 0.9999999999999998, 0.9999999999999998, 0.9999999999999998, 0.9999999999999998, 0.9999999999999998, 0.9999999999999998, 0.9999999999999998, 0.9999999999999998]","[1.0, 1.0, 1.0, 1.0, 1.0, 1.0, 1.0, 1.0, 1.0, 1.0, 1.0, 1.0, 1.0, 1.0, 1.0, 1.0, 1.0, 1.0, 1.0, 1.0, 1.0, 1.0, 1.0, 1.0, 1.0, 1.0, 1.0, 1.0, 1.0, 1.0]","[1.0, 1.0, 1.0, 1.0, 1.0, 1.0, 1.0, 1.0, 1.0, 1.0, 1.0, 1.0, 1.0, 1.0, 1.0, 1.0, 1.0, 1.0, 1.0, 1.0, 1.0, 1.0, 1.0, 1.0, 1.0, 1.0, 1.0, 1.0, 1.0, 1.0]"
california,ridge,1000,4,8,abc_shap,7.425574218257654e-15,7.544921675925078e-15,9.281967772822067e-16,9.431152094906348e-16,5.0933353623967654e-15,1.0375379529302306e-14,2.820378531631437,1.0,0.0,1.0,1.0,0.9999999999999998,0.0,1.0,0.0,1.0,0.0,8.521995558373565e-16,480.0,520.0,0.11555495333547393,0.002033555484897377,480.0,"[5.16064482151789e-15, 5.541230458930777e-15, 3.0273188480913347e-15, 1.7100638759103895e-14, 1.5016754089516739e-15, 2.4936627823672066e-15, 2.5594083201223064e-15, 3.751119566674918e-14, 1.419264829477761e-15, 5.2172970721331236e-15, 8.390016938970045e-16, 6.044222405824875e-15, 5.71279780422243e-15, 8.704112520657383e-15, 9.549403657309023e-15, 9.485352465024028e-15, 2.762236798557855e-15, 1.8855015479494387e-14, 2.8816136960651453e-15, 1.216285709701342e-15, 5.297426619914832e-15, 2.9649644672034186e-15, 5.428950335890994e-15, 1.8891808847396816e-14, 2.2044866237697504e-15, 6.017361128956995e-15, 9.81269560514762e-15, 1.986987203233565e-15, 1.5320011753766912e-14, 7.260154764250115e-15]","[1.0, 1.0, 1.0, 1.0, 1.0, 1.0, 1.0, 1.0, 1.0, 1.0, 1.0, 1.0, 1.0, 1.0, 1.0, 1.0, 1.0, 1.0, 1.0, 1.0, 1.0, 1.0, 1.0, 1.0, 1.0, 1.0, 1.0, 1.0, 1.0, 1.0]","[0.9999999999999998, 0.9999999999999998, 0.9999999999999998, 0.9999999999999998, 0.9999999999999998, 0.9999999999999998, 0.9999999999999998, 0.9999999999999998, 0.9999999999999998, 0.9999999999999998, 0.9999999999999998, 0.9999999999999998, 0.9999999999999998, 0.9999999999999998, 0.9999999999999998, 0.9999999999999998, 0.9999999999999998, 0.9999999999999998, 0.9999999999999998, 0.9999999999999998, 0.9999999999999998, 0.9999999999999998, 0.9999999999999998, 0.9999999999999998, 0.9999999999999998, 0.9999999999999998, 0.9999999999999998, 0.9999999999999998, 0.9999999999999998, 0.9999999999999998]","[1.0, 1.0, 1.0, 1.0, 1.0, 1.0, 1.0, 1.0, 1.0, 1.0, 1.0, 1.0, 1.0, 1.0, 1.0, 1.0, 1.0, 1.0, 1.0, 1.0, 1.0, 1.0, 1.0, 1.0, 1.0, 1.0, 1.0, 1.0, 1.0, 1.0]","[1.0, 1.0, 1.0, 1.0, 1.0, 1.0, 1.0, 1.0, 1.0, 1.0, 1.0, 1.0, 1.0, 1.0, 1.0, 1.0, 1.0, 1.0, 1.0, 1.0, 1.0, 1.0, 1.0, 1.0, 1.0, 1.0, 1.0, 1.0, 1.0, 1.0]"
california,ridge,1000,4,8,b1_uniform,1.6615517901616526e-14,1.0145440142950105e-14,2.0769397377020658e-15,1.2681800178687631e-15,1.3271055361108178e-14,2.0192229116187088e-14,6.310899144531457,1.0,0.0,1.0,1.0,0.9999999999999998,0.0,1.0,0.0,1.0,0.0,1.7604823739244847e-15,0.0,1000.0,0.08829860000599486,0.002352689392714122,1000.0,"[2.8885403544732197e-15, 5.0843436360069315e-15, 6.007990985306167e-15, 5.489343307736074e-15, 1.1788364212851709e-14, 2.3724765213327583e-14, 3.380805671286351e-14, 1.1588572149221816e-14, 2.1000972660044533e-14, 2.3787181482110876e-14, 8.194029693644042e-15, 4.945129369323284e-14, 2.0426899255308784e-14, 1.892869917601202e-14, 2.9744696527484897e-14, 1.3181568544695048e-14, 3.1668510994091806e-14, 6.551083968759725e-15, 2.0641781886296096e-14, 1.3519294694534576e-14, 2.0353253162570343e-14, 1.524258109498873e-14, 1.5934181452657484e-14, 1.3666966414703847e-14, 2.3753304310908487e-14, 9.72520897084161e-15, 8.188950188498664e-15, 1.870302475078754e-14, 7.159486873773889e-15, 8.262590680762966e-15]","[1.0, 1.0, 1.0, 1.0, 1.0, 1.0, 1.0, 1.0, 1.0, 1.0, 1.0, 1.0, 1.0, 1.0, 1.0, 1.0, 1.0, 1.0, 1.0, 1.0, 1.0, 1.0, 1.0, 1.0, 1.0, 1.0, 1.0, 1.0, 1.0, 1.0]","[0.9999999999999998, 0.9999999999999998, 0.9999999999999998, 0.9999999999999998, 0.9999999999999998, 0.9999999999999998, 0.9999999999999998, 0.9999999999999998, 0.9999999999999998, 0.9999999999999998, 0.9999999999999998, 0.9999999999999998, 0.9999999999999998, 0.9999999999999998, 0.9999999999999998, 0.9999999999999998, 0.9999999999999998, 0.9999999999999998, 0.9999999999999998, 0.9999999999999998, 0.9999999999999998, 0.9999999999999998, 0.9999999999999998, 0.9999999999999998, 0.9999999999999998, 0.9999999999999998, 0.9999999999999998, 0.9999999999999998, 0.9999999999999998, 0.9999999999999998]","[1.0, 1.0, 1.0, 1.0, 1.0, 1.0, 1.0, 1.0, 1.0, 1.0, 1.0, 1.0, 1.0, 1.0, 1.0, 1.0, 1.0, 1.0, 1.0, 1.0, 1.0, 1.0, 1.0, 1.0, 1.0, 1.0, 1.0, 1.0, 1.0, 1.0]","[1.0, 1.0, 1.0, 1.0, 1.0, 1.0, 1.0, 1.0, 1.0, 1.0, 1.0, 1.0, 1.0, 1.0, 1.0, 1.0, 1.0, 1.0, 1.0, 1.0, 1.0, 1.0, 1.0, 1.0, 1.0, 1.0, 1.0, 1.0, 1.0, 1.0]"
california,ridge,1000,4,8,b2_stratified,2.632828939441104e-15,1.768078546026869e-15,3.29103617430138e-16,2.2100981825335861e-16,2.0736418080173937e-15,3.3898285401488884e-15,1.0,1.0,0.0,1.0,1.0,0.9999999999999998,0.0,1.0,0.0,1.0,0.0,2.8737987205790975e-16,0.0,1000.0,0.08946854333335068,0.0016662574793293204,1000.0,"[8.661918990005006e-15, 1.1247421742017244e-15, 4.3278801821857415e-15, 3.1985999552302692e-15, 2.5977533480513844e-15, 1.441980291233652e-15, 3.973270281506227e-15, 8.768893875706774e-16, 1.3544868355866855e-15, 2.737238890810448e-15, 1.853144566017712e-15, 1.573573275901386e-15, 2.1347135307103823e-15, 1.1129519689197442e-15, 1.9184585429458144e-15, 2.2607759003964085e-15, 1.791755029517922e-15, 1.5873925818592366e-15, 1.37243178932027e-15, 6.242473822962426e-16, 4.1605507624608295e-15, 3.946157105426554e-15, 4.313788676136669e-15, 4.631153949404437e-15, 1.3787809400924313e-15, 6.228577783489255e-15, 1.1375165788912945e-15, 3.6988697555507765e-15, 1.1201557916181391e-15, 1.8451119358958136e-15]","[1.0, 1.0, 1.0, 1.0, 1.0, 1.0, 1.0, 1.0, 1.0, 1.0, 1.0, 1.0, 1.0, 1.0, 1.0, 1.0, 1.0, 1.0, 1.0, 1.0, 1.0, 1.0, 1.0, 1.0, 1.0, 1.0, 1.0, 1.0, 1.0, 1.0]","[0.9999999999999998, 0.9999999999999998, 0.9999999999999998, 0.9999999999999998, 0.9999999999999998, 0.9999999999999998, 0.9999999999999998, 0.9999999999999998, 0.9999999999999998, 0.9999999999999998, 0.9999999999999998, 0.9999999999999998, 0.9999999999999998, 0.9999999999999998, 0.9999999999999998, 0.9999999999999998, 0.9999999999999998, 0.9999999999999998, 0.9999999999999998, 0.9999999999999998, 0.9999999999999998, 0.9999999999999998, 0.9999999999999998, 0.9999999999999998, 0.9999999999999998, 0.9999999999999998, 0.9999999999999998, 0.9999999999999998, 0.9999999999999998, 0.9999999999999998]","[1.0, 1.0, 1.0, 1.0, 1.0, 1.0, 1.0, 1.0, 1.0, 1.0, 1.0, 1.0, 1.0, 1.0, 1.0, 1.0, 1.0, 1.0, 1.0, 1.0, 1.0, 1.0, 1.0, 1.0, 1.0, 1.0, 1.0, 1.0, 1.0, 1.0]","[1.0, 1.0, 1.0, 1.0, 1.0, 1.0, 1.0, 1.0, 1.0, 1.0, 1.0, 1.0, 1.0, 1.0, 1.0, 1.0, 1.0, 1.0, 1.0, 1.0, 1.0, 1.0, 1.0, 1.0, 1.0, 1.0, 1.0, 1.0, 1.0, 1.0]"
california,ridge,1000,4,8,b3_is,2.3105826822938194e-15,1.0495915643383976e-15,2.8882283528672743e-16,1.311989455422997e-16,1.930225765503414e-15,2.7011660118600567e-15,0.8776045597494493,1.0,0.0,1.0,1.0,0.9999999999999998,0.0,1.0,0.0,1.0,0.0,1.8113371811293989e-16,0.0,1000.0,0.11043598666534914,0.002188698065216523,1000.0,"[3.4885797470862228e-15, 2.8132012840463317e-15, 3.635079113819833e-15, 2.859528801107327e-15, 1.4824525721280505e-15, 2.0362243735382275e-15, 3.757406902969269e-15, 2.088322811215403e-15, 1.4187038923873014e-15, 1.3516775338605787e-15, 1.9612510552038482e-15, 6.373583180857486e-16, 1.991243174333129e-15, 8.968463184156977e-16, 1.0845182088369163e-15, 5.524641530045927e-16, 3.4194350136015065e-15, 3.0828745223455406e-15, 2.3286261861088896e-15, 1.2885853267485999e-15, 4.186509577309704e-15, 3.7644090252622814e-15, 2.6715669587262112e-15, 2.093912724996856e-15, 1.590962046967149e-15, 2.980888388883952e-15, 4.3391982541636216e-15, 2.0641911192339253e-15, 1.1734415491604225e-15, 2.278021515267438e-15]","[1.0, 1.0, 1.0, 1.0, 1.0, 1.0, 1.0, 1.0, 1.0, 1.0, 1.0, 1.0, 1.0, 1.0, 1.0, 1.0, 1.0, 1.0, 1.0, 1.0, 1.0, 1.0, 1.0, 1.0, 1.0, 1.0, 1.0, 1.0, 1.0, 1.0]","[0.9999999999999998, 0.9999999999999998, 0.9999999999999998, 0.9999999999999998, 0.9999999999999998, 0.9999999999999998, 0.9999999999999998, 0.9999999999999998, 0.9999999999999998, 0.9999999999999998, 0.9999999999999998, 0.9999999999999998, 0.9999999999999998, 0.9999999999999998, 0.9999999999999998, 0.9999999999999998, 0.9999999999999998, 0.9999999999999998, 0.9999999999999998, 0.9999999999999998, 0.9999999999999998, 0.9999999999999998, 0.9999999999999998, 0.9999999999999998, 0.9999999999999998, 0.9999999999999998, 0.9999999999999998, 0.9999999999999998, 0.9999999999999998, 0.9999999999999998]","[1.0, 1.0, 1.0, 1.0, 1.0, 1.0, 1.0, 1.0, 1.0, 1.0, 1.0, 1.0, 1.0, 1.0, 1.0, 1.0, 1.0, 1.0, 1.0, 1.0, 1.0, 1.0, 1.0, 1.0, 1.0, 1.0, 1.0, 1.0, 1.0, 1.0]","[1.0, 1.0, 1.0, 1.0, 1.0, 1.0, 1.0, 1.0, 1.0, 1.0, 1.0, 1.0, 1.0, 1.0, 1.0, 1.0, 1.0, 1.0, 1.0, 1.0, 1.0, 1.0, 1.0, 1.0, 1.0, 1.0, 1.0, 1.0, 1.0, 1.0]"
california,ridge,1000,4,8,b4_antithetic,1.4018130781257667e-14,9.283674392291514e-15,1.7522663476572084e-15,1.1604592990364392e-15,1.090497993643223e-14,1.7501554521888813e-14,5.324360641612148,1.0,0.0,1.0,1.0,0.9999999999999998,0.0,1.0,0.0,1.0,0.0,1.6154654118491856e-15,0.0,1000.0,0.08695716999645811,0.01018221884631988,1000.0,"[9.650341355089867e-15, 3.110047708702638e-14, 2.407461880821405e-14, 1.2454741812515258e-14, 9.242559672673686e-15, 1.537906878462947e-14, 1.0405440706799647e-14, 4.785982016397017e-15, 3.756628983038874e-15, 4.4280363019679895e-14, 9.743886725852659e-15, 1.3014145633038324e-14, 1.6636888127303805e-14, 3.862541640728684e-15, 1.238256421153895e-14, 1.1992051045882862e-14, 8.2593290953091e-15, 1.059480506123871e-14, 7.696673881634689e-15, 3.0591536580788115e-15, 5.604612279257604e-15, 1.308651354344847e-14, 1.3604558259677876e-14, 1.0367454862881442e-14, 2.517641716895675e-14, 2.8120395817121632e-14, 7.835257435853496e-15, 1.4455478750699764e-14, 2.913987188251453e-14, 1.0781102110647626e-14]","[1.0, 1.0, 1.0, 1.0, 1.0, 1.0, 1.0, 1.0, 1.0, 1.0, 1.0, 1.0, 1.0, 1.0, 1.0, 1.0, 1.0, 1.0, 1.0, 1.0, 1.0, 1.0, 1.0, 1.0, 1.0, 1.0, 1.0, 1.0, 1.0, 1.0]","[0.9999999999999998, 0.9999999999999998, 0.9999999999999998, 0.9999999999999998, 0.9999999999999998, 0.9999999999999998, 0.9999999999999998, 0.9999999999999998, 0.9999999999999998, 0.9999999999999998, 0.9999999999999998, 0.9999999999999998, 0.9999999999999998, 0.9999999999999998, 0.9999999999999998, 0.9999999999999998, 0.9999999999999998, 0.9999999999999998, 0.9999999999999998, 0.9999999999999998, 0.9999999999999998, 0.9999999999999998, 0.9999999999999998, 0.9999999999999998, 0.9999999999999998, 0.9999999999999998, 0.9999999999999998, 0.9999999999999998, 0.9999999999999998, 0.9999999999999998]","[1.0, 1.0, 1.0, 1.0, 1.0, 1.0, 1.0, 1.0, 1.0, 1.0, 1.0, 1.0, 1.0, 1.0, 1.0, 1.0, 1.0, 1.0, 1.0, 1.0, 1.0, 1.0, 1.0, 1.0, 1.0, 1.0, 1.0, 1.0, 1.0, 1.0]","[1.0, 1.0, 1.0, 1.0, 1.0, 1.0, 1.0, 1.0, 1.0, 1.0, 1.0, 1.0, 1.0, 1.0, 1.0, 1.0, 1.0, 1.0, 1.0, 1.0, 1.0, 1.0, 1.0, 1.0, 1.0, 1.0, 1.0, 1.0, 1.0, 1.0]"
california,ridge,1000,5,8,abc_shap,2.8836601837480533e-15,2.3325934411467723e-15,3.6045752296850666e-16,2.9157418014334654e-16,2.11844557569589e-15,3.746206919309563e-15,3.9853483515228794,1.0,0.0,1.0,1.0,0.9999999999999998,0.0,1.0,0.0,1.0,0.0,2.9269038656272286e-16,480.0,520.0,0.11448741000009856,0.0016697879018914966,480.0,"[1.0074922873038451e-14, 6.328109158182828e-16, 2.7460797891097664e-15, 2.53974989842096e-15, 1.6700092425010183e-15, 2.6752471782394367e-15, 4.361850279049269e-15, 9.076974875929343e-16, 2.471973127757968e-15, 1.141373245467536e-15, 5.687896301967406e-15, 3.987189739733019e-15, 3.94424521649299e-15, 6.066366968811105e-15, 7.318872002083802e-16, 1.7018420850997685e-15, 3.1711695549235538e-15, 1.7476592194373696e-15, 3.615054851492213e-16, 2.073927635577371e-15, 6.5225266219728304e-15, 1.148577974382636e-15, 3.479848836358374e-15, 1.5481971947667487e-15, 1.0807012927023376e-15, 1.0657594213454394e-15, 1.2400712031812015e-15, 2.820642704536752e-15, 7.014085385881335e-16, 8.206668280211337e-15]","[1.0, 1.0, 1.0, 1.0, 1.0, 1.0, 1.0, 1.0, 1.0, 1.0, 1.0, 1.0, 1.0, 1.0, 1.0, 1.0, 1.0, 1.0, 1.0, 1.0, 1.0, 1.0, 1.0, 1.0, 1.0, 1.0, 1.0, 1.0, 1.0, 1.0]","[0.9999999999999998, 0.9999999999999998, 0.9999999999999998, 0.9999999999999998, 0.9999999999999998, 0.9999999999999998, 0.9999999999999998, 0.9999999999999998, 0.9999999999999998, 0.9999999999999998, 0.9999999999999998, 0.9999999999999998, 0.9999999999999998, 0.9999999999999998, 0.9999999999999998, 0.9999999999999998, 0.9999999999999998, 0.9999999999999998, 0.9999999999999998, 0.9999999999999998, 0.9999999999999998, 0.9999999999999998, 0.9999999999999998, 0.9999999999999998, 0.9999999999999998, 0.9999999999999998, 0.9999999999999998, 0.9999999999999998, 0.9999999999999998, 0.9999999999999998]","[1.0, 1.0, 1.0, 1.0, 1.0, 1.0, 1.0, 1.0, 1.0, 1.0, 1.0, 1.0, 1.0, 1.0, 1.0, 1.0, 1.0, 1.0, 1.0, 1.0, 1.0, 1.0, 1.0, 1.0, 1.0, 1.0, 1.0, 1.0, 1.0, 1.0]","[1.0, 1.0, 1.0, 1.0, 1.0, 1.0, 1.0, 1.0, 1.0, 1.0, 1.0, 1.0, 1.0, 1.0, 1.0, 1.0, 1.0, 1.0, 1.0, 1.0, 1.0, 1.0, 1.0, 1.0, 1.0, 1.0, 1.0, 1.0, 1.0, 1.0]"
california,ridge,1000,5,8,b1_uniform,4.0343158735138425e-15,1.7929615366456096e-15,5.042894841892303e-16,2.241201920807012e-16,3.423304945452348e-15,4.6579304422254865e-15,5.575606379227842,1.0,0.0,1.0,1.0,0.9999999999999998,0.0,1.0,0.0,1.0,0.0,3.9073153324138485e-16,0.0,1000.0,0.08774585999975291,0.0019947660693284994,1000.0,"[4.623940447365403e-15, 5.223825929995577e-15, 2.49464140017682e-15, 1.7659490621041449e-15, 3.993800983115223e-15, 4.085397912402639e-15, 2.5418313403229907e-15, 5.653069466067622e-16, 2.9555675941057458e-15, 4.844761458046252e-15, 2.8847798294410052e-15, 1.631608392369365e-15, 6.8081224429615134e-15, 7.808059435372975e-15, 5.510324047876082e-15, 5.0114935224424955e-15, 3.9064098725849705e-15, 5.750883791125749e-15, 3.1751629037525557e-15, 2.5273475691656912e-15, 3.9472538864268566e-15, 5.361261906404391e-15, 2.860975894660575e-15, 4.6502090155872806e-15, 6.178180471040145e-15, 1.3281996783891843e-15, 6.9742802588618135e-15, 2.178815051210019e-15, 3.2256332212475572e-15, 6.215451940253468e-15]","[1.0, 1.0, 1.0, 1.0, 1.0, 1.0, 1.0, 1.0, 1.0, 1.0, 1.0, 1.0, 1.0, 1.0, 1.0, 1.0, 1.0, 1.0, 1.0, 1.0, 1.0, 1.0, 1.0, 1.0, 1.0, 1.0, 1.0, 1.0, 1.0, 1.0]","[0.9999999999999998, 0.9999999999999998, 0.9999999999999998, 0.9999999999999998, 0.9999999999999998, 0.9999999999999998, 0.9999999999999998, 0.9999999999999998, 0.9999999999999998, 0.9999999999999998, 0.9999999999999998, 0.9999999999999998, 0.9999999999999998, 0.9999999999999998, 0.9999999999999998, 0.9999999999999998, 0.9999999999999998, 0.9999999999999998, 0.9999999999999998, 0.9999999999999998, 0.9999999999999998, 0.9999999999999998, 0.9999999999999998, 0.9999999999999998, 0.9999999999999998, 0.9999999999999998, 0.9999999999999998, 0.9999999999999998, 0.9999999999999998, 0.9999999999999998]","[1.0, 1.0, 1.0, 1.0, 1.0, 1.0, 1.0, 1.0, 1.0, 1.0, 1.0, 1.0, 1.0, 1.0, 1.0, 1.0, 1.0, 1.0, 1.0, 1.0, 1.0, 1.0, 1.0, 1.0, 1.0, 1.0, 1.0, 1.0, 1.0, 1.0]","[1.0, 1.0, 1.0, 1.0, 1.0, 1.0, 1.0, 1.0, 1.0, 1.0, 1.0, 1.0, 1.0, 1.0, 1.0, 1.0, 1.0, 1.0, 1.0, 1.0, 1.0, 1.0, 1.0, 1.0, 1.0, 1.0, 1.0, 1.0, 1.0, 1.0]"
california,ridge,1000,5,8,b2_stratified,7.235654024186243e-16,3.731597810694268e-16,9.044567530232804e-17,4.664497263367835e-17,5.899351657381694e-16,8.624143809288265e-16,1.0,1.0,0.0,1.0,1.0,0.9999999999999998,0.0,1.0,0.0,1.0,0.0,8.49301385475949e-17,0.0,1000.0,0.08982663999777288,0.0016025103228502753,1000.0,"[3.446604681197051e-16, 7.902092660650616e-16, 1.3249106028182262e-15, 7.282179357245146e-16, 3.2932782009092935e-16, 6.508967486745265e-16, 1.0394452278148737e-15, 8.051521972337024e-16, 7.550211174639893e-16, 4.721603717308065e-16, 9.435890201174446e-16, 5.31259874710582e-16, 3.040386128951846e-16, 7.715792997020633e-16, 9.184412022832413e-16, 1.2332190015640084e-15, 4.533874586368442e-16, 8.652145896667097e-16, 1.0182182615485554e-15, 2.7364421279179573e-16, 1.8636441304994307e-15, 1.3855609932082433e-16, 8.593680267403211e-16, 5.876616026273902e-16, 7.451807080353918e-16, 2.786086845345208e-16, 3.896115014169699e-16, 1.2705303890199619e-15, 4.2709187255140963e-16, 5.94115768159745e-16]","[1.0, 1.0, 1.0, 1.0, 1.0, 1.0, 1.0, 1.0, 1.0, 1.0, 1.0, 1.0, 1.0, 1.0, 1.0, 1.0, 1.0, 1.0, 1.0, 1.0, 1.0, 1.0, 1.0, 1.0, 1.0, 1.0, 1.0, 1.0, 1.0, 1.0]","[0.9999999999999998, 0.9999999999999998, 0.9999999999999998, 0.9999999999999998, 0.9999999999999998, 0.9999999999999998, 0.9999999999999998, 0.9999999999999998, 0.9999999999999998, 0.9999999999999998, 0.9999999999999998, 0.9999999999999998, 0.9999999999999998, 0.9999999999999998, 0.9999999999999998, 0.9999999999999998, 0.9999999999999998, 0.9999999999999998, 0.9999999999999998, 0.9999999999999998, 0.9999999999999998, 0.9999999999999998, 0.9999999999999998, 0.9999999999999998, 0.9999999999999998, 0.9999999999999998, 0.9999999999999998, 0.9999999999999998, 0.9999999999999998, 0.9999999999999998]","[1.0, 1.0, 1.0, 1.0, 1.0, 1.0, 1.0, 1.0, 1.0, 1.0, 1.0, 1.0, 1.0, 1.0, 1.0, 1.0, 1.0, 1.0, 1.0, 1.0, 1.0, 1.0, 1.0, 1.0, 1.0, 1.0, 1.0, 1.0, 1.0, 1.0]","[1.0, 1.0, 1.0, 1.0, 1.0, 1.0, 1.0, 1.0, 1.0, 1.0, 1.0, 1.0, 1.0, 1.0, 1.0, 1.0, 1.0, 1.0, 1.0, 1.0, 1.0, 1.0, 1.0, 1.0, 1.0, 1.0, 1.0, 1.0, 1.0, 1.0]"
california,ridge,1000,5,8,b3_is,7.432317714675368e-16,3.2404427373956653e-16,9.29039714334421e-17,4.0505534217445816e-17,6.298250529662518e-16,8.661818305988256e-16,1.027179808463996,1.0,0.0,1.0,1.0,0.9999999999999998,0.0,1.0,0.0,1.0,0.0,4.9013419122524224e-17,0.0,1000.0,0.11015144000120927,0.002212807568871936,1000.0,"[2.902457358381695e-16, 4.2169504075961875e-16, 6.447536085108133e-16, 4.478133258356023e-16, 9.814078441690268e-16, 6.949160693633342e-16, 1.1677869174086572e-15, 1.2170732234774396e-15, 4.49356863739308e-16, 5.274923999911393e-16, 9.600990166215465e-16, 7.195139977255061e-16, 7.44228635455394e-16, 6.798173850603916e-16, 7.178628600420931e-16, 7.681434075556114e-16, 1.2223695939930806e-15, 3.7518574315492856e-16, 1.4067116435176026e-15, 6.638711483694447e-16, 8.518926825423598e-16, 4.0316540767805403e-16, 6.604550977567558e-16, 2.3779454107254854e-16, 7.644632058320235e-16, 1.5777143649762554e-15, 6.301180956697658e-16, 1.0226848184689446e-15, 4.535344055008373e-16, 5.947860639398517e-16]","[1.0, 1.0, 1.0, 1.0, 1.0, 1.0, 1.0, 1.0, 1.0, 1.0, 1.0, 1.0, 1.0, 1.0, 1.0, 1.0, 1.0, 1.0, 1.0, 1.0, 1.0, 1.0, 1.0, 1.0, 1.0, 1.0, 1.0, 1.0, 1.0, 1.0]","[0.9999999999999998, 0.9999999999999998, 0.9999999999999998, 0.9999999999999998, 0.9999999999999998, 0.9999999999999998, 0.9999999999999998, 0.9999999999999998, 0.9999999999999998, 0.9999999999999998, 0.9999999999999998, 0.9999999999999998, 0.9999999999999998, 0.9999999999999998, 0.9999999999999998, 0.9999999999999998, 0.9999999999999998, 0.9999999999999998, 0.9999999999999998, 0.9999999999999998, 0.9999999999999998, 0.9999999999999998, 0.9999999999999998, 0.9999999999999998, 0.9999999999999998, 0.9999999999999998, 0.9999999999999998, 0.9999999999999998, 0.9999999999999998, 0.9999999999999998]","[1.0, 1.0, 1.0, 1.0, 1.0, 1.0, 1.0, 1.0, 1.0, 1.0, 1.0, 1.0, 1.0, 1.0, 1.0, 1.0, 1.0, 1.0, 1.0, 1.0, 1.0, 1.0, 1.0, 1.0, 1.0, 1.0, 1.0, 1.0, 1.0, 1.0]","[1.0, 1.0, 1.0, 1.0, 1.0, 1.0, 1.0, 1.0, 1.0, 1.0, 1.0, 1.0, 1.0, 1.0, 1.0, 1.0, 1.0, 1.0, 1.0, 1.0, 1.0, 1.0, 1.0, 1.0, 1.0, 1.0, 1.0, 1.0, 1.0, 1.0]"
california,ridge,1000,5,8,b4_antithetic,4.053173240143047e-15,2.5066441660347513e-15,5.066466550178809e-16,3.133305207543439e-16,3.239607621005746e-15,4.966782658797374e-15,5.601668109882971,1.0,0.0,1.0,1.0,0.9999999999999998,0.0,1.0,0.0,1.0,0.0,4.1194199846701615e-16,0.0,1000.0,0.08416161000107726,0.001822071862772009,1000.0,"[3.0564706483833657e-15, 3.879078691379054e-15, 7.838418136715414e-16, 4.0469299094771245e-15, 1.3991723149629575e-15, 1.86868776280593e-15, 2.261210010433166e-15, 4.538916872157571e-15, 4.9031595457928295e-15, 6.338567263528606e-16, 2.85597260393579e-15, 1.6780530597546745e-15, 7.855505966377592e-15, 1.5078259617827036e-15, 7.911963536957271e-15, 6.427462814003949e-15, 2.8140849837456256e-15, 9.321552809941887e-15, 2.297544240258729e-15, 2.6113164658153286e-15, 2.2054525675796496e-15, 1.3380821198491036e-15, 1.938231962953999e-15, 7.779044131411081e-15, 4.568203554229003e-15, 5.467586020267892e-15, 3.641245097763774e-15, 6.252120107930863e-15, 8.362761235184933e-15, 7.389863669131163e-15]","[1.0, 1.0, 1.0, 1.0, 1.0, 1.0, 1.0, 1.0, 1.0, 1.0, 1.0, 1.0, 1.0, 1.0, 1.0, 1.0, 1.0, 1.0, 1.0, 1.0, 1.0, 1.0, 1.0, 1.0, 1.0, 1.0, 1.0, 1.0, 1.0, 1.0]","[0.9999999999999998, 0.9999999999999998, 0.9999999999999998, 0.9999999999999998, 0.9999999999999998, 0.9999999999999998, 0.9999999999999998, 0.9999999999999998, 0.9999999999999998, 0.9999999999999998, 0.9999999999999998, 0.9999999999999998, 0.9999999999999998, 0.9999999999999998, 0.9999999999999998, 0.9999999999999998, 0.9999999999999998, 0.9999999999999998, 0.9999999999999998, 0.9999999999999998, 0.9999999999999998, 0.9999999999999998, 0.9999999999999998, 0.9999999999999998, 0.9999999999999998, 0.9999999999999998, 0.9999999999999998, 0.9999999999999998, 0.9999999999999998, 0.9999999999999998]","[1.0, 1.0, 1.0, 1.0, 1.0, 1.0, 1.0, 1.0, 1.0, 1.0, 1.0, 1.0, 1.0, 1.0, 1.0, 1.0, 1.0, 1.0, 1.0, 1.0, 1.0, 1.0, 1.0, 1.0, 1.0, 1.0, 1.0, 1.0, 1.0, 1.0]","[1.0, 1.0, 1.0, 1.0, 1.0, 1.0, 1.0, 1.0, 1.0, 1.0, 1.0, 1.0, 1.0, 1.0, 1.0, 1.0, 1.0, 1.0, 1.0, 1.0, 1.0, 1.0, 1.0, 1.0, 1.0, 1.0, 1.0, 1.0, 1.0, 1.0]"
california,ridge,1000,6,8,abc_shap,8.439722631992771e-16,9.221008695051043e-16,1.0549653289990964e-16,1.1526260868813804e-16,5.576336956669759e-16,1.20378704449086e-15,4.120010390888586,1.0,0.0,1.0,1.0,0.9999999999999998,0.0,1.0,0.0,1.0,0.0,8.784003225949235e-17,480.0,520.0,0.1159699633300382,0.0035568966922280734,480.0,"[1.2804689081284238e-15, 4.760258618060141e-16, 5.357962611064867e-16, 1.531346496935367e-16, 6.458167362854554e-16, 6.658257350656223e-16, 3.0614700481090353e-15, 6.699701582482169e-16, 1.6585466048773016e-16, 3.649010069970348e-15, 2.8566720860118526e-16, 8.512906496820465e-16, 4.707341108720309e-16, 4.093009687064877e-16, 8.256930715621741e-16, 7.303325172766705e-16, 1.14665654485617e-15, 9.605609410611684e-16, 2.472852288535114e-16, 2.286393398012514e-16, 2.649278149076976e-16, 3.6790812193776735e-15, 3.664514774973069e-16, 4.974292665948069e-16, 5.935257430927921e-16, 6.866094503683746e-17, 5.717771897300021e-16, 4.525513941545853e-16, 4.527107118766811e-16, 9.125184635363672e-16]","[1.0, 1.0, 1.0, 1.0, 1.0, 1.0, 1.0, 1.0, 1.0, 1.0, 1.0, 1.0, 1.0, 1.0, 1.0, 1.0, 1.0, 1.0, 1.0, 1.0, 1.0, 1.0, 1.0, 1.0, 1.0, 1.0, 1.0, 1.0, 1.0, 1.0]","[0.9999999999999998, 0.9999999999999998, 0.9999999999999998, 0.9999999999999998, 0.9999999999999998, 0.9999999999999998, 0.9999999999999998, 0.9999999999999998, 0.9999999999999998, 0.9999999999999998, 0.9999999999999998, 0.9999999999999998, 0.9999999999999998, 0.9999999999999998, 0.9999999999999998, 0.9999999999999998, 0.9999999999999998, 0.9999999999999998, 0.9999999999999998, 0.9999999999999998, 0.9999999999999998, 0.9999999999999998, 0.9999999999999998, 0.9999999999999998, 0.9999999999999998, 0.9999999999999998, 0.9999999999999998, 0.9999999999999998, 0.9999999999999998, 0.9999999999999998]","[1.0, 1.0, 1.0, 1.0, 1.0, 1.0, 1.0, 1.0, 1.0, 1.0, 1.0, 1.0, 1.0, 1.0, 1.0, 1.0, 1.0, 1.0, 1.0, 1.0, 1.0, 1.0, 1.0, 1.0, 1.0, 1.0, 1.0, 1.0, 1.0, 1.0]","[1.0, 1.0, 1.0, 1.0, 1.0, 1.0, 1.0, 1.0, 1.0, 1.0, 1.0, 1.0, 1.0, 1.0, 1.0, 1.0, 1.0, 1.0, 1.0, 1.0, 1.0, 1.0, 1.0, 1.0, 1.0, 1.0, 1.0, 1.0, 1.0, 1.0]"
california,ridge,1000,6,8,b1_uniform,1.3377218725070215e-15,6.554296633468139e-16,1.6721523406337769e-16,8.192870791835174e-17,1.1080621991425418e-15,1.589484285279583e-15,6.530342589643277,1.0,0.0,1.0,1.0,0.9999999999999998,0.0,1.0,0.0,1.0,0.0,1.3072981916443817e-16,0.0,1000.0,0.08889308333358106,0.002248672052558812,1000.0,"[6.997615095502022e-16, 5.096053017309146e-16, 1.6195079680773564e-15, 1.1853893868966013e-15, 5.472731626558005e-16, 2.2702913062304986e-15, 7.062037826553902e-16, 1.3431726370431916e-15, 5.502476795398873e-16, 2.040318583487542e-15, 1.0943741692707094e-15, 1.110406548022255e-15, 1.5041789529867776e-15, 1.6073889947023086e-15, 1.1257512944657242e-15, 1.6590029339342884e-15, 7.053155143764163e-16, 1.729166598715838e-15, 1.701954302272896e-15, 3.341833565602368e-15, 1.6903950958670705e-15, 2.3263186046085354e-15, 1.3219983989480846e-15, 1.0823350579142037e-15, 4.627197582397452e-16, 4.999536515374787e-16, 1.782886123199239e-15, 1.364007093456985e-15, 1.900248437320564e-15, 6.496497619017745e-16]","[1.0, 1.0, 1.0, 1.0, 1.0, 1.0, 1.0, 1.0, 1.0, 1.0, 1.0, 1.0, 1.0, 1.0, 1.0, 1.0, 1.0, 1.0, 1.0, 1.0, 1.0, 1.0, 1.0, 1.0, 1.0, 1.0, 1.0, 1.0, 1.0, 1.0]","[0.9999999999999998, 0.9999999999999998, 0.9999999999999998, 0.9999999999999998, 0.9999999999999998, 0.9999999999999998, 0.9999999999999998, 0.9999999999999998, 0.9999999999999998, 0.9999999999999998, 0.9999999999999998, 0.9999999999999998, 0.9999999999999998, 0.9999999999999998, 0.9999999999999998, 0.9999999999999998, 0.9999999999999998, 0.9999999999999998, 0.9999999999999998, 0.9999999999999998, 0.9999999999999998, 0.9999999999999998, 0.9999999999999998, 0.9999999999999998, 0.9999999999999998, 0.9999999999999998, 0.9999999999999998, 0.9999999999999998, 0.9999999999999998, 0.9999999999999998]","[1.0, 1.0, 1.0, 1.0, 1.0, 1.0, 1.0, 1.0, 1.0, 1.0, 1.0, 1.0, 1.0, 1.0, 1.0, 1.0, 1.0, 1.0, 1.0, 1.0, 1.0, 1.0, 1.0, 1.0, 1.0, 1.0, 1.0, 1.0, 1.0, 1.0]","[1.0, 1.0, 1.0, 1.0, 1.0, 1.0, 1.0, 1.0, 1.0, 1.0, 1.0, 1.0, 1.0, 1.0, 1.0, 1.0, 1.0, 1.0, 1.0, 1.0, 1.0, 1.0, 1.0, 1.0, 1.0, 1.0, 1.0, 1.0, 1.0, 1.0]"
california,ridge,1000,6,8,b2_stratified,2.0484712006205712e-16,1.1434107238719223e-16,2.560589000775714e-17,1.429263404839903e-17,1.6502438468946416e-16,2.4789421340272203e-16,1.0,1.0,0.0,1.0,1.0,0.9999999999999998,0.0,1.0,0.0,1.0,0.0,2.145289017390501e-17,0.0,1000.0,0.09043276333153093,0.0016136082275881591,1000.0,"[4.703990855655034e-16, 2.4602544244166695e-16, 2.0124364780296013e-16, 1.0778823053696301e-16, 1.958604049257614e-16, 1.0909435528162796e-16, 2.563479443968349e-16, 3.9767490875379414e-16, 5.879975154840372e-17, 4.185416339077672e-16, 3.1463399261541106e-16, 2.6004378354853256e-16, 1.438914601318635e-16, 2.828936220119435e-16, 3.344299039555082e-17, 1.2372848287244654e-16, 1.5328632701775594e-16, 9.993607722487222e-17, 2.8816540177712366e-16, 2.045851963396494e-16, 7.948461157213195e-17, 1.210769616883522e-16, 1.4881327578772664e-16, 4.3402059130441315e-16, 2.490857485011273e-16, 1.0484825539582814e-16, 2.1776695832249862e-16, 6.834579538516866e-17, 1.4312867882662786e-16, 2.1245998598140734e-16]","[1.0, 1.0, 1.0, 1.0, 1.0, 1.0, 1.0, 1.0, 1.0, 1.0, 1.0, 1.0, 1.0, 1.0, 1.0, 1.0, 1.0, 1.0, 1.0, 1.0, 1.0, 1.0, 1.0, 1.0, 1.0, 1.0, 1.0, 1.0, 1.0, 1.0]","[0.9999999999999998, 0.9999999999999998, 0.9999999999999998, 0.9999999999999998, 0.9999999999999998, 0.9999999999999998, 0.9999999999999998, 0.9999999999999998, 0.9999999999999998, 0.9999999999999998, 0.9999999999999998, 0.9999999999999998, 0.9999999999999998, 0.9999999999999998, 0.9999999999999998, 0.9999999999999998, 0.9999999999999998, 0.9999999999999998, 0.9999999999999998, 0.9999999999999998, 0.9999999999999998, 0.9999999999999998, 0.9999999999999998, 0.9999999999999998, 0.9999999999999998, 0.9999999999999998, 0.9999999999999998, 0.9999999999999998, 0.9999999999999998, 0.9999999999999998]","[1.0, 1.0, 1.0, 1.0, 1.0, 1.0, 1.0, 1.0, 1.0, 1.0, 1.0, 1.0, 1.0, 1.0, 1.0, 1.0, 1.0, 1.0, 1.0, 1.0, 1.0, 1.0, 1.0, 1.0, 1.0, 1.0, 1.0, 1.0, 1.0, 1.0]","[1.0, 1.0, 1.0, 1.0, 1.0, 1.0, 1.0, 1.0, 1.0, 1.0, 1.0, 1.0, 1.0, 1.0, 1.0, 1.0, 1.0, 1.0, 1.0, 1.0, 1.0, 1.0, 1.0, 1.0, 1.0, 1.0, 1.0, 1.0, 1.0, 1.0]"
california,ridge,1000,6,8,b3_is,1.6806026468071835e-16,8.920534997975672e-17,2.1007533085089794e-17,1.115066874746959e-17,1.3871440829878843e-16,2.000400013343811e-16,0.8204180006524162,1.0,0.0,1.0,1.0,0.9999999999999998,0.0,1.0,0.0,1.0,0.0,1.604651215551327e-17,0.0,1000.0,0.11044977666557922,0.0021665929074167136,1000.0,"[3.488863411926278e-16, 1.8344989870508485e-16, 1.8506073885085723e-16, 1.7218552220537193e-16, 1.5758976040717254e-16, 3.051030899858688e-16, 4.310590378540668e-17, 2.0900763738846853e-16, 8.981279150944482e-17, 1.1345908692039645e-16, 1.1454877518279781e-16, 9.035072529849695e-17, 2.0466845494432182e-16, 9.40233000229696e-17, 3.9099079230044785e-16, 9.407016844777727e-17, 1.3233763569184218e-16, 1.8211720008608247e-16, 1.3386292646644012e-16, 8.798890348357779e-17, 9.772217214895495e-17, 1.089425164926868e-16, 1.0597030495919334e-16, 2.1743754482460152e-16, 1.1528436191742344e-16, 3.974134462705078e-16, 1.3745118807521403e-16, 2.2949201048702925e-16, 1.984468153819858e-16, 1.0102792698850062e-16]","[1.0, 1.0, 1.0, 1.0, 1.0, 1.0, 1.0, 1.0, 1.0, 1.0, 1.0, 1.0, 1.0, 1.0, 1.0, 1.0, 1.0, 1.0, 1.0, 1.0, 1.0, 1.0, 1.0, 1.0, 1.0, 1.0, 1.0, 1.0, 1.0, 1.0]","[0.9999999999999998, 0.9999999999999998, 0.9999999999999998, 0.9999999999999998, 0.9999999999999998, 0.9999999999999998, 0.9999999999999998, 0.9999999999999998, 0.9999999999999998, 0.9999999999999998, 0.9999999999999998, 0.9999999999999998, 0.9999999999999998, 0.9999999999999998, 0.9999999999999998, 0.9999999999999998, 0.9999999999999998, 0.9999999999999998, 0.9999999999999998, 0.9999999999999998, 0.9999999999999998, 0.9999999999999998, 0.9999999999999998, 0.9999999999999998, 0.9999999999999998, 0.9999999999999998, 0.9999999999999998, 0.9999999999999998, 0.9999999999999998, 0.9999999999999998]","[1.0, 1.0, 1.0, 1.0, 1.0, 1.0, 1.0, 1.0, 1.0, 1.0, 1.0, 1.0, 1.0, 1.0, 1.0, 1.0, 1.0, 1.0, 1.0, 1.0, 1.0, 1.0, 1.0, 1.0, 1.0, 1.0, 1.0, 1.0, 1.0, 1.0]","[1.0, 1.0, 1.0, 1.0, 1.0, 1.0, 1.0, 1.0, 1.0, 1.0, 1.0, 1.0, 1.0, 1.0, 1.0, 1.0, 1.0, 1.0, 1.0, 1.0, 1.0, 1.0, 1.0, 1.0, 1.0, 1.0, 1.0, 1.0, 1.0, 1.0]"
california,ridge,1000,6,8,b4_antithetic,1.5381215712239942e-15,9.574076230566867e-16,1.9226519640299927e-16,1.1967595288208583e-16,1.221199928659266e-15,1.9067163118955304e-15,7.508631660323221,1.0,0.0,1.0,1.0,0.9999999999999998,0.0,1.0,0.0,1.0,0.0,1.6547956608611361e-16,0.0,1000.0,0.08351806333424368,0.0012354699206598967,1000.0,"[2.197083995994174e-15, 1.0901867037934748e-15, 1.7672167612928461e-15, 1.0630746381355005e-15, 7.180902236433826e-16, 8.336334047656305e-16, 2.872865353938979e-15, 2.342165505120104e-15, 3.2541953955511317e-15, 3.3500751565725665e-15, 9.040661664897325e-16, 1.2383529474814201e-15, 7.583608872498991e-16, 5.87259650376651e-16, 1.515779481862664e-15, 1.594518418114806e-15, 2.049406743403461e-15, 1.1105493402290036e-15, 1.8830519964915468e-15, 8.743836886114859e-16, 5.219495072335708e-16, 2.686270077187469e-15, 6.552468758446314e-16, 2.0695303573352116e-15, 1.2770381718325987e-15, 5.688034906658365e-16, 9.714633096616392e-16, 4.2170399031962e-15, 6.814958005283365e-16, 4.904931841158837e-16]","[1.0, 1.0, 1.0, 1.0, 1.0, 1.0, 1.0, 1.0, 1.0, 1.0, 1.0, 1.0, 1.0, 1.0, 1.0, 1.0, 1.0, 1.0, 1.0, 1.0, 1.0, 1.0, 1.0, 1.0, 1.0, 1.0, 1.0, 1.0, 1.0, 1.0]","[0.9999999999999998, 0.9999999999999998, 0.9999999999999998, 0.9999999999999998, 0.9999999999999998, 0.9999999999999998, 0.9999999999999998, 0.9999999999999998, 0.9999999999999998, 0.9999999999999998, 0.9999999999999998, 0.9999999999999998, 0.9999999999999998, 0.9999999999999998, 0.9999999999999998, 0.9999999999999998, 0.9999999999999998, 0.9999999999999998, 0.9999999999999998, 0.9999999999999998, 0.9999999999999998, 0.9999999999999998, 0.9999999999999998, 0.9999999999999998, 0.9999999999999998, 0.9999999999999998, 0.9999999999999998, 0.9999999999999998, 0.9999999999999998, 0.9999999999999998]","[1.0, 1.0, 1.0, 1.0, 1.0, 1.0, 1.0, 1.0, 1.0, 1.0, 1.0, 1.0, 1.0, 1.0, 1.0, 1.0, 1.0, 1.0, 1.0, 1.0, 1.0, 1.0, 1.0, 1.0, 1.0, 1.0, 1.0, 1.0, 1.0, 1.0]","[1.0, 1.0, 1.0, 1.0, 1.0, 1.0, 1.0, 1.0, 1.0, 1.0, 1.0, 1.0, 1.0, 1.0, 1.0, 1.0, 1.0, 1.0, 1.0, 1.0, 1.0, 1.0, 1.0, 1.0, 1.0, 1.0, 1.0, 1.0, 1.0, 1.0]"
california,ridge,1000,7,8,abc_shap,4.288123526340638e-16,3.56319846780541e-16,5.3601544079257973e-17,4.453998084756763e-17,3.065616808946179e-16,5.669410073143733e-16,6.676961167265461,1.0,0.0,1.0,1.0,0.9999999999999998,0.0,1.0,0.0,1.0,0.0,4.9352502602194153e-17,480.0,520.0,0.11542190333517889,0.002228343348024006,480.0,"[3.585288916838243e-16, 2.364313604422825e-16, 7.150645476994214e-16, 2.441233436445888e-16, 9.211235601493651e-17, 3.5809132002443465e-16, 2.2508187691609483e-16, 4.137855647563187e-16, 1.3333206540957265e-16, 2.9819085181669693e-16, 1.300109376077594e-16, 1.2516744307004563e-15, 6.606686566655535e-16, 8.170146890366585e-16, 3.803897021305709e-16, 7.921703474868554e-16, 2.0401231305464839e-16, 1.106164309869706e-15, 4.41162701300047e-16, 2.8648453658530976e-16, 4.645726196987799e-16, 4.0016959725191594e-16, 1.7136018086595478e-16, 3.4531041919290794e-16, 4.8697825450362717e-17, 2.242909918949232e-16, 3.0196614273157895e-16, 6.68710612671018e-17, 1.4449143241833172e-16, 1.5521455054043192e-15]","[1.0, 1.0, 1.0, 1.0, 1.0, 1.0, 1.0, 1.0, 1.0, 1.0, 1.0, 1.0, 1.0, 1.0, 1.0, 1.0, 1.0, 1.0, 1.0, 1.0, 1.0, 1.0, 1.0, 1.0, 1.0, 1.0, 1.0, 1.0, 1.0, 1.0]","[0.9999999999999998, 0.9999999999999998, 0.9999999999999998, 0.9999999999999998, 0.9999999999999998, 0.9999999999999998, 0.9999999999999998, 0.9999999999999998, 0.9999999999999998, 0.9999999999999998, 0.9999999999999998, 0.9999999999999998, 0.9999999999999998, 0.9999999999999998, 0.9999999999999998, 0.9999999999999998, 0.9999999999999998, 0.9999999999999998, 0.9999999999999998, 0.9999999999999998, 0.9999999999999998, 0.9999999999999998, 0.9999999999999998, 0.9999999999999998, 0.9999999999999998, 0.9999999999999998, 0.9999999999999998, 0.9999999999999998, 0.9999999999999998, 0.9999999999999998]","[1.0, 1.0, 1.0, 1.0, 1.0, 1.0, 1.0, 1.0, 1.0, 1.0, 1.0, 1.0, 1.0, 1.0, 1.0, 1.0, 1.0, 1.0, 1.0, 1.0, 1.0, 1.0, 1.0, 1.0, 1.0, 1.0, 1.0, 1.0, 1.0, 1.0]","[1.0, 1.0, 1.0, 1.0, 1.0, 1.0, 1.0, 1.0, 1.0, 1.0, 1.0, 1.0, 1.0, 1.0, 1.0, 1.0, 1.0, 1.0, 1.0, 1.0, 1.0, 1.0, 1.0, 1.0, 1.0, 1.0, 1.0, 1.0, 1.0, 1.0]"
california,ridge,1000,7,8,b1_uniform,5.015327838865405e-16,2.890850755717052e-16,6.269159798581756e-17,3.613563444646315e-17,4.068450355288643e-16,6.113114129897914e-16,7.809278117924623,1.0,0.0,1.0,1.0,0.9999999999999998,0.0,1.0,0.0,1.0,0.0,4.6014237633251995e-17,0.0,1000.0,0.08840333000116515,0.0015937649480910548,1000.0,"[2.885487426642212e-16, 3.080717829769553e-16, 6.686676484340695e-16, 4.3900653580773755e-16, 3.7253631274567595e-16, 4.0970494947951024e-16, 9.461805223746725e-16, 1.0610314409418166e-15, 3.022316580536793e-16, 8.974559735432734e-16, 7.285279643067297e-16, 4.3474254691816985e-16, 1.4713207893226898e-16, 3.407677000759203e-16, 1.3851545058665418e-15, 1.2333157231530283e-16, 4.0600324757389546e-16, 4.0887507223654215e-16, 2.1347556420753852e-16, 3.892370040783904e-16, 4.2544610043405445e-16, 6.959144215524785e-16, 4.885394117089211e-16, 3.115673441952872e-16, 2.0122458769951333e-16, 5.39251507655286e-16, 9.379099338394692e-16, 3.7827361999115576e-16, 4.917749184533228e-16, 3.053988475338104e-16]","[1.0, 1.0, 1.0, 1.0, 1.0, 1.0, 1.0, 1.0, 1.0, 1.0, 1.0, 1.0, 1.0, 1.0, 1.0, 1.0, 1.0, 1.0, 1.0, 1.0, 1.0, 1.0, 1.0, 1.0, 1.0, 1.0, 1.0, 1.0, 1.0, 1.0]","[0.9999999999999998, 0.9999999999999998, 0.9999999999999998, 0.9999999999999998, 0.9999999999999998, 0.9999999999999998, 0.9999999999999998, 0.9999999999999998, 0.9999999999999998, 0.9999999999999998, 0.9999999999999998, 0.9999999999999998, 0.9999999999999998, 0.9999999999999998, 0.9999999999999998, 0.9999999999999998, 0.9999999999999998, 0.9999999999999998, 0.9999999999999998, 0.9999999999999998, 0.9999999999999998, 0.9999999999999998, 0.9999999999999998, 0.9999999999999998, 0.9999999999999998, 0.9999999999999998, 0.9999999999999998, 0.9999999999999998, 0.9999999999999998, 0.9999999999999998]","[1.0, 1.0, 1.0, 1.0, 1.0, 1.0, 1.0, 1.0, 1.0, 1.0, 1.0, 1.0, 1.0, 1.0, 1.0, 1.0, 1.0, 1.0, 1.0, 1.0, 1.0, 1.0, 1.0, 1.0, 1.0, 1.0, 1.0, 1.0, 1.0, 1.0]","[1.0, 1.0, 1.0, 1.0, 1.0, 1.0, 1.0, 1.0, 1.0, 1.0, 1.0, 1.0, 1.0, 1.0, 1.0, 1.0, 1.0, 1.0, 1.0, 1.0, 1.0, 1.0, 1.0, 1.0, 1.0, 1.0, 1.0, 1.0, 1.0, 1.0]"
california,ridge,1000,7,8,b2_stratified,6.422268182962687e-17,3.6483641215165234e-17,8.02783522870336e-18,4.560455151895654e-18,5.167488350136043e-17,7.816642138550727e-17,1.0,1.0,0.0,1.0,1.0,0.9999999999999998,0.0,1.0,0.0,1.0,0.0,7.132446933941997e-18,0.0,1000.0,0.09008958667012242,0.0018523177794349988,1000.0,"[1.3829426435424837e-16, 5.5060949063297393e-17, 4.26848920555192e-17, 9.75280769241583e-17, 7.15016474522174e-17, 3.773309999329618e-17, 5.523188803907672e-17, 6.180663854426929e-17, 2.439197940659671e-17, 1.408957338642933e-17, 4.2956226524697996e-17, 9.716391556725467e-17, 8.911577245141931e-17, 1.6641112998493112e-16, 3.025235853792195e-17, 1.1627753673249266e-16, 4.7032514922291913e-17, 1.0687696196736636e-16, 4.68760879122678e-17, 3.8860490930907646e-17, 7.892168071044294e-18, 2.05290785434902e-17, 8.897697734238227e-17, 4.1893363366734e-17, 7.169601026462975e-17, 7.718849945187678e-17, 2.9415010841872756e-17, 4.978205224840355e-17, 7.68272726032573e-17, 8.233401740445543e-17]","[1.0, 1.0, 1.0, 1.0, 1.0, 1.0, 1.0, 1.0, 1.0, 1.0, 1.0, 1.0, 1.0, 1.0, 1.0, 1.0, 1.0, 1.0, 1.0, 1.0, 1.0, 1.0, 1.0, 1.0, 1.0, 1.0, 1.0, 1.0, 1.0, 1.0]","[0.9999999999999998, 0.9999999999999998, 0.9999999999999998, 0.9999999999999998, 0.9999999999999998, 0.9999999999999998, 0.9999999999999998, 0.9999999999999998, 0.9999999999999998, 0.9999999999999998, 0.9999999999999998, 0.9999999999999998, 0.9999999999999998, 0.9999999999999998, 0.9999999999999998, 0.9999999999999998, 0.9999999999999998, 0.9999999999999998, 0.9999999999999998, 0.9999999999999998, 0.9999999999999998, 0.9999999999999998, 0.9999999999999998, 0.9999999999999998, 0.9999999999999998, 0.9999999999999998, 0.9999999999999998, 0.9999999999999998, 0.9999999999999998, 0.9999999999999998]","[1.0, 1.0, 1.0, 1.0, 1.0, 1.0, 1.0, 1.0, 1.0, 1.0, 1.0, 1.0, 1.0, 1.0, 1.0, 1.0, 1.0, 1.0, 1.0, 1.0, 1.0, 1.0, 1.0, 1.0, 1.0, 1.0, 1.0, 1.0, 1.0, 1.0]","[1.0, 1.0, 1.0, 1.0, 1.0, 1.0, 1.0, 1.0, 1.0, 1.0, 1.0, 1.0, 1.0, 1.0, 1.0, 1.0, 1.0, 1.0, 1.0, 1.0, 1.0, 1.0, 1.0, 1.0, 1.0, 1.0, 1.0, 1.0, 1.0, 1.0]"
california,ridge,1000,7,8,b3_is,7.111994785380671e-17,3.697780277287645e-17,8.889993481725839e-18,4.622225346609556e-18,5.883873421155717e-17,8.454709741577327e-17,1.1073961072269958,1.0,0.0,1.0,1.0,0.9999999999999998,0.0,1.0,0.0,1.0,0.0,6.470513947968267e-18,0.0,1000.0,0.10959765999771966,0.001375510511770701,1000.0,"[2.888997061558393e-17, 2.0218491541544963e-17, 9.883053723680755e-17, 7.322565618682446e-17, 5.527979907021169e-17, 4.726055817368413e-17, 5.360914055086154e-17, 3.750121209138735e-17, 8.180332790393155e-17, 6.984134374347806e-17, 6.658019607239092e-17, 1.0258407072070438e-16, 4.203643432547404e-17, 7.711773201105875e-17, 5.4902314277332806e-17, 5.790471649087569e-17, 8.583197698319164e-17, 7.897796441053626e-17, 9.105968931797245e-17, 1.4112782583883962e-16, 3.2761114036776446e-17, 1.478781133709501e-16, 1.2512147598502764e-16, 1.1959929172683875e-16, 3.410376464883012e-17, 1.301684842146852e-16, 3.722467843801291e-17, 1.0524925175514994e-16, 2.956345616867644e-17, 7.345847706561625e-18]","[1.0, 1.0, 1.0, 1.0, 1.0, 1.0, 1.0, 1.0, 1.0, 1.0, 1.0, 1.0, 1.0, 1.0, 1.0, 1.0, 1.0, 1.0, 1.0, 1.0, 1.0, 1.0, 1.0, 1.0, 1.0, 1.0, 1.0, 1.0, 1.0, 1.0]","[0.9999999999999998, 0.9999999999999998, 0.9999999999999998, 0.9999999999999998, 0.9999999999999998, 0.9999999999999998, 0.9999999999999998, 0.9999999999999998, 0.9999999999999998, 0.9999999999999998, 0.9999999999999998, 0.9999999999999998, 0.9999999999999998, 0.9999999999999998, 0.9999999999999998, 0.9999999999999998, 0.9999999999999998, 0.9999999999999998, 0.9999999999999998, 0.9999999999999998, 0.9999999999999998, 0.9999999999999998, 0.9999999999999998, 0.9999999999999998, 0.9999999999999998, 0.9999999999999998, 0.9999999999999998, 0.9999999999999998, 0.9999999999999998, 0.9999999999999998]","[1.0, 1.0, 1.0, 1.0, 1.0, 1.0, 1.0, 1.0, 1.0, 1.0, 1.0, 1.0, 1.0, 1.0, 1.0, 1.0, 1.0, 1.0, 1.0, 1.0, 1.0, 1.0, 1.0, 1.0, 1.0, 1.0, 1.0, 1.0, 1.0, 1.0]","[1.0, 1.0, 1.0, 1.0, 1.0, 1.0, 1.0, 1.0, 1.0, 1.0, 1.0, 1.0, 1.0, 1.0, 1.0, 1.0, 1.0, 1.0, 1.0, 1.0, 1.0, 1.0, 1.0, 1.0, 1.0, 1.0, 1.0, 1.0, 1.0, 1.0]"
california,ridge,1000,7,8,b4_antithetic,5.80695192082301e-16,2.3657490767197106e-16,7.258689901028763e-17,2.957186345899638e-17,4.985245517323134e-16,6.715107997173071e-16,9.041901950198811,1.0,0.0,1.0,1.0,0.9999999999999998,0.0,1.0,0.0,1.0,0.0,6.30352784043986e-17,0.0,1000.0,0.08437298333155922,0.001512305588403938,1000.0,"[2.7677536409370175e-16, 7.630474296026294e-16, 4.486120701199312e-16, 9.581332181361558e-16, 3.0780545655263613e-16, 2.4121548185921896e-16, 4.639343278671904e-16, 7.929081021264681e-16, 7.609049476938852e-16, 3.818227007355186e-16, 1.9500574691863383e-16, 5.261646871784406e-16, 9.053870046617901e-16, 6.847498679960361e-16, 8.256815166165308e-16, 6.989013342113382e-16, 6.540737062114726e-16, 5.810596930410377e-16, 1.8368623088503244e-16, 6.511464925633092e-16, 8.672533846491864e-16, 2.2060486791564513e-16, 8.744577591729758e-16, 3.512492276792772e-16, 3.278336278509411e-16, 6.637747927096173e-16, 6.533624487175502e-16, 4.945626687504902e-16, 8.579367169586513e-16, 8.088048889937386e-16]","[1.0, 1.0, 1.0, 1.0, 1.0, 1.0, 1.0, 1.0, 1.0, 1.0, 1.0, 1.0, 1.0, 1.0, 1.0, 1.0, 1.0, 1.0, 1.0, 1.0, 1.0, 1.0, 1.0, 1.0, 1.0, 1.0, 1.0, 1.0, 1.0, 1.0]","[0.9999999999999998, 0.9999999999999998, 0.9999999999999998, 0.9999999999999998, 0.9999999999999998, 0.9999999999999998, 0.9999999999999998, 0.9999999999999998, 0.9999999999999998, 0.9999999999999998, 0.9999999999999998, 0.9999999999999998, 0.9999999999999998, 0.9999999999999998, 0.9999999999999998, 0.9999999999999998, 0.9999999999999998, 0.9999999999999998, 0.9999999999999998, 0.9999999999999998, 0.9999999999999998, 0.9999999999999998, 0.9999999999999998, 0.9999999999999998, 0.9999999999999998, 0.9999999999999998, 0.9999999999999998, 0.9999999999999998, 0.9999999999999998, 0.9999999999999998]","[1.0, 1.0, 1.0, 1.0, 1.0, 1.0, 1.0, 1.0, 1.0, 1.0, 1.0, 1.0, 1.0, 1.0, 1.0, 1.0, 1.0, 1.0, 1.0, 1.0, 1.0, 1.0, 1.0, 1.0, 1.0, 1.0, 1.0, 1.0, 1.0, 1.0]","[1.0, 1.0, 1.0, 1.0, 1.0, 1.0, 1.0, 1.0, 1.0, 1.0, 1.0, 1.0, 1.0, 1.0, 1.0, 1.0, 1.0, 1.0, 1.0, 1.0, 1.0, 1.0, 1.0, 1.0, 1.0, 1.0, 1.0, 1.0, 1.0, 1.0]"
california,ridge,1000,8,8,abc_shap,3.787126731400944e-14,5.824329130672513e-14,4.73390841425118e-15,7.280411413340641e-15,2.344313892022275e-14,6.137636238159348e-14,3.352291883627251,1.0,0.0,1.0,1.0,0.9999999999999998,0.0,1.0,0.0,1.0,0.0,4.3266753127134776e-15,480.0,520.0,0.11527382666439129,0.0022202455193394105,480.0,"[3.3837978436033486e-13, 4.4707246285783275e-14, 2.938611541040122e-14, 9.783445615829894e-14, 2.0287924449516675e-14, 1.700754606103436e-14, 8.85042867238327e-15, 3.5140719124598686e-14, 1.6923599496034003e-14, 3.6722339726943404e-14, 2.1306939167906082e-14, 1.8010934686759603e-14, 3.7972750839606395e-14, 1.3645793806557317e-14, 3.9698624962723677e-14, 2.8569360461866795e-14, 3.837086031600873e-14, 3.9917510609401305e-15, 2.1933116897365316e-14, 1.3142593660353066e-14, 2.9064188342028627e-14, 2.6448563582805278e-14, 1.436996091129918e-14, 3.7609412196442933e-14, 2.741089407801084e-14, 2.410268674642797e-14, 1.570359642872084e-14, 2.8331137716798952e-14, 3.997197241442663e-14, 1.1242721397906176e-14]","[1.0, 1.0, 1.0, 1.0, 1.0, 1.0, 1.0, 1.0, 1.0, 1.0, 1.0, 1.0, 1.0, 1.0, 1.0, 1.0, 1.0, 1.0, 1.0, 1.0, 1.0, 1.0, 1.0, 1.0, 1.0, 1.0, 1.0, 1.0, 1.0, 1.0]","[0.9999999999999998, 0.9999999999999998, 0.9999999999999998, 0.9999999999999998, 0.9999999999999998, 0.9999999999999998, 0.9999999999999998, 0.9999999999999998, 0.9999999999999998, 0.9999999999999998, 0.9999999999999998, 0.9999999999999998, 0.9999999999999998, 0.9999999999999998, 0.9999999999999998, 0.9999999999999998, 0.9999999999999998, 0.9999999999999998, 0.9999999999999998, 0.9999999999999998, 0.9999999999999998, 0.9999999999999998, 0.9999999999999998, 0.9999999999999998, 0.9999999999999998, 0.9999999999999998, 0.9999999999999998, 0.9999999999999998, 0.9999999999999998, 0.9999999999999998]","[1.0, 1.0, 1.0, 1.0, 1.0, 1.0, 1.0, 1.0, 1.0, 1.0, 1.0, 1.0, 1.0, 1.0, 1.0, 1.0, 1.0, 1.0, 1.0, 1.0, 1.0, 1.0, 1.0, 1.0, 1.0, 1.0, 1.0, 1.0, 1.0, 1.0]","[1.0, 1.0, 1.0, 1.0, 1.0, 1.0, 1.0, 1.0, 1.0, 1.0, 1.0, 1.0, 1.0, 1.0, 1.0, 1.0, 1.0, 1.0, 1.0, 1.0, 1.0, 1.0, 1.0, 1.0, 1.0, 1.0, 1.0, 1.0, 1.0, 1.0]"
california,ridge,1000,8,8,b1_uniform,5.420681413119913e-14,2.270531787211132e-14,6.7758517663998916e-15,2.838164734013915e-15,4.659664191386057e-14,6.281382325126291e-14,4.798283129598057,1.0,0.0,1.0,1.0,0.9999999999999998,0.0,1.0,0.0,1.0,0.0,5.777068433763684e-15,0.0,1000.0,0.08751857333506147,0.0013383253621582312,1000.0,"[4.8269417686466845e-14, 5.0958222728781015e-14, 3.594883607427266e-14, 3.310537407886002e-14, 1.1787310050449256e-13, 3.384258204530675e-14, 5.4723547752005814e-14, 2.4427190293280846e-14, 4.422471635100714e-14, 5.1134882434746865e-14, 6.081387332926552e-14, 1.1593013839697326e-14, 4.604561416190165e-14, 9.509107784859559e-14, 7.771573874060879e-14, 5.207506491291468e-14, 5.641067839925861e-14, 4.6920024818304355e-14, 7.059276978471434e-14, 3.8460138544176184e-14, 2.955896875036255e-14, 4.17315473290867e-14, 5.734245478554154e-14, 8.653802833224296e-14, 8.621803087974352e-14, 3.611378747694155e-14, 4.1947301629190385e-14, 6.200838281751428e-14, 4.821267355202836e-14, 8.63073840546643e-14]","[1.0, 1.0, 1.0, 1.0, 1.0, 1.0, 1.0, 1.0, 1.0, 1.0, 1.0, 1.0, 1.0, 1.0, 1.0, 1.0, 1.0, 1.0, 1.0, 1.0, 1.0, 1.0, 1.0, 1.0, 1.0, 1.0, 1.0, 1.0, 1.0, 1.0]","[0.9999999999999998, 0.9999999999999998, 0.9999999999999998, 0.9999999999999998, 0.9999999999999998, 0.9999999999999998, 0.9999999999999998, 0.9999999999999998, 0.9999999999999998, 0.9999999999999998, 0.9999999999999998, 0.9999999999999998, 0.9999999999999998, 0.9999999999999998, 0.9999999999999998, 0.9999999999999998, 0.9999999999999998, 0.9999999999999998, 0.9999999999999998, 0.9999999999999998, 0.9999999999999998, 0.9999999999999998, 0.9999999999999998, 0.9999999999999998, 0.9999999999999998, 0.9999999999999998, 0.9999999999999998, 0.9999999999999998, 0.9999999999999998, 0.9999999999999998]","[1.0, 1.0, 1.0, 1.0, 1.0, 1.0, 1.0, 1.0, 1.0, 1.0, 1.0, 1.0, 1.0, 1.0, 1.0, 1.0, 1.0, 1.0, 1.0, 1.0, 1.0, 1.0, 1.0, 1.0, 1.0, 1.0, 1.0, 1.0, 1.0, 1.0]","[1.0, 1.0, 1.0, 1.0, 1.0, 1.0, 1.0, 1.0, 1.0, 1.0, 1.0, 1.0, 1.0, 1.0, 1.0, 1.0, 1.0, 1.0, 1.0, 1.0, 1.0, 1.0, 1.0, 1.0, 1.0, 1.0, 1.0, 1.0, 1.0, 1.0]"
california,ridge,1000,8,8,b2_stratified,1.1297127048803376e-14,6.60872253258525e-15,1.412140881100422e-15,8.260903165731563e-16,8.889043077148171e-15,1.3545059440291984e-14,1.0,1.0,0.0,1.0,1.0,0.9999999999999998,0.0,1.0,0.0,1.0,0.0,1.1882707627303927e-15,0.0,1000.0,0.08952041999824965,0.001916079679802782,1000.0,"[2.1074414237081384e-14, 8.599956579030647e-15, 2.6435216113130355e-16, 9.430622653911077e-15, 1.6094964915731035e-14, 1.0231602409537367e-14, 1.945114466095643e-14, 1.4865539693914666e-14, 1.3494883695873375e-14, 5.294011850803764e-15, 1.0977927287790576e-14, 3.879172495657202e-15, 6.744611817281113e-15, 8.6062273322208e-15, 1.2909025719977378e-14, 1.685921165793948e-14, 1.1055042370026539e-14, 1.617753834714314e-14, 5.7274367300450815e-15, 8.554709829845823e-15, 8.027743162513611e-15, 3.872913806887554e-15, 2.1228501325690303e-14, 1.3427436211916197e-14, 1.5477124678300627e-14, 4.0499659455944735e-15, 3.061117463513419e-14, 3.8274296075390285e-15, 2.6862213296992234e-15, 1.5412904314927926e-14]","[1.0, 1.0, 1.0, 1.0, 1.0, 1.0, 1.0, 1.0, 1.0, 1.0, 1.0, 1.0, 1.0, 1.0, 1.0, 1.0, 1.0, 1.0, 1.0, 1.0, 1.0, 1.0, 1.0, 1.0, 1.0, 1.0, 1.0, 1.0, 1.0, 1.0]","[0.9999999999999998, 0.9999999999999998, 0.9999999999999998, 0.9999999999999998, 0.9999999999999998, 0.9999999999999998, 0.9999999999999998, 0.9999999999999998, 0.9999999999999998, 0.9999999999999998, 0.9999999999999998, 0.9999999999999998, 0.9999999999999998, 0.9999999999999998, 0.9999999999999998, 0.9999999999999998, 0.9999999999999998, 0.9999999999999998, 0.9999999999999998, 0.9999999999999998, 0.9999999999999998, 0.9999999999999998, 0.9999999999999998, 0.9999999999999998, 0.9999999999999998, 0.9999999999999998, 0.9999999999999998, 0.9999999999999998, 0.9999999999999998, 0.9999999999999998]","[1.0, 1.0, 1.0, 1.0, 1.0, 1.0, 1.0, 1.0, 1.0, 1.0, 1.0, 1.0, 1.0, 1.0, 1.0, 1.0, 1.0, 1.0, 1.0, 1.0, 1.0, 1.0, 1.0, 1.0, 1.0, 1.0, 1.0, 1.0, 1.0, 1.0]","[1.0, 1.0, 1.0, 1.0, 1.0, 1.0, 1.0, 1.0, 1.0, 1.0, 1.0, 1.0, 1.0, 1.0, 1.0, 1.0, 1.0, 1.0, 1.0, 1.0, 1.0, 1.0, 1.0, 1.0, 1.0, 1.0, 1.0, 1.0, 1.0, 1.0]"
california,ridge,1000,8,8,b3_is,8.007847017247473e-15,3.6713570996424814e-15,1.0009808771559342e-15,4.589196374553102e-16,6.797930677551275e-15,9.377005289011814e-15,0.7088392458236262,1.0,0.0,1.0,1.0,0.9999999999999998,0.0,1.0,0.0,1.0,0.0,6.365688470324796e-16,0.0,1000.0,0.11068510333425366,0.001963660876024965,1000.0,"[8.080280515244165e-15, 5.378231412802593e-15, 6.20163342590757e-15, 1.0197766243056396e-14, 1.0992592200583458e-14, 4.483560552627434e-15, 6.337861915899415e-15, 1.3998675575734522e-14, 7.319588842850889e-15, 9.19347544293032e-15, 6.657380849455782e-15, 2.1062870625308675e-14, 8.580564963382316e-15, 3.011242871771412e-15, 9.565794564179584e-15, 5.399406206307217e-15, 6.202719553248797e-15, 5.909609063013881e-15, 7.646526403666928e-15, 6.9994656968306804e-15, 5.986565802951775e-15, 2.2203073508037547e-15, 8.105547924412927e-15, 4.973114194138357e-15, 1.0589490496336168e-14, 5.930052453316852e-15, 1.1562850820419656e-14, 4.324786687290277e-15, 1.2443340855967493e-14, 1.0880107006984934e-14]","[1.0, 1.0, 1.0, 1.0, 1.0, 1.0, 1.0, 1.0, 1.0, 1.0, 1.0, 1.0, 1.0, 1.0, 1.0, 1.0, 1.0, 1.0, 1.0, 1.0, 1.0, 1.0, 1.0, 1.0, 1.0, 1.0, 1.0, 1.0, 1.0, 1.0]","[0.9999999999999998, 0.9999999999999998, 0.9999999999999998, 0.9999999999999998, 0.9999999999999998, 0.9999999999999998, 0.9999999999999998, 0.9999999999999998, 0.9999999999999998, 0.9999999999999998, 0.9999999999999998, 0.9999999999999998, 0.9999999999999998, 0.9999999999999998, 0.9999999999999998, 0.9999999999999998, 0.9999999999999998, 0.9999999999999998, 0.9999999999999998, 0.9999999999999998, 0.9999999999999998, 0.9999999999999998, 0.9999999999999998, 0.9999999999999998, 0.9999999999999998, 0.9999999999999998, 0.9999999999999998, 0.9999999999999998, 0.9999999999999998, 0.9999999999999998]","[1.0, 1.0, 1.0, 1.0, 1.0, 1.0, 1.0, 1.0, 1.0, 1.0, 1.0, 1.0, 1.0, 1.0, 1.0, 1.0, 1.0, 1.0, 1.0, 1.0, 1.0, 1.0, 1.0, 1.0, 1.0, 1.0, 1.0, 1.0, 1.0, 1.0]","[1.0, 1.0, 1.0, 1.0, 1.0, 1.0, 1.0, 1.0, 1.0, 1.0, 1.0, 1.0, 1.0, 1.0, 1.0, 1.0, 1.0, 1.0, 1.0, 1.0, 1.0, 1.0, 1.0, 1.0, 1.0, 1.0, 1.0, 1.0, 1.0, 1.0]"
california,ridge,1000,8,8,b4_antithetic,4.7289733675047554e-14,2.610888590377936e-14,5.911216709380944e-15,3.26361073797242e-15,3.931346086398578e-14,5.72746790132154e-14,4.185996445889011,1.0,0.0,1.0,1.0,0.9999999999999998,0.0,1.0,0.0,1.0,0.0,4.331257358033821e-15,0.0,1000.0,0.08446378999894175,0.00156816926163527,1000.0,"[5.741156657341765e-14, 3.5253636007965706e-14, 7.14573475042204e-14, 3.395886116350304e-14, 7.373621183011724e-14, 3.063653918210153e-14, 1.2058398649145425e-14, 1.6643852843560533e-14, 4.1094376220879627e-14, 3.9456348388855924e-14, 2.7117025801147832e-14, 4.2005858882931234e-14, 1.389536721034427e-13, 5.371499210008917e-14, 3.4997002787180366e-14, 3.7522481998590326e-14, 2.985895762114259e-14, 4.565609055419037e-14, 9.97352411229706e-14, 3.109251588161701e-14, 7.258692876722626e-14, 7.889839499071459e-14, 3.3589180752587416e-14, 6.006071781060499e-14, 2.1158688084270364e-14, 3.733413651429414e-14, 5.764618063168594e-14, 3.3892545500826815e-14, 2.1313033326537826e-14, 4.9851226655609156e-14]","[1.0, 1.0, 1.0, 1.0, 1.0, 1.0, 1.0, 1.0, 1.0, 1.0, 1.0, 1.0, 1.0, 1.0, 1.0, 1.0, 1.0, 1.0, 1.0, 1.0, 1.0, 1.0, 1.0, 1.0, 1.0, 1.0, 1.0, 1.0, 1.0, 1.0]","[0.9999999999999998, 0.9999999999999998, 0.9999999999999998, 0.9999999999999998, 0.9999999999999998, 0.9999999999999998, 0.9999999999999998, 0.9999999999999998, 0.9999999999999998, 0.9999999999999998, 0.9999999999999998, 0.9999999999999998, 0.9999999999999998, 0.9999999999999998, 0.9999999999999998, 0.9999999999999998, 0.9999999999999998, 0.9999999999999998, 0.9999999999999998, 0.9999999999999998, 0.9999999999999998, 0.9999999999999998, 0.9999999999999998, 0.9999999999999998, 0.9999999999999998, 0.9999999999999998, 0.9999999999999998, 0.9999999999999998, 0.9999999999999998, 0.9999999999999998]","[1.0, 1.0, 1.0, 1.0, 1.0, 1.0, 1.0, 1.0, 1.0, 1.0, 1.0, 1.0, 1.0, 1.0, 1.0, 1.0, 1.0, 1.0, 1.0, 1.0, 1.0, 1.0, 1.0, 1.0, 1.0, 1.0, 1.0, 1.0, 1.0, 1.0]","[1.0, 1.0, 1.0, 1.0, 1.0, 1.0, 1.0, 1.0, 1.0, 1.0, 1.0, 1.0, 1.0, 1.0, 1.0, 1.0, 1.0, 1.0, 1.0, 1.0, 1.0, 1.0, 1.0, 1.0, 1.0, 1.0, 1.0, 1.0, 1.0, 1.0]"
california,ridge,1000,9,8,abc_shap,2.441917654436415e-15,2.3176406334376253e-15,3.0523970680455187e-16,2.8970507917970316e-16,1.710528057838776e-15,3.3293665766191975e-15,3.4133915307430556,1.0,0.0,1.0,1.0,0.9999999999999998,0.0,1.0,0.0,1.0,0.0,2.7389755705607205e-16,480.0,520.0,0.11764659667193579,0.00928928496932195,480.0,"[8.75838731686758e-16, 2.9352337861649727e-15, 3.717194040427916e-15, 1.6127544654054215e-15, 2.2195860925398e-15, 2.319904286818893e-16, 1.091666141982637e-15, 1.4300055866126742e-15, 2.526407917476368e-15, 1.0850376896828416e-15, 2.2361385514768103e-15, 1.1438857128083962e-15, 7.844439522095546e-16, 2.749424206688951e-15, 2.3504902775988447e-15, 5.359127669850051e-15, 1.785626791990615e-15, 1.1420531310175241e-14, 2.5020905560514876e-15, 3.176790749572373e-15, 6.60864838419949e-16, 7.985268136384464e-16, 2.4163291053166998e-15, 9.765836075467123e-16, 8.60374231470385e-15, 2.0912854162134347e-15, 3.1071798304791085e-15, 1.1481900078038322e-15, 9.469192848308834e-16, 1.2736437550559397e-15]","[1.0, 1.0, 1.0, 1.0, 1.0, 1.0, 1.0, 1.0, 1.0, 1.0, 1.0, 1.0, 1.0, 1.0, 1.0, 1.0, 1.0, 1.0, 1.0, 1.0, 1.0, 1.0, 1.0, 1.0, 1.0, 1.0, 1.0, 1.0, 1.0, 1.0]","[0.9999999999999998, 0.9999999999999998, 0.9999999999999998, 0.9999999999999998, 0.9999999999999998, 0.9999999999999998, 0.9999999999999998, 0.9999999999999998, 0.9999999999999998, 0.9999999999999998, 0.9999999999999998, 0.9999999999999998, 0.9999999999999998, 0.9999999999999998, 0.9999999999999998, 0.9999999999999998, 0.9999999999999998, 0.9999999999999998, 0.9999999999999998, 0.9999999999999998, 0.9999999999999998, 0.9999999999999998, 0.9999999999999998, 0.9999999999999998, 0.9999999999999998, 0.9999999999999998, 0.9999999999999998, 0.9999999999999998, 0.9999999999999998, 0.9999999999999998]","[1.0, 1.0, 1.0, 1.0, 1.0, 1.0, 1.0, 1.0, 1.0, 1.0, 1.0, 1.0, 1.0, 1.0, 1.0, 1.0, 1.0, 1.0, 1.0, 1.0, 1.0, 1.0, 1.0, 1.0, 1.0, 1.0, 1.0, 1.0, 1.0, 1.0]","[1.0, 1.0, 1.0, 1.0, 1.0, 1.0, 1.0, 1.0, 1.0, 1.0, 1.0, 1.0, 1.0, 1.0, 1.0, 1.0, 1.0, 1.0, 1.0, 1.0, 1.0, 1.0, 1.0, 1.0, 1.0, 1.0, 1.0, 1.0, 1.0, 1.0]"
california,ridge,1000,9,8,b1_uniform,3.921499312157824e-15,2.0736595571801287e-15,4.90187414019728e-16,2.592074446475161e-16,3.2342019555536013e-15,4.650790614518038e-15,5.48159865899474,1.0,0.0,1.0,1.0,0.9999999999999998,0.0,1.0,0.0,1.0,0.0,4.2391079669519437e-16,0.0,1000.0,0.0924334533328268,0.008413039753823317,1000.0,"[1.6696356979943188e-15, 3.8069624959364775e-15, 7.48056087738909e-15, 4.17606555872078e-15, 2.124811608715316e-15, 5.9459585646451865e-15, 3.4111192230233605e-15, 4.151112037406748e-15, 1.6822123616449852e-15, 4.273605184871536e-15, 4.408516569914481e-15, 3.352754799532516e-15, 1.9360914149072367e-15, 2.972131631940314e-15, 4.2165712724154215e-15, 1.5349463494368118e-15, 8.36083718294494e-15, 1.2454558799212591e-15, 3.2773084705156207e-15, 3.2508153742603047e-15, 3.3112565262090468e-15, 3.977303872975273e-15, 7.154356790445834e-15, 1.6065523825804388e-15, 5.2199812223084246e-15, 3.1722869054328207e-15, 5.898636202002183e-15, 4.085279964899139e-15, 9.149210799683521e-15, 7.926421420612986e-16]","[1.0, 1.0, 1.0, 1.0, 1.0, 1.0, 1.0, 1.0, 1.0, 1.0, 1.0, 1.0, 1.0, 1.0, 1.0, 1.0, 1.0, 1.0, 1.0, 1.0, 1.0, 1.0, 1.0, 1.0, 1.0, 1.0, 1.0, 1.0, 1.0, 1.0]","[0.9999999999999998, 0.9999999999999998, 0.9999999999999998, 0.9999999999999998, 0.9999999999999998, 0.9999999999999998, 0.9999999999999998, 0.9999999999999998, 0.9999999999999998, 0.9999999999999998, 0.9999999999999998, 0.9999999999999998, 0.9999999999999998, 0.9999999999999998, 0.9999999999999998, 0.9999999999999998, 0.9999999999999998, 0.9999999999999998, 0.9999999999999998, 0.9999999999999998, 0.9999999999999998, 0.9999999999999998, 0.9999999999999998, 0.9999999999999998, 0.9999999999999998, 0.9999999999999998, 0.9999999999999998, 0.9999999999999998, 0.9999999999999998, 0.9999999999999998]","[1.0, 1.0, 1.0, 1.0, 1.0, 1.0, 1.0, 1.0, 1.0, 1.0, 1.0, 1.0, 1.0, 1.0, 1.0, 1.0, 1.0, 1.0, 1.0, 1.0, 1.0, 1.0, 1.0, 1.0, 1.0, 1.0, 1.0, 1.0, 1.0, 1.0]","[1.0, 1.0, 1.0, 1.0, 1.0, 1.0, 1.0, 1.0, 1.0, 1.0, 1.0, 1.0, 1.0, 1.0, 1.0, 1.0, 1.0, 1.0, 1.0, 1.0, 1.0, 1.0, 1.0, 1.0, 1.0, 1.0, 1.0, 1.0, 1.0, 1.0]"
california,ridge,1000,9,8,b2_stratified,7.153933653502791e-16,3.556229113520473e-16,8.942417066878488e-17,4.4452863919005914e-17,5.889473526332269e-16,8.341717061330373e-16,1.0,1.0,0.0,1.0,1.0,0.9999999999999998,0.0,1.0,0.0,1.0,0.0,7.57656252289734e-17,0.0,1000.0,0.09041870000073686,0.0028954654070654255,1000.0,"[3.211286753159726e-16, 4.023398801159633e-16, 3.1315186414584575e-16, 8.74309597559435e-16, 1.6230728611142763e-15, 1.4516470338410322e-15, 1.9989387348162123e-16, 5.187355584379186e-16, 1.1393908983451666e-15, 5.8111246990322e-16, 1.2049631395276928e-15, 9.287427322339834e-16, 8.008426470910267e-16, 4.3740425513389104e-16, 6.134213663181591e-16, 8.322435091985267e-16, 7.364892635050683e-16, 9.638891130762898e-16, 4.3683074403369288e-16, 9.616632445912617e-16, 7.951612039506367e-16, 8.359000564683495e-16, 4.3877113299412953e-16, 3.8957360091557325e-16, 3.7321898375274757e-16, 1.0059565828384258e-15, 5.008087227222998e-16, 1.0071993131783942e-15, 6.506871925188419e-16, 1.2325144419893321e-16]","[1.0, 1.0, 1.0, 1.0, 1.0, 1.0, 1.0, 1.0, 1.0, 1.0, 1.0, 1.0, 1.0, 1.0, 1.0, 1.0, 1.0, 1.0, 1.0, 1.0, 1.0, 1.0, 1.0, 1.0, 1.0, 1.0, 1.0, 1.0, 1.0, 1.0]","[0.9999999999999998, 0.9999999999999998, 0.9999999999999998, 0.9999999999999998, 0.9999999999999998, 0.9999999999999998, 0.9999999999999998, 0.9999999999999998, 0.9999999999999998, 0.9999999999999998, 0.9999999999999998, 0.9999999999999998, 0.9999999999999998, 0.9999999999999998, 0.9999999999999998, 0.9999999999999998, 0.9999999999999998, 0.9999999999999998, 0.9999999999999998, 0.9999999999999998, 0.9999999999999998, 0.9999999999999998, 0.9999999999999998, 0.9999999999999998, 0.9999999999999998, 0.9999999999999998, 0.9999999999999998, 0.9999999999999998, 0.9999999999999998, 0.9999999999999998]","[1.0, 1.0, 1.0, 1.0, 1.0, 1.0, 1.0, 1.0, 1.0, 1.0, 1.0, 1.0, 1.0, 1.0, 1.0, 1.0, 1.0, 1.0, 1.0, 1.0, 1.0, 1.0, 1.0, 1.0, 1.0, 1.0, 1.0, 1.0, 1.0, 1.0]","[1.0, 1.0, 1.0, 1.0, 1.0, 1.0, 1.0, 1.0, 1.0, 1.0, 1.0, 1.0, 1.0, 1.0, 1.0, 1.0, 1.0, 1.0, 1.0, 1.0, 1.0, 1.0, 1.0, 1.0, 1.0, 1.0, 1.0, 1.0, 1.0, 1.0]"
california,ridge,1000,9,8,b3_is,6.890675380824371e-16,2.5178162507010087e-16,8.613344226030464e-17,3.147270313376261e-17,6.036151416044436e-16,7.84581440260863e-16,0.9632009066019895,1.0,0.0,1.0,1.0,0.9999999999999998,0.0,1.0,0.0,1.0,0.0,5.162839481348539e-17,0.0,1000.0,0.11241518333360243,0.008649182220117619,1000.0,"[3.7733600517754297e-16, 1.0384660330719666e-15, 7.617652698631797e-16, 6.05877515033535e-16, 4.891623017012915e-16, 6.847398627989684e-16, 4.775839140427541e-16, 7.06742127632338e-16, 3.495740620647677e-16, 4.794167770060688e-16, 8.004744862176264e-16, 6.433915743855135e-16, 8.00921982957815e-16, 6.12083699784895e-16, 3.910404482563124e-16, 6.477670825186063e-16, 8.081947671418522e-16, 5.647163395058019e-16, 6.900779514126157e-16, 1.0682251638885694e-15, 1.0490284936905215e-15, 1.0020219158492268e-15, 4.3744667177959245e-16, 6.789987409308698e-16, 9.078410579893608e-16, 6.162139792124952e-16, 5.37012773635533e-16, 6.204474799816445e-16, 1.4859994355137589e-15, 3.3945822942809273e-16]","[1.0, 1.0, 1.0, 1.0, 1.0, 1.0, 1.0, 1.0, 1.0, 1.0, 1.0, 1.0, 1.0, 1.0, 1.0, 1.0, 1.0, 1.0, 1.0, 1.0, 1.0, 1.0, 1.0, 1.0, 1.0, 1.0, 1.0, 1.0, 1.0, 1.0]","[0.9999999999999998, 0.9999999999999998, 0.9999999999999998, 0.9999999999999998, 0.9999999999999998, 0.9999999999999998, 0.9999999999999998, 0.9999999999999998, 0.9999999999999998, 0.9999999999999998, 0.9999999999999998, 0.9999999999999998, 0.9999999999999998, 0.9999999999999998, 0.9999999999999998, 0.9999999999999998, 0.9999999999999998, 0.9999999999999998, 0.9999999999999998, 0.9999999999999998, 0.9999999999999998, 0.9999999999999998, 0.9999999999999998, 0.9999999999999998, 0.9999999999999998, 0.9999999999999998, 0.9999999999999998, 0.9999999999999998, 0.9999999999999998, 0.9999999999999998]","[1.0, 1.0, 1.0, 1.0, 1.0, 1.0, 1.0, 1.0, 1.0, 1.0, 1.0, 1.0, 1.0, 1.0, 1.0, 1.0, 1.0, 1.0, 1.0, 1.0, 1.0, 1.0, 1.0, 1.0, 1.0, 1.0, 1.0, 1.0, 1.0, 1.0]","[1.0, 1.0, 1.0, 1.0, 1.0, 1.0, 1.0, 1.0, 1.0, 1.0, 1.0, 1.0, 1.0, 1.0, 1.0, 1.0, 1.0, 1.0, 1.0, 1.0, 1.0, 1.0, 1.0, 1.0, 1.0, 1.0, 1.0, 1.0, 1.0, 1.0]"
california,ridge,1000,9,8,b4_antithetic,4.345996009666327e-15,2.3464044547309267e-15,5.432495012082908e-16,2.9330055684136583e-16,3.5195163174176815e-15,5.257536825403264e-15,6.074973881730634,1.0,0.0,1.0,1.0,0.9999999999999998,0.0,1.0,0.0,1.0,0.0,4.929647931445521e-16,0.0,1000.0,0.08743092333218859,0.012591498969675602,1000.0,"[8.378850316889485e-15, 6.354219228305717e-15, 1.5858144081090101e-15, 3.3160810816272996e-15, 2.8551477581122423e-15, 8.730862266084123e-15, 2.0817554148207733e-15, 1.5351019888985365e-15, 7.137634226892488e-15, 5.011881594079878e-15, 2.4160863883168142e-15, 3.564638885401316e-15, 5.675851482856026e-15, 1.3304170469790443e-15, 1.483338722455279e-15, 3.7991501253574946e-15, 3.733129593458607e-15, 2.636386843170749e-15, 8.901005528818095e-15, 7.766959927123289e-15, 2.804726452153671e-15, 2.994737264487742e-15, 1.426248810894407e-15, 6.6860341027462255e-15, 7.045655017543033e-15, 4.734695994413593e-15, 1.883228220419777e-15, 4.526241985537025e-15, 5.847463296444917e-15, 4.1365363175931434e-15]","[1.0, 1.0, 1.0, 1.0, 1.0, 1.0, 1.0, 1.0, 1.0, 1.0, 1.0, 1.0, 1.0, 1.0, 1.0, 1.0, 1.0, 1.0, 1.0, 1.0, 1.0, 1.0, 1.0, 1.0, 1.0, 1.0, 1.0, 1.0, 1.0, 1.0]","[0.9999999999999998, 0.9999999999999998, 0.9999999999999998, 0.9999999999999998, 0.9999999999999998, 0.9999999999999998, 0.9999999999999998, 0.9999999999999998, 0.9999999999999998, 0.9999999999999998, 0.9999999999999998, 0.9999999999999998, 0.9999999999999998, 0.9999999999999998, 0.9999999999999998, 0.9999999999999998, 0.9999999999999998, 0.9999999999999998, 0.9999999999999998, 0.9999999999999998, 0.9999999999999998, 0.9999999999999998, 0.9999999999999998, 0.9999999999999998, 0.9999999999999998, 0.9999999999999998, 0.9999999999999998, 0.9999999999999998, 0.9999999999999998, 0.9999999999999998]","[1.0, 1.0, 1.0, 1.0, 1.0, 1.0, 1.0, 1.0, 1.0, 1.0, 1.0, 1.0, 1.0, 1.0, 1.0, 1.0, 1.0, 1.0, 1.0, 1.0, 1.0, 1.0, 1.0, 1.0, 1.0, 1.0, 1.0, 1.0, 1.0, 1.0]","[1.0, 1.0, 1.0, 1.0, 1.0, 1.0, 1.0, 1.0, 1.0, 1.0, 1.0, 1.0, 1.0, 1.0, 1.0, 1.0, 1.0, 1.0, 1.0, 1.0, 1.0, 1.0, 1.0, 1.0, 1.0, 1.0, 1.0, 1.0, 1.0, 1.0]"
california,rf,1000,0,8,abc_shap,0.005278406430800569,0.0047503396562978235,0.0006598008038500711,0.0005937924570372279,0.003637745379837028,0.0070679604158454335,4.845307694016553,0.9603174603174601,0.03904245674999631,0.9452380952380951,0.9738095238095238,0.8976190476190473,0.08975274678557504,1.0,0.0,0.9266666666666666,0.09637888196533968,0.000629285978942414,480.0,520.0,10.170195250002628,0.5771390470165245,480.0,"[0.0007732423365470197, 0.00768376632895461, 0.0041287967368957065, 0.0022154630245709663, 0.005886004966143814, 0.00205941748794977, 0.0016503311549195057, 0.005966169163281873, 0.0034764764118267594, 0.009782964774865564, 0.0027842699110548334, 0.020280939593625865, 0.0012821963127327089, 0.006108973685420587, 0.011897806184226124, 0.0012696884205303516, 0.008397520970861964, 0.003376444209828932, 0.0008667947178036018, 0.006892817873852934, 0.009713391570454024, 0.007904438020746625, 0.01750380697098719, 0.0013407768538373495, 0.002596364560822701, 0.0023371203462459094, 0.0010719708390501581, 0.0006142509586043456, 0.004424552568673176, 0.004065435968702033]","[0.9761904761904763, 0.9047619047619048, 0.9047619047619048, 0.9761904761904763, 0.9761904761904763, 1.0, 1.0, 0.9761904761904763, 1.0, 0.9523809523809524, 0.9761904761904763, 0.9761904761904763, 1.0, 0.880952380952381, 0.9047619047619048, 0.9761904761904763, 0.9047619047619048, 0.9761904761904763, 0.9523809523809524, 0.880952380952381, 0.9523809523809524, 0.9761904761904763, 0.880952380952381, 0.9761904761904763, 1.0, 1.0, 0.9761904761904763, 1.0, 0.9761904761904763, 0.9761904761904763]","[0.9285714285714285, 0.7857142857142856, 0.7857142857142856, 0.9285714285714285, 0.9285714285714285, 0.9999999999999998, 0.9999999999999998, 0.9285714285714285, 0.9999999999999998, 0.8571428571428571, 0.9285714285714285, 0.9285714285714285, 0.9999999999999998, 0.7142857142857142, 0.7857142857142856, 0.9285714285714285, 0.7857142857142856, 0.9285714285714285, 0.8571428571428571, 0.7142857142857142, 0.8571428571428571, 0.9285714285714285, 0.7142857142857142, 0.9285714285714285, 0.9999999999999998, 0.9999999999999998, 0.9285714285714285, 0.9999999999999998, 0.9285714285714285, 0.9285714285714285]","[1.0, 1.0, 1.0, 1.0, 1.0, 1.0, 1.0, 1.0, 1.0, 1.0, 1.0, 1.0, 1.0, 1.0, 1.0, 1.0, 1.0, 1.0, 1.0, 1.0, 1.0, 1.0, 1.0, 1.0, 1.0, 1.0, 1.0, 1.0, 1.0, 1.0]","[1.0, 0.8, 0.8, 0.8, 1.0, 1.0, 1.0, 1.0, 1.0, 0.8, 1.0, 1.0, 1.0, 0.8, 0.8, 1.0, 0.8, 1.0, 0.8, 0.8, 0.8, 1.0, 0.8, 1.0, 1.0, 1.0, 1.0, 1.0, 1.0, 1.0]"
california,rf,1000,0,8,b1_uniform,0.0024249583918531264,0.0010789299492861687,0.0003031197989816408,0.0001348662436607711,0.002072672625024447,0.002816159815918665,2.225988034031306,0.9746031746031746,0.030075071938883178,0.9626984126984126,0.9849206349206349,0.9357142857142856,0.06986381310057713,1.0,0.0,0.9333333333333333,0.09428090415820632,0.00012940946608882195,0.0,1000.0,9.966873133332895,0.8583467812280589,1000.0,"[0.0021654047193618896, 0.0015901868505515755, 0.003135262916928602, 0.0015592951164840592, 0.0025558076781544005, 0.001608079279223416, 0.0038396511797501886, 0.0036168726668030222, 0.0030333417537953635, 0.002740719848477724, 0.0029121559696792913, 0.002870119386835565, 0.001833050780980201, 0.0010685137565745334, 0.0026559819473182026, 0.0022284900376133535, 0.0013050545535845607, 0.0013101469821897894, 0.0020346880598335897, 0.0012691095483022392, 0.001469484674394778, 0.0030152617348034832, 0.002611225943330954, 0.001074469008976799, 0.0028482660601917187, 0.0024474261303509904, 0.0014831358657375114, 0.00556216056426738, 0.005108605038745473, 0.0017967837023531287]","[0.9761904761904763, 0.9761904761904763, 0.9761904761904763, 0.9523809523809524, 1.0, 0.9523809523809524, 1.0, 1.0, 1.0, 0.9285714285714287, 0.9761904761904763, 1.0, 1.0, 1.0, 0.9761904761904763, 0.9047619047619048, 1.0, 1.0, 0.9761904761904763, 1.0, 0.9761904761904763, 1.0, 0.9523809523809524, 1.0, 0.9523809523809524, 0.9285714285714287, 1.0, 0.9285714285714287, 0.9047619047619048, 1.0]","[0.9285714285714285, 0.9285714285714285, 0.9285714285714285, 0.8571428571428571, 0.9999999999999998, 0.8571428571428571, 0.9999999999999998, 0.9999999999999998, 0.9999999999999998, 0.8571428571428571, 0.9285714285714285, 0.9999999999999998, 0.9999999999999998, 0.9999999999999998, 0.9285714285714285, 0.7857142857142856, 0.9999999999999998, 0.9999999999999998, 0.9285714285714285, 0.9999999999999998, 0.9285714285714285, 0.9999999999999998, 0.8571428571428571, 0.9999999999999998, 0.8571428571428571, 0.8571428571428571, 0.9999999999999998, 0.8571428571428571, 0.7857142857142856, 0.9999999999999998]","[1.0, 1.0, 1.0, 1.0, 1.0, 1.0, 1.0, 1.0, 1.0, 1.0, 1.0, 1.0, 1.0, 1.0, 1.0, 1.0, 1.0, 1.0, 1.0, 1.0, 1.0, 1.0, 1.0, 1.0, 1.0, 1.0, 1.0, 1.0, 1.0, 1.0]","[1.0, 1.0, 0.8, 0.8, 1.0, 0.8, 1.0, 1.0, 1.0, 0.8, 1.0, 1.0, 1.0, 1.0, 1.0, 0.8, 1.0, 1.0, 0.8, 1.0, 1.0, 1.0, 0.8, 1.0, 1.0, 0.8, 1.0, 0.8, 0.8, 1.0]"
california,rf,1000,0,8,b2_stratified,0.0010893851875122085,0.0006529209257255876,0.00013617314843902606,8.161511571569845e-05,0.0008492650941748885,0.0013390794791089252,1.0,0.9888888888888888,0.013374840909803705,0.984126984126984,0.9936507936507937,0.9666666666666665,0.04012452272941116,1.0,0.0,0.9866666666666667,0.04988876515698587,0.00011343033490703421,0.0,1000.0,9.97808451000213,0.38215361627692324,1000.0,"[0.001837533327831492, 0.000952639245889654, 0.0006976376069861164, 0.0001785810818103954, 0.0006470497507091324, 0.0002757259582217098, 0.0006495666977169008, 0.0020668335547213944, 0.0009497420323670466, 0.0004829766692068062, 0.001260990788074706, 0.0007937771590067027, 0.0007059286463624462, 0.0013335546593800382, 0.0021959797618335357, 0.0006375621462777238, 0.0002495463153167942, 0.0007635046652654528, 0.0003984378336375051, 0.0019366525514523023, 0.0004354141106642122, 0.00158543716897251, 0.001771242462643859, 0.0017112907407848743, 0.0019475291936481445, 0.0006611240217949588, 0.0002219819635326473, 0.001266252917106351, 0.0018557682597235496, 0.0022112943344272913]","[0.9523809523809524, 0.9761904761904763, 0.9761904761904763, 1.0, 0.9761904761904763, 1.0, 1.0, 1.0, 1.0, 0.9761904761904763, 0.9761904761904763, 0.9761904761904763, 0.9761904761904763, 1.0, 1.0, 0.9761904761904763, 1.0, 1.0, 0.9761904761904763, 1.0, 0.9761904761904763, 1.0, 1.0, 1.0, 1.0, 0.9761904761904763, 1.0, 1.0, 0.9761904761904763, 1.0]","[0.8571428571428571, 0.9285714285714285, 0.9285714285714285, 0.9999999999999998, 0.9285714285714285, 0.9999999999999998, 0.9999999999999998, 0.9999999999999998, 0.9999999999999998, 0.9285714285714285, 0.9285714285714285, 0.9285714285714285, 0.9285714285714285, 0.9999999999999998, 0.9999999999999998, 0.9285714285714285, 0.9999999999999998, 0.9999999999999998, 0.9285714285714285, 0.9999999999999998, 0.9285714285714285, 0.9999999999999998, 0.9999999999999998, 0.9999999999999998, 0.9999999999999998, 0.9285714285714285, 0.9999999999999998, 0.9999999999999998, 0.9285714285714285, 0.9999999999999998]","[1.0, 1.0, 1.0, 1.0, 1.0, 1.0, 1.0, 1.0, 1.0, 1.0, 1.0, 1.0, 1.0, 1.0, 1.0, 1.0, 1.0, 1.0, 1.0, 1.0, 1.0, 1.0, 1.0, 1.0, 1.0, 1.0, 1.0, 1.0, 1.0, 1.0]","[0.8, 1.0, 1.0, 1.0, 1.0, 1.0, 1.0, 1.0, 1.0, 1.0, 1.0, 1.0, 1.0, 1.0, 1.0, 1.0, 1.0, 1.0, 1.0, 1.0, 1.0, 1.0, 1.0, 1.0, 1.0, 1.0, 1.0, 1.0, 0.8, 1.0]"
california,rf,1000,0,8,b3_is,0.0013729294385596902,0.0008001750409434886,0.00017161617981996128,0.00010002188011793607,0.0010898125951953872,0.0016591872435931252,1.2602791503848167,0.9873015873015873,0.01187827741832993,0.9833333333333331,0.992063492063492,0.9619047619047617,0.03563483225498985,1.0,0.0,1.0,0.0,0.00010060531081466904,0.0,1000.0,10.050304746667583,0.2665884537517121,1000.0,"[0.0009427906562745577, 0.0016220197928148512, 0.0016649366420780536, 0.000802763302714248, 0.001218798988495009, 0.0007104194713248045, 0.00020981201793924439, 0.0014008630556597904, 0.0014637325308992028, 0.0007056829529958302, 0.001550795340327065, 0.0016577751352456849, 0.0008948577581258327, 0.0012569742806085615, 0.0010374383383334488, 0.0004481823285194463, 0.002386161100172915, 0.0009492867279101865, 0.0022985475154656816, 0.001852347990734769, 0.002675554281874566, 0.0009099043699842611, 0.0003519909008108034, 0.0010439539782693046, 0.002543803551799017, 0.0008744711568997054, 0.0039464063194685406, 0.0021321432499860726, 0.0011085706612442609, 0.0005268987598149872]","[1.0, 0.9761904761904763, 0.9761904761904763, 1.0, 0.9761904761904763, 0.9761904761904763, 1.0, 0.9761904761904763, 1.0, 1.0, 0.9761904761904763, 1.0, 0.9761904761904763, 0.9761904761904763, 0.9761904761904763, 1.0, 0.9761904761904763, 0.9761904761904763, 1.0, 0.9761904761904763, 1.0, 0.9761904761904763, 0.9761904761904763, 0.9761904761904763, 1.0, 1.0, 1.0, 0.9761904761904763, 1.0, 1.0]","[0.9999999999999998, 0.9285714285714285, 0.9285714285714285, 0.9999999999999998, 0.9285714285714285, 0.9285714285714285, 0.9999999999999998, 0.9285714285714285, 0.9999999999999998, 0.9999999999999998, 0.9285714285714285, 0.9999999999999998, 0.9285714285714285, 0.9285714285714285, 0.9285714285714285, 0.9999999999999998, 0.9285714285714285, 0.9285714285714285, 0.9999999999999998, 0.9285714285714285, 0.9999999999999998, 0.9285714285714285, 0.9285714285714285, 0.9285714285714285, 0.9999999999999998, 0.9999999999999998, 0.9999999999999998, 0.9285714285714285, 0.9999999999999998, 0.9999999999999998]","[1.0, 1.0, 1.0, 1.0, 1.0, 1.0, 1.0, 1.0, 1.0, 1.0, 1.0, 1.0, 1.0, 1.0, 1.0, 1.0, 1.0, 1.0, 1.0, 1.0, 1.0, 1.0, 1.0, 1.0, 1.0, 1.0, 1.0, 1.0, 1.0, 1.0]","[1.0, 1.0, 1.0, 1.0, 1.0, 1.0, 1.0, 1.0, 1.0, 1.0, 1.0, 1.0, 1.0, 1.0, 1.0, 1.0, 1.0, 1.0, 1.0, 1.0, 1.0, 1.0, 1.0, 1.0, 1.0, 1.0, 1.0, 1.0, 1.0, 1.0]"
california,rf,1000,0,8,b4_antithetic,0.0014599973542201035,0.0004154327620733203,0.00018249966927751294,5.1929095259165035e-05,0.0013189155131998005,0.0016188077460659123,1.3402030530213553,0.9769841269841273,0.015653240415330155,0.9714285714285714,0.9825396825396825,0.9309523809523808,0.04695972124599047,1.0,0.0,0.92,0.09797958971132711,2.4669109022832087e-05,0.0,1000.0,9.842353166665028,0.28732716061612124,1000.0,"[0.001143584367595618, 0.001864012355339841, 0.0009854955313635132, 0.0017778989853615155, 0.001317083998303071, 0.0014337666216909116, 0.0009698944546868022, 0.0006771434175008443, 0.0022678415721505605, 0.0016339631885895357, 0.0011072725630398284, 0.0016631259669661173, 0.001287969097505441, 0.0017088553204435979, 0.0013365148057967787, 0.0016942641572130703, 0.0014212449748091235, 0.0017997935468261072, 0.0006245446552020244, 0.0012541612265444654, 0.0017780166408170894, 0.001617033769488694, 0.0019522859165880706, 0.0024729181628069803, 0.001215530028496607, 0.0015108424837156761, 0.0008853494505183173, 0.0016654581851791575, 0.0013616832066817184, 0.0013723719753820358]","[0.9761904761904763, 1.0, 1.0, 0.9523809523809524, 0.9761904761904763, 0.9761904761904763, 1.0, 0.9523809523809524, 0.9523809523809524, 0.9761904761904763, 0.9761904761904763, 0.9761904761904763, 1.0, 0.9523809523809524, 0.9761904761904763, 0.9761904761904763, 0.9761904761904763, 0.9761904761904763, 0.9761904761904763, 0.9761904761904763, 0.9761904761904763, 0.9761904761904763, 1.0, 1.0, 0.9761904761904763, 0.9523809523809524, 0.9761904761904763, 0.9523809523809524, 1.0, 0.9761904761904763]","[0.9285714285714285, 0.9999999999999998, 0.9999999999999998, 0.8571428571428571, 0.9285714285714285, 0.9285714285714285, 0.9999999999999998, 0.8571428571428571, 0.8571428571428571, 0.9285714285714285, 0.9285714285714285, 0.9285714285714285, 0.9999999999999998, 0.8571428571428571, 0.9285714285714285, 0.9285714285714285, 0.9285714285714285, 0.9285714285714285, 0.9285714285714285, 0.9285714285714285, 0.9285714285714285, 0.9285714285714285, 0.9999999999999998, 0.9999999999999998, 0.9285714285714285, 0.8571428571428571, 0.9285714285714285, 0.8571428571428571, 0.9999999999999998, 0.9285714285714285]","[1.0, 1.0, 1.0, 1.0, 1.0, 1.0, 1.0, 1.0, 1.0, 1.0, 1.0, 1.0, 1.0, 1.0, 1.0, 1.0, 1.0, 1.0, 1.0, 1.0, 1.0, 1.0, 1.0, 1.0, 1.0, 1.0, 1.0, 1.0, 1.0, 1.0]","[1.0, 1.0, 1.0, 0.8, 0.8, 0.8, 1.0, 0.8, 0.8, 0.8, 1.0, 1.0, 1.0, 0.8, 1.0, 1.0, 1.0, 1.0, 1.0, 0.8, 1.0, 0.8, 1.0, 1.0, 1.0, 0.8, 0.8, 0.8, 1.0, 1.0]"
california,rf,1000,1,8,abc_shap,0.0018967438987514264,0.0017103433464928462,0.0002370929873439283,0.00021379291831160577,0.0013593764526172777,0.002566669446437995,7.648749125399023,0.9722222222222222,0.03371848537499679,0.9587301587301588,0.9825595238095239,0.9333333333333332,0.06884205854667116,0.9666666666666667,0.1,1.0,0.0,0.00023481730312544945,480.0,520.0,9.990312266669935,0.6764652901007541,480.0,"[0.0009103492076149146, 0.0020397981864556875, 0.0009077855467534179, 0.002271922277714418, 0.0003977231191976655, 0.008272729729118774, 0.00036213494282245467, 0.0003526827568718028, 0.003497065426943438, 0.001282203809622258, 0.0016194936728807353, 0.0003711298374715108, 0.0009970573349514008, 0.002081339821648731, 0.0057460786097519225, 0.0026296238650604835, 0.0027025337413531325, 0.0019817697744233674, 0.002118997652044274, 0.0014665021440453197, 0.0012886895688565016, 0.0003543896416830044, 0.0007996447013761342, 0.003078071128355529, 0.0002836265583472793, 0.0034782077450233764, 0.0018278485015645644, 0.002873937163406215, 0.0004112992593323508, 0.0004976812378521336]","[0.9761904761904763, 0.9523809523809524, 1.0, 0.9761904761904763, 1.0, 0.9285714285714287, 1.0, 1.0, 0.8571428571428572, 1.0, 0.9523809523809524, 1.0, 1.0, 0.9523809523809524, 0.9285714285714287, 0.9285714285714287, 1.0, 0.9523809523809524, 0.9285714285714287, 0.9761904761904763, 1.0, 1.0, 1.0, 0.9761904761904763, 1.0, 0.9523809523809524, 0.9761904761904763, 0.9523809523809524, 1.0, 1.0]","[0.9285714285714285, 0.8571428571428571, 0.9999999999999998, 0.9285714285714285, 0.9999999999999998, 0.8571428571428571, 0.9999999999999998, 0.9999999999999998, 0.7857142857142856, 0.9999999999999998, 0.8571428571428571, 0.9999999999999998, 0.9999999999999998, 0.8571428571428571, 0.8571428571428571, 0.8571428571428571, 0.9999999999999998, 0.8571428571428571, 0.8571428571428571, 0.9285714285714285, 0.9999999999999998, 0.9999999999999998, 0.9999999999999998, 0.9285714285714285, 0.9999999999999998, 0.8571428571428571, 0.9285714285714285, 0.8571428571428571, 0.9999999999999998, 0.9999999999999998]","[1.0, 1.0, 1.0, 1.0, 1.0, 1.0, 1.0, 1.0, 0.6666666666666666, 1.0, 1.0, 1.0, 1.0, 1.0, 1.0, 0.6666666666666666, 1.0, 1.0, 0.6666666666666666, 1.0, 1.0, 1.0, 1.0, 1.0, 1.0, 1.0, 1.0, 1.0, 1.0, 1.0]","[1.0, 1.0, 1.0, 1.0, 1.0, 1.0, 1.0, 1.0, 1.0, 1.0, 1.0, 1.0, 1.0, 1.0, 1.0, 1.0, 1.0, 1.0, 1.0, 1.0, 1.0, 1.0, 1.0, 1.0, 1.0, 1.0, 1.0, 1.0, 1.0, 1.0]"
california,rf,1000,1,8,b1_uniform,0.0016628012278589405,0.0005375292749787298,0.00020785015348236756,6.719115937234123e-05,0.0014929182977085845,0.0018479871384796747,6.705359350659109,0.9230158730158728,0.02795859516477547,0.9134920634920635,0.9333333333333332,0.8309523809523809,0.06249716546860327,0.7000000000000001,0.1,1.0,0.0,2.5797652044810266e-05,0.0,1000.0,9.70619354999896,0.1528265777120437,1000.0,"[0.0015537506191087495, 0.0017228316529440501, 0.0016215206498642694, 0.0020821899279247586, 0.001687007214784403, 0.0020886313979111937, 0.0012046931983547868, 0.001493769565477836, 0.0013674279372483222, 0.0014821391190436633, 0.0010976086253452247, 0.0018166265829593624, 0.002447341790704486, 0.0006673463078235065, 0.0018425278466858016, 0.0012886077422725553, 0.002120170401774624, 0.0020400304576929356, 0.002003446038147019, 0.0022739343618140575, 0.002065470780682594, 0.0028904634524005, 0.001128378005506483, 0.0012233265285364898, 0.001235388761157972, 0.0022868812621773425, 0.0006859270733142819, 0.0008495326121943197, 0.002353313494836018, 0.0012637534270806092]","[0.9047619047619048, 0.9047619047619048, 0.9285714285714287, 0.9285714285714287, 0.9285714285714287, 0.9047619047619048, 0.9285714285714287, 0.9047619047619048, 0.9047619047619048, 0.9047619047619048, 0.9761904761904763, 0.9047619047619048, 0.9047619047619048, 1.0, 0.9047619047619048, 0.9285714285714287, 0.9285714285714287, 0.9047619047619048, 0.9047619047619048, 0.9047619047619048, 0.9047619047619048, 0.9047619047619048, 0.9285714285714287, 0.9047619047619048, 0.9285714285714287, 0.9047619047619048, 1.0, 0.9761904761904763, 0.9047619047619048, 0.9285714285714287]","[0.7857142857142856, 0.7857142857142856, 0.8571428571428571, 0.8571428571428571, 0.8571428571428571, 0.7857142857142856, 0.8571428571428571, 0.7857142857142856, 0.7857142857142856, 0.7857142857142856, 0.9285714285714285, 0.7857142857142856, 0.7857142857142856, 0.9999999999999998, 0.7857142857142856, 0.8571428571428571, 0.8571428571428571, 0.7857142857142856, 0.7857142857142856, 0.7857142857142856, 0.7857142857142856, 0.7857142857142856, 0.8571428571428571, 0.7857142857142856, 0.8571428571428571, 0.7857142857142856, 0.9999999999999998, 0.9285714285714285, 0.7857142857142856, 0.8571428571428571]","[0.6666666666666666, 0.6666666666666666, 0.6666666666666666, 0.6666666666666666, 0.6666666666666666, 0.6666666666666666, 0.6666666666666666, 0.6666666666666666, 0.6666666666666666, 0.6666666666666666, 0.6666666666666666, 0.6666666666666666, 0.6666666666666666, 1.0, 0.6666666666666666, 0.6666666666666666, 0.6666666666666666, 0.6666666666666666, 0.6666666666666666, 0.6666666666666666, 0.6666666666666666, 0.6666666666666666, 0.6666666666666666, 0.6666666666666666, 0.6666666666666666, 0.6666666666666666, 1.0, 1.0, 0.6666666666666666, 0.6666666666666666]","[1.0, 1.0, 1.0, 1.0, 1.0, 1.0, 1.0, 1.0, 1.0, 1.0, 1.0, 1.0, 1.0, 1.0, 1.0, 1.0, 1.0, 1.0, 1.0, 1.0, 1.0, 1.0, 1.0, 1.0, 1.0, 1.0, 1.0, 1.0, 1.0, 1.0]"
california,rf,1000,1,8,b2_stratified,0.0002479809270319709,0.00019833937850326832,3.099761587899636e-05,2.479242231290854e-05,0.00018152315446239652,0.00032338784420060115,1.0,0.9952380952380953,0.009523809523809492,0.992063492063492,0.9984126984126984,0.9857142857142855,0.02857142857142852,1.0,0.0,1.0,0.0,2.688567354220392e-05,0.0,1000.0,9.870595836665597,0.15305547590465127,1000.0,"[0.0004523188433562032, 0.0002666538107120219, 9.090237071678845e-05, 0.00026965799276020344, 0.0009433089490591077, 0.0004972149727260973, 0.0003679433861465951, 6.491394834851951e-05, 0.00045520960123637263, 7.706359161865064e-05, 0.00011842725587321049, 0.0003114235967989918, 0.00039598802283755667, 0.00021459340086682054, 4.055843551559142e-05, 3.0743898899374715e-05, 0.0006044248277795374, 0.00038706898088464235, 4.0862849863168076e-05, 0.00012764231290561515, 6.756478055108112e-05, 0.00015496912158732823, 0.00020453500767056098, 0.00017128788352558665, 0.00016636617670064366, 0.0001949470519209519, 0.00019248571217823622, 0.0001786510871299111, 4.8001998086504764e-05, 0.0003036979427032538]","[1.0, 0.9761904761904763, 1.0, 1.0, 0.9761904761904763, 0.9761904761904763, 0.9761904761904763, 1.0, 0.9761904761904763, 1.0, 1.0, 1.0, 1.0, 1.0, 1.0, 1.0, 1.0, 1.0, 1.0, 1.0, 1.0, 1.0, 1.0, 0.9761904761904763, 1.0, 1.0, 1.0, 1.0, 1.0, 1.0]","[0.9999999999999998, 0.9285714285714285, 0.9999999999999998, 0.9999999999999998, 0.9285714285714285, 0.9285714285714285, 0.9285714285714285, 0.9999999999999998, 0.9285714285714285, 0.9999999999999998, 0.9999999999999998, 0.9999999999999998, 0.9999999999999998, 0.9999999999999998, 0.9999999999999998, 0.9999999999999998, 0.9999999999999998, 0.9999999999999998, 0.9999999999999998, 0.9999999999999998, 0.9999999999999998, 0.9999999999999998, 0.9999999999999998, 0.9285714285714285, 0.9999999999999998, 0.9999999999999998, 0.9999999999999998, 0.9999999999999998, 0.9999999999999998, 0.9999999999999998]","[1.0, 1.0, 1.0, 1.0, 1.0, 1.0, 1.0, 1.0, 1.0, 1.0, 1.0, 1.0, 1.0, 1.0, 1.0, 1.0, 1.0, 1.0, 1.0, 1.0, 1.0, 1.0, 1.0, 1.0, 1.0, 1.0, 1.0, 1.0, 1.0, 1.0]","[1.0, 1.0, 1.0, 1.0, 1.0, 1.0, 1.0, 1.0, 1.0, 1.0, 1.0, 1.0, 1.0, 1.0, 1.0, 1.0, 1.0, 1.0, 1.0, 1.0, 1.0, 1.0, 1.0, 1.0, 1.0, 1.0, 1.0, 1.0, 1.0, 1.0]"
california,rf,1000,1,8,b3_is,0.0003278574437754174,0.00021667755544187137,4.098218047192717e-05,2.708469443023392e-05,0.00025429921868447736,0.0004042727251364766,1.322107501167412,0.9896825396825396,0.014655702629062971,0.984126984126984,0.9944444444444446,0.9690476190476188,0.043967107887188946,1.0,0.0,1.0,0.0,2.584046259107558e-05,0.0,1000.0,9.945325786662094,0.14103622067961089,1000.0,"[0.00023917226357864367, 0.00043271634090372466, 0.00024611819208616195, 6.757774423056043e-05, 0.0003548427579831124, 0.0005567069558649324, 0.0008476491858544133, 0.00014101406135744372, 0.00010707594377319036, 0.0004869480420200106, 0.0005566984215058357, 0.0001982943549612091, 2.745741394719915e-05, 0.0005820107291940517, 0.0003384515477872109, 0.00031436530746909314, 6.010252993446178e-05, 0.00020119107641363785, 0.0002089216353235602, 0.00022725840379192336, 0.000888060584768881, 0.00016211393638539487, 0.0004065986140727403, 0.0004384255885765516, 0.0006174376845029132, 0.00034049952387123114, 0.0001161135942326593, 0.00014745538421589394, 0.0001702544207803665, 0.00035419107387551444]","[1.0, 0.9761904761904763, 1.0, 1.0, 0.9761904761904763, 0.9761904761904763, 1.0, 1.0, 1.0, 1.0, 0.9761904761904763, 1.0, 1.0, 0.9761904761904763, 0.9523809523809524, 1.0, 1.0, 1.0, 0.9761904761904763, 1.0, 1.0, 1.0, 0.9761904761904763, 0.9761904761904763, 0.9523809523809524, 0.9761904761904763, 1.0, 1.0, 1.0, 1.0]","[0.9999999999999998, 0.9285714285714285, 0.9999999999999998, 0.9999999999999998, 0.9285714285714285, 0.9285714285714285, 0.9999999999999998, 0.9999999999999998, 0.9999999999999998, 0.9999999999999998, 0.9285714285714285, 0.9999999999999998, 0.9999999999999998, 0.9285714285714285, 0.8571428571428571, 0.9999999999999998, 0.9999999999999998, 0.9999999999999998, 0.9285714285714285, 0.9999999999999998, 0.9999999999999998, 0.9999999999999998, 0.9285714285714285, 0.9285714285714285, 0.8571428571428571, 0.9285714285714285, 0.9999999999999998, 0.9999999999999998, 0.9999999999999998, 0.9999999999999998]","[1.0, 1.0, 1.0, 1.0, 1.0, 1.0, 1.0, 1.0, 1.0, 1.0, 1.0, 1.0, 1.0, 1.0, 1.0, 1.0, 1.0, 1.0, 1.0, 1.0, 1.0, 1.0, 1.0, 1.0, 1.0, 1.0, 1.0, 1.0, 1.0, 1.0]","[1.0, 1.0, 1.0, 1.0, 1.0, 1.0, 1.0, 1.0, 1.0, 1.0, 1.0, 1.0, 1.0, 1.0, 1.0, 1.0, 1.0, 1.0, 1.0, 1.0, 1.0, 1.0, 1.0, 1.0, 1.0, 1.0, 1.0, 1.0, 1.0, 1.0]"
california,rf,1000,1,8,b4_antithetic,0.001380067074754498,0.0002652190112804566,0.00017250838434431225,3.315237641005708e-05,0.0012815942393734428,0.0014734924264162745,5.565214596429721,0.9246031746031745,0.03139688959500396,0.9142658730158729,0.9365079365079365,0.8309523809523807,0.06772125073013281,0.7222222222222224,0.12422599874998833,1.0,0.0,1.2925428717330907e-05,0.0,1000.0,9.791843746665593,0.602897182816415,1000.0,"[0.0008898963129113771, 0.0014223700209526494, 0.0012234266119871514, 0.0014336829578271957, 0.0014366199359775343, 0.0017587134649170594, 0.0014209753638741037, 0.0014239979585788495, 0.0010029053049875173, 0.0013026788849821017, 0.001518211698714963, 0.001388362754034637, 0.001084046513114629, 0.0016459970794552817, 0.001196989746110318, 0.0017980276281629461, 0.0008591045710183049, 0.001464682601484482, 0.001523062681006566, 0.000980427015246493, 0.0015396524290263347, 0.001504791256266274, 0.000961249339413202, 0.0011669707230128217, 0.0017535285084664704, 0.0015418455041344803, 0.0013199983003803117, 0.0014618274792547621, 0.0018751038192316202, 0.001502865778104508]","[0.9761904761904763, 0.9047619047619048, 0.9761904761904763, 0.9285714285714287, 0.9047619047619048, 0.9047619047619048, 0.9047619047619048, 0.9047619047619048, 1.0, 0.9285714285714287, 0.9285714285714287, 0.9047619047619048, 0.9285714285714287, 0.9047619047619048, 0.9047619047619048, 0.9047619047619048, 0.9761904761904763, 0.9047619047619048, 0.9047619047619048, 0.9047619047619048, 0.9047619047619048, 0.9047619047619048, 0.9761904761904763, 0.9047619047619048, 0.9047619047619048, 0.9047619047619048, 0.9047619047619048, 1.0, 0.9047619047619048, 0.9285714285714287]","[0.9285714285714285, 0.7857142857142856, 0.9285714285714285, 0.8571428571428571, 0.7857142857142856, 0.7857142857142856, 0.7857142857142856, 0.7857142857142856, 0.9999999999999998, 0.8571428571428571, 0.8571428571428571, 0.7857142857142856, 0.8571428571428571, 0.7857142857142856, 0.7857142857142856, 0.7857142857142856, 0.9285714285714285, 0.7857142857142856, 0.7857142857142856, 0.7857142857142856, 0.7857142857142856, 0.7857142857142856, 0.9285714285714285, 0.7857142857142856, 0.7857142857142856, 0.7857142857142856, 0.7857142857142856, 0.9999999999999998, 0.7857142857142856, 0.8571428571428571]","[1.0, 0.6666666666666666, 1.0, 0.6666666666666666, 0.6666666666666666, 0.6666666666666666, 0.6666666666666666, 0.6666666666666666, 1.0, 0.6666666666666666, 0.6666666666666666, 0.6666666666666666, 0.6666666666666666, 0.6666666666666666, 0.6666666666666666, 0.6666666666666666, 1.0, 0.6666666666666666, 0.6666666666666666, 0.6666666666666666, 0.6666666666666666, 0.6666666666666666, 0.6666666666666666, 0.6666666666666666, 0.6666666666666666, 0.6666666666666666, 0.6666666666666666, 1.0, 0.6666666666666666, 0.6666666666666666]","[1.0, 1.0, 1.0, 1.0, 1.0, 1.0, 1.0, 1.0, 1.0, 1.0, 1.0, 1.0, 1.0, 1.0, 1.0, 1.0, 1.0, 1.0, 1.0, 1.0, 1.0, 1.0, 1.0, 1.0, 1.0, 1.0, 1.0, 1.0, 1.0, 1.0]"
california,rf,1000,2,8,abc_shap,0.031808295517881134,0.0374524182259334,0.003976036939735142,0.004681552278241675,0.019275118925329796,0.04548370139990751,10.705852503645751,0.8833333333333335,0.10293317295817751,0.8460317460317464,0.923015873015873,0.7809523809523807,0.1638538146103357,1.0,0.0,0.8400000000000001,0.10832051206181278,0.0037838873792137157,480.0,520.0,9.772150356666922,0.40377084878123654,480.0,"[0.0014443294620495371, 0.038946571172838215, 0.06071437053960928, 0.03831211028790686, 0.07321933215388267, 0.005795013622820987, 0.0018442633793115369, 0.016439580927271855, 0.1342854012795815, 0.014343527121710706, 0.011822592962859835, 0.025318380692618103, 0.0017064236718546746, 0.0022507487401410716, 0.0023974895749102553, 0.0027503816881055535, 0.05535130099463097, 0.06384081808768727, 0.0007608727364918802, 0.13355821732682033, 0.058719361627096685, 0.016674045602711296, 0.031088956096094328, 0.0007116177101707147, 0.0019882373550340437, 0.001261486703374029, 0.0957303087669655, 0.04506111618530296, 0.012141146244362178, 0.005770862822219164]","[0.9761904761904763, 0.7619047619047621, 0.7619047619047621, 0.9523809523809524, 0.9047619047619048, 0.9523809523809524, 0.9523809523809524, 0.9761904761904763, 0.7619047619047621, 0.9761904761904763, 0.9047619047619048, 0.880952380952381, 1.0, 0.9761904761904763, 1.0, 0.9761904761904763, 0.7619047619047621, 0.7142857142857144, 0.9761904761904763, 0.6904761904761906, 0.7857142857142858, 0.8095238095238096, 0.7619047619047621, 0.9761904761904763, 1.0, 0.9761904761904763, 0.8095238095238096, 0.7619047619047621, 0.7857142857142858, 0.9761904761904763]","[0.9285714285714285, 0.5714285714285714, 0.5714285714285714, 0.8571428571428571, 0.7857142857142856, 0.8571428571428571, 0.8571428571428571, 0.9285714285714285, 0.5714285714285714, 0.9285714285714285, 0.7857142857142856, 0.7857142857142856, 0.9999999999999998, 0.9285714285714285, 0.9999999999999998, 0.9285714285714285, 0.5714285714285714, 0.5714285714285714, 0.9285714285714285, 0.4999999999999999, 0.6428571428571428, 0.6428571428571428, 0.5714285714285714, 0.9285714285714285, 0.9999999999999998, 0.9285714285714285, 0.7142857142857142, 0.5714285714285714, 0.6428571428571428, 0.9285714285714285]","[1.0, 1.0, 1.0, 1.0, 1.0, 1.0, 1.0, 1.0, 1.0, 1.0, 1.0, 1.0, 1.0, 1.0, 1.0, 1.0, 1.0, 1.0, 1.0, 1.0, 1.0, 1.0, 1.0, 1.0, 1.0, 1.0, 1.0, 1.0, 1.0, 1.0]","[0.8, 0.8, 0.8, 1.0, 1.0, 0.8, 0.8, 0.8, 0.8, 0.8, 0.8, 0.8, 1.0, 0.8, 1.0, 0.8, 0.8, 0.6, 1.0, 0.8, 0.6, 0.8, 0.8, 1.0, 1.0, 0.8, 0.8, 0.8, 0.8, 1.0]"
california,rf,1000,2,8,b1_uniform,0.011959818843833474,0.00897889601707347,0.0014949773554791843,0.0011223620021341837,0.009072592460839649,0.015209531563437701,4.02536679277348,0.8928571428571428,0.06321865736834166,0.8698214285714286,0.915079365079365,0.7928571428571429,0.09467093024795736,1.0,0.0,0.8133333333333336,0.04988876515698586,0.00043577443844871846,0.0,1000.0,9.523618700003135,0.3837237514962073,1000.0,"[0.007338268225777573, 0.007733434694941197, 0.01280787257327573, 0.00820681063066987, 0.004633911830840023, 0.019335176349233343, 0.00830056857254598, 0.001923158872004256, 0.002508428914553275, 0.002277103950370557, 0.006782815078504431, 0.004339587702617676, 0.011146673272184795, 0.007693311547709378, 0.005636031982131027, 0.00931156262339254, 0.00528017180720317, 0.01008696672665219, 0.014810115074404249, 0.020360643800233665, 0.0076334859822899705, 0.01783449873148371, 0.031215373114753704, 0.0201353720738137, 0.01603659189306121, 0.014854239919217528, 0.024357743724084106, 0.0029977033347882375, 0.04246282949777277, 0.01075411281449437]","[0.9761904761904763, 0.8571428571428572, 0.9761904761904763, 0.8333333333333335, 0.8571428571428572, 0.8333333333333335, 0.9761904761904763, 0.9761904761904763, 0.9285714285714287, 0.9285714285714287, 0.9523809523809524, 0.880952380952381, 0.8333333333333335, 0.880952380952381, 0.880952380952381, 0.8333333333333335, 0.9523809523809524, 0.7857142857142858, 0.9285714285714287, 0.8571428571428572, 0.9285714285714287, 0.9523809523809524, 0.9047619047619048, 0.9523809523809524, 0.9285714285714287, 0.9523809523809524, 0.7619047619047621, 0.880952380952381, 0.7619047619047621, 0.8333333333333335]","[0.9285714285714285, 0.7857142857142856, 0.9285714285714285, 0.7142857142857142, 0.7857142857142856, 0.7142857142857142, 0.9285714285714285, 0.9285714285714285, 0.8571428571428571, 0.8571428571428571, 0.8571428571428571, 0.7857142857142856, 0.7142857142857142, 0.7857142857142856, 0.7857142857142856, 0.7142857142857142, 0.8571428571428571, 0.6428571428571428, 0.8571428571428571, 0.7142857142857142, 0.8571428571428571, 0.8571428571428571, 0.7857142857142856, 0.8571428571428571, 0.7857142857142856, 0.8571428571428571, 0.5714285714285714, 0.7857142857142856, 0.5714285714285714, 0.7142857142857142]","[1.0, 1.0, 1.0, 1.0, 1.0, 1.0, 1.0, 1.0, 1.0, 1.0, 1.0, 1.0, 1.0, 1.0, 1.0, 1.0, 1.0, 1.0, 1.0, 1.0, 1.0, 1.0, 1.0, 1.0, 1.0, 1.0, 1.0, 1.0, 1.0, 1.0]","[0.8, 0.8, 0.8, 0.8, 0.8, 0.8, 0.8, 0.8, 0.8, 0.8, 0.8, 0.8, 0.8, 0.8, 0.8, 0.8, 0.8, 0.8, 0.8, 0.8, 0.8, 0.8, 1.0, 1.0, 0.8, 0.8, 0.8, 0.8, 0.8, 0.8]"
california,rf,1000,2,8,b2_stratified,0.002971112810217514,0.003187603438502359,0.00037138910127718924,0.0003984504298127949,0.0018938599466315868,0.004232836139834752,1.0,0.9809523809523808,0.02075666163590793,0.9738095238095237,0.9880952380952382,0.9476190476190474,0.0519462481649319,1.0,0.0,0.9266666666666666,0.09637888196533971,0.00034787832032647843,0.0,1000.0,9.665811883333179,0.2539276071904796,1000.0,"[0.0017513858158798178, 0.0011866238050427704, 0.0013811212583948024, 0.000540700526053199, 0.0010498143120787552, 0.003212451324385777, 0.0016633311734799217, 0.014329906737612027, 0.001990170808908037, 0.004521431388439046, 0.009264095447513684, 0.0007515514046616884, 0.0017782172484993451, 0.0012479707715519373, 0.00253327737174706, 0.0035993487018163278, 0.0051615087538738206, 0.0009642693503615731, 0.001242457305054474, 0.0010054259865990454, 0.0026955982117125247, 0.0008529555646207187, 0.0014236276841864176, 0.003404463058586388, 0.005890211122610136, 0.0004120824979524416, 0.0013239422527351417, 0.010680845782848846, 0.001021123498106139, 0.0022534751412135495]","[1.0, 0.9761904761904763, 0.9761904761904763, 1.0, 1.0, 1.0, 1.0, 0.9523809523809524, 0.9761904761904763, 0.9285714285714287, 0.9761904761904763, 0.9523809523809524, 0.9523809523809524, 1.0, 1.0, 1.0, 0.9761904761904763, 1.0, 1.0, 1.0, 0.9761904761904763, 0.9761904761904763, 1.0, 0.9761904761904763, 0.9761904761904763, 1.0, 0.9761904761904763, 0.9285714285714287, 0.9761904761904763, 0.9761904761904763]","[0.9999999999999998, 0.9285714285714285, 0.9285714285714285, 0.9999999999999998, 0.9999999999999998, 0.9999999999999998, 0.9999999999999998, 0.8571428571428571, 0.9285714285714285, 0.8571428571428571, 0.9285714285714285, 0.8571428571428571, 0.8571428571428571, 0.9999999999999998, 0.9999999999999998, 0.9999999999999998, 0.9285714285714285, 0.9999999999999998, 0.9999999999999998, 0.9999999999999998, 0.9285714285714285, 0.9285714285714285, 0.9999999999999998, 0.9285714285714285, 0.9285714285714285, 0.9999999999999998, 0.9285714285714285, 0.8571428571428571, 0.9285714285714285, 0.9285714285714285]","[1.0, 1.0, 1.0, 1.0, 1.0, 1.0, 1.0, 1.0, 1.0, 1.0, 1.0, 1.0, 1.0, 1.0, 1.0, 1.0, 1.0, 1.0, 1.0, 1.0, 1.0, 1.0, 1.0, 1.0, 1.0, 1.0, 1.0, 1.0, 1.0, 1.0]","[1.0, 0.8, 0.8, 1.0, 1.0, 1.0, 1.0, 1.0, 0.8, 0.8, 1.0, 0.8, 0.8, 1.0, 1.0, 1.0, 0.8, 1.0, 1.0, 1.0, 0.8, 0.8, 1.0, 0.8, 1.0, 1.0, 1.0, 0.8, 1.0, 1.0]"
california,rf,1000,2,8,b3_is,0.003136113668284079,0.002864238393776409,0.00039201420853550987,0.0003580297992220511,0.002220041702838129,0.004226232801917561,1.0555350364008849,0.9880952380952379,0.011904761904761862,0.9833333333333331,0.992063492063492,0.964285714285714,0.03571428571428564,1.0,0.0,0.9866666666666667,0.04988876515698587,0.0003684126630296807,0.0,1000.0,9.861622799996985,0.39872318965677217,1000.0,"[0.0024285921210994233, 0.0029693578627811787, 0.0006045153316890339, 0.0014670406098673749, 0.0009089375395728014, 0.0005919802591546394, 0.002039861621790462, 0.006044214148556568, 0.0006749709968838579, 0.010406556691831005, 0.0011919261269195355, 0.010758522589421166, 0.0070294515177482635, 0.00100545523820944, 0.002512669529951539, 0.0007239258185668361, 0.003622887986417666, 0.0014637895242120467, 0.0021361902974169453, 0.0042409436805758306, 0.008122684804779113, 0.001986319301388938, 0.001630962470924208, 0.0027825868379475695, 0.0006695223070521991, 0.0006894357979846306, 0.0019028127551983022, 0.0012730214427036524, 0.006335279455174738, 0.005868995382703408]","[0.9761904761904763, 1.0, 1.0, 1.0, 0.9761904761904763, 1.0, 1.0, 0.9761904761904763, 1.0, 0.9761904761904763, 1.0, 0.9761904761904763, 0.9761904761904763, 0.9761904761904763, 0.9761904761904763, 1.0, 0.9761904761904763, 1.0, 1.0, 0.9761904761904763, 0.9761904761904763, 1.0, 0.9761904761904763, 1.0, 0.9761904761904763, 1.0, 1.0, 1.0, 0.9761904761904763, 0.9761904761904763]","[0.9285714285714285, 0.9999999999999998, 0.9999999999999998, 0.9999999999999998, 0.9285714285714285, 0.9999999999999998, 0.9999999999999998, 0.9285714285714285, 0.9999999999999998, 0.9285714285714285, 0.9999999999999998, 0.9285714285714285, 0.9285714285714285, 0.9285714285714285, 0.9285714285714285, 0.9999999999999998, 0.9285714285714285, 0.9999999999999998, 0.9999999999999998, 0.9285714285714285, 0.9285714285714285, 0.9999999999999998, 0.9285714285714285, 0.9999999999999998, 0.9285714285714285, 0.9999999999999998, 0.9999999999999998, 0.9999999999999998, 0.9285714285714285, 0.9285714285714285]","[1.0, 1.0, 1.0, 1.0, 1.0, 1.0, 1.0, 1.0, 1.0, 1.0, 1.0, 1.0, 1.0, 1.0, 1.0, 1.0, 1.0, 1.0, 1.0, 1.0, 1.0, 1.0, 1.0, 1.0, 1.0, 1.0, 1.0, 1.0, 1.0, 1.0]","[0.8, 1.0, 1.0, 1.0, 0.8, 1.0, 1.0, 1.0, 1.0, 1.0, 1.0, 1.0, 1.0, 1.0, 1.0, 1.0, 1.0, 1.0, 1.0, 1.0, 1.0, 1.0, 1.0, 1.0, 1.0, 1.0, 1.0, 1.0, 1.0, 1.0]"
california,rf,1000,2,8,b4_antithetic,0.007911709918445763,0.0020016664652838384,0.0009889637398057204,0.0002502083081604798,0.007208637149609808,0.008681247092464192,2.66287765689602,0.8769841269841269,0.042183118304502554,0.8618849206349205,0.8928571428571428,0.7809523809523807,0.05194624816493198,1.0,0.0,0.8000000000000003,2.220446049250313e-16,4.477858107730508e-05,0.0,1000.0,9.56603603666299,0.3235816259329951,1000.0,"[0.008843871806799903, 0.006457194609257912, 0.008117232812762684, 0.007921549097156722, 0.00726809754929387, 0.0061583577138600515, 0.006402028509807486, 0.007299822498890794, 0.006872862822167539, 0.013022962613428071, 0.004960708609868273, 0.00912002865037037, 0.008746081145723426, 0.007433904693777812, 0.008650445095266645, 0.007884165218165519, 0.004263876995195827, 0.006946391351806265, 0.012920750721637293, 0.007596200890042213, 0.004976194632526965, 0.0062536645993350815, 0.009763474013505668, 0.010351095950379596, 0.009834313908259763, 0.0069919755302968725, 0.006232582258695336, 0.0073672249053056875, 0.009689197596140888, 0.009005040753648393]","[0.8333333333333335, 0.8333333333333335, 0.880952380952381, 0.8571428571428572, 0.9523809523809524, 0.8333333333333335, 0.8571428571428572, 0.8333333333333335, 0.8571428571428572, 0.9523809523809524, 0.9285714285714287, 0.9523809523809524, 0.8333333333333335, 0.8333333333333335, 0.8333333333333335, 0.880952380952381, 0.880952380952381, 0.8333333333333335, 0.9523809523809524, 0.8571428571428572, 0.880952380952381, 0.8571428571428572, 0.880952380952381, 0.8333333333333335, 0.9285714285714287, 0.8571428571428572, 0.880952380952381, 0.880952380952381, 0.880952380952381, 0.9523809523809524]","[0.7142857142857142, 0.7142857142857142, 0.7857142857142856, 0.7857142857142856, 0.8571428571428571, 0.7142857142857142, 0.7857142857142856, 0.7142857142857142, 0.7857142857142856, 0.8571428571428571, 0.8571428571428571, 0.8571428571428571, 0.7142857142857142, 0.7142857142857142, 0.7142857142857142, 0.7857142857142856, 0.7857142857142856, 0.7142857142857142, 0.8571428571428571, 0.7857142857142856, 0.7857142857142856, 0.7857142857142856, 0.7857142857142856, 0.7142857142857142, 0.8571428571428571, 0.7857142857142856, 0.7857142857142856, 0.7857142857142856, 0.7857142857142856, 0.8571428571428571]","[1.0, 1.0, 1.0, 1.0, 1.0, 1.0, 1.0, 1.0, 1.0, 1.0, 1.0, 1.0, 1.0, 1.0, 1.0, 1.0, 1.0, 1.0, 1.0, 1.0, 1.0, 1.0, 1.0, 1.0, 1.0, 1.0, 1.0, 1.0, 1.0, 1.0]","[0.8, 0.8, 0.8, 0.8, 0.8, 0.8, 0.8, 0.8, 0.8, 0.8, 0.8, 0.8, 0.8, 0.8, 0.8, 0.8, 0.8, 0.8, 0.8, 0.8, 0.8, 0.8, 0.8, 0.8, 0.8, 0.8, 0.8, 0.8, 0.8, 0.8]"
california,rf,1000,3,8,abc_shap,0.010168385498793696,0.008314303748813413,0.001271048187349212,0.0010392879686016766,0.007187677500020629,0.013201546385553719,10.068688930110355,0.7626984126984128,0.16986537434646426,0.7047222222222222,0.8222420634920636,0.6738095238095239,0.17562651053247644,0.7666666666666669,0.15275252316519464,0.8533333333333334,0.08844332774281065,0.0010035775682885088,480.0,520.0,10.05301276333048,0.32465606520378043,480.0,"[0.0003268295214215541, 0.009452098631298067, 0.024976546406356003, 0.01797739356959676, 0.0011779694020897797, 0.02858447761946462, 0.010092082174170803, 0.022201315040595443, 0.007635028919996586, 0.0024119545317389593, 0.0009788663544187638, 0.007044714054161323, 0.0020038454442243433, 0.01085923099268603, 0.0025578073089717623, 0.0041612713042417145, 0.02078106336185522, 0.019130506622470348, 0.011727602995606129, 0.01243036274756602, 0.0019549894195573106, 0.0018478288138264315, 0.008497930708170901, 0.002849835188030057, 0.001821181205294455, 0.0032630447328357514, 0.019321214016784473, 0.02225883599432205, 0.018273621424428454, 0.008452116457630762]","[1.0, 0.5714285714285715, 0.5952380952380953, 0.5952380952380953, 0.9047619047619048, 0.5952380952380953, 0.5952380952380953, 0.6428571428571429, 0.5714285714285715, 0.9523809523809524, 0.9047619047619048, 0.8333333333333335, 0.9523809523809524, 0.9285714285714287, 0.9761904761904763, 0.9761904761904763, 0.5952380952380953, 0.9047619047619048, 0.5714285714285715, 0.7142857142857144, 0.9047619047619048, 0.9285714285714287, 0.523809523809524, 0.9047619047619048, 0.9761904761904763, 0.8571428571428572, 0.6428571428571429, 0.5952380952380953, 0.5714285714285715, 0.5952380952380953]","[0.9999999999999998, 0.4999999999999999, 0.4999999999999999, 0.4999999999999999, 0.7857142857142856, 0.4999999999999999, 0.4999999999999999, 0.5714285714285714, 0.4999999999999999, 0.8571428571428571, 0.7857142857142856, 0.7142857142857142, 0.8571428571428571, 0.8571428571428571, 0.9285714285714285, 0.9285714285714285, 0.4999999999999999, 0.7857142857142856, 0.4999999999999999, 0.5714285714285714, 0.7857142857142856, 0.8571428571428571, 0.42857142857142855, 0.7857142857142856, 0.9285714285714285, 0.7142857142857142, 0.5714285714285714, 0.4999999999999999, 0.4999999999999999, 0.4999999999999999]","[1.0, 0.6666666666666666, 0.6666666666666666, 0.6666666666666666, 1.0, 0.6666666666666666, 0.6666666666666666, 0.6666666666666666, 0.6666666666666666, 0.6666666666666666, 0.6666666666666666, 1.0, 0.6666666666666666, 1.0, 1.0, 0.6666666666666666, 0.6666666666666666, 1.0, 0.6666666666666666, 1.0, 1.0, 1.0, 0.6666666666666666, 0.6666666666666666, 0.6666666666666666, 0.6666666666666666, 0.6666666666666666, 0.6666666666666666, 0.6666666666666666, 0.6666666666666666]","[1.0, 0.8, 0.8, 0.8, 0.8, 0.8, 0.8, 0.8, 0.8, 1.0, 1.0, 0.8, 1.0, 0.8, 0.8, 1.0, 0.8, 0.8, 0.8, 0.8, 0.8, 0.8, 0.8, 1.0, 1.0, 1.0, 0.8, 0.8, 0.8, 0.8]"
california,rf,1000,3,8,b1_uniform,0.004108009756039145,0.0015590709443874951,0.0005135012195048931,0.0001948838680484369,0.0035277119231577063,0.004657577390526305,4.06773251863077,0.8349206349206351,0.07272197580289078,0.8095039682539684,0.8619047619047621,0.7190476190476189,0.08234103078947895,0.6666666666666669,2.220446049250313e-16,0.8266666666666668,0.06798692684790378,0.00010356948794215127,0.0,1000.0,9.797673280000648,0.08164903684345771,1000.0,"[0.006420340842500048, 0.002232523512693271, 0.003343977302285719, 0.003887177500561574, 0.005649924319905924, 0.002230104924409633, 0.00588974408108823, 0.005144069228386873, 0.006780615927637874, 0.0013436821770535384, 0.004219294008748144, 0.005524008699541757, 0.003529625666494236, 0.0034140261667039377, 0.0027435797835865102, 0.003305847417496881, 0.004141300427032719, 0.0009548899440334093, 0.0077572626218174465, 0.0038664508943823126, 0.003754123924585877, 0.004903226589899555, 0.005158671600859477, 0.003445937723695656, 0.0036500451194423104, 0.002790506145708973, 0.005384878535393173, 0.002613537247758237, 0.005378849477630675, 0.003782070869840371]","[0.7619047619047621, 0.9047619047619048, 0.7619047619047621, 0.9047619047619048, 0.7380952380952381, 0.8095238095238096, 0.8095238095238096, 0.7619047619047621, 0.7142857142857144, 0.8571428571428572, 0.8571428571428572, 0.7619047619047621, 0.9047619047619048, 0.8095238095238096, 0.9047619047619048, 0.9047619047619048, 0.9047619047619048, 0.9761904761904763, 0.7142857142857144, 0.9047619047619048, 0.9047619047619048, 0.8095238095238096, 0.7619047619047621, 0.7619047619047621, 0.9523809523809524, 0.9047619047619048, 0.7619047619047621, 0.8571428571428572, 0.8095238095238096, 0.8571428571428572]","[0.6428571428571428, 0.7857142857142856, 0.6428571428571428, 0.7857142857142856, 0.6428571428571428, 0.7142857142857142, 0.7142857142857142, 0.6428571428571428, 0.5714285714285714, 0.7857142857142856, 0.7142857142857142, 0.6428571428571428, 0.7857142857142856, 0.7142857142857142, 0.7857142857142856, 0.7857142857142856, 0.7857142857142856, 0.9285714285714285, 0.5714285714285714, 0.7857142857142856, 0.7857142857142856, 0.7142857142857142, 0.6428571428571428, 0.6428571428571428, 0.8571428571428571, 0.7857142857142856, 0.6428571428571428, 0.7142857142857142, 0.6428571428571428, 0.7142857142857142]","[0.6666666666666666, 0.6666666666666666, 0.6666666666666666, 0.6666666666666666, 0.6666666666666666, 0.6666666666666666, 0.6666666666666666, 0.6666666666666666, 0.6666666666666666, 0.6666666666666666, 0.6666666666666666, 0.6666666666666666, 0.6666666666666666, 0.6666666666666666, 0.6666666666666666, 0.6666666666666666, 0.6666666666666666, 0.6666666666666666, 0.6666666666666666, 0.6666666666666666, 0.6666666666666666, 0.6666666666666666, 0.6666666666666666, 0.6666666666666666, 0.6666666666666666, 0.6666666666666666, 0.6666666666666666, 0.6666666666666666, 0.6666666666666666, 0.6666666666666666]","[0.8, 0.8, 0.8, 0.8, 0.8, 0.8, 0.8, 0.8, 0.8, 0.8, 1.0, 0.8, 0.8, 0.8, 0.8, 0.8, 1.0, 1.0, 0.8, 0.8, 0.8, 0.8, 0.8, 0.8, 0.8, 0.8, 0.8, 1.0, 0.8, 0.8]"
california,rf,1000,3,8,b2_stratified,0.0010099016435382365,0.001241129218647848,0.00012623770544227956,0.000155141152330981,0.0006135640752532277,0.0014675323721909618,1.0,0.9690476190476189,0.039435740472396306,0.9547619047619046,0.9817460317460316,0.926190476190476,0.06516158182573335,0.9333333333333333,0.13333333333333336,0.9466666666666668,0.08844332774281063,0.00010674595889225273,0.0,1000.0,9.91596853333079,0.09226654754792635,1000.0,"[0.00014962569334741062, 0.0019154393419119134, 0.005303175236347032, 0.0006745559737959672, 0.0012922047324369636, 0.0006824809604474049, 0.0018885117479433245, 0.00040751766451161553, 0.0015876415558215655, 0.00044447506813087193, 0.00016436126792905798, 0.0002522198870662326, 0.0015551251087202258, 0.00023612173869429562, 0.0017564535235771186, 0.0008573762486820342, 0.00024323066133942996, 0.0006145358569225951, 0.0004963059958821897, 0.0003032583291550822, 0.001099053854029418, 0.0003463263969944122, 0.0004434793419936482, 0.00047290795337946706, 0.00044647889213457405, 0.0001589235352296985, 0.005094780247254414, 0.0008205931504416229, 0.0003837613987892945, 0.00020612794323821663]","[1.0, 0.9761904761904763, 0.8571428571428572, 1.0, 0.9761904761904763, 0.9523809523809524, 0.880952380952381, 0.9761904761904763, 0.9761904761904763, 0.9761904761904763, 0.9761904761904763, 0.9761904761904763, 0.9761904761904763, 0.9761904761904763, 0.9761904761904763, 0.9761904761904763, 0.9761904761904763, 1.0, 1.0, 0.9761904761904763, 0.9761904761904763, 0.9761904761904763, 1.0, 0.9761904761904763, 0.9761904761904763, 1.0, 0.8333333333333335, 0.9761904761904763, 0.9761904761904763, 1.0]","[0.9999999999999998, 0.9285714285714285, 0.7857142857142856, 0.9999999999999998, 0.9285714285714285, 0.8571428571428571, 0.7857142857142856, 0.9285714285714285, 0.9285714285714285, 0.9285714285714285, 0.9285714285714285, 0.9285714285714285, 0.9285714285714285, 0.9285714285714285, 0.9285714285714285, 0.9285714285714285, 0.9285714285714285, 0.9999999999999998, 0.9999999999999998, 0.9285714285714285, 0.9285714285714285, 0.9285714285714285, 0.9999999999999998, 0.9285714285714285, 0.9285714285714285, 0.9999999999999998, 0.7142857142857142, 0.9285714285714285, 0.9285714285714285, 0.9999999999999998]","[1.0, 1.0, 1.0, 1.0, 1.0, 0.6666666666666666, 0.6666666666666666, 0.6666666666666666, 1.0, 1.0, 1.0, 1.0, 1.0, 1.0, 1.0, 1.0, 1.0, 1.0, 1.0, 1.0, 1.0, 0.6666666666666666, 1.0, 0.6666666666666666, 0.6666666666666666, 1.0, 1.0, 1.0, 1.0, 1.0]","[1.0, 0.8, 0.8, 1.0, 1.0, 1.0, 0.8, 1.0, 1.0, 1.0, 1.0, 1.0, 0.8, 1.0, 1.0, 1.0, 1.0, 1.0, 1.0, 1.0, 0.8, 1.0, 1.0, 1.0, 1.0, 1.0, 0.8, 0.8, 0.8, 1.0]"
california,rf,1000,3,8,b3_is,0.001040002490583422,0.0006716079885588426,0.00013000031132292774,8.395099856985532e-05,0.0008097041782397985,0.0012978405374643193,1.029805721416321,0.9555555555555556,0.0513363861231626,0.9356944444444444,0.9714285714285714,0.907142857142857,0.07857142857142854,1.0,0.0,0.9333333333333333,0.09428090415820632,9.21911649563041e-05,0.0,1000.0,10.03153543000226,0.11744892087474781,1000.0,"[0.0008941183452800838, 0.0006651620698643283, 0.0009502492784323645, 0.0012092257616805417, 0.0010981490904199336, 0.0011387696040468217, 0.0006842984765775204, 0.001398662007917278, 0.0013331208790271312, 0.0008180603547615121, 0.00020948053551458854, 0.001350598225403677, 0.0016114596175597416, 0.001302925788431838, 0.0007606069978497386, 0.0004361864986558995, 0.00016886226455418524, 7.974983973882406e-05, 0.0007482623977741851, 0.0002656063930015708, 0.0005506652058004383, 0.0012014128769283865, 0.0020463325698673526, 0.0015111539041894192, 0.0032708236452237047, 0.0005316272711221462, 0.0017740134672556828, 0.0006456183674095745, 0.0004352239300321576, 0.00210964905318203]","[0.9761904761904763, 1.0, 0.9047619047619048, 0.9761904761904763, 0.9761904761904763, 0.9285714285714287, 0.9761904761904763, 0.9761904761904763, 0.9285714285714287, 0.9285714285714287, 1.0, 0.9285714285714287, 0.8571428571428572, 0.9761904761904763, 0.9761904761904763, 0.9761904761904763, 1.0, 1.0, 0.9761904761904763, 1.0, 0.9761904761904763, 0.9523809523809524, 0.9047619047619048, 0.9047619047619048, 0.7619047619047621, 1.0, 1.0, 1.0, 0.9761904761904763, 0.9285714285714287]","[0.9285714285714285, 0.9999999999999998, 0.7857142857142856, 0.9285714285714285, 0.9285714285714285, 0.8571428571428571, 0.9285714285714285, 0.9285714285714285, 0.8571428571428571, 0.8571428571428571, 0.9999999999999998, 0.8571428571428571, 0.7857142857142856, 0.9285714285714285, 0.9285714285714285, 0.9285714285714285, 0.9999999999999998, 0.9999999999999998, 0.9285714285714285, 0.9999999999999998, 0.9285714285714285, 0.8571428571428571, 0.7857142857142856, 0.7857142857142856, 0.7142857142857142, 0.9999999999999998, 0.9999999999999998, 0.9999999999999998, 0.9285714285714285, 0.8571428571428571]","[1.0, 1.0, 1.0, 1.0, 1.0, 1.0, 1.0, 1.0, 1.0, 1.0, 1.0, 1.0, 1.0, 1.0, 1.0, 1.0, 1.0, 1.0, 1.0, 1.0, 1.0, 1.0, 1.0, 1.0, 1.0, 1.0, 1.0, 1.0, 1.0, 1.0]","[1.0, 1.0, 0.8, 1.0, 1.0, 0.8, 0.8, 1.0, 0.8, 0.8, 1.0, 0.8, 0.8, 1.0, 1.0, 1.0, 1.0, 1.0, 1.0, 1.0, 0.8, 1.0, 1.0, 1.0, 0.8, 1.0, 1.0, 1.0, 1.0, 0.8]"
california,rf,1000,3,8,b4_antithetic,0.0035369799525810635,0.0009903399620666573,0.00044212249407263294,0.00012379249525833216,0.003219691607875601,0.003910915396368844,3.5023014124317027,0.8103174603174605,0.053763617633142635,0.7904761904761908,0.8293650793650795,0.7023809523809523,0.0555838929996607,0.6666666666666669,2.220446049250313e-16,0.8000000000000003,2.220446049250313e-16,3.3281941580262715e-05,0.0,1000.0,9.883079463339527,0.2654360597493299,1000.0,"[0.0036778143266483526, 0.005443444769596529, 0.0030867844241746966, 0.0033327795065720292, 0.002516925040671943, 0.0032820192119944252, 0.005273601601022375, 0.0037227542509818494, 0.006500215494148996, 0.002443388300661847, 0.002903461981955826, 0.00235375922364319, 0.003398956219788019, 0.0027364441281057155, 0.004264487228086239, 0.004307594782673398, 0.004268763153660296, 0.003210999174088717, 0.0038556490467458017, 0.0031998579846909347, 0.0026578854710093166, 0.0026424994944822164, 0.0036658947446082924, 0.003265444121205455, 0.0032331194921639337, 0.0051793150705938444, 0.003246816202008373, 0.0020644943219952413, 0.0032007292067640727, 0.0031735006026899874]","[0.7619047619047621, 0.8095238095238096, 0.9047619047619048, 0.9047619047619048, 0.8095238095238096, 0.8095238095238096, 0.7619047619047621, 0.7619047619047621, 0.7619047619047621, 0.8095238095238096, 0.9047619047619048, 0.8095238095238096, 0.8095238095238096, 0.8095238095238096, 0.8095238095238096, 0.8095238095238096, 0.7619047619047621, 0.9047619047619048, 0.8095238095238096, 0.8095238095238096, 0.8095238095238096, 0.8095238095238096, 0.7619047619047621, 0.7380952380952381, 0.7619047619047621, 0.7142857142857144, 0.7619047619047621, 0.9047619047619048, 0.8095238095238096, 0.9047619047619048]","[0.6428571428571428, 0.7142857142857142, 0.7857142857142856, 0.7857142857142856, 0.7142857142857142, 0.7142857142857142, 0.6428571428571428, 0.6428571428571428, 0.6428571428571428, 0.7142857142857142, 0.7857142857142856, 0.7142857142857142, 0.7142857142857142, 0.7142857142857142, 0.7142857142857142, 0.7142857142857142, 0.6428571428571428, 0.7857142857142856, 0.7142857142857142, 0.7142857142857142, 0.7142857142857142, 0.7142857142857142, 0.6428571428571428, 0.6428571428571428, 0.6428571428571428, 0.5714285714285714, 0.6428571428571428, 0.7857142857142856, 0.7142857142857142, 0.7857142857142856]","[0.6666666666666666, 0.6666666666666666, 0.6666666666666666, 0.6666666666666666, 0.6666666666666666, 0.6666666666666666, 0.6666666666666666, 0.6666666666666666, 0.6666666666666666, 0.6666666666666666, 0.6666666666666666, 0.6666666666666666, 0.6666666666666666, 0.6666666666666666, 0.6666666666666666, 0.6666666666666666, 0.6666666666666666, 0.6666666666666666, 0.6666666666666666, 0.6666666666666666, 0.6666666666666666, 0.6666666666666666, 0.6666666666666666, 0.6666666666666666, 0.6666666666666666, 0.6666666666666666, 0.6666666666666666, 0.6666666666666666, 0.6666666666666666, 0.6666666666666666]","[0.8, 0.8, 0.8, 0.8, 0.8, 0.8, 0.8, 0.8, 0.8, 0.8, 0.8, 0.8, 0.8, 0.8, 0.8, 0.8, 0.8, 0.8, 0.8, 0.8, 0.8, 0.8, 0.8, 0.8, 0.8, 0.8, 0.8, 0.8, 0.8, 0.8]"
california,rf,1000,4,8,abc_shap,0.01482153144304917,0.012281639081350902,0.0018526914303811461,0.0015352048851688628,0.010945781801253237,0.01980510049014622,9.262518983360293,0.7952380952380953,0.11993321396738787,0.7499801587301588,0.8341468253968254,0.6785714285714286,0.13008369885378793,0.8111111111111113,0.16517854163687232,0.8133333333333336,0.1359738536958076,0.0018170201627833366,480.0,520.0,9.664378876668827,0.28445205578136423,480.0,"[0.00367518286161082, 0.01669669660044367, 0.011005814997737808, 0.045747860769095525, 0.004793981965384452, 0.010628328526488913, 0.01342807988821775, 0.008792106803230237, 0.003065789863500738, 0.010233578349065638, 0.0014944168749394119, 0.005622398340568972, 0.033460523194552186, 0.0014159312520671378, 0.007263827142987048, 0.013615680191620738, 0.003017500725375462, 0.005464894425676913, 0.02635500806184687, 0.031796929636471, 0.022494107913785706, 0.012832991265294988, 0.035007868065516055, 0.0029384684253296813, 0.023203025066953854, 0.0007536615687645632, 0.003093889289657744, 0.029763799846867115, 0.028989593980090232, 0.02799400739833385]","[0.9047619047619048, 0.8333333333333335, 0.8095238095238096, 0.6666666666666669, 0.9047619047619048, 0.6190476190476191, 0.6904761904761906, 0.880952380952381, 0.9047619047619048, 0.6666666666666669, 0.9285714285714287, 0.9285714285714287, 0.6190476190476191, 0.9523809523809524, 0.7619047619047621, 0.7857142857142858, 0.9285714285714287, 0.9285714285714287, 0.7380952380952381, 0.7380952380952381, 0.6190476190476191, 0.5952380952380953, 0.8095238095238096, 0.6904761904761906, 0.8333333333333335, 0.9761904761904763, 0.9523809523809524, 0.6190476190476191, 0.8333333333333335, 0.7380952380952381]","[0.7857142857142856, 0.7142857142857142, 0.6428571428571428, 0.5714285714285714, 0.7857142857142856, 0.4999999999999999, 0.5714285714285714, 0.7142857142857142, 0.7857142857142856, 0.4999999999999999, 0.7857142857142856, 0.8571428571428571, 0.4999999999999999, 0.8571428571428571, 0.7142857142857142, 0.6428571428571428, 0.7857142857142856, 0.8571428571428571, 0.6428571428571428, 0.6428571428571428, 0.4999999999999999, 0.42857142857142855, 0.6428571428571428, 0.5714285714285714, 0.7142857142857142, 0.9285714285714285, 0.8571428571428571, 0.5714285714285714, 0.7142857142857142, 0.5714285714285714]","[1.0, 0.6666666666666666, 0.6666666666666666, 0.6666666666666666, 0.6666666666666666, 1.0, 0.6666666666666666, 0.6666666666666666, 1.0, 0.6666666666666666, 0.6666666666666666, 0.6666666666666666, 1.0, 1.0, 1.0, 0.6666666666666666, 0.6666666666666666, 1.0, 1.0, 1.0, 1.0, 1.0, 0.6666666666666666, 1.0, 0.6666666666666666, 1.0, 0.6666666666666666, 0.6666666666666666, 0.6666666666666666, 0.6666666666666666]","[1.0, 0.8, 0.8, 0.6, 1.0, 0.6, 0.8, 1.0, 0.8, 0.8, 0.8, 1.0, 0.6, 1.0, 0.8, 0.8, 0.8, 1.0, 0.8, 0.8, 0.6, 0.6, 0.8, 0.6, 0.8, 1.0, 1.0, 0.8, 0.8, 0.8]"
california,rf,1000,4,8,b1_uniform,0.004668897815542414,0.0028522787982056185,0.0005836122269428017,0.0003565348497757023,0.0037511024285692023,0.005752925144441729,2.9177656043169486,0.8603174603174605,0.061700926112942235,0.838075396825397,0.8817460317460318,0.7333333333333333,0.07589227357385346,0.7000000000000001,0.1,0.8933333333333334,0.11234866364235144,0.0003879982952779118,0.0,1000.0,9.526596766670506,0.2767827320482116,1000.0,"[0.006209607333130851, 0.002055961977532114, 0.004042356592825755, 0.0026655923670723743, 0.0016149824348395969, 0.007178416203290507, 0.0020905305849231288, 0.005132860190325298, 0.004985833962520408, 0.0010329436913133784, 0.0023499075828598568, 0.002716027409997307, 0.0050919536135953705, 0.004889648651905849, 0.010088836368915704, 0.003547201088753165, 0.0016267474975152306, 0.00632625588594913, 0.00412761919852649, 0.008654832103316088, 0.012740650742643175, 0.0012099794839303417, 0.006974696804097481, 0.007946327385199724, 0.003786820734974156, 0.007093293836918109, 0.001665897438341582, 0.0033511681267682906, 0.0016314685836758209, 0.007238516590616099]","[0.9047619047619048, 0.9047619047619048, 0.8571428571428572, 0.9047619047619048, 0.9047619047619048, 0.7857142857142858, 0.9523809523809524, 0.880952380952381, 0.7380952380952381, 0.9523809523809524, 0.880952380952381, 0.880952380952381, 0.8571428571428572, 0.8571428571428572, 0.7380952380952381, 0.8571428571428572, 0.9523809523809524, 0.8095238095238096, 0.9285714285714287, 0.8095238095238096, 0.9047619047619048, 0.9285714285714287, 0.8333333333333335, 0.7619047619047621, 0.8095238095238096, 0.8571428571428572, 0.9047619047619048, 0.880952380952381, 0.8095238095238096, 0.7619047619047621]","[0.7857142857142856, 0.7857142857142856, 0.7142857142857142, 0.7857142857142856, 0.7857142857142856, 0.6428571428571428, 0.8571428571428571, 0.7142857142857142, 0.6428571428571428, 0.8571428571428571, 0.7142857142857142, 0.7142857142857142, 0.7142857142857142, 0.7142857142857142, 0.6428571428571428, 0.7142857142857142, 0.8571428571428571, 0.6428571428571428, 0.8571428571428571, 0.7142857142857142, 0.7857142857142856, 0.8571428571428571, 0.7142857142857142, 0.5714285714285714, 0.7142857142857142, 0.7142857142857142, 0.7857142857142856, 0.7142857142857142, 0.6428571428571428, 0.6428571428571428]","[0.6666666666666666, 0.6666666666666666, 0.6666666666666666, 0.6666666666666666, 1.0, 0.6666666666666666, 0.6666666666666666, 0.6666666666666666, 0.6666666666666666, 0.6666666666666666, 0.6666666666666666, 0.6666666666666666, 0.6666666666666666, 0.6666666666666666, 0.6666666666666666, 0.6666666666666666, 0.6666666666666666, 0.6666666666666666, 0.6666666666666666, 0.6666666666666666, 0.6666666666666666, 0.6666666666666666, 1.0, 0.6666666666666666, 0.6666666666666666, 0.6666666666666666, 0.6666666666666666, 1.0, 0.6666666666666666, 0.6666666666666666]","[1.0, 1.0, 0.8, 1.0, 0.8, 0.8, 1.0, 1.0, 0.8, 1.0, 1.0, 1.0, 0.8, 1.0, 0.6, 1.0, 1.0, 0.8, 1.0, 0.8, 1.0, 1.0, 0.8, 0.8, 0.8, 0.8, 1.0, 0.8, 0.8, 0.8]"
california,rf,1000,4,8,b2_stratified,0.0016001620584719337,0.0012195785081124376,0.0002000202573089917,0.0001524473135140547,0.001195333774303992,0.002083007232868461,1.0,0.9404761904761905,0.053857262150233454,0.9198412698412698,0.95875,0.864285714285714,0.10160280139691363,0.9111111111111111,0.1474055462380178,0.9466666666666668,0.08844332774281063,0.0001893863254547868,0.0,1000.0,9.672569526667939,0.354916598707952,1000.0,"[0.0008292244606919642, 0.00117510634389913, 0.00021901009036454555, 0.0023441581312309352, 0.0016000062199897254, 0.005047531526068825, 0.0006650958610761654, 0.0019032559057146764, 0.0015207455925629989, 0.0008792214628717536, 0.003467654651656176, 0.001185080416177974, 0.0011853994339309397, 0.0004021503582748873, 0.002396944622853234, 0.0009764949198501779, 0.0016882820216608371, 0.0012814292742827648, 0.002152285225850356, 0.0012982145614003277, 0.00037746400630176775, 0.0030767493362233752, 0.0011190973559239805, 0.0008143784853326081, 0.0007033166570301965, 0.0007822040974798594, 0.0009314838309424474, 0.005113901009022404, 0.0025221836623831387, 0.00034679223310982865]","[0.8571428571428572, 0.9523809523809524, 1.0, 0.9761904761904763, 0.9523809523809524, 0.9523809523809524, 0.9523809523809524, 0.9047619047619048, 0.9523809523809524, 0.880952380952381, 0.8571428571428572, 0.9761904761904763, 0.9761904761904763, 1.0, 1.0, 0.9761904761904763, 0.9047619047619048, 0.9285714285714287, 0.7619047619047621, 0.9761904761904763, 0.9761904761904763, 0.9285714285714287, 0.880952380952381, 0.9285714285714287, 1.0, 0.9047619047619048, 0.9761904761904763, 0.9761904761904763, 0.9047619047619048, 1.0]","[0.7142857142857142, 0.8571428571428571, 0.9999999999999998, 0.9285714285714285, 0.8571428571428571, 0.8571428571428571, 0.8571428571428571, 0.7857142857142856, 0.8571428571428571, 0.7142857142857142, 0.7857142857142856, 0.9285714285714285, 0.9285714285714285, 0.9999999999999998, 0.9999999999999998, 0.9285714285714285, 0.7857142857142856, 0.8571428571428571, 0.5714285714285714, 0.9285714285714285, 0.9285714285714285, 0.8571428571428571, 0.7142857142857142, 0.8571428571428571, 0.9999999999999998, 0.7857142857142856, 0.9285714285714285, 0.9285714285714285, 0.7857142857142856, 0.9999999999999998]","[0.6666666666666666, 1.0, 1.0, 1.0, 1.0, 1.0, 1.0, 0.6666666666666666, 1.0, 0.6666666666666666, 1.0, 1.0, 1.0, 1.0, 1.0, 1.0, 0.6666666666666666, 0.6666666666666666, 1.0, 1.0, 1.0, 0.6666666666666666, 1.0, 0.6666666666666666, 1.0, 1.0, 1.0, 1.0, 0.6666666666666666, 1.0]","[0.8, 1.0, 1.0, 1.0, 0.8, 1.0, 1.0, 1.0, 1.0, 1.0, 0.8, 1.0, 1.0, 1.0, 1.0, 1.0, 1.0, 1.0, 0.8, 1.0, 1.0, 1.0, 0.8, 1.0, 1.0, 0.8, 0.8, 0.8, 1.0, 1.0]"
california,rf,1000,4,8,b3_is,0.0020703567250659675,0.0016305682094562657,0.00025879459063324594,0.0002038210261820332,0.0015068197052506135,0.0026628032790646182,1.2938419043900113,0.95,0.0423024062578934,0.9341269841269842,0.9658928571428571,0.8857142857142856,0.08370664681546161,0.9333333333333333,0.13333333333333336,0.9533333333333334,0.08459051693633012,0.00022935452337051907,0.0,1000.0,9.752748309996484,0.09065941428440653,1000.0,"[0.002476357589935964, 0.00115355988974595, 0.0013343098300368059, 0.00011247708214258337, 0.0026261197504052263, 0.002464351451738919, 0.005668390353265392, 0.0011156948303586418, 0.0019939638613738816, 0.0017086022211971839, 0.003943880164712571, 0.0015856347029141523, 0.001757783477862096, 0.0030583825952131033, 0.0009011780408740425, 0.00012101920156897676, 0.004075153322131661, 0.0012406258932911214, 0.0013650270125155572, 0.000851745658303562, 0.00031713477622383765, 0.0019659466591474225, 0.006974516004621442, 0.00537356219354801, 0.0009339186570599596, 0.0007500928121936826, 0.0019528487452761826, 0.0020516902044279825, 0.0015307921950900964, 0.000705942574803026]","[0.880952380952381, 1.0, 0.9285714285714287, 1.0, 0.9285714285714287, 0.9285714285714287, 0.880952380952381, 1.0, 0.9761904761904763, 0.9761904761904763, 0.9761904761904763, 0.9047619047619048, 0.9761904761904763, 0.9285714285714287, 1.0, 0.9761904761904763, 0.9285714285714287, 0.9761904761904763, 0.8333333333333335, 0.9523809523809524, 1.0, 0.9761904761904763, 0.9523809523809524, 0.9285714285714287, 0.9285714285714287, 0.9761904761904763, 0.9761904761904763, 0.9047619047619048, 0.9047619047619048, 1.0]","[0.7142857142857142, 0.9999999999999998, 0.8571428571428571, 0.9999999999999998, 0.8571428571428571, 0.8571428571428571, 0.7857142857142856, 0.9999999999999998, 0.9285714285714285, 0.9285714285714285, 0.9285714285714285, 0.7857142857142856, 0.9285714285714285, 0.8571428571428571, 0.9999999999999998, 0.9285714285714285, 0.8571428571428571, 0.9285714285714285, 0.7142857142857142, 0.8571428571428571, 0.9999999999999998, 0.9285714285714285, 0.8571428571428571, 0.7857142857142856, 0.8571428571428571, 0.9285714285714285, 0.9285714285714285, 0.7857142857142856, 0.7857142857142856, 0.9999999999999998]","[1.0, 1.0, 1.0, 1.0, 1.0, 0.6666666666666666, 1.0, 1.0, 1.0, 1.0, 0.6666666666666666, 1.0, 1.0, 0.6666666666666666, 1.0, 1.0, 0.6666666666666666, 1.0, 1.0, 1.0, 1.0, 1.0, 1.0, 0.6666666666666666, 0.6666666666666666, 1.0, 1.0, 1.0, 1.0, 1.0]","[1.0, 1.0, 1.0, 1.0, 0.8, 1.0, 0.8, 1.0, 1.0, 1.0, 1.0, 1.0, 1.0, 1.0, 1.0, 1.0, 1.0, 1.0, 0.8, 1.0, 1.0, 1.0, 1.0, 0.8, 1.0, 0.8, 0.8, 0.8, 1.0, 1.0]"
california,rf,1000,4,8,b4_antithetic,0.002078622365350051,0.0007053625707398357,0.0002598277956687564,8.817032134247946e-05,0.0018536656205477464,0.0023152011702759216,1.299007406371715,0.8753968253968254,0.04289387021229095,0.8603174603174604,0.8896825396825396,0.738095238095238,0.06476890718445447,0.688888888888889,0.08314794192830982,0.9266666666666666,0.09637888196533971,4.417669968050556e-05,0.0,1000.0,9.476364613333136,0.03802620987975065,1000.0,"[0.0015061296091778487, 0.003154948489693981, 0.0019875728577384436, 0.002004113595450467, 0.0015047712260282254, 0.0009471243592353846, 0.0014725973838941695, 0.001709369541145773, 0.0012684069275464677, 0.003512404413076644, 0.002418497440873451, 0.002198187715785454, 0.0024822231161021296, 0.0023676135970153926, 0.0032010730590655723, 0.0011205227792054622, 0.0026372045483545286, 0.0016318349879375976, 0.002228245711175795, 0.002595622604185095, 0.002296465561746801, 0.0028795775079933556, 0.0009175367108837803, 0.0017873350693827653, 0.00143988102748001, 0.0034202712159200595, 0.0019756029641444933, 0.002585648797288907, 0.0017742026216592674, 0.0013336855213142047]","[0.8571428571428572, 0.9047619047619048, 0.9047619047619048, 0.7857142857142858, 0.9047619047619048, 0.8571428571428572, 0.9047619047619048, 0.9047619047619048, 0.9047619047619048, 0.880952380952381, 0.8095238095238096, 0.880952380952381, 0.880952380952381, 0.9047619047619048, 0.7857142857142858, 0.9285714285714287, 0.9047619047619048, 0.9047619047619048, 0.9047619047619048, 0.9285714285714287, 0.880952380952381, 0.7619047619047621, 0.8571428571428572, 0.880952380952381, 0.9047619047619048, 0.8095238095238096, 0.880952380952381, 0.880952380952381, 0.9047619047619048, 0.8571428571428572]","[0.7142857142857142, 0.7857142857142856, 0.7857142857142856, 0.6428571428571428, 0.7857142857142856, 0.7142857142857142, 0.7857142857142856, 0.7857142857142856, 0.7857142857142856, 0.7142857142857142, 0.6428571428571428, 0.7142857142857142, 0.7142857142857142, 0.7857142857142856, 0.6428571428571428, 0.8571428571428571, 0.7857142857142856, 0.7857142857142856, 0.7857142857142856, 0.8571428571428571, 0.7142857142857142, 0.5714285714285714, 0.7142857142857142, 0.7142857142857142, 0.7857142857142856, 0.6428571428571428, 0.7142857142857142, 0.7142857142857142, 0.7857142857142856, 0.7142857142857142]","[0.6666666666666666, 0.6666666666666666, 1.0, 0.6666666666666666, 0.6666666666666666, 0.6666666666666666, 0.6666666666666666, 1.0, 0.6666666666666666, 0.6666666666666666, 0.6666666666666666, 0.6666666666666666, 0.6666666666666666, 0.6666666666666666, 0.6666666666666666, 0.6666666666666666, 0.6666666666666666, 0.6666666666666666, 0.6666666666666666, 0.6666666666666666, 0.6666666666666666, 0.6666666666666666, 0.6666666666666666, 0.6666666666666666, 0.6666666666666666, 0.6666666666666666, 0.6666666666666666, 0.6666666666666666, 0.6666666666666666, 0.6666666666666666]","[0.8, 1.0, 0.8, 0.8, 1.0, 0.8, 1.0, 0.8, 1.0, 1.0, 0.8, 1.0, 1.0, 1.0, 0.8, 1.0, 1.0, 1.0, 1.0, 1.0, 1.0, 0.8, 0.8, 1.0, 1.0, 0.8, 1.0, 1.0, 1.0, 0.8]"
california,rf,1000,5,8,abc_shap,0.0031029655694759612,0.0025828329218751467,0.00038787069618449516,0.00032285411523439334,0.002255772455462861,0.004081083433356693,6.795550607185635,0.8833333333333333,0.08873640549325819,0.8500000000000001,0.9134920634920632,0.780952380952381,0.12362623795949684,0.8111111111111113,0.16517854163687232,0.9266666666666666,0.09637888196533971,0.00036442145529121974,480.0,520.0,9.768424773335573,0.49437866937227837,480.0,"[0.003063051220317477, 0.004490624019334109, 0.002423470629987291, 0.0054980776388677075, 0.007277193504627389, 0.007454667418755566, 0.0004866146518610182, 0.0028462233541665135, 0.0017355412226128064, 0.0008225934109719979, 0.002922908796073633, 0.0016635847998698195, 0.0009406385771256015, 0.0033651665554366573, 0.006053500691824991, 0.011594971297451448, 0.005895956099618468, 0.00048803991750717403, 0.004073823117862039, 0.0003744362318823416, 0.0011207821050312212, 0.001818263476375738, 0.002280269371015188, 0.0005608439351913082, 0.002190695419294026, 8.358695753144539e-05, 0.004269320417827127, 0.0006645662761057882, 0.0026422353777896287, 0.00398732059196333]","[0.7857142857142858, 0.7857142857142858, 0.9761904761904763, 0.7857142857142858, 0.6904761904761906, 0.6666666666666669, 0.9523809523809524, 0.9047619047619048, 0.9047619047619048, 0.9047619047619048, 0.9523809523809524, 0.9523809523809524, 0.9761904761904763, 0.7857142857142858, 0.9285714285714287, 0.880952380952381, 0.9047619047619048, 1.0, 0.7857142857142858, 0.9761904761904763, 0.9523809523809524, 0.9285714285714287, 0.9047619047619048, 0.9761904761904763, 0.9047619047619048, 0.9761904761904763, 0.7857142857142858, 0.9285714285714287, 0.8571428571428572, 0.7857142857142858]","[0.6428571428571428, 0.6428571428571428, 0.9285714285714285, 0.6428571428571428, 0.5714285714285714, 0.4999999999999999, 0.8571428571428571, 0.7857142857142856, 0.7857142857142856, 0.7857142857142856, 0.8571428571428571, 0.8571428571428571, 0.9285714285714285, 0.6428571428571428, 0.8571428571428571, 0.7857142857142856, 0.7857142857142856, 0.9999999999999998, 0.6428571428571428, 0.9285714285714285, 0.8571428571428571, 0.8571428571428571, 0.7857142857142856, 0.9285714285714285, 0.7857142857142856, 0.9285714285714285, 0.6428571428571428, 0.8571428571428571, 0.7142857142857142, 0.6428571428571428]","[0.6666666666666666, 0.6666666666666666, 1.0, 0.6666666666666666, 0.6666666666666666, 0.6666666666666666, 1.0, 0.6666666666666666, 0.6666666666666666, 1.0, 0.6666666666666666, 1.0, 1.0, 0.6666666666666666, 1.0, 1.0, 0.6666666666666666, 1.0, 0.6666666666666666, 1.0, 1.0, 1.0, 0.6666666666666666, 1.0, 0.6666666666666666, 1.0, 0.6666666666666666, 0.6666666666666666, 0.6666666666666666, 0.6666666666666666]","[0.8, 0.8, 1.0, 0.8, 0.8, 0.8, 1.0, 1.0, 1.0, 1.0, 1.0, 1.0, 1.0, 0.8, 1.0, 0.8, 1.0, 1.0, 0.8, 1.0, 1.0, 1.0, 1.0, 1.0, 1.0, 1.0, 0.8, 1.0, 0.8, 0.8]"
california,rf,1000,5,8,b1_uniform,0.001615215384162388,0.000630219824102219,0.0002019019230202985,7.877747801277737e-05,0.0013950811189704145,0.0018472062171312506,3.5373508467365955,0.9190476190476191,0.040592736039823565,0.903154761904762,0.9325396825396826,0.8095238095238094,0.05928523618089874,0.9000000000000001,0.1527525231651947,0.98,0.059999999999999984,4.6102533886595855e-05,0.0,1000.0,9.500203470000997,0.16419537251024813,1000.0,"[0.0024543645011043183, 0.0007352023532788149, 0.0008395617504355984, 0.002466927833620223, 0.0023169332530339707, 0.0015066669378212341, 0.0018563818307010312, 0.0016690437715097017, 0.0016315299687895267, 0.0015695055586805431, 0.0020060845628823904, 0.001265922150231006, 0.0011962683701042384, 0.0010581106545196517, 0.002827816246836935, 0.0011852959646563859, 0.001034172254967758, 0.0013475743313407524, 0.0014247451014909537, 0.0010852606791020222, 0.0007566919172904491, 0.0020357733737372576, 0.002716941594631114, 0.0031400022848712705, 0.001318925167698278, 0.0014871723228567892, 0.002057579684388576, 0.0011890614877992775, 0.0010641884159346615, 0.0012127572005569064]","[0.7857142857142858, 0.9523809523809524, 0.9523809523809524, 0.8571428571428572, 0.9047619047619048, 0.9523809523809524, 0.9523809523809524, 0.8571428571428572, 0.9523809523809524, 0.9047619047619048, 0.9047619047619048, 0.9523809523809524, 0.9047619047619048, 0.9523809523809524, 0.9047619047619048, 0.9523809523809524, 0.9523809523809524, 0.9047619047619048, 0.9047619047619048, 0.9523809523809524, 0.9523809523809524, 0.9047619047619048, 0.9047619047619048, 0.8571428571428572, 0.9523809523809524, 0.9047619047619048, 0.9047619047619048, 0.9761904761904763, 0.9047619047619048, 0.9523809523809524]","[0.6428571428571428, 0.8571428571428571, 0.8571428571428571, 0.7142857142857142, 0.7857142857142856, 0.8571428571428571, 0.8571428571428571, 0.7142857142857142, 0.8571428571428571, 0.7857142857142856, 0.7857142857142856, 0.8571428571428571, 0.7857142857142856, 0.8571428571428571, 0.7857142857142856, 0.8571428571428571, 0.8571428571428571, 0.7857142857142856, 0.7857142857142856, 0.8571428571428571, 0.8571428571428571, 0.7857142857142856, 0.7857142857142856, 0.7142857142857142, 0.8571428571428571, 0.7857142857142856, 0.7857142857142856, 0.9285714285714285, 0.7857142857142856, 0.8571428571428571]","[0.6666666666666666, 1.0, 1.0, 0.6666666666666666, 0.6666666666666666, 1.0, 1.0, 0.6666666666666666, 1.0, 1.0, 1.0, 1.0, 1.0, 1.0, 1.0, 1.0, 1.0, 1.0, 0.6666666666666666, 1.0, 1.0, 1.0, 1.0, 0.6666666666666666, 1.0, 0.6666666666666666, 0.6666666666666666, 1.0, 0.6666666666666666, 1.0]","[0.8, 1.0, 1.0, 1.0, 1.0, 1.0, 1.0, 1.0, 1.0, 1.0, 1.0, 1.0, 1.0, 1.0, 1.0, 1.0, 1.0, 1.0, 1.0, 1.0, 1.0, 1.0, 0.8, 0.8, 1.0, 1.0, 1.0, 1.0, 1.0, 1.0]"
california,rf,1000,5,8,b2_stratified,0.0004566172410216292,0.00047111231815821943,5.707715512770365e-05,5.888903976977743e-05,0.00029935567136148914,0.0006368223870177487,1.0,0.9738095238095237,0.027732389221676416,0.9642857142857142,0.9825595238095239,0.9285714285714283,0.06649638116080443,0.9555555555555556,0.11331154474650636,0.9933333333333334,0.03590109871423002,5.173239621376249e-05,0.0,1000.0,9.61350975666525,0.0956295300399717,1000.0,"[0.00015696278251763862, 0.0002521297328572214, 0.00024033717030331014, 0.0002020059869779495, 0.0001554431393079105, 0.00024015534540617603, 0.0010145387952708467, 0.00014736936500885566, 0.00010345890988849682, 0.0003282346251897997, 0.0008879029115945271, 0.0001525421181863303, 0.00036275427388415805, 0.002392922174884982, 0.0003627653071344624, 0.0003170646803493741, 0.00019887419696652532, 0.000841908682439479, 0.00028234759591884266, 0.0005221941203313367, 0.00018792193752118982, 0.00034555122674822825, 0.0001699898931235662, 0.001221453911010473, 0.00014655824108299813, 0.0009190021713678023, 0.00012493444707602547, 0.0008704244307413038, 0.00021799569310587222, 0.0003327733644531922]","[1.0, 0.9761904761904763, 1.0, 1.0, 1.0, 1.0, 0.9761904761904763, 1.0, 1.0, 0.9523809523809524, 0.9047619047619048, 1.0, 0.9523809523809524, 0.9047619047619048, 1.0, 0.9523809523809524, 0.9761904761904763, 0.9761904761904763, 0.9761904761904763, 0.9761904761904763, 0.9761904761904763, 0.9761904761904763, 1.0, 0.9761904761904763, 0.9761904761904763, 0.9047619047619048, 0.9761904761904763, 0.9761904761904763, 0.9761904761904763, 0.9523809523809524]","[0.9999999999999998, 0.9285714285714285, 0.9999999999999998, 0.9999999999999998, 0.9999999999999998, 0.9999999999999998, 0.9285714285714285, 0.9999999999999998, 0.9999999999999998, 0.8571428571428571, 0.7857142857142856, 0.9999999999999998, 0.8571428571428571, 0.7857142857142856, 0.9999999999999998, 0.8571428571428571, 0.9285714285714285, 0.9285714285714285, 0.9285714285714285, 0.9285714285714285, 0.9285714285714285, 0.9285714285714285, 0.9999999999999998, 0.9285714285714285, 0.9285714285714285, 0.7857142857142856, 0.9285714285714285, 0.9285714285714285, 0.9285714285714285, 0.8571428571428571]","[1.0, 1.0, 1.0, 1.0, 1.0, 1.0, 1.0, 1.0, 1.0, 1.0, 0.6666666666666666, 1.0, 0.6666666666666666, 1.0, 1.0, 1.0, 0.6666666666666666, 1.0, 1.0, 1.0, 1.0, 1.0, 1.0, 1.0, 0.6666666666666666, 1.0, 1.0, 1.0, 1.0, 1.0]","[1.0, 1.0, 1.0, 1.0, 1.0, 1.0, 1.0, 1.0, 1.0, 1.0, 1.0, 1.0, 1.0, 0.8, 1.0, 1.0, 1.0, 1.0, 1.0, 1.0, 1.0, 1.0, 1.0, 1.0, 1.0, 1.0, 1.0, 1.0, 1.0, 1.0]"
california,rf,1000,5,8,b3_is,0.00032715556507309555,0.00025676465381253307,4.0894445634136944e-05,3.2095581726566633e-05,0.00024403648096083907,0.00043045202556594173,0.7164765928266794,0.9865079365079364,0.02274055362205458,0.976984126984127,0.9936507936507937,0.964285714285714,0.054554472558998035,0.9888888888888888,0.059835164523716726,1.0,0.0,3.1807902230877156e-05,0.0,1000.0,9.75604286666785,0.15331494492724307,1000.0,"[0.00028592108417928937, 0.0008709579292161635, 4.991118299730864e-05, 0.00047933324315242265, 1.8878496770455163e-05, 9.308870869662718e-05, 0.00014658094742735138, 0.00020254572008819572, 0.0005291946949973234, 0.00016975551306776078, 0.00016126557559082057, 0.0001398464382953541, 4.559607137394271e-05, 0.00015724101624241013, 1.5806249589851713e-05, 0.00041003950348119045, 0.0005009598046817545, 0.0002481671126967233, 0.0008104188613074194, 6.539651556672501e-05, 0.0002644967721079607, 0.0003305690908965877, 0.0005493588971113142, 0.0010347652971063178, 0.00034486151924215856, 0.0005720869769922331, 0.00043331735964117536, 8.2477152816224e-05, 0.00046187722565809727, 0.0003399519912017074]","[0.9761904761904763, 0.9761904761904763, 1.0, 1.0, 1.0, 1.0, 1.0, 1.0, 0.9761904761904763, 0.9523809523809524, 1.0, 1.0, 1.0, 1.0, 1.0, 0.9047619047619048, 1.0, 0.9761904761904763, 1.0, 1.0, 1.0, 0.9761904761904763, 1.0, 0.9285714285714287, 0.9761904761904763, 1.0, 1.0, 1.0, 0.9761904761904763, 0.9761904761904763]","[0.9285714285714285, 0.9285714285714285, 0.9999999999999998, 0.9999999999999998, 0.9999999999999998, 0.9999999999999998, 0.9999999999999998, 0.9999999999999998, 0.9285714285714285, 0.8571428571428571, 0.9999999999999998, 0.9999999999999998, 0.9999999999999998, 0.9999999999999998, 0.9999999999999998, 0.7857142857142856, 0.9999999999999998, 0.9285714285714285, 0.9999999999999998, 0.9999999999999998, 0.9999999999999998, 0.9285714285714285, 0.9999999999999998, 0.8571428571428571, 0.9285714285714285, 0.9999999999999998, 0.9999999999999998, 0.9999999999999998, 0.9285714285714285, 0.9285714285714285]","[1.0, 1.0, 1.0, 1.0, 1.0, 1.0, 1.0, 1.0, 1.0, 0.6666666666666666, 1.0, 1.0, 1.0, 1.0, 1.0, 1.0, 1.0, 1.0, 1.0, 1.0, 1.0, 1.0, 1.0, 1.0, 1.0, 1.0, 1.0, 1.0, 1.0, 1.0]","[1.0, 1.0, 1.0, 1.0, 1.0, 1.0, 1.0, 1.0, 1.0, 1.0, 1.0, 1.0, 1.0, 1.0, 1.0, 1.0, 1.0, 1.0, 1.0, 1.0, 1.0, 1.0, 1.0, 1.0, 1.0, 1.0, 1.0, 1.0, 1.0, 1.0]"
california,rf,1000,5,8,b4_antithetic,0.0012638237405861459,0.000417181492022854,0.00015797796757326823,5.214768650285675e-05,0.0011105228381602043,0.0014097772448323062,2.7677968045150547,0.9404761904761905,0.02516010711769424,0.930952380952381,0.9484126984126985,0.8404761904761904,0.03991203479581005,0.9333333333333333,0.13333333333333336,1.0,0.0,1.5719055004569482e-05,0.0,1000.0,9.514711510004902,0.09017593842756534,1000.0,"[0.0012886333632190089, 0.001364719017651245, 0.001616006084763155, 0.0011469309294621346, 0.0017457808582711338, 0.0008524975539056312, 0.0018233239098892544, 0.0007143185452214094, 0.0011157195948235392, 0.0007940051756149786, 0.000744125714655607, 0.002156570985816433, 0.0018386000647881576, 0.0011014795077778734, 0.0009171467831917523, 0.0012181248825474968, 0.0012709106960076138, 0.0009188936742734121, 0.001058907501649977, 0.001699797456079283, 0.0016922431779407084, 0.0019328896014524921, 0.0006794595660777037, 0.0010728099143640134, 0.0009625950148752148, 0.0016605464235596747, 0.001059948719086082, 0.0009282741619769372, 0.0007672824214690011, 0.0017721709171734594]","[0.9523809523809524, 0.9047619047619048, 0.9523809523809524, 0.9523809523809524, 0.9523809523809524, 0.9523809523809524, 0.9523809523809524, 0.9523809523809524, 0.9523809523809524, 0.9523809523809524, 0.9523809523809524, 0.8571428571428572, 0.9523809523809524, 0.9047619047619048, 0.9523809523809524, 0.9523809523809524, 0.9047619047619048, 0.9523809523809524, 0.9523809523809524, 0.9523809523809524, 0.9523809523809524, 0.9047619047619048, 0.9523809523809524, 0.9047619047619048, 0.9523809523809524, 0.9523809523809524, 0.9761904761904763, 0.9523809523809524, 0.9523809523809524, 0.9047619047619048]","[0.8571428571428571, 0.7857142857142856, 0.8571428571428571, 0.8571428571428571, 0.8571428571428571, 0.8571428571428571, 0.8571428571428571, 0.8571428571428571, 0.8571428571428571, 0.8571428571428571, 0.8571428571428571, 0.7142857142857142, 0.8571428571428571, 0.7857142857142856, 0.8571428571428571, 0.8571428571428571, 0.7857142857142856, 0.8571428571428571, 0.8571428571428571, 0.8571428571428571, 0.8571428571428571, 0.7857142857142856, 0.8571428571428571, 0.7857142857142856, 0.8571428571428571, 0.8571428571428571, 0.9285714285714285, 0.8571428571428571, 0.8571428571428571, 0.7857142857142856]","[1.0, 0.6666666666666666, 1.0, 1.0, 1.0, 1.0, 1.0, 1.0, 1.0, 1.0, 1.0, 0.6666666666666666, 1.0, 0.6666666666666666, 1.0, 1.0, 0.6666666666666666, 1.0, 1.0, 1.0, 1.0, 0.6666666666666666, 1.0, 0.6666666666666666, 1.0, 1.0, 1.0, 1.0, 1.0, 1.0]","[1.0, 1.0, 1.0, 1.0, 1.0, 1.0, 1.0, 1.0, 1.0, 1.0, 1.0, 1.0, 1.0, 1.0, 1.0, 1.0, 1.0, 1.0, 1.0, 1.0, 1.0, 1.0, 1.0, 1.0, 1.0, 1.0, 1.0, 1.0, 1.0, 1.0]"
california,rf,1000,6,8,abc_shap,0.02195608978624234,0.02296463863460681,0.0027445112232802925,0.0028705798293258513,0.014121672311110015,0.030914594954611508,6.558298155776944,0.9103174603174603,0.08466807124134756,0.8793650793650793,0.939702380952381,0.8166666666666663,0.12999651137827328,0.9666666666666667,0.1,0.9133333333333334,0.11175369742826805,0.002689686767180402,480.0,520.0,9.795255083331721,0.5342688695594883,480.0,"[0.008947919194422598, 0.031921314453487074, 0.028697082077182925, 0.006118659946671381, 0.00439965330345369, 0.04909030301897164, 0.022447541447234112, 0.001582247385006151, 0.010422475380760734, 0.013731686847760126, 0.014746548239026805, 0.0626398598751804, 0.004966280183904089, 0.017297494411743178, 0.033842765980733366, 0.004451582646537437, 0.0017424704426909565, 0.001834875296079108, 0.043600289859275276, 0.011762738220667783, 0.09481085163016616, 0.07766222155448228, 0.029528119900113163, 0.009539001767288514, 0.021036821021637623, 0.0041966798037623345, 0.0022023553363436886, 0.024132383706559478, 0.019504477229805126, 0.0018259934263229513]","[0.8571428571428572, 0.880952380952381, 0.8571428571428572, 0.9761904761904763, 0.9047619047619048, 0.7857142857142858, 0.9761904761904763, 0.9761904761904763, 0.880952380952381, 0.9523809523809524, 0.9761904761904763, 0.9523809523809524, 1.0, 0.880952380952381, 0.8571428571428572, 0.9761904761904763, 1.0, 0.9047619047619048, 0.7857142857142858, 0.9761904761904763, 0.8333333333333335, 0.5952380952380953, 1.0, 0.9761904761904763, 0.880952380952381, 0.9047619047619048, 0.9047619047619048, 0.9761904761904763, 0.9047619047619048, 0.9761904761904763]","[0.7142857142857142, 0.7142857142857142, 0.7142857142857142, 0.9285714285714285, 0.7857142857142856, 0.6428571428571428, 0.9285714285714285, 0.9285714285714285, 0.7142857142857142, 0.8571428571428571, 0.9285714285714285, 0.8571428571428571, 0.9999999999999998, 0.7142857142857142, 0.7142857142857142, 0.9285714285714285, 0.9999999999999998, 0.7857142857142856, 0.6428571428571428, 0.9285714285714285, 0.7142857142857142, 0.42857142857142855, 0.9999999999999998, 0.9285714285714285, 0.7857142857142856, 0.7857142857142856, 0.7857142857142856, 0.9285714285714285, 0.7857142857142856, 0.9285714285714285]","[1.0, 1.0, 1.0, 1.0, 1.0, 1.0, 1.0, 1.0, 1.0, 0.6666666666666666, 1.0, 0.6666666666666666, 1.0, 1.0, 1.0, 0.6666666666666666, 1.0, 1.0, 1.0, 1.0, 1.0, 1.0, 1.0, 1.0, 1.0, 1.0, 1.0, 1.0, 1.0, 1.0]","[0.8, 1.0, 0.8, 0.8, 1.0, 0.8, 1.0, 1.0, 1.0, 1.0, 0.8, 0.8, 1.0, 1.0, 0.8, 1.0, 1.0, 1.0, 0.8, 1.0, 0.8, 0.6, 1.0, 0.8, 0.8, 1.0, 1.0, 1.0, 1.0, 1.0]"
california,rf,1000,6,8,b1_uniform,0.0030019680143017484,0.0016989214081002976,0.00037524600178771855,0.0002123651760125372,0.0024342512292244434,0.0035893311244051965,0.8966897787161029,0.9571428571428573,0.04657587540038478,0.9388888888888888,0.973015873015873,0.9023809523809522,0.0893729732339212,0.9888888888888888,0.059835164523716726,0.9533333333333334,0.08459051693633012,0.0003121816875572454,0.0,1000.0,9.655087656665517,0.17047417830422132,1000.0,"[0.00336204430654556, 0.001990761876655105, 0.0026615560109941126, 0.0006066567084592277, 0.0006081567311873215, 0.006665102856535871, 0.004110296070715321, 0.002561443240780859, 0.002702456466658401, 0.00401051412962165, 0.0014669053110132882, 0.0031439416152402103, 0.0017393302111297817, 0.0005474139180840156, 0.0023174460951682664, 0.0021821326899588976, 0.0047640949436182104, 0.002083195790489977, 0.0023773718793148953, 0.005183969802466313, 0.0013001042191988078, 0.002954327183925183, 0.007933095497839306, 0.0053320294234733626, 0.0036708840826246, 0.003676426791135507, 0.001425404815183979, 0.003209850337490634, 0.001883705352522036, 0.003588422071021754]","[0.9523809523809524, 0.9761904761904763, 1.0, 1.0, 0.9761904761904763, 0.9761904761904763, 0.8571428571428572, 0.9761904761904763, 0.9285714285714287, 0.9523809523809524, 0.9761904761904763, 1.0, 1.0, 0.9285714285714287, 0.9761904761904763, 0.9761904761904763, 0.9761904761904763, 1.0, 0.9285714285714287, 0.9761904761904763, 1.0, 0.880952380952381, 0.8095238095238096, 0.9761904761904763, 1.0, 0.9761904761904763, 0.9285714285714287, 1.0, 0.9047619047619048, 0.9047619047619048]","[0.8571428571428571, 0.9285714285714285, 0.9999999999999998, 0.9999999999999998, 0.9285714285714285, 0.9285714285714285, 0.7857142857142856, 0.9285714285714285, 0.8571428571428571, 0.8571428571428571, 0.9285714285714285, 0.9999999999999998, 0.9999999999999998, 0.8571428571428571, 0.9285714285714285, 0.9285714285714285, 0.9285714285714285, 0.9999999999999998, 0.8571428571428571, 0.9285714285714285, 0.9999999999999998, 0.7142857142857142, 0.6428571428571428, 0.9285714285714285, 0.9999999999999998, 0.9285714285714285, 0.8571428571428571, 0.9999999999999998, 0.7857142857142856, 0.7857142857142856]","[1.0, 1.0, 1.0, 1.0, 1.0, 1.0, 1.0, 1.0, 1.0, 1.0, 1.0, 1.0, 1.0, 1.0, 1.0, 1.0, 1.0, 1.0, 1.0, 1.0, 1.0, 0.6666666666666666, 1.0, 1.0, 1.0, 1.0, 1.0, 1.0, 1.0, 1.0]","[1.0, 0.8, 1.0, 1.0, 1.0, 1.0, 0.8, 1.0, 0.8, 1.0, 1.0, 1.0, 1.0, 1.0, 1.0, 1.0, 1.0, 1.0, 1.0, 0.8, 1.0, 1.0, 0.8, 1.0, 1.0, 0.8, 1.0, 1.0, 1.0, 0.8]"
california,rf,1000,6,8,b2_stratified,0.0033478334264053083,0.0032052082690867943,0.00041847917830066354,0.0004006510336358493,0.0023291611307817875,0.004609959697194681,1.0,0.9452380952380951,0.05257899071445042,0.9246031746031746,0.9634920634920633,0.876190476190476,0.09747375947837485,0.9888888888888888,0.059835164523716726,0.9866666666666667,0.04988876515698587,0.0003105160054564693,0.0,1000.0,9.773105663333748,0.23288142736803885,1000.0,"[0.004278036255702772, 0.005800839073172807, 0.004379840203334365, 0.0009097643520661142, 0.002120619848361707, 0.0028182411543684126, 0.0040436025608664656, 0.0008253817919117955, 0.0018740477896248783, 0.0009716636374830481, 0.001242034852600766, 0.0012059941123848208, 0.0023729847700665004, 0.004630449702409148, 0.015399957355781606, 0.005656146062216092, 0.0014164755771550583, 0.0032580990352014025, 0.0013731719140478774, 0.0012879060367259026, 0.0017998234573125217, 0.0016810130656894219, 0.010831717001538028, 0.0007299996207594085, 0.0008510701251341534, 0.0048077770238031635, 0.007852109929918595, 0.003063597306696012, 0.0014489009138329732, 0.001503738261993432]","[0.8095238095238096, 0.9761904761904763, 0.880952380952381, 0.9761904761904763, 0.9761904761904763, 0.9047619047619048, 0.9047619047619048, 0.9761904761904763, 1.0, 0.9285714285714287, 0.9761904761904763, 0.9761904761904763, 0.9047619047619048, 1.0, 0.7857142857142858, 0.9523809523809524, 0.9761904761904763, 0.9761904761904763, 0.9285714285714287, 1.0, 1.0, 1.0, 0.9523809523809524, 0.9761904761904763, 0.9761904761904763, 0.9047619047619048, 0.9047619047619048, 0.9761904761904763, 0.9285714285714287, 0.9285714285714287]","[0.6428571428571428, 0.9285714285714285, 0.7142857142857142, 0.9285714285714285, 0.9285714285714285, 0.7857142857142856, 0.7857142857142856, 0.9285714285714285, 0.9999999999999998, 0.8571428571428571, 0.9285714285714285, 0.9285714285714285, 0.7857142857142856, 0.9999999999999998, 0.6428571428571428, 0.8571428571428571, 0.9285714285714285, 0.9285714285714285, 0.8571428571428571, 0.9999999999999998, 0.9999999999999998, 0.9999999999999998, 0.8571428571428571, 0.9285714285714285, 0.9285714285714285, 0.7857142857142856, 0.7857142857142856, 0.9285714285714285, 0.8571428571428571, 0.8571428571428571]","[1.0, 1.0, 1.0, 1.0, 1.0, 1.0, 1.0, 1.0, 1.0, 1.0, 1.0, 1.0, 1.0, 1.0, 1.0, 1.0, 1.0, 1.0, 1.0, 1.0, 1.0, 1.0, 0.6666666666666666, 1.0, 1.0, 1.0, 1.0, 1.0, 1.0, 1.0]","[0.8, 1.0, 1.0, 1.0, 1.0, 1.0, 1.0, 1.0, 1.0, 1.0, 1.0, 1.0, 1.0, 1.0, 0.8, 1.0, 1.0, 1.0, 1.0, 1.0, 1.0, 1.0, 1.0, 1.0, 1.0, 1.0, 1.0, 1.0, 1.0, 1.0]"
california,rf,1000,6,8,b3_is,0.002359247053214879,0.0022840894483235293,0.0002949058816518599,0.00028551118104044117,0.0015928768447666239,0.003258665933554047,0.7047086138177697,0.9587301587301587,0.03933178315353607,0.9460317460317459,0.9722222222222221,0.9023809523809521,0.08744936986765214,1.0,0.0,1.0,0.0,0.00024878952608329777,0.0,1000.0,9.866804526667693,0.14466652073632982,1000.0,"[0.00538669911720168, 0.0002543320853191876, 0.0017211915009537591, 0.009322532755176693, 0.0030929859517990267, 0.001474975575991226, 0.003161509504966344, 0.007119844339398959, 0.0006341331759341925, 0.0017185506539418112, 0.0004725051248123462, 0.0013979760373349867, 0.000747022356345842, 0.0018732627361135287, 0.007544590531513489, 0.0010207946130997073, 0.00044019571529818277, 0.0024303146194778655, 0.0008688011237542651, 0.0033016543911529965, 0.0008491608293090394, 0.0004676529608840065, 0.00106972125076577, 0.001750434110614967, 0.0003807029135308014, 0.0014314083659644427, 0.005380657144802645, 0.002338492821964064, 0.0018325677204891785, 0.001292741568535382]","[1.0, 1.0, 0.9761904761904763, 0.880952380952381, 0.880952380952381, 1.0, 0.9761904761904763, 0.9047619047619048, 1.0, 0.9285714285714287, 0.9285714285714287, 0.9285714285714287, 0.9761904761904763, 0.9761904761904763, 0.9285714285714287, 1.0, 1.0, 0.9285714285714287, 0.9761904761904763, 0.9761904761904763, 1.0, 1.0, 0.9761904761904763, 0.9285714285714287, 0.9047619047619048, 0.9761904761904763, 0.880952380952381, 0.9761904761904763, 0.9761904761904763, 0.9761904761904763]","[0.9999999999999998, 0.9999999999999998, 0.9285714285714285, 0.7142857142857142, 0.7142857142857142, 0.9999999999999998, 0.9285714285714285, 0.7857142857142856, 0.9999999999999998, 0.8571428571428571, 0.8571428571428571, 0.8571428571428571, 0.9285714285714285, 0.9285714285714285, 0.8571428571428571, 0.9999999999999998, 0.9999999999999998, 0.8571428571428571, 0.9285714285714285, 0.9285714285714285, 0.9999999999999998, 0.9999999999999998, 0.9285714285714285, 0.8571428571428571, 0.7857142857142856, 0.9285714285714285, 0.7142857142857142, 0.9285714285714285, 0.9285714285714285, 0.9285714285714285]","[1.0, 1.0, 1.0, 1.0, 1.0, 1.0, 1.0, 1.0, 1.0, 1.0, 1.0, 1.0, 1.0, 1.0, 1.0, 1.0, 1.0, 1.0, 1.0, 1.0, 1.0, 1.0, 1.0, 1.0, 1.0, 1.0, 1.0, 1.0, 1.0, 1.0]","[1.0, 1.0, 1.0, 1.0, 1.0, 1.0, 1.0, 1.0, 1.0, 1.0, 1.0, 1.0, 1.0, 1.0, 1.0, 1.0, 1.0, 1.0, 1.0, 1.0, 1.0, 1.0, 1.0, 1.0, 1.0, 1.0, 1.0, 1.0, 1.0, 1.0]"
california,rf,1000,6,8,b4_antithetic,0.0005230935563823359,0.0001320933658232451,6.538669454779199e-05,1.651167072790564e-05,0.00047496521201320716,0.0005710082122657736,0.15624838208990602,1.0,0.0,1.0,1.0,0.9999999999999998,0.0,1.0,0.0,1.0,0.0,4.6209091644711814e-06,0.0,1000.0,9.730070293329966,0.6509302936241523,1000.0,"[0.0004971949819199187, 0.0004938152952655906, 0.00034282261834494594, 0.0007344340009219155, 0.0006565364535305943, 0.0003683531595899055, 0.0006886977397163891, 0.00042128805145131486, 0.00041515720591712817, 0.00042411233021843537, 0.000739027835004405, 0.0003857213154923715, 0.0005049126968095982, 0.0006242414774369588, 0.0006083866049678666, 0.00048700124957362016, 0.000392681095327621, 0.00043489511140068607, 0.0006720969628427123, 0.0006729171619696589, 0.0004599983173180149, 0.00045561676026319734, 0.0005797793311435435, 0.00033541415592052993, 0.00041392258255259487, 0.0007655562872256708, 0.0004433767116519043, 0.00051076274858179, 0.0004109095254684981, 0.0007531769236426951]","[1.0, 1.0, 1.0, 1.0, 1.0, 1.0, 1.0, 1.0, 1.0, 1.0, 1.0, 1.0, 1.0, 1.0, 1.0, 1.0, 1.0, 1.0, 1.0, 1.0, 1.0, 1.0, 1.0, 1.0, 1.0, 1.0, 1.0, 1.0, 1.0, 1.0]","[0.9999999999999998, 0.9999999999999998, 0.9999999999999998, 0.9999999999999998, 0.9999999999999998, 0.9999999999999998, 0.9999999999999998, 0.9999999999999998, 0.9999999999999998, 0.9999999999999998, 0.9999999999999998, 0.9999999999999998, 0.9999999999999998, 0.9999999999999998, 0.9999999999999998, 0.9999999999999998, 0.9999999999999998, 0.9999999999999998, 0.9999999999999998, 0.9999999999999998, 0.9999999999999998, 0.9999999999999998, 0.9999999999999998, 0.9999999999999998, 0.9999999999999998, 0.9999999999999998, 0.9999999999999998, 0.9999999999999998, 0.9999999999999998, 0.9999999999999998]","[1.0, 1.0, 1.0, 1.0, 1.0, 1.0, 1.0, 1.0, 1.0, 1.0, 1.0, 1.0, 1.0, 1.0, 1.0, 1.0, 1.0, 1.0, 1.0, 1.0, 1.0, 1.0, 1.0, 1.0, 1.0, 1.0, 1.0, 1.0, 1.0, 1.0]","[1.0, 1.0, 1.0, 1.0, 1.0, 1.0, 1.0, 1.0, 1.0, 1.0, 1.0, 1.0, 1.0, 1.0, 1.0, 1.0, 1.0, 1.0, 1.0, 1.0, 1.0, 1.0, 1.0, 1.0, 1.0, 1.0, 1.0, 1.0, 1.0, 1.0]"
california,rf,1000,7,8,abc_shap,0.0015995803857323325,0.001248312351794522,0.00019994754821654157,0.00015603904397431525,0.0011608129990585895,0.0020726161643721706,6.702166684642681,0.976984126984127,0.018931524510915166,0.9698412698412698,0.9833333333333333,0.9333333333333332,0.04856209060564553,1.0,0.0,1.0,0.0,0.0001402001465618757,480.0,520.0,10.620601409997713,0.5798208451796605,480.0,"[0.0003643556258198702, 0.0014030737560274884, 0.0015867943972056172, 0.0004521353190882652, 0.0023313262817075847, 0.00112103074956368, 0.0006932489900528727, 0.00039563093307771124, 0.0035021929973150967, 0.000282699062901633, 0.0007268329954810732, 0.0014279505431742175, 0.00020213020793807156, 0.003025747275980876, 0.003469968376743789, 0.00019188677928688513, 0.002070022625178975, 0.002439471662086273, 0.0024516701699561646, 0.0027158522361102537, 0.0007092353326148349, 0.0035888119842148155, 0.0032948055187206273, 0.0001489920271690671, 0.0005322644578500681, 0.004335972099531617, 0.00042315829037419244, 0.00044421388402420225, 0.0025839884839264486, 0.001071948508847709]","[0.9761904761904763, 1.0, 0.9761904761904763, 0.9761904761904763, 0.9761904761904763, 0.9761904761904763, 0.9761904761904763, 1.0, 0.9761904761904763, 1.0, 0.9761904761904763, 0.9761904761904763, 0.9761904761904763, 0.9761904761904763, 0.9523809523809524, 0.9761904761904763, 0.9761904761904763, 0.9761904761904763, 0.9761904761904763, 0.9047619047619048, 0.9761904761904763, 0.9761904761904763, 0.9523809523809524, 1.0, 1.0, 0.9523809523809524, 1.0, 1.0, 0.9761904761904763, 0.9761904761904763]","[0.9285714285714285, 0.9999999999999998, 0.9285714285714285, 0.9285714285714285, 0.9285714285714285, 0.9285714285714285, 0.9285714285714285, 0.9999999999999998, 0.9285714285714285, 0.9999999999999998, 0.9285714285714285, 0.9285714285714285, 0.9285714285714285, 0.9285714285714285, 0.8571428571428571, 0.9285714285714285, 0.9285714285714285, 0.9285714285714285, 0.9285714285714285, 0.7857142857142856, 0.9285714285714285, 0.9285714285714285, 0.8571428571428571, 0.9999999999999998, 0.9999999999999998, 0.8571428571428571, 0.9999999999999998, 0.9999999999999998, 0.9285714285714285, 0.9285714285714285]","[1.0, 1.0, 1.0, 1.0, 1.0, 1.0, 1.0, 1.0, 1.0, 1.0, 1.0, 1.0, 1.0, 1.0, 1.0, 1.0, 1.0, 1.0, 1.0, 1.0, 1.0, 1.0, 1.0, 1.0, 1.0, 1.0, 1.0, 1.0, 1.0, 1.0]","[1.0, 1.0, 1.0, 1.0, 1.0, 1.0, 1.0, 1.0, 1.0, 1.0, 1.0, 1.0, 1.0, 1.0, 1.0, 1.0, 1.0, 1.0, 1.0, 1.0, 1.0, 1.0, 1.0, 1.0, 1.0, 1.0, 1.0, 1.0, 1.0, 1.0]"
california,rf,1000,7,8,b1_uniform,0.000613261669420882,0.000258314198165945,7.665770867761026e-05,3.228927477074313e-05,0.0005227608721922848,0.0007016844293293787,2.569537590246978,0.9928571428571428,0.01091089451179958,0.9888888888888888,0.9968253968253968,0.9785714285714282,0.03273268353539879,1.0,0.0,1.0,0.0,4.253251428692138e-05,0.0,1000.0,10.431627699998595,0.5724377386126818,1000.0,"[0.0010911025353224294, 0.0005178973825183383, 0.000773804737523105, 0.0012515137101870185, 0.0001945834476417834, 0.00026535574580215907, 0.0005288674682192338, 0.0005265778002290822, 0.0007016152202334091, 0.000580318747827273, 0.0007253265086558654, 0.0007408870702105924, 0.0002467725272059571, 0.0006781805400801823, 0.0004911559477255919, 0.0009237489294943392, 0.0004079992896236854, 0.0008294498324850513, 0.0006252791845272894, 0.001136482856018332, 0.0006299338140086557, 0.0007375527238708854, 0.0002514785575158892, 0.0006391956760639427, 0.0005362616705139891, 0.0004038727937028551, 0.00047566256786834925, 0.0007375973173535792, 0.0002637512094008942, 0.00048562427079670416]","[1.0, 1.0, 0.9761904761904763, 1.0, 0.9761904761904763, 1.0, 1.0, 1.0, 1.0, 0.9761904761904763, 1.0, 0.9761904761904763, 1.0, 1.0, 1.0, 1.0, 1.0, 1.0, 1.0, 1.0, 0.9761904761904763, 0.9761904761904763, 1.0, 0.9761904761904763, 0.9761904761904763, 1.0, 1.0, 0.9761904761904763, 1.0, 1.0]","[0.9999999999999998, 0.9999999999999998, 0.9285714285714285, 0.9999999999999998, 0.9285714285714285, 0.9999999999999998, 0.9999999999999998, 0.9999999999999998, 0.9999999999999998, 0.9285714285714285, 0.9999999999999998, 0.9285714285714285, 0.9999999999999998, 0.9999999999999998, 0.9999999999999998, 0.9999999999999998, 0.9999999999999998, 0.9999999999999998, 0.9999999999999998, 0.9999999999999998, 0.9285714285714285, 0.9285714285714285, 0.9999999999999998, 0.9285714285714285, 0.9285714285714285, 0.9999999999999998, 0.9999999999999998, 0.9285714285714285, 0.9999999999999998, 0.9999999999999998]","[1.0, 1.0, 1.0, 1.0, 1.0, 1.0, 1.0, 1.0, 1.0, 1.0, 1.0, 1.0, 1.0, 1.0, 1.0, 1.0, 1.0, 1.0, 1.0, 1.0, 1.0, 1.0, 1.0, 1.0, 1.0, 1.0, 1.0, 1.0, 1.0, 1.0]","[1.0, 1.0, 1.0, 1.0, 1.0, 1.0, 1.0, 1.0, 1.0, 1.0, 1.0, 1.0, 1.0, 1.0, 1.0, 1.0, 1.0, 1.0, 1.0, 1.0, 1.0, 1.0, 1.0, 1.0, 1.0, 1.0, 1.0, 1.0, 1.0, 1.0]"
california,rf,1000,7,8,b2_stratified,0.0002386661599147638,0.0001368621233932756,2.9833269989345477e-05,1.710776542415945e-05,0.0001914205014201147,0.00029162393254721585,1.0,0.992063492063492,0.011223917161691192,0.9880952380952379,0.9960317460317459,0.9761904761904758,0.03367175148507363,1.0,0.0,1.0,0.0,2.9682782712542256e-05,0.0,1000.0,10.45507043999775,0.44572725215835013,1000.0,"[0.0003496001250571574, 0.00013316726624166257, 5.509368794263648e-05, 0.00043998336192764656, 0.00014116847158171576, 0.00024275244134189909, 0.00017660943979771782, 0.00043575981537843906, 0.00044715608658270096, 0.00018413222041432106, 0.00012131632002839265, 5.1783658492841115e-05, 0.0003017175967373411, 0.00048799992043962656, 0.0003530304248233177, 7.919181677351058e-05, 0.00016730170773059962, 0.00028400460258463787, 9.489802650363659e-05, 0.00026874337908103463, 0.00021620063256810144, 0.0001267881479468612, 0.00020905162067700014, 0.00041041303724835153, 0.000293028803103601, 0.00017096597847613597, 6.159841829145181e-05, 0.0005272135363001355, 0.00022397915122352873, 0.00010533510214691047]","[1.0, 1.0, 0.9761904761904763, 1.0, 0.9761904761904763, 1.0, 1.0, 1.0, 1.0, 1.0, 0.9761904761904763, 1.0, 1.0, 0.9761904761904763, 0.9761904761904763, 1.0, 1.0, 1.0, 1.0, 0.9761904761904763, 0.9761904761904763, 1.0, 1.0, 1.0, 1.0, 1.0, 0.9761904761904763, 0.9761904761904763, 0.9761904761904763, 1.0]","[0.9999999999999998, 0.9999999999999998, 0.9285714285714285, 0.9999999999999998, 0.9285714285714285, 0.9999999999999998, 0.9999999999999998, 0.9999999999999998, 0.9999999999999998, 0.9999999999999998, 0.9285714285714285, 0.9999999999999998, 0.9999999999999998, 0.9285714285714285, 0.9285714285714285, 0.9999999999999998, 0.9999999999999998, 0.9999999999999998, 0.9999999999999998, 0.9285714285714285, 0.9285714285714285, 0.9999999999999998, 0.9999999999999998, 0.9999999999999998, 0.9999999999999998, 0.9999999999999998, 0.9285714285714285, 0.9285714285714285, 0.9285714285714285, 0.9999999999999998]","[1.0, 1.0, 1.0, 1.0, 1.0, 1.0, 1.0, 1.0, 1.0, 1.0, 1.0, 1.0, 1.0, 1.0, 1.0, 1.0, 1.0, 1.0, 1.0, 1.0, 1.0, 1.0, 1.0, 1.0, 1.0, 1.0, 1.0, 1.0, 1.0, 1.0]","[1.0, 1.0, 1.0, 1.0, 1.0, 1.0, 1.0, 1.0, 1.0, 1.0, 1.0, 1.0, 1.0, 1.0, 1.0, 1.0, 1.0, 1.0, 1.0, 1.0, 1.0, 1.0, 1.0, 1.0, 1.0, 1.0, 1.0, 1.0, 1.0, 1.0]"
california,rf,1000,7,8,b3_is,0.0002504000677020698,0.0002176810564180123,3.130000846275873e-05,2.7210132052251538e-05,0.00017993882390979505,0.00033711469530475194,1.0491645224924078,0.992063492063492,0.011223917161691192,0.9880952380952379,0.9960317460317459,0.9761904761904758,0.03367175148507363,1.0,0.0,1.0,0.0,3.0482160523479306e-05,0.0,1000.0,10.519058130002426,0.42233892393125644,1000.0,"[6.893096192550884e-05, 0.00018499392259648483, 0.00037702647453153405, 0.0009222316033022008, 9.089705865161145e-05, 0.00018189895276693422, 0.0001428925585135289, 5.6557261140700346e-05, 9.134389977712435e-05, 0.0001887637817480317, 0.0002460868053802048, 0.00011836083090914756, 0.00010978265692428961, 0.00017774778358530078, 0.0004239024472507114, 0.0007166822637916941, 0.0006215354275424702, 0.0002537655265135752, 5.003702540685943e-05, 0.00022288953275966783, 6.876288967490463e-05, 0.00012239700952668394, 9.152457378656878e-05, 7.64814976243565e-05, 0.0004412062579606263, 0.0005239750064469999, 0.0001510270626328045, 0.00023841261222784394, 0.0005130774923847552, 3.8810853778970526e-05]","[1.0, 0.9761904761904763, 1.0, 1.0, 0.9761904761904763, 0.9761904761904763, 1.0, 1.0, 1.0, 0.9761904761904763, 1.0, 1.0, 1.0, 0.9761904761904763, 1.0, 1.0, 1.0, 1.0, 1.0, 0.9761904761904763, 1.0, 1.0, 1.0, 1.0, 0.9761904761904763, 0.9761904761904763, 0.9761904761904763, 1.0, 0.9761904761904763, 1.0]","[0.9999999999999998, 0.9285714285714285, 0.9999999999999998, 0.9999999999999998, 0.9285714285714285, 0.9285714285714285, 0.9999999999999998, 0.9999999999999998, 0.9999999999999998, 0.9285714285714285, 0.9999999999999998, 0.9999999999999998, 0.9999999999999998, 0.9285714285714285, 0.9999999999999998, 0.9999999999999998, 0.9999999999999998, 0.9999999999999998, 0.9999999999999998, 0.9285714285714285, 0.9999999999999998, 0.9999999999999998, 0.9999999999999998, 0.9999999999999998, 0.9285714285714285, 0.9285714285714285, 0.9285714285714285, 0.9999999999999998, 0.9285714285714285, 0.9999999999999998]","[1.0, 1.0, 1.0, 1.0, 1.0, 1.0, 1.0, 1.0, 1.0, 1.0, 1.0, 1.0, 1.0, 1.0, 1.0, 1.0, 1.0, 1.0, 1.0, 1.0, 1.0, 1.0, 1.0, 1.0, 1.0, 1.0, 1.0, 1.0, 1.0, 1.0]","[1.0, 1.0, 1.0, 1.0, 1.0, 1.0, 1.0, 1.0, 1.0, 1.0, 1.0, 1.0, 1.0, 1.0, 1.0, 1.0, 1.0, 1.0, 1.0, 1.0, 1.0, 1.0, 1.0, 1.0, 1.0, 1.0, 1.0, 1.0, 1.0, 1.0]"
california,rf,1000,7,8,b4_antithetic,0.0003561753772949838,0.00010696125819308088,4.4521922161872975e-05,1.337015727413511e-05,0.00031656558858962115,0.00039777770012165426,1.4923581014677016,1.0,0.0,1.0,1.0,0.9999999999999998,0.0,1.0,0.0,1.0,0.0,4.648930203604458e-06,0.0,1000.0,10.486293413330957,0.41484876102280444,1000.0,"[0.00022416929349663577, 0.0003590702340366376, 0.00040790159614495063, 0.00043940010380825935, 0.00019497733379100052, 0.0005198271017034529, 0.0006198125256511358, 0.0003787078700631845, 0.00030298976233829794, 0.0003673154289310043, 0.00037212714652577424, 0.0003030046284005064, 0.0002876653731291866, 0.0003369913136790604, 0.0006024845698295669, 0.0004563404568642121, 0.00034720549317198215, 0.0005349896935306146, 0.00023136203684231537, 0.0003385787973264551, 0.00029403189481371503, 0.0003290602661875905, 0.0004304277008067811, 0.0003742646492205773, 0.00027914682378711364, 0.00032209653619478314, 0.00019462187261847365, 0.0002467535191142901, 0.00031182756295436616, 0.00027810973388759063]","[1.0, 1.0, 1.0, 1.0, 1.0, 1.0, 1.0, 1.0, 1.0, 1.0, 1.0, 1.0, 1.0, 1.0, 1.0, 1.0, 1.0, 1.0, 1.0, 1.0, 1.0, 1.0, 1.0, 1.0, 1.0, 1.0, 1.0, 1.0, 1.0, 1.0]","[0.9999999999999998, 0.9999999999999998, 0.9999999999999998, 0.9999999999999998, 0.9999999999999998, 0.9999999999999998, 0.9999999999999998, 0.9999999999999998, 0.9999999999999998, 0.9999999999999998, 0.9999999999999998, 0.9999999999999998, 0.9999999999999998, 0.9999999999999998, 0.9999999999999998, 0.9999999999999998, 0.9999999999999998, 0.9999999999999998, 0.9999999999999998, 0.9999999999999998, 0.9999999999999998, 0.9999999999999998, 0.9999999999999998, 0.9999999999999998, 0.9999999999999998, 0.9999999999999998, 0.9999999999999998, 0.9999999999999998, 0.9999999999999998, 0.9999999999999998]","[1.0, 1.0, 1.0, 1.0, 1.0, 1.0, 1.0, 1.0, 1.0, 1.0, 1.0, 1.0, 1.0, 1.0, 1.0, 1.0, 1.0, 1.0, 1.0, 1.0, 1.0, 1.0, 1.0, 1.0, 1.0, 1.0, 1.0, 1.0, 1.0, 1.0]","[1.0, 1.0, 1.0, 1.0, 1.0, 1.0, 1.0, 1.0, 1.0, 1.0, 1.0, 1.0, 1.0, 1.0, 1.0, 1.0, 1.0, 1.0, 1.0, 1.0, 1.0, 1.0, 1.0, 1.0, 1.0, 1.0, 1.0, 1.0, 1.0, 1.0]"
california,rf,1000,8,8,abc_shap,0.015099831211387487,0.011612266098348537,0.0018874789014234358,0.0014515332622935672,0.011002179243546455,0.019688332520220304,8.168764386217733,0.8833333333333333,0.09269419973031341,0.8476190476190476,0.915079365079365,0.776190476190476,0.1205617990587825,0.8222222222222223,0.16629588385661964,0.8933333333333334,0.11234866364235144,0.001868319193159417,480.0,520.0,9.795620846668802,0.757233500011916,480.0,"[0.02583842562933033, 0.014245271516165713, 0.02534819579256953, 0.006909674641212717, 0.005772434353386449, 0.016600464649068544, 0.011150555365871534, 0.003127688241093026, 0.042079953758380355, 0.019400687794682417, 0.009877199230399881, 0.0018342806225052604, 0.023410338336886303, 0.007145279548283227, 0.004448103971543828, 0.022981626461740498, 0.04728853879413027, 0.001054738345504805, 0.004549862527706571, 0.0026900607372168975, 0.018192853733511493, 0.010893999878869675, 0.029644800527655165, 0.008835746215213044, 0.030435186659588675, 0.011071254042376124, 0.01858609417851188, 0.0012315674472935746, 0.017097383552313848, 0.011252669788612968]","[0.7857142857142858, 0.8571428571428572, 0.7857142857142858, 0.9523809523809524, 0.9523809523809524, 0.9761904761904763, 0.7857142857142858, 0.9761904761904763, 0.8333333333333335, 0.8095238095238096, 0.8095238095238096, 0.9761904761904763, 0.7857142857142858, 0.9047619047619048, 0.9523809523809524, 0.9047619047619048, 0.5714285714285715, 0.9285714285714287, 0.9523809523809524, 0.9761904761904763, 0.8333333333333335, 0.8571428571428572, 0.8095238095238096, 0.9761904761904763, 0.9523809523809524, 0.9523809523809524, 0.7857142857142858, 0.9285714285714287, 0.9523809523809524, 0.9761904761904763]","[0.6428571428571428, 0.7142857142857142, 0.6428571428571428, 0.8571428571428571, 0.8571428571428571, 0.9285714285714285, 0.6428571428571428, 0.9285714285714285, 0.6428571428571428, 0.6428571428571428, 0.6428571428571428, 0.9285714285714285, 0.6428571428571428, 0.7857142857142856, 0.8571428571428571, 0.7857142857142856, 0.4999999999999999, 0.8571428571428571, 0.8571428571428571, 0.9285714285714285, 0.7142857142857142, 0.7857142857142856, 0.6428571428571428, 0.9285714285714285, 0.8571428571428571, 0.8571428571428571, 0.6428571428571428, 0.7857142857142856, 0.8571428571428571, 0.9285714285714285]","[0.6666666666666666, 0.6666666666666666, 0.6666666666666666, 1.0, 1.0, 1.0, 0.6666666666666666, 0.6666666666666666, 0.6666666666666666, 0.6666666666666666, 0.6666666666666666, 0.6666666666666666, 1.0, 0.6666666666666666, 1.0, 0.6666666666666666, 0.6666666666666666, 1.0, 0.6666666666666666, 1.0, 0.6666666666666666, 1.0, 0.6666666666666666, 1.0, 1.0, 1.0, 1.0, 0.6666666666666666, 1.0, 1.0]","[0.8, 1.0, 0.8, 0.8, 1.0, 1.0, 0.8, 1.0, 1.0, 0.8, 0.8, 1.0, 0.8, 1.0, 0.8, 1.0, 0.6, 0.8, 1.0, 1.0, 0.8, 0.8, 0.8, 1.0, 1.0, 1.0, 0.8, 0.8, 1.0, 1.0]"
california,rf,1000,8,8,b1_uniform,0.00208828742571031,0.0012494798551828212,0.0002610359282137888,0.00015618498189785265,0.0016614239372765723,0.002559746897477401,1.1297297110489493,0.9603174603174603,0.02484519974999766,0.950793650793651,0.969047619047619,0.8904761904761904,0.05450249115361711,0.9222222222222223,0.14098419489388359,0.8666666666666668,0.09428090415820631,0.00023385494877242377,0.0,1000.0,9.640414233330132,0.5089566168880073,1000.0,"[0.0022516876716127654, 0.0036297466881012905, 0.002031037923215041, 0.002854572847277301, 0.002213573288348788, 0.0026788648593596824, 0.0013933338766559686, 0.0015612064816378603, 0.003903328871730929, 0.0008834265412057782, 0.0024627212957638194, 0.0010525045239860801, 0.0010966922643603119, 0.0023926272589127216, 0.001982937205685804, 0.001160209263721795, 0.006948832145915452, 0.0007505992900328473, 0.003013127429643381, 0.000991928444463146, 0.0022086808634962395, 0.001003863533935854, 0.0011021304700820685, 0.0008450372322224755, 0.0014914312669736004, 0.0025370214582537184, 0.0014028520026444597, 0.0011293199012501112, 0.0023087025245976237, 0.003366625346222393]","[0.9761904761904763, 0.9761904761904763, 0.9523809523809524, 0.9761904761904763, 0.9523809523809524, 0.9761904761904763, 0.9523809523809524, 0.9761904761904763, 0.880952380952381, 0.9761904761904763, 0.9285714285714287, 0.9523809523809524, 0.9761904761904763, 0.9761904761904763, 0.9761904761904763, 0.9523809523809524, 0.9523809523809524, 0.9761904761904763, 0.9285714285714287, 0.9523809523809524, 0.9523809523809524, 1.0, 0.9523809523809524, 0.9761904761904763, 0.9523809523809524, 0.9047619047619048, 0.9523809523809524, 0.9761904761904763, 1.0, 0.9761904761904763]","[0.9285714285714285, 0.9285714285714285, 0.8571428571428571, 0.9285714285714285, 0.8571428571428571, 0.9285714285714285, 0.8571428571428571, 0.9285714285714285, 0.7857142857142856, 0.9285714285714285, 0.8571428571428571, 0.8571428571428571, 0.9285714285714285, 0.9285714285714285, 0.9285714285714285, 0.8571428571428571, 0.8571428571428571, 0.9285714285714285, 0.7857142857142856, 0.8571428571428571, 0.8571428571428571, 0.9999999999999998, 0.8571428571428571, 0.9285714285714285, 0.8571428571428571, 0.7857142857142856, 0.8571428571428571, 0.9285714285714285, 0.9999999999999998, 0.9285714285714285]","[1.0, 0.6666666666666666, 1.0, 1.0, 1.0, 1.0, 1.0, 1.0, 1.0, 1.0, 1.0, 1.0, 0.6666666666666666, 1.0, 1.0, 1.0, 0.6666666666666666, 1.0, 0.6666666666666666, 1.0, 1.0, 1.0, 1.0, 0.6666666666666666, 1.0, 0.6666666666666666, 1.0, 0.6666666666666666, 1.0, 1.0]","[1.0, 1.0, 0.8, 1.0, 0.8, 1.0, 0.8, 0.8, 0.8, 0.8, 0.8, 0.8, 1.0, 0.8, 0.8, 0.8, 0.8, 0.8, 0.8, 0.8, 0.8, 1.0, 0.8, 1.0, 0.8, 0.8, 0.8, 1.0, 1.0, 1.0]"
california,rf,1000,8,8,b2_stratified,0.0018484841155247162,0.0012414132662804033,0.00023106051444058952,0.00015517665828505042,0.001433308136325958,0.0023343845699103304,1.0,0.9658730158730159,0.03672296921034688,0.9515873015873016,0.9777777777777776,0.9142857142857141,0.07911070345636256,0.888888888888889,0.15713484026367722,0.9533333333333334,0.08459051693633012,0.0002162693938089767,0.0,1000.0,9.843707243331785,0.3842683119767213,1000.0,"[0.0008806085076588605, 0.00071620656248718, 0.0010026125371378509, 0.0002214843491049304, 0.0005518289503743713, 0.0010848978837012112, 0.000782285601559299, 0.004905014982062017, 0.0013345020256006071, 0.0008113448117268809, 0.002823656205163843, 0.0028996561774038906, 0.003292364034823545, 0.000585260965961294, 0.0023952945762048174, 0.0023044027274555052, 0.0014861475541389185, 0.0013941293946361684, 0.00171633658376225, 0.0027312278188993296, 0.0017923597997343175, 0.001963818785978593, 0.0020608579460297807, 0.001977900590908747, 0.005726683987651113, 0.0006016583298193062, 0.000755760429902876, 0.0018181153253971987, 0.0029983883093449943, 0.001839717711111793]","[0.9761904761904763, 1.0, 0.9523809523809524, 1.0, 0.9523809523809524, 1.0, 0.9761904761904763, 1.0, 0.9761904761904763, 0.9761904761904763, 1.0, 1.0, 0.9047619047619048, 0.9523809523809524, 0.9285714285714287, 0.9761904761904763, 0.9285714285714287, 1.0, 0.9761904761904763, 0.8571428571428572, 0.9761904761904763, 0.880952380952381, 1.0, 0.9761904761904763, 0.9523809523809524, 1.0, 1.0, 0.9285714285714287, 0.9761904761904763, 0.9523809523809524]","[0.9285714285714285, 0.9999999999999998, 0.8571428571428571, 0.9999999999999998, 0.8571428571428571, 0.9999999999999998, 0.9285714285714285, 0.9999999999999998, 0.9285714285714285, 0.9285714285714285, 0.9999999999999998, 0.9999999999999998, 0.7857142857142856, 0.8571428571428571, 0.8571428571428571, 0.9285714285714285, 0.7857142857142856, 0.9999999999999998, 0.9285714285714285, 0.7857142857142856, 0.9285714285714285, 0.7142857142857142, 0.9999999999999998, 0.9285714285714285, 0.8571428571428571, 0.9999999999999998, 0.9999999999999998, 0.8571428571428571, 0.9285714285714285, 0.8571428571428571]","[0.6666666666666666, 1.0, 0.6666666666666666, 1.0, 0.6666666666666666, 1.0, 0.6666666666666666, 1.0, 1.0, 1.0, 1.0, 1.0, 0.6666666666666666, 0.6666666666666666, 1.0, 1.0, 0.6666666666666666, 1.0, 0.6666666666666666, 1.0, 1.0, 0.6666666666666666, 1.0, 1.0, 0.6666666666666666, 1.0, 1.0, 1.0, 1.0, 1.0]","[1.0, 1.0, 1.0, 1.0, 1.0, 1.0, 1.0, 1.0, 0.8, 1.0, 1.0, 1.0, 1.0, 0.8, 1.0, 1.0, 0.8, 1.0, 1.0, 0.8, 1.0, 0.8, 1.0, 1.0, 0.8, 1.0, 1.0, 1.0, 1.0, 0.8]"
california,rf,1000,8,8,b3_is,0.0013422191707363324,0.000815762803539312,0.00016777739634204155,0.000101970350442414,0.0010523833944321216,0.0016647180469350688,0.7261188556956174,0.9714285714285715,0.029738085706659027,0.9610912698412698,0.9817460317460317,0.9238095238095236,0.07126966450997978,0.8444444444444446,0.16629588385661964,0.9733333333333333,0.06798692684790376,0.00015575553575716372,0.0,1000.0,9.87192742000334,0.3269472146669074,1000.0,"[0.0021853188292698406, 0.002742724610494359, 0.0020164754603877, 0.0012779163375353465, 0.0005352559292135183, 0.000943856145723722, 0.0010419924579867944, 0.001065705022735834, 0.002040364222441551, 0.0012922612215337111, 0.0006562054836493775, 0.002191422186375172, 0.0014442221025857441, 0.0009397111612006781, 0.0003443517612845475, 0.0006989639177258454, 0.0002872817190816836, 0.0019599400507168785, 0.0006096349569997398, 0.000456417695689277, 0.0008704869135388963, 0.0018278430835768796, 0.001997291926795555, 0.0019490146942929619, 0.0007282607084133684, 0.0005319487073283484, 0.0015347714804337905, 0.004009062140917285, 0.0013276353662566166, 0.0007602388279049492]","[1.0, 0.9523809523809524, 0.9761904761904763, 0.9047619047619048, 0.9761904761904763, 0.9523809523809524, 0.9523809523809524, 1.0, 1.0, 0.9761904761904763, 1.0, 0.9523809523809524, 1.0, 0.9761904761904763, 0.9761904761904763, 0.9047619047619048, 1.0, 0.9523809523809524, 1.0, 1.0, 1.0, 0.9761904761904763, 0.9761904761904763, 0.9761904761904763, 1.0, 0.9523809523809524, 0.9285714285714287, 0.9047619047619048, 1.0, 0.9761904761904763]","[0.9999999999999998, 0.8571428571428571, 0.9285714285714285, 0.7857142857142856, 0.9285714285714285, 0.8571428571428571, 0.8571428571428571, 0.9999999999999998, 0.9999999999999998, 0.9285714285714285, 0.9999999999999998, 0.8571428571428571, 0.9999999999999998, 0.9285714285714285, 0.9285714285714285, 0.7857142857142856, 0.9999999999999998, 0.8571428571428571, 0.9999999999999998, 0.9999999999999998, 0.9999999999999998, 0.9285714285714285, 0.9285714285714285, 0.9285714285714285, 0.9999999999999998, 0.8571428571428571, 0.8571428571428571, 0.7857142857142856, 0.9999999999999998, 0.9285714285714285]","[1.0, 0.6666666666666666, 0.6666666666666666, 0.6666666666666666, 1.0, 0.6666666666666666, 0.6666666666666666, 1.0, 1.0, 0.6666666666666666, 1.0, 0.6666666666666666, 1.0, 1.0, 0.6666666666666666, 1.0, 1.0, 0.6666666666666666, 1.0, 1.0, 1.0, 0.6666666666666666, 1.0, 0.6666666666666666, 1.0, 0.6666666666666666, 1.0, 0.6666666666666666, 1.0, 0.6666666666666666]","[1.0, 1.0, 1.0, 1.0, 0.8, 1.0, 1.0, 1.0, 1.0, 1.0, 1.0, 0.8, 1.0, 1.0, 1.0, 0.8, 1.0, 0.8, 1.0, 1.0, 1.0, 1.0, 1.0, 1.0, 1.0, 1.0, 1.0, 1.0, 1.0, 1.0]"
california,rf,1000,8,8,b4_antithetic,0.00018860343195956506,6.905138228717522e-05,2.3575428994945633e-05,8.631422785896903e-06,0.0001639295937066678,0.00021325473800675753,0.1020314052880176,0.9738095238095237,0.0071428571428571504,0.9706349206349206,0.9761904761904759,0.9214285714285712,0.02142857142857142,1.0,0.0,0.8000000000000003,2.220446049250313e-16,2.971132725253783e-06,0.0,1000.0,9.467688106671751,0.23921439698485186,1000.0,"[0.00019344105996671666, 0.00020923996842055987, 0.0002617051104705747, 0.00020056262627414143, 6.326992660989792e-05, 0.00017646699258679074, 0.00019805098387017664, 0.0001783385078452172, 0.00011906829746981737, 0.00015084850959839642, 0.0002604612428338986, 0.0002564155274008657, 0.00015839651296960553, 0.00030508043784064997, 0.00017863145189997749, 0.00015256134052450435, 0.00022853306552353384, 8.097640151433589e-05, 0.00011824533088127887, 8.27823802427081e-05, 0.00025140526374647617, 0.00021545477539450497, 0.0003321850893329801, 0.00017592403501725891, 0.0002537462149271877, 0.00024832920676512, 0.00014221053216041993, 0.0001071220891905767, 8.548059688229018e-05, 0.000273169480626489]","[0.9761904761904763, 0.9761904761904763, 0.9761904761904763, 0.9761904761904763, 0.9761904761904763, 0.9761904761904763, 0.9761904761904763, 0.9761904761904763, 0.9761904761904763, 0.9761904761904763, 0.9761904761904763, 0.9523809523809524, 0.9761904761904763, 0.9761904761904763, 0.9761904761904763, 0.9761904761904763, 0.9761904761904763, 0.9761904761904763, 0.9761904761904763, 0.9761904761904763, 0.9761904761904763, 0.9761904761904763, 0.9761904761904763, 0.9523809523809524, 0.9761904761904763, 0.9761904761904763, 0.9761904761904763, 0.9761904761904763, 0.9761904761904763, 0.9523809523809524]","[0.9285714285714285, 0.9285714285714285, 0.9285714285714285, 0.9285714285714285, 0.9285714285714285, 0.9285714285714285, 0.9285714285714285, 0.9285714285714285, 0.9285714285714285, 0.9285714285714285, 0.9285714285714285, 0.8571428571428571, 0.9285714285714285, 0.9285714285714285, 0.9285714285714285, 0.9285714285714285, 0.9285714285714285, 0.9285714285714285, 0.9285714285714285, 0.9285714285714285, 0.9285714285714285, 0.9285714285714285, 0.9285714285714285, 0.8571428571428571, 0.9285714285714285, 0.9285714285714285, 0.9285714285714285, 0.9285714285714285, 0.9285714285714285, 0.8571428571428571]","[1.0, 1.0, 1.0, 1.0, 1.0, 1.0, 1.0, 1.0, 1.0, 1.0, 1.0, 1.0, 1.0, 1.0, 1.0, 1.0, 1.0, 1.0, 1.0, 1.0, 1.0, 1.0, 1.0, 1.0, 1.0, 1.0, 1.0, 1.0, 1.0, 1.0]","[0.8, 0.8, 0.8, 0.8, 0.8, 0.8, 0.8, 0.8, 0.8, 0.8, 0.8, 0.8, 0.8, 0.8, 0.8, 0.8, 0.8, 0.8, 0.8, 0.8, 0.8, 0.8, 0.8, 0.8, 0.8, 0.8, 0.8, 0.8, 0.8, 0.8]"
california,rf,1000,9,8,abc_shap,0.013814646525248981,0.013342201910379794,0.0017268308156561227,0.0016677752387974742,0.009495248339131547,0.01906969188939822,8.548050057019331,0.8388888888888891,0.10095599973547914,0.8031746031746032,0.8714484126984127,0.7166666666666668,0.15701654375045282,0.9111111111111112,0.14740554623801783,0.8333333333333335,0.11642832797715319,0.0016908537726756986,480.0,520.0,10.561927783330127,0.6234938823231168,480.0,"[0.0016004852970666244, 0.006523766065659968, 0.011418915471075188, 0.0024953421000013876, 0.006760714008387229, 0.016313205315706018, 0.0033002329981769783, 0.0032917935130276064, 0.027992870461638446, 0.04298490782243327, 0.010696864423761316, 0.009100973275785698, 0.002692410177258389, 0.0025952263112646087, 0.03497322403255366, 0.02066497026438835, 0.019375509801385082, 0.002694447899461048, 0.05139327179458653, 0.0014516789089522339, 0.005662707052379339, 0.0014454168208019667, 0.021812853324311102, 0.0014756585886974956, 0.013474382751500024, 0.0009524715765981034, 0.023071212101552666, 0.03573599518530326, 0.016094785983011284, 0.016393102430744582]","[0.8571428571428572, 0.7619047619047621, 0.7857142857142858, 0.8333333333333335, 0.9523809523809524, 0.9047619047619048, 0.7857142857142858, 0.7380952380952381, 0.6666666666666669, 0.7619047619047621, 0.9761904761904763, 0.7619047619047621, 0.9761904761904763, 0.9285714285714287, 0.7380952380952381, 0.9523809523809524, 0.7380952380952381, 0.9285714285714287, 0.7619047619047621, 1.0, 1.0, 0.9285714285714287, 0.7619047619047621, 0.880952380952381, 0.8095238095238096, 0.8571428571428572, 0.9523809523809524, 0.6428571428571429, 0.7619047619047621, 0.7619047619047621]","[0.7857142857142856, 0.5714285714285714, 0.6428571428571428, 0.7142857142857142, 0.8571428571428571, 0.7857142857142856, 0.6428571428571428, 0.4999999999999999, 0.4999999999999999, 0.5714285714285714, 0.9285714285714285, 0.5714285714285714, 0.9285714285714285, 0.8571428571428571, 0.6428571428571428, 0.8571428571428571, 0.4999999999999999, 0.8571428571428571, 0.5714285714285714, 0.9999999999999998, 0.9999999999999998, 0.8571428571428571, 0.5714285714285714, 0.7857142857142856, 0.7142857142857142, 0.7857142857142856, 0.8571428571428571, 0.4999999999999999, 0.5714285714285714, 0.5714285714285714]","[1.0, 0.6666666666666666, 1.0, 1.0, 0.6666666666666666, 1.0, 1.0, 0.6666666666666666, 1.0, 1.0, 1.0, 0.6666666666666666, 1.0, 1.0, 1.0, 1.0, 0.6666666666666666, 1.0, 1.0, 1.0, 1.0, 1.0, 0.6666666666666666, 1.0, 1.0, 1.0, 1.0, 1.0, 0.6666666666666666, 0.6666666666666666]","[0.8, 0.8, 0.8, 0.8, 1.0, 0.8, 0.8, 0.8, 0.6, 0.8, 1.0, 0.8, 1.0, 1.0, 0.6, 0.8, 0.8, 1.0, 0.8, 1.0, 1.0, 1.0, 0.8, 0.8, 0.8, 0.8, 0.8, 0.6, 0.8, 0.8]"
california,rf,1000,9,8,b1_uniform,0.002510944642684489,0.001214723805899809,0.00031386808033556114,0.00015184047573747612,0.0020940315875997094,0.0029755073722906636,1.553690169114529,0.7912698412698413,0.04155123845304261,0.7769841269841272,0.8071428571428572,0.6357142857142857,0.08521681032463466,0.8777777777777778,0.16063146994223293,0.8000000000000003,2.220446049250313e-16,0.00015045711763251744,0.0,1000.0,10.32580161333802,0.5040073757587743,1000.0,"[0.002359131454884111, 0.005010065506156085, 0.0009653521254837019, 0.0018476604471911648, 0.003034192772629299, 0.0009588853699280792, 0.0024304463953369907, 0.0029775109623105937, 0.0019419528117742809, 0.0025168861324857228, 0.002418290662511876, 0.002282888309729976, 0.003601723104350667, 0.002214102543186075, 0.0022589858553199245, 0.004242793395955276, 0.0007240986853101821, 0.0011512770313894377, 0.0037436894929150817, 0.0030315056804527517, 0.001696859270565807, 0.0039377830302988375, 0.00278930942215756, 0.003972584473962074, 0.0014006487910882782, 0.0016546422431251613, 0.0018306216156336458, 0.0026582790265501834, 0.005400117278461468, 0.00027605538939039063]","[0.7857142857142858, 0.7857142857142858, 0.8333333333333335, 0.8095238095238096, 0.7619047619047621, 0.8095238095238096, 0.7619047619047621, 0.8333333333333335, 0.8333333333333335, 0.7380952380952381, 0.7619047619047621, 0.7619047619047621, 0.7619047619047621, 0.7857142857142858, 0.7619047619047621, 0.8095238095238096, 0.9285714285714287, 0.8571428571428572, 0.7619047619047621, 0.7619047619047621, 0.8333333333333335, 0.7619047619047621, 0.7380952380952381, 0.7619047619047621, 0.7619047619047621, 0.7857142857142858, 0.7857142857142858, 0.7619047619047621, 0.7857142857142858, 0.8571428571428572]","[0.6428571428571428, 0.6428571428571428, 0.7142857142857142, 0.6428571428571428, 0.5714285714285714, 0.7142857142857142, 0.5714285714285714, 0.7142857142857142, 0.7142857142857142, 0.4999999999999999, 0.5714285714285714, 0.5714285714285714, 0.5714285714285714, 0.6428571428571428, 0.5714285714285714, 0.7142857142857142, 0.8571428571428571, 0.7857142857142856, 0.5714285714285714, 0.5714285714285714, 0.7142857142857142, 0.5714285714285714, 0.4999999999999999, 0.5714285714285714, 0.5714285714285714, 0.6428571428571428, 0.6428571428571428, 0.5714285714285714, 0.6428571428571428, 0.7857142857142856]","[1.0, 1.0, 1.0, 0.6666666666666666, 1.0, 1.0, 0.6666666666666666, 1.0, 1.0, 0.6666666666666666, 0.6666666666666666, 0.6666666666666666, 0.6666666666666666, 1.0, 0.6666666666666666, 1.0, 1.0, 1.0, 0.6666666666666666, 1.0, 1.0, 1.0, 0.6666666666666666, 0.6666666666666666, 0.6666666666666666, 1.0, 1.0, 1.0, 1.0, 1.0]","[0.8, 0.8, 0.8, 0.8, 0.8, 0.8, 0.8, 0.8, 0.8, 0.8, 0.8, 0.8, 0.8, 0.8, 0.8, 0.8, 0.8, 0.8, 0.8, 0.8, 0.8, 0.8, 0.8, 0.8, 0.8, 0.8, 0.8, 0.8, 0.8, 0.8]"
california,rf,1000,9,8,b2_stratified,0.0016161167088516197,0.001797059650904221,0.00020201458860645246,0.00022463245636302764,0.0010268757762993553,0.002329995668798704,1.0,0.942857142857143,0.05654448612875195,0.9229960317460315,0.9611111111111109,0.8809523809523809,0.08908708063747478,0.9888888888888888,0.059835164523716726,0.8733333333333335,0.09637888196533972,0.00018304544602980598,0.0,1000.0,10.451803416666614,0.4491427864156833,1000.0,"[0.0021249558614141787, 0.0002868685437438784, 0.0005226387398608136, 0.0003832028917796353, 0.0005461773798273083, 0.0003820206264761866, 0.002021315346560083, 0.0008001430695149892, 0.00011619034928033528, 9.919120795669697e-05, 0.00172372108365693, 0.0008982868718857243, 0.00012562238255718345, 0.0029209618198313293, 0.002228734054168754, 0.0008520314733299609, 0.0017273383766172904, 0.0006451662083608223, 0.00054490871613832, 0.0036985649457053917, 0.004384672307992508, 0.0029334284550193313, 0.00322685658079332, 0.0007446579735113151, 0.00047805776061706726, 0.0007353597039752477, 0.001462529393048458, 0.0017578318618697768, 0.0009506491352743546, 0.009161418144781395]","[0.9761904761904763, 0.9761904761904763, 0.9285714285714287, 0.9761904761904763, 0.8571428571428572, 0.9761904761904763, 0.880952380952381, 0.9285714285714287, 0.9761904761904763, 1.0, 0.9761904761904763, 0.9761904761904763, 0.9761904761904763, 0.9761904761904763, 0.8333333333333335, 0.9761904761904763, 1.0, 0.8333333333333335, 0.8571428571428572, 1.0, 0.9285714285714287, 0.9523809523809524, 0.9761904761904763, 0.9761904761904763, 0.9761904761904763, 0.9761904761904763, 0.8333333333333335, 0.9523809523809524, 0.8333333333333335, 1.0]","[0.9285714285714285, 0.9285714285714285, 0.8571428571428571, 0.9285714285714285, 0.7857142857142856, 0.9285714285714285, 0.7857142857142856, 0.8571428571428571, 0.9285714285714285, 0.9999999999999998, 0.9285714285714285, 0.9285714285714285, 0.9285714285714285, 0.9285714285714285, 0.7142857142857142, 0.9285714285714285, 0.9999999999999998, 0.7142857142857142, 0.7857142857142856, 0.9999999999999998, 0.7857142857142856, 0.8571428571428571, 0.9285714285714285, 0.9285714285714285, 0.9285714285714285, 0.9285714285714285, 0.7142857142857142, 0.8571428571428571, 0.7142857142857142, 0.9999999999999998]","[1.0, 1.0, 1.0, 1.0, 1.0, 1.0, 1.0, 1.0, 1.0, 1.0, 1.0, 1.0, 1.0, 1.0, 1.0, 1.0, 1.0, 1.0, 1.0, 1.0, 0.6666666666666666, 1.0, 1.0, 1.0, 1.0, 1.0, 1.0, 1.0, 1.0, 1.0]","[0.8, 1.0, 0.8, 1.0, 0.8, 1.0, 0.8, 1.0, 0.8, 1.0, 0.8, 0.8, 0.8, 1.0, 0.8, 1.0, 1.0, 0.8, 0.8, 1.0, 0.8, 0.8, 1.0, 0.8, 0.8, 0.8, 0.8, 0.8, 0.8, 1.0]"
california,rf,1000,9,8,b3_is,0.0015659375362505844,0.0016331831629250917,0.00019574219203132305,0.00020414789536563646,0.001043448564810431,0.002158919078134981,0.9689507742069621,0.9801587301587301,0.025409223164416034,0.9706150793650792,0.9880952380952379,0.9476190476190474,0.055123032870429585,0.9777777777777777,0.08314794192830981,0.9466666666666667,0.08844332774281065,0.00014365851854943105,0.0,1000.0,10.471615790000458,0.4467353078468059,1000.0,"[0.00036868980920159566, 0.0033096555067593856, 0.004400687732748204, 0.0003006886157710744, 0.0015823608629447568, 0.002905014378202287, 0.002777643713753871, 0.0004883238721841732, 0.002297351588606733, 0.0075694859003376126, 0.00048721373078662665, 0.0010073206310551427, 0.0008307299605162222, 0.00014423873089428006, 0.00012478126465788125, 0.0005592309160434826, 0.0019443813443177766, 0.0005127447140105873, 0.0007129741595409823, 0.00041595099695103404, 0.00035837613904288207, 0.0008458416620942512, 0.004228493632715381, 0.00026079007653954684, 0.0006688109810945727, 0.001132708876023685, 0.0006484494419281404, 0.0025344165745783075, 0.0011308959161103172, 0.0024298743581067333]","[1.0, 0.9761904761904763, 0.9761904761904763, 1.0, 0.9761904761904763, 1.0, 1.0, 1.0, 0.9523809523809524, 0.9523809523809524, 1.0, 0.9761904761904763, 1.0, 0.9761904761904763, 0.9761904761904763, 0.9761904761904763, 1.0, 0.880952380952381, 0.9761904761904763, 1.0, 0.9285714285714287, 1.0, 0.9761904761904763, 0.9761904761904763, 0.9761904761904763, 1.0, 0.9761904761904763, 0.9761904761904763, 1.0, 1.0]","[0.9999999999999998, 0.9285714285714285, 0.9285714285714285, 0.9999999999999998, 0.9285714285714285, 0.9999999999999998, 0.9999999999999998, 0.9999999999999998, 0.8571428571428571, 0.8571428571428571, 0.9999999999999998, 0.9285714285714285, 0.9999999999999998, 0.9285714285714285, 0.9285714285714285, 0.9285714285714285, 0.9999999999999998, 0.7857142857142856, 0.9285714285714285, 0.9999999999999998, 0.8571428571428571, 0.9999999999999998, 0.9285714285714285, 0.9285714285714285, 0.9285714285714285, 0.9999999999999998, 0.9285714285714285, 0.9285714285714285, 0.9999999999999998, 0.9999999999999998]","[1.0, 1.0, 1.0, 1.0, 1.0, 1.0, 1.0, 1.0, 0.6666666666666666, 0.6666666666666666, 1.0, 1.0, 1.0, 1.0, 1.0, 1.0, 1.0, 1.0, 1.0, 1.0, 1.0, 1.0, 1.0, 1.0, 1.0, 1.0, 1.0, 1.0, 1.0, 1.0]","[1.0, 1.0, 0.8, 1.0, 1.0, 1.0, 1.0, 1.0, 1.0, 1.0, 1.0, 0.8, 1.0, 1.0, 0.8, 1.0, 1.0, 0.8, 1.0, 1.0, 0.8, 1.0, 1.0, 0.8, 0.8, 1.0, 1.0, 0.8, 1.0, 1.0]"
california,rf,1000,9,8,b4_antithetic,0.0013691225996779006,0.0003630162654736937,0.00017114032495973758,4.5377033184211715e-05,0.0012421829107878602,0.0014987657446112474,0.8471681483020937,0.7650793650793652,0.01595218352558872,0.7595039682539683,0.7706349206349208,0.5809523809523809,0.04785655057676616,0.9444444444444444,0.12422599874998834,0.8000000000000003,2.220446049250313e-16,2.272599542637802e-05,0.0,1000.0,10.223682390000128,0.40952258195882607,1000.0,"[0.0013999922658502948, 0.0009520529665165862, 0.0011334460013619125, 0.001382497760964945, 0.0010970784810759736, 0.001436842838556623, 0.0010114936972115628, 0.0016166010901216687, 0.001509862142828473, 0.002071440929520894, 0.0010334288016563987, 0.0010433286045726247, 0.0013563521810412728, 0.0010597876790400802, 0.0016879097100847295, 0.0011918696060950608, 0.0013017894597883509, 0.0012040990344510823, 0.0010793618246977838, 0.00148834000667723, 0.002258024556081545, 0.0014950796688852517, 0.001461855407037439, 0.0015722109075399227, 0.0006948709253025553, 0.0009767467736795357, 0.001342747453599265, 0.0011860094412454193, 0.0018853837506185615, 0.0021431740242339697]","[0.7380952380952381, 0.7619047619047621, 0.7619047619047621, 0.7619047619047621, 0.7857142857142858, 0.7380952380952381, 0.7619047619047621, 0.7619047619047621, 0.7380952380952381, 0.7619047619047621, 0.7857142857142858, 0.7857142857142858, 0.7619047619047621, 0.7857142857142858, 0.7619047619047621, 0.7857142857142858, 0.7619047619047621, 0.7619047619047621, 0.7619047619047621, 0.7619047619047621, 0.7380952380952381, 0.7857142857142858, 0.7619047619047621, 0.7857142857142858, 0.7857142857142858, 0.7857142857142858, 0.7619047619047621, 0.7619047619047621, 0.7619047619047621, 0.7380952380952381]","[0.4999999999999999, 0.5714285714285714, 0.5714285714285714, 0.5714285714285714, 0.6428571428571428, 0.4999999999999999, 0.5714285714285714, 0.5714285714285714, 0.4999999999999999, 0.5714285714285714, 0.6428571428571428, 0.6428571428571428, 0.5714285714285714, 0.6428571428571428, 0.5714285714285714, 0.6428571428571428, 0.5714285714285714, 0.5714285714285714, 0.5714285714285714, 0.5714285714285714, 0.4999999999999999, 0.6428571428571428, 0.5714285714285714, 0.6428571428571428, 0.6428571428571428, 0.6428571428571428, 0.5714285714285714, 0.5714285714285714, 0.5714285714285714, 0.4999999999999999]","[0.6666666666666666, 1.0, 1.0, 1.0, 1.0, 0.6666666666666666, 1.0, 1.0, 0.6666666666666666, 1.0, 1.0, 1.0, 1.0, 1.0, 1.0, 1.0, 1.0, 1.0, 1.0, 1.0, 0.6666666666666666, 1.0, 1.0, 1.0, 1.0, 1.0, 1.0, 1.0, 1.0, 0.6666666666666666]","[0.8, 0.8, 0.8, 0.8, 0.8, 0.8, 0.8, 0.8, 0.8, 0.8, 0.8, 0.8, 0.8, 0.8, 0.8, 0.8, 0.8, 0.8, 0.8, 0.8, 0.8, 0.8, 0.8, 0.8, 0.8, 0.8, 0.8, 0.8, 0.8, 0.8]"
california,mlp,1000,0,8,abc_shap,0.010641970927990064,0.008505080732830107,0.001330246365998758,0.0010631350916037634,0.007932386277257618,0.013758343091710317,5.895403058380493,0.9357142857142858,0.06849808688039118,0.911111111111111,0.957936507936508,0.8547619047619047,0.1001416230705385,1.0,0.0,0.92,0.09797958971132711,0.0012716877981191707,480.0,520.0,0.18812899333133828,0.006243352307598623,480.0,"[0.01088988508596533, 0.006744928606509497, 0.023036115562337086, 0.007060983041885883, 0.002908057387607105, 0.013104184049014467, 0.00417688226449722, 0.022664020354421537, 0.0046698493101054285, 0.004375327556108858, 0.0039895264389799975, 0.0035024715385115145, 0.00535798349488622, 0.010862464353851655, 0.007056595102085787, 0.00811925037622395, 0.01688828045042093, 0.007167461210408118, 0.0015763363540864817, 0.006147087332708869, 0.014160791490236599, 0.010223325040459962, 0.005697111047288825, 0.041411406751738614, 0.013786704392990913, 0.023375628580510302, 0.020936790518913555, 0.01087232111856192, 0.007548981976304988, 0.0009483770520802887]","[0.9523809523809524, 0.9761904761904763, 0.7857142857142858, 0.9523809523809524, 0.9761904761904763, 0.9761904761904763, 0.9761904761904763, 0.7857142857142858, 0.9523809523809524, 0.9761904761904763, 0.9761904761904763, 0.9523809523809524, 0.9761904761904763, 0.9523809523809524, 0.9761904761904763, 0.9523809523809524, 0.9523809523809524, 0.9761904761904763, 0.9761904761904763, 1.0, 0.9523809523809524, 0.9523809523809524, 0.9761904761904763, 0.7142857142857144, 0.9523809523809524, 0.880952380952381, 0.8095238095238096, 0.9047619047619048, 0.9523809523809524, 0.9761904761904763]","[0.8571428571428571, 0.9285714285714285, 0.6428571428571428, 0.8571428571428571, 0.9285714285714285, 0.9285714285714285, 0.9285714285714285, 0.6428571428571428, 0.8571428571428571, 0.9285714285714285, 0.9285714285714285, 0.8571428571428571, 0.9285714285714285, 0.8571428571428571, 0.9285714285714285, 0.8571428571428571, 0.8571428571428571, 0.9285714285714285, 0.9285714285714285, 0.9999999999999998, 0.8571428571428571, 0.8571428571428571, 0.9285714285714285, 0.5714285714285714, 0.8571428571428571, 0.7142857142857142, 0.7142857142857142, 0.7857142857142856, 0.8571428571428571, 0.9285714285714285]","[1.0, 1.0, 1.0, 1.0, 1.0, 1.0, 1.0, 1.0, 1.0, 1.0, 1.0, 1.0, 1.0, 1.0, 1.0, 1.0, 1.0, 1.0, 1.0, 1.0, 1.0, 1.0, 1.0, 1.0, 1.0, 1.0, 1.0, 1.0, 1.0, 1.0]","[1.0, 1.0, 0.8, 1.0, 1.0, 1.0, 1.0, 0.8, 0.8, 1.0, 0.8, 1.0, 1.0, 0.8, 1.0, 1.0, 0.8, 1.0, 0.8, 1.0, 1.0, 0.8, 1.0, 0.8, 0.8, 1.0, 0.8, 0.8, 1.0, 1.0]"
california,mlp,1000,0,8,b1_uniform,0.003099730112862105,0.001764248239702181,0.0003874662641077631,0.00022053102996277263,0.0024994007875175648,0.003746443026654725,1.7171780031326194,0.9769841269841267,0.020832388489534406,0.9690476190476189,0.984126984126984,0.9357142857142853,0.049999999999999954,1.0,0.0,0.9600000000000001,0.07999999999999997,0.00026057146925175835,0.0,1000.0,0.16025577333348337,0.005247000132762968,1000.0,"[0.0033191118506903645, 0.0034209702076910885, 0.002397869669858407, 0.0054698136990829465, 0.006418997970552375, 0.0033723046383505972, 0.0021240937060178185, 0.00036455185456942175, 0.004036273662634857, 0.0032864764701282813, 0.001266149176120113, 0.002807364669135786, 0.0010010053643646113, 0.0006746414999570322, 0.0028831310409899685, 0.008678707395529147, 0.003126399285860668, 0.004689838191225394, 0.0015749112589524242, 0.001503104537728102, 0.00446630601424443, 0.003415647093640599, 0.0015764835986809237, 0.0029553122730946423, 0.0016348574868905775, 0.0039989699689160114, 0.003175219968416299, 0.0046911045056972685, 0.0036326653612396616, 0.001029620965603351]","[0.9761904761904763, 1.0, 0.9761904761904763, 0.9047619047619048, 1.0, 0.9285714285714287, 1.0, 1.0, 0.9761904761904763, 0.9523809523809524, 0.9761904761904763, 0.9761904761904763, 1.0, 1.0, 0.9761904761904763, 0.9761904761904763, 0.9523809523809524, 0.9761904761904763, 0.9761904761904763, 0.9761904761904763, 0.9761904761904763, 0.9761904761904763, 1.0, 0.9761904761904763, 1.0, 0.9761904761904763, 0.9761904761904763, 0.9761904761904763, 0.9761904761904763, 0.9761904761904763]","[0.9285714285714285, 0.9999999999999998, 0.9285714285714285, 0.7857142857142856, 0.9999999999999998, 0.8571428571428571, 0.9999999999999998, 0.9999999999999998, 0.9285714285714285, 0.8571428571428571, 0.9285714285714285, 0.9285714285714285, 0.9999999999999998, 0.9999999999999998, 0.9285714285714285, 0.9285714285714285, 0.8571428571428571, 0.9285714285714285, 0.9285714285714285, 0.9285714285714285, 0.9285714285714285, 0.9285714285714285, 0.9999999999999998, 0.9285714285714285, 0.9999999999999998, 0.9285714285714285, 0.9285714285714285, 0.9285714285714285, 0.9285714285714285, 0.9285714285714285]","[1.0, 1.0, 1.0, 1.0, 1.0, 1.0, 1.0, 1.0, 1.0, 1.0, 1.0, 1.0, 1.0, 1.0, 1.0, 1.0, 1.0, 1.0, 1.0, 1.0, 1.0, 1.0, 1.0, 1.0, 1.0, 1.0, 1.0, 1.0, 1.0, 1.0]","[1.0, 1.0, 0.8, 0.8, 1.0, 0.8, 1.0, 1.0, 0.8, 0.8, 1.0, 1.0, 1.0, 1.0, 1.0, 1.0, 0.8, 1.0, 1.0, 1.0, 1.0, 1.0, 1.0, 1.0, 1.0, 1.0, 1.0, 1.0, 1.0, 1.0]"
california,mlp,1000,0,8,b2_stratified,0.0018051303401320764,0.0012083284354841178,0.00022564129251650955,0.00015104105443551472,0.0014153166795614102,0.0022397643911925163,1.0,0.9873015873015871,0.01187827741832993,0.9833333333333331,0.9912698412698411,0.9619047619047617,0.03563483225498985,1.0,0.0,1.0,0.0,0.00020763393486717012,0.0,1000.0,0.16228997000240877,0.004424220576245268,1000.0,"[0.0012723024007691296, 0.00020738809492160766, 0.0013906990741329843, 0.0021673493688452337, 0.002137777371169087, 0.0011574279901865622, 0.0009468744398476694, 0.0037811558007424285, 0.002495191918017446, 0.003209995521211125, 0.0005740556028744237, 0.0035104431748553063, 0.0025226577543780593, 0.0008196652321550193, 0.0019962255974525483, 0.0011008915399131727, 0.003610827130649305, 0.001628023738134971, 0.0008748583126605427, 0.0008424869431560715, 0.0025421995555515576, 0.0008017171784991369, 0.001060363107007154, 0.002956321337054605, 0.0010511481009327557, 0.00041130121459072424, 0.0015446775362758479, 0.0012010328913142224, 0.005558783921487526, 0.0007800683551760605]","[0.9761904761904763, 1.0, 1.0, 0.9761904761904763, 1.0, 0.9761904761904763, 1.0, 1.0, 1.0, 0.9761904761904763, 0.9761904761904763, 0.9761904761904763, 0.9761904761904763, 0.9761904761904763, 0.9761904761904763, 1.0, 0.9761904761904763, 1.0, 1.0, 1.0, 0.9761904761904763, 0.9761904761904763, 1.0, 0.9761904761904763, 0.9761904761904763, 1.0, 0.9761904761904763, 1.0, 0.9761904761904763, 1.0]","[0.9285714285714285, 0.9999999999999998, 0.9999999999999998, 0.9285714285714285, 0.9999999999999998, 0.9285714285714285, 0.9999999999999998, 0.9999999999999998, 0.9999999999999998, 0.9285714285714285, 0.9285714285714285, 0.9285714285714285, 0.9285714285714285, 0.9285714285714285, 0.9285714285714285, 0.9999999999999998, 0.9285714285714285, 0.9999999999999998, 0.9999999999999998, 0.9999999999999998, 0.9285714285714285, 0.9285714285714285, 0.9999999999999998, 0.9285714285714285, 0.9285714285714285, 0.9999999999999998, 0.9285714285714285, 0.9999999999999998, 0.9285714285714285, 0.9999999999999998]","[1.0, 1.0, 1.0, 1.0, 1.0, 1.0, 1.0, 1.0, 1.0, 1.0, 1.0, 1.0, 1.0, 1.0, 1.0, 1.0, 1.0, 1.0, 1.0, 1.0, 1.0, 1.0, 1.0, 1.0, 1.0, 1.0, 1.0, 1.0, 1.0, 1.0]","[1.0, 1.0, 1.0, 1.0, 1.0, 1.0, 1.0, 1.0, 1.0, 1.0, 1.0, 1.0, 1.0, 1.0, 1.0, 1.0, 1.0, 1.0, 1.0, 1.0, 1.0, 1.0, 1.0, 1.0, 1.0, 1.0, 1.0, 1.0, 1.0, 1.0]"
california,mlp,1000,0,8,b3_is,0.0022862610583109064,0.0019815752595759746,0.0002857826322888633,0.0002476969074469968,0.0016327141483814776,0.002971645383529733,1.2665351678392525,0.984126984126984,0.01122391716169119,0.9801587301587299,0.9880952380952379,0.9523809523809522,0.03367175148507363,1.0,0.0,1.0,0.0,0.0002303068270707658,0.0,1000.0,0.18557947666752928,0.012259362255923494,1000.0,"[0.0029651862935280464, 0.0063968461625051, 0.0010863243461525006, 0.001271028331893356, 0.0039316015030151875, 0.002287457002890494, 0.001176710787487781, 0.0012347075702222536, 0.0009749960989123866, 0.0010322177102784424, 0.00674355645882442, 0.0005219005412640113, 0.0018501837761767934, 0.00042561152842132243, 0.005087388706398807, 0.002307039615959304, 0.0004828629664682612, 0.004382460022833637, 0.0023860396577289346, 0.00036865808051296566, 0.001079086262269016, 0.0039331404619829475, 0.0029162775504261687, 0.0016391751178849042, 0.0006673037983185071, 0.0008184629764705504, 0.007661844247207213, 0.0012286975659449237, 0.0009329470899674911, 0.0007981195173814399]","[0.9761904761904763, 0.9761904761904763, 0.9761904761904763, 0.9761904761904763, 0.9761904761904763, 0.9761904761904763, 1.0, 0.9761904761904763, 0.9761904761904763, 1.0, 0.9761904761904763, 1.0, 0.9761904761904763, 1.0, 0.9761904761904763, 0.9761904761904763, 1.0, 0.9761904761904763, 0.9761904761904763, 1.0, 0.9761904761904763, 1.0, 0.9761904761904763, 0.9761904761904763, 1.0, 0.9761904761904763, 0.9761904761904763, 1.0, 0.9761904761904763, 1.0]","[0.9285714285714285, 0.9285714285714285, 0.9285714285714285, 0.9285714285714285, 0.9285714285714285, 0.9285714285714285, 0.9999999999999998, 0.9285714285714285, 0.9285714285714285, 0.9999999999999998, 0.9285714285714285, 0.9999999999999998, 0.9285714285714285, 0.9999999999999998, 0.9285714285714285, 0.9285714285714285, 0.9999999999999998, 0.9285714285714285, 0.9285714285714285, 0.9999999999999998, 0.9285714285714285, 0.9999999999999998, 0.9285714285714285, 0.9285714285714285, 0.9999999999999998, 0.9285714285714285, 0.9285714285714285, 0.9999999999999998, 0.9285714285714285, 0.9999999999999998]","[1.0, 1.0, 1.0, 1.0, 1.0, 1.0, 1.0, 1.0, 1.0, 1.0, 1.0, 1.0, 1.0, 1.0, 1.0, 1.0, 1.0, 1.0, 1.0, 1.0, 1.0, 1.0, 1.0, 1.0, 1.0, 1.0, 1.0, 1.0, 1.0, 1.0]","[1.0, 1.0, 1.0, 1.0, 1.0, 1.0, 1.0, 1.0, 1.0, 1.0, 1.0, 1.0, 1.0, 1.0, 1.0, 1.0, 1.0, 1.0, 1.0, 1.0, 1.0, 1.0, 1.0, 1.0, 1.0, 1.0, 1.0, 1.0, 1.0, 1.0]"
california,mlp,1000,0,8,b4_antithetic,0.0009582384518985847,0.0002789580407478537,0.00011977980648732308,3.4869755093481713e-05,0.0008618091090259504,0.0010596748801927536,0.5308416963555512,0.9960317460317459,0.008873285624999134,0.9928571428571428,0.9992063492063491,0.9880952380952377,0.026619856874997447,1.0,0.0,0.9933333333333334,0.03590109871423002,1.0828611680212617e-05,0.0,1000.0,0.15639929333507704,0.005017362299235774,1000.0,"[0.0006948489836542291, 0.0008072736026894741, 0.0009444627239892228, 0.0008864074777497436, 0.001202840922274262, 0.0017645553380835498, 0.0010504498005616337, 0.000887974317897144, 0.0012797900900277132, 0.0005636076795674267, 0.0005310356012651197, 0.0011810716732975365, 0.000666370583704791, 0.0009914326617306176, 0.0006144164354412696, 0.0010906732262840133, 0.0009138023921921667, 0.0007926507325869941, 0.0005668479891655786, 0.0011521119700945654, 0.0007740100632838372, 0.0010143066045022844, 0.0010126643071179534, 0.0014918808554971563, 0.0011863854100020055, 0.001316360965179659, 0.0007216577237132436, 0.0009167126975149974, 0.0008655591001728695, 0.0008649916277164882]","[1.0, 1.0, 1.0, 1.0, 1.0, 1.0, 1.0, 1.0, 1.0, 0.9761904761904763, 1.0, 1.0, 1.0, 1.0, 1.0, 1.0, 1.0, 1.0, 1.0, 1.0, 1.0, 1.0, 0.9761904761904763, 1.0, 0.9761904761904763, 1.0, 0.9761904761904763, 1.0, 0.9761904761904763, 1.0]","[0.9999999999999998, 0.9999999999999998, 0.9999999999999998, 0.9999999999999998, 0.9999999999999998, 0.9999999999999998, 0.9999999999999998, 0.9999999999999998, 0.9999999999999998, 0.9285714285714285, 0.9999999999999998, 0.9999999999999998, 0.9999999999999998, 0.9999999999999998, 0.9999999999999998, 0.9999999999999998, 0.9999999999999998, 0.9999999999999998, 0.9999999999999998, 0.9999999999999998, 0.9999999999999998, 0.9999999999999998, 0.9285714285714285, 0.9999999999999998, 0.9285714285714285, 0.9999999999999998, 0.9285714285714285, 0.9999999999999998, 0.9285714285714285, 0.9999999999999998]","[1.0, 1.0, 1.0, 1.0, 1.0, 1.0, 1.0, 1.0, 1.0, 1.0, 1.0, 1.0, 1.0, 1.0, 1.0, 1.0, 1.0, 1.0, 1.0, 1.0, 1.0, 1.0, 1.0, 1.0, 1.0, 1.0, 1.0, 1.0, 1.0, 1.0]","[1.0, 1.0, 1.0, 1.0, 1.0, 1.0, 1.0, 1.0, 1.0, 1.0, 1.0, 1.0, 1.0, 1.0, 1.0, 1.0, 1.0, 1.0, 1.0, 1.0, 1.0, 1.0, 1.0, 1.0, 0.8, 1.0, 1.0, 1.0, 1.0, 1.0]"
california,mlp,1000,1,8,abc_shap,0.0021751317756916926,0.001216701198591372,0.0002718914719614616,0.0001520876498239215,0.0017476172720494014,0.0026147404179352298,6.641067894863541,0.9722222222222221,0.027550087234459942,0.9611111111111111,0.9817460317460319,0.9261904761904759,0.06516158182573333,0.9777777777777779,0.08314794192830981,1.0,0.0,0.0001772312593002871,480.0,520.0,0.1930229366669664,0.010184967560349442,480.0,"[0.0016643008262559086, 0.002090347699644381, 0.0023053689957069925, 0.001267515315991318, 0.004435801132348062, 0.0019138615162532595, 0.0011289803739822865, 0.0016439541148159337, 0.002710282492816613, 0.004365989709398604, 0.0014072263394709018, 0.0018024406386641047, 0.0025701385825800437, 0.002174523089462402, 0.0018662191038954312, 0.001603772167130361, 0.0013452872802799446, 0.0016171038079142433, 0.000754212706983766, 0.0029185496749561295, 0.002027166677612772, 0.0006266768002739289, 0.0004372516196232416, 0.0016063394088412792, 0.004297028987383336, 0.005549099538632769, 0.0034666926217744054, 0.0004917702868702408, 0.002197012824366804, 0.0029690389368213187]","[0.9761904761904763, 0.9761904761904763, 1.0, 0.9523809523809524, 1.0, 0.9523809523809524, 0.9761904761904763, 0.9523809523809524, 0.9761904761904763, 0.9761904761904763, 0.9523809523809524, 0.9761904761904763, 1.0, 1.0, 0.9761904761904763, 1.0, 0.9285714285714287, 1.0, 1.0, 0.9761904761904763, 0.9285714285714287, 0.9761904761904763, 1.0, 0.9285714285714287, 0.880952380952381, 0.9761904761904763, 0.9761904761904763, 0.9761904761904763, 1.0, 0.9761904761904763]","[0.9285714285714285, 0.9285714285714285, 0.9999999999999998, 0.8571428571428571, 0.9999999999999998, 0.8571428571428571, 0.9285714285714285, 0.8571428571428571, 0.9285714285714285, 0.9285714285714285, 0.8571428571428571, 0.9285714285714285, 0.9999999999999998, 0.9999999999999998, 0.9285714285714285, 0.9999999999999998, 0.8571428571428571, 0.9999999999999998, 0.9999999999999998, 0.9285714285714285, 0.8571428571428571, 0.9285714285714285, 0.9999999999999998, 0.8571428571428571, 0.7142857142857142, 0.9285714285714285, 0.9285714285714285, 0.9285714285714285, 0.9999999999999998, 0.9285714285714285]","[1.0, 1.0, 1.0, 1.0, 1.0, 1.0, 1.0, 1.0, 1.0, 1.0, 1.0, 1.0, 1.0, 1.0, 1.0, 1.0, 1.0, 1.0, 1.0, 1.0, 1.0, 1.0, 1.0, 1.0, 0.6666666666666666, 1.0, 0.6666666666666666, 1.0, 1.0, 1.0]","[1.0, 1.0, 1.0, 1.0, 1.0, 1.0, 1.0, 1.0, 1.0, 1.0, 1.0, 1.0, 1.0, 1.0, 1.0, 1.0, 1.0, 1.0, 1.0, 1.0, 1.0, 1.0, 1.0, 1.0, 1.0, 1.0, 1.0, 1.0, 1.0, 1.0]"
california,mlp,1000,1,8,b1_uniform,0.0019303168882269333,0.000708354178936761,0.00024128961102836666,8.854427236709513e-05,0.0016812580209647897,0.0022106878500115184,5.893604082557352,0.9587301587301587,0.02529742452461782,0.9492063492063494,0.9674603174603175,0.8928571428571425,0.05134252060201863,0.9,0.1527525231651947,1.0,0.0,4.6521666862629107e-05,0.0,1000.0,0.16170710666532007,0.006084551823734355,1000.0,"[0.0011309348300968475, 0.0020868007655790973, 0.0022239513214684465, 0.001887580542939577, 0.002354256803951318, 0.0020926314317529166, 0.0009452281379479808, 0.0010672221515196296, 0.0035165568118566016, 0.0026195775179756993, 0.0017792028392745341, 0.0017240065142333555, 0.0020252587233412825, 0.002217459489196896, 0.0009934026708708994, 0.0028967069648069403, 0.00395857073068911, 0.0018716111562476349, 0.0017688432781951058, 0.0021154867132382005, 0.001593541565266377, 0.001877086831601985, 0.0008966588309469876, 0.0019976257187725383, 0.002440338014130232, 0.0018356768702685758, 0.0021273988693188955, 0.0009533415315514181, 0.001869502591666241, 0.0010430464281026783]","[0.9761904761904763, 0.9523809523809524, 0.9523809523809524, 0.9285714285714287, 0.9523809523809524, 1.0, 0.9761904761904763, 0.9761904761904763, 0.9523809523809524, 0.9285714285714287, 0.9285714285714287, 0.9285714285714287, 0.9761904761904763, 0.9761904761904763, 0.9761904761904763, 0.9761904761904763, 0.9047619047619048, 0.9761904761904763, 0.9047619047619048, 0.9761904761904763, 0.9761904761904763, 0.9523809523809524, 0.9761904761904763, 0.9523809523809524, 0.9047619047619048, 0.9761904761904763, 0.9761904761904763, 0.9761904761904763, 0.9761904761904763, 0.9761904761904763]","[0.9285714285714285, 0.8571428571428571, 0.8571428571428571, 0.8571428571428571, 0.8571428571428571, 0.9999999999999998, 0.9285714285714285, 0.9285714285714285, 0.8571428571428571, 0.8571428571428571, 0.8571428571428571, 0.8571428571428571, 0.9285714285714285, 0.9285714285714285, 0.9285714285714285, 0.9285714285714285, 0.7857142857142856, 0.9285714285714285, 0.7857142857142856, 0.9285714285714285, 0.9285714285714285, 0.8571428571428571, 0.9285714285714285, 0.8571428571428571, 0.7857142857142856, 0.9285714285714285, 0.9285714285714285, 0.9285714285714285, 0.9285714285714285, 0.9285714285714285]","[1.0, 0.6666666666666666, 0.6666666666666666, 1.0, 0.6666666666666666, 1.0, 1.0, 1.0, 0.6666666666666666, 1.0, 1.0, 1.0, 1.0, 1.0, 1.0, 1.0, 0.6666666666666666, 1.0, 0.6666666666666666, 1.0, 1.0, 0.6666666666666666, 1.0, 0.6666666666666666, 0.6666666666666666, 1.0, 1.0, 1.0, 1.0, 1.0]","[1.0, 1.0, 1.0, 1.0, 1.0, 1.0, 1.0, 1.0, 1.0, 1.0, 1.0, 1.0, 1.0, 1.0, 1.0, 1.0, 1.0, 1.0, 1.0, 1.0, 1.0, 1.0, 1.0, 1.0, 1.0, 1.0, 1.0, 1.0, 1.0, 1.0]"
california,mlp,1000,1,8,b2_stratified,0.0003275274112728201,0.0001766518281487563,4.094092640910251e-05,2.2081478518594538e-05,0.0002676130375800115,0.00038838759704941974,1.0,0.9809523809523808,0.011335600680226716,0.9769841269841267,0.9849206349206348,0.9428571428571425,0.03400680204068019,1.0,0.0,1.0,0.0,3.8015121252538135e-05,0.0,1000.0,0.16283140333738022,0.006385935197167039,1000.0,"[0.00043177082606316557, 0.0003265770968374591, 0.0003335071046039494, 0.0003088376593066153, 8.941669715672245e-05, 0.0006344896856306333, 0.0006681922325016907, 0.00024936115635145877, 0.0001788318947293803, 0.0003185315814371784, 0.00015128664526298146, 0.0003443892013975496, 0.00021828577413151806, 0.00025583778966473955, 0.00021974473579410434, 0.0003973253525590556, 8.166850746228747e-05, 0.00013383594171181238, 5.767991743183165e-05, 0.00043836051957232516, 0.00044830947376076633, 0.0002547571993986959, 0.0001455591361658138, 0.0003401743721219901, 0.000262339063045751, 0.0003024876347620459, 0.0002838333879412561, 0.0007039845319513213, 0.0006739236518514577, 0.0005725235675790462]","[0.9761904761904763, 0.9761904761904763, 1.0, 0.9761904761904763, 0.9761904761904763, 0.9761904761904763, 0.9761904761904763, 0.9761904761904763, 1.0, 1.0, 0.9761904761904763, 1.0, 0.9761904761904763, 1.0, 0.9761904761904763, 0.9761904761904763, 0.9761904761904763, 0.9761904761904763, 0.9761904761904763, 0.9523809523809524, 0.9761904761904763, 1.0, 1.0, 0.9761904761904763, 0.9761904761904763, 0.9761904761904763, 0.9761904761904763, 0.9761904761904763, 0.9761904761904763, 0.9761904761904763]","[0.9285714285714285, 0.9285714285714285, 0.9999999999999998, 0.9285714285714285, 0.9285714285714285, 0.9285714285714285, 0.9285714285714285, 0.9285714285714285, 0.9999999999999998, 0.9999999999999998, 0.9285714285714285, 0.9999999999999998, 0.9285714285714285, 0.9999999999999998, 0.9285714285714285, 0.9285714285714285, 0.9285714285714285, 0.9285714285714285, 0.9285714285714285, 0.8571428571428571, 0.9285714285714285, 0.9999999999999998, 0.9999999999999998, 0.9285714285714285, 0.9285714285714285, 0.9285714285714285, 0.9285714285714285, 0.9285714285714285, 0.9285714285714285, 0.9285714285714285]","[1.0, 1.0, 1.0, 1.0, 1.0, 1.0, 1.0, 1.0, 1.0, 1.0, 1.0, 1.0, 1.0, 1.0, 1.0, 1.0, 1.0, 1.0, 1.0, 1.0, 1.0, 1.0, 1.0, 1.0, 1.0, 1.0, 1.0, 1.0, 1.0, 1.0]","[1.0, 1.0, 1.0, 1.0, 1.0, 1.0, 1.0, 1.0, 1.0, 1.0, 1.0, 1.0, 1.0, 1.0, 1.0, 1.0, 1.0, 1.0, 1.0, 1.0, 1.0, 1.0, 1.0, 1.0, 1.0, 1.0, 1.0, 1.0, 1.0, 1.0]"
california,mlp,1000,1,8,b3_is,0.00038285657096424035,0.0001857674442501725,4.785707137053004e-05,2.3220930531271562e-05,0.00032822585656844765,0.0004502277878497418,1.1689298598746374,0.9706349206349206,0.011798467259776594,0.9666666666666666,0.9746031746031746,0.9119047619047618,0.03539540177932975,1.0,0.0,1.0,0.0,3.3159768851880584e-05,0.0,1000.0,0.1850147200001326,0.007284389882555015,1000.0,"[0.0003018201727537174, 0.00036501684896140716, 0.0002721432908515614, 0.00038771764314126056, 0.00024618869876720626, 0.0011226060162945236, 0.00014013803105757745, 0.0002767739543005382, 0.00024550732478695374, 0.0007997771262949644, 0.00023526108257340307, 0.00037796874346583367, 0.00041254303172855557, 0.000321044719459845, 0.0004269987971426442, 0.0003127639335251832, 0.00030676278979739006, 0.00032559132897842086, 0.0003810107885760337, 0.0004003886731500744, 0.00046454006107239426, 0.00015825162196469797, 0.0005109256862703897, 0.00023365571288248556, 0.0004411497656437604, 0.0005539856089569257, 0.00029832850722088584, 0.00046548085067044126, 0.0003577174951236307, 0.0003436388235145048]","[0.9761904761904763, 0.9761904761904763, 0.9761904761904763, 0.9523809523809524, 0.9761904761904763, 0.9523809523809524, 0.9761904761904763, 0.9761904761904763, 0.9761904761904763, 0.9761904761904763, 0.9761904761904763, 0.9523809523809524, 0.9761904761904763, 0.9761904761904763, 0.9761904761904763, 0.9761904761904763, 0.9523809523809524, 1.0, 0.9761904761904763, 0.9761904761904763, 0.9761904761904763, 0.9523809523809524, 0.9761904761904763, 0.9761904761904763, 0.9523809523809524, 0.9761904761904763, 0.9523809523809524, 0.9523809523809524, 0.9761904761904763, 0.9761904761904763]","[0.9285714285714285, 0.9285714285714285, 0.9285714285714285, 0.8571428571428571, 0.9285714285714285, 0.8571428571428571, 0.9285714285714285, 0.9285714285714285, 0.9285714285714285, 0.9285714285714285, 0.9285714285714285, 0.8571428571428571, 0.9285714285714285, 0.9285714285714285, 0.9285714285714285, 0.9285714285714285, 0.8571428571428571, 0.9999999999999998, 0.9285714285714285, 0.9285714285714285, 0.9285714285714285, 0.8571428571428571, 0.9285714285714285, 0.9285714285714285, 0.8571428571428571, 0.9285714285714285, 0.8571428571428571, 0.8571428571428571, 0.9285714285714285, 0.9285714285714285]","[1.0, 1.0, 1.0, 1.0, 1.0, 1.0, 1.0, 1.0, 1.0, 1.0, 1.0, 1.0, 1.0, 1.0, 1.0, 1.0, 1.0, 1.0, 1.0, 1.0, 1.0, 1.0, 1.0, 1.0, 1.0, 1.0, 1.0, 1.0, 1.0, 1.0]","[1.0, 1.0, 1.0, 1.0, 1.0, 1.0, 1.0, 1.0, 1.0, 1.0, 1.0, 1.0, 1.0, 1.0, 1.0, 1.0, 1.0, 1.0, 1.0, 1.0, 1.0, 1.0, 1.0, 1.0, 1.0, 1.0, 1.0, 1.0, 1.0, 1.0]"
california,mlp,1000,1,8,b4_antithetic,0.0019499482902638368,0.0005947113609734463,0.0002437435362829796,7.433892012168078e-05,0.0017468446590380143,0.002150891436199322,5.953542278144137,0.9587301587301587,0.02375655483665994,0.95,0.9666666666666666,0.895238095238095,0.044160088073789065,0.9333333333333333,0.13333333333333336,1.0,0.0,2.2409541977033045e-05,0.0,1000.0,0.15720625333099936,0.007026533160645091,1000.0,"[0.0011989744493361805, 0.0024966040845633307, 0.0036383732279043103, 0.0014893267749256662, 0.0024071050829717225, 0.0022817077587244045, 0.0018492441141080304, 0.0015973156185374738, 0.0021647809332263446, 0.0029872177246238574, 0.0006854125434750891, 0.001586351116544769, 0.0013904466866713795, 0.0024965448578034358, 0.002493851748432256, 0.0019600093783039203, 0.002243155150776219, 0.0011394889904018668, 0.0028253527424011286, 0.002275258276517505, 0.0012982526969920196, 0.0017945463698158868, 0.0017695359519620936, 0.0016042822054090234, 0.0020228839851348115, 0.0015535583709657189, 0.0017314775404815598, 0.0017722690929963061, 0.0018568728357282055, 0.0018882483981805856]","[0.9761904761904763, 0.9285714285714287, 0.9047619047619048, 0.9761904761904763, 0.9761904761904763, 0.9523809523809524, 0.9761904761904763, 0.9761904761904763, 0.9285714285714287, 0.9523809523809524, 0.9761904761904763, 0.9761904761904763, 0.9761904761904763, 0.9523809523809524, 0.9761904761904763, 0.9761904761904763, 0.9285714285714287, 0.9761904761904763, 0.9047619047619048, 0.9523809523809524, 0.9761904761904763, 0.9285714285714287, 0.9761904761904763, 0.9285714285714287, 0.9761904761904763, 0.9285714285714287, 0.9761904761904763, 0.9761904761904763, 0.9761904761904763, 0.9761904761904763]","[0.9285714285714285, 0.8571428571428571, 0.7857142857142856, 0.9285714285714285, 0.9285714285714285, 0.8571428571428571, 0.9285714285714285, 0.9285714285714285, 0.8571428571428571, 0.8571428571428571, 0.9285714285714285, 0.9285714285714285, 0.9285714285714285, 0.8571428571428571, 0.9285714285714285, 0.9285714285714285, 0.8571428571428571, 0.9285714285714285, 0.7857142857142856, 0.8571428571428571, 0.9285714285714285, 0.8571428571428571, 0.9285714285714285, 0.8571428571428571, 0.9285714285714285, 0.8571428571428571, 0.9285714285714285, 0.9285714285714285, 0.9285714285714285, 0.9285714285714285]","[1.0, 1.0, 0.6666666666666666, 1.0, 1.0, 0.6666666666666666, 1.0, 1.0, 1.0, 0.6666666666666666, 1.0, 1.0, 1.0, 0.6666666666666666, 1.0, 1.0, 1.0, 1.0, 0.6666666666666666, 0.6666666666666666, 1.0, 1.0, 1.0, 1.0, 1.0, 1.0, 1.0, 1.0, 1.0, 1.0]","[1.0, 1.0, 1.0, 1.0, 1.0, 1.0, 1.0, 1.0, 1.0, 1.0, 1.0, 1.0, 1.0, 1.0, 1.0, 1.0, 1.0, 1.0, 1.0, 1.0, 1.0, 1.0, 1.0, 1.0, 1.0, 1.0, 1.0, 1.0, 1.0, 1.0]"
california,mlp,1000,2,8,abc_shap,0.016077035554670157,0.014729943408950074,0.0020096294443337696,0.0018412429261187593,0.01108344915407121,0.021283189555183404,11.214178165348754,0.919047619047619,0.08641687357978538,0.8880753968253967,0.9492063492063492,0.8380952380952377,0.12634761106115808,0.888888888888889,0.15713484026367722,0.8733333333333333,0.13148721948877345,0.0017895929940483497,480.0,520.0,0.18671491999994033,0.012360927588433136,480.0,"[0.012282139171748183, 0.027750800777429255, 0.01798000622649942, 0.04942464625771231, 0.011386198669714612, 0.007211801734209587, 0.050430754552567146, 0.006321738434311935, 0.00968243874706149, 0.003067057171532676, 0.059123730478430774, 0.0030213773461338547, 0.005968837920054337, 0.008127694218753659, 0.02072482047005883, 0.004732869092165725, 0.015982961201839948, 0.004893585942566176, 0.014497089134504478, 0.037812266760131025, 0.00940233742908664, 0.013544749957296667, 0.0067136487842142925, 0.017615744886305, 0.00323902378730186, 0.0040445748037064, 0.027664792853855428, 0.011609913823271015, 0.006446325442345441, 0.011607140565296563]","[0.9761904761904763, 0.7857142857142858, 0.9761904761904763, 0.7142857142857144, 0.9047619047619048, 0.9047619047619048, 0.7142857142857144, 1.0, 0.9761904761904763, 0.9761904761904763, 0.7142857142857144, 0.9761904761904763, 0.9523809523809524, 1.0, 0.880952380952381, 0.9761904761904763, 0.9761904761904763, 0.9761904761904763, 0.9047619047619048, 0.9523809523809524, 0.9523809523809524, 0.9285714285714287, 0.9761904761904763, 0.880952380952381, 0.9761904761904763, 0.9761904761904763, 0.7857142857142858, 0.9047619047619048, 0.9761904761904763, 0.9761904761904763]","[0.9285714285714285, 0.6428571428571428, 0.9285714285714285, 0.5714285714285714, 0.7857142857142856, 0.7857142857142856, 0.5714285714285714, 0.9999999999999998, 0.9285714285714285, 0.9285714285714285, 0.5714285714285714, 0.9285714285714285, 0.8571428571428571, 0.9999999999999998, 0.7142857142857142, 0.9285714285714285, 0.9285714285714285, 0.9285714285714285, 0.7857142857142856, 0.8571428571428571, 0.8571428571428571, 0.8571428571428571, 0.9285714285714285, 0.7857142857142856, 0.9285714285714285, 0.9285714285714285, 0.6428571428571428, 0.7857142857142856, 0.9285714285714285, 0.9285714285714285]","[1.0, 0.6666666666666666, 0.6666666666666666, 0.6666666666666666, 1.0, 1.0, 0.6666666666666666, 1.0, 1.0, 1.0, 0.6666666666666666, 1.0, 1.0, 1.0, 0.6666666666666666, 1.0, 1.0, 1.0, 0.6666666666666666, 1.0, 0.6666666666666666, 1.0, 0.6666666666666666, 1.0, 1.0, 1.0, 0.6666666666666666, 1.0, 1.0, 1.0]","[1.0, 0.8, 1.0, 0.6, 0.8, 0.8, 0.6, 1.0, 1.0, 0.8, 0.6, 1.0, 1.0, 1.0, 0.8, 1.0, 1.0, 0.8, 0.8, 1.0, 0.8, 0.8, 1.0, 0.8, 1.0, 0.8, 0.8, 0.8, 1.0, 1.0]"
california,mlp,1000,2,8,b1_uniform,0.010734974876465134,0.004280186290058736,0.0013418718595581418,0.000535023286257342,0.009285599712045912,0.012339707675903172,7.487942690420491,0.8880952380952379,0.06333810699278976,0.8626984126984127,0.9079563492063492,0.7857142857142858,0.08039020483873398,1.0,0.0,0.786666666666667,0.04988876515698591,0.0002031031699843294,0.0,1000.0,0.15860955333143162,0.003992906927061057,1000.0,"[0.00782181359829411, 0.007279039249642228, 0.011089550243992862, 0.011580848433975164, 0.00917243575072799, 0.004208414537051481, 0.016120939560406708, 0.014647411140887889, 0.005111227786512973, 0.01381717348605983, 0.005542450267211549, 0.020254693655984576, 0.01176311508163492, 0.005893558699537824, 0.012386981226274702, 0.021189515812817906, 0.005778255153498311, 0.012294131265084177, 0.006766944258812292, 0.008462661412982735, 0.011573176294525755, 0.013526360434693093, 0.007340756702785192, 0.016920212372724903, 0.011437767699421404, 0.012341091740422446, 0.007813671526074718, 0.009788115264057307, 0.013538492808132135, 0.006588440829726807]","[0.9285714285714287, 0.9047619047619048, 0.7857142857142858, 0.9047619047619048, 0.9285714285714287, 0.9285714285714287, 0.9047619047619048, 0.8333333333333335, 0.880952380952381, 0.8333333333333335, 0.9285714285714287, 0.6190476190476191, 0.9285714285714287, 0.9047619047619048, 0.880952380952381, 0.8095238095238096, 0.9285714285714287, 0.9047619047619048, 0.9047619047619048, 0.9285714285714287, 0.9285714285714287, 0.9047619047619048, 0.9285714285714287, 0.8333333333333335, 0.9047619047619048, 0.9285714285714287, 0.9285714285714287, 0.9047619047619048, 0.9285714285714287, 0.880952380952381]","[0.8571428571428571, 0.7857142857142856, 0.6428571428571428, 0.7857142857142856, 0.8571428571428571, 0.8571428571428571, 0.7857142857142856, 0.7142857142857142, 0.7857142857142856, 0.7142857142857142, 0.8571428571428571, 0.4999999999999999, 0.8571428571428571, 0.7857142857142856, 0.7142857142857142, 0.7142857142857142, 0.8571428571428571, 0.7857142857142856, 0.7857142857142856, 0.8571428571428571, 0.8571428571428571, 0.7857142857142856, 0.8571428571428571, 0.7142857142857142, 0.7857142857142856, 0.8571428571428571, 0.8571428571428571, 0.7857142857142856, 0.8571428571428571, 0.7142857142857142]","[1.0, 1.0, 1.0, 1.0, 1.0, 1.0, 1.0, 1.0, 1.0, 1.0, 1.0, 1.0, 1.0, 1.0, 1.0, 1.0, 1.0, 1.0, 1.0, 1.0, 1.0, 1.0, 1.0, 1.0, 1.0, 1.0, 1.0, 1.0, 1.0, 1.0]","[0.8, 0.8, 0.8, 0.8, 0.8, 0.8, 0.8, 0.8, 0.8, 0.8, 0.8, 0.6, 0.8, 0.8, 0.8, 0.6, 0.8, 0.8, 0.8, 0.8, 0.8, 0.8, 0.8, 0.8, 0.8, 0.8, 0.8, 0.8, 0.8, 0.8]"
california,mlp,1000,2,8,b2_stratified,0.0014336347539356373,0.0010098636636763773,0.00017920434424195466,0.00012623295795954716,0.0010698766016920497,0.0018143430874661421,1.0,0.9880952380952379,0.019195851781663192,0.9817261904761904,0.9936507936507937,0.9666666666666663,0.04785655057676609,1.0,0.0,0.9466666666666668,0.08844332774281063,0.00014805550710984591,0.0,1000.0,0.16163635666695578,0.009922563004915825,1000.0,"[0.0008840008192490714, 0.0030346360648942114, 0.00271099907505949, 0.0039357754367149445, 0.00032681898507704347, 0.0015282013639189608, 0.00039018730229746355, 0.001072903212598468, 0.0008490121730413988, 0.0026222128285649667, 0.0009700681296578411, 0.0009361361547959155, 0.0028641630475512046, 0.000670362218002001, 0.001988784252385266, 0.0011621044838555812, 0.00035975670459223116, 0.0033504340317651224, 0.002317825796829207, 0.0013790824803847916, 0.00019161405665066398, 0.0013934677460108074, 0.0006879140179090686, 0.00020498063588216957, 0.0007470710647657744, 0.0005921655615596806, 0.0009718289501205869, 0.0008299190587256907, 0.0025150336967927475, 0.0015215832684167562]","[0.9761904761904763, 0.9761904761904763, 0.9761904761904763, 1.0, 1.0, 0.9047619047619048, 1.0, 1.0, 0.9761904761904763, 0.9761904761904763, 1.0, 1.0, 1.0, 1.0, 1.0, 0.9761904761904763, 1.0, 0.9761904761904763, 0.9761904761904763, 1.0, 1.0, 1.0, 1.0, 1.0, 0.9761904761904763, 0.9761904761904763, 1.0, 0.9761904761904763, 1.0, 1.0]","[0.9285714285714285, 0.9285714285714285, 0.9285714285714285, 0.9999999999999998, 0.9999999999999998, 0.7857142857142856, 0.9999999999999998, 0.9999999999999998, 0.9285714285714285, 0.9285714285714285, 0.9999999999999998, 0.9999999999999998, 0.9999999999999998, 0.9999999999999998, 0.9999999999999998, 0.9285714285714285, 0.9999999999999998, 0.9285714285714285, 0.9285714285714285, 0.9999999999999998, 0.9999999999999998, 0.9999999999999998, 0.9999999999999998, 0.9999999999999998, 0.9285714285714285, 0.9285714285714285, 0.9999999999999998, 0.9285714285714285, 0.9999999999999998, 0.9999999999999998]","[1.0, 1.0, 1.0, 1.0, 1.0, 1.0, 1.0, 1.0, 1.0, 1.0, 1.0, 1.0, 1.0, 1.0, 1.0, 1.0, 1.0, 1.0, 1.0, 1.0, 1.0, 1.0, 1.0, 1.0, 1.0, 1.0, 1.0, 1.0, 1.0, 1.0]","[0.8, 1.0, 1.0, 1.0, 1.0, 0.8, 1.0, 1.0, 0.8, 1.0, 1.0, 1.0, 1.0, 1.0, 1.0, 0.8, 1.0, 1.0, 0.8, 1.0, 1.0, 1.0, 1.0, 1.0, 0.8, 0.8, 1.0, 0.8, 1.0, 1.0]"
california,mlp,1000,2,8,b3_is,0.0018482182469706557,0.0008710294936776996,0.00023102728087133197,0.00010887868670971245,0.001556710917725378,0.0021612809887335996,1.2891834840756315,0.9960317460317459,0.010794817864075726,0.992063492063492,0.9992063492063491,0.9880952380952379,0.0323844535922272,1.0,0.0,1.0,0.0,0.0001242404346541405,0.0,1000.0,0.1810972900032842,0.003780846647114842,1000.0,"[0.003793849938454139, 0.002942194309473662, 0.00372201028846994, 0.002368960089422506, 0.0020192566951533473, 0.0021433442833936078, 0.0021197963523422706, 0.0013468114404780267, 0.0012845757548121978, 0.0017769752957210003, 0.0022672756514368676, 0.0012886040605846328, 0.001839004229403134, 0.003242214214505376, 0.0011944588085520962, 0.0030875090131055314, 0.000549497469617416, 0.0012091318336292039, 0.0010518083046072051, 0.0016172229067346674, 0.0014065803776761748, 0.0011938216969960647, 0.001349403447731391, 0.002685193280243669, 0.0023659302046739575, 0.000910994111369623, 0.0014378356011410854, 0.000876624363651851, 0.000364319381471415, 0.0019913440042676218]","[1.0, 1.0, 0.9761904761904763, 1.0, 1.0, 0.9523809523809524, 1.0, 0.9761904761904763, 1.0, 1.0, 1.0, 1.0, 1.0, 1.0, 1.0, 1.0, 1.0, 1.0, 1.0, 1.0, 1.0, 0.9761904761904763, 1.0, 1.0, 1.0, 1.0, 1.0, 1.0, 1.0, 1.0]","[0.9999999999999998, 0.9999999999999998, 0.9285714285714285, 0.9999999999999998, 0.9999999999999998, 0.8571428571428571, 0.9999999999999998, 0.9285714285714285, 0.9999999999999998, 0.9999999999999998, 0.9999999999999998, 0.9999999999999998, 0.9999999999999998, 0.9999999999999998, 0.9999999999999998, 0.9999999999999998, 0.9999999999999998, 0.9999999999999998, 0.9999999999999998, 0.9999999999999998, 0.9999999999999998, 0.9285714285714285, 0.9999999999999998, 0.9999999999999998, 0.9999999999999998, 0.9999999999999998, 0.9999999999999998, 0.9999999999999998, 0.9999999999999998, 0.9999999999999998]","[1.0, 1.0, 1.0, 1.0, 1.0, 1.0, 1.0, 1.0, 1.0, 1.0, 1.0, 1.0, 1.0, 1.0, 1.0, 1.0, 1.0, 1.0, 1.0, 1.0, 1.0, 1.0, 1.0, 1.0, 1.0, 1.0, 1.0, 1.0, 1.0, 1.0]","[1.0, 1.0, 1.0, 1.0, 1.0, 1.0, 1.0, 1.0, 1.0, 1.0, 1.0, 1.0, 1.0, 1.0, 1.0, 1.0, 1.0, 1.0, 1.0, 1.0, 1.0, 1.0, 1.0, 1.0, 1.0, 1.0, 1.0, 1.0, 1.0, 1.0]"
california,mlp,1000,2,8,b4_antithetic,0.010791915832587312,0.0024129710799663034,0.001348989479073414,0.0003016213849957879,0.00989578414653662,0.011654046714423128,7.527660586464698,0.9095238095238094,0.029095718698132336,0.8984126984126984,0.919047619047619,0.8190476190476189,0.04785655057676617,1.0,0.0,0.8000000000000003,2.220446049250313e-16,8.798440734730361e-05,0.0,1000.0,0.15332707666481535,0.0034441440403140994,1000.0,"[0.008998008735106708, 0.009970657838326305, 0.012117322620827268, 0.009744500610584983, 0.011152572057569731, 0.010009508811471316, 0.00879575790705834, 0.01748553845568065, 0.008927357072152982, 0.006945616731615461, 0.012830818689290579, 0.01268952455596991, 0.010941217571895109, 0.013045078546390412, 0.010819883572941459, 0.014843864937175695, 0.008646436881866901, 0.010984734249178717, 0.007360065396213157, 0.013115743488104287, 0.01172206286954705, 0.007290631179143346, 0.009283428013520287, 0.010156297883548736, 0.015514301077977298, 0.008756454929784687, 0.008259187556006157, 0.010952125096937472, 0.011270476320594122, 0.011128301321140241]","[0.9285714285714287, 0.9047619047619048, 0.9047619047619048, 0.9047619047619048, 0.9285714285714287, 0.880952380952381, 0.9285714285714287, 0.8095238095238096, 0.9285714285714287, 0.9285714285714287, 0.8333333333333335, 0.9285714285714287, 0.9047619047619048, 0.9285714285714287, 0.9285714285714287, 0.9047619047619048, 0.9285714285714287, 0.9285714285714287, 0.9285714285714287, 0.9285714285714287, 0.880952380952381, 0.9047619047619048, 0.9285714285714287, 0.9285714285714287, 0.880952380952381, 0.9285714285714287, 0.9285714285714287, 0.9047619047619048, 0.880952380952381, 0.9285714285714287]","[0.8571428571428571, 0.7857142857142856, 0.7857142857142856, 0.7857142857142856, 0.8571428571428571, 0.7142857142857142, 0.8571428571428571, 0.7142857142857142, 0.8571428571428571, 0.8571428571428571, 0.7142857142857142, 0.8571428571428571, 0.7857142857142856, 0.8571428571428571, 0.8571428571428571, 0.7857142857142856, 0.8571428571428571, 0.8571428571428571, 0.8571428571428571, 0.8571428571428571, 0.7857142857142856, 0.7857142857142856, 0.8571428571428571, 0.8571428571428571, 0.7857142857142856, 0.8571428571428571, 0.8571428571428571, 0.7857142857142856, 0.7857142857142856, 0.8571428571428571]","[1.0, 1.0, 1.0, 1.0, 1.0, 1.0, 1.0, 1.0, 1.0, 1.0, 1.0, 1.0, 1.0, 1.0, 1.0, 1.0, 1.0, 1.0, 1.0, 1.0, 1.0, 1.0, 1.0, 1.0, 1.0, 1.0, 1.0, 1.0, 1.0, 1.0]","[0.8, 0.8, 0.8, 0.8, 0.8, 0.8, 0.8, 0.8, 0.8, 0.8, 0.8, 0.8, 0.8, 0.8, 0.8, 0.8, 0.8, 0.8, 0.8, 0.8, 0.8, 0.8, 0.8, 0.8, 0.8, 0.8, 0.8, 0.8, 0.8, 0.8]"
california,mlp,1000,3,8,abc_shap,0.057249629871363866,0.0647900439670388,0.007156203733920483,0.00809875549587985,0.036917064193731274,0.08258429234095088,9.73803698548483,0.8444444444444444,0.10958130535932192,0.8015674603174605,0.8833333333333333,0.7357142857142857,0.13190132366156707,0.9555555555555555,0.11331154474650634,0.8533333333333334,0.10241527663824809,0.006783001205089555,480.0,520.0,0.18547180999982327,0.009227445110075307,480.0,"[0.018993513260488346, 0.3143307148995111, 0.013744307834671798, 0.10627933858825349, 0.014267985937144212, 0.14242605468318123, 0.013484418411806767, 0.08151484601283242, 0.05210053511437853, 0.034674807774139026, 0.03387480061046343, 0.033459393941144604, 0.02211242534221393, 0.02425689369550785, 0.09475994150426993, 0.09219199554890314, 0.038613343110749626, 0.021478447827006947, 0.04792006076277667, 0.009867637365976777, 0.002492070286405583, 0.014588163174418398, 0.033907696002786786, 0.16560072308096968, 0.015571037913949207, 0.01952717634095139, 0.14103963399761243, 0.012063988236301568, 0.08664719787699533, 0.015699747005105357]","[0.7380952380952381, 0.7619047619047621, 0.9047619047619048, 0.9761904761904763, 0.9761904761904763, 0.6666666666666669, 0.7857142857142858, 0.6428571428571429, 0.9523809523809524, 0.9047619047619048, 0.7619047619047621, 0.8095238095238096, 0.7142857142857144, 0.9523809523809524, 0.5952380952380953, 0.9523809523809524, 0.8095238095238096, 0.8095238095238096, 0.9523809523809524, 0.8571428571428572, 0.9285714285714287, 0.6666666666666669, 0.880952380952381, 0.9285714285714287, 0.9285714285714287, 0.9285714285714287, 0.9523809523809524, 0.7857142857142858, 0.9523809523809524, 0.8571428571428572]","[0.6428571428571428, 0.7142857142857142, 0.7857142857142856, 0.9285714285714285, 0.9285714285714285, 0.4999999999999999, 0.6428571428571428, 0.4999999999999999, 0.8571428571428571, 0.7857142857142856, 0.5714285714285714, 0.6428571428571428, 0.6428571428571428, 0.8571428571428571, 0.4999999999999999, 0.8571428571428571, 0.6428571428571428, 0.7142857142857142, 0.8571428571428571, 0.7857142857142856, 0.8571428571428571, 0.4999999999999999, 0.7142857142857142, 0.7857142857142856, 0.8571428571428571, 0.8571428571428571, 0.8571428571428571, 0.6428571428571428, 0.8571428571428571, 0.7857142857142856]","[1.0, 1.0, 1.0, 1.0, 1.0, 0.6666666666666666, 1.0, 0.6666666666666666, 1.0, 1.0, 1.0, 1.0, 0.6666666666666666, 1.0, 0.6666666666666666, 1.0, 1.0, 1.0, 1.0, 1.0, 1.0, 1.0, 1.0, 1.0, 1.0, 1.0, 1.0, 1.0, 1.0, 1.0]","[0.8, 0.8, 0.8, 1.0, 1.0, 0.8, 0.8, 0.8, 1.0, 1.0, 0.8, 0.8, 0.8, 0.8, 0.8, 1.0, 0.8, 0.8, 0.8, 0.8, 0.8, 0.6, 1.0, 1.0, 0.8, 0.8, 1.0, 0.8, 1.0, 0.8]"
california,mlp,1000,3,8,b1_uniform,0.01183046458340371,0.008361189183309439,0.0014788080729254637,0.0010451486479136798,0.009035232628806096,0.015141214561756752,2.0123361832646407,0.8373015873015873,0.07091970413338126,0.8111111111111112,0.8619246031746033,0.7142857142857141,0.0975900072948533,1.0,0.0,0.8333333333333335,0.09067647005823629,0.0009193294623403591,0.0,1000.0,0.1569236433308106,0.0030339907579652195,1000.0,"[0.016160259346224382, 0.015695343404212202, 0.01050200507153837, 0.022984420950804114, 0.0023915493221560837, 0.00971566098058503, 0.00985689727725916, 0.0049486831903490045, 0.007927111443881647, 0.01771923776781774, 0.007539364942779897, 0.0029627978696626952, 0.0017960306341521903, 0.009729033727978006, 0.012742710422432886, 0.018226297419465003, 0.00944082154893757, 0.03723015080086422, 0.007695739736741902, 0.0031115114728793606, 0.008774378961146854, 0.0022034048492504013, 0.017729677469687934, 0.012337185000082686, 0.005982473959957819, 0.015759042512812613, 0.0072011359399432266, 0.011680354670267332, 0.035118730879077645, 0.009751925929163296]","[0.7857142857142858, 0.8571428571428572, 0.9285714285714287, 0.8571428571428572, 0.8095238095238096, 0.7619047619047621, 0.8333333333333335, 0.7142857142857144, 0.7857142857142858, 0.9523809523809524, 0.9761904761904763, 0.8333333333333335, 0.7619047619047621, 0.7857142857142858, 0.8095238095238096, 0.9523809523809524, 0.9047619047619048, 0.8095238095238096, 0.7857142857142858, 0.8333333333333335, 0.9047619047619048, 0.880952380952381, 0.7380952380952381, 0.7857142857142858, 0.880952380952381, 0.6904761904761906, 0.9047619047619048, 0.8571428571428572, 0.9047619047619048, 0.8333333333333335]","[0.6428571428571428, 0.7142857142857142, 0.8571428571428571, 0.7142857142857142, 0.7142857142857142, 0.5714285714285714, 0.7142857142857142, 0.5714285714285714, 0.6428571428571428, 0.8571428571428571, 0.9285714285714285, 0.7142857142857142, 0.5714285714285714, 0.6428571428571428, 0.7142857142857142, 0.8571428571428571, 0.7857142857142856, 0.6428571428571428, 0.6428571428571428, 0.7142857142857142, 0.7857142857142856, 0.7857142857142856, 0.6428571428571428, 0.6428571428571428, 0.7857142857142856, 0.4999999999999999, 0.7857142857142856, 0.7857142857142856, 0.7857142857142856, 0.7142857142857142]","[1.0, 1.0, 1.0, 1.0, 1.0, 1.0, 1.0, 1.0, 1.0, 1.0, 1.0, 1.0, 1.0, 1.0, 1.0, 1.0, 1.0, 1.0, 1.0, 1.0, 1.0, 1.0, 1.0, 1.0, 1.0, 1.0, 1.0, 1.0, 1.0, 1.0]","[0.8, 0.8, 0.8, 0.8, 0.8, 0.8, 0.8, 0.8, 0.8, 1.0, 1.0, 0.8, 0.8, 0.8, 0.8, 1.0, 1.0, 0.8, 0.6, 0.8, 0.8, 0.8, 0.8, 0.8, 0.8, 0.8, 1.0, 0.8, 1.0, 0.8]"
california,mlp,1000,3,8,b2_stratified,0.005878970264407304,0.004731648955951469,0.000734871283050913,0.0005914561194939336,0.0041985908555501415,0.007536010196063796,1.0,0.892063492063492,0.12758785056576877,0.8420634920634921,0.9333333333333331,0.8190476190476189,0.15290089864764117,0.9888888888888889,0.05983516452371672,0.8733333333333334,0.13148721948877345,0.0007065822329141644,0.0,1000.0,0.16075033333424169,0.008355513341153725,1000.0,"[0.00244583975678059, 0.009491250327977171, 0.0026837077472046155, 0.009618370478002616, 0.006058445564175955, 0.0022037924816994472, 0.0047044383600548705, 0.0014367873718148583, 0.0010562203902547023, 0.006328185100748027, 0.008836128965353084, 0.013104256142796481, 0.0007817322328071257, 0.0012433089003714107, 0.003509591392382562, 0.005388384700969447, 0.004013361754600408, 0.0029853790433908398, 0.0014885122944296534, 0.019535798425128214, 0.009138492752216766, 0.005052109221909896, 0.00669338314658535, 0.0037002399271730433, 0.010649312905313147, 0.0026908693313062535, 0.007066472237984511, 0.01865772393713442, 0.0034275099214106357, 0.0023795031202430497]","[0.7857142857142858, 0.9523809523809524, 0.9761904761904763, 0.6904761904761906, 0.9761904761904763, 0.9285714285714287, 0.8333333333333335, 0.7619047619047621, 0.9761904761904763, 0.9285714285714287, 0.7142857142857144, 0.9047619047619048, 0.9285714285714287, 0.9761904761904763, 0.9761904761904763, 0.9047619047619048, 0.9047619047619048, 1.0, 0.9761904761904763, 1.0, 0.9285714285714287, 0.9285714285714287, 0.6666666666666669, 0.9761904761904763, 0.8333333333333335, 1.0, 0.9285714285714287, 0.4285714285714286, 1.0, 0.9761904761904763]","[0.6428571428571428, 0.8571428571428571, 0.9285714285714285, 0.5714285714285714, 0.9285714285714285, 0.8571428571428571, 0.7142857142857142, 0.6428571428571428, 0.9285714285714285, 0.8571428571428571, 0.5714285714285714, 0.7857142857142856, 0.8571428571428571, 0.9285714285714285, 0.9285714285714285, 0.7857142857142856, 0.7857142857142856, 0.9999999999999998, 0.9285714285714285, 0.9999999999999998, 0.8571428571428571, 0.8571428571428571, 0.4999999999999999, 0.9285714285714285, 0.7142857142857142, 0.9999999999999998, 0.8571428571428571, 0.42857142857142855, 0.9999999999999998, 0.9285714285714285]","[1.0, 1.0, 1.0, 1.0, 1.0, 1.0, 1.0, 1.0, 1.0, 1.0, 1.0, 1.0, 1.0, 1.0, 1.0, 1.0, 1.0, 1.0, 1.0, 1.0, 1.0, 1.0, 1.0, 1.0, 1.0, 1.0, 1.0, 0.6666666666666666, 1.0, 1.0]","[0.8, 0.8, 1.0, 0.6, 1.0, 0.8, 0.8, 0.8, 1.0, 1.0, 0.6, 0.8, 0.8, 1.0, 1.0, 1.0, 0.8, 1.0, 0.8, 1.0, 0.8, 1.0, 0.8, 1.0, 0.8, 1.0, 0.8, 0.6, 1.0, 1.0]"
california,mlp,1000,3,8,b3_is,0.008283043603619743,0.008573868671061392,0.0010353804504524679,0.001071733583882674,0.005674078172853319,0.011626891165258195,1.4089276235614383,0.8936507936507937,0.11146203088292547,0.8491865079365081,0.9317460317460317,0.8190476190476189,0.14253932901995964,0.9555555555555555,0.11331154474650634,0.88,0.12220201853215575,0.0009745548823891161,0.0,1000.0,0.17993713333368458,0.0026324940123888946,1000.0,"[0.011758765774596489, 0.0012909614772212822, 0.002439985181228302, 0.01851214004306701, 0.007941045545290489, 0.0037652767595420297, 0.04507860129863093, 0.013678770450598765, 0.008786885067973033, 0.002605523911506937, 0.007870687604984019, 0.02001373251460243, 0.0057425328014690784, 0.005036097850931845, 0.0018714265513051045, 0.0012332690250417635, 0.009821815643532185, 0.0043011200138231035, 0.0018992802968502336, 0.0019176852291397947, 0.01686703075338729, 0.0014346211683128837, 0.010873039582509722, 0.005151341517687862, 0.0043859696387545345, 0.0010196497254736788, 0.007063845773339667, 0.011465308018888253, 0.0055996616767362934, 0.009065237212167284]","[0.6904761904761906, 1.0, 0.9761904761904763, 0.9523809523809524, 0.8571428571428572, 0.9285714285714287, 0.6190476190476191, 0.6666666666666669, 0.7857142857142858, 0.9523809523809524, 0.9761904761904763, 0.880952380952381, 0.6428571428571429, 1.0, 0.9285714285714287, 0.9761904761904763, 0.7619047619047621, 0.9285714285714287, 1.0, 0.9761904761904763, 0.9761904761904763, 0.9523809523809524, 0.8333333333333335, 0.9761904761904763, 1.0, 0.9285714285714287, 0.9285714285714287, 0.9523809523809524, 0.9047619047619048, 0.8571428571428572]","[0.5714285714285714, 0.9999999999999998, 0.9285714285714285, 0.8571428571428571, 0.7857142857142856, 0.8571428571428571, 0.4999999999999999, 0.5714285714285714, 0.6428571428571428, 0.8571428571428571, 0.9285714285714285, 0.7142857142857142, 0.4999999999999999, 0.9999999999999998, 0.8571428571428571, 0.9285714285714285, 0.7142857142857142, 0.8571428571428571, 0.9999999999999998, 0.9285714285714285, 0.9285714285714285, 0.8571428571428571, 0.7142857142857142, 0.9285714285714285, 0.9999999999999998, 0.8571428571428571, 0.8571428571428571, 0.8571428571428571, 0.7857142857142856, 0.7857142857142856]","[0.6666666666666666, 1.0, 1.0, 1.0, 1.0, 1.0, 0.6666666666666666, 0.6666666666666666, 1.0, 1.0, 1.0, 0.6666666666666666, 1.0, 1.0, 1.0, 1.0, 1.0, 1.0, 1.0, 1.0, 1.0, 1.0, 1.0, 1.0, 1.0, 1.0, 1.0, 1.0, 1.0, 1.0]","[0.8, 1.0, 1.0, 0.8, 0.8, 0.8, 0.8, 0.8, 0.6, 1.0, 1.0, 1.0, 0.6, 1.0, 0.8, 0.8, 0.8, 0.8, 1.0, 0.8, 1.0, 1.0, 0.8, 1.0, 1.0, 1.0, 1.0, 1.0, 0.8, 0.8]"
california,mlp,1000,3,8,b4_antithetic,0.00654867381480475,0.0015855482250568811,0.0008185842268505938,0.00019819352813211014,0.006001731375019842,0.007113725623500491,1.1139151110275198,0.8888888888888888,0.03495669134213531,0.8769642857142855,0.9007936507936506,0.7928571428571429,0.050000000000000024,1.0,0.0,0.8000000000000003,2.220446049250313e-16,4.9772240287077796e-05,0.0,1000.0,0.15234603333713798,0.0021005432531017846,1000.0,"[0.00761696325506344, 0.009022882567118973, 0.00551020970234437, 0.00551309934007971, 0.00781660285316974, 0.008089585245549178, 0.007127048847755125, 0.008713630835941249, 0.005887049432752149, 0.0063447108316093724, 0.005246810650990886, 0.005677514647381155, 0.005619069904999529, 0.00813116738942735, 0.005534754085168426, 0.005487832355565997, 0.004529127492142513, 0.0051023205920807165, 0.006243407020800698, 0.01066438043862885, 0.004638079349011546, 0.00664260467260144, 0.006845855477523798, 0.005534179126595175, 0.009131096976601055, 0.005219432541654866, 0.004945883144417383, 0.008168188924319761, 0.0040559832681614965, 0.007400743474686553]","[0.880952380952381, 0.880952380952381, 0.9285714285714287, 0.9047619047619048, 0.880952380952381, 0.8333333333333335, 0.880952380952381, 0.8095238095238096, 0.880952380952381, 0.9285714285714287, 0.9285714285714287, 0.9285714285714287, 0.9047619047619048, 0.8333333333333335, 0.880952380952381, 0.9047619047619048, 0.9285714285714287, 0.880952380952381, 0.880952380952381, 0.8571428571428572, 0.8571428571428572, 0.9285714285714287, 0.880952380952381, 0.880952380952381, 0.880952380952381, 0.9285714285714287, 0.9285714285714287, 0.9047619047619048, 0.9285714285714287, 0.8095238095238096]","[0.7857142857142856, 0.7857142857142856, 0.8571428571428571, 0.7857142857142856, 0.7857142857142856, 0.7142857142857142, 0.7857142857142856, 0.7142857142857142, 0.7857142857142856, 0.8571428571428571, 0.8571428571428571, 0.8571428571428571, 0.7857142857142856, 0.7142857142857142, 0.7857142857142856, 0.7857142857142856, 0.8571428571428571, 0.7857142857142856, 0.7857142857142856, 0.7142857142857142, 0.7857142857142856, 0.8571428571428571, 0.7857142857142856, 0.7857142857142856, 0.7142857142857142, 0.8571428571428571, 0.8571428571428571, 0.7857142857142856, 0.8571428571428571, 0.7142857142857142]","[1.0, 1.0, 1.0, 1.0, 1.0, 1.0, 1.0, 1.0, 1.0, 1.0, 1.0, 1.0, 1.0, 1.0, 1.0, 1.0, 1.0, 1.0, 1.0, 1.0, 1.0, 1.0, 1.0, 1.0, 1.0, 1.0, 1.0, 1.0, 1.0, 1.0]","[0.8, 0.8, 0.8, 0.8, 0.8, 0.8, 0.8, 0.8, 0.8, 0.8, 0.8, 0.8, 0.8, 0.8, 0.8, 0.8, 0.8, 0.8, 0.8, 0.8, 0.8, 0.8, 0.8, 0.8, 0.8, 0.8, 0.8, 0.8, 0.8, 0.8]"
california,mlp,1000,4,8,abc_shap,0.026625251695163575,0.02217437936824489,0.003328156461895447,0.0027717974210306113,0.018821814101557834,0.03475018541824,23.402188488690573,0.8412698412698414,0.12437801920101416,0.792857142857143,0.8849206349206349,0.7404761904761906,0.146945467849614,0.8777777777777779,0.1606314699422329,0.8133333333333336,0.12578641509408806,0.0033174166659073103,480.0,520.0,0.1938887700001942,0.01582072897640775,480.0,"[0.030929813237210873, 0.04542162147758385, 0.019224791905523297, 0.03090982950721857, 0.0011596338597686545, 0.04019756464880637, 0.0011193123026284084, 0.04598218716184628, 0.03222402594172655, 0.006310207972296409, 0.012648677209273484, 0.019552782804063026, 0.06630856720812, 0.02217062968473676, 0.0409060922203155, 0.011493083853283157, 0.019293621189374856, 0.06404152914428575, 0.0016118336738164226, 0.000747364456715545, 0.002890700174267668, 0.021650700865910262, 0.06553946545466825, 0.0012411223832209, 0.003416487470406485, 0.07115551152848174, 0.014552436915394588, 0.005912386469974646, 0.05451625122750704, 0.04562931890648206]","[0.9047619047619048, 0.7619047619047621, 0.8333333333333335, 0.880952380952381, 0.7619047619047621, 0.6428571428571429, 0.9047619047619048, 0.7619047619047621, 0.9761904761904763, 0.9761904761904763, 0.8333333333333335, 0.523809523809524, 0.8333333333333335, 0.9285714285714287, 0.5476190476190477, 0.880952380952381, 0.9285714285714287, 0.9047619047619048, 0.9523809523809524, 0.9523809523809524, 0.8571428571428572, 0.8571428571428572, 0.9761904761904763, 0.9761904761904763, 0.7619047619047621, 0.6666666666666669, 0.9285714285714287, 0.9285714285714287, 0.9285714285714287, 0.6666666666666669]","[0.7857142857142856, 0.6428571428571428, 0.7142857142857142, 0.7857142857142856, 0.5714285714285714, 0.4999999999999999, 0.7857142857142856, 0.6428571428571428, 0.9285714285714285, 0.9285714285714285, 0.7142857142857142, 0.3571428571428571, 0.7142857142857142, 0.8571428571428571, 0.4999999999999999, 0.7857142857142856, 0.8571428571428571, 0.7857142857142856, 0.8571428571428571, 0.8571428571428571, 0.7142857142857142, 0.7857142857142856, 0.9285714285714285, 0.9285714285714285, 0.5714285714285714, 0.5714285714285714, 0.8571428571428571, 0.8571428571428571, 0.8571428571428571, 0.5714285714285714]","[0.6666666666666666, 0.6666666666666666, 1.0, 1.0, 1.0, 0.6666666666666666, 1.0, 0.6666666666666666, 1.0, 1.0, 1.0, 0.6666666666666666, 0.6666666666666666, 1.0, 0.6666666666666666, 1.0, 1.0, 1.0, 1.0, 1.0, 0.6666666666666666, 1.0, 1.0, 1.0, 0.6666666666666666, 0.6666666666666666, 1.0, 1.0, 1.0, 0.6666666666666666]","[0.8, 0.8, 0.8, 0.8, 0.8, 0.6, 0.8, 0.8, 1.0, 1.0, 0.8, 0.6, 0.8, 0.8, 0.6, 0.8, 1.0, 1.0, 0.8, 0.8, 0.8, 0.8, 1.0, 0.8, 0.8, 0.6, 1.0, 0.8, 1.0, 0.6]"
california,mlp,1000,4,8,b1_uniform,0.0023213258468551736,0.0014259077849040351,0.0002901657308568967,0.0001782384731130044,0.0018178379558733227,0.0028613431045236013,2.040322684410225,0.9047619047619049,0.09180313486299206,0.8698214285714285,0.9341468253968254,0.8119047619047618,0.13233041172943097,0.9555555555555556,0.11331154474650636,0.9000000000000001,0.12382783747337806,0.00021055748795158446,0.0,1000.0,0.16303032999761247,0.012165763141503966,1000.0,"[0.001816077354069402, 0.0021192741869957617, 0.003581958565208531, 0.0010213551007213191, 0.0007863531635930192, 0.004693403047396363, 0.0014796193947049327, 0.0043101307528450985, 0.0013249962585104857, 0.0006598218580409672, 0.0021413335791029904, 0.0005167705480038097, 0.0010572627701972176, 0.0029480207244705113, 0.0024415779036814564, 0.00254798298112317, 0.00359939141643109, 0.004607711574358631, 0.0011162575845004557, 0.0023135916255518957, 0.0034620960559610084, 0.006415369906284065, 0.0010170626145706294, 0.0007824319369989982, 0.0011039282924279051, 0.0027920550078012864, 0.003561973557105981, 0.0013331650210104127, 0.0026994381764682204, 0.0013893644475195684]","[0.9523809523809524, 0.9285714285714287, 0.880952380952381, 1.0, 0.9761904761904763, 0.9761904761904763, 0.9047619047619048, 0.9761904761904763, 0.9047619047619048, 0.9285714285714287, 0.9047619047619048, 0.9285714285714287, 0.9285714285714287, 0.9047619047619048, 0.6666666666666669, 0.9761904761904763, 0.9285714285714287, 0.9285714285714287, 0.9761904761904763, 0.9285714285714287, 0.5952380952380953, 0.9285714285714287, 0.9761904761904763, 0.7857142857142858, 0.9523809523809524, 0.8571428571428572, 0.8095238095238096, 1.0, 0.7857142857142858, 0.9523809523809524]","[0.8571428571428571, 0.8571428571428571, 0.7142857142857142, 0.9999999999999998, 0.9285714285714285, 0.9285714285714285, 0.7857142857142856, 0.9285714285714285, 0.7857142857142856, 0.8571428571428571, 0.7857142857142856, 0.8571428571428571, 0.8571428571428571, 0.7857142857142856, 0.4999999999999999, 0.9285714285714285, 0.8571428571428571, 0.8571428571428571, 0.9285714285714285, 0.7857142857142856, 0.42857142857142855, 0.8571428571428571, 0.9285714285714285, 0.6428571428571428, 0.8571428571428571, 0.7142857142857142, 0.6428571428571428, 0.9999999999999998, 0.6428571428571428, 0.8571428571428571]","[1.0, 1.0, 0.6666666666666666, 1.0, 1.0, 1.0, 1.0, 1.0, 1.0, 1.0, 1.0, 1.0, 1.0, 1.0, 1.0, 1.0, 1.0, 1.0, 1.0, 0.6666666666666666, 1.0, 1.0, 1.0, 1.0, 1.0, 0.6666666666666666, 0.6666666666666666, 1.0, 1.0, 1.0]","[1.0, 1.0, 1.0, 1.0, 1.0, 1.0, 1.0, 0.8, 1.0, 0.8, 1.0, 0.8, 0.8, 1.0, 0.6, 1.0, 1.0, 0.8, 1.0, 0.8, 0.6, 1.0, 1.0, 0.8, 1.0, 0.8, 0.8, 1.0, 0.8, 0.8]"
california,mlp,1000,4,8,b2_stratified,0.001137724863126822,0.0007520701668101305,0.00014221560789085276,9.400877085126631e-05,0.0008940341694253925,0.0014295442383785515,1.0,0.888095238095238,0.06653899339277199,0.8634920634920634,0.9103174603174602,0.7833333333333333,0.09842869813616374,1.0,0.0,0.8400000000000001,0.07999999999999997,0.0001262492640285975,0.0,1000.0,0.16899390666609784,0.02678589541201611,1000.0,"[0.0010226675638788773, 0.0008400002479465958, 0.0009203681824873309, 0.0006064814749860626, 0.00016248282804915602, 0.0012680945127018885, 0.0010804650713910117, 0.0022810952045832617, 0.00023926464842566973, 0.0014540039037938826, 0.0007045118882764425, 0.001388946093057919, 0.0016520020673309378, 0.00023980758849023444, 0.0004071146269125905, 0.0011051318245585875, 0.0003523426014121634, 0.0003481713474415241, 0.0006726171798390689, 0.0013849458083003278, 0.001483170300749826, 0.0016483648682685825, 0.00373860610971351, 0.001357217350620508, 0.0014904265689799734, 0.00160274611359193, 0.00023021945435823407, 0.0017557592964460942, 0.0005890537930324998, 0.0021056673741799716]","[0.880952380952381, 0.9523809523809524, 0.9761904761904763, 0.9523809523809524, 0.9523809523809524, 0.9285714285714287, 0.7619047619047621, 0.8333333333333335, 0.9285714285714287, 0.9047619047619048, 0.9285714285714287, 0.7857142857142858, 0.9761904761904763, 0.9047619047619048, 0.9523809523809524, 0.8571428571428572, 0.8333333333333335, 0.9047619047619048, 0.9523809523809524, 0.8571428571428572, 0.7857142857142858, 0.9285714285714287, 0.8333333333333335, 0.7857142857142858, 0.880952380952381, 0.880952380952381, 0.9761904761904763, 0.7619047619047621, 0.8333333333333335, 0.9523809523809524]","[0.7857142857142856, 0.8571428571428571, 0.9285714285714285, 0.8571428571428571, 0.8571428571428571, 0.8571428571428571, 0.5714285714285714, 0.7142857142857142, 0.8571428571428571, 0.7857142857142856, 0.8571428571428571, 0.6428571428571428, 0.9285714285714285, 0.7857142857142856, 0.8571428571428571, 0.7857142857142856, 0.7142857142857142, 0.7857142857142856, 0.8571428571428571, 0.7857142857142856, 0.6428571428571428, 0.8571428571428571, 0.7142857142857142, 0.6428571428571428, 0.7142857142857142, 0.7857142857142856, 0.9285714285714285, 0.5714285714285714, 0.7142857142857142, 0.8571428571428571]","[1.0, 1.0, 1.0, 1.0, 1.0, 1.0, 1.0, 1.0, 1.0, 1.0, 1.0, 1.0, 1.0, 1.0, 1.0, 1.0, 1.0, 1.0, 1.0, 1.0, 1.0, 1.0, 1.0, 1.0, 1.0, 1.0, 1.0, 1.0, 1.0, 1.0]","[0.8, 0.8, 1.0, 0.8, 0.8, 0.8, 0.8, 0.8, 1.0, 0.8, 0.8, 0.8, 1.0, 1.0, 0.8, 0.8, 0.8, 1.0, 0.8, 0.8, 0.8, 0.8, 0.8, 0.8, 0.8, 0.8, 0.8, 0.8, 0.8, 1.0]"
california,mlp,1000,4,8,b3_is,0.0013700516441361237,0.0011319115520498093,0.00017125645551701547,0.00014148894400622616,0.0010115095938570964,0.0018181253094390777,1.2042029567419272,0.9253968253968252,0.05920017840943335,0.903968253968254,0.946031746031746,0.8452380952380952,0.10115545612499048,1.0,0.0,0.8600000000000001,0.09165151389911678,0.00014510282651350584,0.0,1000.0,0.1944854366660972,0.03009104052890256,1000.0,"[0.0015750987007284814, 0.0005129571463352301, 0.0009602113192020713, 0.00048548071053964545, 0.0006649607066323616, 0.001088463957964306, 0.002111152115927032, 0.0017712742551134427, 0.0013655785589088171, 0.0009453269928778453, 0.0006227919358835996, 0.0013317600404931637, 0.0030978157810522804, 0.0005906496644848914, 0.0004889859937059504, 0.0014334785420489337, 0.00021459160465612197, 0.0006386512235149038, 0.0005475012491043758, 0.0015083551971109216, 0.0019522972257369044, 0.0050913366591544724, 0.0007757596452404453, 0.0047152868063867325, 0.00192318206262007, 0.0002555783470249131, 0.0013915164696277952, 0.0011472909747302586, 0.0011165228982127208, 0.0007776925390650185]","[0.9523809523809524, 0.9761904761904763, 0.7619047619047621, 0.9761904761904763, 0.9285714285714287, 0.880952380952381, 0.880952380952381, 0.9047619047619048, 1.0, 1.0, 0.9761904761904763, 0.8333333333333335, 0.9047619047619048, 0.9761904761904763, 0.9523809523809524, 0.9285714285714287, 1.0, 0.9761904761904763, 0.8333333333333335, 0.9761904761904763, 1.0, 0.9047619047619048, 0.8571428571428572, 0.9047619047619048, 0.9285714285714287, 0.9523809523809524, 0.9523809523809524, 0.9285714285714287, 0.880952380952381, 0.8333333333333335]","[0.8571428571428571, 0.9285714285714285, 0.5714285714285714, 0.9285714285714285, 0.8571428571428571, 0.7857142857142856, 0.7142857142857142, 0.7857142857142856, 0.9999999999999998, 0.9999999999999998, 0.9285714285714285, 0.7142857142857142, 0.7857142857142856, 0.9285714285714285, 0.8571428571428571, 0.8571428571428571, 0.9999999999999998, 0.9285714285714285, 0.7142857142857142, 0.9285714285714285, 0.9999999999999998, 0.7857142857142856, 0.7857142857142856, 0.7857142857142856, 0.8571428571428571, 0.8571428571428571, 0.8571428571428571, 0.8571428571428571, 0.7857142857142856, 0.7142857142857142]","[1.0, 1.0, 1.0, 1.0, 1.0, 1.0, 1.0, 1.0, 1.0, 1.0, 1.0, 1.0, 1.0, 1.0, 1.0, 1.0, 1.0, 1.0, 1.0, 1.0, 1.0, 1.0, 1.0, 1.0, 1.0, 1.0, 1.0, 1.0, 1.0, 1.0]","[0.8, 1.0, 0.8, 1.0, 0.8, 0.8, 0.8, 0.8, 1.0, 1.0, 1.0, 0.8, 0.8, 1.0, 0.8, 0.8, 1.0, 0.8, 0.8, 1.0, 1.0, 0.8, 0.8, 0.8, 0.8, 0.8, 0.8, 0.8, 0.8, 0.8]"
california,mlp,1000,4,8,b4_antithetic,0.000722481264515087,0.0003306851384793539,9.031015806438587e-05,4.133564230991924e-05,0.0006012864477495359,0.0008391021775997497,0.6350228319081325,0.9722222222222221,0.0337184853749968,0.9587301587301587,0.9825396825396825,0.9309523809523806,0.06249716546860325,1.0,0.0,0.9600000000000001,0.07999999999999999,1.3505078605243571e-05,0.0,1000.0,0.16323168666858692,0.019521929471895773,1000.0,"[0.00045748224397918705, 0.0006070922789928973, 0.00027303622855881564, 0.0007072215581769622, 0.0007086837438517328, 0.0010481219147527052, 0.0005434788460129325, 0.0005068598171764021, 0.0005337721029725612, 0.0008612047058673312, 0.0014606252156366421, 0.0003027087728034677, 0.000305604527374267, 0.0014027457000492201, 0.0012717208611065845, 0.00033599455436953985, 0.000567626816037239, 0.00023592584254348515, 0.0006367002186937801, 0.0007698872762015933, 0.0010434740497703785, 0.0011575433743205204, 0.0009146473364742475, 0.0007332957356865205, 0.00041073359412737765, 0.00046256635677560247, 0.000926707177642778, 0.0007877265706110567, 0.0006233519895905306, 0.0010778985252962452]","[0.9761904761904763, 0.9047619047619048, 1.0, 1.0, 0.9285714285714287, 1.0, 0.9761904761904763, 1.0, 0.9761904761904763, 0.8333333333333335, 0.9761904761904763, 0.9761904761904763, 0.9761904761904763, 0.9285714285714287, 0.9761904761904763, 0.9761904761904763, 0.9761904761904763, 0.9761904761904763, 0.9761904761904763, 0.9761904761904763, 0.9761904761904763, 1.0, 0.9761904761904763, 1.0, 0.9761904761904763, 1.0, 1.0, 0.9761904761904763, 0.9761904761904763, 0.9761904761904763]","[0.9285714285714285, 0.7857142857142856, 0.9999999999999998, 0.9999999999999998, 0.8571428571428571, 0.9999999999999998, 0.9285714285714285, 0.9999999999999998, 0.9285714285714285, 0.7142857142857142, 0.9285714285714285, 0.9285714285714285, 0.9285714285714285, 0.8571428571428571, 0.9285714285714285, 0.9285714285714285, 0.9285714285714285, 0.9285714285714285, 0.9285714285714285, 0.9285714285714285, 0.9285714285714285, 0.9999999999999998, 0.9285714285714285, 0.9999999999999998, 0.9285714285714285, 0.9999999999999998, 0.9999999999999998, 0.9285714285714285, 0.9285714285714285, 0.9285714285714285]","[1.0, 1.0, 1.0, 1.0, 1.0, 1.0, 1.0, 1.0, 1.0, 1.0, 1.0, 1.0, 1.0, 1.0, 1.0, 1.0, 1.0, 1.0, 1.0, 1.0, 1.0, 1.0, 1.0, 1.0, 1.0, 1.0, 1.0, 1.0, 1.0, 1.0]","[1.0, 1.0, 1.0, 1.0, 1.0, 1.0, 1.0, 1.0, 1.0, 0.8, 1.0, 1.0, 1.0, 1.0, 1.0, 1.0, 1.0, 0.8, 1.0, 1.0, 0.8, 1.0, 1.0, 1.0, 0.8, 1.0, 1.0, 0.8, 1.0, 0.8]"
california,mlp,1000,5,8,abc_shap,0.03246717704679023,0.030200653857981503,0.004058397130848779,0.003775081732247688,0.022819522130448577,0.04351067514762101,7.030552682521974,0.9063492063492063,0.06474945414086074,0.8833333333333333,0.927797619047619,0.8333333333333333,0.09464098530643707,1.0,0.0,0.8666666666666668,0.09428090415820631,0.0038958036533342983,480.0,520.0,0.18839459999580868,0.009572460085119952,480.0,"[0.003080848335771354, 0.004106568601266898, 0.04707133808773532, 0.019342213356962103, 0.02170768176269193, 0.0935587746265068, 0.02692115157816513, 0.008678171706350265, 0.07521743548003179, 0.03799280600652583, 0.03279442216501727, 0.02293296424243141, 0.060374435824364504, 0.001618398475651189, 0.004910097661890003, 0.08519731350551889, 0.011484245604332942, 0.11692527142107623, 0.0013167730118312483, 0.008196546452856132, 0.05373486471465397, 0.029656538772113016, 0.00792899601807557, 0.05968180063813365, 0.00972945191242683, 0.014787170928121048, 0.01985436893229463, 0.06450827615206786, 0.022700645543395258, 0.008005739885447736]","[0.9047619047619048, 0.9761904761904763, 0.8571428571428572, 0.8095238095238096, 0.8333333333333335, 0.8333333333333335, 0.8333333333333335, 1.0, 1.0, 0.8571428571428572, 1.0, 0.8571428571428572, 0.8571428571428572, 0.9523809523809524, 0.8333333333333335, 0.9523809523809524, 0.8571428571428572, 0.9523809523809524, 0.9761904761904763, 0.8571428571428572, 0.8571428571428572, 0.8571428571428572, 1.0, 0.9761904761904763, 0.9047619047619048, 0.8571428571428572, 0.8333333333333335, 0.9523809523809524, 0.9761904761904763, 0.9761904761904763]","[0.7857142857142856, 0.9285714285714285, 0.7857142857142856, 0.7142857142857142, 0.7142857142857142, 0.7142857142857142, 0.7142857142857142, 0.9999999999999998, 0.9999999999999998, 0.7857142857142856, 0.9999999999999998, 0.7857142857142856, 0.7857142857142856, 0.8571428571428571, 0.7142857142857142, 0.8571428571428571, 0.7857142857142856, 0.8571428571428571, 0.9285714285714285, 0.7857142857142856, 0.7857142857142856, 0.7857142857142856, 0.9999999999999998, 0.9285714285714285, 0.7857142857142856, 0.7857142857142856, 0.7142857142857142, 0.8571428571428571, 0.9285714285714285, 0.9285714285714285]","[1.0, 1.0, 1.0, 1.0, 1.0, 1.0, 1.0, 1.0, 1.0, 1.0, 1.0, 1.0, 1.0, 1.0, 1.0, 1.0, 1.0, 1.0, 1.0, 1.0, 1.0, 1.0, 1.0, 1.0, 1.0, 1.0, 1.0, 1.0, 1.0, 1.0]","[0.8, 1.0, 0.8, 0.8, 0.8, 0.8, 0.8, 1.0, 1.0, 0.8, 1.0, 0.8, 0.8, 0.8, 0.8, 1.0, 0.8, 0.8, 0.8, 0.8, 0.8, 0.8, 1.0, 1.0, 1.0, 0.8, 0.8, 1.0, 1.0, 0.8]"
california,mlp,1000,5,8,b1_uniform,0.005889467170386694,0.0034995863889478447,0.0007361833962983368,0.0004374482986184806,0.004643587517243868,0.0071686690410938374,1.2753252047048782,0.8928571428571428,0.0569275042553311,0.8730158730158729,0.9126984126984127,0.8023809523809522,0.07971747163230099,1.0,0.0,0.8666666666666668,0.09428090415820631,0.0005723657544516712,0.0,1000.0,0.16286283333029133,0.018126411621674842,1000.0,"[0.004757672170181422, 0.007235730489994998, 0.0011287007409858407, 0.004322734073483991, 0.00685625446421499, 0.0028057136221612726, 0.0026854404927254658, 0.00672647476569523, 0.017197658063502992, 0.009544179177936388, 0.0048629476942922386, 0.0011540373453258219, 0.009518041185547346, 0.008371959445660633, 0.002880980537496146, 0.004171793583386261, 0.005579895938674937, 0.003370530759225286, 0.005787284058274347, 0.0028203914906170025, 0.0048219378485029165, 0.007986238897100718, 0.004288787845118403, 0.0068587925991049625, 0.002358500394299608, 0.003947997587843873, 0.014084539928679132, 0.008027419747454318, 0.008338155317913787, 0.004193224846200464]","[0.9285714285714287, 0.9523809523809524, 0.8095238095238096, 0.9523809523809524, 0.8333333333333335, 0.9047619047619048, 0.9761904761904763, 0.9285714285714287, 0.8333333333333335, 0.8333333333333335, 0.9285714285714287, 0.9523809523809524, 0.8333333333333335, 0.9285714285714287, 0.9285714285714287, 0.8333333333333335, 0.9285714285714287, 0.9285714285714287, 0.7857142857142858, 0.8571428571428572, 0.9285714285714287, 0.8333333333333335, 0.9761904761904763, 0.880952380952381, 0.7857142857142858, 0.9285714285714287, 0.8571428571428572, 0.880952380952381, 0.880952380952381, 0.9761904761904763]","[0.8571428571428571, 0.8571428571428571, 0.7142857142857142, 0.8571428571428571, 0.7142857142857142, 0.7857142857142856, 0.9285714285714285, 0.8571428571428571, 0.7142857142857142, 0.7142857142857142, 0.8571428571428571, 0.8571428571428571, 0.7142857142857142, 0.8571428571428571, 0.8571428571428571, 0.7142857142857142, 0.8571428571428571, 0.8571428571428571, 0.6428571428571428, 0.7857142857142856, 0.8571428571428571, 0.7142857142857142, 0.9285714285714285, 0.7857142857142856, 0.6428571428571428, 0.8571428571428571, 0.7857142857142856, 0.7857142857142856, 0.7857142857142856, 0.9285714285714285]","[1.0, 1.0, 1.0, 1.0, 1.0, 1.0, 1.0, 1.0, 1.0, 1.0, 1.0, 1.0, 1.0, 1.0, 1.0, 1.0, 1.0, 1.0, 1.0, 1.0, 1.0, 1.0, 1.0, 1.0, 1.0, 1.0, 1.0, 1.0, 1.0, 1.0]","[1.0, 0.8, 0.8, 0.8, 0.8, 1.0, 0.8, 1.0, 0.8, 0.8, 1.0, 0.8, 0.8, 0.8, 1.0, 0.8, 1.0, 1.0, 0.8, 0.8, 1.0, 0.8, 1.0, 0.8, 0.8, 0.8, 0.8, 0.8, 0.8, 1.0]"
california,mlp,1000,5,8,b2_stratified,0.004618012055795267,0.004928039159687392,0.0005772515069744084,0.000616004894960924,0.0030798024685367584,0.0066003948133841065,1.0,0.9119047619047618,0.0706705813316944,0.8880952380952379,0.9365079365079365,0.8333333333333333,0.10962728031639367,1.0,0.0,0.8600000000000001,0.09165151389911678,0.0005289968047543119,0.0,1000.0,0.16140133000153584,0.0076434019477169485,1000.0,"[0.0022339925178298916, 0.008688280812848967, 0.0003679350796400877, 0.002264139305217918, 0.0018511533567563676, 0.005597510921987716, 0.004260220692541294, 0.0008236859072483287, 0.025995720937377242, 0.0006498339438466328, 0.004863476693439668, 0.004932010381483478, 0.0013772186708658127, 0.00549274180023616, 0.0021034527692768423, 0.0011633672763219144, 0.0032259954017131243, 0.002657807330553118, 0.0014756493751171944, 0.0067294884036556936, 0.0015545986328883914, 0.004316730166282269, 0.004587251735896857, 0.00863094053223176, 0.0004485376229720654, 0.006839422865974625, 0.010874060614994964, 0.0034169046532038752, 0.0007232350601902488, 0.01039499821126552]","[0.9047619047619048, 0.9523809523809524, 0.9761904761904763, 0.8571428571428572, 0.7857142857142858, 0.9285714285714287, 0.8333333333333335, 0.9761904761904763, 0.9761904761904763, 0.9761904761904763, 0.880952380952381, 0.8333333333333335, 0.9761904761904763, 0.8333333333333335, 1.0, 0.880952380952381, 0.9523809523809524, 0.880952380952381, 0.880952380952381, 0.7857142857142858, 1.0, 0.9761904761904763, 0.8333333333333335, 0.9761904761904763, 1.0, 0.8333333333333335, 0.7857142857142858, 0.9761904761904763, 0.9285714285714287, 0.9761904761904763]","[0.7857142857142856, 0.8571428571428571, 0.9285714285714285, 0.7857142857142856, 0.6428571428571428, 0.8571428571428571, 0.7142857142857142, 0.9285714285714285, 0.9285714285714285, 0.9285714285714285, 0.7857142857142856, 0.7142857142857142, 0.9285714285714285, 0.7142857142857142, 0.9999999999999998, 0.7857142857142856, 0.8571428571428571, 0.7857142857142856, 0.7857142857142856, 0.6428571428571428, 0.9999999999999998, 0.9285714285714285, 0.7142857142857142, 0.9285714285714285, 0.9999999999999998, 0.7142857142857142, 0.6428571428571428, 0.9285714285714285, 0.8571428571428571, 0.9285714285714285]","[1.0, 1.0, 1.0, 1.0, 1.0, 1.0, 1.0, 1.0, 1.0, 1.0, 1.0, 1.0, 1.0, 1.0, 1.0, 1.0, 1.0, 1.0, 1.0, 1.0, 1.0, 1.0, 1.0, 1.0, 1.0, 1.0, 1.0, 1.0, 1.0, 1.0]","[0.8, 0.8, 0.8, 0.8, 0.8, 0.8, 0.8, 0.8, 1.0, 1.0, 0.8, 0.8, 1.0, 0.8, 1.0, 0.8, 0.8, 0.8, 0.8, 0.8, 1.0, 1.0, 0.8, 1.0, 1.0, 0.8, 0.8, 0.8, 0.8, 1.0]"
california,mlp,1000,5,8,b3_is,0.0046888310342959455,0.0037613560215663056,0.0005861038792869932,0.0004701695026957882,0.003467662344747714,0.006079602561059191,1.0153353819013542,0.919047619047619,0.06523403996201431,0.8944444444444445,0.9396825396825397,0.8476190476190474,0.10389249632986393,1.0,0.0,0.8800000000000001,0.0979795897113271,0.0005211804971331762,0.0,1000.0,0.1827471399999922,0.010144191276946097,1000.0,"[0.005531816637271393, 0.012574619456584933, 0.0010909767391776486, 0.0104371376348951, 0.0009894230079858697, 0.005009392981869759, 0.0016431763154693612, 0.009989508180598182, 0.0063400395318539875, 0.004018374817669566, 0.0013436153247523021, 0.0015342739340765672, 0.004858167510442527, 0.001046718699283566, 0.012187965331362124, 0.0019044958285609687, 0.004952401537544405, 0.0046064879361842875, 0.012982051754042403, 9.996635500246781e-05, 0.004914341304426125, 0.0009881899251544446, 0.0021783093484027444, 0.007842947006987894, 0.0015425747817927676, 0.002305139217343442, 0.005389828630919726, 0.008155436567577985, 0.002947804592020074, 0.0012597501396257617]","[0.8333333333333335, 0.9761904761904763, 0.9761904761904763, 0.8333333333333335, 0.9761904761904763, 0.9761904761904763, 0.9761904761904763, 0.9047619047619048, 0.8333333333333335, 0.8333333333333335, 0.9285714285714287, 1.0, 0.8333333333333335, 0.9761904761904763, 0.8333333333333335, 0.8333333333333335, 0.8333333333333335, 0.9761904761904763, 1.0, 1.0, 0.9285714285714287, 0.9285714285714287, 0.8333333333333335, 0.9285714285714287, 0.9761904761904763, 0.9761904761904763, 0.9285714285714287, 1.0, 0.8571428571428572, 0.880952380952381]","[0.7142857142857142, 0.9285714285714285, 0.9285714285714285, 0.7142857142857142, 0.9285714285714285, 0.9285714285714285, 0.9285714285714285, 0.7857142857142856, 0.7142857142857142, 0.7142857142857142, 0.8571428571428571, 0.9999999999999998, 0.7142857142857142, 0.9285714285714285, 0.7142857142857142, 0.7142857142857142, 0.7142857142857142, 0.9285714285714285, 0.9999999999999998, 0.9999999999999998, 0.8571428571428571, 0.8571428571428571, 0.7142857142857142, 0.8571428571428571, 0.9285714285714285, 0.9285714285714285, 0.8571428571428571, 0.9999999999999998, 0.7857142857142856, 0.7857142857142856]","[1.0, 1.0, 1.0, 1.0, 1.0, 1.0, 1.0, 1.0, 1.0, 1.0, 1.0, 1.0, 1.0, 1.0, 1.0, 1.0, 1.0, 1.0, 1.0, 1.0, 1.0, 1.0, 1.0, 1.0, 1.0, 1.0, 1.0, 1.0, 1.0, 1.0]","[0.8, 1.0, 0.8, 0.8, 1.0, 1.0, 1.0, 1.0, 0.8, 0.8, 0.8, 1.0, 0.8, 1.0, 0.8, 0.8, 0.8, 0.8, 1.0, 1.0, 0.8, 0.8, 0.8, 0.8, 1.0, 1.0, 0.8, 1.0, 0.8, 0.8]"
california,mlp,1000,5,8,b4_antithetic,0.0016657162399124803,0.0002545937835523722,0.00020821452998906004,3.1824222944046524e-05,0.0015770032223846623,0.0017612411094027442,0.36069984655456416,0.915079365079365,0.04749322000119741,0.8983928571428572,0.9325396825396823,0.8476190476190475,0.05450249115361714,1.0,0.0,0.9133333333333334,0.09910712498212333,7.729905055585972e-06,0.0,1000.0,0.15318178666833168,0.0019154461555434589,1000.0,"[0.0016964417941308701, 0.0014630658955425873, 0.0017762807199755452, 0.0023050784583302526, 0.0016455395134880055, 0.001651483443679344, 0.0017133143789981222, 0.0018234028951312393, 0.0019790829768371924, 0.0012707845196182326, 0.0017354884801940149, 0.001564176544040457, 0.0021148554036222143, 0.001698658538883603, 0.0015991345674582352, 0.0012692037100696318, 0.0014481236994336952, 0.0013178096887585282, 0.00139005122007166, 0.0018027245308174528, 0.0017407527353830938, 0.0012294100418875434, 0.001817206209124781, 0.001511384416787794, 0.001938594728462774, 0.001664984053092109, 0.0020918001206742475, 0.001598586281998516, 0.0016793348523465354, 0.0014347327785361396]","[0.8571428571428572, 0.9285714285714287, 0.9285714285714287, 0.8571428571428572, 0.9761904761904763, 0.9761904761904763, 0.9761904761904763, 0.9285714285714287, 0.9523809523809524, 0.8571428571428572, 0.8571428571428572, 0.8571428571428572, 0.9285714285714287, 0.8571428571428572, 0.9285714285714287, 0.9285714285714287, 0.9761904761904763, 0.8571428571428572, 0.8571428571428572, 0.9761904761904763, 0.9285714285714287, 0.9761904761904763, 0.8571428571428572, 0.9761904761904763, 0.9523809523809524, 0.9285714285714287, 0.8571428571428572, 0.8571428571428572, 0.9285714285714287, 0.9285714285714287]","[0.7857142857142856, 0.8571428571428571, 0.8571428571428571, 0.7857142857142856, 0.9285714285714285, 0.9285714285714285, 0.9285714285714285, 0.8571428571428571, 0.8571428571428571, 0.7857142857142856, 0.7857142857142856, 0.7857142857142856, 0.8571428571428571, 0.7857142857142856, 0.8571428571428571, 0.8571428571428571, 0.9285714285714285, 0.7857142857142856, 0.7857142857142856, 0.9285714285714285, 0.8571428571428571, 0.9285714285714285, 0.7857142857142856, 0.9285714285714285, 0.8571428571428571, 0.8571428571428571, 0.7857142857142856, 0.7857142857142856, 0.8571428571428571, 0.8571428571428571]","[1.0, 1.0, 1.0, 1.0, 1.0, 1.0, 1.0, 1.0, 1.0, 1.0, 1.0, 1.0, 1.0, 1.0, 1.0, 1.0, 1.0, 1.0, 1.0, 1.0, 1.0, 1.0, 1.0, 1.0, 1.0, 1.0, 1.0, 1.0, 1.0, 1.0]","[0.8, 1.0, 1.0, 0.8, 1.0, 1.0, 1.0, 1.0, 0.8, 0.8, 0.8, 0.8, 1.0, 0.8, 1.0, 1.0, 1.0, 0.8, 0.8, 1.0, 1.0, 1.0, 0.8, 1.0, 0.8, 1.0, 0.8, 0.8, 1.0, 1.0]"
california,mlp,1000,6,8,abc_shap,0.008130690512120682,0.007907996773625593,0.0010163363140150853,0.0009884995967031991,0.005423760976023395,0.0112916041066172,12.119980187741092,0.7936507936507937,0.14263651393342405,0.7428571428571428,0.8452579365079363,0.6333333333333332,0.21087228405223357,0.8444444444444446,0.16629588385661964,0.94,0.09165151389911678,0.0008823235959340425,480.0,520.0,0.20049955333718875,0.024030511428869285,480.0,"[0.01823225218322448, 0.007912459757031646, 0.0004961226079559406, 0.0011747220549211512, 0.005993453045715544, 0.011699949925808223, 0.003928349996214932, 0.002076044028628887, 0.0020988264362245524, 0.0030820285050560774, 0.004084297185162676, 0.013806589655100232, 0.000802029118573193, 0.002662802232698559, 0.002538559897093704, 0.002073759882514244, 0.010863174817384004, 0.023976545725847852, 0.015765911189031565, 0.007914820832920944, 0.006898253852135833, 0.012862849283229229, 0.03633160402575545, 0.015668236378040747, 0.0017360547111043875, 0.0013378323976419339, 0.006285773751214319, 0.01055913827633922, 0.0015992702980453216, 0.00945900331300562]","[0.880952380952381, 0.9047619047619048, 0.9761904761904763, 0.9761904761904763, 0.6190476190476191, 0.6190476190476191, 0.7380952380952381, 0.8571428571428572, 0.8333333333333335, 1.0, 0.7142857142857144, 0.5952380952380953, 0.9285714285714287, 0.9523809523809524, 0.9047619047619048, 0.9761904761904763, 0.6428571428571429, 0.5952380952380953, 0.5952380952380953, 0.6428571428571429, 0.9761904761904763, 0.5952380952380953, 0.5952380952380953, 0.9047619047619048, 0.7857142857142858, 0.8333333333333335, 0.7142857142857144, 0.7142857142857144, 0.8333333333333335, 0.9047619047619048]","[0.7142857142857142, 0.7857142857142856, 0.9285714285714285, 0.9285714285714285, 0.3571428571428571, 0.42857142857142855, 0.5714285714285714, 0.7142857142857142, 0.6428571428571428, 0.9999999999999998, 0.4999999999999999, 0.3571428571428571, 0.8571428571428571, 0.8571428571428571, 0.7857142857142856, 0.9285714285714285, 0.42857142857142855, 0.3571428571428571, 0.3571428571428571, 0.42857142857142855, 0.9285714285714285, 0.3571428571428571, 0.3571428571428571, 0.7857142857142856, 0.5714285714285714, 0.6428571428571428, 0.4999999999999999, 0.4999999999999999, 0.6428571428571428, 0.7857142857142856]","[1.0, 1.0, 1.0, 1.0, 0.6666666666666666, 0.6666666666666666, 0.6666666666666666, 1.0, 1.0, 1.0, 0.6666666666666666, 0.6666666666666666, 1.0, 1.0, 1.0, 1.0, 0.6666666666666666, 0.6666666666666666, 0.6666666666666666, 0.6666666666666666, 1.0, 0.6666666666666666, 0.6666666666666666, 1.0, 0.6666666666666666, 1.0, 0.6666666666666666, 0.6666666666666666, 1.0, 1.0]","[1.0, 1.0, 1.0, 1.0, 0.8, 0.8, 1.0, 1.0, 1.0, 1.0, 1.0, 0.8, 1.0, 1.0, 1.0, 1.0, 0.8, 0.8, 0.8, 0.8, 1.0, 0.8, 0.8, 1.0, 1.0, 1.0, 1.0, 1.0, 1.0, 1.0]"
california,mlp,1000,6,8,b1_uniform,0.001585292463042422,0.0007012432451264831,0.00019816155788030275,8.765540564081038e-05,0.001356113631527053,0.0018543307733293038,2.3631096541194045,0.9047619047619048,0.05069434737355971,0.8864880952380952,0.923015873015873,0.795238095238095,0.09885971186679376,0.9444444444444444,0.12422599874998834,1.0,0.0,9.536148202261924e-05,0.0,1000.0,0.1687193466651176,0.018866823025483283,1000.0,"[0.0015320852060589907, 0.0036665430577935616, 0.0012162995771705495, 0.0010981729827416022, 0.0011146273970700253, 0.0016598944370283801, 0.0024788903063026643, 0.0008595480441202142, 0.0017765543864372844, 0.0011735966075256121, 0.001866592504646442, 0.0005955084460180391, 0.0018914740417070783, 0.0012657257588708384, 0.0006306719910333396, 0.00180225689831179, 0.0021727583006180087, 0.0009104448238649363, 0.0011583542717107215, 0.0017705370995834936, 0.0014279073925776739, 0.00170062729632578, 0.002065989366476663, 0.0016290605541825682, 0.000667291414289395, 0.0008745124173424269, 0.0013167426844306706, 0.0015413870223282154, 0.0031449832179230217, 0.0025497363867826766]","[1.0, 0.8571428571428572, 0.9761904761904763, 0.8333333333333335, 0.9285714285714287, 0.8333333333333335, 0.7857142857142858, 0.9285714285714287, 0.880952380952381, 0.9047619047619048, 0.880952380952381, 0.9285714285714287, 0.8571428571428572, 0.8571428571428572, 0.9761904761904763, 0.9047619047619048, 0.9285714285714287, 0.9523809523809524, 0.9285714285714287, 0.9047619047619048, 0.8571428571428572, 0.9047619047619048, 0.9047619047619048, 0.9761904761904763, 0.9047619047619048, 0.9523809523809524, 0.9761904761904763, 0.9047619047619048, 0.880952380952381, 0.8333333333333335]","[0.9999999999999998, 0.7142857142857142, 0.9285714285714285, 0.6428571428571428, 0.8571428571428571, 0.6428571428571428, 0.5714285714285714, 0.8571428571428571, 0.7142857142857142, 0.7857142857142856, 0.7857142857142856, 0.8571428571428571, 0.7142857142857142, 0.7142857142857142, 0.9285714285714285, 0.7857142857142856, 0.8571428571428571, 0.8571428571428571, 0.8571428571428571, 0.7857142857142856, 0.7142857142857142, 0.7857142857142856, 0.7857142857142856, 0.9285714285714285, 0.7857142857142856, 0.8571428571428571, 0.9285714285714285, 0.7857142857142856, 0.7857142857142856, 0.6428571428571428]","[1.0, 0.6666666666666666, 1.0, 1.0, 1.0, 1.0, 0.6666666666666666, 1.0, 1.0, 1.0, 0.6666666666666666, 1.0, 1.0, 1.0, 1.0, 1.0, 1.0, 1.0, 1.0, 0.6666666666666666, 1.0, 1.0, 1.0, 1.0, 1.0, 1.0, 1.0, 1.0, 0.6666666666666666, 1.0]","[1.0, 1.0, 1.0, 1.0, 1.0, 1.0, 1.0, 1.0, 1.0, 1.0, 1.0, 1.0, 1.0, 1.0, 1.0, 1.0, 1.0, 1.0, 1.0, 1.0, 1.0, 1.0, 1.0, 1.0, 1.0, 1.0, 1.0, 1.0, 1.0, 1.0]"
california,mlp,1000,6,8,b2_stratified,0.000670850148777023,0.0004757928192217922,8.385626859712787e-05,5.947410240272402e-05,0.0005055938008399086,0.0008347088152486262,1.0,0.9190476190476191,0.03400680204068025,0.9071428571428571,0.9325396825396824,0.8119047619047617,0.07257024121013414,1.0,0.0,1.0,0.0,7.888077664399513e-05,0.0,1000.0,0.16874237333152753,0.021980819922090472,1000.0,"[0.0016569042281973441, 0.0002802363409138586, 0.00017322396067811084, 0.000909113791788256, 0.0016379842602924708, 0.0005403662084635971, 0.0010417577760305462, 0.0016734527414773036, 0.00013030477632805268, 0.0006463604516480055, 0.0010752050295898638, 0.0006407763958836625, 0.0002441633505406573, 0.0007860966672116699, 0.00022813339271508798, 0.0002313541602799283, 0.00030218297245806434, 0.0007482154617675505, 0.00028312221607500947, 0.0004741129711796894, 0.0015477327705764742, 0.0008063477467794826, 0.00043799318598360186, 0.0003938784592202278, 0.0012326294181090258, 0.00024935737779938446, 0.0002765595071565528, 0.000880169614598192, 0.00035728513434782626, 0.0002404840952211952]","[0.8571428571428572, 0.880952380952381, 1.0, 0.9047619047619048, 0.9047619047619048, 0.880952380952381, 0.9047619047619048, 0.9285714285714287, 0.9047619047619048, 0.9523809523809524, 0.880952380952381, 0.9047619047619048, 0.9285714285714287, 0.9047619047619048, 0.9761904761904763, 0.880952380952381, 0.9047619047619048, 0.9523809523809524, 0.9523809523809524, 0.9285714285714287, 0.9285714285714287, 0.9047619047619048, 0.880952380952381, 0.9047619047619048, 0.9047619047619048, 0.9761904761904763, 0.9761904761904763, 0.9047619047619048, 0.9523809523809524, 0.9047619047619048]","[0.7142857142857142, 0.7142857142857142, 0.9999999999999998, 0.7857142857142856, 0.7857142857142856, 0.7142857142857142, 0.7857142857142856, 0.8571428571428571, 0.7857142857142856, 0.8571428571428571, 0.7142857142857142, 0.7857142857142856, 0.8571428571428571, 0.7857142857142856, 0.9285714285714285, 0.7142857142857142, 0.7857142857142856, 0.8571428571428571, 0.8571428571428571, 0.8571428571428571, 0.8571428571428571, 0.7857142857142856, 0.7142857142857142, 0.7857142857142856, 0.7857142857142856, 0.9285714285714285, 0.9285714285714285, 0.7857142857142856, 0.8571428571428571, 0.7857142857142856]","[1.0, 1.0, 1.0, 1.0, 1.0, 1.0, 1.0, 1.0, 1.0, 1.0, 1.0, 1.0, 1.0, 1.0, 1.0, 1.0, 1.0, 1.0, 1.0, 1.0, 1.0, 1.0, 1.0, 1.0, 1.0, 1.0, 1.0, 1.0, 1.0, 1.0]","[1.0, 1.0, 1.0, 1.0, 1.0, 1.0, 1.0, 1.0, 1.0, 1.0, 1.0, 1.0, 1.0, 1.0, 1.0, 1.0, 1.0, 1.0, 1.0, 1.0, 1.0, 1.0, 1.0, 1.0, 1.0, 1.0, 1.0, 1.0, 1.0, 1.0]"
california,mlp,1000,6,8,b3_is,0.0006544723095919365,0.0003869678913276428,8.180903869899207e-05,4.837098641595535e-05,0.0005194813584284152,0.0008051868787253751,0.9755864417486622,0.9222222222222222,0.04256218310410134,0.9063492063492065,0.9373015873015873,0.8166666666666667,0.08182304894018849,1.0,0.0,1.0,0.0,6.717311512502433e-05,0.0,1000.0,0.19167650666398306,0.019651770505312326,1000.0,"[0.000340456147833157, 0.0005240609400396114, 0.0002790919022791341, 0.0008300892836036048, 0.0006568430185605766, 0.00039054771919969257, 0.0006123845565309422, 0.00029181326626580344, 0.001520200104408991, 0.0002321875884334746, 0.0005138463578085787, 0.00017733694926006676, 0.0005571655810523751, 0.0015793228589891387, 0.0003279151356192562, 0.0009368068222264603, 0.0012926000013280044, 0.0010005037192535274, 0.00042739369236801435, 0.00020719259548083232, 0.00027902831920108496, 0.0007357345033622126, 0.0008559806802346484, 0.0008244802380613517, 0.0004306140780447069, 0.0007893856364184495, 0.0004279662857007013, 0.0003911431654424137, 0.0007910804598887387, 0.0014109976808625465]","[0.9761904761904763, 0.9047619047619048, 0.9761904761904763, 0.9047619047619048, 0.9761904761904763, 0.8571428571428572, 0.9523809523809524, 0.8095238095238096, 0.8571428571428572, 0.9047619047619048, 0.9047619047619048, 0.9761904761904763, 0.9523809523809524, 0.9047619047619048, 0.9523809523809524, 0.9047619047619048, 0.9523809523809524, 0.9523809523809524, 0.9523809523809524, 0.9285714285714287, 0.9761904761904763, 0.9047619047619048, 0.9047619047619048, 0.9047619047619048, 0.9285714285714287, 0.9047619047619048, 0.9523809523809524, 0.9047619047619048, 0.8333333333333335, 0.9523809523809524]","[0.9285714285714285, 0.7857142857142856, 0.9285714285714285, 0.7857142857142856, 0.9285714285714285, 0.7142857142857142, 0.8571428571428571, 0.5714285714285714, 0.7142857142857142, 0.7857142857142856, 0.7857142857142856, 0.9285714285714285, 0.8571428571428571, 0.7857142857142856, 0.8571428571428571, 0.7857142857142856, 0.8571428571428571, 0.8571428571428571, 0.8571428571428571, 0.8571428571428571, 0.9285714285714285, 0.7857142857142856, 0.7857142857142856, 0.7857142857142856, 0.8571428571428571, 0.7857142857142856, 0.8571428571428571, 0.7857142857142856, 0.6428571428571428, 0.8571428571428571]","[1.0, 1.0, 1.0, 1.0, 1.0, 1.0, 1.0, 1.0, 1.0, 1.0, 1.0, 1.0, 1.0, 1.0, 1.0, 1.0, 1.0, 1.0, 1.0, 1.0, 1.0, 1.0, 1.0, 1.0, 1.0, 1.0, 1.0, 1.0, 1.0, 1.0]","[1.0, 1.0, 1.0, 1.0, 1.0, 1.0, 1.0, 1.0, 1.0, 1.0, 1.0, 1.0, 1.0, 1.0, 1.0, 1.0, 1.0, 1.0, 1.0, 1.0, 1.0, 1.0, 1.0, 1.0, 1.0, 1.0, 1.0, 1.0, 1.0, 1.0]"
california,mlp,1000,6,8,b4_antithetic,0.0007554492246372731,0.00023224149777387784,9.443115307965914e-05,2.903018722173473e-05,0.0006772144429125628,0.0008408015292262049,1.1261072625749229,0.9230158730158728,0.010070299635277455,0.919047619047619,0.926190476190476,0.8404761904761905,0.030210898905832225,1.0,0.0,1.0,0.0,9.924580673900231e-06,0.0,1000.0,0.16589375667002362,0.020612073815757113,1000.0,"[0.0009455098198725461, 0.0006170444807833684, 0.001266785464284624, 0.0004893296704989108, 0.0006581142583079207, 0.0009626602475629472, 0.0008989250096917502, 0.0006255465423225138, 0.0010573773169253926, 0.0006204041555943389, 0.00038830386793367095, 0.000885156385088741, 0.00043437322158140193, 0.0005457461025235959, 0.0006439091406865957, 0.0006111586684854737, 0.000636734349574932, 0.0011070363281745954, 0.0005933789958550369, 0.0010864835756285802, 0.0004964446574657051, 0.0005472690209398476, 0.0009147848646977844, 0.0008850035989393893, 0.0007244729750474445, 0.0006411033629433254, 0.0008261250945801112, 0.0011977147740224708, 0.0008309647725265726, 0.0005256160165786097]","[0.9285714285714287, 0.9285714285714287, 0.9285714285714287, 0.9285714285714287, 0.9047619047619048, 0.9285714285714287, 0.9047619047619048, 0.9285714285714287, 0.9285714285714287, 0.9285714285714287, 0.9285714285714287, 0.9047619047619048, 0.9047619047619048, 0.9285714285714287, 0.9285714285714287, 0.9285714285714287, 0.9047619047619048, 0.9285714285714287, 0.9285714285714287, 0.9285714285714287, 0.9285714285714287, 0.9047619047619048, 0.9285714285714287, 0.9285714285714287, 0.9047619047619048, 0.9285714285714287, 0.9285714285714287, 0.9285714285714287, 0.9285714285714287, 0.9285714285714287]","[0.8571428571428571, 0.8571428571428571, 0.8571428571428571, 0.8571428571428571, 0.7857142857142856, 0.8571428571428571, 0.7857142857142856, 0.8571428571428571, 0.8571428571428571, 0.8571428571428571, 0.8571428571428571, 0.7857142857142856, 0.7857142857142856, 0.8571428571428571, 0.8571428571428571, 0.8571428571428571, 0.7857142857142856, 0.8571428571428571, 0.8571428571428571, 0.8571428571428571, 0.8571428571428571, 0.7857142857142856, 0.8571428571428571, 0.8571428571428571, 0.7857142857142856, 0.8571428571428571, 0.8571428571428571, 0.8571428571428571, 0.8571428571428571, 0.8571428571428571]","[1.0, 1.0, 1.0, 1.0, 1.0, 1.0, 1.0, 1.0, 1.0, 1.0, 1.0, 1.0, 1.0, 1.0, 1.0, 1.0, 1.0, 1.0, 1.0, 1.0, 1.0, 1.0, 1.0, 1.0, 1.0, 1.0, 1.0, 1.0, 1.0, 1.0]","[1.0, 1.0, 1.0, 1.0, 1.0, 1.0, 1.0, 1.0, 1.0, 1.0, 1.0, 1.0, 1.0, 1.0, 1.0, 1.0, 1.0, 1.0, 1.0, 1.0, 1.0, 1.0, 1.0, 1.0, 1.0, 1.0, 1.0, 1.0, 1.0, 1.0]"
california,mlp,1000,7,8,abc_shap,0.0034313120953203104,0.0036899426197643283,0.0004289140119150388,0.00046124282747054103,0.0022330334194733247,0.004790468664182974,8.591224521090306,0.9777777777777779,0.0193754851043392,0.9706349206349204,0.9833333333333333,0.9357142857142855,0.04999999999999995,1.0,0.0,1.0,0.0,0.0004018185137060591,480.0,520.0,0.18309242333634757,0.0024709743747353655,480.0,"[0.0006793670928798934, 0.0022024162449880403, 0.002442605512256393, 0.0004936449117240403, 0.0037333707137638204, 0.0011021780527989472, 0.0005702061220905487, 0.000531869462440787, 0.000873807267848323, 0.002015824797983554, 0.0022670599814512463, 0.0004728548038900223, 0.009940993008820481, 0.01165763895007147, 0.008614729437418454, 0.0025067296387418047, 0.009817864390257848, 0.001950458063091425, 0.005919766659703385, 0.009850879145402277, 0.000575823988789167, 0.0008585482806894047, 0.0033056943829709593, 0.012121899610403922, 0.0030900454127904364, 0.0013849222465819075, 0.002293117354158247, 0.0003107831212904495, 0.0008178536054333292, 0.0005364105988787324]","[0.9761904761904763, 0.9523809523809524, 1.0, 0.9761904761904763, 0.9761904761904763, 0.9761904761904763, 0.9761904761904763, 0.9761904761904763, 1.0, 0.9761904761904763, 0.9523809523809524, 1.0, 0.9761904761904763, 0.9761904761904763, 0.9761904761904763, 0.9761904761904763, 0.9047619047619048, 1.0, 0.9761904761904763, 0.9761904761904763, 1.0, 0.9761904761904763, 0.9761904761904763, 0.9761904761904763, 0.9523809523809524, 0.9761904761904763, 0.9761904761904763, 1.0, 1.0, 1.0]","[0.9285714285714285, 0.8571428571428571, 0.9999999999999998, 0.9285714285714285, 0.9285714285714285, 0.9285714285714285, 0.9285714285714285, 0.9285714285714285, 0.9999999999999998, 0.9285714285714285, 0.8571428571428571, 0.9999999999999998, 0.9285714285714285, 0.9285714285714285, 0.9285714285714285, 0.9285714285714285, 0.7857142857142856, 0.9999999999999998, 0.9285714285714285, 0.9285714285714285, 0.9999999999999998, 0.9285714285714285, 0.9285714285714285, 0.9285714285714285, 0.8571428571428571, 0.9285714285714285, 0.9285714285714285, 0.9999999999999998, 0.9999999999999998, 0.9999999999999998]","[1.0, 1.0, 1.0, 1.0, 1.0, 1.0, 1.0, 1.0, 1.0, 1.0, 1.0, 1.0, 1.0, 1.0, 1.0, 1.0, 1.0, 1.0, 1.0, 1.0, 1.0, 1.0, 1.0, 1.0, 1.0, 1.0, 1.0, 1.0, 1.0, 1.0]","[1.0, 1.0, 1.0, 1.0, 1.0, 1.0, 1.0, 1.0, 1.0, 1.0, 1.0, 1.0, 1.0, 1.0, 1.0, 1.0, 1.0, 1.0, 1.0, 1.0, 1.0, 1.0, 1.0, 1.0, 1.0, 1.0, 1.0, 1.0, 1.0, 1.0]"
california,mlp,1000,7,8,b1_uniform,0.0008365776968043434,0.0004597681098947833,0.00010457221210054293,5.7471013736847915e-05,0.0006694808772827799,0.0010105584542631882,2.094600147968121,0.9857142857142854,0.011664236870396045,0.9817460317460316,0.9896825396825396,0.9571428571428567,0.03499271061118819,1.0,0.0,1.0,0.0,7.032418911970018e-05,0.0,1000.0,0.15735358666667404,0.003857068097090972,1000.0,"[0.0004309609778129997, 0.0007894742557480038, 0.0011982077245074722, 0.0007307921928902147, 0.0011744829307450378, 0.0007039496019755538, 0.00036043907875050367, 0.0008260932555230664, 0.0011807332865636608, 0.0008079015325175419, 0.0007822806543281145, 0.002222809319958802, 0.00013715970393009144, 0.0003356497857822393, 0.00034385712873233847, 0.0005136344291642039, 0.0018212708083166773, 0.0011469323047963787, 0.0012131524974874025, 0.0013375094525367984, 0.000489043519508955, 0.00037160658873640275, 0.0008137945229670498, 0.0009225248878278464, 0.001193580222593653, 0.0008179953251725795, 0.00025587422813133084, 0.00045277203458911466, 0.0011125727130310242, 0.0006102759395052479]","[0.9761904761904763, 0.9761904761904763, 1.0, 1.0, 0.9761904761904763, 0.9761904761904763, 1.0, 0.9761904761904763, 1.0, 0.9761904761904763, 0.9761904761904763, 1.0, 0.9761904761904763, 1.0, 1.0, 1.0, 0.9761904761904763, 1.0, 1.0, 0.9761904761904763, 1.0, 0.9761904761904763, 0.9761904761904763, 1.0, 0.9761904761904763, 0.9761904761904763, 0.9761904761904763, 0.9761904761904763, 0.9761904761904763, 0.9761904761904763]","[0.9285714285714285, 0.9285714285714285, 0.9999999999999998, 0.9999999999999998, 0.9285714285714285, 0.9285714285714285, 0.9999999999999998, 0.9285714285714285, 0.9999999999999998, 0.9285714285714285, 0.9285714285714285, 0.9999999999999998, 0.9285714285714285, 0.9999999999999998, 0.9999999999999998, 0.9999999999999998, 0.9285714285714285, 0.9999999999999998, 0.9999999999999998, 0.9285714285714285, 0.9999999999999998, 0.9285714285714285, 0.9285714285714285, 0.9999999999999998, 0.9285714285714285, 0.9285714285714285, 0.9285714285714285, 0.9285714285714285, 0.9285714285714285, 0.9285714285714285]","[1.0, 1.0, 1.0, 1.0, 1.0, 1.0, 1.0, 1.0, 1.0, 1.0, 1.0, 1.0, 1.0, 1.0, 1.0, 1.0, 1.0, 1.0, 1.0, 1.0, 1.0, 1.0, 1.0, 1.0, 1.0, 1.0, 1.0, 1.0, 1.0, 1.0]","[1.0, 1.0, 1.0, 1.0, 1.0, 1.0, 1.0, 1.0, 1.0, 1.0, 1.0, 1.0, 1.0, 1.0, 1.0, 1.0, 1.0, 1.0, 1.0, 1.0, 1.0, 1.0, 1.0, 1.0, 1.0, 1.0, 1.0, 1.0, 1.0, 1.0]"
california,mlp,1000,7,8,b2_stratified,0.00039939732536344486,0.00031150148523052655,4.992466567043061e-05,3.893768565381582e-05,0.0002999690261018665,0.0005196938980666896,1.0,0.9960317460317459,0.008873285624999136,0.9928571428571428,0.9992063492063491,0.9880952380952379,0.026619856874997443,1.0,0.0,1.0,0.0,4.758199347570464e-05,0.0,1000.0,0.15885780666721985,0.0022742288724404577,1000.0,"[0.0005019223723389263, 0.00033716628455502236, 0.001373781021160838, 0.0004279115219846169, 0.00014667789738116382, 0.00021179214787253007, 0.00045412821736792725, 0.0005701568341621864, 0.00032176545794521333, 0.0001695985671647524, 0.0004427132877504792, 0.00016268623549078252, 0.0006350248973585749, 0.00018898898574942841, 0.0001796823966580788, 0.00017038832671941676, 0.00046828745699074533, 0.0006358748770455423, 0.000239374176941476, 0.0002854354630101513, 0.00015239046938118574, 0.0001279140051429072, 0.00020027180827102506, 0.0014411946451931444, 0.00032184556723009896, 0.00022784483580727045, 0.00029446191092662947, 0.000312920851833452, 0.0006751049168777911, 0.000304614324591989]","[1.0, 1.0, 1.0, 1.0, 1.0, 0.9761904761904763, 0.9761904761904763, 1.0, 1.0, 1.0, 1.0, 0.9761904761904763, 1.0, 1.0, 0.9761904761904763, 0.9761904761904763, 1.0, 1.0, 1.0, 1.0, 1.0, 1.0, 1.0, 1.0, 1.0, 1.0, 1.0, 1.0, 1.0, 1.0]","[0.9999999999999998, 0.9999999999999998, 0.9999999999999998, 0.9999999999999998, 0.9999999999999998, 0.9285714285714285, 0.9285714285714285, 0.9999999999999998, 0.9999999999999998, 0.9999999999999998, 0.9999999999999998, 0.9285714285714285, 0.9999999999999998, 0.9999999999999998, 0.9285714285714285, 0.9285714285714285, 0.9999999999999998, 0.9999999999999998, 0.9999999999999998, 0.9999999999999998, 0.9999999999999998, 0.9999999999999998, 0.9999999999999998, 0.9999999999999998, 0.9999999999999998, 0.9999999999999998, 0.9999999999999998, 0.9999999999999998, 0.9999999999999998, 0.9999999999999998]","[1.0, 1.0, 1.0, 1.0, 1.0, 1.0, 1.0, 1.0, 1.0, 1.0, 1.0, 1.0, 1.0, 1.0, 1.0, 1.0, 1.0, 1.0, 1.0, 1.0, 1.0, 1.0, 1.0, 1.0, 1.0, 1.0, 1.0, 1.0, 1.0, 1.0]","[1.0, 1.0, 1.0, 1.0, 1.0, 1.0, 1.0, 1.0, 1.0, 1.0, 1.0, 1.0, 1.0, 1.0, 1.0, 1.0, 1.0, 1.0, 1.0, 1.0, 1.0, 1.0, 1.0, 1.0, 1.0, 1.0, 1.0, 1.0, 1.0, 1.0]"
california,mlp,1000,7,8,b3_is,0.0005430867384153864,0.0005017871895765272,6.78858423019233e-05,6.27233986970659e-05,0.00038188136577677165,0.0007204224708719397,1.3597655866152498,0.9936507936507937,0.010528967588429803,0.9896825396825396,0.9968253968253968,0.9809523809523808,0.03158690276528946,1.0,0.0,1.0,0.0,5.331402109567614e-05,0.0,1000.0,0.18239439000220348,0.01005615624449799,1000.0,"[0.0011608751737158499, 0.0007334384864073766, 0.0001932061981634443, 0.00037297750758513785, 0.00019822013728273125, 0.0006115860322832347, 0.0003377830577850799, 0.0004290594678638276, 0.000542432338929596, 0.0005348925123229207, 0.0018858958283591706, 0.0003381742616405904, 0.00028718851065827106, 0.002079953056586006, 0.0010185034374555354, 0.00024292724048464792, 0.0002612475999359825, 0.0006511644898171112, 0.0003337499587578996, 0.00011779845774630082, 0.0015539891710972971, 0.0004968272144832259, 0.0004507810479583421, 0.00022768853348797995, 0.000295575603398581, 0.0003993170382882035, 0.00022928703762062268, 0.00011835829004410806, 0.00015160826963087908, 3.809619267163655e-05]","[0.9761904761904763, 0.9761904761904763, 1.0, 0.9761904761904763, 1.0, 0.9761904761904763, 1.0, 1.0, 1.0, 1.0, 0.9761904761904763, 1.0, 1.0, 0.9761904761904763, 0.9761904761904763, 1.0, 1.0, 1.0, 1.0, 1.0, 0.9761904761904763, 1.0, 1.0, 1.0, 1.0, 1.0, 1.0, 1.0, 1.0, 1.0]","[0.9285714285714285, 0.9285714285714285, 0.9999999999999998, 0.9285714285714285, 0.9999999999999998, 0.9285714285714285, 0.9999999999999998, 0.9999999999999998, 0.9999999999999998, 0.9999999999999998, 0.9285714285714285, 0.9999999999999998, 0.9999999999999998, 0.9285714285714285, 0.9285714285714285, 0.9999999999999998, 0.9999999999999998, 0.9999999999999998, 0.9999999999999998, 0.9999999999999998, 0.9285714285714285, 0.9999999999999998, 0.9999999999999998, 0.9999999999999998, 0.9999999999999998, 0.9999999999999998, 0.9999999999999998, 0.9999999999999998, 0.9999999999999998, 0.9999999999999998]","[1.0, 1.0, 1.0, 1.0, 1.0, 1.0, 1.0, 1.0, 1.0, 1.0, 1.0, 1.0, 1.0, 1.0, 1.0, 1.0, 1.0, 1.0, 1.0, 1.0, 1.0, 1.0, 1.0, 1.0, 1.0, 1.0, 1.0, 1.0, 1.0, 1.0]","[1.0, 1.0, 1.0, 1.0, 1.0, 1.0, 1.0, 1.0, 1.0, 1.0, 1.0, 1.0, 1.0, 1.0, 1.0, 1.0, 1.0, 1.0, 1.0, 1.0, 1.0, 1.0, 1.0, 1.0, 1.0, 1.0, 1.0, 1.0, 1.0, 1.0]"
california,mlp,1000,7,8,b4_antithetic,0.0003154738917372601,8.221482908735629e-05,3.943423646715751e-05,1.0276853635919536e-05,0.00028859358173223077,0.00034609793339488744,0.7898748231480622,0.9857142857142857,0.011664236870396045,0.9817460317460314,0.9904761904761903,0.957142857142857,0.03499271061118819,1.0,0.0,1.0,0.0,3.2999107820871752e-06,0.0,1000.0,0.1523074566667977,0.0026476755081558004,1000.0,"[0.0003395887344067197, 0.00021531455228359947, 0.0005249429060357743, 0.0004104411390529896, 0.00031446209352091443, 0.0001977487122727207, 0.00030633199310921684, 0.00038620554758606794, 0.00040692195205525183, 0.0002547681123933363, 0.0002914726226673643, 0.00025844027373232015, 0.00037475770509011035, 0.0003655486492545783, 0.0003062115413151225, 0.0003197159971463602, 0.0004920153091642029, 0.00023294386501577973, 0.0002788799372580452, 0.00020317927933515857, 0.0002656201931687721, 0.0002652001621386254, 0.00033926606330135555, 0.0003538729085851573, 0.00034381810619071786, 0.0002535868377668473, 0.00017337193941490098, 0.00023370489693043219, 0.000381228908423762, 0.00037465581350159925]","[1.0, 1.0, 0.9761904761904763, 0.9761904761904763, 0.9761904761904763, 0.9761904761904763, 0.9761904761904763, 0.9761904761904763, 0.9761904761904763, 1.0, 0.9761904761904763, 1.0, 0.9761904761904763, 1.0, 0.9761904761904763, 0.9761904761904763, 0.9761904761904763, 1.0, 0.9761904761904763, 1.0, 0.9761904761904763, 0.9761904761904763, 0.9761904761904763, 1.0, 0.9761904761904763, 1.0, 1.0, 1.0, 1.0, 0.9761904761904763]","[0.9999999999999998, 0.9999999999999998, 0.9285714285714285, 0.9285714285714285, 0.9285714285714285, 0.9285714285714285, 0.9285714285714285, 0.9285714285714285, 0.9285714285714285, 0.9999999999999998, 0.9285714285714285, 0.9999999999999998, 0.9285714285714285, 0.9999999999999998, 0.9285714285714285, 0.9285714285714285, 0.9285714285714285, 0.9999999999999998, 0.9285714285714285, 0.9999999999999998, 0.9285714285714285, 0.9285714285714285, 0.9285714285714285, 0.9999999999999998, 0.9285714285714285, 0.9999999999999998, 0.9999999999999998, 0.9999999999999998, 0.9999999999999998, 0.9285714285714285]","[1.0, 1.0, 1.0, 1.0, 1.0, 1.0, 1.0, 1.0, 1.0, 1.0, 1.0, 1.0, 1.0, 1.0, 1.0, 1.0, 1.0, 1.0, 1.0, 1.0, 1.0, 1.0, 1.0, 1.0, 1.0, 1.0, 1.0, 1.0, 1.0, 1.0]","[1.0, 1.0, 1.0, 1.0, 1.0, 1.0, 1.0, 1.0, 1.0, 1.0, 1.0, 1.0, 1.0, 1.0, 1.0, 1.0, 1.0, 1.0, 1.0, 1.0, 1.0, 1.0, 1.0, 1.0, 1.0, 1.0, 1.0, 1.0, 1.0, 1.0]"
california,mlp,1000,8,8,abc_shap,0.05134836162887663,0.04710815901371936,0.006418545203609579,0.00588851987671492,0.03542951694198234,0.0697225275711967,13.996610062478547,0.9492063492063493,0.04065475706306569,0.9341269841269839,0.9626984126984126,0.8809523809523809,0.09097606273591806,1.0,0.0,1.0,0.0,0.006164709577488368,480.0,520.0,0.1873428833311967,0.006894139509242563,480.0,"[0.018245175809488305, 0.006284119592938969, 0.06535768246959073, 0.005755519438197604, 0.06304936269704285, 0.0051160631869764965, 0.0014528378458672547, 0.015100802275607911, 0.11302878982301659, 0.051438457178200996, 0.0383961543482923, 0.030060053262133134, 0.022388901472379538, 0.04656074186360001, 0.05117948885670117, 0.029640920696339616, 0.1845923349541712, 0.06994118616528809, 0.1708704896673712, 0.08724722122360794, 0.022333596205199695, 0.06259963271135052, 0.0434807941624433, 0.11858166615321027, 0.08493325807032025, 0.01150965049470868, 0.0024121717280724698, 0.006941915778892697, 0.01731983198527715, 0.09463202875001167]","[0.9285714285714287, 0.9761904761904763, 0.9047619047619048, 1.0, 0.9761904761904763, 0.9761904761904763, 0.9761904761904763, 0.9285714285714287, 1.0, 0.9761904761904763, 0.9761904761904763, 0.9285714285714287, 0.9285714285714287, 1.0, 0.9285714285714287, 0.9761904761904763, 0.9523809523809524, 0.880952380952381, 0.880952380952381, 0.880952380952381, 0.9047619047619048, 1.0, 0.9761904761904763, 0.9047619047619048, 1.0, 0.9285714285714287, 0.9761904761904763, 1.0, 0.9285714285714287, 0.880952380952381]","[0.8571428571428571, 0.9285714285714285, 0.7857142857142856, 0.9999999999999998, 0.9285714285714285, 0.9285714285714285, 0.9285714285714285, 0.8571428571428571, 0.9999999999999998, 0.9285714285714285, 0.9285714285714285, 0.8571428571428571, 0.8571428571428571, 0.9999999999999998, 0.8571428571428571, 0.9285714285714285, 0.8571428571428571, 0.7142857142857142, 0.7142857142857142, 0.7142857142857142, 0.7857142857142856, 0.9999999999999998, 0.9285714285714285, 0.7857142857142856, 0.9999999999999998, 0.8571428571428571, 0.9285714285714285, 0.9999999999999998, 0.8571428571428571, 0.7142857142857142]","[1.0, 1.0, 1.0, 1.0, 1.0, 1.0, 1.0, 1.0, 1.0, 1.0, 1.0, 1.0, 1.0, 1.0, 1.0, 1.0, 1.0, 1.0, 1.0, 1.0, 1.0, 1.0, 1.0, 1.0, 1.0, 1.0, 1.0, 1.0, 1.0, 1.0]","[1.0, 1.0, 1.0, 1.0, 1.0, 1.0, 1.0, 1.0, 1.0, 1.0, 1.0, 1.0, 1.0, 1.0, 1.0, 1.0, 1.0, 1.0, 1.0, 1.0, 1.0, 1.0, 1.0, 1.0, 1.0, 1.0, 1.0, 1.0, 1.0, 1.0]"
california,mlp,1000,8,8,b1_uniform,0.01356485575916107,0.006502807776669749,0.0016956069698951337,0.0008128509720837186,0.011294605366216548,0.01599682068608606,3.6975278390960726,0.9920634920634921,0.011223917161691192,0.9880952380952379,0.9960317460317459,0.976190476190476,0.03367175148507363,1.0,0.0,1.0,0.0,0.0006283822089636657,0.0,1000.0,0.159221106665791,0.004234765883151665,1000.0,"[0.00865059410283991, 0.010626075271857615, 0.01744303439457412, 0.006739243646111075, 0.014379812296166836, 0.01011843639314696, 0.010304916713682673, 0.020832377555489456, 0.021584234685204342, 0.02211156713714087, 0.006028520499663017, 0.020333457199505734, 0.032597900448374614, 0.011989761562548534, 0.016153530501570437, 0.007695586240501554, 0.012996340375668537, 0.01576520101357885, 0.010147310008480773, 0.006617147943407256, 0.00899532625435057, 0.010902686681202598, 0.014249678718244958, 0.01331089808863152, 0.0037464938644829605, 0.018242904575912492, 0.016424575144413367, 0.007009620572939212, 0.005934874330494668, 0.025013566554646587]","[1.0, 0.9761904761904763, 0.9761904761904763, 1.0, 0.9761904761904763, 1.0, 1.0, 0.9761904761904763, 1.0, 0.9761904761904763, 1.0, 1.0, 1.0, 0.9761904761904763, 1.0, 0.9761904761904763, 1.0, 1.0, 1.0, 0.9761904761904763, 1.0, 0.9761904761904763, 0.9761904761904763, 1.0, 1.0, 1.0, 1.0, 1.0, 1.0, 1.0]","[0.9999999999999998, 0.9285714285714285, 0.9285714285714285, 0.9999999999999998, 0.9285714285714285, 0.9999999999999998, 0.9999999999999998, 0.9285714285714285, 0.9999999999999998, 0.9285714285714285, 0.9999999999999998, 0.9999999999999998, 0.9999999999999998, 0.9285714285714285, 0.9999999999999998, 0.9285714285714285, 0.9999999999999998, 0.9999999999999998, 0.9999999999999998, 0.9285714285714285, 0.9999999999999998, 0.9285714285714285, 0.9285714285714285, 0.9999999999999998, 0.9999999999999998, 0.9999999999999998, 0.9999999999999998, 0.9999999999999998, 0.9999999999999998, 0.9999999999999998]","[1.0, 1.0, 1.0, 1.0, 1.0, 1.0, 1.0, 1.0, 1.0, 1.0, 1.0, 1.0, 1.0, 1.0, 1.0, 1.0, 1.0, 1.0, 1.0, 1.0, 1.0, 1.0, 1.0, 1.0, 1.0, 1.0, 1.0, 1.0, 1.0, 1.0]","[1.0, 1.0, 1.0, 1.0, 1.0, 1.0, 1.0, 1.0, 1.0, 1.0, 1.0, 1.0, 1.0, 1.0, 1.0, 1.0, 1.0, 1.0, 1.0, 1.0, 1.0, 1.0, 1.0, 1.0, 1.0, 1.0, 1.0, 1.0, 1.0, 1.0]"
california,mlp,1000,8,8,b2_stratified,0.0036686284321465023,0.0035525515039016666,0.0004585785540183128,0.00044406893798770833,0.002537485083046541,0.005118159888780467,1.0,0.9904761904761903,0.011664236870396043,0.9865079365079362,0.9944444444444446,0.9714285714285711,0.034992710611188194,1.0,0.0,1.0,0.0,0.0004458277812564787,0.0,1000.0,0.16428537000125895,0.013073227452876627,1000.0,"[0.0006044804907623927, 0.0030620664469829576, 0.005300518540603663, 0.0033450208392308343, 0.001754728784693129, 0.010442681456827767, 0.0026761864650446643, 0.0014089178965724608, 0.0047350390792605295, 0.0032443805123746118, 0.0017433573125911189, 0.0008749932687667163, 0.0015586063692550108, 0.0007727483302122839, 0.0020836901848250923, 0.002343159210032731, 0.0009962984955436105, 0.0019687136260723246, 0.007655149311034195, 0.0018370902292621154, 0.0012647329006748576, 0.002794261143551607, 0.001239775046341807, 0.007980576591853639, 0.0005277420204416425, 0.011051519223699739, 0.002768819691382333, 0.014231285028055193, 0.0003996164272060817, 0.009392698041239976]","[1.0, 0.9761904761904763, 0.9761904761904763, 1.0, 1.0, 0.9761904761904763, 1.0, 1.0, 1.0, 0.9761904761904763, 1.0, 0.9761904761904763, 1.0, 0.9761904761904763, 1.0, 1.0, 0.9761904761904763, 0.9761904761904763, 1.0, 1.0, 1.0, 1.0, 1.0, 1.0, 0.9761904761904763, 0.9761904761904763, 0.9761904761904763, 0.9761904761904763, 1.0, 1.0]","[0.9999999999999998, 0.9285714285714285, 0.9285714285714285, 0.9999999999999998, 0.9999999999999998, 0.9285714285714285, 0.9999999999999998, 0.9999999999999998, 0.9999999999999998, 0.9285714285714285, 0.9999999999999998, 0.9285714285714285, 0.9999999999999998, 0.9285714285714285, 0.9999999999999998, 0.9999999999999998, 0.9285714285714285, 0.9285714285714285, 0.9999999999999998, 0.9999999999999998, 0.9999999999999998, 0.9999999999999998, 0.9999999999999998, 0.9999999999999998, 0.9285714285714285, 0.9285714285714285, 0.9285714285714285, 0.9285714285714285, 0.9999999999999998, 0.9999999999999998]","[1.0, 1.0, 1.0, 1.0, 1.0, 1.0, 1.0, 1.0, 1.0, 1.0, 1.0, 1.0, 1.0, 1.0, 1.0, 1.0, 1.0, 1.0, 1.0, 1.0, 1.0, 1.0, 1.0, 1.0, 1.0, 1.0, 1.0, 1.0, 1.0, 1.0]","[1.0, 1.0, 1.0, 1.0, 1.0, 1.0, 1.0, 1.0, 1.0, 1.0, 1.0, 1.0, 1.0, 1.0, 1.0, 1.0, 1.0, 1.0, 1.0, 1.0, 1.0, 1.0, 1.0, 1.0, 1.0, 1.0, 1.0, 1.0, 1.0, 1.0]"
california,mlp,1000,8,8,b3_is,0.002759114941701903,0.002557201702694329,0.0003448893677127379,0.00031965021283679115,0.001866130819145121,0.0036752173690432904,0.7520835082465831,0.9865079365079364,0.021893832101799533,0.9777777777777779,0.9936507936507937,0.964285714285714,0.05134252060201857,1.0,0.0,1.0,0.0,0.00026037462332046936,0.0,1000.0,0.18283948333216055,0.006316111386806727,1000.0,"[0.0060299202948698805, 0.00044779222370541457, 0.007656867329702888, 0.010171629347561778, 0.00403515240409706, 0.0011732641584442942, 0.0013898897520476343, 0.0008455529957827815, 0.0009084680793026285, 0.0009816716474815694, 0.0027070320926820294, 0.0005677149673859917, 0.0004966499061082045, 0.0013674153226292734, 0.006344717862623187, 0.0009685957456384761, 0.0013913575607969837, 0.0025271494872801167, 0.0026385902907923005, 0.0009820879018241678, 0.0026766838360409518, 0.0036439648121552822, 0.0012849730660840027, 0.0014980889669679296, 0.008193385054385187, 0.005708085494911864, 0.002495157517071109, 0.0023032787273224355, 0.00041738638917064634, 0.00092092501619104]","[0.9285714285714287, 1.0, 0.9761904761904763, 1.0, 0.9761904761904763, 1.0, 0.9761904761904763, 1.0, 0.9761904761904763, 1.0, 1.0, 1.0, 1.0, 0.9761904761904763, 1.0, 1.0, 1.0, 0.9761904761904763, 0.9761904761904763, 1.0, 0.9761904761904763, 1.0, 1.0, 1.0, 0.9761904761904763, 0.9047619047619048, 1.0, 0.9761904761904763, 1.0, 1.0]","[0.8571428571428571, 0.9999999999999998, 0.9285714285714285, 0.9999999999999998, 0.9285714285714285, 0.9999999999999998, 0.9285714285714285, 0.9999999999999998, 0.9285714285714285, 0.9999999999999998, 0.9999999999999998, 0.9999999999999998, 0.9999999999999998, 0.9285714285714285, 0.9999999999999998, 0.9999999999999998, 0.9999999999999998, 0.9285714285714285, 0.9285714285714285, 0.9999999999999998, 0.9285714285714285, 0.9999999999999998, 0.9999999999999998, 0.9999999999999998, 0.9285714285714285, 0.7857142857142856, 0.9999999999999998, 0.9285714285714285, 0.9999999999999998, 0.9999999999999998]","[1.0, 1.0, 1.0, 1.0, 1.0, 1.0, 1.0, 1.0, 1.0, 1.0, 1.0, 1.0, 1.0, 1.0, 1.0, 1.0, 1.0, 1.0, 1.0, 1.0, 1.0, 1.0, 1.0, 1.0, 1.0, 1.0, 1.0, 1.0, 1.0, 1.0]","[1.0, 1.0, 1.0, 1.0, 1.0, 1.0, 1.0, 1.0, 1.0, 1.0, 1.0, 1.0, 1.0, 1.0, 1.0, 1.0, 1.0, 1.0, 1.0, 1.0, 1.0, 1.0, 1.0, 1.0, 1.0, 1.0, 1.0, 1.0, 1.0, 1.0]"
california,mlp,1000,8,8,b4_antithetic,0.007138986495167028,0.0019225070324476261,0.0008923733118958785,0.00024031337905595327,0.006410730194060537,0.007814431688121442,1.9459551784016542,0.9992063492063491,0.004273940323122608,0.9976190476190477,1.0,0.9976190476190474,0.012821820969367839,1.0,0.0,1.0,0.0,5.079611294090891e-05,0.0,1000.0,0.15606604666390922,0.012453208109923005,1000.0,"[0.006114283357106486, 0.007467795296818847, 0.006667445832800059, 0.0036702305791986353, 0.004999667193188761, 0.01057601463003269, 0.00728293170800028, 0.010130628335048839, 0.008882089207916688, 0.0062046419478520775, 0.010158645630212005, 0.00918296650922415, 0.00821948063379497, 0.005754336514766342, 0.008567571851126799, 0.006292772843406946, 0.006136284933742005, 0.008032948635055409, 0.008204008211448162, 0.006340490563152294, 0.009506115654054655, 0.005182832251800652, 0.007739676554911484, 0.006209147679377932, 0.0030525734339310402, 0.009209401072580697, 0.0062664279248019214, 0.008537407679216591, 0.005005605918579782, 0.0045751722718636]","[1.0, 1.0, 1.0, 1.0, 1.0, 1.0, 1.0, 1.0, 1.0, 1.0, 1.0, 1.0, 1.0, 1.0, 1.0, 1.0, 1.0, 1.0, 1.0, 0.9761904761904763, 1.0, 1.0, 1.0, 1.0, 1.0, 1.0, 1.0, 1.0, 1.0, 1.0]","[0.9999999999999998, 0.9999999999999998, 0.9999999999999998, 0.9999999999999998, 0.9999999999999998, 0.9999999999999998, 0.9999999999999998, 0.9999999999999998, 0.9999999999999998, 0.9999999999999998, 0.9999999999999998, 0.9999999999999998, 0.9999999999999998, 0.9999999999999998, 0.9999999999999998, 0.9999999999999998, 0.9999999999999998, 0.9999999999999998, 0.9999999999999998, 0.9285714285714285, 0.9999999999999998, 0.9999999999999998, 0.9999999999999998, 0.9999999999999998, 0.9999999999999998, 0.9999999999999998, 0.9999999999999998, 0.9999999999999998, 0.9999999999999998, 0.9999999999999998]","[1.0, 1.0, 1.0, 1.0, 1.0, 1.0, 1.0, 1.0, 1.0, 1.0, 1.0, 1.0, 1.0, 1.0, 1.0, 1.0, 1.0, 1.0, 1.0, 1.0, 1.0, 1.0, 1.0, 1.0, 1.0, 1.0, 1.0, 1.0, 1.0, 1.0]","[1.0, 1.0, 1.0, 1.0, 1.0, 1.0, 1.0, 1.0, 1.0, 1.0, 1.0, 1.0, 1.0, 1.0, 1.0, 1.0, 1.0, 1.0, 1.0, 1.0, 1.0, 1.0, 1.0, 1.0, 1.0, 1.0, 1.0, 1.0, 1.0, 1.0]"
california,mlp,1000,9,8,abc_shap,0.00840189715002097,0.008569608072775728,0.0010502371437526212,0.001071201009096966,0.005627209081019185,0.011708539779269129,8.544453335315676,0.9523809523809522,0.03739434599806268,0.9380753968253968,0.9658730158730158,0.8833333333333331,0.0792896466921272,0.9777777777777777,0.08314794192830981,0.9666666666666668,0.07453559924999296,0.0010207362653228452,480.0,520.0,0.1987639066685612,0.008259324624549138,480.0,"[0.0013121931362001435, 0.0030503175837234275, 0.029655198242731638, 0.0014776560302979219, 0.00973114660514982, 0.006130938399807089, 0.006246254144419439, 0.008418986030350236, 0.03328015475865893, 0.004195358432760291, 0.009809865998278067, 0.0026093697643915026, 0.0023329469240431122, 0.0045822936639964545, 0.015189792349534402, 0.0006433295128861986, 0.0040630543505987835, 0.0008349907567017879, 0.00299737712285657, 0.017766378629508108, 0.018556224547714616, 0.00218557282975775, 0.0014027926162878913, 0.0029056309040591845, 0.02071275259553656, 0.008721824823336877, 0.002092592073145141, 0.003209128350381674, 0.0073093257733243214, 0.020633467550191138]","[1.0, 0.9761904761904763, 0.9523809523809524, 0.9761904761904763, 0.9047619047619048, 0.9047619047619048, 0.9285714285714287, 0.9523809523809524, 0.880952380952381, 0.9761904761904763, 0.9761904761904763, 0.9761904761904763, 0.9761904761904763, 0.9761904761904763, 0.9523809523809524, 1.0, 0.9285714285714287, 1.0, 0.9761904761904763, 0.9047619047619048, 0.880952380952381, 0.9761904761904763, 1.0, 0.9523809523809524, 0.880952380952381, 0.9761904761904763, 0.9761904761904763, 0.9761904761904763, 0.9285714285714287, 0.9047619047619048]","[0.9999999999999998, 0.9285714285714285, 0.8571428571428571, 0.9285714285714285, 0.7857142857142856, 0.7857142857142856, 0.8571428571428571, 0.8571428571428571, 0.7142857142857142, 0.9285714285714285, 0.9285714285714285, 0.9285714285714285, 0.9285714285714285, 0.9285714285714285, 0.8571428571428571, 0.9999999999999998, 0.8571428571428571, 0.9999999999999998, 0.9285714285714285, 0.7857142857142856, 0.7142857142857142, 0.9285714285714285, 0.9999999999999998, 0.8571428571428571, 0.7857142857142856, 0.9285714285714285, 0.9285714285714285, 0.9285714285714285, 0.8571428571428571, 0.7857142857142856]","[1.0, 1.0, 1.0, 1.0, 1.0, 1.0, 1.0, 1.0, 0.6666666666666666, 1.0, 1.0, 1.0, 1.0, 1.0, 1.0, 1.0, 1.0, 1.0, 1.0, 1.0, 0.6666666666666666, 1.0, 1.0, 1.0, 1.0, 1.0, 1.0, 1.0, 1.0, 1.0]","[1.0, 1.0, 0.8, 1.0, 1.0, 1.0, 1.0, 0.8, 1.0, 1.0, 1.0, 1.0, 1.0, 1.0, 0.8, 1.0, 1.0, 1.0, 1.0, 1.0, 1.0, 1.0, 1.0, 0.8, 0.8, 1.0, 1.0, 1.0, 1.0, 1.0]"
california,mlp,1000,9,8,b1_uniform,0.002619912129649028,0.0012617757144894866,0.0003274890162061285,0.00015772196431118582,0.0022032824821630924,0.0030569171027437425,2.6643645518033705,0.9769841269841267,0.01893152451091514,0.9698412698412698,0.9833333333333331,0.9380952380952379,0.04012452272941117,1.0,0.0,1.0,0.0,0.00013957648710610424,0.0,1000.0,0.16985856999623744,0.013203685677831352,1000.0,"[0.0020184678647792715, 0.003861156924258513, 0.0017079139013658877, 0.003960952881364048, 0.002699442739876541, 0.0016303172629918315, 0.002090876157682101, 0.004923839332968907, 0.005344716325359049, 0.004483784637608264, 0.0008843506580097228, 0.0020813763578337034, 0.0011673483976436026, 0.0026573519178786724, 0.0024619031199770653, 0.0018507898815846645, 0.0034240178970367952, 0.0021256709818729983, 0.0010137585825477486, 0.0026359840847505903, 0.0023132169823194197, 0.0016484028746674424, 0.0013434582928704502, 0.0029823549578630627, 0.0010376343797288022, 0.001676362206142747, 0.0031234610513617605, 0.004958744730719148, 0.0019107936196130387, 0.004578914886795006]","[0.9761904761904763, 0.9761904761904763, 1.0, 0.9761904761904763, 0.9761904761904763, 0.9761904761904763, 1.0, 0.9285714285714287, 0.9761904761904763, 1.0, 1.0, 0.9761904761904763, 0.9761904761904763, 0.9761904761904763, 0.9761904761904763, 0.9761904761904763, 0.9761904761904763, 0.9285714285714287, 1.0, 0.9761904761904763, 0.9761904761904763, 0.9761904761904763, 1.0, 0.9285714285714287, 1.0, 0.9761904761904763, 0.9761904761904763, 0.9761904761904763, 0.9761904761904763, 0.9761904761904763]","[0.9285714285714285, 0.9285714285714285, 0.9999999999999998, 0.9285714285714285, 0.9285714285714285, 0.9285714285714285, 0.9999999999999998, 0.8571428571428571, 0.9285714285714285, 0.9999999999999998, 0.9999999999999998, 0.9285714285714285, 0.9285714285714285, 0.9285714285714285, 0.9285714285714285, 0.9285714285714285, 0.9285714285714285, 0.8571428571428571, 0.9999999999999998, 0.9285714285714285, 0.9285714285714285, 0.9285714285714285, 0.9999999999999998, 0.8571428571428571, 0.9999999999999998, 0.9285714285714285, 0.9285714285714285, 0.9285714285714285, 0.9285714285714285, 0.9285714285714285]","[1.0, 1.0, 1.0, 1.0, 1.0, 1.0, 1.0, 1.0, 1.0, 1.0, 1.0, 1.0, 1.0, 1.0, 1.0, 1.0, 1.0, 1.0, 1.0, 1.0, 1.0, 1.0, 1.0, 1.0, 1.0, 1.0, 1.0, 1.0, 1.0, 1.0]","[1.0, 1.0, 1.0, 1.0, 1.0, 1.0, 1.0, 1.0, 1.0, 1.0, 1.0, 1.0, 1.0, 1.0, 1.0, 1.0, 1.0, 1.0, 1.0, 1.0, 1.0, 1.0, 1.0, 1.0, 1.0, 1.0, 1.0, 1.0, 1.0, 1.0]"
california,mlp,1000,9,8,b2_stratified,0.00098331593845735,0.0006316997885691513,0.00012291449230716875,7.896247357114391e-05,0.0007646785162614955,0.0012227409944406615,1.0,0.9928571428571428,0.015245533898649601,0.9865079365079364,0.9976190476190477,0.9809523809523808,0.03657688451365998,1.0,0.0,1.0,0.0,0.00011048069764224951,0.0,1000.0,0.16950776666635647,0.008893774480762163,1000.0,"[0.0002136534954017601, 0.0010925584827342766, 0.0010438208517195976, 0.0011850192566923606, 0.0004367287125342614, 0.001127353578729289, 0.0005317105579656976, 0.001286111731538297, 0.0005632478698608816, 0.00015332601044396098, 0.0013166635634066666, 0.0017962704810244976, 0.000793288531952439, 0.0009331731883795576, 0.001380726767760611, 0.0006579974550932241, 0.001670963702098376, 0.00037323577365695553, 0.0006618859282666827, 0.0018102136567900707, 0.0004179124997851689, 0.0015993342311533673, 0.0015825528092870118, 0.0008983564588246502, 0.001072006459843251, 0.0005147888144914514, 0.003152172153779323, 0.000558122334568663, 8.755601453027519e-05, 0.0005887267814078747]","[1.0, 1.0, 1.0, 1.0, 1.0, 1.0, 1.0, 1.0, 0.9761904761904763, 1.0, 1.0, 0.9761904761904763, 1.0, 1.0, 1.0, 1.0, 1.0, 1.0, 0.9761904761904763, 1.0, 0.9761904761904763, 0.9761904761904763, 1.0, 0.9761904761904763, 1.0, 1.0, 0.9285714285714287, 1.0, 1.0, 1.0]","[0.9999999999999998, 0.9999999999999998, 0.9999999999999998, 0.9999999999999998, 0.9999999999999998, 0.9999999999999998, 0.9999999999999998, 0.9999999999999998, 0.9285714285714285, 0.9999999999999998, 0.9999999999999998, 0.9285714285714285, 0.9999999999999998, 0.9999999999999998, 0.9999999999999998, 0.9999999999999998, 0.9999999999999998, 0.9999999999999998, 0.9285714285714285, 0.9999999999999998, 0.9285714285714285, 0.9285714285714285, 0.9999999999999998, 0.9285714285714285, 0.9999999999999998, 0.9999999999999998, 0.8571428571428571, 0.9999999999999998, 0.9999999999999998, 0.9999999999999998]","[1.0, 1.0, 1.0, 1.0, 1.0, 1.0, 1.0, 1.0, 1.0, 1.0, 1.0, 1.0, 1.0, 1.0, 1.0, 1.0, 1.0, 1.0, 1.0, 1.0, 1.0, 1.0, 1.0, 1.0, 1.0, 1.0, 1.0, 1.0, 1.0, 1.0]","[1.0, 1.0, 1.0, 1.0, 1.0, 1.0, 1.0, 1.0, 1.0, 1.0, 1.0, 1.0, 1.0, 1.0, 1.0, 1.0, 1.0, 1.0, 1.0, 1.0, 1.0, 1.0, 1.0, 1.0, 1.0, 1.0, 1.0, 1.0, 1.0, 1.0]"
california,mlp,1000,9,8,b3_is,0.0009397075294096111,0.0005278995116465864,0.00011746344117620139,6.59874389558233e-05,0.000765928732680522,0.0011381040532297423,0.9556516808665251,0.9888888888888888,0.01187827741832993,0.984126984126984,0.9928571428571428,0.9666666666666665,0.03563483225498985,1.0,0.0,1.0,0.0,0.00010356078235110029,0.0,1000.0,0.19331433333281894,0.01546092570920927,1000.0,"[0.0006751802583730027, 0.0009454312365575167, 0.0005451830681034894, 0.0010428296722440028, 0.0008278557577898765, 0.0009116192626307116, 0.000496143693530822, 0.0006183509502785069, 0.0023769273202653217, 0.0007638262525970154, 0.000360431379778975, 0.00045866949792973773, 0.0011348328689432443, 0.00021927245630156555, 0.0010374031840254296, 0.0013344085430122866, 0.0009249886057081133, 0.00028441006999948567, 0.0009986090693481025, 0.0008821022080652453, 0.0003796957650753194, 0.0008121398929511775, 0.001685517626425599, 2.807483724847982e-05, 0.002008576391980672, 0.001350207784407494, 0.0012067282498190095, 0.0007335994868784184, 0.0017181439800146331, 0.001430066512005083]","[1.0, 1.0, 0.9761904761904763, 1.0, 1.0, 0.9761904761904763, 0.9761904761904763, 0.9761904761904763, 1.0, 0.9761904761904763, 1.0, 0.9761904761904763, 1.0, 0.9761904761904763, 0.9761904761904763, 0.9761904761904763, 1.0, 1.0, 0.9761904761904763, 0.9761904761904763, 1.0, 1.0, 0.9761904761904763, 1.0, 1.0, 0.9761904761904763, 1.0, 1.0, 0.9761904761904763, 1.0]","[0.9999999999999998, 0.9999999999999998, 0.9285714285714285, 0.9999999999999998, 0.9999999999999998, 0.9285714285714285, 0.9285714285714285, 0.9285714285714285, 0.9999999999999998, 0.9285714285714285, 0.9999999999999998, 0.9285714285714285, 0.9999999999999998, 0.9285714285714285, 0.9285714285714285, 0.9285714285714285, 0.9999999999999998, 0.9999999999999998, 0.9285714285714285, 0.9285714285714285, 0.9999999999999998, 0.9999999999999998, 0.9285714285714285, 0.9999999999999998, 0.9999999999999998, 0.9285714285714285, 0.9999999999999998, 0.9999999999999998, 0.9285714285714285, 0.9999999999999998]","[1.0, 1.0, 1.0, 1.0, 1.0, 1.0, 1.0, 1.0, 1.0, 1.0, 1.0, 1.0, 1.0, 1.0, 1.0, 1.0, 1.0, 1.0, 1.0, 1.0, 1.0, 1.0, 1.0, 1.0, 1.0, 1.0, 1.0, 1.0, 1.0, 1.0]","[1.0, 1.0, 1.0, 1.0, 1.0, 1.0, 1.0, 1.0, 1.0, 1.0, 1.0, 1.0, 1.0, 1.0, 1.0, 1.0, 1.0, 1.0, 1.0, 1.0, 1.0, 1.0, 1.0, 1.0, 1.0, 1.0, 1.0, 1.0, 1.0, 1.0]"
california,mlp,1000,9,8,b4_antithetic,0.0018879495499510514,0.0006605823350875258,0.00023599369374388142,8.257279188594073e-05,0.0016581610631245338,0.002120251860815454,1.9199826587911435,0.9785714285714284,0.007142857142857117,0.9761904761904759,0.9817460317460316,0.9357142857142854,0.021428571428571387,1.0,0.0,1.0,0.0,3.3699221020395166e-05,0.0,1000.0,0.16477354332843486,0.01638172887182544,1000.0,"[0.002689504996640014, 0.001743646674191715, 0.00234107685793902, 0.0017573082339187931, 0.0019238125361993646, 0.003761229507970869, 0.001555526721913664, 0.0024341607903179342, 0.002376961321703102, 0.0029284358111471, 0.002040446978863612, 0.001412898554792993, 0.0015447094086199562, 0.0013834171311279042, 0.0016169243684394693, 0.0010704998615477701, 0.002206500129403917, 0.0017042149608532964, 0.0016514607295383323, 0.0006742186392966409, 0.002438861013596052, 0.001736215536094746, 0.001299207160648727, 0.0031553604503741506, 0.0010552727619179928, 0.0015392165300140634, 0.0022139910204995892, 0.0015237803840904853, 0.0017330371616716593, 0.001126590265198618]","[0.9761904761904763, 0.9761904761904763, 0.9761904761904763, 0.9761904761904763, 0.9761904761904763, 0.9761904761904763, 0.9761904761904763, 0.9761904761904763, 0.9761904761904763, 0.9761904761904763, 0.9761904761904763, 0.9761904761904763, 0.9761904761904763, 0.9761904761904763, 0.9761904761904763, 0.9761904761904763, 0.9761904761904763, 0.9761904761904763, 0.9761904761904763, 1.0, 0.9761904761904763, 0.9761904761904763, 0.9761904761904763, 0.9761904761904763, 1.0, 0.9761904761904763, 0.9761904761904763, 0.9761904761904763, 0.9761904761904763, 1.0]","[0.9285714285714285, 0.9285714285714285, 0.9285714285714285, 0.9285714285714285, 0.9285714285714285, 0.9285714285714285, 0.9285714285714285, 0.9285714285714285, 0.9285714285714285, 0.9285714285714285, 0.9285714285714285, 0.9285714285714285, 0.9285714285714285, 0.9285714285714285, 0.9285714285714285, 0.9285714285714285, 0.9285714285714285, 0.9285714285714285, 0.9285714285714285, 0.9999999999999998, 0.9285714285714285, 0.9285714285714285, 0.9285714285714285, 0.9285714285714285, 0.9999999999999998, 0.9285714285714285, 0.9285714285714285, 0.9285714285714285, 0.9285714285714285, 0.9999999999999998]","[1.0, 1.0, 1.0, 1.0, 1.0, 1.0, 1.0, 1.0, 1.0, 1.0, 1.0, 1.0, 1.0, 1.0, 1.0, 1.0, 1.0, 1.0, 1.0, 1.0, 1.0, 1.0, 1.0, 1.0, 1.0, 1.0, 1.0, 1.0, 1.0, 1.0]","[1.0, 1.0, 1.0, 1.0, 1.0, 1.0, 1.0, 1.0, 1.0, 1.0, 1.0, 1.0, 1.0, 1.0, 1.0, 1.0, 1.0, 1.0, 1.0, 1.0, 1.0, 1.0, 1.0, 1.0, 1.0, 1.0, 1.0, 1.0, 1.0, 1.0]"
