dataset,model,n_budget,instance_idx,M,method,mse,mse_std,mse_norm,mse_norm_std,mse_ci_lower,mse_ci_upper,mse_ratio_b2,spearman_mean,spearman_std,spearman_ci_lower,spearman_ci_upper,kendall_mean,kendall_std,top3_mean,top3_std,top5_mean,top5_std,variance,n_exploration,n_estimation,time_mean,time_std,n_coal_final,mse_per_run,spearman_per_run,kendall_per_run,top3_per_run,top5_per_run
credit,ridge,5000,0,23,abc_shap,7.740691806978091e-05,8.734457340580206e-05,3.365518176946996e-06,3.7975901480783502e-06,4.9047997954907296e-05,0.00011234365362686608,4.595501409104033,0.995125164690382,0.003497645310265684,0.9937417654808961,0.9963776350461133,0.9715415019762849,0.01575748762869677,1.0,0.0,1.0,0.0,3.3302394337699717e-06,2484.0,2516.0,0.7914362066638811,0.11078383483502999,2484.0,"[5.813381571710041e-06, 6.463037008346341e-05, 0.00019132940584936237, 3.8146090016894956e-05, 2.5089079294928183e-06, 8.223654493301402e-06, 1.8397277485189472e-05, 7.482661472221792e-05, 1.0219700713041737e-05, 3.795927860506229e-05, 8.235958217991098e-05, 1.7015653744757875e-05, 0.0001075474327486758, 0.00010298551500953166, 0.0002828091458648036, 0.00012556700232744248, 6.136280878856873e-06, 3.307219579965548e-05, 0.0001479386059762666, 0.00011638614004920507, 8.210968951366196e-05, 0.0003474119296583158, 5.311137757183004e-06, 6.47495500679839e-05, 2.1271052552548556e-05, 0.0002510536605175382, 1.0431753309871739e-05, 4.027753747455469e-05, 8.315558578056128e-06, 1.7403436614870068e-05]","[0.9990118577075099, 0.9950592885375494, 0.9901185770750988, 0.9930830039525691, 1.0, 0.9980237154150198, 0.9980237154150198, 0.9920948616600791, 0.9960474308300397, 0.9990118577075099, 0.9920948616600791, 0.9980237154150198, 0.9980237154150198, 0.9871541501976285, 0.9930830039525691, 0.9871541501976285, 0.9980237154150198, 0.9950592885375494, 0.9960474308300397, 0.9881422924901186, 0.9960474308300397, 0.9950592885375494, 0.9970355731225298, 0.9920948616600791, 0.9960474308300397, 0.9980237154150198, 0.9960474308300397, 0.9980237154150198, 0.9940711462450593, 0.9980237154150198]","[0.992094861660079, 0.9683794466403163, 0.9525691699604742, 0.9604743083003953, 1.0, 0.9841897233201582, 0.9841897233201582, 0.9604743083003953, 0.9762845849802372, 0.992094861660079, 0.9525691699604742, 0.9841897233201582, 0.9841897233201582, 0.9446640316205535, 0.9604743083003953, 0.9367588932806324, 0.9841897233201582, 0.9683794466403163, 0.9762845849802372, 0.9367588932806324, 0.9762845849802372, 0.9683794466403163, 0.9762845849802372, 0.9604743083003953, 0.9762845849802372, 0.9841897233201582, 0.9683794466403163, 0.9841897233201582, 0.9683794466403163, 0.9841897233201582]","[1.0, 1.0, 1.0, 1.0, 1.0, 1.0, 1.0, 1.0, 1.0, 1.0, 1.0, 1.0, 1.0, 1.0, 1.0, 1.0, 1.0, 1.0, 1.0, 1.0, 1.0, 1.0, 1.0, 1.0, 1.0, 1.0, 1.0, 1.0, 1.0, 1.0]","[1.0, 1.0, 1.0, 1.0, 1.0, 1.0, 1.0, 1.0, 1.0, 1.0, 1.0, 1.0, 1.0, 1.0, 1.0, 1.0, 1.0, 1.0, 1.0, 1.0, 1.0, 1.0, 1.0, 1.0, 1.0, 1.0, 1.0, 1.0, 1.0, 1.0]"
credit,ridge,5000,0,23,b1_uniform,3.2272973375359995e-05,1.658874854336338e-05,1.4031727554504345e-06,7.21249936667973e-07,2.6652871257825653e-05,3.8006432920572514e-05,1.9159850091014425,0.9882081686429515,0.00952907146692675,0.9847167325428197,0.9912714097496707,0.9459815546772068,0.029230014364848237,1.0,0.0,1.0,0.0,5.688960282448546e-07,0.0,5000.0,0.6735424500016961,0.11061930491646685,5000.0,"[2.440497891702965e-05, 5.103714137896899e-05, 3.73498092731766e-05, 2.9517972480013183e-05, 1.552052549665057e-05, 2.6645043624452412e-05, 3.68635702374975e-05, 7.514804725113991e-06, 4.3683296356567265e-05, 2.5116017240420044e-05, 2.0151036694383857e-05, 7.614731999532984e-05, 1.0102130272108433e-05, 3.987404674218631e-05, 2.4845079301760417e-05, 2.4449100764250533e-05, 1.9077936377290583e-05, 2.100010733213029e-05, 2.1017451372512682e-05, 2.0984015946056153e-05, 5.374867364151173e-05, 6.955597523900059e-05, 2.5373739028008856e-05, 6.1252260596389e-05, 1.8689298539235918e-05, 4.0216222537577615e-05, 4.065751705094575e-05, 3.93724890024851e-05, 1.609601663625344e-05, 2.7925624461492692e-05]","[0.9950592885375494, 0.9604743083003953, 0.9802371541501977, 0.9812252964426879, 0.9940711462450593, 0.9871541501976285, 0.9802371541501977, 0.991106719367589, 0.974308300395257, 0.9980237154150198, 0.9930830039525691, 0.9930830039525691, 0.9970355731225298, 0.9901185770750988, 0.9920948616600791, 0.9930830039525691, 0.9930830039525691, 0.9970355731225298, 0.9960474308300397, 0.9970355731225298, 0.991106719367589, 0.9614624505928853, 0.991106719367589, 0.9812252964426879, 0.9960474308300397, 0.9930830039525691, 0.9871541501976285, 0.9782608695652174, 0.9920948616600791, 0.991106719367589]","[0.9683794466403163, 0.8893280632411068, 0.9130434782608695, 0.9130434782608695, 0.9604743083003953, 0.9367588932806324, 0.9130434782608695, 0.9525691699604742, 0.8893280632411068, 0.9841897233201582, 0.9683794466403163, 0.9525691699604742, 0.9762845849802372, 0.9525691699604742, 0.9525691699604742, 0.9683794466403163, 0.9525691699604742, 0.9841897233201582, 0.9762845849802372, 0.9762845849802372, 0.9525691699604742, 0.8814229249011858, 0.9604743083003953, 0.9288537549407115, 0.9683794466403163, 0.9525691699604742, 0.9367588932806324, 0.8972332015810277, 0.9683794466403163, 0.9525691699604742]","[1.0, 1.0, 1.0, 1.0, 1.0, 1.0, 1.0, 1.0, 1.0, 1.0, 1.0, 1.0, 1.0, 1.0, 1.0, 1.0, 1.0, 1.0, 1.0, 1.0, 1.0, 1.0, 1.0, 1.0, 1.0, 1.0, 1.0, 1.0, 1.0, 1.0]","[1.0, 1.0, 1.0, 1.0, 1.0, 1.0, 1.0, 1.0, 1.0, 1.0, 1.0, 1.0, 1.0, 1.0, 1.0, 1.0, 1.0, 1.0, 1.0, 1.0, 1.0, 1.0, 1.0, 1.0, 1.0, 1.0, 1.0, 1.0, 1.0, 1.0]"
credit,ridge,5000,0,23,b2_stratified,1.6844063613261438e-05,1.4365322882445243e-05,7.32350591880932e-07,6.245792557584888e-07,1.1848403382837659e-05,2.162837397895032e-05,1.0,0.9988471673254284,0.000922854132155562,0.9984848484848488,0.9991436100131754,0.9910408432147563,0.006686997386271132,1.0,0.0,1.0,0.0,4.3052345682320576e-07,0.0,5000.0,0.680751476661923,0.09631780117939805,5000.0,"[1.9603730120745362e-05, 1.2361384759844068e-05, 2.6164587815843064e-05, 1.0164932502810154e-05, 6.566877594196646e-06, 3.020110591489044e-06, 2.3054072872517438e-05, 5.285585245599051e-06, 2.3371342334000293e-05, 3.089730540534119e-06, 5.370361844972779e-05, 1.625410974048901e-05, 2.4260140730917335e-05, 2.2377266907685087e-05, 4.63810055761087e-06, 8.554277579463053e-06, 5.804957296471234e-06, 4.289559884818511e-06, 1.0353582337512058e-05, 1.5201558118337832e-06, 1.0270074205354921e-05, 5.440381105481735e-05, 8.840935168954909e-06, 3.4046253153318856e-05, 2.34500104065145e-05, 1.6406576380857137e-05, 1.8437790780990972e-05, 4.139642724283308e-06, 3.7341017168536447e-06, 4.715458913178954e-05]","[0.9980237154150198, 0.9990118577075099, 0.9990118577075099, 0.9990118577075099, 0.9990118577075099, 1.0, 0.9990118577075099, 0.9990118577075099, 0.9990118577075099, 1.0, 1.0, 0.9990118577075099, 1.0, 1.0, 0.9980237154150198, 0.9990118577075099, 0.9990118577075099, 0.9970355731225298, 0.9970355731225298, 0.9960474308300397, 0.9990118577075099, 0.9990118577075099, 0.9990118577075099, 0.9980237154150198, 0.9980237154150198, 0.9990118577075099, 1.0, 0.9990118577075099, 0.9990118577075099, 0.9990118577075099]","[0.9841897233201582, 0.992094861660079, 0.992094861660079, 0.992094861660079, 0.992094861660079, 1.0, 0.992094861660079, 0.992094861660079, 0.992094861660079, 1.0, 1.0, 0.992094861660079, 1.0, 1.0, 0.9841897233201582, 0.992094861660079, 0.992094861660079, 0.9762845849802372, 0.9762845849802372, 0.9762845849802372, 0.992094861660079, 0.992094861660079, 0.992094861660079, 0.9841897233201582, 0.9841897233201582, 0.992094861660079, 1.0, 0.992094861660079, 0.992094861660079, 0.992094861660079]","[1.0, 1.0, 1.0, 1.0, 1.0, 1.0, 1.0, 1.0, 1.0, 1.0, 1.0, 1.0, 1.0, 1.0, 1.0, 1.0, 1.0, 1.0, 1.0, 1.0, 1.0, 1.0, 1.0, 1.0, 1.0, 1.0, 1.0, 1.0, 1.0, 1.0]","[1.0, 1.0, 1.0, 1.0, 1.0, 1.0, 1.0, 1.0, 1.0, 1.0, 1.0, 1.0, 1.0, 1.0, 1.0, 1.0, 1.0, 1.0, 1.0, 1.0, 1.0, 1.0, 1.0, 1.0, 1.0, 1.0, 1.0, 1.0, 1.0, 1.0]"
credit,ridge,5000,0,23,b3_is,8.238908787752691e-06,9.178910125845698e-06,3.582134255544648e-07,3.990830489498129e-07,5.115587993709806e-06,1.1581084475661615e-05,0.48912833487912893,0.9991765480895917,0.0006790358408461193,0.9989459815546773,0.9994071146245062,0.9934123847167325,0.0054322867267689685,1.0,0.0,1.0,0.0,2.1274639863610285e-07,0.0,5000.0,0.7740627833273417,0.13836984873740793,5000.0,"[4.09851374390178e-06, 2.5924634014244555e-05, 2.0287674868611502e-05, 1.8365013006951023e-06, 7.153578111808802e-07, 6.726904278080057e-06, 2.1193472696455785e-05, 7.224726715803688e-07, 1.4416412058175329e-06, 3.745426938156708e-06, 8.409831604366409e-06, 1.6428281798398986e-06, 2.450969334040457e-05, 2.5386188666555368e-06, 4.779386500230004e-07, 1.0256137213114494e-05, 1.056948200410974e-06, 1.8413800286670156e-06, 2.1525444046734012e-06, 4.826971828487535e-07, 1.809250411541452e-06, 3.424618882778905e-06, 3.4690720747815087e-06, 1.5216838959545334e-06, 7.831162236386706e-06, 3.588840599452814e-06, 3.177053458262928e-05, 1.3352483459270649e-05, 1.5251554398124525e-05, 2.508684589193202e-05]","[0.9980237154150198, 0.9990118577075099, 1.0, 1.0, 0.9990118577075099, 0.9990118577075099, 1.0, 0.9990118577075099, 0.9980237154150198, 0.9990118577075099, 0.9990118577075099, 1.0, 0.9990118577075099, 1.0, 0.9980237154150198, 0.9990118577075099, 1.0, 0.9980237154150198, 0.9980237154150198, 0.9990118577075099, 0.9990118577075099, 0.9990118577075099, 0.9990118577075099, 0.9990118577075099, 1.0, 1.0, 0.9990118577075099, 0.9990118577075099, 1.0, 1.0]","[0.9841897233201582, 0.992094861660079, 1.0, 1.0, 0.992094861660079, 0.992094861660079, 1.0, 0.992094861660079, 0.9841897233201582, 0.992094861660079, 0.992094861660079, 1.0, 0.992094861660079, 1.0, 0.9841897233201582, 0.992094861660079, 1.0, 0.9841897233201582, 0.9841897233201582, 0.992094861660079, 0.992094861660079, 0.992094861660079, 0.992094861660079, 0.992094861660079, 1.0, 1.0, 0.992094861660079, 0.992094861660079, 1.0, 1.0]","[1.0, 1.0, 1.0, 1.0, 1.0, 1.0, 1.0, 1.0, 1.0, 1.0, 1.0, 1.0, 1.0, 1.0, 1.0, 1.0, 1.0, 1.0, 1.0, 1.0, 1.0, 1.0, 1.0, 1.0, 1.0, 1.0, 1.0, 1.0, 1.0, 1.0]","[1.0, 1.0, 1.0, 1.0, 1.0, 1.0, 1.0, 1.0, 1.0, 1.0, 1.0, 1.0, 1.0, 1.0, 1.0, 1.0, 1.0, 1.0, 1.0, 1.0, 1.0, 1.0, 1.0, 1.0, 1.0, 1.0, 1.0, 1.0, 1.0, 1.0]"
credit,ridge,5000,0,23,b4_antithetic,1.679023786718061e-05,1.3734280254652339e-06,7.300103420513309e-07,5.97142619767493e-08,1.627913418136317e-05,1.7262253007164263e-05,0.9968044678934571,0.9989789196310938,0.0010039361432231865,0.998616600790514,0.999308300395257,0.9926218708827405,0.005748991891771111,1.0,0.0,1.0,0.0,1.2500384303375939e-08,0.0,5000.0,0.6421533700001115,0.11228217849906458,5000.0,"[1.74562038356914e-05, 1.6092100203721955e-05, 1.7670576495148177e-05, 1.7010146449919555e-05, 1.8531668485646035e-05, 1.7541826006314854e-05, 1.670050150017844e-05, 1.8290022942167717e-05, 1.5181815811467242e-05, 1.7698283035425127e-05, 1.803538416371081e-05, 1.739547251311075e-05, 1.7840937262947438e-05, 1.3623128909861359e-05, 1.704614669600675e-05, 1.5415287293800004e-05, 1.6195534475676458e-05, 1.7746803603829753e-05, 1.5431083008957633e-05, 1.8954715044838263e-05, 1.7170172925161668e-05, 1.777518020344561e-05, 1.7346133355809458e-05, 1.4400685951543086e-05, 1.6315802151281663e-05, 1.84241748547962e-05, 1.4897554320699148e-05, 1.7118790092035943e-05, 1.66124615136511e-05, 1.3788542908574706e-05]","[0.9990118577075099, 0.9990118577075099, 1.0, 0.9990118577075099, 0.9990118577075099, 1.0, 1.0, 0.9970355731225298, 0.9980237154150198, 0.9990118577075099, 0.9990118577075099, 0.9990118577075099, 1.0, 0.9990118577075099, 0.9990118577075099, 1.0, 0.9990118577075099, 0.9990118577075099, 0.9980237154150198, 0.9990118577075099, 1.0, 0.9990118577075099, 1.0, 0.9990118577075099, 1.0, 0.9990118577075099, 0.9990118577075099, 0.9980237154150198, 0.9990118577075099, 0.9950592885375494]","[0.992094861660079, 0.992094861660079, 1.0, 0.992094861660079, 0.992094861660079, 1.0, 1.0, 0.9841897233201582, 0.9841897233201582, 0.992094861660079, 0.992094861660079, 0.992094861660079, 1.0, 0.992094861660079, 0.992094861660079, 1.0, 0.992094861660079, 0.992094861660079, 0.9841897233201582, 0.992094861660079, 1.0, 0.992094861660079, 1.0, 0.992094861660079, 1.0, 0.992094861660079, 0.992094861660079, 0.9841897233201582, 0.992094861660079, 0.9762845849802372]","[1.0, 1.0, 1.0, 1.0, 1.0, 1.0, 1.0, 1.0, 1.0, 1.0, 1.0, 1.0, 1.0, 1.0, 1.0, 1.0, 1.0, 1.0, 1.0, 1.0, 1.0, 1.0, 1.0, 1.0, 1.0, 1.0, 1.0, 1.0, 1.0, 1.0]","[1.0, 1.0, 1.0, 1.0, 1.0, 1.0, 1.0, 1.0, 1.0, 1.0, 1.0, 1.0, 1.0, 1.0, 1.0, 1.0, 1.0, 1.0, 1.0, 1.0, 1.0, 1.0, 1.0, 1.0, 1.0, 1.0, 1.0, 1.0, 1.0, 1.0]"
credit,ridge,5000,1,23,abc_shap,8.522044557981458e-05,6.819689921151613e-05,3.7052367643397645e-06,2.9650825744137446e-06,6.296579029020446e-05,0.00010822276762294859,7.804897805768436,0.9835638998682477,0.014149156391178435,0.9782271080368906,0.9878129117259552,0.9259552042160739,0.04023000075326833,0.9888888888888888,0.059835164523716726,0.9866666666666667,0.04988876515698587,3.561847262242352e-06,2484.0,2516.0,0.7633455400083524,0.00964264172626417,2484.0,"[0.00013616390719930883, 1.5076199501053917e-05, 9.646055462866128e-05, 0.00017486434900457022, 2.3516664693045776e-05, 8.49137643298225e-05, 3.8301114942473066e-05, 0.00023068469032929426, 7.496177229999972e-05, 0.00015177220237458228, 0.00018906257857395455, 1.3561596312938653e-05, 2.0160773292260558e-05, 4.994317387350005e-05, 0.0002027215187130765, 8.044599109733816e-05, 0.00020809621267076225, 8.943101609046095e-05, 7.54951295853567e-05, 0.00014208811198627332, 3.8026992640719416e-05, 2.5619012442493094e-05, 3.602701602248396e-05, 2.9528063098037614e-05, 1.7421588526239733e-05, 0.00018418329813232415, 6.173459497065827e-06, 5.987960957006927e-05, 2.8193771568087557e-05, 3.383923439818355e-05]","[0.9881422924901186, 0.9960474308300397, 0.9693675889328063, 0.9298418972332017, 0.9950592885375494, 0.9822134387351777, 0.9901185770750988, 0.9535573122529646, 0.9920948616600791, 0.9891304347826088, 0.9703557312252965, 0.9950592885375494, 0.9930830039525691, 0.9970355731225298, 0.9822134387351777, 0.9940711462450593, 0.9644268774703558, 0.9920948616600791, 0.9782608695652174, 0.9871541501976285, 0.9901185770750988, 0.9881422924901186, 0.9822134387351777, 0.9930830039525691, 0.9841897233201581, 0.9841897233201581, 0.9970355731225298, 0.9822134387351777, 0.9782608695652174, 0.9881422924901186]","[0.9288537549407115, 0.9762845849802372, 0.8972332015810277, 0.8181818181818182, 0.9604743083003953, 0.9051383399209486, 0.9367588932806324, 0.8260869565217391, 0.9525691699604742, 0.9367588932806324, 0.8735177865612648, 0.9683794466403163, 0.9683794466403163, 0.9762845849802372, 0.9209486166007905, 0.9525691699604742, 0.857707509881423, 0.9604743083003953, 0.9051383399209486, 0.9288537549407115, 0.9367588932806324, 0.9288537549407115, 0.9130434782608695, 0.9525691699604742, 0.9288537549407115, 0.9288537549407115, 0.9841897233201582, 0.9130434782608695, 0.9051383399209486, 0.9367588932806324]","[1.0, 1.0, 1.0, 1.0, 1.0, 1.0, 1.0, 1.0, 1.0, 1.0, 1.0, 1.0, 1.0, 1.0, 1.0, 1.0, 1.0, 1.0, 1.0, 1.0, 1.0, 0.6666666666666666, 1.0, 1.0, 1.0, 1.0, 1.0, 1.0, 1.0, 1.0]","[1.0, 1.0, 1.0, 1.0, 1.0, 0.8, 1.0, 1.0, 1.0, 1.0, 1.0, 1.0, 1.0, 1.0, 1.0, 1.0, 1.0, 1.0, 1.0, 0.8, 1.0, 1.0, 1.0, 1.0, 1.0, 1.0, 1.0, 1.0, 1.0, 1.0]"
credit,ridge,5000,1,23,b1_uniform,2.4341012382093112e-05,1.087229589212455e-05,1.0583048861779614e-06,4.7270851704889346e-07,2.054899051823347e-05,2.8326202992048835e-05,2.2292668483322218,0.963471673254282,0.01879979485079403,0.9568502964426877,0.9693675889328063,0.8793148880105403,0.03866969449874918,1.0,0.0,0.9866666666666667,0.04988876515698587,9.335058026600052e-07,0.0,5000.0,0.6311525433304875,0.0092550408565602,5000.0,"[1.586163846681568e-05, 3.679517407845953e-05, 3.440588067273822e-05, 2.558305749898012e-05, 1.6857881655922536e-05, 2.4649931175927426e-05, 3.090292727847933e-05, 8.01318610982142e-06, 1.53150282468768e-05, 1.9803988836488518e-05, 2.712544436118844e-05, 4.750142146374456e-05, 1.3402225823804487e-05, 1.848868087426966e-05, 2.318654884384171e-05, 3.903016776856841e-05, 2.807537781455723e-05, 1.0586829306848906e-05, 4.058939672276871e-05, 3.720125905492852e-05, 2.141607095541933e-05, 1.5478463095270627e-05, 1.421346630321825e-05, 1.7270339163987225e-05, 5.0842766877837436e-05, 1.7137463108786788e-05, 1.484420658416923e-05, 2.978199057808568e-05, 1.6338597658434253e-05, 1.953096108255436e-05]","[0.9723320158102767, 0.9762845849802372, 0.9782608695652174, 0.9387351778656127, 0.9841897233201581, 0.9535573122529646, 0.9713438735177865, 0.9822134387351777, 0.9733201581027668, 0.9693675889328063, 0.9624505928853755, 0.9100790513833993, 0.9792490118577075, 0.9851778656126482, 0.958498023715415, 0.9308300395256918, 0.941699604743083, 0.9664031620553359, 0.9792490118577075, 0.9555335968379446, 0.9762845849802372, 0.9407114624505929, 0.9851778656126482, 0.9812252964426879, 0.9328063241106721, 0.9456521739130436, 0.9644268774703558, 0.974308300395257, 0.9752964426877472, 0.9594861660079053]","[0.8814229249011858, 0.8972332015810277, 0.8972332015810277, 0.8181818181818182, 0.9209486166007905, 0.8498023715415021, 0.8814229249011858, 0.9209486166007905, 0.9130434782608695, 0.8972332015810277, 0.8498023715415021, 0.7944664031620553, 0.8972332015810277, 0.9209486166007905, 0.8656126482213439, 0.8181818181818182, 0.857707509881423, 0.8735177865612648, 0.9130434782608695, 0.8498023715415021, 0.9051383399209486, 0.841897233201581, 0.9288537549407115, 0.9288537549407115, 0.7944664031620553, 0.857707509881423, 0.8972332015810277, 0.9051383399209486, 0.9288537549407115, 0.8735177865612648]","[1.0, 1.0, 1.0, 1.0, 1.0, 1.0, 1.0, 1.0, 1.0, 1.0, 1.0, 1.0, 1.0, 1.0, 1.0, 1.0, 1.0, 1.0, 1.0, 1.0, 1.0, 1.0, 1.0, 1.0, 1.0, 1.0, 1.0, 1.0, 1.0, 1.0]","[1.0, 1.0, 1.0, 1.0, 1.0, 1.0, 1.0, 1.0, 1.0, 0.8, 1.0, 0.8, 1.0, 1.0, 1.0, 1.0, 1.0, 1.0, 1.0, 1.0, 1.0, 1.0, 1.0, 1.0, 1.0, 1.0, 1.0, 1.0, 1.0, 1.0]"
credit,ridge,5000,1,23,b2_stratified,1.0918841950349425e-05,6.543928492143559e-06,4.7473225871084456e-07,2.845186300931982e-07,8.672640493445694e-06,1.340855767858536e-05,1.0,0.9934782608695654,0.0036583513509657116,0.9922257905138339,0.9946969696969697,0.964163372859025,0.0165484252628275,1.0,0.0,1.0,0.0,4.27161196397329e-07,0.0,5000.0,0.6514274200017098,0.0417313174101912,5000.0,"[1.2012209553295597e-06, 9.331261016489685e-06, 5.6627587881247114e-06, 9.858570197949594e-06, 1.5502762687026973e-05, 1.036692219460028e-05, 4.828204319740391e-06, 1.3945875223910764e-05, 4.833033122911196e-06, 3.414137498531399e-06, 1.4504540978410847e-05, 1.8740600763458146e-05, 1.4690437417925604e-05, 8.379085707701812e-06, 1.8448527795307168e-06, 4.239479196472729e-06, 1.4860779885919797e-05, 2.2978192050137724e-05, 1.235435401471e-05, 6.257346389600928e-06, 9.48618532335248e-06, 3.7394203653859737e-06, 2.6842744362688266e-05, 1.5008847428839355e-05, 1.137786252760993e-05, 2.3989426346249622e-05, 2.4868328519491185e-06, 1.1462906340398015e-05, 9.603693566472899e-06, 1.577292420905425e-05]","[0.9960474308300397, 0.9950592885375494, 0.991106719367589, 0.9930830039525691, 0.9871541501976285, 0.9851778656126482, 0.9881422924901186, 0.9970355731225298, 0.9950592885375494, 0.9980237154150198, 0.9960474308300397, 0.9940711462450593, 0.9960474308300397, 0.9960474308300397, 0.9940711462450593, 0.9970355731225298, 0.9891304347826088, 0.9881422924901186, 0.9901185770750988, 0.9970355731225298, 0.9940711462450593, 0.9990118577075099, 0.9940711462450593, 0.9980237154150198, 0.9940711462450593, 0.991106719367589, 0.9950592885375494, 0.9960474308300397, 0.9871541501976285, 0.9920948616600791]","[0.9762845849802372, 0.9683794466403163, 0.9525691699604742, 0.9604743083003953, 0.9367588932806324, 0.9288537549407115, 0.9367588932806324, 0.9841897233201582, 0.9683794466403163, 0.9841897233201582, 0.9683794466403163, 0.9604743083003953, 0.9762845849802372, 0.9762845849802372, 0.9683794466403163, 0.9841897233201582, 0.9367588932806324, 0.9367588932806324, 0.9525691699604742, 0.9841897233201582, 0.9683794466403163, 0.992094861660079, 0.9604743083003953, 0.9841897233201582, 0.9604743083003953, 0.9604743083003953, 0.9683794466403163, 0.9762845849802372, 0.9525691699604742, 0.9604743083003953]","[1.0, 1.0, 1.0, 1.0, 1.0, 1.0, 1.0, 1.0, 1.0, 1.0, 1.0, 1.0, 1.0, 1.0, 1.0, 1.0, 1.0, 1.0, 1.0, 1.0, 1.0, 1.0, 1.0, 1.0, 1.0, 1.0, 1.0, 1.0, 1.0, 1.0]","[1.0, 1.0, 1.0, 1.0, 1.0, 1.0, 1.0, 1.0, 1.0, 1.0, 1.0, 1.0, 1.0, 1.0, 1.0, 1.0, 1.0, 1.0, 1.0, 1.0, 1.0, 1.0, 1.0, 1.0, 1.0, 1.0, 1.0, 1.0, 1.0, 1.0]"
credit,ridge,5000,1,23,b3_is,4.235604860683729e-06,2.3215806465399964e-06,1.8415673307320563e-07,1.0093828897999985e-07,3.5087544043573716e-06,5.167936752811371e-06,0.38791704101442565,0.9959486166007907,0.003397734612780735,0.9946302700922266,0.9969696969696972,0.9757575757575758,0.015265083908258476,1.0,0.0,1.0,0.0,1.4950700053828286e-07,0.0,5000.0,0.7566165199988366,0.036423113657124195,5000.0,"[2.981963373152345e-06, 2.8085972994238465e-06, 2.9823350922863315e-06, 5.352115630163757e-06, 4.233327439013465e-06, 2.7059094199182966e-06, 4.500954166810268e-06, 6.0407916634088854e-06, 3.6399204679046798e-06, 2.2829993036390335e-06, 2.0144395926061857e-06, 7.357563095471571e-06, 3.1802242236915774e-06, 3.6463374295644025e-06, 2.0479203526133485e-06, 1.2174832188951197e-05, 3.5858250874106353e-06, 6.197793180386471e-06, 2.4073918142559973e-06, 2.0033937313790125e-06, 5.942254210136409e-06, 3.31129076394917e-06, 2.3190833690044864e-06, 3.761060028743974e-06, 1.0025943687640663e-05, 4.762200124306391e-06, 4.117965284442187e-06, 2.8520846334986324e-06, 5.539251735576916e-06, 2.2923774311617416e-06]","[0.9980237154150198, 0.9960474308300397, 0.9950592885375494, 0.9950592885375494, 0.9960474308300397, 0.983201581027668, 0.9990118577075099, 0.9950592885375494, 0.9990118577075099, 0.9960474308300397, 1.0, 0.9990118577075099, 0.9901185770750988, 0.9960474308300397, 0.9970355731225298, 0.9960474308300397, 0.9980237154150198, 0.9990118577075099, 0.9990118577075099, 0.9950592885375494, 0.9940711462450593, 0.9950592885375494, 0.9901185770750988, 0.9920948616600791, 0.9980237154150198, 0.9970355731225298, 0.9980237154150198, 0.9970355731225298, 0.9990118577075099, 0.9960474308300397]","[0.9841897233201582, 0.9762845849802372, 0.9683794466403163, 0.9683794466403163, 0.9762845849802372, 0.9288537549407115, 0.992094861660079, 0.9683794466403163, 0.992094861660079, 0.9762845849802372, 1.0, 0.992094861660079, 0.9525691699604742, 0.9762845849802372, 0.9841897233201582, 0.9683794466403163, 0.9841897233201582, 0.992094861660079, 0.992094861660079, 0.9683794466403163, 0.9604743083003953, 0.9683794466403163, 0.9525691699604742, 0.9525691699604742, 0.9841897233201582, 0.9841897233201582, 0.9841897233201582, 0.9762845849802372, 0.992094861660079, 0.9762845849802372]","[1.0, 1.0, 1.0, 1.0, 1.0, 1.0, 1.0, 1.0, 1.0, 1.0, 1.0, 1.0, 1.0, 1.0, 1.0, 1.0, 1.0, 1.0, 1.0, 1.0, 1.0, 1.0, 1.0, 1.0, 1.0, 1.0, 1.0, 1.0, 1.0, 1.0]","[1.0, 1.0, 1.0, 1.0, 1.0, 1.0, 1.0, 1.0, 1.0, 1.0, 1.0, 1.0, 1.0, 1.0, 1.0, 1.0, 1.0, 1.0, 1.0, 1.0, 1.0, 1.0, 1.0, 1.0, 1.0, 1.0, 1.0, 1.0, 1.0, 1.0]"
credit,ridge,5000,1,23,b4_antithetic,2.25389638671076e-06,3.693160584612824e-07,9.799549507438087e-08,1.6057219933099237e-08,2.1188006078958747e-06,2.378189644846736e-06,0.2064226588277185,0.9954545454545456,0.0021437602233561454,0.9946640316205535,0.9961791831357051,0.973122529644269,0.010527000977833033,1.0,0.0,1.0,0.0,1.3559693637783971e-08,0.0,5000.0,0.6096555566667424,0.008457276171158068,5000.0,"[2.616099883784618e-06, 1.6620593870302519e-06, 2.9460181572733248e-06, 2.3060689720185703e-06, 2.3192852068782227e-06, 1.8844196927308897e-06, 2.519299522044206e-06, 1.868289615084792e-06, 2.640741808336477e-06, 2.5200617037868385e-06, 2.3974302150303794e-06, 2.7795879947050176e-06, 2.4346561291116196e-06, 2.326525312323523e-06, 1.928607054672854e-06, 2.084606378027518e-06, 1.8693075810352515e-06, 2.175606914654835e-06, 2.53311185640216e-06, 2.3986543221167268e-06, 2.3019829102717356e-06, 2.371501737134116e-06, 2.039297258891204e-06, 2.112443354952072e-06, 1.9250599512496012e-06, 1.5220818674494331e-06, 2.0917961984900784e-06, 2.165429206024429e-06, 3.1447491676905e-06, 1.732112242121552e-06]","[0.9960474308300397, 0.9970355731225298, 0.9970355731225298, 0.9930830039525691, 0.9960474308300397, 0.9990118577075099, 0.9940711462450593, 0.9980237154150198, 0.9930830039525691, 0.9930830039525691, 0.9930830039525691, 0.9950592885375494, 0.9960474308300397, 0.9950592885375494, 0.9920948616600791, 0.9960474308300397, 0.9980237154150198, 0.9970355731225298, 0.9950592885375494, 0.9940711462450593, 0.991106719367589, 0.991106719367589, 0.9950592885375494, 0.9960474308300397, 0.9960474308300397, 0.9990118577075099, 0.9990118577075099, 0.9960474308300397, 0.9960474308300397, 0.9960474308300397]","[0.9762845849802372, 0.9841897233201582, 0.9762845849802372, 0.9604743083003953, 0.9762845849802372, 0.992094861660079, 0.9604743083003953, 0.9841897233201582, 0.9683794466403163, 0.9604743083003953, 0.9604743083003953, 0.9683794466403163, 0.9762845849802372, 0.9683794466403163, 0.9604743083003953, 0.9762845849802372, 0.9841897233201582, 0.9841897233201582, 0.9683794466403163, 0.9604743083003953, 0.9604743083003953, 0.9525691699604742, 0.9683794466403163, 0.9762845849802372, 0.9762845849802372, 0.992094861660079, 0.992094861660079, 0.9762845849802372, 0.9762845849802372, 0.9762845849802372]","[1.0, 1.0, 1.0, 1.0, 1.0, 1.0, 1.0, 1.0, 1.0, 1.0, 1.0, 1.0, 1.0, 1.0, 1.0, 1.0, 1.0, 1.0, 1.0, 1.0, 1.0, 1.0, 1.0, 1.0, 1.0, 1.0, 1.0, 1.0, 1.0, 1.0]","[1.0, 1.0, 1.0, 1.0, 1.0, 1.0, 1.0, 1.0, 1.0, 1.0, 1.0, 1.0, 1.0, 1.0, 1.0, 1.0, 1.0, 1.0, 1.0, 1.0, 1.0, 1.0, 1.0, 1.0, 1.0, 1.0, 1.0, 1.0, 1.0, 1.0]"
credit,ridge,5000,2,23,abc_shap,0.0004233141858792712,0.000318111530077244,1.8404964603446576e-05,1.3830936090314958e-05,0.00031674200654259986,0.0005381284383062439,7.276308625912735,0.9161725955204217,0.06575272528029329,0.8923221343873519,0.9383423913043477,0.8,0.09786952895503803,0.8000000000000002,0.20367003088692626,0.9666666666666668,0.07453559924999296,1.8057768065319075e-05,2484.0,2516.0,0.7711413233346927,0.050928557725517944,2484.0,"[7.110328583984878e-05, 0.0007211413069849931, 0.0010915347530339203, 0.0006447257946852219, 0.000670492158754556, 0.00029451317635089937, 0.0004642562722526056, 0.00018514080935794626, 0.0003677094801688513, 0.00020137679124771396, 0.0003345303696159513, 0.0006436325305205047, 5.975452594950027e-05, 0.00082309398100886, 0.0011269240577826752, 0.0002598390746415895, 0.0002746410411017492, 0.00039140610723282647, 0.00010740744857988599, 6.30640535822156e-05, 8.460617087107606e-05, 0.00022916178207032294, 4.8258512607433115e-05, 0.00014948330963466985, 0.00014314642657469525, 0.0004476375132072666, 0.0005138449959948025, 0.0009380180554783119, 0.0003831544509384981, 0.0009658273403087457]","[0.9713438735177865, 0.9130434782608695, 0.8211462450592886, 0.9476284584980237, 0.8428853754940712, 0.9535573122529646, 0.9328063241106721, 0.9782608695652174, 0.8171936758893281, 0.9476284584980237, 0.874505928853755, 0.8507905138339922, 0.9367588932806324, 0.91600790513834, 0.8606719367588934, 0.983201581027668, 0.8833992094861661, 0.9644268774703558, 0.9940711462450593, 0.9496047430830039, 0.9920948616600791, 0.9664031620553359, 0.9812252964426879, 0.991106719367589, 0.9683794466403162, 0.8833992094861661, 0.9278656126482213, 0.7381422924901185, 0.9100790513833993, 0.7875494071146245]","[0.8972332015810277, 0.8023715415019763, 0.6521739130434783, 0.83399209486166, 0.7075098814229249, 0.83399209486166, 0.7944664031620553, 0.8972332015810277, 0.7233201581027668, 0.8260869565217391, 0.6996047430830039, 0.7233201581027668, 0.8102766798418973, 0.7786561264822134, 0.7154150197628459, 0.9051383399209486, 0.7233201581027668, 0.8656126482213439, 0.9525691699604742, 0.83399209486166, 0.9525691699604742, 0.8656126482213439, 0.9209486166007905, 0.9367588932806324, 0.8656126482213439, 0.7391304347826086, 0.7786561264822134, 0.5652173913043478, 0.7865612648221344, 0.6126482213438735]","[1.0, 1.0, 0.3333333333333333, 1.0, 0.6666666666666666, 0.6666666666666666, 0.6666666666666666, 1.0, 0.6666666666666666, 0.6666666666666666, 0.3333333333333333, 1.0, 1.0, 0.6666666666666666, 1.0, 1.0, 0.6666666666666666, 0.6666666666666666, 1.0, 1.0, 1.0, 0.6666666666666666, 1.0, 1.0, 0.6666666666666666, 0.6666666666666666, 0.6666666666666666, 0.6666666666666666, 1.0, 0.6666666666666666]","[1.0, 1.0, 0.8, 1.0, 1.0, 1.0, 1.0, 1.0, 1.0, 0.8, 1.0, 1.0, 1.0, 1.0, 1.0, 1.0, 1.0, 1.0, 1.0, 1.0, 1.0, 1.0, 1.0, 1.0, 0.8, 0.8, 1.0, 1.0, 1.0, 0.8]"
credit,ridge,5000,2,23,b1_uniform,0.00011193252725129099,5.842105760096743e-05,4.8666316196213475e-06,2.5400459826507576e-06,9.134208640862156e-05,0.00013174875829281802,1.923997920993517,0.8900527009222661,0.05371771102203397,0.8698558959156787,0.9094227602108038,0.7486166007905138,0.07127495311543296,0.8555555555555556,0.16517854163687232,1.0,0.0,4.0508979141888395e-06,0.0,5000.0,0.6340057800019471,0.01682173885918623,5000.0,"[0.00013673869084054345, 0.00011464135879487914, 0.00012289695149821648, 8.786615841532268e-05, 5.259499615418391e-05, 0.00010775265364784612, 6.940376519340847e-05, 3.159444680812866e-05, 0.00010387434704394644, 0.00020757103676855414, 0.00021977145756693587, 0.00014011570988406986, 5.8540048351010226e-05, 0.0001123535574106106, 0.00021860065114669201, 4.5883348071396685e-05, 3.8711781767733634e-05, 3.3096845310377816e-05, 8.317266370594651e-05, 5.063650938316802e-05, 0.00012196141649259961, 0.00016114369167775791, 0.0001083616085329085, 0.00014728115735935368, 4.709123896163981e-05, 0.00012371882846867475, 0.00023910524157604534, 0.00015131257763552748, 5.181756579560245e-05, 0.00017036551327564913]","[0.8774703557312253, 0.9594861660079053, 0.91600790513834, 0.9011857707509882, 0.9169960474308301, 0.7559288537549407, 0.8893280632411068, 0.9387351778656127, 0.9258893280632412, 0.8399209486166009, 0.892292490118577, 0.8517786561264822, 0.849802371541502, 0.8310276679841897, 0.8013833992094862, 0.9604743083003953, 0.9486166007905139, 0.9476284584980237, 0.9377470355731227, 0.8804347826086957, 0.9258893280632412, 0.8468379446640316, 0.91600790513834, 0.8873517786561266, 0.9407114624505929, 0.9100790513833993, 0.7727272727272727, 0.8636363636363636, 0.9604743083003953, 0.8557312252964427]","[0.7312252964426879, 0.857707509881423, 0.7944664031620553, 0.7312252964426879, 0.7707509881422926, 0.6205533596837944, 0.7391304347826086, 0.8023715415019763, 0.8023715415019763, 0.6837944664031621, 0.7233201581027668, 0.7075098814229249, 0.6837944664031621, 0.6600790513833992, 0.6363636363636365, 0.8656126482213439, 0.83399209486166, 0.83399209486166, 0.8023715415019763, 0.7391304347826086, 0.7865612648221344, 0.6996047430830039, 0.7865612648221344, 0.6996047430830039, 0.83399209486166, 0.7470355731225297, 0.5968379446640317, 0.7312252964426879, 0.857707509881423, 0.6996047430830039]","[1.0, 1.0, 0.6666666666666666, 0.6666666666666666, 1.0, 1.0, 1.0, 0.6666666666666666, 1.0, 0.6666666666666666, 0.6666666666666666, 1.0, 0.6666666666666666, 0.6666666666666666, 0.6666666666666666, 1.0, 0.6666666666666666, 1.0, 1.0, 1.0, 1.0, 0.6666666666666666, 1.0, 0.6666666666666666, 1.0, 1.0, 0.6666666666666666, 1.0, 1.0, 0.6666666666666666]","[1.0, 1.0, 1.0, 1.0, 1.0, 1.0, 1.0, 1.0, 1.0, 1.0, 1.0, 1.0, 1.0, 1.0, 1.0, 1.0, 1.0, 1.0, 1.0, 1.0, 1.0, 1.0, 1.0, 1.0, 1.0, 1.0, 1.0, 1.0, 1.0, 1.0]"
credit,ridge,5000,2,23,b2_stratified,5.817705207991655e-05,5.593123472039046e-05,2.5294370469528932e-06,2.43179281393002e-06,4.105434679170281e-05,8.019510933223969e-05,1.0,0.9799407114624504,0.013166540282857022,0.9753944334650857,0.9843560606060606,0.9093544137022398,0.036325427215369056,0.888888888888889,0.15713484026367722,1.0,0.0,2.4347695991869206e-06,0.0,5000.0,0.6417431533336639,0.00826037040471251,5000.0,"[3.1344795153458455e-05, 2.8095504719286484e-05, 2.3112183564603162e-05, 5.412484385098099e-05, 2.8402092292171372e-05, 3.0821587560387336e-05, 2.936148284867418e-05, 0.00010266874698413034, 0.0001644290624819467, 8.039050940560215e-05, 3.616394929906319e-05, 4.977857637376958e-05, 1.8070222477218368e-05, 3.3033496098703066e-05, 0.00014273187559167555, 1.3986661980678268e-05, 2.830104330619444e-05, 4.748621420473499e-05, 4.8827441252377334e-05, 8.915213446132725e-06, 1.8391676092951017e-05, 6.222160058033563e-05, 0.00011192862676286218, 0.00028062445326546785, 0.00010178073923914472, 3.712998159074258e-05, 4.817536576155964e-05, 3.406607442715424e-05, 3.5359751283651336e-05, 1.5587790501838374e-05]","[0.9881422924901186, 0.9950592885375494, 0.9664031620553359, 0.983201581027668, 0.950592885375494, 0.9841897233201581, 0.9920948616600791, 0.9871541501976285, 0.9426877470355731, 0.9604743083003953, 0.9881422924901186, 0.9752964426877472, 0.9891304347826088, 0.9802371541501977, 0.958498023715415, 0.9920948616600791, 0.9604743083003953, 0.9812252964426879, 0.991106719367589, 0.991106719367589, 0.9772727272727272, 0.974308300395257, 0.9920948616600791, 0.9792490118577075, 0.9881422924901186, 0.9851778656126482, 0.9891304347826088, 0.9861660079051384, 0.9861660079051384, 0.983201581027668]","[0.9288537549407115, 0.9604743083003953, 0.8735177865612648, 0.9051383399209486, 0.8260869565217391, 0.9130434782608695, 0.9446640316205535, 0.9209486166007905, 0.8102766798418973, 0.857707509881423, 0.9288537549407115, 0.9051383399209486, 0.9288537549407115, 0.8972332015810277, 0.857707509881423, 0.9525691699604742, 0.8656126482213439, 0.9130434782608695, 0.9446640316205535, 0.9446640316205535, 0.9130434782608695, 0.8893280632411068, 0.9446640316205535, 0.8972332015810277, 0.9446640316205535, 0.9130434782608695, 0.9446640316205535, 0.9209486166007905, 0.9209486166007905, 0.9130434782608695]","[1.0, 1.0, 1.0, 1.0, 0.6666666666666666, 1.0, 1.0, 0.6666666666666666, 0.6666666666666666, 1.0, 1.0, 1.0, 1.0, 0.6666666666666666, 1.0, 0.6666666666666666, 1.0, 0.6666666666666666, 1.0, 1.0, 1.0, 0.6666666666666666, 1.0, 1.0, 0.6666666666666666, 1.0, 0.6666666666666666, 1.0, 0.6666666666666666, 1.0]","[1.0, 1.0, 1.0, 1.0, 1.0, 1.0, 1.0, 1.0, 1.0, 1.0, 1.0, 1.0, 1.0, 1.0, 1.0, 1.0, 1.0, 1.0, 1.0, 1.0, 1.0, 1.0, 1.0, 1.0, 1.0, 1.0, 1.0, 1.0, 1.0, 1.0]"
credit,ridge,5000,2,23,b3_is,1.9784711595462557e-05,1.5127136101926659e-05,8.602048519766329e-07,6.577015696489852e-07,1.5192510805745481e-05,2.6090602180264565e-05,0.3400775888108722,0.9895915678524374,0.004859231516708826,0.9877132740447957,0.9911067193675888,0.9380764163372858,0.018716248597712534,0.9666666666666667,0.1,1.0,0.0,6.768024856344136e-07,0.0,5000.0,0.7470109033262512,0.007127917009785561,5000.0,"[2.04409004457233e-05, 8.144891017296544e-06, 1.796528159937187e-05, 2.54994189185385e-05, 4.9716269714375786e-06, 3.2922569213434546e-05, 1.7008856568601215e-05, 1.4077084069169357e-05, 2.2191437609493376e-05, 7.5448757122692366e-06, 2.111581359650071e-05, 1.930872599499611e-05, 2.5673872777023372e-05, 2.4541257179531626e-05, 8.443054209244644e-05, 2.6379088791874748e-05, 1.1670815428347143e-05, 5.8922385426360865e-06, 2.2988000054637756e-05, 1.1465998287618138e-05, 1.1568214509503673e-05, 3.239369984387762e-05, 3.5109399213314735e-05, 1.1622701153406661e-05, 6.530636763505551e-06, 3.0952766911901666e-06, 4.125218380551965e-06, 1.3460028722926007e-05, 3.42899520981742e-05, 1.711292561647828e-05]","[0.9930830039525691, 0.991106719367589, 0.991106719367589, 0.9861660079051384, 0.991106719367589, 0.9871541501976285, 0.9920948616600791, 0.9950592885375494, 0.991106719367589, 0.9930830039525691, 0.9930830039525691, 0.9861660079051384, 0.9881422924901186, 0.9960474308300397, 0.9940711462450593, 0.9881422924901186, 0.9920948616600791, 0.9920948616600791, 0.9920948616600791, 0.9871541501976285, 0.9920948616600791, 0.9782608695652174, 0.9891304347826088, 0.9930830039525691, 0.9891304347826088, 0.9891304347826088, 0.9861660079051384, 0.9723320158102767, 0.9940711462450593, 0.9841897233201581]","[0.9525691699604742, 0.9367588932806324, 0.9367588932806324, 0.9130434782608695, 0.9604743083003953, 0.9130434782608695, 0.9446640316205535, 0.9683794466403163, 0.9446640316205535, 0.9446640316205535, 0.9525691699604742, 0.9209486166007905, 0.9288537549407115, 0.9683794466403163, 0.9604743083003953, 0.9367588932806324, 0.9446640316205535, 0.9446640316205535, 0.9446640316205535, 0.9288537549407115, 0.9525691699604742, 0.9051383399209486, 0.9288537549407115, 0.9525691699604742, 0.9288537549407115, 0.9288537549407115, 0.9367588932806324, 0.8893280632411068, 0.9604743083003953, 0.9130434782608695]","[1.0, 1.0, 1.0, 1.0, 1.0, 1.0, 1.0, 1.0, 1.0, 1.0, 1.0, 1.0, 0.6666666666666666, 1.0, 1.0, 1.0, 1.0, 1.0, 1.0, 0.6666666666666666, 1.0, 1.0, 0.6666666666666666, 1.0, 1.0, 1.0, 1.0, 1.0, 1.0, 1.0]","[1.0, 1.0, 1.0, 1.0, 1.0, 1.0, 1.0, 1.0, 1.0, 1.0, 1.0, 1.0, 1.0, 1.0, 1.0, 1.0, 1.0, 1.0, 1.0, 1.0, 1.0, 1.0, 1.0, 1.0, 1.0, 1.0, 1.0, 1.0, 1.0, 1.0]"
credit,ridge,5000,2,23,b4_antithetic,5.190727757032112e-06,6.824819422303072e-07,2.256838155231353e-07,2.9673127923056832e-08,4.9554239099563885e-06,5.4244128279457345e-06,0.08922294223333493,0.9942687747035575,0.0024391974415775806,0.9934453227931489,0.995092226613966,0.9649538866930171,0.011120394121743997,1.0,0.0,1.0,0.0,1.600777399757679e-08,0.0,5000.0,0.6089375733320291,0.007590535963854082,5000.0,"[5.238288109922504e-06, 5.009065302110099e-06, 4.9094303691889615e-06, 5.862012528401611e-06, 4.437328932118731e-06, 4.699390984658874e-06, 4.802753077947693e-06, 5.357727504611403e-06, 5.344868740902042e-06, 5.172170950346933e-06, 5.223169281911237e-06, 5.9704996968037635e-06, 4.6957172849910576e-06, 5.162387484705639e-06, 6.364886211780996e-06, 4.964304287141485e-06, 6.64085736684853e-06, 6.07147958289453e-06, 5.649475883441198e-06, 3.388202423212564e-06, 6.052059783285531e-06, 5.413928679499708e-06, 5.180504226493314e-06, 5.7497744312732915e-06, 5.001652866472185e-06, 4.985803239368893e-06, 5.058630891370543e-06, 3.7032032618478743e-06, 4.62475440969638e-06, 4.987504917715797e-06]","[0.9930830039525691, 0.9980237154150198, 0.9980237154150198, 0.9940711462450593, 0.9960474308300397, 0.9970355731225298, 0.9940711462450593, 0.9901185770750988, 0.9950592885375494, 0.9940711462450593, 0.991106719367589, 0.9950592885375494, 0.9920948616600791, 0.9930830039525691, 0.991106719367589, 0.9950592885375494, 0.9970355731225298, 0.9960474308300397, 0.9960474308300397, 0.9950592885375494, 0.9930830039525691, 0.9970355731225298, 0.9940711462450593, 0.9940711462450593, 0.9920948616600791, 0.9970355731225298, 0.9970355731225298, 0.9930830039525691, 0.9881422924901186, 0.991106719367589]","[0.9683794466403163, 0.9841897233201582, 0.9841897233201582, 0.9604743083003953, 0.9762845849802372, 0.9762845849802372, 0.9604743083003953, 0.9446640316205535, 0.9683794466403163, 0.9604743083003953, 0.9525691699604742, 0.9683794466403163, 0.9604743083003953, 0.9604743083003953, 0.9525691699604742, 0.9683794466403163, 0.9762845849802372, 0.9683794466403163, 0.9762845849802372, 0.9683794466403163, 0.9525691699604742, 0.9762845849802372, 0.9604743083003953, 0.9604743083003953, 0.9604743083003953, 0.9762845849802372, 0.9762845849802372, 0.9604743083003953, 0.9367588932806324, 0.9525691699604742]","[1.0, 1.0, 1.0, 1.0, 1.0, 1.0, 1.0, 1.0, 1.0, 1.0, 1.0, 1.0, 1.0, 1.0, 1.0, 1.0, 1.0, 1.0, 1.0, 1.0, 1.0, 1.0, 1.0, 1.0, 1.0, 1.0, 1.0, 1.0, 1.0, 1.0]","[1.0, 1.0, 1.0, 1.0, 1.0, 1.0, 1.0, 1.0, 1.0, 1.0, 1.0, 1.0, 1.0, 1.0, 1.0, 1.0, 1.0, 1.0, 1.0, 1.0, 1.0, 1.0, 1.0, 1.0, 1.0, 1.0, 1.0, 1.0, 1.0, 1.0]"
credit,ridge,5000,3,23,abc_shap,8.279723687047018e-05,5.903968337155429e-05,3.599879863933486e-06,2.566942755284969e-06,6.085940208793e-05,0.00010534441853416716,6.2845641675544215,0.9420619235836628,0.03174022493356045,0.9311577733860343,0.9530014822134388,0.8487483530961791,0.06077995331492139,0.9222222222222223,0.14098419489388359,1.0,0.0,3.5525730318877894e-06,2484.0,2516.0,0.7714846766631429,0.05290971442843348,2484.0,"[1.581920188284284e-05, 0.00012372705042644285, 2.882877470330349e-05, 1.3049166571176503e-05, 8.76259875443857e-05, 8.713205621078199e-05, 8.293823825739276e-05, 1.4557751101719666e-05, 0.00011483054050491162, 6.98571103471474e-05, 0.000131298111283837, 0.00016983804351183163, 8.99645639740718e-05, 0.00011533190919947024, 4.448753354438225e-05, 0.00020871147019174894, 1.2721976279315591e-05, 9.98574893747338e-05, 0.00021700238719534937, 2.7450202337775583e-05, 4.510190242373612e-05, 3.566132763976891e-05, 7.782769343872891e-06, 0.00013497726342720834, 0.00015466957538763648, 0.0001565671597621234, 4.29162605373193e-05, 9.332242371550285e-05, 2.809809359625902e-05, 2.9790765838056533e-05]","[0.9970355731225298, 0.9061264822134387, 0.9654150197628459, 0.9377470355731227, 0.892292490118577, 0.9199604743083004, 0.950592885375494, 0.9476284584980237, 0.9624505928853755, 0.9545454545454547, 0.9446640316205533, 0.9090909090909092, 0.9555335968379446, 0.9486166007905139, 0.9723320158102767, 0.9288537549407114, 0.9683794466403162, 0.9031620553359685, 0.8774703557312253, 0.884387351778656, 0.9367588932806324, 0.9249011857707511, 0.9940711462450593, 0.9871541501976285, 0.9071146245059288, 0.9377470355731227, 0.9772727272727272, 0.9446640316205533, 0.9871541501976285, 0.9387351778656127]","[0.9762845849802372, 0.7865612648221344, 0.8814229249011858, 0.841897233201581, 0.7707509881422926, 0.7944664031620553, 0.857707509881423, 0.8814229249011858, 0.8656126482213439, 0.857707509881423, 0.8498023715415021, 0.7786561264822134, 0.8735177865612648, 0.8735177865612648, 0.8893280632411068, 0.8102766798418973, 0.9130434782608695, 0.7628458498023716, 0.7391304347826086, 0.7470355731225297, 0.8498023715415021, 0.8181818181818182, 0.9604743083003953, 0.9288537549407115, 0.7865612648221344, 0.83399209486166, 0.9130434782608695, 0.841897233201581, 0.9367588932806324, 0.841897233201581]","[1.0, 1.0, 1.0, 1.0, 1.0, 0.6666666666666666, 1.0, 1.0, 0.6666666666666666, 1.0, 1.0, 0.6666666666666666, 1.0, 1.0, 1.0, 1.0, 1.0, 1.0, 0.6666666666666666, 0.6666666666666666, 1.0, 1.0, 1.0, 0.6666666666666666, 1.0, 1.0, 1.0, 1.0, 0.6666666666666666, 1.0]","[1.0, 1.0, 1.0, 1.0, 1.0, 1.0, 1.0, 1.0, 1.0, 1.0, 1.0, 1.0, 1.0, 1.0, 1.0, 1.0, 1.0, 1.0, 1.0, 1.0, 1.0, 1.0, 1.0, 1.0, 1.0, 1.0, 1.0, 1.0, 1.0, 1.0]"
credit,ridge,5000,3,23,b1_uniform,2.4163680204549335e-05,1.9154031425127867e-05,1.050594791502145e-06,8.327839750055595e-07,1.8075170219845383e-05,3.109568178943734e-05,1.8340974229288007,0.9043807641633729,0.03966681274179422,0.8907732213438735,0.9186520092226612,0.7884057971014493,0.06706748852874311,0.9666666666666667,0.1,0.9933333333333334,0.03590109871423002,9.135010521044129e-07,0.0,5000.0,0.6423667799894853,0.05306493603093008,5000.0,"[7.1677725754833385e-06, 3.817827807994306e-05, 2.083634878118799e-05, 1.5343031443727754e-05, 1.3512762680307222e-05, 1.0205783161214617e-05, 1.5986924562340966e-05, 1.627097730704347e-05, 1.953420310550872e-05, 2.8528513285083814e-05, 1.5663972408084002e-05, 1.4930429728614791e-05, 1.9044934334329462e-05, 8.139063437579211e-05, 3.753053183425573e-05, 1.894025501472265e-05, 1.1434405930797662e-05, 1.3411469383673992e-05, 9.742320094481222e-06, 6.521478571935593e-05, 1.1757574994973184e-05, 1.4279173900057748e-05, 1.5049679131825249e-05, 5.5169343089581125e-05, 1.712146048949495e-05, 1.961086975709772e-05, 7.384996104293691e-05, 1.845488197660265e-05, 1.034248872506375e-05, 1.6406639222898268e-05]","[0.9278656126482213, 0.83399209486166, 0.8517786561264822, 0.9456521739130436, 0.8853754940711462, 0.9249011857707511, 0.9229249011857708, 0.9011857707509882, 0.8586956521739131, 0.9772727272727272, 0.8932806324110673, 0.983201581027668, 0.8211462450592886, 0.8567193675889329, 0.8833992094861661, 0.9051383399209486, 0.9555335968379446, 0.9229249011857708, 0.8893280632411068, 0.8804347826086957, 0.8893280632411068, 0.892292490118577, 0.9071146245059288, 0.892292490118577, 0.9644268774703558, 0.9357707509881423, 0.874505928853755, 0.8794466403162056, 0.9308300395256918, 0.9446640316205533]","[0.8102766798418973, 0.6758893280632412, 0.7075098814229249, 0.8498023715415021, 0.7786561264822134, 0.8260869565217391, 0.8181818181818182, 0.7865612648221344, 0.7075098814229249, 0.9209486166007905, 0.7865612648221344, 0.9288537549407115, 0.6600790513833992, 0.6996047430830039, 0.7391304347826086, 0.7786561264822134, 0.8656126482213439, 0.8102766798418973, 0.7549407114624506, 0.7786561264822134, 0.7707509881422926, 0.7865612648221344, 0.7470355731225297, 0.7549407114624506, 0.8972332015810277, 0.8102766798418973, 0.7154150197628459, 0.7707509881422926, 0.857707509881423, 0.857707509881423]","[1.0, 1.0, 1.0, 1.0, 1.0, 1.0, 1.0, 1.0, 1.0, 1.0, 1.0, 1.0, 1.0, 0.6666666666666666, 0.6666666666666666, 1.0, 1.0, 1.0, 1.0, 1.0, 1.0, 1.0, 0.6666666666666666, 1.0, 1.0, 1.0, 1.0, 1.0, 1.0, 1.0]","[1.0, 1.0, 1.0, 1.0, 1.0, 1.0, 1.0, 1.0, 1.0, 1.0, 1.0, 1.0, 1.0, 0.8, 1.0, 1.0, 1.0, 1.0, 1.0, 1.0, 1.0, 1.0, 1.0, 1.0, 1.0, 1.0, 1.0, 1.0, 1.0, 1.0]"
credit,ridge,5000,3,23,b2_stratified,1.3174698302537969e-05,8.439365325029973e-06,5.728129696755638e-07,3.669289271752162e-07,1.0436149584843033e-05,1.635006022456767e-05,1.0,0.9790184453227933,0.012138965989242616,0.9744062911725956,0.9829710144927536,0.922266139657444,0.02677523245441579,0.9333333333333333,0.13333333333333336,1.0,0.0,4.4633763219658793e-07,0.0,5000.0,0.6418136399937794,0.0173302000205132,5000.0,"[1.5914871677535257e-05, 4.080473565862884e-06, 8.872145354960287e-06, 1.0908743354572129e-05, 9.067336174199617e-06, 1.4981360448863481e-05, 1.849293403001033e-05, 7.962968070004966e-06, 3.761144423912765e-05, 9.984864511925734e-06, 1.0699572831984558e-05, 7.328945920637632e-06, 3.710947421996658e-05, 8.587324974459387e-06, 2.3665946596866634e-05, 9.199192046506921e-06, 9.5741552766051e-06, 2.221636336258838e-06, 1.724903778496703e-05, 2.0936647797434087e-05, 1.8464900848252258e-05, 5.9599859567257675e-06, 1.619408403274917e-05, 7.0493043429632385e-06, 1.6269503029056587e-05, 6.245112725451182e-06, 5.6989279907101514e-06, 2.8193874366013873e-06, 1.4288261157689793e-05, 1.7802406343190395e-05]","[0.9950592885375494, 0.983201581027668, 0.9960474308300397, 0.9901185770750988, 0.9891304347826088, 0.9802371541501977, 0.9496047430830039, 0.983201581027668, 0.9841897233201581, 0.9930830039525691, 0.9861660079051384, 0.9693675889328063, 0.9723320158102767, 0.9466403162055337, 0.9871541501976285, 0.9634387351778656, 0.9673913043478262, 0.9841897233201581, 0.9604743083003953, 0.9762845849802372, 0.9901185770750988, 0.9940711462450593, 0.9772727272727272, 0.9782608695652174, 0.9703557312252965, 0.9802371541501977, 0.9792490118577075, 0.9812252964426879, 0.9841897233201581, 0.9782608695652174]","[0.9683794466403163, 0.9130434782608695, 0.9683794466403163, 0.9446640316205535, 0.9604743083003953, 0.9288537549407115, 0.857707509881423, 0.9209486166007905, 0.9130434782608695, 0.9525691699604742, 0.9288537549407115, 0.8972332015810277, 0.8972332015810277, 0.8814229249011858, 0.9288537549407115, 0.8814229249011858, 0.8972332015810277, 0.9288537549407115, 0.8972332015810277, 0.8972332015810277, 0.9446640316205535, 0.9683794466403163, 0.9288537549407115, 0.9209486166007905, 0.9051383399209486, 0.9209486166007905, 0.9209486166007905, 0.9367588932806324, 0.9367588932806324, 0.9209486166007905]","[1.0, 1.0, 1.0, 0.6666666666666666, 1.0, 1.0, 0.6666666666666666, 1.0, 1.0, 1.0, 1.0, 1.0, 1.0, 0.6666666666666666, 1.0, 1.0, 1.0, 1.0, 1.0, 0.6666666666666666, 1.0, 1.0, 1.0, 1.0, 0.6666666666666666, 1.0, 1.0, 1.0, 0.6666666666666666, 1.0]","[1.0, 1.0, 1.0, 1.0, 1.0, 1.0, 1.0, 1.0, 1.0, 1.0, 1.0, 1.0, 1.0, 1.0, 1.0, 1.0, 1.0, 1.0, 1.0, 1.0, 1.0, 1.0, 1.0, 1.0, 1.0, 1.0, 1.0, 1.0, 1.0, 1.0]"
credit,ridge,5000,3,23,b3_is,5.232322457020557e-06,3.5079252549519556e-06,2.2749228074002422e-07,1.525184893457372e-07,3.996946384436432e-06,6.469913201863126e-06,0.3971493188586037,0.9879117259552042,0.008398951144338767,0.9848147233201582,0.9911396574440055,0.9486166007905138,0.024471904639007523,1.0,0.0,1.0,0.0,1.7667566942468586e-07,0.0,5000.0,0.7518671999995907,0.033271224207156835,5000.0,"[4.845952400352467e-06, 1.7490817317553169e-06, 1.298962187112778e-06, 4.819660735927543e-06, 1.0746463491241845e-05, 8.841110370268679e-06, 2.768969460559988e-06, 1.2448081403922831e-05, 3.5278503196984367e-06, 1.884733360170192e-06, 4.662730537286288e-06, 1.409890175616928e-06, 4.33822005360915e-06, 2.104199186960827e-06, 4.3914558396426556e-06, 1.2346754227149767e-05, 3.2246594419498157e-06, 1.0523295019849486e-05, 2.736133490671784e-06, 8.104225361869447e-06, 2.354121847144966e-06, 7.455729036252393e-06, 4.9268771232774705e-06, 5.392442810224593e-06, 1.5610586707248192e-06, 5.685909076443411e-06, 1.219950777402924e-05, 7.00986958283913e-06, 1.7455372714430637e-06, 1.8661917226214184e-06]","[0.9762845849802372, 0.9772727272727272, 0.9970355731225298, 0.9980237154150198, 0.9940711462450593, 0.9930830039525691, 0.991106719367589, 0.9891304347826088, 0.9990118577075099, 0.9871541501976285, 0.9762845849802372, 0.9871541501976285, 0.9970355731225298, 0.9940711462450593, 0.9772727272727272, 0.9960474308300397, 0.9752964426877472, 0.9841897233201581, 0.9960474308300397, 0.974308300395257, 0.9960474308300397, 0.9960474308300397, 0.9891304347826088, 0.9822134387351777, 0.9891304347826088, 0.9762845849802372, 0.9901185770750988, 0.9901185770750988, 0.9723320158102767, 0.9960474308300397]","[0.9288537549407115, 0.9130434782608695, 0.9762845849802372, 0.9841897233201582, 0.9604743083003953, 0.9604743083003953, 0.9446640316205535, 0.9446640316205535, 0.992094861660079, 0.9525691699604742, 0.9367588932806324, 0.9288537549407115, 0.9762845849802372, 0.9683794466403163, 0.9446640316205535, 0.9762845849802372, 0.9288537549407115, 0.9288537549407115, 0.9762845849802372, 0.8972332015810277, 0.9683794466403163, 0.9683794466403163, 0.9446640316205535, 0.9288537549407115, 0.9446640316205535, 0.9051383399209486, 0.9525691699604742, 0.9525691699604742, 0.9051383399209486, 0.9683794466403163]","[1.0, 1.0, 1.0, 1.0, 1.0, 1.0, 1.0, 1.0, 1.0, 1.0, 1.0, 1.0, 1.0, 1.0, 1.0, 1.0, 1.0, 1.0, 1.0, 1.0, 1.0, 1.0, 1.0, 1.0, 1.0, 1.0, 1.0, 1.0, 1.0, 1.0]","[1.0, 1.0, 1.0, 1.0, 1.0, 1.0, 1.0, 1.0, 1.0, 1.0, 1.0, 1.0, 1.0, 1.0, 1.0, 1.0, 1.0, 1.0, 1.0, 1.0, 1.0, 1.0, 1.0, 1.0, 1.0, 1.0, 1.0, 1.0, 1.0, 1.0]"
credit,ridge,5000,3,23,b4_antithetic,3.713051497668152e-06,3.8833425276441743e-07,1.6143702163774573e-07,1.688409794627902e-08,3.5710200479490926e-06,3.8535840122995454e-06,0.28183199435791795,0.986034255599473,0.004798570184841706,0.9843214756258235,0.9877140974967061,0.9391304347826087,0.01459777495068725,1.0,0.0,1.0,0.0,1.2616526535925903e-08,0.0,5000.0,0.6147423166684651,0.030644589746263672,5000.0,"[4.07571436823869e-06, 3.662626829605721e-06, 3.755767374240221e-06, 3.4093821292423744e-06, 3.424090571288292e-06, 3.606417066019129e-06, 3.309129215911904e-06, 3.4956552306020535e-06, 3.94927878870752e-06, 3.5401557584137153e-06, 3.510880851992063e-06, 3.532681951268875e-06, 3.537403602991666e-06, 3.7219653769857247e-06, 4.3902435277596e-06, 3.888642311520383e-06, 2.556930497324103e-06, 3.789088849748939e-06, 4.1239572391534055e-06, 4.644443957363857e-06, 3.842868107456032e-06, 4.088543622816786e-06, 3.7768576252250953e-06, 3.448720469855437e-06, 3.7045347900758192e-06, 3.2993160138832253e-06, 3.253711931577487e-06, 4.027385570737376e-06, 4.154455288251156e-06, 3.87069601178792e-06]","[0.9861660079051384, 0.991106719367589, 0.9792490118577075, 0.9861660079051384, 0.991106719367589, 0.9881422924901186, 0.9891304347826088, 0.9861660079051384, 0.974308300395257, 0.9891304347826088, 0.9812252964426879, 0.9861660079051384, 0.9792490118577075, 0.9841897233201581, 0.9901185770750988, 0.9930830039525691, 0.9871541501976285, 0.9782608695652174, 0.9901185770750988, 0.9782608695652174, 0.9901185770750988, 0.9891304347826088, 0.9841897233201581, 0.991106719367589, 0.991106719367589, 0.9901185770750988, 0.9891304347826088, 0.9851778656126482, 0.9812252964426879, 0.9812252964426879]","[0.9288537549407115, 0.9525691699604742, 0.9209486166007905, 0.9367588932806324, 0.9525691699604742, 0.9446640316205535, 0.9525691699604742, 0.9288537549407115, 0.9130434782608695, 0.9604743083003953, 0.9367588932806324, 0.9446640316205535, 0.9209486166007905, 0.9288537549407115, 0.9446640316205535, 0.9604743083003953, 0.9367588932806324, 0.9051383399209486, 0.9525691699604742, 0.9209486166007905, 0.9525691699604742, 0.9525691699604742, 0.9288537549407115, 0.9604743083003953, 0.9446640316205535, 0.9446640316205535, 0.9525691699604742, 0.9367588932806324, 0.9209486166007905, 0.9367588932806324]","[1.0, 1.0, 1.0, 1.0, 1.0, 1.0, 1.0, 1.0, 1.0, 1.0, 1.0, 1.0, 1.0, 1.0, 1.0, 1.0, 1.0, 1.0, 1.0, 1.0, 1.0, 1.0, 1.0, 1.0, 1.0, 1.0, 1.0, 1.0, 1.0, 1.0]","[1.0, 1.0, 1.0, 1.0, 1.0, 1.0, 1.0, 1.0, 1.0, 1.0, 1.0, 1.0, 1.0, 1.0, 1.0, 1.0, 1.0, 1.0, 1.0, 1.0, 1.0, 1.0, 1.0, 1.0, 1.0, 1.0, 1.0, 1.0, 1.0, 1.0]"
credit,ridge,5000,4,23,abc_shap,5.7558047888154766e-05,4.24291818822648e-05,2.5025238212241203e-06,1.8447470383593392e-06,4.2389563819993986e-05,7.344781215850817e-05,6.88891918816256,0.9868247694334651,0.005908690644661728,0.9845849802371541,0.9888348155467721,0.9349143610013176,0.019543801465916902,0.9777777777777777,0.08314794192830981,0.9933333333333334,0.03590109871423002,2.4553329499135763e-06,2484.0,2516.0,0.8054293433378916,0.10922672052991754,2484.0,"[6.8798370875382235e-06, 9.055397927931602e-05, 1.5815178842469893e-05, 0.00012398573676442214, 5.060739091697824e-05, 0.00013451844269245098, 1.9732246907531482e-05, 1.377649758717454e-05, 5.223528207576103e-05, 9.041992605936865e-05, 8.982264662635386e-06, 0.00010829339498053582, 2.2493195867723045e-05, 6.299491463137858e-05, 3.742911286096232e-05, 0.00011905501584545627, 1.2981268853816061e-05, 1.7356805041444479e-06, 0.00014783304337337398, 0.00011982227450887707, 3.104383059714083e-05, 1.2723826009896697e-05, 3.6345731719979826e-05, 2.376990106870051e-05, 8.312399869271237e-05, 4.761823838048628e-05, 6.658010216370167e-05, 6.561293532751994e-05, 8.273789021884606e-05, 3.704029816374471e-05]","[0.983201581027668, 0.9920948616600791, 0.9881422924901186, 0.9861660079051384, 0.9841897233201581, 0.9881422924901186, 0.9881422924901186, 0.9891304347826088, 0.9881422924901186, 0.9782608695652174, 0.9960474308300397, 0.9871541501976285, 0.9891304347826088, 0.9762845849802372, 0.9861660079051384, 0.9901185770750988, 0.9693675889328063, 0.9950592885375494, 0.9891304347826088, 0.9920948616600791, 0.9851778656126482, 0.9930830039525691, 0.9792490118577075, 0.9960474308300397, 0.9891304347826088, 0.9871541501976285, 0.9891304347826088, 0.9822134387351777, 0.9891304347826088, 0.9782608695652174]","[0.9367588932806324, 0.9525691699604742, 0.9288537549407115, 0.9446640316205535, 0.9367588932806324, 0.9288537549407115, 0.9367588932806324, 0.9446640316205535, 0.9209486166007905, 0.9209486166007905, 0.9762845849802372, 0.9209486166007905, 0.9446640316205535, 0.9051383399209486, 0.9367588932806324, 0.9367588932806324, 0.8893280632411068, 0.9683794466403163, 0.9288537549407115, 0.9525691699604742, 0.9288537549407115, 0.9525691699604742, 0.9051383399209486, 0.9762845849802372, 0.9288537549407115, 0.9367588932806324, 0.9367588932806324, 0.9130434782608695, 0.9446640316205535, 0.9130434782608695]","[1.0, 1.0, 0.6666666666666666, 1.0, 1.0, 0.6666666666666666, 1.0, 1.0, 1.0, 1.0, 1.0, 1.0, 1.0, 1.0, 1.0, 1.0, 1.0, 1.0, 1.0, 1.0, 1.0, 1.0, 1.0, 1.0, 1.0, 1.0, 1.0, 1.0, 1.0, 1.0]","[1.0, 1.0, 1.0, 1.0, 1.0, 1.0, 0.8, 1.0, 1.0, 1.0, 1.0, 1.0, 1.0, 1.0, 1.0, 1.0, 1.0, 1.0, 1.0, 1.0, 1.0, 1.0, 1.0, 1.0, 1.0, 1.0, 1.0, 1.0, 1.0, 1.0]"
credit,ridge,5000,4,23,b1_uniform,1.4156221372340394e-05,1.0934307137340623e-05,6.154878857539301e-07,4.754046581452445e-07,1.069418311288431e-05,1.824616218154965e-05,1.6943080702336006,0.9694005270092227,0.01677803020083053,0.963008069828722,0.9747702569169963,0.8888010540184454,0.03994159751567097,0.9555555555555556,0.11331154474650636,1.0,0.0,5.884959210232222e-07,0.0,5000.0,0.6560920333392762,0.06773444664429722,5000.0,"[1.427205000613811e-05, 1.3255257879746404e-05, 8.351184640585938e-06, 1.2266548211627744e-05, 5.683829083005317e-06, 1.2812796477943512e-05, 4.1794826461934405e-05, 5.581066728278919e-06, 6.5062113563786565e-06, 1.5284618143857428e-05, 2.025559858396814e-05, 1.7045452110612088e-05, 7.726573157024524e-06, 3.820372629029074e-06, 3.303154730984001e-06, 8.271770200435055e-06, 9.422774604062185e-06, 1.7454090527284205e-05, 1.1136313107252407e-05, 1.0806384489173704e-05, 3.2921004994990193e-06, 1.711899729862939e-05, 1.053524947284947e-05, 7.8356880347892e-06, 1.1566906459774286e-05, 8.99946982199596e-06, 4.8845855955620426e-05, 3.824046647737723e-05, 2.5808554218802362e-05, 7.392479801552645e-06]","[0.9752964426877472, 0.9723320158102767, 0.9683794466403162, 0.9822134387351777, 0.9940711462450593, 0.9782608695652174, 0.9397233201581027, 0.9762845849802372, 0.9891304347826088, 0.9792490118577075, 0.9614624505928853, 0.9575098814229249, 0.9752964426877472, 0.9733201581027668, 0.9713438735177865, 0.9802371541501977, 0.9703557312252965, 0.9436758893280633, 0.9733201581027668, 0.9644268774703558, 0.9752964426877472, 0.9347826086956521, 0.9812252964426879, 0.9762845849802372, 0.9624505928853755, 0.9792490118577075, 0.9654150197628459, 0.983201581027668, 0.9140316205533597, 0.9841897233201581]","[0.8972332015810277, 0.8735177865612648, 0.8814229249011858, 0.9288537549407115, 0.9604743083003953, 0.9051383399209486, 0.857707509881423, 0.9130434782608695, 0.9367588932806324, 0.9051383399209486, 0.8656126482213439, 0.857707509881423, 0.9130434782608695, 0.8972332015810277, 0.9051383399209486, 0.9130434782608695, 0.8972332015810277, 0.841897233201581, 0.8972332015810277, 0.8656126482213439, 0.8893280632411068, 0.8102766798418973, 0.9209486166007905, 0.8972332015810277, 0.8656126482213439, 0.9051383399209486, 0.8735177865612648, 0.9209486166007905, 0.7470355731225297, 0.9209486166007905]","[1.0, 0.6666666666666666, 1.0, 1.0, 1.0, 1.0, 1.0, 1.0, 1.0, 1.0, 1.0, 1.0, 1.0, 1.0, 1.0, 1.0, 1.0, 1.0, 1.0, 0.6666666666666666, 1.0, 1.0, 1.0, 1.0, 1.0, 1.0, 0.6666666666666666, 1.0, 0.6666666666666666, 1.0]","[1.0, 1.0, 1.0, 1.0, 1.0, 1.0, 1.0, 1.0, 1.0, 1.0, 1.0, 1.0, 1.0, 1.0, 1.0, 1.0, 1.0, 1.0, 1.0, 1.0, 1.0, 1.0, 1.0, 1.0, 1.0, 1.0, 1.0, 1.0, 1.0, 1.0]"
credit,ridge,5000,4,23,b2_stratified,8.355163751529923e-06,5.794713207775647e-06,3.6326798919695317e-07,2.519440525119846e-07,6.442718277606046e-06,1.0687444177301715e-05,1.0,0.9942028985507249,0.003712517207801152,0.9928194993412388,0.9953557312252966,0.9660079051383401,0.015294621197292699,0.9666666666666668,0.1,0.9933333333333334,0.03590109871423002,3.483048420880257e-07,0.0,5000.0,0.6631774233304896,0.04783769569293374,5000.0,"[3.0909379080954998e-06, 6.8295362795313e-06, 2.251642104137432e-06, 1.4444723561968617e-05, 1.5806572255637446e-05, 5.1540072276549955e-06, 1.2982477313918196e-05, 8.308362671473622e-06, 2.194238259342003e-06, 5.921794704481559e-06, 7.209561244984875e-06, 9.191848990304335e-06, 2.7891397645405855e-05, 5.018958679978413e-06, 4.336653554454149e-06, 5.243017581948096e-06, 9.871206911067087e-06, 4.838858444196637e-06, 3.7293926983742334e-06, 2.989244351417533e-06, 1.9387065863192547e-05, 4.9790074552131894e-06, 3.1600175357800627e-06, 1.6857965244116733e-05, 1.0010988411272236e-05, 8.741936682595851e-06, 1.2953231950500381e-05, 3.6311742360083757e-06, 5.601593479668057e-06, 8.02749929917835e-06]","[0.9990118577075099, 0.9950592885375494, 0.9960474308300397, 0.9920948616600791, 0.9950592885375494, 0.9940711462450593, 0.9950592885375494, 0.9871541501976285, 0.9960474308300397, 0.9930830039525691, 0.9812252964426879, 0.9920948616600791, 0.9871541501976285, 0.9990118577075099, 0.991106719367589, 0.9960474308300397, 0.9950592885375494, 0.9980237154150198, 0.9960474308300397, 0.9930830039525691, 0.9960474308300397, 0.9960474308300397, 0.9950592885375494, 0.9940711462450593, 0.9970355731225298, 0.9970355731225298, 0.9920948616600791, 0.9930830039525691, 0.9960474308300397, 0.9980237154150198]","[0.992094861660079, 0.9683794466403163, 0.9762845849802372, 0.9604743083003953, 0.9683794466403163, 0.9604743083003953, 0.9683794466403163, 0.9288537549407115, 0.9762845849802372, 0.9525691699604742, 0.9367588932806324, 0.9525691699604742, 0.9367588932806324, 0.992094861660079, 0.9446640316205535, 0.9762845849802372, 0.9683794466403163, 0.9841897233201582, 0.9762845849802372, 0.9604743083003953, 0.9683794466403163, 0.9762845849802372, 0.9683794466403163, 0.9604743083003953, 0.9762845849802372, 0.9762845849802372, 0.9525691699604742, 0.9683794466403163, 0.9683794466403163, 0.9841897233201582]","[1.0, 1.0, 1.0, 1.0, 1.0, 1.0, 1.0, 1.0, 1.0, 1.0, 1.0, 1.0, 1.0, 1.0, 1.0, 1.0, 1.0, 1.0, 1.0, 1.0, 1.0, 1.0, 1.0, 1.0, 0.6666666666666666, 1.0, 0.6666666666666666, 1.0, 1.0, 0.6666666666666666]","[1.0, 1.0, 1.0, 1.0, 1.0, 1.0, 1.0, 1.0, 1.0, 0.8, 1.0, 1.0, 1.0, 1.0, 1.0, 1.0, 1.0, 1.0, 1.0, 1.0, 1.0, 1.0, 1.0, 1.0, 1.0, 1.0, 1.0, 1.0, 1.0, 1.0]"
credit,ridge,5000,4,23,b3_is,2.877942129894315e-06,1.944314120252157e-06,1.2512791869105718e-07,8.453539653270249e-08,2.2308333964774986e-06,3.575631631182884e-06,0.34445071520798526,0.9956192358366273,0.002482622158921119,0.9946969696969697,0.9964756258234522,0.9712779973649539,0.013459386338995651,1.0,0.0,1.0,0.0,1.1302456178980465e-07,0.0,5000.0,0.7897339699983907,0.08111274814944443,5000.0,"[1.0935928946909845e-06, 1.5275416069072902e-06, 1.9092593298801463e-06, 7.564713865317311e-06, 4.442008710399729e-06, 4.7648352630849475e-06, 2.8612839966751937e-06, 1.6138141862605491e-06, 1.3176158020760968e-06, 5.819849407030705e-06, 3.7855912185263657e-06, 1.59916178709701e-06, 5.177417334809862e-07, 1.5639532110351057e-06, 3.0307928212977418e-06, 1.0106449666469373e-06, 2.6952609829982118e-06, 3.1107773501072654e-06, 2.546051473516574e-06, 5.170032629819569e-07, 1.752507558589089e-06, 4.446877979724759e-06, 4.885285883231988e-06, 3.526761961829321e-06, 4.353871240892173e-06, 1.4471180491964134e-06, 8.183153587500032e-07, 8.139368416848552e-06, 2.6371053081777074e-06, 1.0395582695783356e-06]","[0.9980237154150198, 0.9970355731225298, 0.9960474308300397, 0.9940711462450593, 0.9960474308300397, 0.9891304347826088, 0.9960474308300397, 0.9940711462450593, 0.9970355731225298, 0.9901185770750988, 0.9940711462450593, 0.9920948616600791, 0.9960474308300397, 0.9950592885375494, 0.9950592885375494, 0.9940711462450593, 0.9990118577075099, 0.9990118577075099, 0.9950592885375494, 0.9990118577075099, 0.9980237154150198, 0.9940711462450593, 0.9940711462450593, 0.9960474308300397, 0.9960474308300397, 0.9960474308300397, 0.9990118577075099, 0.9950592885375494, 0.9940711462450593, 1.0]","[0.9841897233201582, 0.9762845849802372, 0.9683794466403163, 0.9604743083003953, 0.9762845849802372, 0.9446640316205535, 0.9762845849802372, 0.9604743083003953, 0.9762845849802372, 0.9525691699604742, 0.9604743083003953, 0.9525691699604742, 0.9683794466403163, 0.9683794466403163, 0.9604743083003953, 0.9604743083003953, 0.992094861660079, 0.992094861660079, 0.9683794466403163, 0.992094861660079, 0.9841897233201582, 0.9604743083003953, 0.9604743083003953, 0.9762845849802372, 0.9762845849802372, 0.9683794466403163, 0.992094861660079, 0.9683794466403163, 0.9604743083003953, 1.0]","[1.0, 1.0, 1.0, 1.0, 1.0, 1.0, 1.0, 1.0, 1.0, 1.0, 1.0, 1.0, 1.0, 1.0, 1.0, 1.0, 1.0, 1.0, 1.0, 1.0, 1.0, 1.0, 1.0, 1.0, 1.0, 1.0, 1.0, 1.0, 1.0, 1.0]","[1.0, 1.0, 1.0, 1.0, 1.0, 1.0, 1.0, 1.0, 1.0, 1.0, 1.0, 1.0, 1.0, 1.0, 1.0, 1.0, 1.0, 1.0, 1.0, 1.0, 1.0, 1.0, 1.0, 1.0, 1.0, 1.0, 1.0, 1.0, 1.0, 1.0]"
credit,ridge,5000,4,23,b4_antithetic,2.9239314625801075e-07,6.362083404529603e-08,1.2712745489478728e-08,2.766123219360697e-09,2.7124875875698015e-07,3.1535666537940253e-07,0.03499550157882547,0.9983530961791833,0.0008589199479845053,0.9980237154150199,0.9986495388669304,0.9868247694334651,0.0068713595838762725,1.0,0.0,1.0,0.0,3.3918464442313207e-09,0.0,5000.0,0.6525631400038644,0.11084509290508877,5000.0,"[3.242798162066237e-07, 2.2851186816908342e-07, 2.656574419650879e-07, 2.636518056025345e-07, 3.033451496440552e-07, 3.4260235456451943e-07, 3.2355521283369886e-07, 2.2339365616973007e-07, 2.874505933752412e-07, 2.017843922113952e-07, 2.2410363844860486e-07, 2.2611026165500759e-07, 2.492661488690343e-07, 3.1300288108945264e-07, 2.751258707085136e-07, 4.3085415852232696e-07, 3.011202264689818e-07, 4.425581721798282e-07, 3.1984484051467465e-07, 3.6799374560047175e-07, 2.795795049683201e-07, 1.8851295898386122e-07, 3.0890711962791697e-07, 3.2654363425688e-07, 2.4658743756989325e-07, 3.4175719802064046e-07, 3.12077102512978e-07, 3.357899367441387e-07, 1.6716686689898624e-07, 3.506603933578412e-07]","[0.9980237154150198, 1.0, 1.0, 0.9970355731225298, 0.9970355731225298, 1.0, 0.9980237154150198, 0.9990118577075099, 0.9990118577075099, 0.9990118577075099, 0.9990118577075099, 0.9990118577075099, 0.9990118577075099, 0.9990118577075099, 0.9980237154150198, 0.9980237154150198, 0.9980237154150198, 0.9970355731225298, 0.9980237154150198, 0.9980237154150198, 0.9970355731225298, 0.9980237154150198, 0.9980237154150198, 0.9990118577075099, 0.9980237154150198, 0.9980237154150198, 0.9990118577075099, 0.9970355731225298, 0.9980237154150198, 0.9980237154150198]","[0.9841897233201582, 1.0, 1.0, 0.9762845849802372, 0.9762845849802372, 1.0, 0.9841897233201582, 0.992094861660079, 0.992094861660079, 0.992094861660079, 0.992094861660079, 0.992094861660079, 0.992094861660079, 0.992094861660079, 0.9841897233201582, 0.9841897233201582, 0.9841897233201582, 0.9762845849802372, 0.9841897233201582, 0.9841897233201582, 0.9762845849802372, 0.9841897233201582, 0.9841897233201582, 0.992094861660079, 0.9841897233201582, 0.9841897233201582, 0.992094861660079, 0.9762845849802372, 0.9841897233201582, 0.9841897233201582]","[1.0, 1.0, 1.0, 1.0, 1.0, 1.0, 1.0, 1.0, 1.0, 1.0, 1.0, 1.0, 1.0, 1.0, 1.0, 1.0, 1.0, 1.0, 1.0, 1.0, 1.0, 1.0, 1.0, 1.0, 1.0, 1.0, 1.0, 1.0, 1.0, 1.0]","[1.0, 1.0, 1.0, 1.0, 1.0, 1.0, 1.0, 1.0, 1.0, 1.0, 1.0, 1.0, 1.0, 1.0, 1.0, 1.0, 1.0, 1.0, 1.0, 1.0, 1.0, 1.0, 1.0, 1.0, 1.0, 1.0, 1.0, 1.0, 1.0, 1.0]"
credit,ridge,5000,5,23,abc_shap,2.8586978786773156e-05,2.1980851540957688e-05,1.2429121211640502e-06,9.55689197432943e-07,2.126125388807272e-05,3.647021172337492e-05,5.771318263316968,0.9620553359683793,0.034100311853699106,0.9487442358366273,0.9729586627140977,0.8835309617918312,0.06651390894503217,0.9444444444444444,0.12422599874998834,1.0,0.0,1.1367361208546785e-06,2484.0,2516.0,0.7559678533269714,0.05421082104791432,2484.0,"[6.676386353382627e-05, 1.1180032066482067e-05, 7.3584086991612395e-06, 6.169850516107277e-05, 1.4127411110462596e-05, 1.4500032200571524e-05, 7.39259505295827e-05, 2.1892739937712305e-05, 2.4705702960403616e-05, 8.720879624856706e-05, 2.2445498566242367e-05, 2.4386488266539942e-05, 4.179055741103254e-05, 1.0255469427742396e-05, 5.757596243220584e-06, 1.930737788672737e-05, 1.8389339511820116e-05, 1.9693910494040568e-05, 9.571288411201524e-06, 2.8165764364469338e-05, 1.6597943545959362e-05, 4.5414299469459446e-05, 1.4207916704968998e-05, 2.0715853712578282e-05, 1.5741621243783197e-05, 8.016548038142314e-06, 1.1384991506811192e-05, 2.3600545638785115e-05, 5.7656482913266306e-05, 6.11484277985616e-05]","[0.91600790513834, 0.9851778656126482, 0.9812252964426879, 0.8685770750988143, 0.9871541501976285, 0.9891304347826088, 0.884387351778656, 0.9901185770750988, 0.9792490118577075, 0.8962450592885376, 0.9970355731225298, 0.974308300395257, 0.9614624505928853, 0.9812252964426879, 0.9950592885375494, 0.9782608695652174, 0.974308300395257, 0.991106719367589, 0.9950592885375494, 0.9565217391304348, 0.9644268774703558, 0.9071146245059288, 0.9713438735177865, 0.9644268774703558, 0.9683794466403162, 0.9752964426877472, 0.9782608695652174, 0.9772727272727272, 0.9357707509881423, 0.9377470355731227]","[0.7865612648221344, 0.9209486166007905, 0.9209486166007905, 0.7154150197628459, 0.9367588932806324, 0.9446640316205535, 0.7549407114624506, 0.9446640316205535, 0.8972332015810277, 0.7549407114624506, 0.9762845849802372, 0.9051383399209486, 0.8735177865612648, 0.9209486166007905, 0.9683794466403163, 0.8893280632411068, 0.8972332015810277, 0.9525691699604742, 0.9604743083003953, 0.8498023715415021, 0.8972332015810277, 0.7865612648221344, 0.8972332015810277, 0.8814229249011858, 0.8893280632411068, 0.9051383399209486, 0.9209486166007905, 0.9051383399209486, 0.8181818181818182, 0.83399209486166]","[1.0, 1.0, 1.0, 1.0, 0.6666666666666666, 1.0, 1.0, 1.0, 1.0, 1.0, 1.0, 0.6666666666666666, 1.0, 1.0, 1.0, 1.0, 0.6666666666666666, 0.6666666666666666, 1.0, 1.0, 1.0, 1.0, 1.0, 1.0, 1.0, 1.0, 1.0, 1.0, 1.0, 0.6666666666666666]","[1.0, 1.0, 1.0, 1.0, 1.0, 1.0, 1.0, 1.0, 1.0, 1.0, 1.0, 1.0, 1.0, 1.0, 1.0, 1.0, 1.0, 1.0, 1.0, 1.0, 1.0, 1.0, 1.0, 1.0, 1.0, 1.0, 1.0, 1.0, 1.0, 1.0]"
credit,ridge,5000,5,23,b1_uniform,1.6172211493244064e-05,5.5115933185761615e-06,7.031396301410463e-07,2.39634492112007e-07,1.4149631664303597e-05,1.8187610413681915e-05,3.2649473120387595,0.9559288537549407,0.02839552577552291,0.9441370223978919,0.965349143610013,0.8703557312252965,0.04692750064713306,0.9666666666666667,0.10000000000000002,0.9933333333333334,0.03590109871423002,6.549314678804291e-07,0.0,5000.0,0.6237030166647552,0.02940540282482686,5000.0,"[1.8182404030311425e-05, 1.7231169708001095e-05, 9.001306392926829e-06, 1.274630515033228e-05, 1.3083901906672549e-05, 2.6713342028191806e-05, 1.0413339364930006e-05, 1.873488186448544e-05, 6.114520406812323e-06, 2.608210663119551e-05, 1.6031530439644153e-05, 2.5239904944775772e-05, 1.5975322523792004e-05, 1.0190227014062487e-05, 9.680122621611302e-06, 2.013320233334809e-05, 2.248398186947179e-05, 9.658630223551444e-06, 1.1551976917957169e-05, 7.1305896397605545e-06, 1.7624921160296546e-05, 2.048723881138447e-05, 1.6991531913914455e-05, 1.8256212463068978e-05, 1.6304951226600995e-05, 1.6039505835959985e-05, 2.2272266035873902e-05, 1.741419800671987e-05, 2.2032666441293998e-05, 1.1364086890374754e-05]","[0.8913043478260869, 0.9387351778656127, 0.9772727272727272, 0.9515810276679842, 0.9654150197628459, 0.9733201581027668, 0.9772727272727272, 0.9841897233201581, 0.9752964426877472, 0.9397233201581027, 0.9486166007905139, 0.9545454545454547, 0.9476284584980237, 0.9733201581027668, 0.9713438735177865, 0.9733201581027668, 0.8547430830039526, 0.9861660079051384, 0.9664031620553359, 0.9871541501976285, 0.9624505928853755, 0.9466403162055337, 0.9239130434782609, 0.9476284584980237, 0.983201581027668, 0.9683794466403162, 0.9614624505928853, 0.9733201581027668, 0.9199604743083004, 0.9535573122529646]","[0.7786561264822134, 0.8498023715415021, 0.9209486166007905, 0.8656126482213439, 0.8814229249011858, 0.8893280632411068, 0.9051383399209486, 0.9288537549407115, 0.8893280632411068, 0.841897233201581, 0.857707509881423, 0.8814229249011858, 0.8498023715415021, 0.8893280632411068, 0.8972332015810277, 0.8893280632411068, 0.7154150197628459, 0.9209486166007905, 0.9051383399209486, 0.9446640316205535, 0.8814229249011858, 0.8498023715415021, 0.8102766798418973, 0.841897233201581, 0.9209486166007905, 0.8735177865612648, 0.8656126482213439, 0.8972332015810277, 0.8023715415019763, 0.8656126482213439]","[1.0, 1.0, 1.0, 1.0, 1.0, 0.6666666666666666, 1.0, 0.6666666666666666, 1.0, 1.0, 1.0, 1.0, 1.0, 1.0, 1.0, 1.0, 1.0, 1.0, 1.0, 1.0, 1.0, 1.0, 1.0, 1.0, 1.0, 1.0, 1.0, 1.0, 0.6666666666666666, 1.0]","[1.0, 1.0, 1.0, 1.0, 1.0, 1.0, 1.0, 1.0, 1.0, 0.8, 1.0, 1.0, 1.0, 1.0, 1.0, 1.0, 1.0, 1.0, 1.0, 1.0, 1.0, 1.0, 1.0, 1.0, 1.0, 1.0, 1.0, 1.0, 1.0, 1.0]"
credit,ridge,5000,5,23,b2_stratified,4.953284064833962e-06,2.5372561838756845e-06,2.153601767319114e-07,1.1031548625546455e-07,4.117887456023934e-06,5.870604389753404e-06,1.0,0.9923913043478262,0.004767381217964415,0.9907106389986824,0.993939393939394,0.9615283267457181,0.01776263456796072,1.0,0.0,1.0,0.0,2.0413062129366309e-07,0.0,5000.0,0.6383986266640326,0.040930557843884344,5000.0,"[4.025875133923399e-06, 6.514283527425178e-06, 9.356067481198589e-06, 3.240430495702996e-06, 5.854681147573569e-06, 4.5663587596151924e-06, 1.2558462243276757e-05, 7.732360757680573e-06, 9.335430874362963e-06, 2.7888360044145176e-06, 1.3210948329109814e-06, 3.2350790542480716e-06, 6.4110061744212835e-06, 6.015619678658427e-06, 2.192092045620934e-06, 6.019476993314724e-06, 1.893034774517253e-06, 4.868796149781224e-06, 2.1489144342792582e-06, 6.1229134029996475e-06, 1.9461708691786013e-06, 3.2548570111433493e-06, 6.625604662821618e-06, 6.666022191766522e-06, 3.1915987605971432e-06, 5.161361795363658e-06, 2.2452424046597584e-06, 3.67259179408852e-06, 4.305630700296691e-06, 5.328627789177473e-06]","[0.9881422924901186, 0.991106719367589, 0.9950592885375494, 0.9960474308300397, 0.9970355731225298, 0.9851778656126482, 0.991106719367589, 0.9851778656126482, 0.9970355731225298, 0.9930830039525691, 0.9891304347826088, 0.9980237154150198, 0.9920948616600791, 0.9950592885375494, 0.9901185770750988, 0.983201581027668, 0.9950592885375494, 0.9851778656126482, 0.9960474308300397, 0.983201581027668, 0.9891304347826088, 0.9970355731225298, 0.9970355731225298, 0.9970355731225298, 0.9970355731225298, 0.9861660079051384, 0.9970355731225298, 0.9950592885375494, 0.9980237154150198, 0.9920948616600791]","[0.9604743083003953, 0.9525691699604742, 0.9683794466403163, 0.9762845849802372, 0.9762845849802372, 0.9367588932806324, 0.9525691699604742, 0.9367588932806324, 0.9762845849802372, 0.9683794466403163, 0.9604743083003953, 0.9841897233201582, 0.9604743083003953, 0.9683794466403163, 0.9525691699604742, 0.9209486166007905, 0.9683794466403163, 0.9367588932806324, 0.9762845849802372, 0.9209486166007905, 0.9604743083003953, 0.9841897233201582, 0.9762845849802372, 0.9762845849802372, 0.9762845849802372, 0.9367588932806324, 0.9762845849802372, 0.9604743083003953, 0.9841897233201582, 0.9604743083003953]","[1.0, 1.0, 1.0, 1.0, 1.0, 1.0, 1.0, 1.0, 1.0, 1.0, 1.0, 1.0, 1.0, 1.0, 1.0, 1.0, 1.0, 1.0, 1.0, 1.0, 1.0, 1.0, 1.0, 1.0, 1.0, 1.0, 1.0, 1.0, 1.0, 1.0]","[1.0, 1.0, 1.0, 1.0, 1.0, 1.0, 1.0, 1.0, 1.0, 1.0, 1.0, 1.0, 1.0, 1.0, 1.0, 1.0, 1.0, 1.0, 1.0, 1.0, 1.0, 1.0, 1.0, 1.0, 1.0, 1.0, 1.0, 1.0, 1.0, 1.0]"
credit,ridge,5000,5,23,b3_is,2.507806926396791e-06,1.1817453206219817e-06,1.0903508375638223e-07,5.138023133139051e-08,2.0999300602073738e-06,2.9363137269844846e-06,0.5062917639230641,0.9941040843214756,0.004333454308222109,0.9923904808959157,0.9956521739130435,0.9689064558629777,0.016946440253821908,1.0,0.0,1.0,0.0,9.240945641605686e-08,0.0,5000.0,0.7567342266634417,0.08013580496782706,5000.0,"[2.6964714493018567e-06, 4.128640998187914e-06, 1.665319608118152e-06, 2.1078957261671405e-06, 2.471692510187394e-06, 2.717728369305134e-06, 1.3700033037035206e-06, 2.374161100647459e-06, 4.645745044084664e-06, 1.767800937305486e-06, 1.6625801197502325e-06, 2.963585790971891e-06, 1.943607763368183e-06, 1.882158582871267e-06, 2.4199795957942216e-06, 1.523732517857502e-06, 2.1789535473010914e-06, 2.0555050150231915e-06, 1.5133406584626535e-06, 1.7060064222648366e-06, 1.368076605944817e-06, 6.275537503088111e-06, 3.096614459851586e-06, 1.872743687739553e-06, 4.82427652900289e-06, 1.2987082110824e-06, 2.1115408475036463e-06, 2.1048354967977866e-06, 2.0476844677963435e-06, 4.439280922422823e-06]","[0.9940711462450593, 0.9960474308300397, 0.9980237154150198, 1.0, 0.9881422924901186, 0.9920948616600791, 0.9990118577075099, 0.9881422924901186, 0.9960474308300397, 0.9930830039525691, 0.9980237154150198, 0.9851778656126482, 0.9980237154150198, 0.9980237154150198, 0.9960474308300397, 0.9950592885375494, 0.9950592885375494, 0.9970355731225298, 0.9930830039525691, 0.9970355731225298, 0.9970355731225298, 0.9930830039525691, 0.9901185770750988, 0.9990118577075099, 0.9980237154150198, 0.9881422924901186, 0.9891304347826088, 0.9980237154150198, 0.9881422924901186, 0.9851778656126482]","[0.9604743083003953, 0.9683794466403163, 0.9841897233201582, 1.0, 0.9525691699604742, 0.9604743083003953, 0.992094861660079, 0.9446640316205535, 0.9762845849802372, 0.9525691699604742, 0.9841897233201582, 0.9367588932806324, 0.9841897233201582, 0.9841897233201582, 0.9683794466403163, 0.9683794466403163, 0.9683794466403163, 0.9762845849802372, 0.9683794466403163, 0.9841897233201582, 0.9841897233201582, 0.9604743083003953, 0.9525691699604742, 0.992094861660079, 0.9841897233201582, 0.9446640316205535, 0.9604743083003953, 0.9841897233201582, 0.9525691699604742, 0.9367588932806324]","[1.0, 1.0, 1.0, 1.0, 1.0, 1.0, 1.0, 1.0, 1.0, 1.0, 1.0, 1.0, 1.0, 1.0, 1.0, 1.0, 1.0, 1.0, 1.0, 1.0, 1.0, 1.0, 1.0, 1.0, 1.0, 1.0, 1.0, 1.0, 1.0, 1.0]","[1.0, 1.0, 1.0, 1.0, 1.0, 1.0, 1.0, 1.0, 1.0, 1.0, 1.0, 1.0, 1.0, 1.0, 1.0, 1.0, 1.0, 1.0, 1.0, 1.0, 1.0, 1.0, 1.0, 1.0, 1.0, 1.0, 1.0, 1.0, 1.0, 1.0]"
credit,ridge,5000,5,23,b4_antithetic,1.2909167689323508e-06,1.5854857467637975e-07,5.612681604053699e-08,6.893416290277381e-09,1.235558189812206e-06,1.3447860118994433e-06,0.26061835986699533,0.9939723320158103,0.0016406336502519502,0.9933794466403163,0.9945989789196312,0.9652173913043479,0.007527197289636769,1.0,0.0,1.0,0.0,4.768487976219155e-09,0.0,5000.0,0.6233709866646677,0.07758187092150598,5000.0,"[1.2879487564080215e-06, 1.0436986576390764e-06, 1.6991854751266989e-06, 1.2266329213608813e-06, 1.2712957506623724e-06, 1.0566725576042249e-06, 1.1553491883755948e-06, 1.1377309394842316e-06, 1.3973371802409721e-06, 1.3583558541144716e-06, 1.412622064358328e-06, 1.3375877887404265e-06, 1.1341289914168377e-06, 1.2287100450556154e-06, 1.1291938823515608e-06, 1.3160619168568904e-06, 1.154589618031262e-06, 1.4294623724762637e-06, 1.223253960603922e-06, 1.3064359489236774e-06, 1.0521210604791225e-06, 1.4175038849900433e-06, 1.3851188673584743e-06, 1.431496571975753e-06, 1.1360453354801324e-06, 1.5044015892821567e-06, 1.2738440824002032e-06, 1.2813900603777797e-06, 1.2981145955651137e-06, 1.6412131502304147e-06]","[0.9920948616600791, 0.9920948616600791, 0.9950592885375494, 0.9940711462450593, 0.9940711462450593, 0.9940711462450593, 0.9950592885375494, 0.9940711462450593, 0.9930830039525691, 0.9940711462450593, 0.9891304347826088, 0.991106719367589, 0.9940711462450593, 0.9980237154150198, 0.9950592885375494, 0.9950592885375494, 0.9960474308300397, 0.9940711462450593, 0.9930830039525691, 0.9940711462450593, 0.9940711462450593, 0.9950592885375494, 0.9940711462450593, 0.9920948616600791, 0.9920948616600791, 0.9940711462450593, 0.9950592885375494, 0.9950592885375494, 0.9960474308300397, 0.9940711462450593]","[0.9525691699604742, 0.9525691699604742, 0.9683794466403163, 0.9683794466403163, 0.9683794466403163, 0.9683794466403163, 0.9683794466403163, 0.9683794466403163, 0.9604743083003953, 0.9604743083003953, 0.9525691699604742, 0.9604743083003953, 0.9683794466403163, 0.9841897233201582, 0.9762845849802372, 0.9683794466403163, 0.9762845849802372, 0.9604743083003953, 0.9604743083003953, 0.9683794466403163, 0.9683794466403163, 0.9683794466403163, 0.9604743083003953, 0.9525691699604742, 0.9604743083003953, 0.9604743083003953, 0.9683794466403163, 0.9683794466403163, 0.9762845849802372, 0.9604743083003953]","[1.0, 1.0, 1.0, 1.0, 1.0, 1.0, 1.0, 1.0, 1.0, 1.0, 1.0, 1.0, 1.0, 1.0, 1.0, 1.0, 1.0, 1.0, 1.0, 1.0, 1.0, 1.0, 1.0, 1.0, 1.0, 1.0, 1.0, 1.0, 1.0, 1.0]","[1.0, 1.0, 1.0, 1.0, 1.0, 1.0, 1.0, 1.0, 1.0, 1.0, 1.0, 1.0, 1.0, 1.0, 1.0, 1.0, 1.0, 1.0, 1.0, 1.0, 1.0, 1.0, 1.0, 1.0, 1.0, 1.0, 1.0, 1.0, 1.0, 1.0]"
credit,ridge,5000,6,23,abc_shap,2.709188944193567e-05,2.117587890608208e-05,1.1779082366058988e-06,9.2069038722096e-07,1.9747265238092956e-05,3.509036229255783e-05,6.131001129978322,0.9956521739130435,0.002981942107445676,0.9944985177865612,0.9966403162055336,0.9733860342555994,0.01506592079991864,0.9888888888888888,0.059835164523716726,0.9466666666666668,0.08844332774281063,1.1533562539319606e-06,2484.0,2516.0,0.7706643733331778,0.0660113925580488,2484.0,"[4.2825729391022535e-06, 4.032662359701107e-06, 3.808087957944391e-05, 4.027510949513987e-06, 7.276656961206665e-06, 1.3471642318034634e-05, 1.593706569167153e-05, 3.3937452341269886e-05, 4.773117319676031e-05, 1.2346792315579605e-05, 2.1385035256921476e-05, 2.573273362746076e-05, 2.5197183881392086e-06, 3.750774089789912e-05, 1.838357807295145e-05, 1.9649234322030066e-05, 4.339778855215265e-05, 2.3349281812931175e-05, 4.028733325900418e-05, 3.059286765046288e-05, 3.926899436003087e-05, 3.1980397836307126e-05, 1.6632640185772442e-05, 1.391410874616992e-05, 7.150997475720783e-05, 1.6941011078896717e-05, 8.404860323972983e-05, 4.9904159252760935e-06, 7.734298587111348e-05, 1.2197830765328933e-05]","[0.9990118577075099, 0.9970355731225298, 0.9970355731225298, 1.0, 0.9970355731225298, 0.9960474308300397, 0.9950592885375494, 0.9940711462450593, 0.9980237154150198, 0.9970355731225298, 0.9940711462450593, 0.9920948616600791, 0.9990118577075099, 0.9930830039525691, 0.9960474308300397, 0.9970355731225298, 0.9950592885375494, 0.9980237154150198, 0.9970355731225298, 0.9980237154150198, 0.9901185770750988, 0.9980237154150198, 0.9980237154150198, 0.9940711462450593, 0.9901185770750988, 0.9871541501976285, 0.9930830039525691, 0.9980237154150198, 0.9930830039525691, 0.9980237154150198]","[0.992094861660079, 0.9762845849802372, 0.9762845849802372, 1.0, 0.9841897233201582, 0.9683794466403163, 0.9604743083003953, 0.9762845849802372, 0.9841897233201582, 0.9841897233201582, 0.9604743083003953, 0.9604743083003953, 0.992094861660079, 0.9683794466403163, 0.9762845849802372, 0.9762845849802372, 0.9683794466403163, 0.9841897233201582, 0.9762845849802372, 0.9841897233201582, 0.9446640316205535, 0.9841897233201582, 0.9841897233201582, 0.9525691699604742, 0.9525691699604742, 0.9288537549407115, 0.9683794466403163, 0.9841897233201582, 0.9683794466403163, 0.9841897233201582]","[1.0, 1.0, 1.0, 1.0, 1.0, 1.0, 0.6666666666666666, 1.0, 1.0, 1.0, 1.0, 1.0, 1.0, 1.0, 1.0, 1.0, 1.0, 1.0, 1.0, 1.0, 1.0, 1.0, 1.0, 1.0, 1.0, 1.0, 1.0, 1.0, 1.0, 1.0]","[1.0, 1.0, 1.0, 1.0, 1.0, 1.0, 0.8, 1.0, 1.0, 1.0, 0.8, 1.0, 1.0, 0.8, 1.0, 1.0, 0.8, 1.0, 1.0, 0.8, 1.0, 1.0, 1.0, 1.0, 0.8, 0.8, 1.0, 1.0, 1.0, 0.8]"
credit,ridge,5000,6,23,b1_uniform,6.4905450841486945e-06,3.8226511349586675e-06,2.8219761235429106e-07,1.662022232590725e-07,5.297501772409077e-06,7.928258531998079e-06,1.4688358791061014,0.9881752305665351,0.00648210966957442,0.9858358036890645,0.9903491436100131,0.9444005270092226,0.01876071410943617,1.0,0.0,0.9866666666666667,0.04988876515698587,2.5938038580585296e-07,0.0,5000.0,0.6662099799995,0.1458434579673775,5000.0,"[5.091497117235506e-06, 8.09419972413058e-06, 3.683014543896528e-06, 4.993419655246333e-06, 7.05975629971082e-06, 7.898882637434664e-06, 4.145671089597287e-06, 2.756069445884468e-06, 8.987805630769123e-06, 8.595906888551743e-06, 3.7104885044308803e-06, 4.343934573668849e-06, 5.925810028526274e-06, 4.687077729500781e-06, 1.0546831851669484e-05, 1.768296188782002e-05, 8.948618373065108e-06, 5.896377808794147e-06, 5.193030544744875e-06, 3.052862458041857e-06, 2.8073683231423024e-06, 7.813410856201572e-06, 4.036197790575588e-06, 6.644266723376076e-06, 3.5022696205437564e-06, 6.222901866725853e-06, 4.012995586351969e-06, 1.945754031095205e-05, 3.7891514519261507e-06, 5.136033201946211e-06]","[0.9822134387351777, 0.9901185770750988, 0.9891304347826088, 0.9881422924901186, 0.974308300395257, 0.983201581027668, 0.9940711462450593, 0.9950592885375494, 0.9891304347826088, 0.9752964426877472, 0.991106719367589, 0.9940711462450593, 0.9901185770750988, 0.9920948616600791, 0.9871541501976285, 0.9733201581027668, 0.9762845849802372, 0.991106719367589, 0.9950592885375494, 0.9940711462450593, 0.9881422924901186, 0.9851778656126482, 0.9940711462450593, 0.9940711462450593, 0.9871541501976285, 0.9891304347826088, 0.9930830039525691, 0.9891304347826088, 0.9980237154150198, 0.9822134387351777]","[0.9288537549407115, 0.9525691699604742, 0.9446640316205535, 0.9525691699604742, 0.9209486166007905, 0.9209486166007905, 0.9604743083003953, 0.9604743083003953, 0.9446640316205535, 0.9130434782608695, 0.9446640316205535, 0.9604743083003953, 0.9367588932806324, 0.9525691699604742, 0.9288537549407115, 0.9130434782608695, 0.8972332015810277, 0.9604743083003953, 0.9683794466403163, 0.9604743083003953, 0.9367588932806324, 0.9446640316205535, 0.9604743083003953, 0.9604743083003953, 0.9446640316205535, 0.9446640316205535, 0.9604743083003953, 0.9446640316205535, 0.9841897233201582, 0.9288537549407115]","[1.0, 1.0, 1.0, 1.0, 1.0, 1.0, 1.0, 1.0, 1.0, 1.0, 1.0, 1.0, 1.0, 1.0, 1.0, 1.0, 1.0, 1.0, 1.0, 1.0, 1.0, 1.0, 1.0, 1.0, 1.0, 1.0, 1.0, 1.0, 1.0, 1.0]","[1.0, 1.0, 1.0, 1.0, 1.0, 1.0, 1.0, 1.0, 1.0, 1.0, 1.0, 1.0, 0.8, 1.0, 1.0, 0.8, 1.0, 1.0, 1.0, 1.0, 1.0, 1.0, 1.0, 1.0, 1.0, 1.0, 1.0, 1.0, 1.0, 1.0]"
credit,ridge,5000,6,23,b2_stratified,4.41883615213613e-06,4.344795995301128e-06,1.9212331096244044e-07,1.889041737087447e-07,3.1024402006691796e-06,6.1665327905139295e-06,1.0,0.9975955204216077,0.0019038664053515682,0.9968379446640319,0.9981884057971016,0.9831357048748351,0.010150914510808006,1.0,0.0,0.9533333333333333,0.08459051693633012,1.6308814605080092e-07,0.0,5000.0,0.6596352633282853,0.06999680667866773,5000.0,"[1.2815742240560332e-06, 2.762041263157706e-06, 3.830280882913704e-06, 6.597209063921953e-06, 2.1591684164808363e-06, 1.2440766907858694e-06, 2.19171015814395e-06, 1.1658842696798796e-06, 2.1042941727686925e-06, 1.7623642781577062e-06, 2.635863120520501e-06, 4.214742337893765e-06, 1.1982781481394953e-06, 1.1122645320243532e-05, 4.474771924723149e-06, 6.0085508709778456e-06, 5.080104951301494e-06, 2.910324111466565e-06, 4.518512385453721e-06, 1.3875234730775374e-06, 7.533220062975946e-06, 3.7943490498133445e-06, 2.3634842013699783e-05, 1.0427555532677622e-06, 1.6027005360973423e-06, 6.385836672100209e-06, 2.5542188768294645e-06, 8.563548345129068e-06, 2.2426853273752635e-06, 6.5610080629317584e-06]","[0.9990118577075099, 0.9970355731225298, 0.9990118577075099, 0.9980237154150198, 0.9990118577075099, 0.9990118577075099, 0.9990118577075099, 0.9990118577075099, 1.0, 0.9980237154150198, 0.9990118577075099, 0.9950592885375494, 0.9980237154150198, 0.9970355731225298, 0.9940711462450593, 0.9980237154150198, 0.9970355731225298, 0.9980237154150198, 0.9901185770750988, 0.9970355731225298, 0.9990118577075099, 0.9970355731225298, 0.9980237154150198, 0.9980237154150198, 0.9980237154150198, 0.9990118577075099, 0.9950592885375494, 0.9970355731225298, 0.9980237154150198, 0.9980237154150198]","[0.992094861660079, 0.9762845849802372, 0.992094861660079, 0.9841897233201582, 0.992094861660079, 0.992094861660079, 0.992094861660079, 0.992094861660079, 1.0, 0.9841897233201582, 0.992094861660079, 0.9683794466403163, 0.9841897233201582, 0.9762845849802372, 0.9604743083003953, 0.9841897233201582, 0.9841897233201582, 0.9841897233201582, 0.9525691699604742, 0.9762845849802372, 0.992094861660079, 0.9762845849802372, 0.9841897233201582, 0.9841897233201582, 0.9841897233201582, 0.992094861660079, 0.9683794466403163, 0.9841897233201582, 0.9841897233201582, 0.9841897233201582]","[1.0, 1.0, 1.0, 1.0, 1.0, 1.0, 1.0, 1.0, 1.0, 1.0, 1.0, 1.0, 1.0, 1.0, 1.0, 1.0, 1.0, 1.0, 1.0, 1.0, 1.0, 1.0, 1.0, 1.0, 1.0, 1.0, 1.0, 1.0, 1.0, 1.0]","[1.0, 0.8, 1.0, 1.0, 1.0, 1.0, 1.0, 1.0, 1.0, 1.0, 0.8, 1.0, 1.0, 1.0, 0.8, 1.0, 0.8, 1.0, 0.8, 1.0, 0.8, 0.8, 1.0, 1.0, 1.0, 1.0, 1.0, 1.0, 1.0, 1.0]"
credit,ridge,5000,6,23,b3_is,1.565456294519424e-06,7.289203189849225e-07,6.806331715301844e-08,3.1692187781953156e-08,1.2985380948411205e-06,1.8130401899244946e-06,0.35426891620832324,0.9992424242424244,0.0006595844662220248,0.9990118577075101,0.9994729907773388,0.9939393939393938,0.005276675729776217,1.0,0.0,0.98,0.059999999999999984,5.437546650858073e-08,0.0,5000.0,0.798260389995994,0.21880445938823614,5000.0,"[2.077698331040514e-06, 5.846131056269458e-07, 1.9247807049105876e-06, 2.2948188620518275e-06, 1.309149488001478e-06, 1.4938005211633705e-06, 2.056942107645564e-06, 1.015155018903417e-06, 1.4771536421381045e-06, 1.143101169382378e-06, 2.1034807595968555e-06, 8.354579478618841e-07, 5.918303099308066e-07, 1.4320319836649737e-06, 1.6408248784045707e-06, 1.3353747182841998e-06, 1.7524472219519204e-06, 2.550069689571872e-06, 6.689277168310764e-07, 1.064712897858328e-06, 1.848349057985976e-06, 1.4323603023461168e-06, 2.7363900290096836e-06, 2.276947541160117e-06, 1.441926202326297e-07, 1.4325207281287518e-06, 3.6326515604966057e-06, 8.663881922098314e-07, 2.152889069528818e-06, 1.0886286596635257e-06]","[1.0, 1.0, 0.9990118577075099, 1.0, 0.9990118577075099, 0.9990118577075099, 0.9990118577075099, 1.0, 0.9990118577075099, 0.9990118577075099, 0.9980237154150198, 1.0, 0.9990118577075099, 1.0, 0.9990118577075099, 1.0, 0.9990118577075099, 1.0, 0.9990118577075099, 0.9990118577075099, 0.9980237154150198, 1.0, 0.9980237154150198, 0.9990118577075099, 0.9990118577075099, 0.9990118577075099, 0.9980237154150198, 1.0, 1.0, 0.9990118577075099]","[1.0, 1.0, 0.992094861660079, 1.0, 0.992094861660079, 0.992094861660079, 0.992094861660079, 1.0, 0.992094861660079, 0.992094861660079, 0.9841897233201582, 1.0, 0.992094861660079, 1.0, 0.992094861660079, 1.0, 0.992094861660079, 1.0, 0.992094861660079, 0.992094861660079, 0.9841897233201582, 1.0, 0.9841897233201582, 0.992094861660079, 0.992094861660079, 0.992094861660079, 0.9841897233201582, 1.0, 1.0, 0.992094861660079]","[1.0, 1.0, 1.0, 1.0, 1.0, 1.0, 1.0, 1.0, 1.0, 1.0, 1.0, 1.0, 1.0, 1.0, 1.0, 1.0, 1.0, 1.0, 1.0, 1.0, 1.0, 1.0, 1.0, 1.0, 1.0, 1.0, 1.0, 1.0, 1.0, 1.0]","[1.0, 1.0, 1.0, 1.0, 1.0, 1.0, 1.0, 1.0, 1.0, 1.0, 1.0, 1.0, 1.0, 1.0, 1.0, 1.0, 1.0, 1.0, 1.0, 1.0, 0.8, 1.0, 0.8, 0.8, 1.0, 1.0, 1.0, 1.0, 1.0, 1.0]"
credit,ridge,5000,6,23,b4_antithetic,4.331686637839489e-07,7.58754480907243e-08,1.883342016451952e-08,3.2989325256836655e-09,4.0497550602096986e-07,4.612544358483503e-07,0.09802777221657084,0.9996047430830041,0.0005472084231171295,0.9993741765480898,0.999802371541502,0.9968379446640316,0.004377667384937076,1.0,0.0,1.0,0.0,3.1129138332693206e-09,0.0,5000.0,0.6312525633353895,0.08715195468556476,5000.0,"[3.422241424071017e-07, 4.900578956490965e-07, 4.3540830081302757e-07, 4.470450362739925e-07, 4.901920019592411e-07, 4.3110852789016985e-07, 4.4428674352126075e-07, 3.500773642405897e-07, 3.969427528528855e-07, 4.272476027167641e-07, 4.3977892324934347e-07, 4.968488345689186e-07, 5.549621480075567e-07, 3.6504179567786664e-07, 4.3103003555836236e-07, 5.089317880067498e-07, 4.056050281895409e-07, 4.932369429488299e-07, 3.9463167421080476e-07, 4.823597150080755e-07, 4.2028895278989155e-07, 6.798645913313169e-07, 4.373604043438209e-07, 4.160056408479706e-07, 3.1165621947968664e-07, 4.859340280345214e-07, 3.0479239793705215e-07, 3.741295590998489e-07, 3.205333494207645e-07, 4.174775164834177e-07]","[1.0, 0.9990118577075099, 1.0, 1.0, 0.9990118577075099, 0.9990118577075099, 1.0, 1.0, 0.9990118577075099, 0.9990118577075099, 1.0, 1.0, 0.9990118577075099, 1.0, 1.0, 0.9990118577075099, 1.0, 1.0, 1.0, 1.0, 1.0, 0.9980237154150198, 0.9990118577075099, 0.9990118577075099, 1.0, 0.9990118577075099, 1.0, 1.0, 1.0, 1.0]","[1.0, 0.992094861660079, 1.0, 1.0, 0.992094861660079, 0.992094861660079, 1.0, 1.0, 0.992094861660079, 0.992094861660079, 1.0, 1.0, 0.992094861660079, 1.0, 1.0, 0.992094861660079, 1.0, 1.0, 1.0, 1.0, 1.0, 0.9841897233201582, 0.992094861660079, 0.992094861660079, 1.0, 0.992094861660079, 1.0, 1.0, 1.0, 1.0]","[1.0, 1.0, 1.0, 1.0, 1.0, 1.0, 1.0, 1.0, 1.0, 1.0, 1.0, 1.0, 1.0, 1.0, 1.0, 1.0, 1.0, 1.0, 1.0, 1.0, 1.0, 1.0, 1.0, 1.0, 1.0, 1.0, 1.0, 1.0, 1.0, 1.0]","[1.0, 1.0, 1.0, 1.0, 1.0, 1.0, 1.0, 1.0, 1.0, 1.0, 1.0, 1.0, 1.0, 1.0, 1.0, 1.0, 1.0, 1.0, 1.0, 1.0, 1.0, 1.0, 1.0, 1.0, 1.0, 1.0, 1.0, 1.0, 1.0, 1.0]"
credit,ridge,5000,7,23,abc_shap,0.00019620368366696442,0.00014003098163165105,8.530594942041932e-06,6.08830354920222e-06,0.000146302413827148,0.00024749207459914347,7.103607656940207,0.9420619235836628,0.050587020085053565,0.9242383069828721,0.9608374505928852,0.8455862977602108,0.07310246730677998,0.9444444444444444,0.12422599874998834,0.9733333333333333,0.06798692684790376,8.461432151860762e-06,2484.0,2516.0,0.7272543366629786,0.047722363353456074,2484.0,"[8.504838348165396e-05, 0.00027856631388512986, 0.00035693519215205963, 0.000496287367536994, 0.00012475333986338645, 0.000363033349753982, 0.00046038441959845764, 0.00019040083329306055, 0.00026271380186392165, 0.0001508716005966132, 0.00034734049285848245, 0.00012126489931793437, 6.427897016301927e-05, 0.00021136201068601217, 0.00020953855734493688, 1.7856358046130657e-05, 1.1521946924050834e-05, 0.00040417044608709324, 0.00020692142936165728, 4.805126696625051e-05, 6.415705709565872e-05, 3.5456549558022706e-05, 0.0002537627752797446, 2.865706200546999e-05, 4.829734868508717e-05, 0.00027209057601325153, 8.065137063244554e-05, 0.00018945738734385754, 0.00010152956704333978, 0.00040074983657122846]","[0.9881422924901186, 0.8754940711462451, 0.8764822134387351, 0.9575098814229249, 0.933794466403162, 0.8270750988142292, 0.950592885375494, 0.9525691699604744, 0.9822134387351777, 0.9594861660079053, 0.8349802371541503, 0.9436758893280633, 0.974308300395257, 0.9703557312252965, 0.8804347826086957, 0.9861660079051384, 0.9861660079051384, 0.9664031620553359, 0.9881422924901186, 0.9901185770750988, 0.9812252964426879, 0.9624505928853755, 0.8201581027667983, 0.991106719367589, 0.9367588932806324, 0.9654150197628459, 0.974308300395257, 0.9436758893280633, 0.9713438735177865, 0.8913043478260869]","[0.9446640316205535, 0.7549407114624506, 0.7786561264822134, 0.8498023715415021, 0.8181818181818182, 0.6837944664031621, 0.8260869565217391, 0.841897233201581, 0.9051383399209486, 0.8498023715415021, 0.691699604743083, 0.8260869565217391, 0.8735177865612648, 0.8893280632411068, 0.7707509881422926, 0.9288537549407115, 0.9288537549407115, 0.8656126482213439, 0.9288537549407115, 0.9367588932806324, 0.8972332015810277, 0.8735177865612648, 0.6996047430830039, 0.9446640316205535, 0.83399209486166, 0.8735177865612648, 0.8893280632411068, 0.8023715415019763, 0.8814229249011858, 0.7786561264822134]","[1.0, 1.0, 1.0, 0.6666666666666666, 1.0, 1.0, 0.6666666666666666, 1.0, 0.6666666666666666, 1.0, 1.0, 1.0, 1.0, 1.0, 1.0, 1.0, 1.0, 0.6666666666666666, 1.0, 1.0, 1.0, 1.0, 1.0, 1.0, 0.6666666666666666, 1.0, 1.0, 1.0, 1.0, 1.0]","[1.0, 1.0, 1.0, 0.8, 1.0, 1.0, 0.8, 1.0, 0.8, 1.0, 1.0, 1.0, 1.0, 1.0, 1.0, 1.0, 1.0, 0.8, 1.0, 1.0, 1.0, 1.0, 1.0, 1.0, 1.0, 1.0, 1.0, 1.0, 1.0, 1.0]"
credit,ridge,5000,7,23,b1_uniform,4.690758771848602e-05,1.958113821662717e-05,2.0394603355863487e-06,8.513538355055291e-07,3.9823822351456186e-05,5.403677757817544e-05,1.6983019536535648,0.8927206851119895,0.046891617800137946,0.8763833992094862,0.9094647562582344,0.7604743083003953,0.057046770512836804,0.9888888888888888,0.059835164523716726,0.9933333333333334,0.03590109871423002,1.8826345125763382e-06,0.0,5000.0,0.592311530005342,0.011463478274501667,5000.0,"[5.02900005369925e-05, 7.268062579076878e-05, 7.579976200568011e-05, 3.437452143946071e-05, 7.524470842091233e-05, 5.4839119448651634e-05, 4.7717013519072706e-05, 8.670195954236472e-05, 3.101906037118326e-05, 2.0578572626313844e-05, 3.1129851479624025e-05, 6.609529675129548e-05, 2.173311463743033e-05, 5.422208389623394e-05, 4.6112291595416915e-05, 4.5691708323029814e-05, 2.9832696327563943e-05, 3.215036915072764e-05, 3.797426183948012e-05, 3.4200879865638e-05, 3.7843681399963347e-05, 4.8138859887110943e-05, 2.5594355374289562e-05, 2.4956862784219187e-05, 4.0774437768585406e-05, 2.9650677832747406e-05, 7.997371554809127e-05, 8.992844840619242e-05, 4.352300000778975e-05, 3.845569497775093e-05]","[0.8349802371541503, 0.884387351778656, 0.758893280632411, 0.9061264822134387, 0.8962450592885376, 0.8695652173913043, 0.8764822134387351, 0.8754940711462451, 0.9110671936758895, 0.9496047430830039, 0.91600790513834, 0.8784584980237155, 0.9762845849802372, 0.8527667984189724, 0.8675889328063242, 0.9051383399209486, 0.8962450592885376, 0.9515810276679842, 0.8438735177865613, 0.941699604743083, 0.8992094861660079, 0.9189723320158102, 0.9624505928853755, 0.8260869565217392, 0.9318181818181819, 0.9110671936758895, 0.9575098814229249, 0.882411067193676, 0.8774703557312253, 0.8221343873517787]","[0.691699604743083, 0.7312252964426879, 0.6442687747035574, 0.7786561264822134, 0.7470355731225297, 0.7233201581027668, 0.7312252964426879, 0.7391304347826086, 0.7628458498023716, 0.83399209486166, 0.7865612648221344, 0.7391304347826086, 0.8893280632411068, 0.7233201581027668, 0.7233201581027668, 0.7628458498023716, 0.7707509881422926, 0.83399209486166, 0.6837944664031621, 0.8023715415019763, 0.7707509881422926, 0.8023715415019763, 0.8735177865612648, 0.7075098814229249, 0.7707509881422926, 0.7944664031620553, 0.8498023715415021, 0.7470355731225297, 0.7312252964426879, 0.6679841897233202]","[1.0, 1.0, 1.0, 1.0, 0.6666666666666666, 1.0, 1.0, 1.0, 1.0, 1.0, 1.0, 1.0, 1.0, 1.0, 1.0, 1.0, 1.0, 1.0, 1.0, 1.0, 1.0, 1.0, 1.0, 1.0, 1.0, 1.0, 1.0, 1.0, 1.0, 1.0]","[1.0, 1.0, 1.0, 1.0, 1.0, 1.0, 1.0, 1.0, 1.0, 1.0, 1.0, 1.0, 1.0, 1.0, 0.8, 1.0, 1.0, 1.0, 1.0, 1.0, 1.0, 1.0, 1.0, 1.0, 1.0, 1.0, 1.0, 1.0, 1.0, 1.0]"
credit,ridge,5000,7,23,b2_stratified,2.762028720368219e-05,2.4494477640094736e-05,1.2008820523340083e-06,1.0649772886997711e-06,1.9882576590836126e-05,3.8208946812298286e-05,1.0,0.9927865612648222,0.0038706094053028634,0.9913372859025033,0.9941370223978918,0.9573122529644268,0.01974702924394751,1.0,0.0,1.0,0.0,1.137789877766212e-06,0.0,5000.0,0.6117355066681436,0.027676971794610226,5000.0,"[6.8009084355766445e-06, 7.777048841485781e-06, 1.9897792847566808e-05, 4.471954219441823e-06, 1.8232357871565228e-05, 1.1751778180536827e-05, 9.045378006268789e-06, 1.4570556881907456e-05, 4.1436895157411074e-05, 2.3015094100092612e-05, 7.743913883896217e-06, 3.9109690082284936e-05, 1.073375730677506e-05, 0.00012565173041300328, 4.392089737461941e-05, 5.426900689946363e-05, 2.7485977028501562e-05, 4.397179469780547e-05, 2.873585897987227e-05, 1.913096826775033e-05, 1.4582146522454565e-05, 5.737344554040271e-05, 1.5651697905980636e-05, 2.594592969106036e-05, 4.554329413825544e-06, 4.639605241624745e-05, 1.3613950420793319e-05, 1.830267860331716e-05, 6.18882966355588e-05, 1.2546729484999909e-05]","[0.9881422924901186, 0.9990118577075099, 0.9940711462450593, 0.9930830039525691, 0.9940711462450593, 0.9970355731225298, 0.9920948616600791, 0.9930830039525691, 0.9930830039525691, 0.991106719367589, 0.9881422924901186, 0.9930830039525691, 0.9930830039525691, 0.9812252964426879, 0.9980237154150198, 0.9920948616600791, 0.9901185770750988, 0.9881422924901186, 0.9960474308300397, 0.9901185770750988, 1.0, 0.9881422924901186, 0.9920948616600791, 0.9901185770750988, 0.9950592885375494, 0.9920948616600791, 0.9920948616600791, 0.9940711462450593, 0.9970355731225298, 0.9980237154150198]","[0.9367588932806324, 0.992094861660079, 0.9604743083003953, 0.9683794466403163, 0.9604743083003953, 0.9762845849802372, 0.9446640316205535, 0.9525691699604742, 0.9604743083003953, 0.9525691699604742, 0.9367588932806324, 0.9525691699604742, 0.9604743083003953, 0.9130434782608695, 0.9841897233201582, 0.9446640316205535, 0.9367588932806324, 0.9367588932806324, 0.9762845849802372, 0.9446640316205535, 1.0, 0.9367588932806324, 0.9604743083003953, 0.9367588932806324, 0.9683794466403163, 0.9446640316205535, 0.9446640316205535, 0.9683794466403163, 0.9841897233201582, 0.9841897233201582]","[1.0, 1.0, 1.0, 1.0, 1.0, 1.0, 1.0, 1.0, 1.0, 1.0, 1.0, 1.0, 1.0, 1.0, 1.0, 1.0, 1.0, 1.0, 1.0, 1.0, 1.0, 1.0, 1.0, 1.0, 1.0, 1.0, 1.0, 1.0, 1.0, 1.0]","[1.0, 1.0, 1.0, 1.0, 1.0, 1.0, 1.0, 1.0, 1.0, 1.0, 1.0, 1.0, 1.0, 1.0, 1.0, 1.0, 1.0, 1.0, 1.0, 1.0, 1.0, 1.0, 1.0, 1.0, 1.0, 1.0, 1.0, 1.0, 1.0, 1.0]"
credit,ridge,5000,7,23,b3_is,6.969742512506646e-06,3.934395136535364e-06,3.0303228315246286e-07,1.7106065811023321e-07,5.688186645467491e-06,8.454946360572864e-06,0.25234142067782256,0.9969696969696972,0.002208571095420298,0.9961133069828723,0.9976613965744402,0.9786561264822136,0.0124406552138212,1.0,0.0,1.0,0.0,2.8272560945374e-07,0.0,5000.0,0.7013502166664694,0.009786507481779004,5000.0,"[4.3532510590140065e-06, 5.30573413553757e-06, 5.264761909040027e-06, 1.009834495614985e-05, 4.407301440041066e-06, 9.256903990761309e-06, 2.92869279622522e-06, 3.789418708561564e-06, 4.7611321727104225e-07, 9.285623894671382e-06, 3.1859632749516983e-06, 6.4818486093174256e-06, 3.828894597349314e-06, 8.182231153196375e-06, 2.9450491742928206e-06, 1.0134459828601956e-05, 5.152940672538772e-06, 1.4430141988379837e-05, 7.99081294716202e-06, 1.1392301422379058e-05, 8.339246724885826e-06, 3.971363485040653e-06, 9.133195137326738e-06, 1.7826756171509972e-05, 3.3288834653512134e-06, 5.850654888136509e-06, 8.29109589668461e-06, 6.4251472479076836e-06, 2.6067936959326623e-06, 1.4428348886981222e-05]","[0.9970355731225298, 0.9970355731225298, 0.9980237154150198, 1.0, 0.9980237154150198, 0.9881422924901186, 0.9980237154150198, 0.9980237154150198, 0.9990118577075099, 0.9960474308300397, 0.9980237154150198, 0.9990118577075099, 0.9980237154150198, 0.9990118577075099, 0.9980237154150198, 0.9940711462450593, 0.9970355731225298, 0.9950592885375494, 0.9960474308300397, 0.9960474308300397, 0.9970355731225298, 0.9990118577075099, 0.9960474308300397, 0.9940711462450593, 0.9950592885375494, 0.9970355731225298, 0.9980237154150198, 0.9960474308300397, 0.9990118577075099, 0.9980237154150198]","[0.9762845849802372, 0.9841897233201582, 0.9841897233201582, 1.0, 0.9841897233201582, 0.9367588932806324, 0.9841897233201582, 0.9841897233201582, 0.992094861660079, 0.9683794466403163, 0.9841897233201582, 0.992094861660079, 0.9841897233201582, 0.992094861660079, 0.9841897233201582, 0.9604743083003953, 0.9762845849802372, 0.9683794466403163, 0.9683794466403163, 0.9762845849802372, 0.9762845849802372, 0.992094861660079, 0.9762845849802372, 0.9604743083003953, 0.9683794466403163, 0.9762845849802372, 0.9841897233201582, 0.9683794466403163, 0.992094861660079, 0.9841897233201582]","[1.0, 1.0, 1.0, 1.0, 1.0, 1.0, 1.0, 1.0, 1.0, 1.0, 1.0, 1.0, 1.0, 1.0, 1.0, 1.0, 1.0, 1.0, 1.0, 1.0, 1.0, 1.0, 1.0, 1.0, 1.0, 1.0, 1.0, 1.0, 1.0, 1.0]","[1.0, 1.0, 1.0, 1.0, 1.0, 1.0, 1.0, 1.0, 1.0, 1.0, 1.0, 1.0, 1.0, 1.0, 1.0, 1.0, 1.0, 1.0, 1.0, 1.0, 1.0, 1.0, 1.0, 1.0, 1.0, 1.0, 1.0, 1.0, 1.0, 1.0]"
credit,ridge,5000,7,23,b4_antithetic,1.8601036232304e-06,1.7964314259579384e-07,8.087407057523478e-08,7.810571417208428e-09,1.7969797704079182e-06,1.928121858418992e-06,0.06734555689132808,0.9983530961791833,0.0007365177791500975,0.9980887681159422,0.9986166007905141,0.9868247694334651,0.005892142233200981,1.0,0.0,1.0,0.0,4.7478654203161695e-09,0.0,5000.0,0.578455280000344,0.017893465063932322,5000.0,"[2.0789600915100533e-06, 1.810448291508674e-06, 1.725008471039114e-06, 2.006454343827207e-06, 2.211845308426561e-06, 1.6914372713368853e-06, 1.8068780958483732e-06, 1.7771591010919745e-06, 1.53121835616742e-06, 1.942456100007474e-06, 1.6811783809802486e-06, 1.9037539772502073e-06, 1.7990097915289137e-06, 1.8007904393109963e-06, 1.6670911651246275e-06, 1.8331402031752635e-06, 2.3012868749157438e-06, 1.5263935115664605e-06, 1.7907700244926953e-06, 2.105993779248352e-06, 2.02797817142296e-06, 1.9217274396396258e-06, 1.8765038380737479e-06, 1.709555500488603e-06, 1.8319273992973399e-06, 1.8723817714338068e-06, 1.6618813333739543e-06, 1.9167447637205e-06, 1.909223162094848e-06, 2.0839117390093694e-06]","[0.9990118577075099, 0.9990118577075099, 0.9980237154150198, 0.9980237154150198, 0.9980237154150198, 0.9990118577075099, 0.9990118577075099, 0.9970355731225298, 0.9990118577075099, 0.9980237154150198, 0.9980237154150198, 0.9990118577075099, 0.9990118577075099, 0.9980237154150198, 0.9990118577075099, 0.9980237154150198, 0.9970355731225298, 0.9980237154150198, 0.9970355731225298, 0.9980237154150198, 0.9990118577075099, 0.9990118577075099, 0.9980237154150198, 0.9980237154150198, 0.9980237154150198, 1.0, 0.9970355731225298, 0.9990118577075099, 0.9990118577075099, 0.9980237154150198]","[0.992094861660079, 0.992094861660079, 0.9841897233201582, 0.9841897233201582, 0.9841897233201582, 0.992094861660079, 0.992094861660079, 0.9762845849802372, 0.992094861660079, 0.9841897233201582, 0.9841897233201582, 0.992094861660079, 0.992094861660079, 0.9841897233201582, 0.992094861660079, 0.9841897233201582, 0.9762845849802372, 0.9841897233201582, 0.9762845849802372, 0.9841897233201582, 0.992094861660079, 0.992094861660079, 0.9841897233201582, 0.9841897233201582, 0.9841897233201582, 1.0, 0.9762845849802372, 0.992094861660079, 0.992094861660079, 0.9841897233201582]","[1.0, 1.0, 1.0, 1.0, 1.0, 1.0, 1.0, 1.0, 1.0, 1.0, 1.0, 1.0, 1.0, 1.0, 1.0, 1.0, 1.0, 1.0, 1.0, 1.0, 1.0, 1.0, 1.0, 1.0, 1.0, 1.0, 1.0, 1.0, 1.0, 1.0]","[1.0, 1.0, 1.0, 1.0, 1.0, 1.0, 1.0, 1.0, 1.0, 1.0, 1.0, 1.0, 1.0, 1.0, 1.0, 1.0, 1.0, 1.0, 1.0, 1.0, 1.0, 1.0, 1.0, 1.0, 1.0, 1.0, 1.0, 1.0, 1.0, 1.0]"
credit,ridge,5000,8,23,abc_shap,1.2096544000971229e-05,1.0484021672227243e-05,5.259366956944012e-07,4.5582702922727143e-07,8.455958259908814e-06,1.5996405825732256e-05,6.45666500333773,0.9735177865612649,0.018860148124852302,0.9666987812911726,0.9797776679841897,0.9051383399209486,0.042765751206679,0.9111111111111112,0.14740554623801783,1.0,0.0,5.140776705105846e-07,2484.0,2516.0,0.7586814333432509,0.11285260238160473,2484.0,"[2.0610945479144396e-05, 4.766103087685802e-06, 4.860470591259359e-06, 1.3976512227682244e-06, 3.378092474751354e-06, 5.223815419517956e-06, 3.1119127419822535e-05, 2.4839147840222202e-05, 6.4582317460639425e-06, 5.1698539998496595e-06, 2.316574420887312e-05, 4.4474591760486785e-06, 3.0800759430409494e-06, 4.652008363049781e-06, 3.0347824285051703e-05, 1.0863968389064356e-05, 2.8828878428379402e-05, 8.754716329756883e-07, 2.8257848797501866e-06, 9.434744567342084e-06, 1.0794320458622832e-05, 2.5053608762749515e-05, 3.068489151544703e-05, 5.63726616574993e-06, 4.775203843517279e-06, 1.4649258932698403e-05, 8.005332050866016e-07, 2.929832486761058e-05, 1.2001064118738504e-05, 2.856449004254833e-06]","[0.9407114624505929, 0.9871541501976285, 0.9673913043478262, 0.9930830039525691, 0.9930830039525691, 0.9901185770750988, 0.9535573122529646, 0.9466403162055337, 0.9822134387351777, 0.9841897233201581, 0.9436758893280633, 0.991106719367589, 0.9901185770750988, 0.9802371541501977, 0.9772727272727272, 0.9792490118577075, 0.950592885375494, 0.9960474308300397, 0.9920948616600791, 0.983201581027668, 0.9752964426877472, 0.9604743083003953, 0.933794466403162, 0.9881422924901186, 0.9426877470355731, 0.9713438735177865, 0.9901185770750988, 0.9535573122529646, 0.9752964426877472, 0.9930830039525691]","[0.83399209486166, 0.9288537549407115, 0.8972332015810277, 0.9525691699604742, 0.9525691699604742, 0.9367588932806324, 0.8260869565217391, 0.8735177865612648, 0.9130434782608695, 0.9130434782608695, 0.857707509881423, 0.9446640316205535, 0.9446640316205535, 0.9288537549407115, 0.8972332015810277, 0.8972332015810277, 0.8656126482213439, 0.9762845849802372, 0.9525691699604742, 0.9209486166007905, 0.8972332015810277, 0.8656126482213439, 0.8181818181818182, 0.9446640316205535, 0.857707509881423, 0.8972332015810277, 0.9446640316205535, 0.841897233201581, 0.9209486166007905, 0.9525691699604742]","[1.0, 1.0, 1.0, 1.0, 1.0, 1.0, 0.6666666666666666, 1.0, 1.0, 0.6666666666666666, 1.0, 0.6666666666666666, 1.0, 1.0, 0.6666666666666666, 0.6666666666666666, 1.0, 1.0, 1.0, 1.0, 1.0, 0.6666666666666666, 1.0, 1.0, 1.0, 1.0, 1.0, 0.6666666666666666, 1.0, 0.6666666666666666]","[1.0, 1.0, 1.0, 1.0, 1.0, 1.0, 1.0, 1.0, 1.0, 1.0, 1.0, 1.0, 1.0, 1.0, 1.0, 1.0, 1.0, 1.0, 1.0, 1.0, 1.0, 1.0, 1.0, 1.0, 1.0, 1.0, 1.0, 1.0, 1.0, 1.0]"
credit,ridge,5000,8,23,b1_uniform,5.285044434173294e-06,2.9136861706699473e-06,2.2978454061623017e-07,1.266820074204325e-07,4.274493216023168e-06,6.3859937322402415e-06,2.8209512929041365,0.962285902503294,0.018988593940092717,0.9554339591567855,0.9694359354413703,0.8814229249011858,0.03791171164674086,0.9333333333333333,0.13333333333333336,1.0,0.0,1.9971803969259113e-07,0.0,5000.0,0.6444430100013657,0.11178001199675008,5000.0,"[3.883868672655592e-06, 5.8952528115469115e-06, 7.340740910733819e-06, 2.551890392914638e-06, 4.083682150227146e-06, 6.987109141312884e-06, 4.692618024676837e-06, 1.4046290710605153e-05, 3.990088750924287e-06, 4.01868566832424e-06, 9.59041614472124e-06, 2.3562892534329512e-06, 3.1100340604265922e-06, 4.501445978652601e-06, 9.135255073290909e-06, 1.4936751302367347e-06, 2.775532400492513e-06, 3.7665349910923806e-06, 3.838883078959159e-06, 4.169057341418087e-06, 3.7187637908104424e-06, 5.065041283265782e-06, 1.810457533584582e-06, 5.3470759319860286e-06, 3.799151250022298e-06, 1.1103163871891861e-05, 2.9110437130626214e-06, 8.353978544070378e-06, 4.872487168148534e-06, 9.342819251711626e-06]","[0.9614624505928853, 0.9644268774703558, 0.9614624505928853, 0.9772727272727272, 0.9654150197628459, 0.9515810276679842, 0.9525691699604744, 0.9120553359683794, 0.9822134387351777, 0.9772727272727272, 0.9318181818181819, 0.9812252964426879, 0.9930830039525691, 0.9703557312252965, 0.9515810276679842, 0.9881422924901186, 0.9861660079051384, 0.9713438735177865, 0.974308300395257, 0.9654150197628459, 0.9683794466403162, 0.9328063241106721, 0.9782608695652174, 0.9407114624505929, 0.9654150197628459, 0.9456521739130436, 0.9664031620553359, 0.9367588932806324, 0.9762845849802372, 0.9387351778656127]","[0.8735177865612648, 0.8972332015810277, 0.857707509881423, 0.9130434782608695, 0.8893280632411068, 0.841897233201581, 0.8735177865612648, 0.8023715415019763, 0.9288537549407115, 0.9130434782608695, 0.8102766798418973, 0.9209486166007905, 0.9525691699604742, 0.8893280632411068, 0.83399209486166, 0.9367588932806324, 0.9367588932806324, 0.8972332015810277, 0.8972332015810277, 0.8814229249011858, 0.8972332015810277, 0.83399209486166, 0.9130434782608695, 0.8498023715415021, 0.8972332015810277, 0.857707509881423, 0.8735177865612648, 0.83399209486166, 0.8972332015810277, 0.841897233201581]","[0.6666666666666666, 1.0, 1.0, 1.0, 1.0, 0.6666666666666666, 1.0, 1.0, 1.0, 1.0, 0.6666666666666666, 1.0, 1.0, 1.0, 1.0, 1.0, 1.0, 0.6666666666666666, 1.0, 1.0, 1.0, 0.6666666666666666, 1.0, 1.0, 1.0, 1.0, 0.6666666666666666, 1.0, 1.0, 1.0]","[1.0, 1.0, 1.0, 1.0, 1.0, 1.0, 1.0, 1.0, 1.0, 1.0, 1.0, 1.0, 1.0, 1.0, 1.0, 1.0, 1.0, 1.0, 1.0, 1.0, 1.0, 1.0, 1.0, 1.0, 1.0, 1.0, 1.0, 1.0, 1.0, 1.0]"
credit,ridge,5000,8,23,b2_stratified,1.8734972303376435e-06,1.033771453899619e-06,8.145640131902798e-08,4.4946584952157345e-08,1.4940731260136842e-06,2.268033470255688e-06,1.0,0.9933794466403162,0.002876948185547786,0.9922924901185772,0.9943354743083007,0.9599472990777337,0.013373994772542336,0.9333333333333333,0.13333333333333336,1.0,0.0,7.739761789542508e-08,0.0,5000.0,0.6583429766683063,0.11260609025845013,5000.0,"[3.3898431765575235e-06, 3.7217320873509316e-06, 1.779483310091203e-06, 5.069399348689057e-07, 9.461657720116019e-07, 1.3346740387412294e-06, 1.9264864983686622e-06, 2.183595600053645e-06, 3.6406398403478735e-06, 2.0312481853958523e-06, 2.520090584200279e-06, 1.1738861956493724e-06, 2.360581752694774e-06, 1.2859682738323605e-06, 8.659527994207663e-07, 3.684859877260531e-07, 1.1642670385627995e-06, 2.9452222712300336e-06, 3.3187595880421207e-06, 1.0614030253144286e-06, 4.328157708185849e-06, 8.806113941790503e-07, 9.14482233885808e-07, 2.6103337729567435e-06, 2.42906280721295e-06, 1.1748868416988805e-06, 1.3218827283166065e-06, 1.7405249652122334e-06, 1.4808994485991132e-06, 7.986490494216644e-07]","[0.9920948616600791, 0.9940711462450593, 0.9970355731225298, 0.9980237154150198, 0.9930830039525691, 0.9950592885375494, 0.9950592885375494, 0.9930830039525691, 0.9920948616600791, 0.9950592885375494, 0.9940711462450593, 0.991106719367589, 0.9920948616600791, 0.9930830039525691, 0.9950592885375494, 0.991106719367589, 0.9950592885375494, 0.9940711462450593, 0.9891304347826088, 0.9940711462450593, 0.9881422924901186, 0.9891304347826088, 0.9970355731225298, 0.9950592885375494, 0.9920948616600791, 0.9851778656126482, 0.9960474308300397, 0.9950592885375494, 0.9980237154150198, 0.9920948616600791]","[0.9525691699604742, 0.9525691699604742, 0.9762845849802372, 0.9841897233201582, 0.9604743083003953, 0.9604743083003953, 0.9683794466403163, 0.9525691699604742, 0.9604743083003953, 0.9683794466403163, 0.9604743083003953, 0.9525691699604742, 0.9604743083003953, 0.9525691699604742, 0.9683794466403163, 0.9525691699604742, 0.9683794466403163, 0.9604743083003953, 0.9367588932806324, 0.9604743083003953, 0.9446640316205535, 0.9446640316205535, 0.9762845849802372, 0.9683794466403163, 0.9525691699604742, 0.9209486166007905, 0.9762845849802372, 0.9683794466403163, 0.9841897233201582, 0.9525691699604742]","[1.0, 1.0, 1.0, 1.0, 1.0, 0.6666666666666666, 1.0, 1.0, 1.0, 0.6666666666666666, 0.6666666666666666, 1.0, 1.0, 0.6666666666666666, 1.0, 1.0, 1.0, 1.0, 0.6666666666666666, 1.0, 1.0, 1.0, 1.0, 1.0, 1.0, 1.0, 1.0, 1.0, 0.6666666666666666, 1.0]","[1.0, 1.0, 1.0, 1.0, 1.0, 1.0, 1.0, 1.0, 1.0, 1.0, 1.0, 1.0, 1.0, 1.0, 1.0, 1.0, 1.0, 1.0, 1.0, 1.0, 1.0, 1.0, 1.0, 1.0, 1.0, 1.0, 1.0, 1.0, 1.0, 1.0]"
credit,ridge,5000,8,23,b3_is,1.0148192030757104e-06,6.851945196779826e-07,4.4122574046770017e-08,2.9791066072955765e-08,7.713866317159871e-07,1.2718873659733915e-06,0.5416710452744138,0.9951581027667985,0.0022727272727272978,0.9943346508563901,0.9959156785243743,0.9683794466403163,0.011546193570596407,0.9888888888888888,0.059835164523716726,1.0,0.0,3.8609570754220935e-08,0.0,5000.0,0.7650062066677492,0.15937202059122085,5000.0,"[1.1195993751029253e-06, 3.249572726940198e-06, 1.4522178019445444e-06, 7.695815107899724e-07, 1.457715841904351e-06, 1.610495989119977e-06, 1.0776517672651045e-06, 2.0521456813752816e-06, 1.055528792199859e-06, 5.013495397931698e-07, 7.411652088887398e-07, 1.6408017184829135e-06, 8.211284793471206e-07, 3.4961327100087146e-07, 5.417047171608412e-07, 1.7564687547380657e-06, 1.1358951073076467e-06, 2.4765035565634655e-06, 5.73659561359353e-07, 1.0609708640115631e-06, 5.867218013457139e-07, 4.1634946538034724e-07, 3.00383033130676e-07, 3.282557814046751e-07, 3.472874612914401e-07, 7.445755594080212e-07, 5.231960002102048e-07, 7.076718583490793e-07, 4.913534285819165e-07, 5.550114378732807e-07]","[0.991106719367589, 0.9970355731225298, 0.9970355731225298, 0.9970355731225298, 0.9970355731225298, 0.9950592885375494, 0.9950592885375494, 0.9930830039525691, 0.9960474308300397, 0.9930830039525691, 0.9980237154150198, 0.9980237154150198, 0.9940711462450593, 0.9990118577075099, 0.9980237154150198, 0.9950592885375494, 0.9930830039525691, 0.9950592885375494, 0.9930830039525691, 0.9920948616600791, 0.9980237154150198, 0.9930830039525691, 0.9980237154150198, 0.9970355731225298, 0.9930830039525691, 0.9950592885375494, 0.9940711462450593, 0.991106719367589, 0.9960474308300397, 0.9920948616600791]","[0.9525691699604742, 0.9762845849802372, 0.9762845849802372, 0.9762845849802372, 0.9762845849802372, 0.9683794466403163, 0.9683794466403163, 0.9604743083003953, 0.9683794466403163, 0.9604743083003953, 0.9841897233201582, 0.9841897233201582, 0.9604743083003953, 0.992094861660079, 0.9841897233201582, 0.9683794466403163, 0.9604743083003953, 0.9604743083003953, 0.9604743083003953, 0.9525691699604742, 0.9841897233201582, 0.9604743083003953, 0.9841897233201582, 0.9762845849802372, 0.9604743083003953, 0.9683794466403163, 0.9604743083003953, 0.9446640316205535, 0.9683794466403163, 0.9525691699604742]","[1.0, 1.0, 1.0, 1.0, 1.0, 1.0, 1.0, 1.0, 0.6666666666666666, 1.0, 1.0, 1.0, 1.0, 1.0, 1.0, 1.0, 1.0, 1.0, 1.0, 1.0, 1.0, 1.0, 1.0, 1.0, 1.0, 1.0, 1.0, 1.0, 1.0, 1.0]","[1.0, 1.0, 1.0, 1.0, 1.0, 1.0, 1.0, 1.0, 1.0, 1.0, 1.0, 1.0, 1.0, 1.0, 1.0, 1.0, 1.0, 1.0, 1.0, 1.0, 1.0, 1.0, 1.0, 1.0, 1.0, 1.0, 1.0, 1.0, 1.0, 1.0]"
credit,ridge,5000,8,23,b4_antithetic,6.899788773354449e-07,4.4242275696075025e-08,2.999908162328021e-08,1.923577204177175e-09,6.729194174869071e-07,7.051127999702481e-07,0.36828390571524694,0.9916666666666669,0.0024161824683917154,0.990810276679842,0.9924901185770751,0.9541501976284584,0.009442146438560693,1.0,0.0,1.0,0.0,1.1326192339160803e-09,0.0,5000.0,0.6164244666676192,0.08619484877288647,5000.0,"[7.617673482725834e-07, 7.689139756504306e-07, 6.56035140401379e-07, 6.012715929518867e-07, 6.307563926728386e-07, 7.217635506580323e-07, 6.610245989457486e-07, 7.029341200630927e-07, 6.833827613134067e-07, 7.143202922235094e-07, 7.578099168616364e-07, 6.355770142670303e-07, 7.180842050570947e-07, 7.261133070761896e-07, 6.401131004466228e-07, 6.817856650711336e-07, 6.712824516821082e-07, 6.519590826348811e-07, 6.363677291952358e-07, 7.454530221715048e-07, 6.313061635983444e-07, 7.339928262350993e-07, 7.233745421968989e-07, 6.784814056379369e-07, 6.418983144708799e-07, 6.686781661037972e-07, 7.334195459108799e-07, 7.074565412000125e-07, 7.029324476156971e-07, 7.111110994774608e-07]","[0.9930830039525691, 0.9950592885375494, 0.9891304347826088, 0.9871541501976285, 0.9901185770750988, 0.991106719367589, 0.9930830039525691, 0.9930830039525691, 0.9940711462450593, 0.9901185770750988, 0.9930830039525691, 0.9891304347826088, 0.9940711462450593, 0.9950592885375494, 0.9950592885375494, 0.9891304347826088, 0.9871541501976285, 0.9881422924901186, 0.991106719367589, 0.991106719367589, 0.9950592885375494, 0.9891304347826088, 0.991106719367589, 0.991106719367589, 0.9930830039525691, 0.9930830039525691, 0.9950592885375494, 0.991106719367589, 0.9930830039525691, 0.9891304347826088]","[0.9604743083003953, 0.9683794466403163, 0.9446640316205535, 0.9367588932806324, 0.9525691699604742, 0.9525691699604742, 0.9525691699604742, 0.9525691699604742, 0.9604743083003953, 0.9525691699604742, 0.9604743083003953, 0.9446640316205535, 0.9604743083003953, 0.9683794466403163, 0.9683794466403163, 0.9446640316205535, 0.9367588932806324, 0.9367588932806324, 0.9525691699604742, 0.9525691699604742, 0.9683794466403163, 0.9446640316205535, 0.9525691699604742, 0.9525691699604742, 0.9604743083003953, 0.9604743083003953, 0.9683794466403163, 0.9525691699604742, 0.9604743083003953, 0.9446640316205535]","[1.0, 1.0, 1.0, 1.0, 1.0, 1.0, 1.0, 1.0, 1.0, 1.0, 1.0, 1.0, 1.0, 1.0, 1.0, 1.0, 1.0, 1.0, 1.0, 1.0, 1.0, 1.0, 1.0, 1.0, 1.0, 1.0, 1.0, 1.0, 1.0, 1.0]","[1.0, 1.0, 1.0, 1.0, 1.0, 1.0, 1.0, 1.0, 1.0, 1.0, 1.0, 1.0, 1.0, 1.0, 1.0, 1.0, 1.0, 1.0, 1.0, 1.0, 1.0, 1.0, 1.0, 1.0, 1.0, 1.0, 1.0, 1.0, 1.0, 1.0]"
credit,ridge,5000,9,23,abc_shap,1.6865243870706258e-05,1.0806192301522206e-05,7.332714726394025e-07,4.698344478922698e-07,1.3360975149294173e-05,2.0800545743152852e-05,7.5635821432722965,0.950197628458498,0.027325425018708143,0.9400485836627139,0.9594540513833992,0.8548089591567855,0.04629664288977755,1.0,0.0,1.0,0.0,6.996224097969953e-07,2484.0,2516.0,0.7626644900029835,0.08763351546244576,2484.0,"[1.1493232225535813e-05, 1.0070146511184102e-05, 3.195443662408821e-05, 1.235281940109855e-05, 6.162353791248155e-06, 1.0283767170182969e-05, 1.3272966674316502e-05, 1.0792455610508284e-05, 9.263886620861594e-06, 9.823759216238008e-06, 4.407984701686522e-06, 3.02869813126488e-05, 2.853114719133724e-05, 1.1049621658975679e-05, 1.322948873158413e-05, 1.2611985566459236e-05, 1.1340603000872757e-05, 2.075226479260877e-05, 3.3651131544689647e-06, 7.711141637106118e-06, 5.2316632785572176e-05, 2.0076421680806256e-05, 3.472496719421151e-05, 2.4213187954892034e-05, 1.627601014705713e-05, 2.6801069983092058e-05, 2.7972815253974085e-06, 1.538930466785079e-05, 2.534620846931001e-05, 1.9260076119988007e-05]","[0.950592885375494, 0.9723320158102767, 0.9229249011857708, 0.8596837944664032, 0.9733201581027668, 0.9555335968379446, 0.9288537549407114, 0.9664031620553359, 0.9634387351778656, 0.9693675889328063, 0.9683794466403162, 0.9209486166007905, 0.9456521739130436, 0.9426877470355731, 0.9525691699604744, 0.9575098814229249, 0.9466403162055337, 0.9644268774703558, 0.9861660079051384, 0.9851778656126482, 0.9229249011857708, 0.9407114624505929, 0.9249011857707511, 0.9189723320158102, 0.9673913043478262, 0.9051383399209486, 0.9812252964426879, 0.9782608695652174, 0.9693675889328063, 0.9644268774703558]","[0.841897233201581, 0.9051383399209486, 0.8181818181818182, 0.7233201581027668, 0.8814229249011858, 0.8498023715415021, 0.8102766798418973, 0.8893280632411068, 0.8656126482213439, 0.8893280632411068, 0.8972332015810277, 0.8181818181818182, 0.8181818181818182, 0.8498023715415021, 0.8656126482213439, 0.8735177865612648, 0.83399209486166, 0.8656126482213439, 0.9446640316205535, 0.9209486166007905, 0.8181818181818182, 0.8181818181818182, 0.8181818181818182, 0.7865612648221344, 0.8814229249011858, 0.7944664031620553, 0.9130434782608695, 0.9051383399209486, 0.8814229249011858, 0.8656126482213439]","[1.0, 1.0, 1.0, 1.0, 1.0, 1.0, 1.0, 1.0, 1.0, 1.0, 1.0, 1.0, 1.0, 1.0, 1.0, 1.0, 1.0, 1.0, 1.0, 1.0, 1.0, 1.0, 1.0, 1.0, 1.0, 1.0, 1.0, 1.0, 1.0, 1.0]","[1.0, 1.0, 1.0, 1.0, 1.0, 1.0, 1.0, 1.0, 1.0, 1.0, 1.0, 1.0, 1.0, 1.0, 1.0, 1.0, 1.0, 1.0, 1.0, 1.0, 1.0, 1.0, 1.0, 1.0, 1.0, 1.0, 1.0, 1.0, 1.0, 1.0]"
credit,ridge,5000,9,23,b1_uniform,4.59623612855672e-06,3.1786318156276894e-06,1.9983635341550955e-07,1.3820138328816042e-07,3.6308061959189432e-06,5.809158210035487e-06,2.0612811634818535,0.944038208168643,0.025864025458044372,0.934715085638999,0.9524398880105401,0.8495388669301713,0.04346548301076252,1.0,0.0,1.0,0.0,1.6394489236456185e-07,0.0,5000.0,0.6252065099989219,0.05701443804907508,5000.0,"[7.485926171317675e-06, 3.0071078432149674e-06, 5.642971342438706e-06, 8.213208745700813e-06, 4.405491957181226e-06, 3.5767251006529264e-06, 4.325952243882252e-06, 4.582752200831072e-06, 4.2995694619021675e-06, 7.203442409480117e-06, 3.976607669019029e-06, 2.9909899578476984e-06, 2.0569332301658963e-06, 3.703459814666425e-06, 2.3175743173004896e-06, 1.6775537870991478e-05, 2.2926514528246753e-06, 2.5728007704989166e-06, 4.111572273053913e-06, 7.186786681524407e-06, 3.534669979724167e-06, 3.5513777584656826e-06, 1.2009438818407482e-05, 1.9059577285094029e-06, 2.746122100836363e-06, 2.8799775652432067e-06, 2.324108685484657e-06, 2.0166075604709793e-06, 1.9037433248153454e-06, 4.2870188202494705e-06]","[0.9258893280632412, 0.9051383399209486, 0.9071146245059288, 0.9199604743083004, 0.9377470355731227, 0.9634387351778656, 0.9733201581027668, 0.9426877470355731, 0.933794466403162, 0.9594861660079053, 0.9673913043478262, 0.9486166007905139, 0.9357707509881423, 0.9683794466403162, 0.9861660079051384, 0.8735177865612648, 0.9851778656126482, 0.9229249011857708, 0.9140316205533597, 0.933794466403162, 0.9090909090909092, 0.9594861660079053, 0.9555335968379446, 0.9446640316205533, 0.9565217391304348, 0.9456521739130436, 0.9535573122529646, 0.9772727272727272, 0.9683794466403162, 0.9466403162055337]","[0.7944664031620553, 0.8023715415019763, 0.7786561264822134, 0.8181818181818182, 0.8498023715415021, 0.8735177865612648, 0.8814229249011858, 0.841897233201581, 0.8260869565217391, 0.8735177865612648, 0.8735177865612648, 0.841897233201581, 0.83399209486166, 0.8972332015810277, 0.9367588932806324, 0.7707509881422926, 0.9288537549407115, 0.7944664031620553, 0.8023715415019763, 0.8181818181818182, 0.7944664031620553, 0.8814229249011858, 0.8498023715415021, 0.8656126482213439, 0.8735177865612648, 0.8498023715415021, 0.857707509881423, 0.9209486166007905, 0.9051383399209486, 0.8498023715415021]","[1.0, 1.0, 1.0, 1.0, 1.0, 1.0, 1.0, 1.0, 1.0, 1.0, 1.0, 1.0, 1.0, 1.0, 1.0, 1.0, 1.0, 1.0, 1.0, 1.0, 1.0, 1.0, 1.0, 1.0, 1.0, 1.0, 1.0, 1.0, 1.0, 1.0]","[1.0, 1.0, 1.0, 1.0, 1.0, 1.0, 1.0, 1.0, 1.0, 1.0, 1.0, 1.0, 1.0, 1.0, 1.0, 1.0, 1.0, 1.0, 1.0, 1.0, 1.0, 1.0, 1.0, 1.0, 1.0, 1.0, 1.0, 1.0, 1.0, 1.0]"
credit,ridge,5000,9,23,b2_stratified,2.229795823095233e-06,1.6883261806054925e-06,9.694764448240144e-08,7.340548611328228e-08,1.696380644462123e-06,2.9338972462384215e-06,1.0,0.9811923583662714,0.009530949862357451,0.977568346508564,0.9843560606060606,0.9293807641633729,0.025569453429687902,1.0,0.0,1.0,0.0,8.993249076821065e-08,0.0,5000.0,0.6413388033319886,0.08524027985177543,5000.0,"[2.750765798906418e-06, 2.167549642046058e-06, 2.3219993900167806e-06, 1.6280195814150446e-06, 1.5109915530858402e-06, 2.0378560764012813e-06, 2.680232174590168e-06, 9.359670859463507e-07, 1.0989095755551467e-06, 4.847733191181602e-07, 1.1360825937379955e-06, 3.393319519987567e-07, 1.917990920630144e-06, 2.2065658709533934e-06, 1.0763988468125335e-06, 1.24224389962619e-06, 2.3866574944154647e-06, 9.941176235065422e-07, 3.996015379094788e-06, 1.0649519256659908e-06, 1.5205501632286261e-06, 2.4395605702694503e-06, 7.902783605131439e-06, 2.3272323884533766e-06, 7.552894750028686e-07, 2.266647133371338e-06, 1.1716276703163983e-06, 2.6741290304287007e-06, 5.120981948400252e-06, 6.737652004731513e-06]","[0.9851778656126482, 0.9772727272727272, 0.9624505928853755, 0.9812252964426879, 0.9871541501976285, 0.9851778656126482, 0.9891304347826088, 0.9930830039525691, 0.9891304347826088, 0.9901185770750988, 0.9930830039525691, 0.9930830039525691, 0.9723320158102767, 0.9762845849802372, 0.9772727272727272, 0.9723320158102767, 0.9733201581027668, 0.9851778656126482, 0.9614624505928853, 0.9762845849802372, 0.9822134387351777, 0.9960474308300397, 0.9644268774703558, 0.9871541501976285, 0.9851778656126482, 0.9861660079051384, 0.9733201581027668, 0.9871541501976285, 0.9881422924901186, 0.9654150197628459]","[0.9367588932806324, 0.9051383399209486, 0.8893280632411068, 0.9367588932806324, 0.9525691699604742, 0.9367588932806324, 0.9446640316205535, 0.9525691699604742, 0.9525691699604742, 0.9525691699604742, 0.9604743083003953, 0.9604743083003953, 0.9130434782608695, 0.9130434782608695, 0.9288537549407115, 0.8972332015810277, 0.9051383399209486, 0.9446640316205535, 0.8814229249011858, 0.9051383399209486, 0.9367588932806324, 0.9762845849802372, 0.8893280632411068, 0.9446640316205535, 0.9288537549407115, 0.9446640316205535, 0.9130434782608695, 0.9446640316205535, 0.9525691699604742, 0.8814229249011858]","[1.0, 1.0, 1.0, 1.0, 1.0, 1.0, 1.0, 1.0, 1.0, 1.0, 1.0, 1.0, 1.0, 1.0, 1.0, 1.0, 1.0, 1.0, 1.0, 1.0, 1.0, 1.0, 1.0, 1.0, 1.0, 1.0, 1.0, 1.0, 1.0, 1.0]","[1.0, 1.0, 1.0, 1.0, 1.0, 1.0, 1.0, 1.0, 1.0, 1.0, 1.0, 1.0, 1.0, 1.0, 1.0, 1.0, 1.0, 1.0, 1.0, 1.0, 1.0, 1.0, 1.0, 1.0, 1.0, 1.0, 1.0, 1.0, 1.0, 1.0]"
credit,ridge,5000,9,23,b3_is,9.030124922929594e-07,5.439049266106151e-07,3.926141270838954e-08,2.364804028741805e-08,7.121085284718585e-07,1.1100009924680583e-06,0.4049754165560621,0.991205533596838,0.006546396077095614,0.9884708498023714,0.9933794466403162,0.9573122529644269,0.019852235258853625,1.0,0.0,1.0,0.0,3.766566424691216e-08,0.0,5000.0,0.7570818399894051,0.08379452073095732,5000.0,"[2.1568234175597515e-06, 5.429207782637192e-07, 6.301979598171363e-07, 1.4404236808581832e-06, 4.949790261570002e-07, 2.2625519397500832e-07, 1.141204088078987e-06, 7.74772429841057e-07, 1.628238772941933e-07, 3.5389617829336697e-07, 1.7888456745141319e-06, 6.994031484510099e-07, 1.525119238831296e-06, 3.4029853076482825e-07, 7.446031883036982e-07, 1.6560156996856185e-06, 2.976819301248357e-07, 6.400272941685854e-07, 1.1646788255245431e-06, 1.8772452466990953e-06, 1.1923609404941357e-06, 5.517350510284236e-07, 1.0869035012388553e-06, 1.679914869215351e-06, 3.0986414600886187e-07, 9.004670727884695e-07, 6.489434137008674e-07, 3.711861068929396e-07, 5.832249740792739e-07, 1.1075592861355607e-06]","[0.9723320158102767, 0.9950592885375494, 0.9940711462450593, 0.9802371541501977, 0.9901185770750988, 0.9940711462450593, 0.9960474308300397, 0.9970355731225298, 0.9970355731225298, 0.9871541501976285, 0.9940711462450593, 0.9950592885375494, 0.9901185770750988, 0.9960474308300397, 0.991106719367589, 0.974308300395257, 0.9960474308300397, 0.9950592885375494, 0.991106719367589, 0.991106719367589, 0.9940711462450593, 0.9881422924901186, 0.9802371541501977, 0.9950592885375494, 0.9950592885375494, 0.9970355731225298, 0.9960474308300397, 0.9940711462450593, 0.9841897233201581, 0.9950592885375494]","[0.9130434782608695, 0.9683794466403163, 0.9604743083003953, 0.9288537549407115, 0.9525691699604742, 0.9604743083003953, 0.9683794466403163, 0.9762845849802372, 0.9841897233201582, 0.9367588932806324, 0.9762845849802372, 0.9683794466403163, 0.9525691699604742, 0.9762845849802372, 0.9525691699604742, 0.9051383399209486, 0.9762845849802372, 0.9683794466403163, 0.9604743083003953, 0.9604743083003953, 0.9604743083003953, 0.9525691699604742, 0.9209486166007905, 0.9683794466403163, 0.9604743083003953, 0.9762845849802372, 0.9762845849802372, 0.9604743083003953, 0.9288537549407115, 0.9683794466403163]","[1.0, 1.0, 1.0, 1.0, 1.0, 1.0, 1.0, 1.0, 1.0, 1.0, 1.0, 1.0, 1.0, 1.0, 1.0, 1.0, 1.0, 1.0, 1.0, 1.0, 1.0, 1.0, 1.0, 1.0, 1.0, 1.0, 1.0, 1.0, 1.0, 1.0]","[1.0, 1.0, 1.0, 1.0, 1.0, 1.0, 1.0, 1.0, 1.0, 1.0, 1.0, 1.0, 1.0, 1.0, 1.0, 1.0, 1.0, 1.0, 1.0, 1.0, 1.0, 1.0, 1.0, 1.0, 1.0, 1.0, 1.0, 1.0, 1.0, 1.0]"
credit,ridge,5000,9,23,b4_antithetic,6.437159468253788e-07,4.450398590260006e-08,2.798764986197299e-08,1.934955908808698e-09,6.274851301503148e-07,6.600719497467759e-07,0.28868829161758014,0.9889328063241106,0.004995740972238956,0.9869235836627142,0.9905805335968382,0.9446640316205532,0.01607162127217593,1.0,0.0,1.0,0.0,1.3249257019147411e-09,0.0,5000.0,0.6312794133380522,0.09322326634524083,5000.0,"[6.332318337221811e-07, 6.631373369616257e-07, 7.076375240203435e-07, 6.686184082169735e-07, 6.291227912748053e-07, 6.326684088596985e-07, 7.788469901649894e-07, 5.944996571706054e-07, 6.247072018317382e-07, 6.889114231727763e-07, 6.602813131229684e-07, 5.960678464733278e-07, 6.107930288581666e-07, 7.222288367017074e-07, 6.296028179401254e-07, 6.580680227482139e-07, 5.654317079578317e-07, 6.951881890054485e-07, 6.478649386892418e-07, 6.704558351275732e-07, 6.1905833851033e-07, 6.041800796813052e-07, 5.676154060495261e-07, 6.257262060942482e-07, 6.48001636941495e-07, 6.027569196516845e-07, 6.193164535922992e-07, 6.500574409700162e-07, 6.340738733951872e-07, 6.633279378549308e-07]","[0.991106719367589, 0.9851778656126482, 0.9861660079051384, 0.9930830039525691, 0.9891304347826088, 0.9851778656126482, 0.9901185770750988, 0.9960474308300397, 0.9920948616600791, 0.9841897233201581, 0.9950592885375494, 0.991106719367589, 0.9940711462450593, 0.9861660079051384, 0.9841897233201581, 0.9861660079051384, 0.9891304347826088, 0.9950592885375494, 0.9782608695652174, 0.9782608695652174, 0.9920948616600791, 0.9851778656126482, 0.9891304347826088, 0.9950592885375494, 0.991106719367589, 0.9920948616600791, 0.9881422924901186, 0.9940711462450593, 0.9782608695652174, 0.9930830039525691]","[0.9525691699604742, 0.9367588932806324, 0.9367588932806324, 0.9525691699604742, 0.9367588932806324, 0.9367588932806324, 0.9446640316205535, 0.9683794466403163, 0.9525691699604742, 0.9209486166007905, 0.9683794466403163, 0.9525691699604742, 0.9683794466403163, 0.9446640316205535, 0.9288537549407115, 0.9209486166007905, 0.9446640316205535, 0.9683794466403163, 0.9209486166007905, 0.9130434782608695, 0.9604743083003953, 0.9367588932806324, 0.9367588932806324, 0.9604743083003953, 0.9525691699604742, 0.9525691699604742, 0.9446640316205535, 0.9604743083003953, 0.9130434782608695, 0.9525691699604742]","[1.0, 1.0, 1.0, 1.0, 1.0, 1.0, 1.0, 1.0, 1.0, 1.0, 1.0, 1.0, 1.0, 1.0, 1.0, 1.0, 1.0, 1.0, 1.0, 1.0, 1.0, 1.0, 1.0, 1.0, 1.0, 1.0, 1.0, 1.0, 1.0, 1.0]","[1.0, 1.0, 1.0, 1.0, 1.0, 1.0, 1.0, 1.0, 1.0, 1.0, 1.0, 1.0, 1.0, 1.0, 1.0, 1.0, 1.0, 1.0, 1.0, 1.0, 1.0, 1.0, 1.0, 1.0, 1.0, 1.0, 1.0, 1.0, 1.0, 1.0]"
credit,rf,5000,0,23,abc_shap,0.0027219804004601357,0.0015251232553584204,0.00011834697393304938,6.630970675471393e-05,0.00221223781763501,0.003287222354054949,5.282394728145551,0.8761528326745718,0.06558681518636898,0.8515060935441372,0.8994548748353097,0.7364953886693019,0.0895140329457867,0.8888888888888891,0.15713484026367724,0.8933333333333334,0.09977753031397174,0.00010643604944571823,2484.0,2516.0,46.612163953339525,4.979792382904387,2484.0,"[0.002079696033691034, 0.002348460352845959, 0.004188150625252581, 0.0006621434720788285, 0.002225685470439514, 0.003079283629702183, 0.004387739904781161, 0.0039591004450171725, 0.0027214247930537985, 0.0012919670683355262, 0.0019470401349117826, 0.0014341257475431045, 0.0025365087463179612, 0.0016375833854884363, 0.005149015220733534, 0.004508278613405359, 0.004430708201511484, 0.0014430313094177226, 0.0018348626506540513, 0.003464709012299133, 0.0024105397619994286, 0.0011379792530083117, 0.00018297471600376775, 0.0020119450415417785, 0.0019952421732983786, 0.003963217737178587, 0.002309048234487899, 0.0012023788623892106, 0.007491142539641688, 0.003625428876774708]","[0.9565217391304348, 0.8290513833992096, 0.8705533596837944, 0.9664031620553359, 0.8152173913043478, 0.8527667984189724, 0.7875494071146245, 0.8073122529644269, 0.892292490118577, 0.8735177865612648, 0.8320158102766799, 0.9239130434782609, 0.8656126482213439, 0.9229249011857708, 0.9110671936758895, 0.7727272727272727, 0.7796442687747036, 0.8972332015810277, 0.9486166007905139, 0.9426877470355731, 0.9515810276679842, 0.9496047430830039, 0.9772727272727272, 0.892292490118577, 0.8972332015810277, 0.808300395256917, 0.8675889328063242, 0.9229249011857708, 0.708498023715415, 0.8616600790513835]","[0.8260869565217391, 0.6521739130434783, 0.7470355731225297, 0.8814229249011858, 0.6363636363636365, 0.7233201581027668, 0.6205533596837944, 0.6284584980237155, 0.7628458498023716, 0.7312252964426879, 0.6837944664031621, 0.7944664031620553, 0.7233201581027668, 0.8023715415019763, 0.7707509881422926, 0.5968379446640317, 0.5968379446640317, 0.7707509881422926, 0.8498023715415021, 0.8023715415019763, 0.83399209486166, 0.8498023715415021, 0.9130434782608695, 0.7470355731225297, 0.7707509881422926, 0.6205533596837944, 0.6996047430830039, 0.7786561264822134, 0.5731225296442688, 0.7075098814229249]","[0.6666666666666666, 1.0, 1.0, 1.0, 1.0, 1.0, 1.0, 0.6666666666666666, 1.0, 1.0, 1.0, 1.0, 1.0, 0.6666666666666666, 0.6666666666666666, 1.0, 1.0, 1.0, 1.0, 0.6666666666666666, 0.6666666666666666, 1.0, 1.0, 1.0, 1.0, 0.6666666666666666, 1.0, 0.6666666666666666, 0.6666666666666666, 0.6666666666666666]","[1.0, 0.8, 0.8, 0.8, 0.8, 0.8, 0.8, 1.0, 1.0, 1.0, 0.8, 1.0, 1.0, 1.0, 1.0, 0.8, 0.8, 1.0, 1.0, 0.8, 0.8, 1.0, 1.0, 0.8, 0.8, 1.0, 0.8, 0.8, 1.0, 0.8]"
credit,rf,5000,0,23,b1_uniform,0.008734113685838542,0.0011899476622672254,0.0003797440732973279,5.173685488118371e-05,0.008329511844311755,0.00917874087814442,16.949804664757398,0.7395915678524374,0.06001353678904289,0.7180467720685111,0.7603458498023714,0.5654808959156786,0.060081940618875534,0.9111111111111111,0.17069212773041353,0.8666666666666668,0.09428090415820632,5.6568798117299786e-05,0.0,5000.0,44.16060160332709,3.712976649800994,5000.0,"[0.009580923726111785, 0.008223308616922118, 0.009036679365477526, 0.008084189619965274, 0.00851518477652824, 0.008171485944481843, 0.01173502447280344, 0.009239751321684695, 0.00913249799051425, 0.007567151752886188, 0.006746582099107048, 0.00938757737074314, 0.008506109538175703, 0.010556145950826332, 0.007839729982784394, 0.008075451040182337, 0.009584344582364884, 0.008906004470863404, 0.0093714463206517, 0.009838955555350585, 0.008282142137038161, 0.00977625237666624, 0.00808921408822789, 0.009316242669158436, 0.007978711465064884, 0.008608589217454828, 0.010469705587579054, 0.008566459055448157, 0.005397607390005898, 0.007439942090087875]","[0.7193675889328064, 0.7865612648221343, 0.7193675889328064, 0.7697628458498025, 0.7094861660079053, 0.8399209486166009, 0.6729249011857709, 0.7045454545454546, 0.7984189723320158, 0.8023715415019764, 0.7648221343873517, 0.7252964426877472, 0.7322134387351779, 0.5563241106719368, 0.7539525691699605, 0.7490118577075098, 0.7727272727272727, 0.8142292490118577, 0.7065217391304347, 0.8053359683794467, 0.6551383399209486, 0.700592885375494, 0.6966403162055337, 0.733201581027668, 0.7480237154150197, 0.8003952569169961, 0.6956521739130435, 0.7529644268774704, 0.8418972332015809, 0.6600790513833992]","[0.5810276679841897, 0.6126482213438735, 0.525691699604743, 0.5889328063241107, 0.557312252964427, 0.6837944664031621, 0.5019762845849802, 0.5335968379446641, 0.6284584980237155, 0.6363636363636365, 0.5810276679841897, 0.549407114624506, 0.5335968379446641, 0.40711462450592883, 0.557312252964427, 0.525691699604743, 0.6126482213438735, 0.6521739130434783, 0.4940711462450593, 0.6363636363636365, 0.4782608695652174, 0.5019762845849802, 0.5652173913043478, 0.557312252964427, 0.5731225296442688, 0.6047430830039525, 0.525691699604743, 0.5889328063241107, 0.6600790513833992, 0.5098814229249012]","[1.0, 1.0, 1.0, 1.0, 1.0, 1.0, 1.0, 1.0, 1.0, 1.0, 1.0, 1.0, 1.0, 1.0, 0.6666666666666666, 0.6666666666666666, 1.0, 0.6666666666666666, 0.6666666666666666, 1.0, 1.0, 1.0, 1.0, 0.6666666666666666, 1.0, 0.6666666666666666, 0.3333333333333333, 1.0, 1.0, 1.0]","[0.8, 1.0, 0.8, 0.8, 0.8, 1.0, 1.0, 0.8, 0.8, 0.8, 0.8, 0.8, 1.0, 0.8, 0.8, 1.0, 0.8, 1.0, 0.8, 1.0, 0.8, 0.8, 0.8, 1.0, 1.0, 0.8, 0.8, 1.0, 0.8, 0.8]"
credit,rf,5000,0,23,b2_stratified,0.0005152928814571417,0.00019434136483982513,2.2404038324223553e-05,8.449624558253266e-06,0.00044787513434178583,0.0005878905018237522,1.0,0.9640974967061922,0.01979630457116229,0.9563891633728591,0.9701910408432147,0.8777338603425561,0.03551354010820857,0.9888888888888888,0.059835164523716726,0.9866666666666667,0.04988876515698587,2.0453294226121594e-05,0.0,5000.0,46.42413240999449,4.5450969251992035,5000.0,"[0.0004262745523595171, 0.0005474156092045617, 0.0004398289678358594, 0.00037313741199346625, 0.00047399657192424323, 0.00020644398595625365, 0.0009446556429194724, 0.0009877467488836299, 0.00039739970766934646, 0.0009768947535122958, 0.0005055022763381011, 0.0007010863151988652, 0.0003716257266680873, 0.00018170366309942679, 0.0006375836871754072, 0.0007068868129715933, 0.0003312267912881449, 0.0005051397951278576, 0.0005112839472449411, 0.0004900433569563657, 0.0004953446999246146, 0.0006798832900436881, 0.0003844306574200694, 0.00038062033286688046, 0.00046561615904818296, 0.0004310223497235903, 0.0006018594297963539, 0.00034109548044094893, 0.0005069022036358176, 0.00045613551648666716]","[0.9792490118577075, 0.9387351778656127, 0.9782608695652174, 0.9772727272727272, 0.9812252964426879, 0.9841897233201581, 0.9515810276679842, 0.9041501976284586, 0.9841897233201581, 0.9555335968379446, 0.9762845849802372, 0.9496047430830039, 0.9426877470355731, 0.9802371541501977, 0.9752964426877472, 0.9594861660079053, 0.9802371541501977, 0.9466403162055337, 0.974308300395257, 0.9565217391304348, 0.9762845849802372, 0.91600790513834, 0.9792490118577075, 0.9456521739130436, 0.9693675889328063, 0.9733201581027668, 0.958498023715415, 0.974308300395257, 0.9792490118577075, 0.9752964426877472]","[0.9130434782608695, 0.8181818181818182, 0.9051383399209486, 0.9051383399209486, 0.9051383399209486, 0.9209486166007905, 0.83399209486166, 0.8260869565217391, 0.9288537549407115, 0.841897233201581, 0.9051383399209486, 0.857707509881423, 0.83399209486166, 0.9051383399209486, 0.8972332015810277, 0.857707509881423, 0.9130434782608695, 0.8260869565217391, 0.8814229249011858, 0.8656126482213439, 0.9051383399209486, 0.8023715415019763, 0.9051383399209486, 0.841897233201581, 0.8972332015810277, 0.8814229249011858, 0.8498023715415021, 0.8893280632411068, 0.9051383399209486, 0.9130434782608695]","[1.0, 1.0, 1.0, 1.0, 1.0, 1.0, 1.0, 1.0, 1.0, 1.0, 1.0, 1.0, 1.0, 1.0, 1.0, 1.0, 1.0, 1.0, 1.0, 1.0, 1.0, 0.6666666666666666, 1.0, 1.0, 1.0, 1.0, 1.0, 1.0, 1.0, 1.0]","[1.0, 1.0, 1.0, 1.0, 1.0, 1.0, 1.0, 1.0, 1.0, 1.0, 1.0, 1.0, 1.0, 1.0, 0.8, 1.0, 1.0, 1.0, 1.0, 1.0, 1.0, 1.0, 1.0, 1.0, 1.0, 1.0, 0.8, 1.0, 1.0, 1.0]"
credit,rf,5000,0,23,b3_is,0.0002480409404507714,0.0001106304502798947,1.078438871525093e-05,4.810019577386726e-06,0.0002088450318487006,0.00028718797017448534,0.4813591442392196,0.9824769433465085,0.010700363902106423,0.9787870553359684,0.9859025032938075,0.9235836627140975,0.028233138837373117,0.9888888888888888,0.059835164523716726,1.0,0.0,8.303240220360324e-06,0.0,5000.0,46.541335836666015,4.261125612330995,5000.0,"[0.00019923156153139304, 0.0001318805722015796, 0.0003577522344984093, 0.00018385143262777883, 0.0003751490218059414, 0.00023414164683116908, 0.000565403499893207, 0.00010265847557768294, 0.00020606264293732235, 0.00020030726075701545, 0.0002045449467942508, 0.0003125068635234266, 0.000422871385847211, 0.0002448255458051315, 0.0002074298782315007, 0.00022362113241206842, 0.0001349426530005891, 0.00029155580069381505, 0.00010897221298755, 0.0004022824657056189, 0.00011498147625843935, 0.00037805170648947154, 0.00010082748183664132, 0.0002249277394134217, 0.00017606762467923138, 0.0003638154302470895, 0.00026301853053059077, 0.000160946343644677, 0.0003505365537833011, 0.00019806409297761722]","[0.9841897233201581, 0.9851778656126482, 0.983201581027668, 0.974308300395257, 0.9851778656126482, 0.9693675889328063, 0.9802371541501977, 0.9950592885375494, 0.991106719367589, 0.9683794466403162, 0.9822134387351777, 0.9466403162055337, 0.9822134387351777, 0.974308300395257, 0.9940711462450593, 0.9901185770750988, 0.9901185770750988, 0.9881422924901186, 0.9861660079051384, 0.9575098814229249, 0.991106719367589, 0.9752964426877472, 0.9920948616600791, 0.9851778656126482, 0.9891304347826088, 0.9901185770750988, 0.9841897233201581, 0.9841897233201581, 0.9812252964426879, 0.9940711462450593]","[0.9209486166007905, 0.9209486166007905, 0.9288537549407115, 0.9130434782608695, 0.9209486166007905, 0.8814229249011858, 0.9130434782608695, 0.9604743083003953, 0.9525691699604742, 0.8893280632411068, 0.9209486166007905, 0.841897233201581, 0.9288537549407115, 0.8972332015810277, 0.9604743083003953, 0.9367588932806324, 0.9525691699604742, 0.9367588932806324, 0.9288537549407115, 0.8656126482213439, 0.9525691699604742, 0.9051383399209486, 0.9604743083003953, 0.9209486166007905, 0.9446640316205535, 0.9446640316205535, 0.9209486166007905, 0.9209486166007905, 0.9051383399209486, 0.9604743083003953]","[1.0, 1.0, 1.0, 1.0, 1.0, 1.0, 1.0, 1.0, 1.0, 1.0, 1.0, 1.0, 1.0, 1.0, 1.0, 1.0, 1.0, 1.0, 1.0, 1.0, 1.0, 1.0, 1.0, 0.6666666666666666, 1.0, 1.0, 1.0, 1.0, 1.0, 1.0]","[1.0, 1.0, 1.0, 1.0, 1.0, 1.0, 1.0, 1.0, 1.0, 1.0, 1.0, 1.0, 1.0, 1.0, 1.0, 1.0, 1.0, 1.0, 1.0, 1.0, 1.0, 1.0, 1.0, 1.0, 1.0, 1.0, 1.0, 1.0, 1.0, 1.0]"
credit,rf,5000,0,23,b4_antithetic,0.008425193932599166,0.0008509325772050338,0.0003663127796782246,3.6997068574131906e-05,0.008120348744300988,0.008720098448679508,16.350301422318232,0.7698287220026352,0.039892022201599146,0.7555327733860341,0.7846508563899868,0.5947299077733861,0.04940693895445274,0.9111111111111111,0.17069212773041353,0.8666666666666668,0.09428090415820632,3.4778531067223175e-05,0.0,5000.0,43.91807434666165,3.980025345191391,5000.0,"[0.007876127555068075, 0.008176206999277794, 0.008605144075970319, 0.007783644367435953, 0.008788730174018485, 0.00899493656556214, 0.00902664224020761, 0.008177429359888027, 0.00781609495281649, 0.007612104473213541, 0.0071641718849240685, 0.009542296082184919, 0.006457110941846607, 0.009624533203204421, 0.009298610074970274, 0.008309049337184899, 0.007573215820123799, 0.008181249578743282, 0.008313666207662135, 0.010151346089042723, 0.009436253815160537, 0.009191877534952882, 0.008060945489919865, 0.007832682464859296, 0.008500395195730589, 0.008037626558697292, 0.007860012223987039, 0.009942080469635264, 0.007393022344026785, 0.009028611897659833]","[0.8389328063241107, 0.7440711462450592, 0.7934782608695652, 0.8300395256916996, 0.7944664031620554, 0.8201581027667983, 0.7361660079051384, 0.7490118577075098, 0.7717391304347826, 0.7658102766798419, 0.7964426877470356, 0.700592885375494, 0.75, 0.7252964426877472, 0.7658102766798419, 0.7292490118577075, 0.782608695652174, 0.7035573122529645, 0.8033596837944664, 0.6778656126482214, 0.7727272727272727, 0.7569169960474308, 0.8063241106719368, 0.8122529644268776, 0.7401185770750989, 0.8122529644268776, 0.7430830039525691, 0.7776679841897233, 0.824110671936759, 0.7707509881422924]","[0.6837944664031621, 0.5889328063241107, 0.5968379446640317, 0.691699604743083, 0.6205533596837944, 0.6284584980237155, 0.549407114624506, 0.557312252964427, 0.5889328063241107, 0.5889328063241107, 0.6442687747035574, 0.5019762845849802, 0.5731225296442688, 0.549407114624506, 0.5810276679841897, 0.5335968379446641, 0.6205533596837944, 0.541501976284585, 0.6284584980237155, 0.4940711462450593, 0.5889328063241107, 0.5889328063241107, 0.6600790513833992, 0.6442687747035574, 0.5177865612648221, 0.6284584980237155, 0.5968379446640317, 0.5889328063241107, 0.6600790513833992, 0.6047430830039525]","[1.0, 1.0, 1.0, 1.0, 0.6666666666666666, 1.0, 1.0, 1.0, 1.0, 1.0, 1.0, 0.6666666666666666, 1.0, 1.0, 1.0, 1.0, 0.6666666666666666, 1.0, 0.6666666666666666, 1.0, 1.0, 1.0, 1.0, 1.0, 0.3333333333333333, 0.6666666666666666, 1.0, 1.0, 1.0, 0.6666666666666666]","[0.8, 0.8, 0.8, 1.0, 0.8, 1.0, 0.8, 0.8, 0.8, 0.8, 1.0, 0.8, 0.8, 0.8, 0.8, 0.8, 1.0, 1.0, 1.0, 0.8, 0.8, 1.0, 0.8, 0.8, 1.0, 0.8, 1.0, 1.0, 0.8, 0.8]"
credit,rf,5000,1,23,abc_shap,0.004853071847441852,0.0035906081891006964,0.00021100312380181968,0.00015611339952611723,0.003643920179238407,0.006236351948952282,4.599994428805835,0.7694005270092228,0.09508321299648304,0.7352503293807643,0.8043486495388669,0.6002635046113307,0.09231729026305334,0.8555555555555556,0.2051798368068821,0.7266666666666669,0.1093414631123782,0.00019157405013692404,2484.0,2516.0,45.33713454666237,2.360233245797973,2484.0,"[0.0014979082745128964, 0.010429149855005645, 0.003152330844916567, 0.006887891582195871, 0.005984520598913451, 0.004448465817401204, 0.004714256520990641, 0.0023640014619124034, 0.013992896439227017, 0.0019775384595150957, 0.004095579369153202, 0.00818917554711742, 0.006291784699524409, 0.002671696388887538, 0.0010765346022364682, 0.008192978928900174, 0.006724660440328758, 0.00891977994136541, 0.0038772362991652707, 0.0027045379818391693, 0.0012865440805305728, 0.004617292969307347, 0.001402864421885179, 0.004914567610867289, 0.0015406002795042956, 0.0011948257933496833, 0.001938970211824708, 0.014898741101898632, 0.001932728236571133, 0.0036720966644081185]","[0.7865612648221343, 0.4822134387351779, 0.7687747035573124, 0.6887351778656127, 0.5523715415019763, 0.7549407114624507, 0.7915019762845852, 0.8171936758893281, 0.8290513833992096, 0.8142292490118577, 0.6600790513833992, 0.650197628458498, 0.7430830039525691, 0.8428853754940712, 0.9061264822134387, 0.6452569169960475, 0.7865612648221343, 0.7015810276679841, 0.8478260869565217, 0.8280632411067194, 0.8428853754940712, 0.8873517786561266, 0.7529644268774704, 0.8418972332015809, 0.8152173913043478, 0.8280632411067194, 0.8270750988142292, 0.7717391304347826, 0.7430830039525691, 0.874505928853755]","[0.5968379446640317, 0.3280632411067194, 0.5731225296442688, 0.5098814229249012, 0.41501976284584985, 0.5731225296442688, 0.6205533596837944, 0.6600790513833992, 0.6600790513833992, 0.6363636363636365, 0.5098814229249012, 0.4545454545454546, 0.549407114624506, 0.6521739130434783, 0.7312252964426879, 0.4545454545454546, 0.6363636363636365, 0.557312252964427, 0.6837944664031621, 0.6521739130434783, 0.6758893280632412, 0.7075098814229249, 0.6442687747035574, 0.6679841897233202, 0.6521739130434783, 0.6600790513833992, 0.6363636363636365, 0.5968379446640317, 0.6047430830039525, 0.7075098814229249]","[1.0, 0.6666666666666666, 1.0, 0.3333333333333333, 0.6666666666666666, 1.0, 1.0, 1.0, 1.0, 1.0, 1.0, 0.6666666666666666, 1.0, 0.6666666666666666, 1.0, 0.6666666666666666, 1.0, 1.0, 1.0, 0.6666666666666666, 1.0, 0.3333333333333333, 1.0, 0.6666666666666666, 0.6666666666666666, 0.6666666666666666, 1.0, 1.0, 1.0, 1.0]","[0.8, 0.6, 0.8, 0.6, 0.8, 0.8, 0.8, 0.6, 0.8, 0.8, 0.6, 0.6, 0.8, 0.6, 0.6, 0.8, 0.8, 0.8, 0.8, 0.8, 1.0, 0.8, 0.6, 0.6, 0.8, 0.6, 0.8, 0.6, 0.8, 0.6]"
credit,rf,5000,1,23,b1_uniform,0.020823725193036095,0.002542423459519108,0.0009053793562189607,0.00011054015041387426,0.019899486397960246,0.021765863838362442,19.737812026302883,0.23046772068511204,0.21107510164737336,0.1537887022397892,0.305943675889328,0.15783926218708824,0.1596333466710005,0.5111111111111112,0.1872477727372524,0.49333333333333323,0.16918103387266026,0.00013694681333737332,0.0,5000.0,44.00302254666652,2.695442876237602,5000.0,"[0.026225297773140418, 0.023047267593456124, 0.02135160404944833, 0.0180902160291038, 0.019989104343128845, 0.021814660955988604, 0.022959569601343936, 0.02308736863659454, 0.019994672304163057, 0.01791942823631022, 0.017463646840163004, 0.023675710315163186, 0.021224595390210467, 0.021835362451680173, 0.019385509564506926, 0.01762612696744774, 0.02620964201781885, 0.020479199618411045, 0.020820736344694463, 0.020951953691124955, 0.017705637931115497, 0.01940679449864178, 0.02211785145233011, 0.02322774935756526, 0.01732410857863629, 0.02019308575821356, 0.024052530258050115, 0.018497796882753846, 0.016249275605801857, 0.021785252744075966]","[0.31521739130434784, 0.1492094861660079, 0.4100790513833992, 0.45553359683794475, 0.58300395256917, 0.40909090909090917, 0.049407114624505935, 0.46640316205533605, 0.4871541501976285, 0.4041501976284585, 0.08102766798418974, 0.2272727272727273, 0.4229249011857708, -0.03162055335968379, -0.05237154150197629, -0.03063241106719368, 0.3053359683794466, 0.19367588932806326, 0.08596837944664032, 0.2658102766798419, 0.43478260869565216, 0.09683794466403163, -0.2598814229249012, 0.09486166007905138, 0.47035573122529645, 0.3567193675889328, -0.19762845849802374, 0.1442687747035573, 0.3359683794466403, 0.24110671936758896]","[0.20948616600790515, 0.09881422924901187, 0.3122529644268775, 0.3122529644268775, 0.44664031620553357, 0.25691699604743085, 0.02766798418972332, 0.3754940711462451, 0.35177865612648224, 0.2885375494071147, 0.05928853754940712, 0.16996047430830039, 0.28063241106719367, -0.003952569169960474, -0.03557312252964427, -0.07509881422924901, 0.2173913043478261, 0.11462450592885376, 0.05138339920948617, 0.1857707509881423, 0.3359683794466403, 0.05138339920948617, -0.22529644268774704, 0.03557312252964427, 0.30434782608695654, 0.25691699604743085, -0.1383399209486166, 0.08300395256916997, 0.2490118577075099, 0.1383399209486166]","[0.3333333333333333, 0.6666666666666666, 0.6666666666666666, 0.6666666666666666, 0.3333333333333333, 0.6666666666666666, 0.6666666666666666, 0.6666666666666666, 0.3333333333333333, 0.6666666666666666, 0.3333333333333333, 0.6666666666666666, 0.6666666666666666, 0.3333333333333333, 0.3333333333333333, 0.3333333333333333, 0.6666666666666666, 0.6666666666666666, 0.3333333333333333, 0.3333333333333333, 0.6666666666666666, 0.6666666666666666, 0.3333333333333333, 0.3333333333333333, 0.3333333333333333, 0.3333333333333333, 0.3333333333333333, 0.3333333333333333, 0.6666666666666666, 1.0]","[0.4, 0.6, 0.6, 0.6, 0.6, 0.8, 0.4, 0.8, 0.6, 0.4, 0.4, 0.4, 0.6, 0.4, 0.2, 0.2, 0.6, 0.4, 0.6, 0.6, 0.6, 0.6, 0.2, 0.6, 0.6, 0.2, 0.2, 0.4, 0.6, 0.6]"
credit,rf,5000,1,23,b2_stratified,0.001055016896770833,0.0006748406724892251,4.587029985960143e-05,2.9340898803879353e-05,0.0008384217851051819,0.0013264535382004167,1.0,0.8752964426877471,0.056168103293291964,0.8534206192358367,0.8953252635046113,0.7251646903820816,0.07411977692569065,0.8666666666666668,0.16329931618554522,0.8200000000000002,0.13999999999999999,4.335436383270483e-05,0.0,5000.0,45.02265260333079,2.4797715618985414,5000.0,"[0.00043542991935323187, 0.00039118043928068315, 0.00032750475109039436, 0.00030656348478221793, 0.0002365312237958135, 0.0012231564025986252, 0.0010304445916625618, 0.0011709435352396582, 0.00090189464786382, 0.0037727464672217357, 0.0005919008583363487, 0.0009956038980531363, 0.000780883588771303, 0.001120196794154884, 0.0007271725248650357, 0.0009432852807782065, 0.0017624557354902494, 0.0008372053886162716, 0.0013671588784917085, 0.001711542879565241, 0.0014031020520999071, 0.0002637652389525332, 0.0009294226767421759, 0.0018235767071676126, 0.0015749728191471828, 0.0005276034611826531, 0.0007840768578539567, 0.0014222912173061958, 0.0010870891901722485, 0.0012008053924893955]","[0.8646245059288538, 0.8942687747035574, 0.9367588932806324, 0.9357707509881423, 0.9664031620553359, 0.8656126482213439, 0.7865612648221343, 0.8320158102766799, 0.8616600790513835, 0.8636363636363636, 0.8527667984189724, 0.8932806324110673, 0.9120553359683794, 0.83399209486166, 0.8152173913043478, 0.8349802371541503, 0.8685770750988143, 0.7835968379446642, 0.7984189723320158, 0.8685770750988143, 0.9150197628458498, 0.9535573122529646, 0.9258893280632412, 0.9308300395256918, 0.7608695652173914, 0.9555335968379446, 0.9061264822134387, 0.8013833992094862, 0.9466403162055337, 0.8942687747035574]","[0.6837944664031621, 0.7628458498023716, 0.8181818181818182, 0.83399209486166, 0.8498023715415021, 0.691699604743083, 0.6047430830039525, 0.6758893280632412, 0.691699604743083, 0.7075098814229249, 0.691699604743083, 0.7391304347826086, 0.7391304347826086, 0.6837944664031621, 0.6205533596837944, 0.6363636363636365, 0.6996047430830039, 0.6205533596837944, 0.6284584980237155, 0.6837944664031621, 0.7865612648221344, 0.841897233201581, 0.7786561264822134, 0.7865612648221344, 0.6679841897233202, 0.8260869565217391, 0.7865612648221344, 0.6442687747035574, 0.841897233201581, 0.7312252964426879]","[1.0, 0.6666666666666666, 0.6666666666666666, 1.0, 1.0, 1.0, 1.0, 0.6666666666666666, 0.6666666666666666, 1.0, 1.0, 1.0, 0.6666666666666666, 1.0, 1.0, 1.0, 1.0, 1.0, 0.6666666666666666, 1.0, 1.0, 0.6666666666666666, 0.6666666666666666, 1.0, 1.0, 0.6666666666666666, 0.6666666666666666, 1.0, 0.6666666666666666, 0.6666666666666666]","[0.8, 1.0, 1.0, 1.0, 0.8, 0.8, 0.8, 1.0, 0.8, 0.8, 0.8, 0.6, 0.8, 0.8, 0.6, 0.8, 1.0, 0.8, 0.4, 0.8, 0.8, 1.0, 0.8, 0.8, 0.8, 0.6, 1.0, 0.8, 1.0, 0.8]"
credit,rf,5000,1,23,b3_is,0.0004090326031070178,0.00025327911490669275,1.778402622204425e-05,1.101213543072577e-05,0.00032232657095677324,0.000504985583717054,0.38770241913563064,0.9389328063241107,0.023230662778459144,0.9309272068511201,0.9476638669301714,0.8171277997364953,0.03951163562103095,0.9666666666666667,0.1,0.8400000000000001,0.07999999999999999,1.5276785165947695e-05,0.0,5000.0,45.47947223667482,2.3144031722068465,5000.0,"[0.00015400570074194044, 0.0006124855304348631, 0.0009418962281142581, 0.0002760317563674832, 0.0002025212835717252, 0.00034367730101579884, 0.00016746370873087327, 0.0006155241362087407, 0.00013622275069317415, 0.0002779105098001947, 0.0003169025585166777, 0.0006704781018755034, 0.000557854549657713, 0.0006436579926006516, 0.00033306562231209694, 0.00021364789688919637, 0.0004298423185281109, 0.00023189236046718004, 0.0006359825261499955, 0.00021690291017531106, 0.00015962899140927104, 0.00028338719035576746, 0.001158810171224622, 0.0002651944873400727, 0.00020800776604444718, 0.0002913884064686476, 0.0002535453762164929, 0.0005866039825695976, 0.0002676514890055291, 0.0008187944897245967]","[0.9664031620553359, 0.9209486166007905, 0.9061264822134387, 0.9061264822134387, 0.9713438735177865, 0.9466403162055337, 0.9604743083003953, 0.9624505928853755, 0.9199604743083004, 0.9575098814229249, 0.9179841897233202, 0.9150197628458498, 0.9673913043478262, 0.9258893280632412, 0.9486166007905139, 0.9486166007905139, 0.9496047430830039, 0.9288537549407114, 0.9436758893280633, 0.9436758893280633, 0.9545454545454547, 0.950592885375494, 0.8932806324110673, 0.9110671936758895, 0.9318181818181819, 0.9624505928853755, 0.892292490118577, 0.9713438735177865, 0.9624505928853755, 0.9308300395256918]","[0.8498023715415021, 0.7865612648221344, 0.7312252964426879, 0.7865612648221344, 0.8735177865612648, 0.8102766798418973, 0.8498023715415021, 0.8814229249011858, 0.7865612648221344, 0.83399209486166, 0.7549407114624506, 0.7865612648221344, 0.8656126482213439, 0.7865612648221344, 0.8260869565217391, 0.83399209486166, 0.83399209486166, 0.7865612648221344, 0.8102766798418973, 0.83399209486166, 0.841897233201581, 0.83399209486166, 0.7628458498023716, 0.7865612648221344, 0.8181818181818182, 0.8735177865612648, 0.7549407114624506, 0.8735177865612648, 0.857707509881423, 0.8023715415019763]","[1.0, 1.0, 1.0, 1.0, 1.0, 0.6666666666666666, 1.0, 1.0, 1.0, 1.0, 0.6666666666666666, 1.0, 1.0, 1.0, 1.0, 1.0, 0.6666666666666666, 1.0, 1.0, 1.0, 1.0, 1.0, 1.0, 1.0, 1.0, 1.0, 1.0, 1.0, 1.0, 1.0]","[0.8, 0.8, 0.8, 0.8, 1.0, 0.8, 0.8, 0.8, 1.0, 0.8, 0.8, 1.0, 0.8, 0.8, 0.8, 0.8, 0.8, 0.8, 0.8, 0.8, 0.8, 0.8, 0.8, 0.8, 1.0, 1.0, 1.0, 0.8, 0.8, 0.8]"
credit,rf,5000,1,23,b4_antithetic,0.019862407780463366,0.0031576172652033573,0.0008635829469766681,0.00013728770718275467,0.018629489733638482,0.020885294510374863,18.826625280844016,0.2784914361001317,0.1230055474235954,0.23222084980237154,0.32283432147562585,0.1855072463768116,0.09170149771644198,0.47777777777777786,0.1862561623804468,0.5333333333333333,0.149071198499986,5.8394689002461994e-05,0.0,5000.0,43.482796449992264,3.1140779388868136,5000.0,"[0.021577033998914447, 0.0211830025913653, 0.021416538470921405, 0.019415954332217752, 0.02115343708145182, 0.019212681750877217, 0.02207204342295752, 0.020097872775762558, 0.022163242764991514, 0.02056443023258084, 0.019814930365100163, 0.02003492599603445, 0.01855010626639136, 0.020630597321237787, 0.02014046762784417, 0.019080714256647608, 0.019092449230026523, 0.021689974201843043, 0.014159713324106576, 0.021644096613078374, 0.019309859673426806, 0.01761328163980997, 0.01968198551944754, 0.024323062347941505, 0.026092001873671902, 0.0214967974717344, 0.0113420221211371, 0.02151332729814143, 0.020621692824765003, 0.010183990019474839]","[0.19664031620553357, 0.46640316205533605, 0.34980237154150196, 0.3438735177865613, 0.1324110671936759, 0.2648221343873518, 0.3191699604743083, 0.20355731225296442, 0.3745059288537549, 0.3053359683794466, 0.22430830039525693, 0.12055335968379448, 0.44169960474308306, 0.30632411067193677, 0.28952569169960474, -0.08695652173913043, 0.13438735177865613, 0.1600790513833992, 0.2381422924901186, 0.21640316205533597, 0.43873517786561267, 0.3320158102766798, 0.3221343873517787, 0.3596837944664032, 0.43478260869565216, 0.06620553359683795, 0.3636363636363636, 0.2964426877470355, 0.4130434782608696, 0.3270750988142293]","[0.1383399209486166, 0.3201581027667984, 0.25691699604743085, 0.28063241106719367, 0.09090909090909091, 0.15415019762845852, 0.19367588932806323, 0.09881422924901187, 0.25691699604743085, 0.16996047430830039, 0.14624505928853754, 0.04347826086956522, 0.3122529644268775, 0.16205533596837945, 0.17786561264822134, -0.06719367588932808, 0.09090909090909091, 0.11462450592885376, 0.19367588932806323, 0.1383399209486166, 0.3122529644268775, 0.24110671936758896, 0.2015810276679842, 0.2490118577075099, 0.28063241106719367, 0.03557312252964427, 0.2648221343873518, 0.1857707509881423, 0.30434782608695654, 0.2173913043478261]","[0.3333333333333333, 0.3333333333333333, 0.6666666666666666, 0.6666666666666666, 0.3333333333333333, 1.0, 0.3333333333333333, 0.3333333333333333, 0.3333333333333333, 0.6666666666666666, 0.3333333333333333, 0.6666666666666666, 0.3333333333333333, 0.6666666666666666, 0.6666666666666666, 0.3333333333333333, 0.6666666666666666, 0.6666666666666666, 0.3333333333333333, 0.3333333333333333, 0.3333333333333333, 0.6666666666666666, 0.6666666666666666, 0.3333333333333333, 0.3333333333333333, 0.3333333333333333, 0.3333333333333333, 0.3333333333333333, 0.6666666666666666, 0.3333333333333333]","[0.4, 0.4, 0.6, 0.6, 0.4, 0.8, 0.6, 0.4, 0.4, 0.8, 0.6, 0.6, 0.6, 0.8, 0.6, 0.4, 0.4, 0.4, 0.6, 0.4, 0.6, 0.4, 0.4, 0.6, 0.8, 0.2, 0.6, 0.6, 0.6, 0.4]"
credit,rf,5000,2,23,abc_shap,0.0029331717782447217,0.0017937935083518868,0.00012752920774977052,7.799102210225594e-05,0.0023001425006219764,0.0035442619500541004,4.259160195887391,0.6445981554677206,0.1649138799683903,0.5882386363636364,0.7015917325428196,0.48880105401844537,0.14612512738338548,0.6666666666666666,0.22771001702132443,0.6400000000000002,0.14047538337136986,0.00011864253312861952,2484.0,2516.0,43.08544903667062,0.673253136936075,2484.0,"[0.002272303822204712, 0.0012284826659029178, 0.0019738254604163095, 0.0006414592924696622, 0.0048591781293441435, 0.0006477894744087107, 0.003620398933943033, 0.002962223257846726, 0.0009734562153768262, 0.00503242292963809, 0.0028981609450450096, 0.003181393418191294, 0.0010446285062825611, 0.00221570235242708, 0.0039973177669972125, 0.0034910907586766246, 0.0016556280730197128, 0.002015136788163257, 0.0011218273155779329, 0.005245947275069224, 0.0008400619869332128, 0.0011483316625675853, 0.00493905147704843, 0.0011474533920072195, 0.007589353670305673, 0.0029425533731872802, 0.0044673297518023816, 0.0065022659199067325, 0.0037977472424789473, 0.0035426314901031495]","[0.8171936758893281, 0.8458498023715416, 0.7569169960474308, 0.8636363636363636, 0.5306324110671937, 0.7855731225296443, 0.4950592885375494, 0.46640316205533605, 0.8231225296442688, 0.27964426877470355, 0.6027667984189723, 0.58300395256917, 0.7806324110671937, 0.5563241106719368, 0.4031620553359684, 0.6175889328063241, 0.7786561264822135, 0.6650197628458498, 0.7974308300395258, 0.4120553359683795, 0.7559288537549407, 0.7203557312252966, 0.7519762845849803, 0.7361660079051384, 0.6254940711462451, 0.8053359683794467, 0.40019762845849804, 0.37154150197628455, 0.5009881422924901, 0.8092885375494071]","[0.5968379446640317, 0.6758893280632412, 0.6047430830039525, 0.7312252964426879, 0.3992094861660079, 0.6284584980237155, 0.3438735177865613, 0.35177865612648224, 0.6284584980237155, 0.16205533596837945, 0.4308300395256917, 0.41501976284584985, 0.6284584980237155, 0.41501976284584985, 0.3201581027667984, 0.4782608695652174, 0.6205533596837944, 0.541501976284585, 0.6205533596837944, 0.2885375494071147, 0.5889328063241107, 0.5177865612648221, 0.549407114624506, 0.541501976284585, 0.47035573122529645, 0.6284584980237155, 0.28063241106719367, 0.2490118577075099, 0.3201581027667984, 0.6363636363636365]","[0.3333333333333333, 0.6666666666666666, 0.6666666666666666, 1.0, 0.6666666666666666, 1.0, 0.3333333333333333, 1.0, 0.6666666666666666, 1.0, 0.6666666666666666, 0.3333333333333333, 0.6666666666666666, 1.0, 0.3333333333333333, 0.3333333333333333, 1.0, 0.6666666666666666, 0.6666666666666666, 0.6666666666666666, 0.6666666666666666, 0.6666666666666666, 0.6666666666666666, 1.0, 0.6666666666666666, 0.6666666666666666, 0.3333333333333333, 0.3333333333333333, 0.6666666666666666, 0.6666666666666666]","[0.4, 0.6, 0.8, 0.8, 0.8, 0.8, 0.6, 0.8, 0.8, 0.6, 0.6, 0.4, 0.6, 0.8, 0.4, 0.4, 0.8, 0.6, 0.8, 0.6, 0.6, 0.8, 0.6, 0.8, 0.6, 0.6, 0.4, 0.6, 0.6, 0.6]"
credit,rf,5000,2,23,b1_uniform,0.0032350260781953528,0.0012699095424357296,0.00014065330774762404,5.521345836677085e-05,0.0027684005094760662,0.0037075229882626575,4.697472683701024,0.4509552042160738,0.1703589950695454,0.38758069828722,0.5138702239789197,0.31673254281949936,0.12318974444961825,0.41111111111111115,0.2224998266055643,0.43333333333333335,0.17950549357115012,8.954694663747917e-05,0.0,5000.0,42.0086819200078,1.2477537253147797,5000.0,"[0.0019293977355907385, 0.003421696582328518, 0.002762903324640733, 0.0026040050113747713, 0.004485591513009262, 0.0020355925455068195, 0.00427057921708788, 0.0021151600167534546, 0.004754909878206901, 0.002106102976195641, 0.00323921540865591, 0.0027593918458129097, 0.0022898637589447574, 0.00278287924458317, 0.002086892078337112, 0.002322094549613979, 0.0025003947466794942, 0.0015435520588840718, 0.006063182306038931, 0.0014720701113851264, 0.0036691875940338533, 0.003531430978412498, 0.00483897030430335, 0.0023621829731337385, 0.003522713212992945, 0.005193606440741853, 0.003976157711767115, 0.006521665976639036, 0.0031364574389575583, 0.0027529348052484645]","[0.7450592885375494, 0.30632411067193677, 0.5889328063241107, 0.5424901185770752, 0.2391304347826087, 0.4031620553359684, 0.5256916996047432, 0.5533596837944664, 0.5691699604743083, 0.35177865612648224, 0.18972332015810275, 0.4397233201581028, 0.4061264822134388, 0.6462450592885376, 0.6146245059288538, 0.5187747035573123, 0.3794466403162055, 0.5503952569169961, 0.07806324110671936, 0.7707509881422924, 0.6709486166007905, 0.424901185770751, 0.391304347826087, 0.632411067193676, 0.4367588932806324, 0.13537549407114624, 0.45553359683794475, 0.21640316205533597, 0.3685770750988142, 0.37747035573122534]","[0.541501976284585, 0.1857707509881423, 0.41501976284584985, 0.391304347826087, 0.16996047430830039, 0.2727272727272727, 0.3754940711462451, 0.40711462450592883, 0.36758893280632415, 0.23320158102766797, 0.1383399209486166, 0.2964426877470356, 0.2885375494071147, 0.43873517786561267, 0.43873517786561267, 0.383399209486166, 0.24110671936758896, 0.391304347826087, 0.05928853754940712, 0.525691699604743, 0.5177865612648221, 0.30434782608695654, 0.2490118577075099, 0.4545454545454546, 0.30434782608695654, 0.1067193675889328, 0.3438735177865613, 0.1857707509881423, 0.2490118577075099, 0.22529644268774704]","[0.6666666666666666, 0.0, 0.3333333333333333, 0.3333333333333333, 0.3333333333333333, 0.6666666666666666, 0.3333333333333333, 0.3333333333333333, 0.3333333333333333, 0.6666666666666666, 0.3333333333333333, 0.3333333333333333, 0.3333333333333333, 0.3333333333333333, 0.3333333333333333, 0.6666666666666666, 0.3333333333333333, 1.0, 0.3333333333333333, 0.3333333333333333, 1.0, 0.3333333333333333, 0.3333333333333333, 0.3333333333333333, 0.6666666666666666, 0.3333333333333333, 0.3333333333333333, 0.0, 0.3333333333333333, 0.3333333333333333]","[0.4, 0.2, 0.6, 0.4, 0.2, 0.4, 0.4, 0.6, 0.4, 0.4, 0.2, 0.2, 0.4, 0.6, 0.4, 0.6, 0.6, 0.8, 0.2, 0.6, 0.8, 0.6, 0.2, 0.6, 0.4, 0.4, 0.6, 0.2, 0.2, 0.4]"
credit,rf,5000,2,23,b2_stratified,0.000688673739268358,0.00033540314055664284,2.9942336489928608e-05,1.4582745241593166e-05,0.0005736421160805489,0.0008010917486375042,1.0,0.8530961791831356,0.0743633519992169,0.827070158102767,0.8792506587615283,0.7133069828722003,0.08582163559443576,0.8000000000000002,0.18459164139817943,0.7800000000000001,0.13012814197295425,2.4690499830840816e-05,0.0,5000.0,42.78076734999583,0.29139229081121504,5000.0,"[0.0004895965408308841, 0.0005835349412379031, 0.0012667552231796753, 0.0007216168014755142, 0.0005319797764157981, 0.0013886685758041513, 0.0010335166895691983, 0.0005261296645781225, 0.000997742011076559, 0.0007123052705313141, 0.00068541800489186, 0.0007074079297343108, 0.00026940386081400513, 0.00023372314208369458, 0.0003184390873280696, 0.0002785319334083467, 0.00026222230772502786, 0.0005869454662243975, 0.0004310644512472898, 0.001137433546152533, 0.0004738411458795472, 0.0006664931241509055, 0.0008084821592727378, 0.0011680796678294088, 0.0005273848995686568, 0.000409509780017141, 0.0007449623054041448, 0.0014886787202424184, 0.0004773625742728804, 0.0007329825771042448]","[0.9061264822134387, 0.7806324110671937, 0.6373517786561265, 0.9130434782608695, 0.8112648221343874, 0.8270750988142292, 0.7994071146245059, 0.8695652173913043, 0.8369565217391305, 0.7885375494071146, 0.8656126482213439, 0.8666007905138341, 0.9377470355731227, 0.9713438735177865, 0.9446640316205533, 0.8972332015810277, 0.8715415019762847, 0.8784584980237155, 0.8280632411067194, 0.7312252964426879, 0.9634387351778656, 0.824110671936759, 0.8577075098814229, 0.9367588932806324, 0.908102766798419, 0.7984189723320158, 0.9249011857707511, 0.7252964426877472, 0.8754940711462451, 0.816205533596838]","[0.7707509881422926, 0.6521739130434783, 0.5098814229249012, 0.7549407114624506, 0.6363636363636365, 0.7075098814229249, 0.6363636363636365, 0.7312252964426879, 0.691699604743083, 0.6442687747035574, 0.6837944664031621, 0.7154150197628459, 0.83399209486166, 0.8735177865612648, 0.8260869565217391, 0.8023715415019763, 0.7312252964426879, 0.7233201581027668, 0.6600790513833992, 0.5889328063241107, 0.841897233201581, 0.6758893280632412, 0.6837944664031621, 0.8260869565217391, 0.7865612648221344, 0.6758893280632412, 0.8181818181818182, 0.5810276679841897, 0.6996047430830039, 0.6363636363636365]","[1.0, 0.6666666666666666, 0.6666666666666666, 1.0, 0.6666666666666666, 0.6666666666666666, 0.6666666666666666, 0.6666666666666666, 0.6666666666666666, 1.0, 1.0, 0.6666666666666666, 1.0, 1.0, 1.0, 1.0, 1.0, 0.6666666666666666, 0.6666666666666666, 0.6666666666666666, 1.0, 1.0, 0.3333333333333333, 0.6666666666666666, 1.0, 0.6666666666666666, 1.0, 0.6666666666666666, 0.6666666666666666, 0.6666666666666666]","[0.8, 0.8, 0.6, 0.6, 0.8, 0.6, 0.6, 0.8, 1.0, 0.8, 0.8, 0.8, 0.8, 1.0, 0.8, 0.8, 0.8, 0.8, 0.6, 0.6, 0.8, 0.8, 0.6, 0.8, 0.8, 1.0, 1.0, 0.8, 1.0, 0.6]"
credit,rf,5000,2,23,b3_is,0.00032445301038416515,0.0001781577142227675,1.4106652625398484e-05,7.745987574902935e-06,0.0002634654152837762,0.0003868928593255433,0.4711273160043269,0.8857048748353098,0.060104363585808465,0.8650172924901187,0.9071607378129118,0.7696969696969697,0.07253033234521801,0.8333333333333334,0.16666666666666669,0.8400000000000002,0.10832051206181278,8.840627904511245e-06,0.0,5000.0,43.985648680002974,0.582805408428067,5000.0,"[0.00018647726546346433, 0.0008736927572000978, 0.00048073191304216464, 0.0005779790128017887, 0.00021222613058080586, 0.00024009696631135862, 0.00027169420450466803, 0.00039894989196895535, 0.00020994083235018589, 0.00019157774404594883, 0.0005559438898246712, 0.00017391458714212686, 0.00024596280041228264, 0.00036925544879610274, 0.000193020742881818, 0.0001648343254058658, 0.0002107168936187001, 0.00017767159896535996, 0.00010259160590144296, 0.0004414196870671604, 0.0003133866367657388, 9.666672852352605e-05, 0.00027802981152600623, 0.00035179142682853465, 0.0007293086292295228, 0.00036556095988954926, 0.00036746786826121104, 0.0002585914598967764, 0.00022110966970772562, 0.0004729788226113953]","[0.9347826086956521, 0.7480237154150197, 0.8053359683794467, 0.8952569169960475, 0.874505928853755, 0.882411067193676, 0.9031620553359685, 0.8418972332015809, 0.9426877470355731, 0.8715415019762847, 0.8122529644268776, 0.9476284584980237, 0.91600790513834, 0.9061264822134387, 0.9525691699604744, 0.9614624505928853, 0.9703557312252965, 0.9051383399209486, 0.9486166007905139, 0.8715415019762847, 0.8369565217391305, 0.9683794466403162, 0.9288537549407114, 0.8833992094861661, 0.7460474308300395, 0.8270750988142292, 0.8270750988142292, 0.8992094861660079, 0.9288537549407114, 0.83399209486166]","[0.8181818181818182, 0.6363636363636365, 0.6679841897233202, 0.7865612648221344, 0.7391304347826086, 0.7865612648221344, 0.8023715415019763, 0.7312252964426879, 0.8260869565217391, 0.7549407114624506, 0.6679841897233202, 0.8498023715415021, 0.7865612648221344, 0.7786561264822134, 0.841897233201581, 0.8735177865612648, 0.8893280632411068, 0.7707509881422926, 0.8498023715415021, 0.7391304347826086, 0.7154150197628459, 0.8735177865612648, 0.7786561264822134, 0.7786561264822134, 0.5889328063241107, 0.7154150197628459, 0.6679841897233202, 0.7707509881422926, 0.841897233201581, 0.7628458498023716]","[1.0, 0.6666666666666666, 0.6666666666666666, 0.6666666666666666, 1.0, 0.6666666666666666, 0.6666666666666666, 1.0, 0.6666666666666666, 1.0, 0.6666666666666666, 0.6666666666666666, 1.0, 0.6666666666666666, 0.6666666666666666, 0.6666666666666666, 1.0, 1.0, 1.0, 1.0, 0.6666666666666666, 1.0, 0.6666666666666666, 1.0, 1.0, 0.6666666666666666, 0.6666666666666666, 1.0, 1.0, 1.0]","[0.8, 0.8, 0.8, 0.6, 1.0, 1.0, 1.0, 0.8, 0.8, 0.8, 0.8, 1.0, 1.0, 0.8, 1.0, 1.0, 0.8, 0.8, 0.8, 0.8, 0.8, 0.8, 0.8, 0.8, 0.8, 0.8, 0.6, 0.8, 1.0, 0.8]"
credit,rf,5000,2,23,b4_antithetic,0.001129050748846569,0.00014367810725390143,4.908916299332909e-05,6.246874228430497e-06,0.0010782168259516954,0.0011776407985749362,1.6394566606330372,0.7687417654808958,0.0477764385678913,0.7519392292490117,0.7858069828722002,0.5812911725955205,0.05261455373370065,0.6444444444444445,0.11967032904743345,0.6333333333333334,0.07453559924999302,5.646586914581365e-06,0.0,5000.0,41.71098605666193,0.49473132189633334,5000.0,"[0.0009444030190496198, 0.001247814200930398, 0.0012293637732722089, 0.0012732164126582535, 0.0012023697426576435, 0.0011411912533243521, 0.001058364481814414, 0.0007848361117989117, 0.0011365574800933581, 0.001022170356898563, 0.001184677814602874, 0.0012396288898336397, 0.0011862977557876822, 0.0011848385391052799, 0.0012348565875646318, 0.0009397109786714464, 0.0014215633967075184, 0.0011427114378157253, 0.0010343358219666427, 0.0010327437235938658, 0.0012663119128413268, 0.0011205871073425243, 0.001431366618954453, 0.0010876220660995986, 0.0010638989671056971, 0.0009687408432880898, 0.001007577905316928, 0.001179467543915643, 0.001219373295173613, 0.0008849244272121737]","[0.7994071146245059, 0.7717391304347826, 0.8369565217391305, 0.7806324110671937, 0.6916996047430831, 0.8409090909090908, 0.7065217391304347, 0.8547430830039526, 0.8003952569169961, 0.7737154150197629, 0.7351778656126482, 0.7490118577075098, 0.7648221343873517, 0.7559288537549407, 0.782608695652174, 0.8418972332015809, 0.7292490118577075, 0.7233201581027668, 0.8280632411067194, 0.7697628458498025, 0.7381422924901185, 0.7114624505928854, 0.7134387351778656, 0.758893280632411, 0.7727272727272727, 0.700592885375494, 0.7401185770750989, 0.7203557312252966, 0.8132411067193677, 0.8567193675889329]","[0.5889328063241107, 0.549407114624506, 0.6521739130434783, 0.5810276679841897, 0.5019762845849802, 0.6600790513833992, 0.5652173913043478, 0.6600790513833992, 0.6047430830039525, 0.5889328063241107, 0.549407114624506, 0.557312252964427, 0.5731225296442688, 0.541501976284585, 0.6047430830039525, 0.6758893280632412, 0.541501976284585, 0.541501976284585, 0.6679841897233202, 0.5968379446640317, 0.5810276679841897, 0.4940711462450593, 0.525691699604743, 0.5731225296442688, 0.5731225296442688, 0.5177865612648221, 0.549407114624506, 0.5098814229249012, 0.6284584980237155, 0.6837944664031621]","[0.6666666666666666, 0.3333333333333333, 0.6666666666666666, 0.6666666666666666, 0.6666666666666666, 0.6666666666666666, 0.6666666666666666, 0.6666666666666666, 0.6666666666666666, 0.6666666666666666, 0.6666666666666666, 0.6666666666666666, 0.6666666666666666, 0.6666666666666666, 0.6666666666666666, 0.6666666666666666, 0.6666666666666666, 1.0, 0.6666666666666666, 0.6666666666666666, 0.6666666666666666, 0.3333333333333333, 0.3333333333333333, 0.6666666666666666, 0.6666666666666666, 0.6666666666666666, 0.6666666666666666, 0.6666666666666666, 0.6666666666666666, 0.6666666666666666]","[0.6, 0.6, 0.6, 0.6, 0.6, 0.6, 0.6, 0.8, 0.6, 0.6, 0.8, 0.6, 0.6, 0.6, 0.8, 0.6, 0.6, 0.6, 0.6, 0.8, 0.6, 0.6, 0.6, 0.6, 0.6, 0.8, 0.6, 0.6, 0.6, 0.6]"
credit,rf,5000,3,23,abc_shap,0.0033183542979780254,0.0023313313688389124,0.00014427627382513153,0.0001013622334277788,0.002454260207203592,0.004137947544753607,5.808069734880313,0.7954874835309618,0.09891479840515922,0.7628120882740448,0.8308341567852437,0.6387351778656126,0.09615174586536025,0.7000000000000003,0.13193713430042134,0.78,0.1194431524477928,0.0001221495618049863,2484.0,2516.0,43.886939243335895,0.6564309585305972,2484.0,"[0.00025762595626720674, 0.004122640678453595, 0.0011161407761266185, 0.004073010157909317, 0.0035344589233759845, 0.004286483267729794, 0.003943547630222354, 0.0018258872903523294, 0.0037120385061698165, 0.007737211653228387, 0.003521525296740877, 0.005768134619535031, 0.002395696951052411, 0.0014536160050274592, 0.0012732747373514514, 0.0014715339361549042, 0.001163149287623868, 0.0013318764576082797, 0.0013533733210198417, 0.001935929500521955, 0.003143931742773783, 0.0032029700518524866, 0.005270386831848951, 0.009182995483449892, 0.002033913472506255, 0.0014897187493165822, 0.002058171190128535, 0.008199758218395681, 0.0010871012611819325, 0.007604526985415196]","[0.8784584980237155, 0.7598814229249011, 0.8399209486166009, 0.8626482213438734, 0.5464426877470356, 0.7302371541501976, 0.8626482213438734, 0.8488142292490118, 0.9021739130434783, 0.7262845849802372, 0.708498023715415, 0.6837944664031621, 0.8557312252964427, 0.717391304347826, 0.9258893280632412, 0.8527667984189724, 0.9041501976284586, 0.8488142292490118, 0.7539525691699605, 0.7934782608695652, 0.6887351778656127, 0.8537549407114625, 0.6650197628458498, 0.5859683794466404, 0.91600790513834, 0.9249011857707511, 0.8547430830039526, 0.7381422924901185, 0.8804347826086957, 0.7549407114624507]","[0.7470355731225297, 0.5889328063241107, 0.6758893280632412, 0.6996047430830039, 0.41501976284584985, 0.5810276679841897, 0.691699604743083, 0.691699604743083, 0.7549407114624506, 0.5335968379446641, 0.557312252964427, 0.549407114624506, 0.691699604743083, 0.5335968379446641, 0.7786561264822134, 0.7075098814229249, 0.7628458498023716, 0.6758893280632412, 0.5810276679841897, 0.6284584980237155, 0.5652173913043478, 0.6600790513833992, 0.5335968379446641, 0.47035573122529645, 0.7707509881422926, 0.7865612648221344, 0.6442687747035574, 0.557312252964427, 0.7312252964426879, 0.5968379446640317]","[1.0, 0.6666666666666666, 0.6666666666666666, 0.6666666666666666, 0.6666666666666666, 0.6666666666666666, 0.6666666666666666, 0.6666666666666666, 1.0, 0.3333333333333333, 0.6666666666666666, 0.6666666666666666, 0.6666666666666666, 1.0, 0.6666666666666666, 0.6666666666666666, 1.0, 0.6666666666666666, 0.6666666666666666, 0.6666666666666666, 0.6666666666666666, 0.6666666666666666, 0.6666666666666666, 0.6666666666666666, 0.6666666666666666, 0.6666666666666666, 0.6666666666666666, 0.6666666666666666, 0.6666666666666666, 0.6666666666666666]","[0.8, 0.8, 0.8, 0.6, 1.0, 0.8, 0.8, 0.8, 0.8, 0.6, 1.0, 0.8, 0.8, 0.8, 0.6, 1.0, 0.8, 0.6, 0.8, 0.8, 0.8, 0.8, 0.8, 0.8, 0.8, 0.8, 0.4, 0.8, 0.8, 0.8]"
credit,rf,5000,3,23,b1_uniform,0.013622917700703235,0.002014846303144079,0.0005923007695957928,8.760201318017735e-05,0.012877500770217504,0.014252597424662792,23.84400485699545,0.49492753623188407,0.11714432318526284,0.4524925889328064,0.5377931488801054,0.35441370223978913,0.09548179674304841,0.5777777777777777,0.1911627837120584,0.49999999999999994,0.14375905768565214,4.81994722076116e-05,0.0,5000.0,42.594583716666484,1.3897587081494915,5000.0,"[0.012261398614229858, 0.013362351517811474, 0.012453737666190562, 0.013311377697875753, 0.015425769641335315, 0.011841370698949829, 0.015251233783744112, 0.012523329365522806, 0.015091947715896455, 0.01521303708269822, 0.01692625912673947, 0.016453262868627874, 0.014298510268236097, 0.014583718198881233, 0.013627096042689264, 0.012789624089585862, 0.013432727115347397, 0.015620616087135004, 0.0133071943332873, 0.015889602160558725, 0.011190583437382664, 0.014047726194965656, 0.013045784424528218, 0.009937763311551003, 0.013876760336283387, 0.01217392488375022, 0.015725032813545533, 0.011879050943672836, 0.00738204182414479, 0.01576469877593005]","[0.6620553359683795, 0.47430830039525695, 0.7233201581027668, 0.632411067193676, 0.5573122529644269, 0.3972332015810277, 0.717391304347826, 0.5335968379446641, 0.4367588932806324, 0.6294466403162056, 0.3053359683794466, 0.3320158102766798, 0.5691699604743083, 0.6314229249011858, 0.5079051383399209, 0.5009881422924901, 0.2727272727272727, 0.37055335968379455, 0.5079051383399209, 0.43577075098814233, 0.44960474308300397, 0.41996047430830047, 0.42391304347826086, 0.5622529644268774, 0.4792490118577075, 0.5266798418972332, 0.5592885375494071, 0.41798418972332013, 0.29051383399209485, 0.5207509881422925]","[0.4782608695652174, 0.36758893280632415, 0.541501976284585, 0.47035573122529645, 0.42292490118577075, 0.2727272727272727, 0.5098814229249012, 0.383399209486166, 0.3359683794466403, 0.4861660079051383, 0.2173913043478261, 0.20948616600790515, 0.41501976284584985, 0.47035573122529645, 0.35177865612648224, 0.3438735177865613, 0.19367588932806323, 0.2015810276679842, 0.3201581027667984, 0.2727272727272727, 0.3438735177865613, 0.2648221343873518, 0.2885375494071147, 0.42292490118577075, 0.35177865612648224, 0.383399209486166, 0.3992094861660079, 0.3122529644268775, 0.2173913043478261, 0.383399209486166]","[0.6666666666666666, 0.6666666666666666, 0.6666666666666666, 0.6666666666666666, 1.0, 0.6666666666666666, 1.0, 0.3333333333333333, 0.6666666666666666, 0.3333333333333333, 0.6666666666666666, 0.3333333333333333, 0.6666666666666666, 0.6666666666666666, 0.3333333333333333, 0.3333333333333333, 0.6666666666666666, 0.6666666666666666, 0.3333333333333333, 0.6666666666666666, 0.3333333333333333, 0.6666666666666666, 0.3333333333333333, 0.3333333333333333, 0.6666666666666666, 0.6666666666666666, 0.6666666666666666, 0.6666666666666666, 0.3333333333333333, 0.6666666666666666]","[0.6, 0.4, 0.6, 0.6, 0.8, 0.6, 0.6, 0.6, 0.4, 0.4, 0.6, 0.6, 0.4, 0.4, 0.4, 0.4, 0.4, 0.4, 0.2, 0.4, 0.2, 0.4, 0.4, 0.6, 0.6, 0.6, 0.4, 0.6, 0.6, 0.8]"
credit,rf,5000,3,23,b2_stratified,0.0005713351336072425,0.00046157367760919955,2.4840657982923588e-05,2.006842076561737e-05,0.00042507839806204997,0.0007614932840165036,1.0,0.9302371541501976,0.02380527551597408,0.9226910408432147,0.9386454216073782,0.7978919631093544,0.04361857026492105,0.7111111111111114,0.11331154474650633,0.8533333333333334,0.12578641509408806,2.2263286353556993e-05,0.0,5000.0,43.32765118999717,0.35694057656606987,5000.0,"[0.0003439230249693928, 0.00015251899811454902, 0.00026878381885794036, 0.0007257593688213606, 0.00045861366531054485, 0.00040174711713365427, 0.00024247971589768522, 0.00038213105953529707, 0.0004136395589884899, 0.0003802962794418962, 0.00040694886552460817, 0.0005797599612123674, 0.00018529287078849357, 0.0004870071962794787, 0.0011328550005594352, 0.0006278307690699351, 0.0004402628509870014, 0.00016537020845252688, 0.0004241721374549909, 0.0008159852859163069, 0.0004159040114453335, 0.0009219794393948121, 0.002560353245070932, 0.0011079770562007429, 0.0003212344621769807, 0.00048949530973125, 0.00047408851387272384, 0.00014347806730881165, 0.0011849529281604976, 0.0004852132215392354]","[0.9456521739130436, 0.9199604743083004, 0.9357707509881423, 0.9624505928853755, 0.9061264822134387, 0.9515810276679842, 0.9140316205533597, 0.9249011857707511, 0.9456521739130436, 0.9387351778656127, 0.9199604743083004, 0.9011857707509882, 0.9693675889328063, 0.9436758893280633, 0.9041501976284586, 0.9407114624505929, 0.9229249011857708, 0.9298418972332017, 0.892292490118577, 0.9575098814229249, 0.9426877470355731, 0.9367588932806324, 0.9476284584980237, 0.8636363636363636, 0.9456521739130436, 0.9288537549407114, 0.9090909090909092, 0.9752964426877472, 0.9061264822134387, 0.9249011857707511]","[0.83399209486166, 0.7786561264822134, 0.8023715415019763, 0.8656126482213439, 0.7707509881422926, 0.8102766798418973, 0.7470355731225297, 0.7786561264822134, 0.8260869565217391, 0.8023715415019763, 0.7707509881422926, 0.7391304347826086, 0.8814229249011858, 0.8260869565217391, 0.7628458498023716, 0.8260869565217391, 0.7786561264822134, 0.8023715415019763, 0.7470355731225297, 0.8498023715415021, 0.8023715415019763, 0.8102766798418973, 0.8181818181818182, 0.691699604743083, 0.841897233201581, 0.7865612648221344, 0.7786561264822134, 0.8893280632411068, 0.7391304347826086, 0.7786561264822134]","[0.6666666666666666, 0.6666666666666666, 0.6666666666666666, 0.6666666666666666, 0.6666666666666666, 0.6666666666666666, 0.6666666666666666, 0.6666666666666666, 1.0, 1.0, 0.6666666666666666, 0.6666666666666666, 0.6666666666666666, 1.0, 0.6666666666666666, 0.6666666666666666, 0.6666666666666666, 1.0, 0.6666666666666666, 0.6666666666666666, 0.6666666666666666, 0.6666666666666666, 0.6666666666666666, 0.6666666666666666, 0.6666666666666666, 0.6666666666666666, 0.6666666666666666, 0.6666666666666666, 0.6666666666666666, 0.6666666666666666]","[0.8, 0.6, 0.8, 0.8, 1.0, 0.8, 1.0, 1.0, 1.0, 1.0, 1.0, 1.0, 0.8, 1.0, 0.8, 0.8, 0.8, 0.8, 0.8, 0.8, 0.8, 0.8, 0.8, 0.6, 0.8, 1.0, 1.0, 0.8, 0.6, 1.0]"
credit,rf,5000,3,23,b3_is,0.0002521152749492645,0.0002107979055052221,1.0961533693446282e-05,9.165126326314004e-06,0.00018830706840836906,0.00033270096476274556,0.44127388658471356,0.9614624505928853,0.016142346042631935,0.9557287549407114,0.9672282608695653,0.8624505928853754,0.03892026442716576,0.7555555555555556,0.1474055462380178,0.9000000000000001,0.09999999999999996,8.64156314308421e-06,0.0,5000.0,44.42317623999358,0.4504421774630504,5000.0,"[9.965436438292698e-05, 0.00012024215994370211, 0.00012353575451239858, 0.00026023008501429884, 0.0005614572512997319, 0.0002925925237463074, 0.0003047826176625624, 0.0006205641745396875, 0.0003325373095723269, 0.00013039777086360155, 0.00029161571162558214, 0.00018756212080881969, 0.00018675239111099064, 0.00014972217074962988, 0.00010466835858573612, 0.0003118003111710701, 0.00010457878103868001, 0.00021374943027470763, 0.00016392783461120756, 0.00011671445031190096, 0.00015031517571177555, 0.0003731723467068753, 0.0011702837713690934, 0.0001574178581451932, 0.00014352187834845373, 0.0001380623098948771, 0.00015263086883842762, 0.000247193481296342, 0.00019272054805436617, 0.00016105443828666352]","[0.9654150197628459, 0.9762845849802372, 0.9476284584980237, 0.9377470355731227, 0.958498023715415, 0.9713438735177865, 0.9545454545454547, 0.9594861660079053, 0.9496047430830039, 0.9693675889328063, 0.9673913043478262, 0.9436758893280633, 0.974308300395257, 0.991106719367589, 0.9762845849802372, 0.9446640316205533, 0.9723320158102767, 0.9683794466403162, 0.9525691699604744, 0.9851778656126482, 0.9456521739130436, 0.9525691699604744, 0.9377470355731227, 0.9565217391304348, 0.9752964426877472, 0.9209486166007905, 0.9841897233201581, 0.9792490118577075, 0.9723320158102767, 0.9535573122529646]","[0.8656126482213439, 0.8972332015810277, 0.83399209486166, 0.8102766798418973, 0.8498023715415021, 0.8893280632411068, 0.841897233201581, 0.8498023715415021, 0.8181818181818182, 0.8814229249011858, 0.8972332015810277, 0.8260869565217391, 0.8814229249011858, 0.9525691699604742, 0.8972332015810277, 0.8181818181818182, 0.8735177865612648, 0.8735177865612648, 0.841897233201581, 0.9209486166007905, 0.8102766798418973, 0.83399209486166, 0.8181818181818182, 0.841897233201581, 0.8893280632411068, 0.7944664031620553, 0.9288537549407115, 0.9051383399209486, 0.8893280632411068, 0.841897233201581]","[0.6666666666666666, 1.0, 0.6666666666666666, 0.6666666666666666, 1.0, 1.0, 0.6666666666666666, 0.6666666666666666, 0.6666666666666666, 0.6666666666666666, 0.6666666666666666, 0.6666666666666666, 0.6666666666666666, 0.6666666666666666, 0.6666666666666666, 0.6666666666666666, 0.6666666666666666, 0.6666666666666666, 0.6666666666666666, 1.0, 0.6666666666666666, 0.6666666666666666, 1.0, 0.6666666666666666, 0.6666666666666666, 1.0, 1.0, 1.0, 0.6666666666666666, 0.6666666666666666]","[0.8, 0.8, 0.8, 0.8, 1.0, 1.0, 1.0, 1.0, 0.8, 1.0, 1.0, 0.8, 1.0, 1.0, 1.0, 0.8, 1.0, 1.0, 0.8, 1.0, 0.8, 0.8, 0.8, 0.8, 1.0, 0.8, 1.0, 1.0, 0.8, 0.8]"
credit,rf,5000,3,23,b4_antithetic,0.0136168104351836,0.0011920454365119736,0.0005920352363123304,5.182806245704233e-05,0.013203353805790168,0.014013663935199414,23.833315394435925,0.5205204216073782,0.10171809707272063,0.4875469367588933,0.5587327075098816,0.37760210803689065,0.08046000150653665,0.5888888888888888,0.20517983680688212,0.49999999999999994,0.1341640786499874,2.4714262510806045e-05,0.0,5000.0,42.26450508666264,0.3210832529920889,5000.0,"[0.012677062073976333, 0.014047746470162296, 0.013407992466921667, 0.015230980958390039, 0.01297810373162571, 0.016143635075253147, 0.01453220581932402, 0.013648384789705061, 0.014550747655645992, 0.012549565349180059, 0.013814076491499537, 0.01287003317512714, 0.014259117456714225, 0.013063316475876505, 0.01505305219354072, 0.011420886100892445, 0.012493393047522904, 0.013509326449469972, 0.013699264873049583, 0.01360850044462828, 0.013920731946739952, 0.014764961217183223, 0.015223283480327785, 0.013343948676330491, 0.0133149160036379, 0.011666725110534744, 0.011213284165870165, 0.011856149187802591, 0.014976865337396596, 0.014666056831178944]","[0.39624505928853754, 0.48320158102766797, 0.5207509881422925, 0.58399209486166, 0.5227272727272728, 0.6254940711462451, 0.41996047430830047, 0.58300395256917, 0.6235177865612649, 0.6254940711462451, 0.26383399209486164, 0.3577075098814229, 0.4397233201581028, 0.4140316205533597, 0.6185770750988142, 0.7717391304347826, 0.5158102766798419, 0.6235177865612649, 0.44565217391304346, 0.5810276679841897, 0.6600790513833992, 0.5444664031620554, 0.5247035573122529, 0.5158102766798419, 0.47035573122529645, 0.4525691699604743, 0.4367588932806324, 0.5177865612648221, 0.5889328063241107, 0.4881422924901186]","[0.3122529644268775, 0.35968379446640314, 0.40711462450592883, 0.3992094861660079, 0.3438735177865613, 0.47035573122529645, 0.30434782608695654, 0.42292490118577075, 0.44664031620553357, 0.4782608695652174, 0.17786561264822134, 0.2648221343873518, 0.35177865612648224, 0.2727272727272727, 0.4308300395256917, 0.6047430830039525, 0.35968379446640314, 0.47035573122529645, 0.3280632411067194, 0.3992094861660079, 0.4940711462450593, 0.3754940711462451, 0.383399209486166, 0.3754940711462451, 0.3201581027667984, 0.3122529644268775, 0.3201581027667984, 0.35968379446640314, 0.40711462450592883, 0.3754940711462451]","[1.0, 0.3333333333333333, 0.6666666666666666, 0.6666666666666666, 0.6666666666666666, 0.3333333333333333, 0.6666666666666666, 0.3333333333333333, 0.6666666666666666, 1.0, 0.3333333333333333, 0.3333333333333333, 0.6666666666666666, 0.6666666666666666, 0.6666666666666666, 0.3333333333333333, 0.3333333333333333, 1.0, 0.6666666666666666, 0.3333333333333333, 0.6666666666666666, 0.3333333333333333, 0.6666666666666666, 0.6666666666666666, 0.6666666666666666, 0.6666666666666666, 0.6666666666666666, 0.6666666666666666, 0.3333333333333333, 0.6666666666666666]","[0.8, 0.4, 0.4, 0.4, 0.6, 0.6, 0.4, 0.6, 0.6, 0.6, 0.6, 0.4, 0.4, 0.4, 0.4, 0.4, 0.4, 0.8, 0.4, 0.4, 0.6, 0.6, 0.6, 0.6, 0.4, 0.6, 0.6, 0.4, 0.2, 0.4]"
credit,rf,5000,4,23,abc_shap,0.002357426742067899,0.0015666180292463598,0.00010249681487251735,6.811382735853738e-05,0.0017968164722059572,0.00293229295233366,4.713763242139981,0.7277667984189722,0.11413556787389087,0.6905031291172594,0.7676235177865612,0.5704874835309618,0.12003206296632807,0.6666666666666667,0.17213259316477408,0.7933333333333336,0.1590248058916875,0.0001002803772352951,2484.0,2516.0,44.03468627000693,5.039196071303401,2484.0,"[0.004495957850652233, 0.0003856494221491554, 0.004955930343903735, 0.0024930737577167606, 0.0017408096915831393, 0.0017997589421909533, 0.003063376833967987, 0.0018971261245975715, 0.0034143915563128813, 0.006402739145800011, 0.0016677225028091324, 0.0013683589402149882, 0.0008281874324978438, 0.004216553636471066, 0.00315986675810344, 0.002359002130099751, 0.0007387422038306316, 0.0036086192972313363, 0.0008244481791823796, 0.0008227879801180894, 0.0009748609484018266, 0.0018459563386509917, 0.0048221754915913, 0.00025469798855725436, 0.0012853181196742862, 0.003497167628848098, 0.001733801155987795, 0.001273575540242997, 0.0006574540653469655, 0.004134692255302374]","[0.6689723320158103, 0.9496047430830039, 0.733201581027668, 0.8349802371541503, 0.6067193675889329, 0.7460474308300395, 0.7628458498023717, 0.8873517786561266, 0.6640316205533596, 0.5049407114624506, 0.6590909090909092, 0.5810276679841897, 0.816205533596838, 0.6729249011857709, 0.8646245059288538, 0.7183794466403163, 0.8092885375494071, 0.6185770750988142, 0.7737154150197629, 0.7865612648221343, 0.7351778656126482, 0.7391304347826088, 0.6195652173913044, 0.8992094861660079, 0.6531620553359684, 0.6916996047430831, 0.7569169960474308, 0.7855731225296443, 0.8537549407114625, 0.4397233201581028]","[0.4940711462450593, 0.857707509881423, 0.541501976284585, 0.7154150197628459, 0.43873517786561267, 0.5731225296442688, 0.5810276679841897, 0.7154150197628459, 0.4940711462450593, 0.35968379446640314, 0.4940711462450593, 0.4545454545454546, 0.6679841897233202, 0.4861660079051383, 0.6837944664031621, 0.549407114624506, 0.6363636363636365, 0.43873517786561267, 0.6126482213438735, 0.6521739130434783, 0.5968379446640317, 0.541501976284585, 0.44664031620553357, 0.7865612648221344, 0.525691699604743, 0.525691699604743, 0.6205533596837944, 0.6205533596837944, 0.691699604743083, 0.3122529644268775]","[0.6666666666666666, 0.6666666666666666, 0.3333333333333333, 0.6666666666666666, 0.3333333333333333, 0.6666666666666666, 1.0, 1.0, 0.6666666666666666, 0.3333333333333333, 0.6666666666666666, 0.6666666666666666, 0.6666666666666666, 0.3333333333333333, 0.6666666666666666, 0.6666666666666666, 0.6666666666666666, 0.6666666666666666, 1.0, 0.6666666666666666, 0.6666666666666666, 0.6666666666666666, 0.6666666666666666, 1.0, 0.6666666666666666, 0.6666666666666666, 0.6666666666666666, 0.6666666666666666, 0.6666666666666666, 0.6666666666666666]","[0.4, 0.8, 1.0, 0.8, 1.0, 0.6, 0.8, 0.8, 0.6, 0.8, 1.0, 0.8, 0.8, 0.8, 0.6, 0.8, 1.0, 0.8, 0.8, 1.0, 0.6, 0.6, 1.0, 1.0, 0.8, 0.6, 0.8, 0.8, 1.0, 0.6]"
credit,rf,5000,4,23,b1_uniform,0.0026557756507031255,0.0011391001611204695,0.00011546850655230981,4.952609396175954e-05,0.0022575292341477276,0.003116994593463643,5.310323081629917,0.44581686429512524,0.21696974987302556,0.3585046113306982,0.5188883399209485,0.31752305665349145,0.1617283031152269,0.4222222222222223,0.1911627837120584,0.5466666666666667,0.13597385369580758,5.1747377070513733e-05,0.0,5000.0,42.02136713666842,0.5645810481399584,5000.0,"[0.002087800432894389, 0.0017922016707327584, 0.004838745331088731, 0.0024647865739166656, 0.001110934778355796, 0.0026613597171841375, 0.0020429253682699954, 0.0016205904885462166, 0.0027820157833185807, 0.0023394659112242378, 0.0027795800328332477, 0.0027623478298956445, 0.003430206919352628, 0.004054403262322908, 0.00240964371227467, 0.003839960023410073, 0.0024086255482478206, 0.006258045659918889, 0.002054853082657398, 0.001993675866606167, 0.003654362947166659, 0.0019182478551376784, 0.0017107967947173942, 0.004928379091151893, 0.0020707108195443654, 0.0016362289165832511, 0.0017094446611669967, 0.001990894679049637, 0.002617290775796505, 0.001704744987728425]","[0.6729249011857709, 0.6847826086956521, 0.3873517786561265, 0.6136363636363635, 0.6739130434782609, 0.2509881422924901, 0.5543478260869565, 0.6561264822134387, 0.3675889328063241, 0.5622529644268774, 0.592885375494071, 0.38142292490118584, 0.1492094861660079, 0.11067193675889328, 0.38142292490118584, 0.3053359683794466, 0.33695652173913043, -0.2974308300395257, 0.4792490118577075, 0.6719367588932806, 0.4792490118577075, 0.46245059288537554, 0.5148221343873518, 0.06620553359683795, 0.4683794466403162, 0.4881422924901186, 0.6205533596837945, 0.5355731225296443, 0.607707509881423, 0.5958498023715416]","[0.4940711462450593, 0.4782608695652174, 0.2885375494071147, 0.43873517786561267, 0.5019762845849802, 0.13043478260869565, 0.35968379446640314, 0.5098814229249012, 0.24110671936758896, 0.391304347826087, 0.40711462450592883, 0.2490118577075099, 0.09881422924901187, 0.05138339920948617, 0.2885375494071147, 0.2015810276679842, 0.24110671936758896, -0.2015810276679842, 0.35968379446640314, 0.5098814229249012, 0.3280632411067194, 0.30434782608695654, 0.36758893280632415, 0.05928853754940712, 0.3122529644268775, 0.35968379446640314, 0.44664031620553357, 0.3992094861660079, 0.4782608695652174, 0.4308300395256917]","[0.3333333333333333, 0.6666666666666666, 0.3333333333333333, 0.3333333333333333, 1.0, 0.3333333333333333, 0.3333333333333333, 0.3333333333333333, 0.3333333333333333, 0.3333333333333333, 0.3333333333333333, 0.3333333333333333, 0.3333333333333333, 0.3333333333333333, 0.6666666666666666, 0.3333333333333333, 0.3333333333333333, 0.0, 0.6666666666666666, 0.6666666666666666, 0.3333333333333333, 0.6666666666666666, 0.3333333333333333, 0.3333333333333333, 0.3333333333333333, 0.6666666666666666, 0.6666666666666666, 0.3333333333333333, 0.3333333333333333, 0.3333333333333333]","[0.6, 0.6, 0.4, 0.6, 0.6, 0.6, 0.4, 0.6, 0.4, 0.6, 0.4, 0.6, 0.2, 0.4, 0.6, 0.4, 0.6, 0.4, 0.6, 0.6, 0.4, 0.8, 0.6, 0.4, 0.6, 0.8, 0.8, 0.6, 0.6, 0.6]"
credit,rf,5000,4,23,b2_stratified,0.000500115644543416,0.00028251704047811764,2.1744158458409392e-05,1.2283349586005115e-05,0.0004108083518931598,0.0006065069683736074,1.0,0.9008893280632413,0.0504985830099303,0.8826729249011859,0.9191386693017128,0.7707509881422926,0.0651554782575651,0.8111111111111112,0.1651785416368723,0.8600000000000001,0.11718930554164628,1.9595626850466328e-05,0.0,5000.0,43.607569803330506,3.0498178480832467,5000.0,"[0.00041932201097843644, 0.0003073657169091851, 0.0003365075415198764, 0.0003236776137829593, 0.0008832259310068983, 0.0006038218023330744, 0.0004122002258619425, 0.0013450546673077852, 0.0003913521270488861, 0.0008199270235877801, 0.00017837153746055014, 0.00041295962219952385, 0.0003344874784506138, 0.0002467027184158293, 0.00019068066227130842, 0.0003817153788334523, 0.001206197539579701, 0.0003734178393972211, 0.00030391136122906307, 0.0007705626239433833, 0.0005797617074266178, 0.0008072188543413436, 0.0005623776254397671, 0.0003490984149056938, 0.00032755172696270236, 0.0007842845790738227, 0.0004126870376685715, 0.00024574549140520257, 0.0003885200493540248, 0.00030476242760726284]","[0.8863636363636364, 0.9298418972332017, 0.9051383399209486, 0.9604743083003953, 0.8606719367588934, 0.7944664031620554, 0.8646245059288538, 0.8132411067193677, 0.9525691699604744, 0.8577075098814229, 0.9090909090909092, 0.9318181818181819, 0.9535573122529646, 0.9426877470355731, 0.9140316205533597, 0.9634387351778656, 0.7766798418972332, 0.9347826086956521, 0.9397233201581027, 0.9575098814229249, 0.9436758893280633, 0.9011857707509882, 0.8626482213438734, 0.8399209486166009, 0.9169960474308301, 0.8290513833992096, 0.9318181818181819, 0.9061264822134387, 0.9288537549407114, 0.9179841897233202]","[0.7233201581027668, 0.8023715415019763, 0.7391304347826086, 0.857707509881423, 0.7549407114624506, 0.6363636363636365, 0.7233201581027668, 0.6284584980237155, 0.83399209486166, 0.6996047430830039, 0.7865612648221344, 0.8260869565217391, 0.83399209486166, 0.841897233201581, 0.7865612648221344, 0.8735177865612648, 0.6363636363636365, 0.8102766798418973, 0.8102766798418973, 0.841897233201581, 0.8102766798418973, 0.7391304347826086, 0.7707509881422926, 0.7233201581027668, 0.7944664031620553, 0.6837944664031621, 0.8181818181818182, 0.7707509881422926, 0.8023715415019763, 0.7628458498023716]","[1.0, 0.6666666666666666, 0.6666666666666666, 0.6666666666666666, 1.0, 0.6666666666666666, 1.0, 1.0, 0.6666666666666666, 0.6666666666666666, 1.0, 1.0, 0.6666666666666666, 1.0, 0.6666666666666666, 0.6666666666666666, 0.6666666666666666, 0.6666666666666666, 1.0, 0.6666666666666666, 0.6666666666666666, 0.6666666666666666, 1.0, 1.0, 1.0, 1.0, 1.0, 0.6666666666666666, 0.6666666666666666, 0.6666666666666666]","[0.8, 1.0, 1.0, 0.8, 0.8, 0.8, 1.0, 0.6, 0.8, 0.8, 1.0, 0.8, 1.0, 0.8, 1.0, 0.8, 0.8, 0.8, 0.8, 1.0, 0.6, 1.0, 1.0, 1.0, 0.8, 0.8, 0.8, 0.8, 0.8, 1.0]"
credit,rf,5000,4,23,b3_is,0.0001741423339602389,9.601977861644778e-05,7.571405824358213e-06,4.174772983323817e-06,0.00014102001897140924,0.00021013123650927585,0.34820413210473217,0.9628458498023715,0.02187137879019026,0.9547751976284584,0.9702577404479581,0.8711462450592886,0.04416277541016102,0.8555555555555557,0.16517854163687226,0.92,0.09797958971132711,6.272828909168794e-06,0.0,5000.0,44.795982903331364,4.53095815365648,5000.0,"[9.791039587751774e-05, 0.00010536106893250345, 0.00019355821921627497, 0.00014359813737009391, 9.608112144834426e-05, 0.00032641872679827215, 0.00014355116482495803, 0.00011858856140665414, 0.00041120581838156785, 0.00023859019838038854, 0.0001497197265654005, 0.00016611073788855396, 0.00013326529553220684, 0.00020226124276368342, 6.491959206689304e-05, 8.252501526732591e-05, 7.722506454234004e-05, 4.5676659613550074e-05, 0.00018241309963099904, 5.962128725532979e-05, 0.00011570707192985756, 0.0001437323071042061, 0.00017837362282530758, 0.0004044903977445898, 0.00017933094176209507, 0.0002338358519106425, 0.00011871150254277089, 0.0001660692769555794, 0.00033432985651783085, 0.00031108805575142876]","[0.9841897233201581, 0.9881422924901186, 0.9496047430830039, 0.941699604743083, 0.9812252964426879, 0.908102766798419, 0.941699604743083, 0.958498023715415, 0.9456521739130436, 0.9486166007905139, 0.9841897233201581, 0.9733201581027668, 0.9614624505928853, 0.9555335968379446, 0.9664031620553359, 0.991106719367589, 0.9792490118577075, 0.983201581027668, 0.9772727272727272, 0.9851778656126482, 0.9762845849802372, 0.9664031620553359, 0.9634387351778656, 0.9555335968379446, 0.950592885375494, 0.9545454545454547, 0.9723320158102767, 0.9762845849802372, 0.8942687747035574, 0.9713438735177865]","[0.9209486166007905, 0.9288537549407115, 0.8498023715415021, 0.8498023715415021, 0.9051383399209486, 0.7391304347826086, 0.8498023715415021, 0.8656126482213439, 0.8260869565217391, 0.8498023715415021, 0.9130434782608695, 0.8814229249011858, 0.8656126482213439, 0.841897233201581, 0.8972332015810277, 0.9446640316205535, 0.9051383399209486, 0.9130434782608695, 0.8893280632411068, 0.9209486166007905, 0.8893280632411068, 0.8735177865612648, 0.8735177865612648, 0.8260869565217391, 0.841897233201581, 0.857707509881423, 0.8814229249011858, 0.8814229249011858, 0.7628458498023716, 0.8893280632411068]","[1.0, 0.6666666666666666, 1.0, 0.6666666666666666, 1.0, 0.6666666666666666, 1.0, 0.6666666666666666, 0.6666666666666666, 1.0, 1.0, 1.0, 1.0, 1.0, 1.0, 1.0, 1.0, 1.0, 0.6666666666666666, 1.0, 0.6666666666666666, 0.6666666666666666, 1.0, 0.6666666666666666, 0.6666666666666666, 1.0, 1.0, 0.6666666666666666, 0.6666666666666666, 0.6666666666666666]","[0.8, 0.8, 1.0, 1.0, 1.0, 1.0, 1.0, 1.0, 0.8, 1.0, 0.8, 1.0, 1.0, 1.0, 1.0, 0.8, 1.0, 1.0, 0.8, 1.0, 1.0, 0.8, 0.8, 0.8, 1.0, 0.8, 0.8, 0.8, 1.0, 1.0]"
credit,rf,5000,4,23,b4_antithetic,0.0012273268723219622,0.00011756267791424279,5.336203792704183e-05,5.111420778880121e-06,0.0011860748021725622,0.001268397377800588,2.4540861413012958,0.6162714097496707,0.04399274395103991,0.6016765480895916,0.6331694664031623,0.46719367588932814,0.053131312405285104,0.35555555555555557,0.0831479419283098,0.62,0.06000000000000001,1.8777495357912391e-06,0.0,5000.0,42.51155481666404,3.8936538600413666,5000.0,"[0.0013948334632412306, 0.0012265574851172017, 0.0013097262855458066, 0.0012226309857907129, 0.001266650054857444, 0.001176742484246363, 0.0011254247466284467, 0.001284411925369078, 0.0013969722132892014, 0.0012832566099714028, 0.001400952502765669, 0.0010799058274138776, 0.0011553394515166754, 0.0011362309700809205, 0.0010860777443692038, 0.0013625104279171127, 0.0014730653989326137, 0.0011472837127651883, 0.0010150633465840061, 0.0011802064028927856, 0.001229657422340202, 0.0010830212548303502, 0.001370980032431358, 0.0011580041252349093, 0.0014113410239804656, 0.0012513356971767993, 0.0011560938155304, 0.0010872990259802708, 0.0011477194708469293, 0.0012005122620122387]","[0.642292490118577, 0.642292490118577, 0.6531620553359684, 0.6304347826086957, 0.6116600790513834, 0.5820158102766798, 0.6205533596837945, 0.633399209486166, 0.5869565217391304, 0.5553359683794467, 0.5553359683794467, 0.6857707509881423, 0.6778656126482214, 0.5583003952569171, 0.6037549407114625, 0.5810276679841897, 0.6037549407114625, 0.633399209486166, 0.7203557312252966, 0.6561264822134387, 0.6531620553359684, 0.6531620553359684, 0.6205533596837945, 0.6492094861660079, 0.5711462450592886, 0.6314229249011858, 0.5632411067193676, 0.6126482213438735, 0.5237154150197628, 0.5760869565217391]","[0.5177865612648221, 0.5019762845849802, 0.5098814229249012, 0.46245059288537554, 0.46245059288537554, 0.4308300395256917, 0.4782608695652174, 0.47035573122529645, 0.42292490118577075, 0.40711462450592883, 0.40711462450592883, 0.5177865612648221, 0.5335968379446641, 0.3359683794466403, 0.43873517786561267, 0.40711462450592883, 0.4782608695652174, 0.4782608695652174, 0.5968379446640317, 0.5177865612648221, 0.5177865612648221, 0.4940711462450593, 0.5177865612648221, 0.5098814229249012, 0.42292490118577075, 0.4940711462450593, 0.43873517786561267, 0.4308300395256917, 0.391304347826087, 0.42292490118577075]","[0.3333333333333333, 0.3333333333333333, 0.3333333333333333, 0.3333333333333333, 0.3333333333333333, 0.3333333333333333, 0.3333333333333333, 0.3333333333333333, 0.3333333333333333, 0.3333333333333333, 0.3333333333333333, 0.3333333333333333, 0.3333333333333333, 0.3333333333333333, 0.6666666666666666, 0.3333333333333333, 0.3333333333333333, 0.3333333333333333, 0.3333333333333333, 0.3333333333333333, 0.3333333333333333, 0.3333333333333333, 0.3333333333333333, 0.3333333333333333, 0.3333333333333333, 0.3333333333333333, 0.6666666666666666, 0.3333333333333333, 0.3333333333333333, 0.3333333333333333]","[0.6, 0.6, 0.6, 0.6, 0.6, 0.6, 0.6, 0.6, 0.6, 0.6, 0.6, 0.8, 0.6, 0.8, 0.6, 0.6, 0.6, 0.6, 0.6, 0.6, 0.6, 0.6, 0.6, 0.6, 0.6, 0.6, 0.6, 0.8, 0.6, 0.6]"
credit,rf,5000,5,23,abc_shap,0.001317264918361802,0.0009646369542669166,5.727238775486096e-05,4.1940737142039854e-05,0.0009721559726050968,0.0016471025425674752,6.255747605266519,0.8309288537549407,0.09971765864311853,0.7980805335968382,0.8656184123847167,0.6959156785243741,0.12186454422144995,0.8555555555555556,0.16517854163687232,0.9266666666666666,0.09637888196533971,5.59029449163642e-05,2484.0,2516.0,46.589526013333426,3.615563070626627,2484.0,"[0.0006267401347675186, 0.0005198313028969294, 0.0028105104457425254, 0.000989076185644042, 0.0032020576860910584, 0.0005873433396252696, 0.0018914159266844456, 0.0007310976840682714, 0.0014755905452334688, 0.0026512635174301856, 0.002164737079149904, 0.0007289043667284808, 0.0010250792487387177, 0.0005597101197396641, 0.0010799252479917342, 0.0029918873060698296, 0.0018858896100008747, 0.00013391268507730172, 0.00025639059591881587, 0.0003278286134607068, 0.00018748011112418246, 0.001663188098433687, 0.001839689179244913, 0.003420282493342245, 0.0005806968051796608, 0.00015420313855940175, 0.0006956239053260176, 0.000916250630111897, 0.0022791275668823004, 0.0011422139815900267]","[0.892292490118577, 0.9011857707509882, 0.7272727272727272, 0.9120553359683794, 0.6195652173913044, 0.8913043478260869, 0.7134387351778656, 0.7806324110671937, 0.775691699604743, 0.6719367588932806, 0.7816205533596838, 0.9496047430830039, 0.8567193675889329, 0.8181818181818183, 0.892292490118577, 0.8053359683794467, 0.7707509881422924, 0.9703557312252965, 0.958498023715415, 0.9328063241106721, 0.9476284584980237, 0.8507905138339922, 0.6630434782608696, 0.7282608695652173, 0.8754940711462451, 0.9407114624505929, 0.9367588932806324, 0.7895256916996048, 0.6768774703557312, 0.8972332015810277]","[0.7628458498023716, 0.7707509881422926, 0.549407114624506, 0.7865612648221344, 0.47035573122529645, 0.7628458498023716, 0.5652173913043478, 0.6679841897233202, 0.6442687747035574, 0.5098814229249012, 0.6047430830039525, 0.841897233201581, 0.7154150197628459, 0.6837944664031621, 0.7470355731225297, 0.6521739130434783, 0.6126482213438735, 0.9130434782608695, 0.8735177865612648, 0.83399209486166, 0.857707509881423, 0.6758893280632412, 0.5019762845849802, 0.549407114624506, 0.7391304347826086, 0.83399209486166, 0.8181818181818182, 0.6521739130434783, 0.525691699604743, 0.7549407114624506]","[1.0, 0.6666666666666666, 0.6666666666666666, 0.6666666666666666, 1.0, 0.6666666666666666, 1.0, 0.6666666666666666, 1.0, 1.0, 0.6666666666666666, 0.6666666666666666, 1.0, 1.0, 0.6666666666666666, 1.0, 1.0, 1.0, 1.0, 1.0, 1.0, 0.6666666666666666, 1.0, 0.6666666666666666, 0.6666666666666666, 1.0, 0.6666666666666666, 1.0, 1.0, 0.6666666666666666]","[1.0, 1.0, 0.8, 1.0, 0.8, 1.0, 0.8, 1.0, 0.8, 0.8, 0.8, 1.0, 0.8, 1.0, 1.0, 0.8, 1.0, 1.0, 1.0, 1.0, 1.0, 1.0, 0.8, 0.8, 1.0, 1.0, 1.0, 1.0, 0.8, 1.0]"
credit,rf,5000,5,23,b1_uniform,0.002778389770861242,0.00044335538235344034,0.00012079955525483661,1.927632097188871e-05,0.0026058334787810874,0.002937158536989545,13.194692209049132,0.5978919631093543,0.0652881863791417,0.5764731554677208,0.6226432806324111,0.45349143610013176,0.06479427832117496,0.9777777777777777,0.08314794192830981,0.8200000000000002,0.06,2.206793715774897e-05,0.0,5000.0,46.80944760665879,6.3757781427799545,5000.0,"[0.001910673951212805, 0.0022986957174412777, 0.002929571590887724, 0.0026833887926335687, 0.0035738233528833678, 0.003058095077285194, 0.0018193906955732593, 0.0029205454657340226, 0.0029087829556759272, 0.0029986426940797144, 0.0028145774726827896, 0.0029670746318442645, 0.0029091806429815343, 0.0025777011838792694, 0.003105617093364794, 0.0031664106780765434, 0.0020883774286934004, 0.0026596297379679365, 0.0031699755958336435, 0.0031385951122576386, 0.0025985376605215907, 0.0023550735228994335, 0.00266214511655737, 0.0032378165068099314, 0.0034495020821327647, 0.002384625437195389, 0.0021173441415024163, 0.0027310533033595673, 0.0026096574677080308, 0.003507188016162093]","[0.6294466403162056, 0.658102766798419, 0.5503952569169961, 0.5909090909090909, 0.5266798418972332, 0.549407114624506, 0.5820158102766798, 0.7065217391304347, 0.5701581027667983, 0.5632411067193676, 0.5039525691699606, 0.45553359683794475, 0.5474308300395258, 0.6709486166007905, 0.5365612648221344, 0.6808300395256918, 0.7203557312252966, 0.633399209486166, 0.5800395256916997, 0.5009881422924901, 0.5790513833992095, 0.5889328063241107, 0.5849802371541503, 0.6017786561264823, 0.6798418972332015, 0.6126482213438735, 0.5760869565217391, 0.7262845849802372, 0.5948616600790514, 0.6353754940711461]","[0.4782608695652174, 0.44664031620553357, 0.40711462450592883, 0.4545454545454546, 0.40711462450592883, 0.43873517786561267, 0.43873517786561267, 0.5652173913043478, 0.4308300395256917, 0.42292490118577075, 0.35968379446640314, 0.3122529644268775, 0.391304347826087, 0.5098814229249012, 0.391304347826087, 0.525691699604743, 0.5889328063241107, 0.5098814229249012, 0.42292490118577075, 0.3359683794466403, 0.43873517786561267, 0.47035573122529645, 0.46245059288537554, 0.4545454545454546, 0.5177865612648221, 0.4782608695652174, 0.43873517786561267, 0.5889328063241107, 0.4308300395256917, 0.4861660079051383]","[1.0, 1.0, 1.0, 1.0, 1.0, 1.0, 1.0, 1.0, 1.0, 0.6666666666666666, 1.0, 1.0, 1.0, 1.0, 1.0, 1.0, 1.0, 1.0, 0.6666666666666666, 1.0, 1.0, 1.0, 1.0, 1.0, 1.0, 1.0, 1.0, 1.0, 1.0, 1.0]","[1.0, 0.8, 0.8, 0.8, 0.8, 0.8, 0.8, 0.8, 0.8, 0.8, 0.8, 0.8, 0.8, 1.0, 0.8, 0.8, 0.8, 0.8, 0.8, 0.8, 1.0, 0.8, 0.8, 0.8, 0.8, 0.8, 0.8, 0.8, 0.8, 0.8]"
credit,rf,5000,5,23,b2_stratified,0.00021056874437402776,0.0001261127037750201,9.155162798870772e-06,5.483161033696525e-06,0.00016813408589187045,0.0002573421519370996,1.0,0.9598155467720685,0.029378843943702437,0.9496310935441369,0.9701276350461134,0.8816864295125164,0.044647510945714536,0.9222222222222222,0.14098419489388356,0.98,0.059999999999999984,8.536574248133273e-06,0.0,5000.0,47.844885079993404,5.930831753872129,5000.0,"[0.00024897780956061895, 9.006431358063333e-05, 0.00010453643229300962, 0.0001559891609001705, 0.00036477792282008613, 0.0001563745741923379, 0.0003491270585258818, 0.00011796659149410036, 0.00011822671413444341, 9.243321780602474e-05, 0.0003399902905347196, 7.446069183233718e-05, 0.00043437735422599224, 0.00014272106137846956, 0.00010684634719819077, 0.0001606922348952156, 0.00020905360302224366, 0.00048174089294817746, 0.0001634022373895817, 0.00028717015898938714, 0.0005347202830518858, 5.67699956871327e-05, 0.0002881319165822885, 0.0002655743661207168, 0.0001884469349193167, 0.00010553316970894065, 0.00018324851861097857, 0.00029865033054687716, 0.00013164718330037738, 6.54109649706961e-05]","[0.9772727272727272, 0.9920948616600791, 0.983201581027668, 0.9723320158102767, 0.9683794466403162, 0.983201581027668, 0.9634387351778656, 0.9901185770750988, 0.9594861660079053, 0.983201581027668, 0.8972332015810277, 0.9812252964426879, 0.8982213438735178, 0.9713438735177865, 0.9476284584980237, 0.9664031620553359, 0.9851778656126482, 0.91600790513834, 0.9802371541501977, 0.9229249011857708, 0.8982213438735178, 0.9782608695652174, 0.9693675889328063, 0.900197628458498, 0.9565217391304348, 0.9525691699604744, 0.9723320158102767, 0.9703557312252965, 0.9723320158102767, 0.9851778656126482]","[0.9130434782608695, 0.9525691699604742, 0.9130434782608695, 0.8735177865612648, 0.8893280632411068, 0.9209486166007905, 0.857707509881423, 0.9446640316205535, 0.8656126482213439, 0.9288537549407115, 0.7944664031620553, 0.9209486166007905, 0.8023715415019763, 0.8972332015810277, 0.857707509881423, 0.8814229249011858, 0.9288537549407115, 0.841897233201581, 0.9130434782608695, 0.857707509881423, 0.7944664031620553, 0.9051383399209486, 0.8814229249011858, 0.7865612648221344, 0.8498023715415021, 0.857707509881423, 0.9209486166007905, 0.8735177865612648, 0.9051383399209486, 0.9209486166007905]","[0.6666666666666666, 1.0, 0.6666666666666666, 1.0, 1.0, 0.6666666666666666, 0.6666666666666666, 1.0, 1.0, 1.0, 1.0, 1.0, 1.0, 1.0, 1.0, 1.0, 1.0, 0.6666666666666666, 0.6666666666666666, 1.0, 1.0, 0.6666666666666666, 1.0, 1.0, 1.0, 1.0, 1.0, 1.0, 1.0, 1.0]","[1.0, 1.0, 1.0, 0.8, 0.8, 1.0, 1.0, 1.0, 1.0, 1.0, 1.0, 1.0, 1.0, 1.0, 1.0, 1.0, 1.0, 1.0, 1.0, 1.0, 0.8, 1.0, 1.0, 1.0, 1.0, 1.0, 1.0, 1.0, 1.0, 1.0]"
credit,rf,5000,5,23,b3_is,9.074545612844637e-05,4.663118201802001e-05,3.945454614280277e-06,2.0274426964356525e-06,7.593531309998662e-05,0.00010903079531470917,0.43095406394814983,0.9791831357048747,0.01234962651430882,0.9744721673254281,0.9829380764163372,0.9183135704874835,0.031044377285951292,0.9222222222222223,0.14098419489388359,1.0,0.0,2.9338770817086538e-06,0.0,5000.0,49.266421623335916,6.973616698372213,5000.0,"[6.715266127971658e-05, 7.145126448007413e-05, 8.47207181614662e-05, 6.289943607119369e-05, 5.6036507798836634e-05, 3.4802106494604154e-05, 9.63411631273028e-05, 0.00011503595911719997, 8.309127594438592e-05, 7.49779672269059e-05, 6.773270557598484e-05, 5.727672158849105e-05, 7.366636656329562e-05, 9.006641325607143e-05, 0.00010785612754458746, 0.00013219119104598712, 7.530659898275566e-05, 0.00021526085069420277, 6.798745292397542e-05, 2.6703037727057357e-05, 0.00023638824748891253, 6.0218338325422275e-05, 3.723162978851736e-05, 0.00011824666127957452, 0.00011421407043929376, 8.939527367242257e-05, 0.00016905082638057282, 0.00010216379336806706, 7.868259098563684e-05, 5.621572652087592e-05]","[0.9812252964426879, 0.9881422924901186, 0.9851778656126482, 0.9792490118577075, 0.9861660079051384, 0.9920948616600791, 0.9555335968379446, 0.9871541501976285, 0.9861660079051384, 0.9960474308300397, 0.9841897233201581, 0.974308300395257, 0.9940711462450593, 0.9920948616600791, 0.9802371541501977, 0.9476284584980237, 0.974308300395257, 0.9683794466403162, 0.9723320158102767, 0.9930830039525691, 0.9545454545454547, 0.9851778656126482, 0.9851778656126482, 0.9901185770750988, 0.958498023715415, 0.9841897233201581, 0.9812252964426879, 0.9654150197628459, 0.974308300395257, 0.9792490118577075]","[0.9130434782608695, 0.9367588932806324, 0.9367588932806324, 0.9130434782608695, 0.9446640316205535, 0.9604743083003953, 0.8814229249011858, 0.9367588932806324, 0.9209486166007905, 0.9762845849802372, 0.9367588932806324, 0.8972332015810277, 0.9604743083003953, 0.9525691699604742, 0.9288537549407115, 0.8735177865612648, 0.8972332015810277, 0.8814229249011858, 0.9130434782608695, 0.9683794466403163, 0.8656126482213439, 0.9288537549407115, 0.9367588932806324, 0.9367588932806324, 0.8656126482213439, 0.9209486166007905, 0.8972332015810277, 0.8656126482213439, 0.8893280632411068, 0.9130434782608695]","[1.0, 1.0, 1.0, 1.0, 1.0, 1.0, 1.0, 1.0, 0.6666666666666666, 1.0, 1.0, 1.0, 0.6666666666666666, 0.6666666666666666, 0.6666666666666666, 1.0, 0.6666666666666666, 1.0, 1.0, 1.0, 1.0, 1.0, 1.0, 0.6666666666666666, 1.0, 1.0, 0.6666666666666666, 1.0, 1.0, 1.0]","[1.0, 1.0, 1.0, 1.0, 1.0, 1.0, 1.0, 1.0, 1.0, 1.0, 1.0, 1.0, 1.0, 1.0, 1.0, 1.0, 1.0, 1.0, 1.0, 1.0, 1.0, 1.0, 1.0, 1.0, 1.0, 1.0, 1.0, 1.0, 1.0, 1.0]"
credit,rf,5000,5,23,b4_antithetic,0.002425275856072784,0.00015852281610015287,0.00010544677635099061,6.89229635218056e-06,0.0023683753863434423,0.002484718946997982,11.517739079855222,0.695816864295125,0.06515751799759682,0.6737467061923584,0.7196063899868248,0.5578392621870881,0.07327892212205674,1.0,0.0,0.8466666666666668,0.08459051693633012,4.563913323673516e-06,0.0,5000.0,46.65590836333383,5.674606591141094,5000.0,"[0.0026325452443847625, 0.002286569503799451, 0.002570744099309522, 0.002426175760741771, 0.002463735231287157, 0.0023337124591651754, 0.002674371847022498, 0.00254227728364667, 0.0021318726126636936, 0.0026119674957711535, 0.0023498066590396695, 0.0021885536464893145, 0.0025149515075821374, 0.002124461443614393, 0.0024515781179049135, 0.0022571430329796343, 0.002501730451406159, 0.002655000299187528, 0.0023236877365540518, 0.002413680422796133, 0.002478869334327936, 0.0026071607428540707, 0.002206491147329412, 0.0026237767026941515, 0.0024309278028399137, 0.002276360534394196, 0.002353903153833896, 0.0022651828856772587, 0.0024697864262079755, 0.0025912520966789305]","[0.6551383399209486, 0.8270750988142292, 0.7065217391304347, 0.5770750988142292, 0.6729249011857709, 0.7381422924901185, 0.6136363636363635, 0.658102766798419, 0.874505928853755, 0.6403162055335968, 0.6353754940711461, 0.7796442687747036, 0.6462450592885376, 0.7816205533596838, 0.7381422924901185, 0.7015810276679841, 0.7213438735177865, 0.6828063241106719, 0.6916996047430831, 0.6778656126482214, 0.7114624505928854, 0.6432806324110673, 0.7816205533596838, 0.5849802371541503, 0.6729249011857709, 0.6857707509881423, 0.7233201581027668, 0.6610671936758893, 0.6907114624505929, 0.6996047430830039]","[0.525691699604743, 0.6996047430830039, 0.5889328063241107, 0.41501976284584985, 0.5177865612648221, 0.6047430830039525, 0.46245059288537554, 0.4940711462450593, 0.7549407114624506, 0.4782608695652174, 0.5019762845849802, 0.6758893280632412, 0.5019762845849802, 0.6600790513833992, 0.5652173913043478, 0.557312252964427, 0.6047430830039525, 0.5652173913043478, 0.5335968379446641, 0.541501976284585, 0.5652173913043478, 0.4940711462450593, 0.6284584980237155, 0.44664031620553357, 0.557312252964427, 0.5810276679841897, 0.5652173913043478, 0.5335968379446641, 0.557312252964427, 0.557312252964427]","[1.0, 1.0, 1.0, 1.0, 1.0, 1.0, 1.0, 1.0, 1.0, 1.0, 1.0, 1.0, 1.0, 1.0, 1.0, 1.0, 1.0, 1.0, 1.0, 1.0, 1.0, 1.0, 1.0, 1.0, 1.0, 1.0, 1.0, 1.0, 1.0, 1.0]","[0.8, 0.8, 0.8, 0.8, 0.8, 1.0, 0.8, 0.8, 1.0, 0.8, 0.8, 1.0, 0.8, 0.8, 0.8, 1.0, 1.0, 0.8, 0.8, 0.8, 0.8, 0.8, 0.8, 0.8, 1.0, 1.0, 0.8, 0.8, 0.8, 0.8]"
credit,rf,5000,6,23,abc_shap,0.001181046750470652,0.0007849816939612694,5.1349858716115304e-05,3.412963886788128e-05,0.0009072228775673473,0.0014679135667361564,7.516948318118481,0.7008563899868249,0.18984112869938896,0.6324094202898551,0.764280303030303,0.5538866930171279,0.16599138299527738,0.6888888888888889,0.27125679146074894,0.6933333333333335,0.16110727964792765,5.050196338593691e-05,2484.0,2516.0,51.1963692,7.750994904986735,2484.0,"[0.000460007100319123, 0.0007612134112573941, 0.00012705331879708123, 0.0010228331732200476, 0.0006794939675663181, 0.0018304802809340987, 0.0004252529458304164, 0.0006568594140043201, 0.002052227607551778, 0.003161948739497366, 0.0023176546283113987, 0.0013247548579449471, 0.0010377757526560622, 0.0003224686341655205, 0.0018651840793724897, 0.0006480544127848588, 0.0006907660204313415, 0.0026442108598441903, 0.0010075555237902532, 0.0019242553336003315, 0.0009562190454684864, 0.000865498290665399, 0.0005689037140807569, 0.0009278287074117446, 0.0004791133004012217, 0.001250490071090691, 0.0022430108738349685, 0.0023269467972714467, 0.0004234250791290897, 0.00042991657288641536]","[0.91600790513834, 0.8527667984189724, 0.9347826086956521, 0.7806324110671937, 0.6185770750988142, 0.7934782608695652, 0.9150197628458498, 0.8725296442687748, 0.7420948616600791, 0.6215415019762845, 0.6472332015810277, 0.8003952569169961, 0.5820158102766798, 0.8952569169960475, 0.782608695652174, 0.7598814229249011, 0.6037549407114625, 0.0909090909090909, 0.541501976284585, 0.7391304347826088, 0.8507905138339922, 0.4782608695652174, 0.6511857707509883, 0.7104743083003953, 0.7648221343873517, 0.5800395256916997, 0.4426877470355731, 0.3201581027667984, 0.9308300395256918, 0.8063241106719368]","[0.7549407114624506, 0.6679841897233202, 0.8023715415019763, 0.5810276679841897, 0.5098814229249012, 0.5810276679841897, 0.7707509881422926, 0.6996047430830039, 0.549407114624506, 0.4782608695652174, 0.5177865612648221, 0.6126482213438735, 0.4308300395256917, 0.7391304347826086, 0.5810276679841897, 0.6205533596837944, 0.43873517786561267, 0.06719367588932808, 0.42292490118577075, 0.5177865612648221, 0.6758893280632412, 0.3754940711462451, 0.5810276679841897, 0.557312252964427, 0.6205533596837944, 0.44664031620553357, 0.3201581027667984, 0.2173913043478261, 0.7944664031620553, 0.6837944664031621]","[0.6666666666666666, 0.3333333333333333, 1.0, 1.0, 0.6666666666666666, 0.3333333333333333, 0.3333333333333333, 0.6666666666666666, 0.3333333333333333, 1.0, 0.3333333333333333, 0.3333333333333333, 1.0, 0.6666666666666666, 0.3333333333333333, 0.6666666666666666, 1.0, 0.6666666666666666, 1.0, 0.3333333333333333, 0.3333333333333333, 1.0, 1.0, 0.6666666666666666, 1.0, 1.0, 1.0, 0.6666666666666666, 0.6666666666666666, 0.6666666666666666]","[0.6, 0.4, 0.6, 0.6, 0.8, 0.6, 0.8, 0.8, 0.6, 0.6, 0.4, 0.8, 0.6, 1.0, 0.6, 0.6, 0.8, 0.6, 0.6, 0.6, 0.8, 0.8, 0.6, 0.8, 1.0, 0.6, 0.6, 0.6, 1.0, 1.0]"
credit,rf,5000,6,23,b1_uniform,0.0015716751545161538,0.00044105837778664185,6.833370237026756e-05,1.917645120811486e-05,0.001424994750041308,0.001724944804016062,10.003161098119781,0.4424242424242424,0.10824825078465766,0.40556077075098806,0.4759881422924901,0.32595520421607377,0.08499239018001163,0.6444444444444445,0.08314794192830981,0.5066666666666666,0.11234866364235144,2.0313864286128797e-05,0.0,5000.0,49.680785106671586,6.249163551861288,5000.0,"[0.001377103851908937, 0.001561000818011195, 0.0012380106204607935, 0.00099430098979722, 0.002561965480916366, 0.0010730946357063891, 0.0017435543200483802, 0.0014097524599801581, 0.0013793040884434588, 0.0012726141618305306, 0.0009762392249038457, 0.0015085907681544745, 0.0019436605244231159, 0.0026454587303437146, 0.0010435997547729948, 0.0013265413039680943, 0.0018028902337044327, 0.0018873254583977048, 0.0012076612849918327, 0.00133636117524442, 0.0022528253309945885, 0.001365018132353814, 0.0011299576342788122, 0.0018231994049322047, 0.0013645144643122163, 0.0019062607936957804, 0.0019491819684930183, 0.001347284279019633, 0.0014545230769440194, 0.0022684596644524688]","[0.4614624505928854, 0.34584980237154156, 0.35375494071146246, 0.5691699604743083, 0.15217391304347824, 0.4723320158102767, 0.4644268774703557, 0.44960474308300397, 0.43280632411067194, 0.5128458498023715, 0.6778656126482214, 0.4911067193675889, 0.4031620553359684, 0.5484189723320158, 0.4535573122529644, 0.5296442687747036, 0.4258893280632411, 0.44861660079051385, 0.33300395256917, 0.6739130434782609, 0.26383399209486164, 0.34980237154150196, 0.5365612648221344, 0.366600790513834, 0.46936758893280633, 0.4100790513833992, 0.3567193675889328, 0.47727272727272735, 0.5128458498023715, 0.3300395256916996]","[0.3359683794466403, 0.2490118577075099, 0.2648221343873518, 0.3992094861660079, 0.09881422924901187, 0.3122529644268775, 0.3122529644268775, 0.3280632411067194, 0.3280632411067194, 0.383399209486166, 0.5019762845849802, 0.36758893280632415, 0.3122529644268775, 0.4308300395256917, 0.2885375494071147, 0.41501976284584985, 0.30434782608695654, 0.3201581027667984, 0.24110671936758896, 0.5335968379446641, 0.19367588932806323, 0.2727272727272727, 0.3992094861660079, 0.30434782608695654, 0.35177865612648224, 0.2964426877470356, 0.2727272727272727, 0.3754940711462451, 0.35177865612648224, 0.23320158102766797]","[0.6666666666666666, 0.6666666666666666, 0.6666666666666666, 0.6666666666666666, 0.6666666666666666, 0.6666666666666666, 0.6666666666666666, 0.6666666666666666, 0.6666666666666666, 0.6666666666666666, 0.6666666666666666, 0.3333333333333333, 0.6666666666666666, 0.6666666666666666, 0.6666666666666666, 0.6666666666666666, 0.6666666666666666, 0.6666666666666666, 0.6666666666666666, 0.6666666666666666, 0.6666666666666666, 0.6666666666666666, 0.6666666666666666, 0.6666666666666666, 0.6666666666666666, 0.6666666666666666, 0.6666666666666666, 0.6666666666666666, 0.6666666666666666, 0.3333333333333333]","[0.6, 0.6, 0.4, 0.4, 0.4, 0.4, 0.6, 0.6, 0.4, 0.4, 0.8, 0.4, 0.4, 0.6, 0.4, 0.6, 0.4, 0.6, 0.6, 0.6, 0.6, 0.4, 0.4, 0.6, 0.6, 0.6, 0.4, 0.4, 0.6, 0.4]"
credit,rf,5000,6,23,b2_stratified,0.0001571178489579229,8.120720991249587e-05,6.831210824257517e-06,3.5307482570650377e-06,0.00012725318278752063,0.00018747904297934675,1.0,0.9238801054018444,0.04713516994108767,0.9066197299077733,0.9399555335968379,0.8213438735177866,0.05182138256672402,0.8555555555555556,0.16517854163687232,0.8333333333333335,0.1164283279771532,6.01305902972087e-06,0.0,5000.0,51.8615598466616,8.209096028999628,5000.0,"[0.00012782532764171918, 0.00023201488146341127, 0.00040678531384684944, 0.00010950394817920025, 0.0003221826464948585, 0.00016700759975538825, 0.00010696307257658795, 6.30523058652496e-05, 8.445782931105363e-05, 0.0001490065656664178, 0.00015436351702527565, 0.00011129836930529803, 0.00026459541640712103, 7.8646934225322e-05, 0.00013048520954438326, 0.00013312569681098573, 0.00012649891244144928, 0.00023049353489212532, 0.00023372997655225322, 8.3220606841981e-05, 9.052398050137412e-05, 5.139611211758384e-05, 0.00016626668995307125, 0.0001436221303411418, 0.000259885506138699, 0.00010120112427438926, 0.0002203812874669807, 0.00018810491102870704, 8.6926358298308e-05, 8.996970377050141e-05]","[0.958498023715415, 0.8448616600790515, 0.790513833992095, 0.9436758893280633, 0.8231225296442688, 0.9318181818181819, 0.9654150197628459, 0.9693675889328063, 0.9792490118577075, 0.9150197628458498, 0.9377470355731227, 0.9179841897233202, 0.8300395256916996, 0.974308300395257, 0.9140316205533597, 0.9407114624505929, 0.9397233201581027, 0.9268774703557312, 0.9140316205533597, 0.9604743083003953, 0.9496047430830039, 0.9515810276679842, 0.9120553359683794, 0.9496047430830039, 0.8853754940711462, 0.9733201581027668, 0.8992094861660079, 0.8972332015810277, 0.9545454545454547, 0.9664031620553359]","[0.857707509881423, 0.7549407114624506, 0.691699604743083, 0.83399209486166, 0.7549407114624506, 0.8102766798418973, 0.8814229249011858, 0.8972332015810277, 0.9051383399209486, 0.8023715415019763, 0.8181818181818182, 0.7865612648221344, 0.7154150197628459, 0.8972332015810277, 0.8181818181818182, 0.8260869565217391, 0.8498023715415021, 0.8181818181818182, 0.8023715415019763, 0.8498023715415021, 0.841897233201581, 0.841897233201581, 0.7707509881422926, 0.8498023715415021, 0.7707509881422926, 0.8814229249011858, 0.7865612648221344, 0.7944664031620553, 0.857707509881423, 0.8735177865612648]","[0.6666666666666666, 1.0, 0.6666666666666666, 0.6666666666666666, 0.6666666666666666, 1.0, 0.6666666666666666, 1.0, 0.6666666666666666, 1.0, 0.6666666666666666, 0.6666666666666666, 1.0, 1.0, 1.0, 1.0, 1.0, 0.6666666666666666, 0.6666666666666666, 1.0, 1.0, 1.0, 1.0, 0.6666666666666666, 0.6666666666666666, 1.0, 1.0, 1.0, 1.0, 0.6666666666666666]","[1.0, 0.6, 0.8, 0.6, 0.8, 0.8, 0.8, 0.8, 0.8, 0.8, 1.0, 0.8, 0.6, 1.0, 0.8, 0.8, 0.8, 0.8, 0.8, 0.8, 1.0, 1.0, 0.8, 1.0, 1.0, 0.8, 0.8, 0.8, 0.8, 1.0]"
credit,rf,5000,6,23,b3_is,8.182444470207065e-05,4.126660691288601e-05,3.5575845522639413e-06,1.7942003005602614e-06,6.738747112508333e-05,9.785568555821559e-05,0.5207838908486059,0.9562582345191041,0.025870882874642596,0.946837121212121,0.9654174901185769,0.8666666666666668,0.04423739398457615,0.9333333333333333,0.13333333333333333,0.8333333333333335,0.09067647005823629,2.7313622853381653e-06,0.0,5000.0,51.49277106999846,9.170468048839375,5000.0,"[0.00014139786679295382, 1.1776801346938959e-05, 9.159804316770285e-05, 4.213876753859956e-05, 8.955392581957346e-05, 6.067518114696788e-05, 3.572475332614249e-05, 7.546954882696913e-05, 0.00013001971561631365, 0.0002305075529554764, 4.784395290942317e-05, 3.961346476385374e-05, 7.692059820639404e-05, 4.06631918639951e-05, 7.101493522642008e-05, 7.960416609154708e-05, 0.00014781209289341628, 7.049930555602805e-05, 0.00011325657796700374, 7.057592903754249e-05, 9.657558314869608e-05, 7.02331339564847e-05, 8.332609477652531e-05, 5.973500984244897e-05, 5.155110951996938e-05, 0.00010343038583019968, 8.763655765677144e-05, 7.196500519438335e-05, 5.804038638165819e-05, 0.00010557370370172104]","[0.9169960474308301, 0.9901185770750988, 0.9169960474308301, 0.9733201581027668, 0.933794466403162, 0.9683794466403162, 0.9802371541501977, 0.9644268774703558, 0.9120553359683794, 0.8863636363636364, 0.9634387351778656, 0.9782608695652174, 0.9772727272727272, 0.9683794466403162, 0.9565217391304348, 0.9624505928853755, 0.9011857707509882, 0.958498023715415, 0.9654150197628459, 0.9624505928853755, 0.9496047430830039, 0.9486166007905139, 0.9565217391304348, 0.9841897233201581, 0.9841897233201581, 0.9436758893280633, 0.9782608695652174, 0.9673913043478262, 0.9822134387351777, 0.9565217391304348]","[0.7944664031620553, 0.9525691699604742, 0.7786561264822134, 0.8893280632411068, 0.8260869565217391, 0.8735177865612648, 0.9130434782608695, 0.8656126482213439, 0.841897233201581, 0.7628458498023716, 0.8893280632411068, 0.9130434782608695, 0.8972332015810277, 0.8814229249011858, 0.8498023715415021, 0.8814229249011858, 0.7944664031620553, 0.857707509881423, 0.8656126482213439, 0.8893280632411068, 0.8656126482213439, 0.83399209486166, 0.8498023715415021, 0.9130434782608695, 0.9130434782608695, 0.841897233201581, 0.9130434782608695, 0.8893280632411068, 0.9209486166007905, 0.841897233201581]","[1.0, 1.0, 1.0, 1.0, 1.0, 1.0, 1.0, 1.0, 0.6666666666666666, 1.0, 1.0, 1.0, 1.0, 1.0, 1.0, 1.0, 1.0, 1.0, 0.6666666666666666, 1.0, 0.6666666666666666, 1.0, 1.0, 0.6666666666666666, 1.0, 1.0, 0.6666666666666666, 1.0, 1.0, 0.6666666666666666]","[0.8, 1.0, 0.8, 1.0, 0.8, 0.8, 1.0, 0.8, 0.8, 0.8, 0.8, 1.0, 0.8, 0.8, 0.8, 0.8, 0.8, 0.8, 0.8, 0.8, 1.0, 0.8, 0.6, 1.0, 0.8, 0.8, 0.8, 0.8, 0.8, 0.8]"
credit,rf,5000,6,23,b4_antithetic,0.0009867371072629226,6.178162515198049e-05,4.29016133592575e-05,2.6861576153034994e-06,0.0009666858165111655,0.0010081537448357587,6.280235592629433,0.5925559947299077,0.040566286728030886,0.5784584980237155,0.6058959156785243,0.4492753623188407,0.03985806672187412,0.6777777777777779,0.05983516452371672,0.4133333333333334,0.04988876515698587,1.1650042185982942e-06,0.0,5000.0,49.58780191666059,7.29968293081009,5000.0,"[0.0009958326205732866, 0.0008932163038270189, 0.0009456663972721339, 0.0010345889448588853, 0.0009554745229090912, 0.0009744819879506988, 0.001054464882657111, 0.0009558658430209513, 0.0010850684039234585, 0.0009136522377254024, 0.0008430624764064689, 0.0009327621971990969, 0.0010232917569577807, 0.0009580641822623187, 0.0009502661911085177, 0.0010184345871507637, 0.0009430443500652264, 0.000990920787978207, 0.0009495947717575555, 0.0009281183801600267, 0.0010216079428910648, 0.0010409140673198999, 0.0010058621894457609, 0.0009967265144729947, 0.0010579509901074593, 0.0009164497397525105, 0.0010567660706697084, 0.001115995021731608, 0.0010790349589819522, 0.0009649338967507249]","[0.6027667984189723, 0.6363636363636364, 0.6442687747035574, 0.567193675889328, 0.642292490118577, 0.5731225296442688, 0.5553359683794467, 0.5800395256916997, 0.5345849802371541, 0.6126482213438735, 0.6057312252964426, 0.6541501976284586, 0.6492094861660079, 0.6254940711462451, 0.5909090909090909, 0.516798418972332, 0.6126482213438735, 0.49209486166007904, 0.5563241106719368, 0.6116600790513834, 0.642292490118577, 0.5711462450592886, 0.6245059288537549, 0.632411067193676, 0.5642292490118578, 0.5849802371541503, 0.5424901185770752, 0.5741106719367589, 0.5741106719367589, 0.6027667984189723]","[0.4861660079051383, 0.4545454545454546, 0.4940711462450593, 0.42292490118577075, 0.4861660079051383, 0.4545454545454546, 0.40711462450592883, 0.43873517786561267, 0.391304347826087, 0.4782608695652174, 0.47035573122529645, 0.4940711462450593, 0.4861660079051383, 0.5019762845849802, 0.43873517786561267, 0.35968379446640314, 0.4545454545454546, 0.35968379446640314, 0.4308300395256917, 0.47035573122529645, 0.4861660079051383, 0.4308300395256917, 0.4545454545454546, 0.525691699604743, 0.42292490118577075, 0.4545454545454546, 0.3992094861660079, 0.43873517786561267, 0.41501976284584985, 0.47035573122529645]","[0.6666666666666666, 0.6666666666666666, 0.6666666666666666, 0.6666666666666666, 0.6666666666666666, 0.6666666666666666, 0.6666666666666666, 0.6666666666666666, 0.6666666666666666, 0.6666666666666666, 0.6666666666666666, 1.0, 0.6666666666666666, 0.6666666666666666, 0.6666666666666666, 0.6666666666666666, 0.6666666666666666, 0.6666666666666666, 0.6666666666666666, 0.6666666666666666, 0.6666666666666666, 0.6666666666666666, 0.6666666666666666, 0.6666666666666666, 0.6666666666666666, 0.6666666666666666, 0.6666666666666666, 0.6666666666666666, 0.6666666666666666, 0.6666666666666666]","[0.4, 0.4, 0.4, 0.4, 0.4, 0.4, 0.4, 0.4, 0.4, 0.4, 0.4, 0.6, 0.4, 0.4, 0.4, 0.4, 0.6, 0.4, 0.4, 0.4, 0.4, 0.4, 0.4, 0.4, 0.4, 0.4, 0.4, 0.4, 0.4, 0.4]"
credit,rf,5000,7,23,abc_shap,0.0007843554068380577,0.0006151002030260019,3.4102408992959034e-05,2.674348708808704e-05,0.0005833398822156917,0.0010123703156110129,5.079472739647822,0.746706192358366,0.12521660042758276,0.6978499670619235,0.784756258234519,0.5891963109354414,0.1106057271050819,0.7000000000000001,0.17950549357115012,0.7133333333333336,0.11175369742826809,3.1553209694254244e-05,2484.0,2516.0,48.24225841999869,3.5084887890950855,2484.0,"[0.00037267613684016643, 0.001790064050792998, 0.0005037707515048338, 0.000584953856864802, 0.0005033218107531581, 0.0009199282081870981, 0.0009527740646837782, 0.0004344645057632035, 0.0002973335992831488, 0.0006369830982692191, 0.0008052355214591938, 0.0002682607960238047, 0.000227987684181917, 0.0005883280804222225, 0.00047055459923857183, 0.0004968908055171797, 0.0005212986487903816, 0.0008239232136722797, 0.0020935960671745676, 0.0023533916321196117, 0.00040086687055628775, 0.0010035318191701746, 0.0007843683976711366, 0.0003646420258118687, 0.002631721753156279, 0.00035730181525511724, 0.0009735894854567429, 0.0001835710203305082, 0.0004127849903938318, 0.0007725468957976454]","[0.7885375494071146, 0.6343873517786561, 0.7687747035573124, 0.7480237154150197, 0.8310276679841897, 0.5484189723320158, 0.7796442687747036, 0.7934782608695652, 0.8517786561264822, 0.9150197628458498, 0.774703557312253, 0.8893280632411068, 0.8428853754940712, 0.7361660079051384, 0.8053359683794467, 0.7539525691699605, 0.7341897233201582, 0.757905138339921, 0.33498023715415026, 0.4762845849802372, 0.7737154150197629, 0.7549407114624507, 0.6877470355731226, 0.7944664031620554, 0.5365612648221344, 0.8349802371541503, 0.7193675889328064, 0.874505928853755, 0.8359683794466403, 0.824110671936759]","[0.6363636363636365, 0.5019762845849802, 0.6442687747035574, 0.5652173913043478, 0.7154150197628459, 0.4308300395256917, 0.5810276679841897, 0.6047430830039525, 0.691699604743083, 0.7707509881422926, 0.5731225296442688, 0.7391304347826086, 0.6442687747035574, 0.557312252964427, 0.6047430830039525, 0.5889328063241107, 0.5652173913043478, 0.5889328063241107, 0.28063241106719367, 0.3438735177865613, 0.6205533596837944, 0.5889328063241107, 0.5098814229249012, 0.6521739130434783, 0.3992094861660079, 0.7233201581027668, 0.557312252964427, 0.6996047430830039, 0.6600790513833992, 0.6363636363636365]","[1.0, 0.6666666666666666, 0.6666666666666666, 0.6666666666666666, 1.0, 0.6666666666666666, 0.6666666666666666, 0.6666666666666666, 0.6666666666666666, 0.6666666666666666, 0.6666666666666666, 0.6666666666666666, 1.0, 0.6666666666666666, 0.6666666666666666, 0.6666666666666666, 1.0, 0.6666666666666666, 0.6666666666666666, 0.3333333333333333, 1.0, 0.6666666666666666, 0.3333333333333333, 0.3333333333333333, 0.6666666666666666, 0.6666666666666666, 0.6666666666666666, 1.0, 0.6666666666666666, 0.6666666666666666]","[0.8, 0.6, 0.8, 0.8, 0.8, 0.6, 0.6, 0.8, 0.8, 1.0, 0.6, 0.8, 0.8, 0.6, 0.8, 0.6, 0.6, 0.8, 0.6, 0.6, 0.8, 0.8, 0.6, 0.8, 0.6, 0.8, 0.6, 0.6, 0.8, 0.6]"
credit,rf,5000,7,23,b1_uniform,0.001113635073870026,0.0002926886327592526,4.841891625521852e-05,1.2725592728663156e-05,0.0010190600576049688,0.0012228797838837215,7.21188245828768,0.5580698287220026,0.1117800151438748,0.5171681488801053,0.5988554018445322,0.4097496706192359,0.08334413840494086,0.5,0.16666666666666666,0.5866666666666667,0.11469767022723502,2.2448987653398755e-05,0.0,5000.0,47.33848875333788,2.29449427808095,5000.0,"[0.0012576333059143771, 0.0009965282138264875, 0.0012348189165907963, 0.0006830876529096055, 0.0012186929586519477, 0.0011179534594131376, 0.0008990753779487533, 0.001650101978947046, 0.0008154080740871435, 0.001053539137303822, 0.0010729863625754444, 0.000787602053446746, 0.001355019784585979, 0.0014069896940307886, 0.0010128919827086928, 0.0016402587883706128, 0.0014023332017968216, 0.0010492760370610808, 0.0007608845392684174, 0.0007046219972334838, 0.0012079883539616557, 0.0007683107625689963, 0.001173038529040527, 0.001081564464645714, 0.0007410333476592525, 0.0011152595111139903, 0.0011813974236668202, 0.001151546647045512, 0.0009368751380116243, 0.0019323345217154985]","[0.358695652173913, 0.6699604743083005, 0.4990118577075099, 0.7371541501976284, 0.4634387351778656, 0.642292490118577, 0.6472332015810277, 0.39624505928853754, 0.5721343873517787, 0.4911067193675889, 0.5642292490118578, 0.6571146245059288, 0.44762845849802374, 0.42193675889328064, 0.6254940711462451, 0.42094861660079047, 0.38932806324110675, 0.4940711462450593, 0.7371541501976284, 0.7025691699604744, 0.5859683794466404, 0.650197628458498, 0.4120553359683795, 0.49011857707509887, 0.6946640316205535, 0.6027667984189723, 0.6274703557312253, 0.642292490118577, 0.6353754940711461, 0.4634387351778656]","[0.2648221343873518, 0.47035573122529645, 0.3438735177865613, 0.541501976284585, 0.3359683794466403, 0.4782608695652174, 0.47035573122529645, 0.2964426877470356, 0.4308300395256917, 0.3359683794466403, 0.40711462450592883, 0.4940711462450593, 0.35968379446640314, 0.2964426877470356, 0.43873517786561267, 0.30434782608695654, 0.3122529644268775, 0.36758893280632415, 0.5889328063241107, 0.5019762845849802, 0.44664031620553357, 0.46245059288537554, 0.3122529644268775, 0.3438735177865613, 0.4861660079051383, 0.43873517786561267, 0.47035573122529645, 0.4782608695652174, 0.4782608695652174, 0.3359683794466403]","[0.3333333333333333, 0.3333333333333333, 0.6666666666666666, 0.6666666666666666, 0.6666666666666666, 0.6666666666666666, 0.6666666666666666, 0.3333333333333333, 0.6666666666666666, 0.6666666666666666, 0.3333333333333333, 0.3333333333333333, 0.6666666666666666, 0.3333333333333333, 0.6666666666666666, 0.6666666666666666, 0.6666666666666666, 0.3333333333333333, 0.3333333333333333, 0.6666666666666666, 0.6666666666666666, 0.3333333333333333, 0.3333333333333333, 0.3333333333333333, 0.6666666666666666, 0.3333333333333333, 0.6666666666666666, 0.3333333333333333, 0.3333333333333333, 0.3333333333333333]","[0.4, 0.6, 0.6, 0.8, 0.8, 0.6, 0.6, 0.6, 0.6, 0.6, 0.6, 0.6, 0.6, 0.4, 0.8, 0.6, 0.6, 0.4, 0.6, 0.8, 0.6, 0.6, 0.4, 0.4, 0.6, 0.4, 0.6, 0.6, 0.6, 0.6]"
credit,rf,5000,7,23,b2_stratified,0.00015441669776387852,6.811502207573796e-05,6.7137694679947185e-06,2.9615226989451286e-06,0.0001297105551436224,0.00017866581180297207,1.0,0.9162714097496706,0.0267832540978816,0.9067835968379446,0.9252025691699605,0.7833992094861659,0.03992420967909074,0.9,0.1527525231651947,0.7933333333333336,0.09637888196533975,5.37878757189318e-06,0.0,5000.0,47.604465940004836,2.4833014498671115,5000.0,"[9.666054502609838e-05, 0.00020257122451353948, 0.00016891385901516404, 0.00024167927404691243, 0.00033158224516960144, 0.00010574248551532695, 7.832121696720737e-05, 0.00011502095494848138, 0.00015398171459036103, 0.00036611802083777104, 0.0002019278105885892, 0.00015649573643678136, 0.00010220030678345826, 0.00014932729324530796, 9.331802406452177e-05, 0.00011911974981684346, 0.00014887952898316457, 0.00017649879548682656, 0.00010236103635417292, 0.0002568112010242214, 0.00011700864431921895, 6.998050013713078e-05, 0.0001253789613174205, 0.0001458311069191239, 9.112377954671273e-05, 0.00015892076242626262, 0.000127179313039514, 0.00013133254534492344, 0.00017444755159518619, 0.00012376674485651073]","[0.9525691699604744, 0.9308300395256918, 0.9258893280632412, 0.8418972332015809, 0.9041501976284586, 0.9614624505928853, 0.950592885375494, 0.9061264822134387, 0.908102766798419, 0.9258893280632412, 0.892292490118577, 0.9209486166007905, 0.9525691699604744, 0.9110671936758895, 0.9249011857707511, 0.9466403162055337, 0.8833992094861661, 0.9021739130434783, 0.9268774703557312, 0.8774703557312253, 0.9021739130434783, 0.950592885375494, 0.9150197628458498, 0.9347826086956521, 0.9308300395256918, 0.9249011857707511, 0.9258893280632412, 0.8863636363636364, 0.8804347826086957, 0.8913043478260869]","[0.841897233201581, 0.8181818181818182, 0.8102766798418973, 0.7312252964426879, 0.7628458498023716, 0.857707509881423, 0.83399209486166, 0.7470355731225297, 0.7470355731225297, 0.8023715415019763, 0.7786561264822134, 0.7944664031620553, 0.8181818181818182, 0.7786561264822134, 0.8023715415019763, 0.8260869565217391, 0.7233201581027668, 0.7628458498023716, 0.8102766798418973, 0.7470355731225297, 0.7707509881422926, 0.8260869565217391, 0.7470355731225297, 0.8181818181818182, 0.8023715415019763, 0.8023715415019763, 0.7865612648221344, 0.6996047430830039, 0.7233201581027668, 0.7312252964426879]","[1.0, 1.0, 1.0, 1.0, 1.0, 1.0, 1.0, 0.6666666666666666, 1.0, 1.0, 1.0, 1.0, 0.6666666666666666, 1.0, 0.6666666666666666, 0.6666666666666666, 1.0, 0.6666666666666666, 1.0, 1.0, 1.0, 1.0, 0.6666666666666666, 0.6666666666666666, 1.0, 0.6666666666666666, 0.6666666666666666, 1.0, 1.0, 1.0]","[0.8, 0.8, 0.8, 0.8, 0.8, 0.8, 0.6, 0.6, 0.8, 0.8, 0.8, 0.8, 0.8, 0.8, 0.8, 1.0, 0.8, 0.8, 0.8, 1.0, 0.8, 1.0, 0.8, 0.8, 0.6, 0.8, 0.8, 0.6, 0.8, 0.8]"
credit,rf,5000,7,23,b3_is,7.818157761778798e-05,3.3635578251898945e-05,3.399199026860347e-06,1.4624164457347367e-06,6.596344835669092e-05,9.064039967829087e-05,0.5063026133180034,0.9555006587615283,0.018829203425729694,0.9483522727272727,0.9618280632411068,0.8511198945981556,0.04072403880263933,0.9222222222222223,0.14098419489388359,0.86,0.10519822558706332,2.4146130037409895e-06,0.0,5000.0,48.05840624000218,2.4852687054170874,5000.0,"[2.9202406469284672e-05, 0.00014339573826844604, 4.4223967739023567e-05, 5.563991035672705e-05, 8.361639789116322e-05, 7.708191525865451e-05, 0.00016374707100886044, 0.00010809465097097757, 0.0001167933282491963, 5.6030034224371184e-05, 8.485800915189171e-05, 4.8791634395192066e-05, 0.00012126678736697743, 5.004566893167593e-05, 8.335743518617069e-05, 2.9608460819498383e-05, 6.903270382692991e-05, 2.723399692648866e-05, 3.2326772142437284e-05, 6.413230947696016e-05, 8.996496032671756e-05, 8.888992945368995e-05, 0.00011507898837615314, 0.00011069302040892617, 9.948136222216823e-05, 7.028892613233829e-05, 6.783112430959599e-05, 9.626213561085171e-05, 5.094801416958661e-05, 6.75296688626854e-05]","[0.9683794466403162, 0.9229249011857708, 0.9594861660079053, 0.9575098814229249, 0.9486166007905139, 0.9624505928853755, 0.9169960474308301, 0.9654150197628459, 0.9021739130434783, 0.9683794466403162, 0.9703557312252965, 0.9545454545454547, 0.9634387351778656, 0.9654150197628459, 0.9525691699604744, 0.9822134387351777, 0.9604743083003953, 0.9624505928853755, 0.9940711462450593, 0.9496047430830039, 0.9683794466403162, 0.9535573122529646, 0.9525691699604744, 0.9258893280632412, 0.9545454545454547, 0.9318181818181819, 0.9634387351778656, 0.9683794466403162, 0.9673913043478262, 0.9515810276679842]","[0.8735177865612648, 0.8023715415019763, 0.8656126482213439, 0.8735177865612648, 0.8498023715415021, 0.841897233201581, 0.8023715415019763, 0.8814229249011858, 0.7312252964426879, 0.8735177865612648, 0.8814229249011858, 0.857707509881423, 0.8498023715415021, 0.8656126482213439, 0.8498023715415021, 0.9051383399209486, 0.83399209486166, 0.857707509881423, 0.9604743083003953, 0.8260869565217391, 0.8814229249011858, 0.841897233201581, 0.8498023715415021, 0.7786561264822134, 0.8498023715415021, 0.8023715415019763, 0.8735177865612648, 0.8814229249011858, 0.8656126482213439, 0.8260869565217391]","[1.0, 1.0, 1.0, 1.0, 0.6666666666666666, 0.6666666666666666, 1.0, 1.0, 0.6666666666666666, 1.0, 1.0, 1.0, 1.0, 1.0, 1.0, 0.6666666666666666, 1.0, 1.0, 1.0, 0.6666666666666666, 1.0, 1.0, 1.0, 0.6666666666666666, 1.0, 0.6666666666666666, 1.0, 1.0, 1.0, 1.0]","[1.0, 0.8, 0.8, 0.8, 0.8, 0.8, 0.8, 0.8, 0.8, 1.0, 0.8, 0.8, 1.0, 0.8, 0.8, 1.0, 0.8, 1.0, 1.0, 0.8, 0.8, 1.0, 0.6, 0.8, 1.0, 0.8, 1.0, 1.0, 0.8, 0.8]"
credit,rf,5000,7,23,b4_antithetic,0.0005944306494153748,4.5331206208943215e-05,2.584481084414673e-05,1.9709220090844875e-06,0.0005782868411384443,0.0006101371562336891,3.849523128155026,0.7877799736495387,0.03952625438773831,0.773745882740448,0.8016164361001317,0.5944664031620553,0.035006466127248274,0.4888888888888888,0.16629588385661961,0.6600000000000001,0.09165151389911684,1.4265600813424954e-06,0.0,5000.0,46.537939290007735,2.8193314565400214,5000.0,"[0.0005609059112559558, 0.0006865898008887548, 0.0006077240919410212, 0.0005651172702199516, 0.0005839279646346322, 0.0005523715791675281, 0.0006783330859923487, 0.0006033686320790322, 0.0005902096325511937, 0.0005100354336933839, 0.0006412846984147854, 0.0006673587912968873, 0.0006177405914559495, 0.0005581821607363366, 0.0006110059828389445, 0.000596005461350566, 0.0005790816257307335, 0.0005314625689206841, 0.000603049613998349, 0.0005592334971908492, 0.0005095948693007299, 0.0006194155968737019, 0.0006413891850967442, 0.000620282848321847, 0.000596968819004112, 0.0005416555040249878, 0.0006344087193209083, 0.0006426501397311537, 0.0005704876901503558, 0.0005530777162788168]","[0.8488142292490118, 0.7509881422924901, 0.7440711462450592, 0.7677865612648223, 0.7322134387351779, 0.8507905138339922, 0.7144268774703557, 0.8102766798418973, 0.7984189723320158, 0.8428853754940712, 0.8023715415019764, 0.7569169960474308, 0.7954545454545455, 0.8636363636363636, 0.8033596837944664, 0.7549407114624507, 0.8102766798418973, 0.8379446640316206, 0.790513833992095, 0.7766798418972332, 0.8409090909090908, 0.7895256916996048, 0.7806324110671937, 0.7420948616600791, 0.7865612648221343, 0.758893280632411, 0.7341897233201582, 0.7381422924901185, 0.8152173913043478, 0.7944664031620554]","[0.6284584980237155, 0.5652173913043478, 0.549407114624506, 0.5731225296442688, 0.5731225296442688, 0.6600790513833992, 0.525691699604743, 0.6205533596837944, 0.5968379446640317, 0.6521739130434783, 0.6126482213438735, 0.5652173913043478, 0.6126482213438735, 0.6600790513833992, 0.5889328063241107, 0.5652173913043478, 0.5968379446640317, 0.6363636363636365, 0.5731225296442688, 0.5889328063241107, 0.6363636363636365, 0.6126482213438735, 0.5889328063241107, 0.549407114624506, 0.5889328063241107, 0.5810276679841897, 0.541501976284585, 0.557312252964427, 0.6047430830039525, 0.6284584980237155]","[0.6666666666666666, 0.6666666666666666, 0.3333333333333333, 0.3333333333333333, 0.6666666666666666, 0.6666666666666666, 0.6666666666666666, 0.3333333333333333, 0.6666666666666666, 0.3333333333333333, 0.3333333333333333, 0.6666666666666666, 0.3333333333333333, 0.3333333333333333, 0.3333333333333333, 0.6666666666666666, 0.3333333333333333, 0.3333333333333333, 0.3333333333333333, 0.3333333333333333, 0.6666666666666666, 0.3333333333333333, 0.6666666666666666, 0.3333333333333333, 0.3333333333333333, 0.6666666666666666, 0.6666666666666666, 0.6666666666666666, 0.3333333333333333, 0.6666666666666666]","[0.6, 0.8, 0.6, 0.6, 0.8, 0.6, 0.6, 0.6, 0.6, 0.6, 0.6, 0.6, 0.8, 0.8, 0.8, 0.8, 0.6, 0.6, 0.6, 0.6, 0.6, 0.6, 0.6, 0.6, 0.8, 0.6, 0.6, 0.8, 0.6, 0.8]"
credit,rf,5000,8,23,abc_shap,0.0020808894272828504,0.0011591090817235064,9.047345336012394e-05,5.03960470314568e-05,0.0017002307943461176,0.002494701445569111,4.4240659507044215,0.6169301712779973,0.17599853261421675,0.5448838932806324,0.6767588932806324,0.48010540184453226,0.1559762567846247,0.7333333333333335,0.13333333333333336,0.7400000000000002,0.128062484748657,8.645106351209668e-05,2484.0,2516.0,47.4999420466697,2.1004018597634926,2484.0,"[0.0010718890050503613, 0.003978667235444847, 0.0013030478518472172, 0.002292863632717508, 0.005998982177352153, 0.0014854203531446063, 0.0011238525905893533, 0.0030411001685186952, 0.0009174394172706336, 0.0027302895173977695, 0.00048677107284733384, 0.003337543601857375, 0.0018002405358126727, 0.0016935697421892957, 0.00214820848824836, 0.0008628733526858697, 0.0035547562975508954, 0.001687697004870389, 0.0023077798430003694, 0.0024768518533676894, 0.0009134240968627087, 0.002999633544985199, 0.0017984026577047773, 0.003558927951417589, 0.0018412334216559329, 0.0016418366528136285, 0.0013825225906160007, 0.0011413373945197952, 0.0018672196369027665, 0.0009823011292437163]","[0.7401185770750989, 0.29545454545454547, 0.6007905138339922, 0.48616600790513836, 0.5849802371541503, 0.7213438735177865, 0.5128458498023715, 0.7648221343873517, 0.7262845849802372, 0.30138339920948615, 0.7994071146245059, 0.7065217391304347, 0.6837944664031621, 0.8784584980237155, 0.7598814229249011, 0.6432806324110673, 0.17094861660079053, 0.4575098814229249, 0.7766798418972332, 0.6926877470355731, 0.7262845849802372, 0.6106719367588932, 0.6393280632411067, 0.7480237154150197, 0.4614624505928854, 0.37747035573122534, 0.8507905138339922, 0.775691699604743, 0.38241106719367585, 0.632411067193676]","[0.6442687747035574, 0.2173913043478261, 0.4545454545454546, 0.35968379446640314, 0.44664031620553357, 0.5810276679841897, 0.36758893280632415, 0.6047430830039525, 0.5652173913043478, 0.20948616600790515, 0.6600790513833992, 0.557312252964427, 0.5335968379446641, 0.7075098814229249, 0.5889328063241107, 0.4940711462450593, 0.1067193675889328, 0.3359683794466403, 0.5968379446640317, 0.5098814229249012, 0.6679841897233202, 0.43873517786561267, 0.4545454545454546, 0.5968379446640317, 0.3359683794466403, 0.28063241106719367, 0.7075098814229249, 0.6047430830039525, 0.28063241106719367, 0.4940711462450593]","[0.6666666666666666, 0.6666666666666666, 0.6666666666666666, 0.6666666666666666, 1.0, 1.0, 0.6666666666666666, 1.0, 0.6666666666666666, 0.6666666666666666, 1.0, 0.6666666666666666, 0.6666666666666666, 1.0, 0.6666666666666666, 0.6666666666666666, 0.6666666666666666, 0.6666666666666666, 0.6666666666666666, 0.6666666666666666, 0.6666666666666666, 0.6666666666666666, 0.6666666666666666, 0.6666666666666666, 0.6666666666666666, 0.6666666666666666, 1.0, 0.6666666666666666, 0.6666666666666666, 0.6666666666666666]","[0.8, 0.6, 0.6, 0.6, 0.8, 0.6, 0.6, 1.0, 0.8, 0.6, 1.0, 0.8, 0.8, 0.8, 0.8, 0.8, 0.6, 0.6, 0.8, 0.8, 0.8, 0.8, 0.6, 1.0, 0.6, 0.6, 0.8, 0.8, 0.8, 0.6]"
credit,rf,5000,8,23,b1_uniform,0.0023202442029746123,0.0009854792420731075,0.00010088018273802662,4.284692356839598e-05,0.002005874894403884,0.002704540273865236,4.9329451344768716,0.5216073781291173,0.13502250830045812,0.4755163043478261,0.5694449934123846,0.37944664031620545,0.10209061009858632,0.7000000000000003,0.1,0.6800000000000002,0.16,5.600674273475454e-05,0.0,5000.0,46.41845465333123,1.1769425668446267,5000.0,"[0.0020883101746035754, 0.001855054589600743, 0.0018547650357077113, 0.002296052881711927, 0.0019206222796047247, 0.0038790678058816448, 0.002796789576625434, 0.0015544427444138201, 0.002481274952709066, 0.0016292112415640472, 0.0015159245154465655, 0.0032334199971402375, 0.0024902681001505752, 0.0031511561481695127, 0.002990122280809472, 0.002170707474845426, 0.0013538080739691307, 0.0012971557457969285, 0.002267851471491073, 0.001719848786751092, 0.003004609203467961, 0.0017997981470445272, 0.0021636586773473273, 0.0013380544372746325, 0.006254453327089483, 0.001337613560854398, 0.0016148782315976383, 0.002750255087097723, 0.0030544181864054446, 0.001743733354066519]","[0.3102766798418973, 0.4545454545454546, 0.5760869565217391, 0.5780632411067194, 0.6442687747035574, 0.21541501976284588, 0.37549407114624506, 0.6373517786561265, 0.733201581027668, 0.6551383399209486, 0.650197628458498, 0.3142292490118577, 0.391304347826087, 0.31225296442687744, 0.4466403162055336, 0.4505928853754941, 0.6551383399209486, 0.7687747035573124, 0.4436758893280633, 0.541501976284585, 0.5098814229249012, 0.6116600790513834, 0.607707509881423, 0.7154150197628458, 0.5968379446640316, 0.5424901185770752, 0.4871541501976285, 0.4407114624505929, 0.5, 0.4822134387351779]","[0.19367588932806323, 0.3359683794466403, 0.3992094861660079, 0.41501976284584985, 0.4545454545454546, 0.17786561264822134, 0.2727272727272727, 0.4940711462450593, 0.5335968379446641, 0.5098814229249012, 0.47035573122529645, 0.24110671936758896, 0.2885375494071147, 0.22529644268774704, 0.3122529644268775, 0.3280632411067194, 0.4782608695652174, 0.5652173913043478, 0.3201581027667984, 0.40711462450592883, 0.3992094861660079, 0.40711462450592883, 0.47035573122529645, 0.5335968379446641, 0.43873517786561267, 0.383399209486166, 0.3280632411067194, 0.2964426877470356, 0.35968379446640314, 0.3438735177865613]","[0.6666666666666666, 0.6666666666666666, 0.6666666666666666, 0.6666666666666666, 0.6666666666666666, 1.0, 0.6666666666666666, 0.6666666666666666, 0.6666666666666666, 0.6666666666666666, 0.6666666666666666, 0.6666666666666666, 0.6666666666666666, 0.6666666666666666, 0.6666666666666666, 0.6666666666666666, 1.0, 0.6666666666666666, 1.0, 0.6666666666666666, 0.6666666666666666, 0.6666666666666666, 0.6666666666666666, 0.6666666666666666, 0.6666666666666666, 0.6666666666666666, 0.6666666666666666, 0.6666666666666666, 0.6666666666666666, 0.6666666666666666]","[1.0, 0.8, 0.6, 0.6, 0.6, 0.6, 0.8, 0.8, 0.4, 0.8, 0.6, 0.8, 0.4, 0.4, 0.6, 0.8, 0.8, 0.8, 0.6, 0.4, 0.8, 0.4, 0.8, 0.8, 0.8, 0.8, 0.8, 0.6, 0.6, 0.8]"
credit,rf,5000,8,23,b2_stratified,0.0004703567827580692,0.0002569792656989582,2.045029490252475e-05,1.1173011552128616e-05,0.0003829558885591687,0.0005614484621659681,1.0,0.8750329380764165,0.06746377422690213,0.8508563899868249,0.8980904150197628,0.7504611330698289,0.07420404014572794,0.8555555555555556,0.16517854163687232,0.8866666666666668,0.09910712498212337,1.6487867883708774e-05,0.0,5000.0,47.284761140004655,0.8549420161823392,5000.0,"[0.0006982618992410167, 8.083231271829011e-05, 0.0006758726732828242, 0.0004520985428429287, 0.000251904019359251, 0.0005685482684355958, 0.00026806957768417124, 0.0010474056482479629, 0.0004735810206112437, 0.00031906396624577834, 0.0005869074646076157, 0.00036833502871430965, 0.0004331006893015444, 0.00016785544102863493, 0.00013875311409250858, 0.0001273905198851559, 0.00038867640921187664, 0.0006288951964275321, 0.00040506957205589173, 0.0002718530541148501, 0.0008125010504866606, 0.0005198666599767252, 0.00046991968901555166, 0.0003228816091540468, 0.0010352427761965862, 0.0001339010008622065, 0.0005266969600998519, 0.0005664722961976527, 0.0009873306973656462, 0.00038341632527816554]","[0.8735177865612648, 0.9733201581027668, 0.7727272727272727, 0.8517786561264822, 0.9357707509881423, 0.8359683794466403, 0.9189723320158102, 0.7371541501976284, 0.7806324110671937, 0.8201581027667983, 0.8952569169960475, 0.9239130434782609, 0.8992094861660079, 0.9229249011857708, 0.8992094861660079, 0.9268774703557312, 0.8606719367588934, 0.9594861660079053, 0.8656126482213439, 0.8764822134387351, 0.9090909090909092, 0.7954545454545455, 0.8883399209486167, 0.9130434782608695, 0.8043478260869565, 0.9782608695652174, 0.9140316205533597, 0.6966403162055337, 0.9298418972332017, 0.892292490118577]","[0.7549407114624506, 0.8893280632411068, 0.6284584980237155, 0.7391304347826086, 0.8102766798418973, 0.6837944664031621, 0.8102766798418973, 0.6126482213438735, 0.6679841897233202, 0.6600790513833992, 0.7707509881422926, 0.7786561264822134, 0.7707509881422926, 0.7944664031620553, 0.7549407114624506, 0.8260869565217391, 0.7470355731225297, 0.841897233201581, 0.7391304347826086, 0.7786561264822134, 0.7628458498023716, 0.6758893280632412, 0.7312252964426879, 0.7865612648221344, 0.7154150197628459, 0.8893280632411068, 0.8102766798418973, 0.5652173913043478, 0.7786561264822134, 0.7391304347826086]","[1.0, 0.6666666666666666, 0.6666666666666666, 0.6666666666666666, 0.6666666666666666, 0.6666666666666666, 1.0, 1.0, 1.0, 0.6666666666666666, 1.0, 0.6666666666666666, 0.6666666666666666, 1.0, 0.6666666666666666, 1.0, 1.0, 1.0, 1.0, 1.0, 1.0, 1.0, 0.6666666666666666, 1.0, 1.0, 0.6666666666666666, 1.0, 0.6666666666666666, 1.0, 0.6666666666666666]","[1.0, 0.8, 0.8, 1.0, 0.8, 0.8, 1.0, 1.0, 1.0, 0.8, 1.0, 0.8, 1.0, 0.8, 0.8, 1.0, 1.0, 0.8, 0.8, 1.0, 0.8, 0.8, 0.8, 0.8, 0.8, 1.0, 1.0, 1.0, 0.8, 0.8]"
credit,rf,5000,8,23,b3_is,0.00021105424620003376,9.317260016388931e-05,9.176271573914512e-06,4.050982615821275e-06,0.00017790084912226955,0.0002453046906458074,0.4487109656683547,0.9491765480895916,0.03585988513761251,0.9362285902503295,0.9608761528326748,0.8542819499341241,0.053408296143856095,0.9222222222222223,0.14098419489388359,0.9266666666666666,0.09637888196533971,5.381740819601895e-06,0.0,5000.0,47.34349401999886,1.1656828259893093,5000.0,"[0.0004581608977870415, 0.0001519601644245028, 0.00025172145181561747, 0.00016577294368114629, 0.00028202158285805254, 0.0001995244496243292, 0.00013544623482646419, 8.298822435418237e-05, 0.0002793798126615199, 8.690061658166477e-05, 0.0003051600121279775, 0.00031738250712742805, 0.00021627019917843092, 0.0001600532808657541, 0.00017976547467220838, 0.00014887408455413698, 0.00018405745968860882, 0.0002675270846977119, 0.00020197530379810775, 0.00021245744970150595, 8.225474026718046e-05, 8.547055585883972e-05, 9.784948706958705e-05, 0.0002836871518228499, 0.00011624661040050588, 0.00019903032953495677, 0.00016031080288991074, 0.0003561387925651759, 0.00031054866901426126, 0.00035269101155135354]","[0.8418972332015809, 0.9664031620553359, 0.9476284584980237, 0.9673913043478262, 0.9693675889328063, 0.9031620553359685, 0.983201581027668, 0.9634387351778656, 0.8893280632411068, 0.9802371541501977, 0.9703557312252965, 0.9525691699604744, 0.9644268774703558, 0.9456521739130436, 0.8666007905138341, 0.9486166007905139, 0.9881422924901186, 0.9555335968379446, 0.9446640316205533, 0.9782608695652174, 0.9723320158102767, 0.9851778656126482, 0.983201581027668, 0.9476284584980237, 0.9466403162055337, 0.8952569169960475, 0.9871541501976285, 0.9298418972332017, 0.9377470355731227, 0.9634387351778656]","[0.7075098814229249, 0.8814229249011858, 0.8260869565217391, 0.8814229249011858, 0.8972332015810277, 0.7865612648221344, 0.9209486166007905, 0.8735177865612648, 0.7944664031620553, 0.9051383399209486, 0.8893280632411068, 0.8656126482213439, 0.8656126482213439, 0.841897233201581, 0.7391304347826086, 0.83399209486166, 0.9209486166007905, 0.841897233201581, 0.83399209486166, 0.9051383399209486, 0.8735177865612648, 0.9209486166007905, 0.9130434782608695, 0.841897233201581, 0.8814229249011858, 0.7786561264822134, 0.9130434782608695, 0.83399209486166, 0.8023715415019763, 0.857707509881423]","[1.0, 1.0, 0.6666666666666666, 1.0, 1.0, 0.6666666666666666, 1.0, 1.0, 1.0, 0.6666666666666666, 1.0, 1.0, 1.0, 1.0, 1.0, 1.0, 1.0, 1.0, 1.0, 1.0, 1.0, 0.6666666666666666, 1.0, 1.0, 0.6666666666666666, 0.6666666666666666, 0.6666666666666666, 1.0, 1.0, 1.0]","[0.8, 0.8, 0.8, 1.0, 1.0, 1.0, 1.0, 1.0, 1.0, 1.0, 0.8, 1.0, 0.8, 0.8, 0.8, 1.0, 1.0, 0.8, 1.0, 1.0, 1.0, 1.0, 0.8, 1.0, 1.0, 1.0, 0.8, 1.0, 1.0, 0.8]"
credit,rf,5000,8,23,b4_antithetic,0.0010984731434500827,8.338921056499041e-05,4.7759701889134034e-05,3.625617850651757e-06,0.0010679392321159544,0.0011258531214884395,2.335404067118745,0.7325098814229248,0.04663790859331506,0.7146557971014493,0.7484519104084322,0.5515151515151515,0.05203532251065984,0.6666666666666669,2.220446049250313e-16,0.7400000000000001,0.10519822558706335,3.3157715971804327e-06,0.0,5000.0,46.242929050000384,1.0051770127087858,5000.0,"[0.0011576879309197895, 0.0010517485468118097, 0.0010007177300201992, 0.0009708558722312788, 0.0010783630586332967, 0.0012648813028423478, 0.0012566533831474686, 0.0010418591446388107, 0.0012137579634581262, 0.0010212153901125044, 0.0011298747785913688, 0.0011449601813348985, 0.0010724100902390233, 0.0010942941130630027, 0.0009449709604331118, 0.0010253655592179934, 0.0011777212670184168, 0.001008601824405133, 0.0010187108205706407, 0.001144308389501446, 0.0011372259898639945, 0.0010458223254965087, 0.0012049367192448603, 0.0011716216065774286, 0.0009853062242513753, 0.0010450658258465645, 0.0011850483543021702, 0.0011251181341863665, 0.0011312742073627791, 0.001103816609179763]","[0.83399209486166, 0.7737154150197629, 0.7569169960474308, 0.757905138339921, 0.7509881422924901, 0.7440711462450592, 0.6610671936758893, 0.7598814229249011, 0.708498023715415, 0.6808300395256918, 0.7025691699604744, 0.7420948616600791, 0.7272727272727272, 0.7134387351778656, 0.7658102766798419, 0.717391304347826, 0.642292490118577, 0.7984189723320158, 0.7509881422924901, 0.6541501976284586, 0.7865612648221343, 0.7806324110671937, 0.66600790513834, 0.7075098814229249, 0.7796442687747036, 0.7341897233201582, 0.7262845849802372, 0.7440711462450592, 0.7608695652173914, 0.6472332015810277]","[0.6442687747035574, 0.5889328063241107, 0.5889328063241107, 0.557312252964427, 0.5731225296442688, 0.549407114624506, 0.4861660079051383, 0.5810276679841897, 0.5098814229249012, 0.5098814229249012, 0.541501976284585, 0.5652173913043478, 0.5652173913043478, 0.5177865612648221, 0.557312252964427, 0.5177865612648221, 0.43873517786561267, 0.6284584980237155, 0.5968379446640317, 0.4545454545454546, 0.6047430830039525, 0.5889328063241107, 0.4782608695652174, 0.5177865612648221, 0.6442687747035574, 0.557312252964427, 0.549407114624506, 0.5731225296442688, 0.5889328063241107, 0.47035573122529645]","[0.6666666666666666, 0.6666666666666666, 0.6666666666666666, 0.6666666666666666, 0.6666666666666666, 0.6666666666666666, 0.6666666666666666, 0.6666666666666666, 0.6666666666666666, 0.6666666666666666, 0.6666666666666666, 0.6666666666666666, 0.6666666666666666, 0.6666666666666666, 0.6666666666666666, 0.6666666666666666, 0.6666666666666666, 0.6666666666666666, 0.6666666666666666, 0.6666666666666666, 0.6666666666666666, 0.6666666666666666, 0.6666666666666666, 0.6666666666666666, 0.6666666666666666, 0.6666666666666666, 0.6666666666666666, 0.6666666666666666, 0.6666666666666666, 0.6666666666666666]","[0.6, 0.6, 0.8, 0.8, 0.6, 0.8, 0.6, 0.8, 0.8, 0.8, 0.8, 0.8, 0.6, 0.8, 0.6, 0.8, 0.8, 0.8, 0.8, 0.6, 0.8, 0.6, 0.8, 0.6, 1.0, 0.8, 0.6, 0.8, 0.8, 0.8]"
credit,rf,5000,9,23,abc_shap,0.0012687243376359916,0.0005803832532838647,5.5161927723303983e-05,2.523405449060281e-05,0.0010782172329291027,0.0014777264093794563,4.065684887408458,0.7161067193675891,0.11879869222128493,0.6717547760210804,0.755677700922266,0.552042160737813,0.1300122246024293,0.7666666666666668,0.1753303759784389,0.6733333333333335,0.18245242911205345,5.1268492606262975e-05,2484.0,2516.0,45.970606766670244,1.2447009837127465,2484.0,"[0.00047074547068823216, 0.002665944134346245, 0.0015418239683119596, 0.001825284165608109, 0.0011027607116564995, 0.0008578472282893345, 0.000977075226347181, 0.0007788616688524994, 0.0005841137639923077, 0.0006395121537331713, 0.0006801844817182482, 0.0013577408680543722, 0.002149959611352178, 0.0008197900940239345, 0.0011284580140594389, 0.001126096054246564, 0.00205830301906137, 0.0006762735560051845, 0.002002690493505725, 0.0019269822358475579, 0.0013466178421999032, 0.0016314967784821451, 0.0015883062823688877, 0.00020098340316516036, 0.0011925982990124715, 0.0009202561220616968, 0.0020145354179220126, 0.001410321514347375, 0.0016007053366438875, 0.0007854622131760953]","[0.8577075098814229, 0.6996047430830039, 0.6482213438735179, 0.6264822134387352, 0.6936758893280633, 0.6551383399209486, 0.8260869565217392, 0.7411067193675891, 0.8320158102766799, 0.8132411067193677, 0.816205533596838, 0.6175889328063241, 0.5405138339920948, 0.8547430830039526, 0.6650197628458498, 0.6156126482213439, 0.599802371541502, 0.9515810276679842, 0.5464426877470356, 0.6818181818181818, 0.6294466403162056, 0.5424901185770752, 0.641304347826087, 0.8685770750988143, 0.892292490118577, 0.892292490118577, 0.5790513833992095, 0.75, 0.6017786561264823, 0.8033596837944664]","[0.6758893280632412, 0.5335968379446641, 0.5098814229249012, 0.41501976284584985, 0.5335968379446641, 0.46245059288537554, 0.6837944664031621, 0.5968379446640317, 0.7154150197628459, 0.6521739130434783, 0.6442687747035574, 0.4308300395256917, 0.35968379446640314, 0.691699604743083, 0.46245059288537554, 0.42292490118577075, 0.43873517786561267, 0.8498023715415021, 0.383399209486166, 0.5019762845849802, 0.4861660079051383, 0.41501976284584985, 0.4545454545454546, 0.7233201581027668, 0.7312252964426879, 0.7312252964426879, 0.391304347826087, 0.6047430830039525, 0.44664031620553357, 0.6126482213438735]","[0.6666666666666666, 0.6666666666666666, 0.6666666666666666, 0.6666666666666666, 1.0, 1.0, 0.6666666666666666, 1.0, 1.0, 1.0, 0.6666666666666666, 0.6666666666666666, 0.6666666666666666, 0.6666666666666666, 0.3333333333333333, 0.6666666666666666, 1.0, 1.0, 0.6666666666666666, 0.6666666666666666, 1.0, 0.6666666666666666, 0.6666666666666666, 1.0, 0.6666666666666666, 0.6666666666666666, 0.6666666666666666, 0.6666666666666666, 0.6666666666666666, 1.0]","[0.6, 1.0, 0.8, 0.4, 0.8, 0.6, 0.8, 0.6, 0.8, 0.8, 0.6, 0.4, 0.4, 0.8, 0.6, 0.6, 0.8, 0.8, 0.4, 0.4, 0.8, 0.8, 0.4, 1.0, 0.8, 0.8, 0.4, 0.8, 0.6, 0.8]"
credit,rf,5000,9,23,b1_uniform,0.0018037373815223857,0.0005611564080749216,7.842336441401676e-05,2.4398104698909633e-05,0.0015924311636773781,0.002016857087879599,5.780158538279175,0.5575757575757575,0.1577003965273879,0.49602108036890635,0.6102215085638998,0.4100131752305666,0.13081325429317886,0.6333333333333334,0.17950549357115014,0.6333333333333334,0.15563490039905004,4.524756701432002e-05,0.0,5000.0,44.82602613000975,1.356991888923635,5000.0,"[0.0013424905133330592, 0.001751205510896021, 0.0024180815836905498, 0.0018971451028989186, 0.001512907737384469, 0.0012440600711327496, 0.0011076549391128708, 0.0014008879453091538, 0.0013965283259219005, 0.002162089476999146, 0.002912629394615501, 0.001418816039360034, 0.00220610269805256, 0.0013778945050818025, 0.0015223202436127415, 0.002752503205044734, 0.0019658519498638354, 0.0027705678769187046, 0.002358048476638873, 0.0007210242108540714, 0.0008702524220445111, 0.001593450729639687, 0.002381995169943883, 0.0027221662814650538, 0.002111731297949436, 0.0015567204463317111, 0.0017030667524733723, 0.0015246760110962194, 0.001769271475778214, 0.001639981052227787]","[0.6768774703557312, 0.6156126482213439, 0.21541501976284588, 0.5790513833992095, 0.5464426877470356, 0.6304347826086957, 0.6363636363636364, 0.4723320158102767, 0.5335968379446641, 0.44169960474308306, 0.44169960474308306, 0.7430830039525691, 0.49802371541501983, 0.7401185770750989, 0.6966403162055337, 0.3952569169960475, 0.4683794466403162, 0.38142292490118584, 0.5247035573122529, 0.8794466403162056, 0.6966403162055337, 0.6166007905138341, 0.6343873517786561, 0.1442687747035573, 0.5286561264822135, 0.674901185770751, 0.34288537549407117, 0.7341897233201582, 0.6689723320158103, 0.5691699604743083]","[0.4940711462450593, 0.46245059288537554, 0.14624505928853754, 0.42292490118577075, 0.40711462450592883, 0.4782608695652174, 0.46245059288537554, 0.30434782608695654, 0.3992094861660079, 0.3201581027667984, 0.30434782608695654, 0.549407114624506, 0.35177865612648224, 0.549407114624506, 0.5177865612648221, 0.2964426877470356, 0.3280632411067194, 0.2648221343873518, 0.36758893280632415, 0.7470355731225297, 0.5019762845849802, 0.47035573122529645, 0.4940711462450593, 0.09881422924901187, 0.35968379446640314, 0.4861660079051383, 0.23320158102766797, 0.557312252964427, 0.5019762845849802, 0.42292490118577075]","[0.6666666666666666, 0.3333333333333333, 0.3333333333333333, 0.3333333333333333, 0.6666666666666666, 1.0, 1.0, 0.6666666666666666, 0.6666666666666666, 0.3333333333333333, 0.6666666666666666, 0.6666666666666666, 0.6666666666666666, 0.6666666666666666, 0.6666666666666666, 0.6666666666666666, 0.6666666666666666, 0.6666666666666666, 0.6666666666666666, 0.6666666666666666, 1.0, 0.6666666666666666, 0.6666666666666666, 0.3333333333333333, 0.3333333333333333, 0.6666666666666666, 0.6666666666666666, 0.6666666666666666, 0.6666666666666666, 0.6666666666666666]","[0.8, 0.6, 0.4, 0.6, 0.6, 0.8, 0.8, 0.8, 0.8, 0.4, 0.6, 0.8, 0.6, 0.4, 0.6, 0.6, 0.4, 0.4, 0.6, 1.0, 0.6, 0.6, 0.6, 0.4, 0.6, 0.6, 0.8, 0.6, 0.8, 0.8]"
credit,rf,5000,9,23,b2_stratified,0.00031205673158912707,0.0001368569109551278,1.356768398213596e-05,5.950300476309904e-06,0.0002641159568489374,0.0003585029398875843,1.0,0.903590250329381,0.04439511437669411,0.8877462121212122,0.9188751646903823,0.7654808959156785,0.06302113698604161,0.9555555555555555,0.11331154474650634,0.8133333333333337,0.1024152766382481,1.0445848589228241e-05,0.0,5000.0,45.60882032666898,0.9917040627314431,5000.0,"[0.0004708565244446677, 0.00041731467130940423, 0.00032136387911664837, 0.00020794168605998717, 0.0003199078775788881, 0.00030170006832084, 0.0003933473660696408, 0.0004604129083747861, 0.00036502877535153096, 0.00020215209304606154, 0.0004850877106396577, 0.0004483477535786572, 0.00029201399364082244, 0.0005755855173524105, 8.46342234000664e-05, 0.0004989114601881327, 0.0001452884907959954, 0.00023259112243525517, 0.00021448168664090013, 0.00017601990838793925, 0.0003464582955742406, 0.0003730343882419423, 8.891127299655417e-05, 0.0001745061081362231, 0.0002837806992566047, 0.00024009361896639458, 0.0006109318811722156, 0.0002008030209069024, 0.00025837833683586283, 0.00017181660885458083]","[0.9239130434782609, 0.8903162055335968, 0.8804347826086957, 0.9140316205533597, 0.8853754940711462, 0.9130434782608695, 0.7895256916996048, 0.9041501976284586, 0.8695652173913043, 0.9140316205533597, 0.9100790513833993, 0.8715415019762847, 0.9258893280632412, 0.8893280632411068, 0.9594861660079053, 0.9120553359683794, 0.9673913043478262, 0.9318181818181819, 0.933794466403162, 0.849802371541502, 0.9407114624505929, 0.8260869565217392, 0.983201581027668, 0.9229249011857708, 0.9298418972332017, 0.9486166007905139, 0.8043478260869565, 0.9288537549407114, 0.8616600790513835, 0.9258893280632412]","[0.7707509881422926, 0.7628458498023716, 0.7312252964426879, 0.7865612648221344, 0.7391304347826086, 0.7549407114624506, 0.6284584980237155, 0.7391304347826086, 0.7391304347826086, 0.7786561264822134, 0.7470355731225297, 0.7944664031620553, 0.7786561264822134, 0.7312252964426879, 0.857707509881423, 0.7470355731225297, 0.8893280632411068, 0.8102766798418973, 0.8023715415019763, 0.7154150197628459, 0.7944664031620553, 0.6442687747035574, 0.9130434782608695, 0.7786561264822134, 0.7865612648221344, 0.83399209486166, 0.6442687747035574, 0.7549407114624506, 0.6996047430830039, 0.8102766798418973]","[0.6666666666666666, 1.0, 1.0, 1.0, 1.0, 1.0, 1.0, 0.6666666666666666, 1.0, 1.0, 1.0, 1.0, 1.0, 0.6666666666666666, 1.0, 0.6666666666666666, 1.0, 1.0, 1.0, 1.0, 1.0, 1.0, 1.0, 1.0, 1.0, 1.0, 1.0, 1.0, 1.0, 1.0]","[0.8, 0.8, 0.8, 1.0, 0.8, 0.8, 0.8, 0.6, 0.8, 0.8, 0.8, 0.8, 0.8, 0.8, 1.0, 0.8, 0.8, 0.8, 1.0, 1.0, 0.8, 0.6, 1.0, 0.8, 0.8, 0.8, 0.8, 0.6, 0.8, 0.8]"
credit,rf,5000,9,23,b3_is,0.00011523010679151983,4.074630729756598e-05,5.010004643109558e-06,1.7715785781550425e-06,9.995489992559971e-05,0.0001298888941025703,0.3692601220448557,0.9507575757575759,0.014756294995719323,0.9453540843214756,0.9555014822134389,0.8450592885375493,0.026970311635149364,1.0,0.0,0.8466666666666668,0.12310790208412926,3.489995783998171e-06,0.0,5000.0,45.96997424333046,0.7705476492664785,5000.0,"[9.822030507989711e-05, 0.0001474545127213729, 8.485338378277868e-05, 0.0002639227960591684, 7.525595312517973e-05, 0.00014156928806514636, 9.805179145374831e-05, 8.122409111482819e-05, 0.0001248486417257687, 0.0001033566983254509, 0.00013651223780570268, 0.0001511903657863355, 4.6473988981664744e-05, 0.0001083432092638316, 0.00012792081346949178, 0.00012436930624310186, 0.00014400365904610106, 9.285047969687117e-05, 9.187218371603509e-05, 0.0001565931180058029, 0.00013626961731135316, 4.897781992368558e-05, 7.323920311880645e-05, 0.00012491539605677228, 0.00011791220431273128, 0.00015626219511293617, 0.00013192084531277976, 9.964300274689984e-05, 9.714012570616681e-05, 7.17359706751864e-05]","[0.9347826086956521, 0.9644268774703558, 0.9545454545454547, 0.9308300395256918, 0.9535573122529646, 0.9476284584980237, 0.9664031620553359, 0.9496047430830039, 0.9525691699604744, 0.9466403162055337, 0.9268774703557312, 0.9654150197628459, 0.9673913043478262, 0.9575098814229249, 0.9723320158102767, 0.950592885375494, 0.9387351778656127, 0.9426877470355731, 0.9604743083003953, 0.9575098814229249, 0.9575098814229249, 0.9555335968379446, 0.9594861660079053, 0.9555335968379446, 0.9318181818181819, 0.9229249011857708, 0.9377470355731227, 0.9673913043478262, 0.9179841897233202, 0.9762845849802372]","[0.841897233201581, 0.8735177865612648, 0.841897233201581, 0.8023715415019763, 0.841897233201581, 0.8181818181818182, 0.8814229249011858, 0.83399209486166, 0.841897233201581, 0.8498023715415021, 0.8023715415019763, 0.857707509881423, 0.8972332015810277, 0.8498023715415021, 0.8735177865612648, 0.8260869565217391, 0.8260869565217391, 0.83399209486166, 0.8735177865612648, 0.8735177865612648, 0.841897233201581, 0.841897233201581, 0.857707509881423, 0.841897233201581, 0.841897233201581, 0.7865612648221344, 0.8260869565217391, 0.857707509881423, 0.8102766798418973, 0.9051383399209486]","[1.0, 1.0, 1.0, 1.0, 1.0, 1.0, 1.0, 1.0, 1.0, 1.0, 1.0, 1.0, 1.0, 1.0, 1.0, 1.0, 1.0, 1.0, 1.0, 1.0, 1.0, 1.0, 1.0, 1.0, 1.0, 1.0, 1.0, 1.0, 1.0, 1.0]","[1.0, 0.8, 1.0, 0.8, 0.8, 0.8, 0.8, 0.8, 0.8, 0.8, 1.0, 0.8, 1.0, 0.6, 0.8, 1.0, 1.0, 0.8, 0.8, 0.8, 0.8, 0.6, 0.8, 0.8, 1.0, 0.6, 0.8, 1.0, 1.0, 1.0]"
credit,rf,5000,9,23,b4_antithetic,0.0009164438686915438,0.00010139053807755941,3.984538559528451e-05,4.408284264241714e-06,0.0008807582597168914,0.000950167309001796,2.9367860902234586,0.7621541501976286,0.03665119978836811,0.749209486166008,0.774508399209486,0.5949934123847169,0.040601092872620426,0.7000000000000001,0.1319371343004213,0.786666666666667,0.049888765156985905,3.690173101882078e-06,0.0,5000.0,45.123566906660564,1.5619639149396414,5000.0,"[0.0010392078024836523, 0.0008128108734682377, 0.0010542842081573984, 0.0009342122255580305, 0.0009038292399182366, 0.0007037575475305307, 0.0006683098941075253, 0.0009050636811009376, 0.0009203650113275286, 0.0009108642702257769, 0.0009766798042397027, 0.0008592152096920344, 0.0008603203548329542, 0.0009754324225095373, 0.0008405203578502387, 0.0009619506960989097, 0.0008200805966558045, 0.0009300397548120831, 0.0010451423720966482, 0.0008415101964014117, 0.0010214055719193643, 0.0009582878229244825, 0.0007978972328329254, 0.0009016718150275878, 0.0009479525576677569, 0.0008904444037955396, 0.0011509238136242024, 0.000893328106682585, 0.0009139353418671294, 0.0010538728753375622]","[0.7539525691699605, 0.7895256916996048, 0.7598814229249011, 0.7796442687747036, 0.7934782608695652, 0.7845849802371542, 0.7509881422924901, 0.758893280632411, 0.7420948616600791, 0.7539525691699605, 0.7658102766798419, 0.8656126482213439, 0.7885375494071146, 0.7519762845849803, 0.8280632411067194, 0.7262845849802372, 0.7193675889328064, 0.7213438735177865, 0.7727272727272727, 0.7559288537549407, 0.7480237154150197, 0.7470355731225298, 0.8152173913043478, 0.7727272727272727, 0.7628458498023717, 0.6719367588932806, 0.698616600790514, 0.758893280632411, 0.782608695652174, 0.7440711462450592]","[0.5889328063241107, 0.6284584980237155, 0.5731225296442688, 0.5968379446640317, 0.6363636363636365, 0.6284584980237155, 0.5968379446640317, 0.5968379446640317, 0.5810276679841897, 0.5889328063241107, 0.6047430830039525, 0.7154150197628459, 0.6205533596837944, 0.5968379446640317, 0.6600790513833992, 0.549407114624506, 0.549407114624506, 0.5731225296442688, 0.6047430830039525, 0.5810276679841897, 0.5731225296442688, 0.557312252964427, 0.6521739130434783, 0.5968379446640317, 0.6126482213438735, 0.5019762845849802, 0.525691699604743, 0.5810276679841897, 0.6126482213438735, 0.5652173913043478]","[0.6666666666666666, 0.6666666666666666, 0.6666666666666666, 0.6666666666666666, 0.6666666666666666, 1.0, 1.0, 0.6666666666666666, 0.6666666666666666, 0.6666666666666666, 0.6666666666666666, 0.6666666666666666, 0.6666666666666666, 0.6666666666666666, 0.6666666666666666, 0.6666666666666666, 0.6666666666666666, 0.6666666666666666, 0.6666666666666666, 0.6666666666666666, 0.6666666666666666, 0.6666666666666666, 1.0, 0.6666666666666666, 0.6666666666666666, 1.0, 0.3333333333333333, 0.6666666666666666, 0.6666666666666666, 0.6666666666666666]","[0.8, 0.8, 0.8, 0.8, 0.8, 0.8, 0.8, 0.8, 0.8, 0.8, 0.8, 0.8, 0.8, 0.8, 0.8, 0.6, 0.8, 0.8, 0.8, 0.8, 0.8, 0.8, 0.8, 0.8, 0.8, 0.6, 0.8, 0.8, 0.8, 0.8]"
credit,mlp,5000,0,23,abc_shap,0.005331724427196395,0.0038058890954626888,0.00023181410553027804,0.00016547343893316037,0.004027937339046957,0.006663099224583492,7.8292001760189125,0.8549407114624509,0.1031188229393847,0.8186750658761528,0.8910531949934125,0.7517786561264823,0.11176944985782764,0.8000000000000002,0.22110831935702668,0.8733333333333334,0.09637888196533971,0.00022379487486339378,2484.0,2516.0,1.0361568600016957,0.07122185373525378,2484.0,"[0.013256090398928541, 0.0006649270763777563, 0.006252303873274621, 0.0038489885818818576, 0.01042130611395219, 0.002593014819768875, 0.010476935253336669, 0.001937083139512522, 0.008560154856612831, 0.001571730921012669, 0.008942300167666624, 0.0006545260122027917, 0.0006502909261611822, 0.0021606190350462275, 0.006931794289414829, 0.007577202194622188, 0.0038797040736806465, 0.011682713422755153, 0.010336374305025814, 0.0007247008501331778, 0.007716989155448657, 0.0083290246742977, 0.0007213426714290409, 0.00503358832383413, 0.006778715555903493, 0.004695038370050653, 0.000812014672410013, 0.007884346258670696, 0.004079385034136442, 0.0007785277883438657]","[0.6403162055335968, 0.9496047430830039, 0.7944664031620554, 0.8893280632411068, 0.8181818181818183, 0.9496047430830039, 0.6946640316205535, 0.9624505928853755, 0.7391304347826088, 0.9466403162055337, 0.758893280632411, 0.9782608695652174, 0.9762845849802372, 0.9308300395256918, 0.7420948616600791, 0.8932806324110673, 0.958498023715415, 0.6511857707509883, 0.7717391304347826, 0.9782608695652174, 0.8705533596837944, 0.7124505928853756, 0.9664031620553359, 0.8132411067193677, 0.808300395256917, 0.8754940711462451, 0.9031620553359685, 0.8675889328063242, 0.8270750988142292, 0.9802371541501977]","[0.5889328063241107, 0.841897233201581, 0.6521739130434783, 0.7549407114624506, 0.6758893280632412, 0.83399209486166, 0.6126482213438735, 0.8735177865612648, 0.5968379446640317, 0.8498023715415021, 0.6521739130434783, 0.9130434782608695, 0.8814229249011858, 0.8498023715415021, 0.6758893280632412, 0.7865612648221344, 0.8735177865612648, 0.5335968379446641, 0.6442687747035574, 0.9209486166007905, 0.7628458498023716, 0.5652173913043478, 0.8735177865612648, 0.7075098814229249, 0.7628458498023716, 0.7391304347826086, 0.7786561264822134, 0.7154150197628459, 0.7312252964426879, 0.9051383399209486]","[0.3333333333333333, 1.0, 0.6666666666666666, 1.0, 1.0, 1.0, 0.6666666666666666, 0.6666666666666666, 0.6666666666666666, 0.6666666666666666, 0.6666666666666666, 1.0, 1.0, 0.6666666666666666, 0.3333333333333333, 1.0, 1.0, 0.3333333333333333, 1.0, 1.0, 1.0, 0.6666666666666666, 1.0, 0.6666666666666666, 0.6666666666666666, 0.6666666666666666, 1.0, 1.0, 1.0, 0.6666666666666666]","[0.8, 1.0, 0.8, 0.8, 0.8, 1.0, 0.8, 1.0, 0.8, 1.0, 0.8, 1.0, 0.8, 1.0, 0.8, 0.8, 1.0, 0.8, 0.8, 1.0, 0.8, 0.8, 1.0, 0.8, 0.8, 0.8, 1.0, 0.8, 0.8, 1.0]"
credit,mlp,5000,0,23,b1_uniform,0.00367496983117284,0.0008626724889050432,0.00015978129700751478,3.7507499517610576e-05,0.003363307604235072,0.004016697606173859,5.396391888207909,0.8717391304347826,0.04574177451282335,0.8538389328063243,0.8864624505928853,0.7275362318840579,0.06022910784644899,0.8777777777777779,0.1606314699422329,0.8866666666666667,0.09910712498212336,4.541279782594395e-05,0.0,5000.0,0.9078894533236356,0.053875244659960075,5000.0,"[0.0022499781115845247, 0.0038996079936124057, 0.004183182890156333, 0.0037454602774132277, 0.003053290431524546, 0.004028343871622827, 0.0030332301291621368, 0.004349773618907514, 0.002817838221783864, 0.004167729829550049, 0.0040705673291477115, 0.0031555775160955384, 0.003332079989596425, 0.004176264302563377, 0.0030554821749144566, 0.004303768901376694, 0.004531827001531628, 0.005927724220454217, 0.004025522881947928, 0.003554701813076789, 0.005937041265854524, 0.0028803613570347903, 0.002546045576477217, 0.004334704957919336, 0.0032567540711038734, 0.0037732463051878967, 0.0027957171725374727, 0.003541131139735637, 0.0027828109772332827, 0.0027393306060789838]","[0.9258893280632412, 0.8567193675889329, 0.9041501976284586, 0.8448616600790515, 0.8754940711462451, 0.8853754940711462, 0.9100790513833993, 0.7549407114624507, 0.8992094861660079, 0.8458498023715416, 0.9110671936758895, 0.8685770750988143, 0.892292490118577, 0.8893280632411068, 0.8942687747035574, 0.892292490118577, 0.8369565217391305, 0.7766798418972332, 0.8231225296442688, 0.9071146245059288, 0.7371541501976284, 0.8942687747035574, 0.8952569169960475, 0.8616600790513835, 0.8932806324110673, 0.8992094861660079, 0.8725296442687748, 0.8784584980237155, 0.9071146245059288, 0.9189723320158102]","[0.7865612648221344, 0.7470355731225297, 0.7786561264822134, 0.7470355731225297, 0.7391304347826086, 0.7233201581027668, 0.7786561264822134, 0.5810276679841897, 0.7391304347826086, 0.6600790513833992, 0.7944664031620553, 0.7075098814229249, 0.7470355731225297, 0.7154150197628459, 0.7628458498023716, 0.7549407114624506, 0.6679841897233202, 0.5810276679841897, 0.6758893280632412, 0.7628458498023716, 0.5810276679841897, 0.7549407114624506, 0.7865612648221344, 0.691699604743083, 0.7470355731225297, 0.7391304347826086, 0.7312252964426879, 0.7628458498023716, 0.7865612648221344, 0.7944664031620553]","[1.0, 1.0, 0.6666666666666666, 1.0, 0.6666666666666666, 1.0, 1.0, 0.6666666666666666, 1.0, 1.0, 1.0, 1.0, 1.0, 1.0, 1.0, 0.6666666666666666, 0.6666666666666666, 0.6666666666666666, 0.6666666666666666, 1.0, 1.0, 1.0, 1.0, 0.6666666666666666, 0.6666666666666666, 0.6666666666666666, 1.0, 1.0, 1.0, 0.6666666666666666]","[1.0, 0.8, 1.0, 1.0, 0.8, 0.8, 1.0, 0.8, 0.8, 0.8, 0.8, 0.8, 1.0, 0.8, 1.0, 0.8, 0.8, 0.8, 0.8, 1.0, 1.0, 0.8, 1.0, 0.8, 1.0, 1.0, 1.0, 0.8, 1.0, 0.8]"
credit,mlp,5000,0,23,b2_stratified,0.0006810049950603684,0.0005578214743805378,2.9608912828711672e-05,2.4253107581762512e-05,0.0004916075358572593,0.0008871457073163015,1.0,0.9650856389986827,0.024102481023712437,0.9564525691699605,0.9732238142292491,0.8906455862977604,0.04550702513615425,1.0,0.0,0.9933333333333334,0.03590109871423002,2.3998555507829186e-05,0.0,5000.0,0.9187032899955132,0.09047323852126042,5000.0,"[0.0013198793417416972, 0.00037559201841962884, 0.0004932767177042476, 0.0008285036431460298, 0.0002295330604862722, 0.000490414921401057, 0.000561177460947351, 0.002126607420850735, 0.00014923531802443714, 0.00025267336994408917, 0.001310484069514039, 0.00014134972539193083, 0.0007953929253471889, 0.0007634306839606808, 0.00017412014147967362, 0.0004627985100473528, 0.00027701885072000786, 0.00015793241662614814, 0.0016481212873878902, 0.0010472012339294247, 0.0007473643453466681, 0.0020870644894497954, 0.0006207640481407343, 0.0002302699463398251, 0.0005675359237866451, 0.00018673880147817415, 0.0013945034843849, 0.00020123521632830615, 0.0001718101697063347, 0.0006181203097797881]","[0.9802371541501977, 0.9703557312252965, 0.9199604743083004, 0.9713438735177865, 0.9693675889328063, 0.9851778656126482, 0.991106719367589, 0.9545454545454547, 0.9901185770750988, 0.9802371541501977, 0.9150197628458498, 0.9812252964426879, 0.9772727272727272, 0.9120553359683794, 0.9782608695652174, 0.9822134387351777, 0.9851778656126482, 0.9812252964426879, 0.9555335968379446, 0.9752964426877472, 0.9229249011857708, 0.9644268774703558, 0.9229249011857708, 0.9693675889328063, 0.991106719367589, 0.9950592885375494, 0.9387351778656127, 0.9555335968379446, 0.9654150197628459, 0.9713438735177865]","[0.9051383399209486, 0.8893280632411068, 0.8102766798418973, 0.8735177865612648, 0.8893280632411068, 0.9130434782608695, 0.9525691699604742, 0.8893280632411068, 0.9525691699604742, 0.9209486166007905, 0.8023715415019763, 0.9367588932806324, 0.9209486166007905, 0.8102766798418973, 0.9130434782608695, 0.9130434782608695, 0.9209486166007905, 0.9288537549407115, 0.841897233201581, 0.8893280632411068, 0.8023715415019763, 0.857707509881423, 0.8498023715415021, 0.8972332015810277, 0.9446640316205535, 0.9683794466403163, 0.8498023715415021, 0.857707509881423, 0.9051383399209486, 0.9130434782608695]","[1.0, 1.0, 1.0, 1.0, 1.0, 1.0, 1.0, 1.0, 1.0, 1.0, 1.0, 1.0, 1.0, 1.0, 1.0, 1.0, 1.0, 1.0, 1.0, 1.0, 1.0, 1.0, 1.0, 1.0, 1.0, 1.0, 1.0, 1.0, 1.0, 1.0]","[1.0, 1.0, 1.0, 1.0, 1.0, 1.0, 1.0, 1.0, 1.0, 1.0, 0.8, 1.0, 1.0, 1.0, 1.0, 1.0, 1.0, 1.0, 1.0, 1.0, 1.0, 1.0, 1.0, 1.0, 1.0, 1.0, 1.0, 1.0, 1.0, 1.0]"
credit,mlp,5000,0,23,b3_is,0.00030713832593299396,0.00017061484738604217,1.335384025795626e-05,7.418036842871399e-06,0.0002443179806376328,0.00036942112432131197,0.4510074495206417,0.9780632411067194,0.01689193531196885,0.9717391304347827,0.983695652173913,0.9206851119894598,0.037329406595660385,1.0,0.0,1.0,0.0,1.256503780475979e-05,0.0,5000.0,1.001898406665229,0.030953077946229774,5000.0,"[0.0004557234837729466, 0.0004660324760390849, 0.00039745895935735305, 0.00028658213141481486, 0.0001591820152487341, 0.0006161074704859535, 0.000459262581638385, 0.00039957254419874255, 0.0005540746690443316, 0.00043549026708892863, 0.0002896722882832509, 0.00011614707025051497, 0.00032350362130314456, 0.00010742905283772662, 0.000183066844122519, 8.557728055829571e-05, 0.000397421976471185, 0.00015042141184967207, 0.0005288782335740153, 8.906274718985537e-05, 0.00018258220479429446, 0.00015282986823368782, 0.0005995091689906193, 0.0004193659730476227, 0.0005029738910512609, 7.875632727626485e-05, 0.00036983097435715006, 0.00013596209260159991, 0.0001258102592477072, 0.00014586189366015632]","[0.958498023715415, 0.9644268774703558, 0.9940711462450593, 0.9654150197628459, 0.9970355731225298, 0.9822134387351777, 0.9752964426877472, 0.9535573122529646, 0.9545454545454547, 0.9614624505928853, 0.9822134387351777, 0.9920948616600791, 0.983201581027668, 0.9960474308300397, 0.958498023715415, 0.9841897233201581, 0.9920948616600791, 0.9881422924901186, 0.991106719367589, 0.9930830039525691, 0.9920948616600791, 0.9891304347826088, 0.9762845849802372, 0.9219367588932808, 0.9703557312252965, 0.9920948616600791, 0.9891304347826088, 0.983201581027668, 0.9703557312252965, 0.9901185770750988]","[0.9051383399209486, 0.8814229249011858, 0.9683794466403163, 0.9051383399209486, 0.9841897233201582, 0.9051383399209486, 0.8893280632411068, 0.857707509881423, 0.8814229249011858, 0.8735177865612648, 0.9130434782608695, 0.9525691699604742, 0.9209486166007905, 0.9762845849802372, 0.8735177865612648, 0.9288537549407115, 0.9525691699604742, 0.9367588932806324, 0.9525691699604742, 0.9525691699604742, 0.9525691699604742, 0.9604743083003953, 0.9051383399209486, 0.841897233201581, 0.8814229249011858, 0.9604743083003953, 0.9446640316205535, 0.9209486166007905, 0.8893280632411068, 0.9525691699604742]","[1.0, 1.0, 1.0, 1.0, 1.0, 1.0, 1.0, 1.0, 1.0, 1.0, 1.0, 1.0, 1.0, 1.0, 1.0, 1.0, 1.0, 1.0, 1.0, 1.0, 1.0, 1.0, 1.0, 1.0, 1.0, 1.0, 1.0, 1.0, 1.0, 1.0]","[1.0, 1.0, 1.0, 1.0, 1.0, 1.0, 1.0, 1.0, 1.0, 1.0, 1.0, 1.0, 1.0, 1.0, 1.0, 1.0, 1.0, 1.0, 1.0, 1.0, 1.0, 1.0, 1.0, 1.0, 1.0, 1.0, 1.0, 1.0, 1.0, 1.0]"
credit,mlp,5000,0,23,b4_antithetic,0.0025033719744312947,0.000352531365356631,0.00010884225975788237,1.532745066767961e-05,0.002364868043297732,0.0026279197022699144,3.6759964942832477,0.9183135704874835,0.011422438607814842,0.9141609025032938,0.9224645915678525,0.7997364953886692,0.023744675259170095,1.0,0.0,0.9933333333333334,0.03590109871423002,7.174455864084787e-06,0.0,5000.0,0.8765698133269325,0.05221962752576295,5000.0,"[0.0025910315772187773, 0.0022181275927140396, 0.0022237861895735233, 0.0024682914310224942, 0.0024195851594632062, 0.003186341698042761, 0.002529696407385615, 0.002682274632099901, 0.002459814372608139, 0.0019848052639923805, 0.002345781971845189, 0.002583580689023123, 0.002363887563342696, 0.0028167146809887954, 0.0025444704676711575, 0.002391789965933636, 0.0026626392767930165, 0.0024120779059180106, 0.002376881029168475, 0.00276498372309258, 0.002328461227541256, 0.0026639182092412193, 0.002578565952996675, 0.00298759044365919, 0.002683890292412643, 0.002042614360606905, 0.002788810220828186, 0.0026066408537462112, 0.0012803845580272668, 0.0031137215159817593]","[0.8962450592885376, 0.9308300395256918, 0.9288537549407114, 0.9140316205533597, 0.9268774703557312, 0.91600790513834, 0.9347826086956521, 0.9278656126482213, 0.9229249011857708, 0.9199604743083004, 0.9239130434782609, 0.9318181818181819, 0.9219367588932808, 0.8962450592885376, 0.9100790513833993, 0.9199604743083004, 0.9328063241106721, 0.91600790513834, 0.9071146245059288, 0.9189723320158102, 0.9298418972332017, 0.9090909090909092, 0.9140316205533597, 0.9011857707509882, 0.8952569169960475, 0.9110671936758895, 0.9308300395256918, 0.9249011857707511, 0.9288537549407114, 0.9071146245059288]","[0.7470355731225297, 0.83399209486166, 0.8181818181818182, 0.7944664031620553, 0.8260869565217391, 0.7944664031620553, 0.8181818181818182, 0.8181818181818182, 0.8102766798418973, 0.8023715415019763, 0.8181818181818182, 0.8260869565217391, 0.8023715415019763, 0.7470355731225297, 0.7707509881422926, 0.8181818181818182, 0.8102766798418973, 0.7865612648221344, 0.7865612648221344, 0.8181818181818182, 0.8181818181818182, 0.7786561264822134, 0.7865612648221344, 0.8181818181818182, 0.7549407114624506, 0.7707509881422926, 0.8181818181818182, 0.8023715415019763, 0.8181818181818182, 0.7786561264822134]","[1.0, 1.0, 1.0, 1.0, 1.0, 1.0, 1.0, 1.0, 1.0, 1.0, 1.0, 1.0, 1.0, 1.0, 1.0, 1.0, 1.0, 1.0, 1.0, 1.0, 1.0, 1.0, 1.0, 1.0, 1.0, 1.0, 1.0, 1.0, 1.0, 1.0]","[1.0, 1.0, 1.0, 1.0, 1.0, 1.0, 1.0, 1.0, 1.0, 1.0, 1.0, 1.0, 1.0, 1.0, 1.0, 1.0, 1.0, 1.0, 0.8, 1.0, 1.0, 1.0, 1.0, 1.0, 1.0, 1.0, 1.0, 1.0, 1.0, 1.0]"
credit,mlp,5000,1,23,abc_shap,0.002381036515723593,0.0018229201642603484,0.000103523326770591,7.92573984461021e-05,0.0017822870582057324,0.0030682488444098138,5.529640684007187,0.7618906455862979,0.13440248387383297,0.7130706521739131,0.8071154479578393,0.6044795783926219,0.129356075021317,0.8555555555555555,0.1862561623804468,0.8533333333333335,0.12578641509408806,9.560022374012089e-05,2484.0,2516.0,1.0162671233313934,0.038335008983448236,2484.0,"[0.0030898221022115967, 0.0027048261759522315, 0.0011528507487033033, 0.002302423460466497, 0.005637327498995433, 0.001185109813492174, 0.0010657347198560077, 0.008027138823681453, 0.004280708682839615, 0.002925120307975747, 0.0011893814819783357, 0.001251142954388156, 0.0011947878265468755, 0.003431772615938502, 0.00605153642647404, 0.0015185770669305845, 0.004312188516714513, 0.0008061435540851059, 0.0024969616208886727, 0.0018975722122319592, 0.003923020179283385, 0.0003380964607188903, 0.001234516054404818, 0.0006170659449321887, 0.0014212292747347686, 0.0008088572845567113, 0.00045542256246112274, 0.0012140599826948077, 0.0036089773871342008, 0.0012887237304361036]","[0.5286561264822135, 0.6235177865612649, 0.8280632411067194, 0.8942687747035574, 0.575098814229249, 0.8428853754940712, 0.8715415019762847, 0.8725296442687748, 0.7015810276679841, 0.5909090909090909, 0.8142292490118577, 0.766798418972332, 0.7835968379446642, 0.6294466403162056, 0.816205533596838, 0.7885375494071146, 0.39624505928853754, 0.8389328063241107, 0.5434782608695652, 0.7658102766798419, 0.7341897233201582, 0.9486166007905139, 0.9021739130434783, 0.9219367588932808, 0.7766798418972332, 0.8399209486166009, 0.9496047430830039, 0.6768774703557312, 0.8290513833992096, 0.8053359683794467]","[0.3992094861660079, 0.4861660079051383, 0.6363636363636365, 0.7391304347826086, 0.41501976284584985, 0.691699604743083, 0.7391304347826086, 0.6996047430830039, 0.4782608695652174, 0.44664031620553357, 0.6442687747035574, 0.5889328063241107, 0.5889328063241107, 0.46245059288537554, 0.6442687747035574, 0.6205533596837944, 0.3359683794466403, 0.6837944664031621, 0.40711462450592883, 0.6047430830039525, 0.5652173913043478, 0.7944664031620553, 0.7549407114624506, 0.7865612648221344, 0.5968379446640317, 0.6837944664031621, 0.8498023715415021, 0.5019762845849802, 0.6521739130434783, 0.6363636363636365]","[1.0, 1.0, 1.0, 0.6666666666666666, 1.0, 0.6666666666666666, 1.0, 0.6666666666666666, 0.6666666666666666, 0.6666666666666666, 0.3333333333333333, 1.0, 0.6666666666666666, 0.6666666666666666, 1.0, 1.0, 0.6666666666666666, 0.6666666666666666, 0.6666666666666666, 1.0, 1.0, 0.6666666666666666, 1.0, 1.0, 1.0, 1.0, 1.0, 1.0, 1.0, 1.0]","[0.8, 0.8, 0.6, 0.8, 0.6, 1.0, 1.0, 0.8, 0.8, 0.8, 1.0, 0.8, 1.0, 0.8, 0.8, 0.8, 0.6, 1.0, 0.8, 0.8, 0.8, 1.0, 1.0, 1.0, 0.8, 1.0, 1.0, 0.8, 0.8, 1.0]"
credit,mlp,5000,1,23,b1_uniform,0.0020001909550210846,0.0005559722955853832,8.69648241313515e-05,2.417270850371231e-05,0.00182805576890356,0.002214112624395952,4.645177513082599,0.5494729907773386,0.11494433519782492,0.5059930830039526,0.589280303030303,0.41633728590250335,0.09279890199178042,0.8000000000000002,0.16329931618554522,0.7066666666666668,0.13399834161494523,3.744012789701668e-05,0.0,5000.0,0.887177236667291,0.019862806868976415,5000.0,"[0.0021024866329490354, 0.0028169322869754, 0.0019519804299302993, 0.0025614851669517155, 0.0019749436016205935, 0.0017236215813147043, 0.0020696117533854615, 0.002548917089077699, 0.0017426707905811144, 0.004080000957603501, 0.0018107389803136394, 0.001555559987146751, 0.0015336881259558242, 0.0020666722471934023, 0.0018134633315436833, 0.0019114761978181087, 0.0012942253745442866, 0.0012209625359995016, 0.001611621415856764, 0.0018227125988130994, 0.0016828558577337003, 0.0016880366697352963, 0.0022016188576216315, 0.0016692818640939855, 0.002525963570733734, 0.002179991034588682, 0.002087736527128201, 0.0027060748794845366, 0.0017517868123361193, 0.001298611491602062]","[0.4120553359683795, 0.549407114624506, 0.4911067193675889, 0.5691699604743083, 0.5217391304347826, 0.6778656126482214, 0.5701581027667983, 0.724308300395257, 0.5217391304347826, 0.3270750988142293, 0.6531620553359684, 0.4426877470355731, 0.5849802371541503, 0.6096837944664032, 0.7440711462450592, 0.3972332015810277, 0.49802371541501983, 0.6571146245059288, 0.5069169960474309, 0.6126482213438735, 0.6314229249011858, 0.6106719367588932, 0.5543478260869565, 0.5800395256916997, 0.4367588932806324, 0.7203557312252966, 0.5948616600790514, 0.24604743083003952, 0.424901185770751, 0.6136363636363635]","[0.30434782608695654, 0.41501976284584985, 0.35177865612648224, 0.42292490118577075, 0.41501976284584985, 0.5177865612648221, 0.46245059288537554, 0.5731225296442688, 0.40711462450592883, 0.2727272727272727, 0.5098814229249012, 0.3438735177865613, 0.383399209486166, 0.43873517786561267, 0.5652173913043478, 0.2727272727272727, 0.3992094861660079, 0.5177865612648221, 0.391304347826087, 0.44664031620553357, 0.4861660079051383, 0.4545454545454546, 0.391304347826087, 0.43873517786561267, 0.3359683794466403, 0.5810276679841897, 0.44664031620553357, 0.16996047430830039, 0.3201581027667984, 0.4545454545454546]","[1.0, 0.6666666666666666, 1.0, 0.6666666666666666, 1.0, 1.0, 0.6666666666666666, 0.6666666666666666, 1.0, 0.6666666666666666, 0.6666666666666666, 1.0, 0.6666666666666666, 0.6666666666666666, 1.0, 1.0, 1.0, 0.6666666666666666, 0.6666666666666666, 0.6666666666666666, 1.0, 0.6666666666666666, 0.6666666666666666, 0.6666666666666666, 0.6666666666666666, 0.6666666666666666, 0.6666666666666666, 0.6666666666666666, 1.0, 1.0]","[0.6, 0.4, 0.6, 0.6, 0.8, 0.8, 0.8, 0.6, 0.8, 0.4, 0.8, 0.8, 0.8, 0.6, 0.8, 0.8, 0.8, 0.6, 0.8, 0.8, 0.8, 0.6, 0.8, 0.8, 0.4, 0.8, 0.8, 0.6, 0.8, 0.8]"
credit,mlp,5000,1,23,b2_stratified,0.00043059516011773085,0.0002399254685863755,1.8721528700770906e-05,1.0431542112451108e-05,0.0003454945230106784,0.0005219215138733363,1.0,0.9114953886693016,0.04405953761374989,0.8941617259552042,0.9254636034255599,0.7749670619235837,0.06283576731821398,0.9666666666666667,0.1,0.9066666666666667,0.12364824660660938,1.612910491380182e-05,0.0,5000.0,0.9023610666646467,0.03372734487054027,5000.0,"[0.0005462635662021109, 0.00011679387297824306, 0.0004624080239232033, 0.0002971693238378567, 0.0007986336324282349, 0.0002367647950705316, 0.00033660068249469585, 0.0003178558179696287, 8.937371433410664e-05, 0.0008825936026458813, 0.0004391498578346909, 0.0008725339889403921, 0.00037247970626442834, 0.00019923945871157562, 0.00010485656429512999, 0.0002441407418044586, 0.0008487239654400314, 0.0005300120972018603, 0.0008966541798718091, 0.000306693970826384, 0.0006465236807279077, 0.0003447156609238168, 0.000275572200450091, 0.00037263795042740365, 0.00044067748487869253, 0.00037585602275119295, 9.574432815023798e-05, 0.00038719754721724736, 0.0006950595497837066, 0.0003849288151463759]","[0.7420948616600791, 0.941699604743083, 0.9397233201581027, 0.9199604743083004, 0.900197628458498, 0.9090909090909092, 0.9476284584980237, 0.9229249011857708, 0.9258893280632412, 0.8428853754940712, 0.9209486166007905, 0.8725296442687748, 0.8715415019762847, 0.9100790513833993, 0.9387351778656127, 0.908102766798419, 0.9397233201581027, 0.9120553359683794, 0.9041501976284586, 0.8982213438735178, 0.9090909090909092, 0.9298418972332017, 0.9614624505928853, 0.9357707509881423, 0.9189723320158102, 0.9644268774703558, 0.9733201581027668, 0.9535573122529646, 0.8725296442687748, 0.8577075098814229]","[0.5889328063241107, 0.8102766798418973, 0.8102766798418973, 0.7707509881422926, 0.7628458498023716, 0.7944664031620553, 0.8260869565217391, 0.7628458498023716, 0.7865612648221344, 0.6442687747035574, 0.7707509881422926, 0.7075098814229249, 0.691699604743083, 0.8023715415019763, 0.8260869565217391, 0.7944664031620553, 0.7786561264822134, 0.7944664031620553, 0.7549407114624506, 0.7233201581027668, 0.7865612648221344, 0.8102766798418973, 0.8498023715415021, 0.8260869565217391, 0.7865612648221344, 0.8498023715415021, 0.8972332015810277, 0.8260869565217391, 0.6996047430830039, 0.7154150197628459]","[1.0, 1.0, 1.0, 1.0, 0.6666666666666666, 1.0, 1.0, 0.6666666666666666, 1.0, 1.0, 1.0, 1.0, 1.0, 1.0, 1.0, 1.0, 0.6666666666666666, 1.0, 1.0, 1.0, 1.0, 1.0, 1.0, 1.0, 1.0, 1.0, 1.0, 1.0, 1.0, 1.0]","[0.8, 1.0, 0.8, 1.0, 1.0, 1.0, 0.8, 1.0, 1.0, 0.6, 1.0, 0.8, 0.8, 1.0, 1.0, 1.0, 1.0, 0.8, 1.0, 1.0, 0.6, 1.0, 0.8, 1.0, 1.0, 1.0, 1.0, 0.8, 0.8, 0.8]"
credit,mlp,5000,1,23,b3_is,0.00015868920386785277,7.619254359433764e-05,6.899530602950121e-06,3.312719286710332e-06,0.00013247111358083086,0.00018634254533634182,0.3685345739242979,0.9600131752305666,0.02218921623774299,0.95125,0.9668972332015809,0.8640316205533597,0.03572796048838638,1.0,0.0,0.9600000000000001,0.07999999999999997,5.934187604373395e-06,0.0,5000.0,0.9954463866655715,0.01893607885568133,5000.0,"[0.00014701350458495927, 0.00015310301748880297, 0.00026253055091769836, 0.00013575030583793865, 9.16655834852513e-05, 0.0002195057302363776, 0.00010119691144896922, 9.752169364841998e-05, 0.00012669071016999103, 0.00010601779761882406, 0.00019087062172055673, 0.0003295111377869679, 8.287186887913741e-05, 5.813634610712859e-05, 0.0003098491611945561, 5.996308485278965e-05, 9.263175821735604e-05, 0.0001122204668969148, 8.023714837103956e-05, 8.986022814613557e-05, 0.00017141772180939902, 0.00021608260185016555, 0.00014657905111518298, 0.00018267908715003514, 0.00013139258828699437, 0.00023309677972044223, 0.0003179394297825338, 0.00024505824775941534, 9.5120954860819e-05, 0.00017416202609078123]","[0.9673913043478262, 0.9565217391304348, 0.9782608695652174, 0.9654150197628459, 0.9673913043478262, 0.974308300395257, 0.9782608695652174, 0.9535573122529646, 0.9644268774703558, 0.9792490118577075, 0.9664031620553359, 0.8972332015810277, 0.9920948616600791, 0.9693675889328063, 0.9525691699604744, 0.9752964426877472, 0.9664031620553359, 0.9733201581027668, 0.9624505928853755, 0.974308300395257, 0.958498023715415, 0.9664031620553359, 0.9426877470355731, 0.9713438735177865, 0.9664031620553359, 0.9683794466403162, 0.882411067193676, 0.9466403162055337, 0.9466403162055337, 0.9367588932806324]","[0.8656126482213439, 0.841897233201581, 0.8972332015810277, 0.857707509881423, 0.8656126482213439, 0.8814229249011858, 0.9051383399209486, 0.841897233201581, 0.8656126482213439, 0.8893280632411068, 0.857707509881423, 0.8023715415019763, 0.9525691699604742, 0.8656126482213439, 0.8498023715415021, 0.8972332015810277, 0.8893280632411068, 0.9051383399209486, 0.857707509881423, 0.8972332015810277, 0.841897233201581, 0.8735177865612648, 0.8181818181818182, 0.8893280632411068, 0.8814229249011858, 0.8893280632411068, 0.7865612648221344, 0.8023715415019763, 0.83399209486166, 0.8181818181818182]","[1.0, 1.0, 1.0, 1.0, 1.0, 1.0, 1.0, 1.0, 1.0, 1.0, 1.0, 1.0, 1.0, 1.0, 1.0, 1.0, 1.0, 1.0, 1.0, 1.0, 1.0, 1.0, 1.0, 1.0, 1.0, 1.0, 1.0, 1.0, 1.0, 1.0]","[1.0, 0.8, 1.0, 1.0, 1.0, 1.0, 1.0, 1.0, 1.0, 1.0, 1.0, 1.0, 0.8, 1.0, 1.0, 1.0, 1.0, 1.0, 1.0, 1.0, 0.8, 1.0, 1.0, 0.8, 1.0, 0.8, 1.0, 0.8, 1.0, 1.0]"
credit,mlp,5000,1,23,b4_antithetic,0.0013935707283873134,0.00011309774348847043,6.0590031669013624e-05,4.917293195150888e-06,0.0013528160866002716,0.0014339748188747805,3.2363827034337573,0.6014822134387352,0.0617601580898153,0.5775914031620553,0.6233860342555995,0.44558629776021086,0.051544627294097686,0.7555555555555556,0.1474055462380178,0.7933333333333336,0.03590109871423004,6.055713288689488e-06,0.0,5000.0,0.8780070866671547,0.0636895246200672,5000.0,"[0.001277827800576808, 0.0011344109067523429, 0.0014168960217583837, 0.001265578173506769, 0.0012484189981949371, 0.0014930184824262591, 0.001428751482043185, 0.0013904308863458155, 0.0014002384860934687, 0.0016135277067292073, 0.001231771353706997, 0.001445032700455816, 0.0015181398550869543, 0.0015602588077980816, 0.0014016936225314423, 0.0013467705241457764, 0.0013572366296179343, 0.001346795736592088, 0.001212709449718443, 0.0015399167544202484, 0.0014505857273601158, 0.0014816135082066392, 0.0014793301963840055, 0.0013554233330195843, 0.0013431086682136838, 0.0013672071340105653, 0.0015996970423512527, 0.001427748790448122, 0.0013500327748027152, 0.0013229502983217645]","[0.6482213438735179, 0.6096837944664032, 0.6116600790513834, 0.6205533596837945, 0.7183794466403163, 0.532608695652174, 0.5039525691699606, 0.6264822134387352, 0.6294466403162056, 0.5859683794466404, 0.7114624505928854, 0.608695652173913, 0.5573122529644269, 0.41699604743083, 0.6195652173913044, 0.6205533596837945, 0.6383399209486166, 0.5434782608695652, 0.6916996047430831, 0.6096837944664032, 0.5652173913043479, 0.6146245059288538, 0.592885375494071, 0.6304347826086957, 0.5711462450592886, 0.6650197628458498, 0.49802371541501983, 0.6343873517786561, 0.6017786561264823, 0.5662055335968379]","[0.4861660079051383, 0.41501976284584985, 0.47035573122529645, 0.47035573122529645, 0.5177865612648221, 0.3754940711462451, 0.3754940711462451, 0.47035573122529645, 0.47035573122529645, 0.43873517786561267, 0.549407114624506, 0.4545454545454546, 0.41501976284584985, 0.2885375494071147, 0.4308300395256917, 0.44664031620553357, 0.4782608695652174, 0.3992094861660079, 0.5019762845849802, 0.43873517786561267, 0.44664031620553357, 0.4782608695652174, 0.42292490118577075, 0.47035573122529645, 0.4545454545454546, 0.5177865612648221, 0.35968379446640314, 0.47035573122529645, 0.43873517786561267, 0.41501976284584985]","[1.0, 0.6666666666666666, 1.0, 0.6666666666666666, 0.6666666666666666, 1.0, 0.6666666666666666, 0.6666666666666666, 0.6666666666666666, 0.6666666666666666, 0.6666666666666666, 0.6666666666666666, 0.6666666666666666, 0.6666666666666666, 0.6666666666666666, 0.6666666666666666, 0.6666666666666666, 0.6666666666666666, 1.0, 0.6666666666666666, 1.0, 0.6666666666666666, 0.6666666666666666, 0.6666666666666666, 1.0, 0.6666666666666666, 1.0, 0.6666666666666666, 0.6666666666666666, 1.0]","[0.8, 0.8, 0.8, 0.8, 0.8, 0.6, 0.8, 0.8, 0.8, 0.8, 0.8, 0.8, 0.8, 0.8, 0.8, 0.8, 0.8, 0.8, 0.8, 0.8, 0.8, 0.8, 0.8, 0.8, 0.8, 0.8, 0.8, 0.8, 0.8, 0.8]"
credit,mlp,5000,2,23,abc_shap,0.001276537084010687,0.0007571964984667017,5.5501612348290736e-05,3.29215868898566e-05,0.0010369187691883905,0.001550429778477616,8.835962402103672,0.8065876152832673,0.13511942481319028,0.7541073781291173,0.8505278326745718,0.669828722002635,0.13442893773883385,0.6333333333333333,0.15752718754175357,0.6933333333333335,0.14360439485692011,5.1702991071849365e-05,2484.0,2516.0,1.1097598933323751,0.18584087882516828,2484.0,"[0.002812495199948932, 0.0022607032944332536, 0.0014017929536192654, 0.001318688836877656, 0.0008532850931609169, 0.0007234095740904337, 0.0010761434180765674, 0.0013385506127216245, 0.0007276136378163898, 0.0017779749968092787, 0.0015046185720368902, 0.0011006290406653872, 0.002010789571322095, 0.0028111343375599577, 0.00012076609556370285, 0.0020100390162905678, 0.002572267740642736, 0.00047464820393045286, 0.000492343053931063, 0.001855067413801097, 0.0005605122417169929, 0.0002126306429524745, 0.001867799391395309, 0.0004546683145175745, 0.0012269417409108733, 0.0006015366381807028, 0.00048526555036397, 0.001014116069245486, 0.0019571688819502984, 0.0006725123857886538]","[0.9347826086956521, 0.7203557312252966, 0.8962450592885376, 0.6907114624505929, 0.8774703557312253, 0.8053359683794467, 0.8478260869565217, 0.6729249011857709, 0.9318181818181819, 0.9614624505928853, 0.7233201581027668, 0.8804347826086957, 0.6778656126482214, 0.5790513833992095, 0.9199604743083004, 0.9407114624505929, 0.3527667984189723, 0.884387351778656, 0.8290513833992096, 0.9328063241106721, 0.8102766798418973, 0.9466403162055337, 0.8567193675889329, 0.8448616600790515, 0.7351778656126482, 0.7984189723320158, 0.9545454545454547, 0.6116600790513834, 0.7233201581027668, 0.8567193675889329]","[0.8023715415019763, 0.5652173913043478, 0.7391304347826086, 0.549407114624506, 0.7075098814229249, 0.6600790513833992, 0.7075098814229249, 0.549407114624506, 0.8023715415019763, 0.857707509881423, 0.5810276679841897, 0.7549407114624506, 0.5177865612648221, 0.4308300395256917, 0.8023715415019763, 0.8023715415019763, 0.30434782608695654, 0.6996047430830039, 0.6996047430830039, 0.8023715415019763, 0.6521739130434783, 0.8498023715415021, 0.7233201581027668, 0.7154150197628459, 0.5652173913043478, 0.6600790513833992, 0.83399209486166, 0.4545454545454546, 0.557312252964427, 0.7470355731225297]","[0.6666666666666666, 0.3333333333333333, 0.6666666666666666, 0.6666666666666666, 0.6666666666666666, 0.6666666666666666, 0.3333333333333333, 0.6666666666666666, 0.6666666666666666, 0.6666666666666666, 0.6666666666666666, 0.6666666666666666, 0.6666666666666666, 0.3333333333333333, 1.0, 0.6666666666666666, 0.3333333333333333, 0.6666666666666666, 0.6666666666666666, 0.6666666666666666, 0.6666666666666666, 1.0, 0.6666666666666666, 0.6666666666666666, 0.6666666666666666, 0.6666666666666666, 0.3333333333333333, 0.6666666666666666, 0.6666666666666666, 0.6666666666666666]","[0.8, 0.6, 0.6, 0.6, 0.8, 0.6, 0.6, 0.6, 0.8, 0.8, 0.6, 0.8, 0.4, 0.4, 0.8, 0.6, 0.4, 0.6, 0.8, 0.8, 0.8, 0.8, 0.8, 0.8, 0.8, 0.8, 0.8, 0.6, 0.6, 1.0]"
credit,mlp,5000,2,23,b1_uniform,0.0009921207275337446,0.00018380200512739802,4.3135683805814984e-05,7.991391527278175e-06,0.000920994904764428,0.0010545728311323064,6.867283024237247,0.7203557312252964,0.06830439040674767,0.6957765151515153,0.7440456192358367,0.5444005270092227,0.062328171175581204,0.6333333333333334,0.10000000000000002,0.6800000000000002,0.1107549848389077,9.869863835073781e-06,0.0,5000.0,0.9802906366705428,0.14901156460776857,5000.0,"[0.0007830839526214514, 0.0010727065352233553, 0.001190278745168942, 0.0006975067193060927, 0.0013247988439009362, 0.0010612110319741124, 0.0007790876004406772, 0.0012077335393416715, 0.0010164454773222496, 0.0008869777972720929, 0.0011158519614845334, 0.0010129190630037935, 0.0009144547726321448, 0.0011560754921540323, 0.0009098281394992764, 0.0012460578754832584, 0.000535818809744243, 0.0012276153189273937, 0.0008637248557651312, 0.0009042388435863566, 0.001090719122085207, 0.00105181581500428, 0.0011616794043038702, 0.0010436505477851338, 0.0006928714434067337, 0.0011938635360796636, 0.0009284331686509756, 0.0008410556323336793, 0.000920627065216801, 0.0009324907162942542]","[0.7786561264822135, 0.7213438735177865, 0.8023715415019764, 0.7381422924901185, 0.6057312252964426, 0.6442687747035574, 0.7262845849802372, 0.7164031620553359, 0.8102766798418973, 0.642292490118577, 0.7075098814229249, 0.6778656126482214, 0.7687747035573124, 0.7203557312252966, 0.8359683794466403, 0.5474308300395258, 0.8300395256916996, 0.700592885375494, 0.782608695652174, 0.7806324110671937, 0.7055335968379446, 0.7549407114624507, 0.6847826086956521, 0.7430830039525691, 0.7885375494071146, 0.6729249011857709, 0.5938735177865613, 0.7341897233201582, 0.6699604743083005, 0.7252964426877472]","[0.6047430830039525, 0.5335968379446641, 0.6047430830039525, 0.5652173913043478, 0.42292490118577075, 0.4782608695652174, 0.557312252964427, 0.557312252964427, 0.6284584980237155, 0.46245059288537554, 0.525691699604743, 0.5177865612648221, 0.5889328063241107, 0.525691699604743, 0.6600790513833992, 0.40711462450592883, 0.6521739130434783, 0.525691699604743, 0.6047430830039525, 0.6047430830039525, 0.5335968379446641, 0.5652173913043478, 0.4861660079051383, 0.549407114624506, 0.6047430830039525, 0.5019762845849802, 0.44664031620553357, 0.541501976284585, 0.5098814229249012, 0.5652173913043478]","[0.6666666666666666, 0.6666666666666666, 0.6666666666666666, 0.3333333333333333, 0.6666666666666666, 0.6666666666666666, 0.6666666666666666, 0.6666666666666666, 0.6666666666666666, 0.6666666666666666, 0.6666666666666666, 0.6666666666666666, 0.3333333333333333, 0.6666666666666666, 0.6666666666666666, 0.6666666666666666, 0.6666666666666666, 0.6666666666666666, 0.6666666666666666, 0.6666666666666666, 0.6666666666666666, 0.6666666666666666, 0.3333333333333333, 0.6666666666666666, 0.6666666666666666, 0.6666666666666666, 0.6666666666666666, 0.6666666666666666, 0.6666666666666666, 0.6666666666666666]","[0.6, 0.6, 0.6, 0.8, 0.6, 0.6, 0.8, 0.8, 0.6, 0.8, 0.6, 0.6, 0.8, 0.8, 0.6, 0.8, 0.8, 0.4, 0.8, 0.6, 0.8, 0.6, 0.6, 0.6, 0.8, 0.6, 0.8, 0.6, 0.8, 0.6]"
credit,mlp,5000,2,23,b2_stratified,0.00014447063329590089,8.671729829265643e-05,6.281331882430474e-06,3.7703173170720187e-06,0.00011844405017467218,0.00018317624343687177,1.0,0.9472990777338605,0.041901842207189816,0.9302915019762846,0.9607394598155466,0.8566534914361003,0.05717746481075972,0.8000000000000002,0.16329931618554522,0.8466666666666669,0.12310790208412925,5.65757537920011e-06,0.0,5000.0,1.012079876671002,0.18797246961880387,5000.0,"[8.279510794109001e-05, 0.0001454791118541712, 0.00022439222362906081, 0.0002394263599390556, 0.00017342742445908589, 0.00011984713142921565, 0.00010760066006548865, 0.00015064599640022207, 6.225786465877432e-05, 0.00020606189241433514, 7.395368725504687e-05, 5.9942960906576554e-05, 7.688391323441737e-05, 4.225629032152828e-05, 0.0001680288010837343, 0.00047653548731647677, 0.00013687807399974302, 9.129564018047616e-05, 0.000281821151757468, 0.00019585288923517876, 8.10075762586143e-05, 0.00010239096527302728, 8.532633361782486e-05, 0.00013267477192497294, 0.00018139342647305285, 9.795424392286619e-05, 5.867849299358097e-05, 8.19861820014096e-05, 0.00018213119295889252, 0.00021519314537164053]","[0.983201581027668, 0.9555335968379446, 0.8804347826086957, 0.8972332015810277, 0.9308300395256918, 0.9881422924901186, 0.9713438735177865, 0.9733201581027668, 0.9841897233201581, 0.950592885375494, 0.9515810276679842, 0.9851778656126482, 0.9436758893280633, 0.9733201581027668, 0.9723320158102767, 0.8567193675889329, 0.941699604743083, 0.9515810276679842, 0.8073122529644269, 0.9318181818181819, 0.950592885375494, 0.9930830039525691, 0.9881422924901186, 0.974308300395257, 0.8962450592885376, 0.9792490118577075, 0.9476284584980237, 0.9328063241106721, 0.9683794466403162, 0.958498023715415]","[0.9209486166007905, 0.857707509881423, 0.7628458498023716, 0.7786561264822134, 0.8102766798418973, 0.9367588932806324, 0.8735177865612648, 0.8893280632411068, 0.9209486166007905, 0.857707509881423, 0.841897233201581, 0.9288537549407115, 0.8814229249011858, 0.8814229249011858, 0.8814229249011858, 0.7944664031620553, 0.8260869565217391, 0.83399209486166, 0.7075098814229249, 0.83399209486166, 0.857707509881423, 0.9525691699604742, 0.9446640316205535, 0.8735177865612648, 0.7628458498023716, 0.8972332015810277, 0.841897233201581, 0.8260869565217391, 0.8814229249011858, 0.841897233201581]","[1.0, 1.0, 0.6666666666666666, 1.0, 0.6666666666666666, 0.6666666666666666, 0.6666666666666666, 0.6666666666666666, 1.0, 0.6666666666666666, 1.0, 1.0, 0.6666666666666666, 1.0, 0.6666666666666666, 1.0, 0.6666666666666666, 0.6666666666666666, 0.6666666666666666, 0.6666666666666666, 0.6666666666666666, 1.0, 0.6666666666666666, 0.6666666666666666, 1.0, 0.6666666666666666, 1.0, 1.0, 0.6666666666666666, 0.6666666666666666]","[1.0, 0.8, 1.0, 1.0, 0.8, 0.8, 0.8, 0.6, 0.8, 0.6, 1.0, 1.0, 0.8, 0.8, 0.8, 0.8, 1.0, 0.8, 1.0, 0.8, 1.0, 0.8, 0.8, 0.8, 1.0, 0.8, 0.8, 1.0, 0.6, 0.8]"
credit,mlp,5000,2,23,b3_is,5.817717447928143e-05,2.9486543434624288e-05,2.52944236866441e-06,1.2820236275923604e-06,4.841184947601065e-05,6.935041071392998e-05,0.40269204302665784,0.9803689064558629,0.009026715748595869,0.9769087615283267,0.983334980237154,0.918050065876153,0.027115379926507244,0.8777777777777778,0.16063146994223293,0.94,0.09165151389911678,2.0556018532731526e-06,0.0,5000.0,1.1312181199978417,0.2453085453041776,5000.0,"[4.858519115434834e-05, 2.8850058810317913e-05, 4.516981436983264e-05, 2.6354779752305736e-05, 6.217033502622093e-05, 1.196301804578893e-05, 4.538542186007697e-05, 4.5472605217148086e-05, 5.376998533468747e-05, 4.535140240563915e-05, 9.427777666438312e-05, 4.0220912742528725e-05, 0.00011331669186814952, 3.3614590765242336e-05, 0.00011053165857487411, 3.060422632754157e-05, 0.00010015754798084933, 0.00011846914055649944, 0.00012427807643750944, 8.289599997867277e-05, 4.5048914144498996e-05, 5.489407311098838e-05, 3.1404978381276806e-05, 4.8307818970665843e-05, 4.961909483176302e-05, 3.5715297095500585e-05, 6.595978567928291e-05, 3.804971319201012e-05, 6.446688510743654e-05, 5.040943999240319e-05]","[0.9871541501976285, 0.9802371541501977, 0.9970355731225298, 0.9851778656126482, 0.9752964426877472, 0.9940711462450593, 0.9841897233201581, 0.9841897233201581, 0.9792490118577075, 0.9841897233201581, 0.9703557312252965, 0.9940711462450593, 0.9634387351778656, 0.9920948616600791, 0.9683794466403162, 0.9841897233201581, 0.9683794466403162, 0.9733201581027668, 0.9782608695652174, 0.9822134387351777, 0.9871541501976285, 0.9841897233201581, 0.9654150197628459, 0.9812252964426879, 0.9703557312252965, 0.9891304347826088, 0.9881422924901186, 0.9664031620553359, 0.9802371541501977, 0.9733201581027668]","[0.9288537549407115, 0.8972332015810277, 0.9762845849802372, 0.9367588932806324, 0.8972332015810277, 0.9683794466403163, 0.9130434782608695, 0.9209486166007905, 0.9130434782608695, 0.9209486166007905, 0.8972332015810277, 0.9604743083003953, 0.9051383399209486, 0.9525691699604742, 0.9130434782608695, 0.9209486166007905, 0.8735177865612648, 0.9130434782608695, 0.9446640316205535, 0.9209486166007905, 0.9209486166007905, 0.9130434782608695, 0.8656126482213439, 0.9051383399209486, 0.9051383399209486, 0.9446640316205535, 0.9367588932806324, 0.8656126482213439, 0.9288537549407115, 0.8814229249011858]","[1.0, 0.6666666666666666, 1.0, 1.0, 0.6666666666666666, 1.0, 0.6666666666666666, 1.0, 1.0, 0.6666666666666666, 0.6666666666666666, 1.0, 1.0, 1.0, 0.6666666666666666, 1.0, 0.6666666666666666, 1.0, 1.0, 0.6666666666666666, 0.6666666666666666, 1.0, 1.0, 0.6666666666666666, 1.0, 1.0, 0.6666666666666666, 1.0, 1.0, 1.0]","[1.0, 0.8, 1.0, 1.0, 0.8, 1.0, 1.0, 1.0, 1.0, 0.8, 1.0, 1.0, 1.0, 1.0, 1.0, 1.0, 0.8, 1.0, 1.0, 0.8, 0.8, 1.0, 1.0, 0.8, 1.0, 1.0, 0.8, 0.8, 1.0, 1.0]"
credit,mlp,5000,2,23,b4_antithetic,0.0008444962309532792,0.00011656877744932222,3.671722743275127e-05,5.068207715187923e-06,0.0008042384134866842,0.0008872962032672429,5.84545254414165,0.7682147562582345,0.04894160365357869,0.7509782608695652,0.7846837944664032,0.582608695652174,0.048102404126366516,0.6555555555555557,0.0598351645237167,0.6933333333333336,0.0997775303139718,3.394098092669821e-06,0.0,5000.0,0.9510747066621358,0.11819786946262596,5000.0,"[0.001032430474468098, 0.0009086555211623374, 0.0008959623532232948, 0.000576194575229804, 0.0008575019763314224, 0.0006990370664553917, 0.0009758248318064534, 0.0008171435530932713, 0.000595872053370022, 0.0009968791577970092, 0.0009120093602152248, 0.0007622897829487885, 0.0008803399698215749, 0.0007528086528318668, 0.000959674471445974, 0.0007861513699424823, 0.001012131367783599, 0.0010227853356483795, 0.000934337769139054, 0.0008455830040762903, 0.0009510188628239888, 0.0007193144333316403, 0.0006729601436156375, 0.0007837455165872188, 0.0008162072710711597, 0.000854329305541726, 0.000806503876819785, 0.0008517507332810963, 0.0008434298947262057, 0.0008120142440095854]","[0.7351778656126482, 0.6966403162055337, 0.8142292490118577, 0.8013833992094862, 0.7845849802371542, 0.7984189723320158, 0.7322134387351779, 0.8102766798418973, 0.9011857707509882, 0.7984189723320158, 0.7875494071146245, 0.8142292490118577, 0.7193675889328064, 0.8142292490118577, 0.7440711462450592, 0.757905138339921, 0.6798418972332015, 0.6907114624505929, 0.7154150197628458, 0.7835968379446642, 0.708498023715415, 0.7766798418972332, 0.7964426877470356, 0.8191699604743082, 0.8112648221343874, 0.7124505928853756, 0.7539525691699605, 0.7519762845849803, 0.7322134387351779, 0.8043478260869565]","[0.541501976284585, 0.5335968379446641, 0.6284584980237155, 0.6442687747035574, 0.6205533596837944, 0.6126482213438735, 0.541501976284585, 0.6205533596837944, 0.7233201581027668, 0.6047430830039525, 0.5968379446640317, 0.6284584980237155, 0.5177865612648221, 0.6442687747035574, 0.557312252964427, 0.5652173913043478, 0.5098814229249012, 0.5177865612648221, 0.5335968379446641, 0.5968379446640317, 0.5335968379446641, 0.5810276679841897, 0.5968379446640317, 0.6126482213438735, 0.5889328063241107, 0.525691699604743, 0.5652173913043478, 0.5731225296442688, 0.541501976284585, 0.6205533596837944]","[0.6666666666666666, 0.6666666666666666, 0.6666666666666666, 0.6666666666666666, 0.6666666666666666, 0.6666666666666666, 0.6666666666666666, 0.6666666666666666, 0.6666666666666666, 0.6666666666666666, 0.6666666666666666, 0.6666666666666666, 0.6666666666666666, 0.6666666666666666, 0.6666666666666666, 0.6666666666666666, 0.6666666666666666, 0.6666666666666666, 0.6666666666666666, 0.6666666666666666, 0.6666666666666666, 0.6666666666666666, 0.3333333333333333, 0.6666666666666666, 0.6666666666666666, 0.6666666666666666, 0.6666666666666666, 0.6666666666666666, 0.6666666666666666, 0.6666666666666666]","[0.6, 0.8, 0.6, 0.8, 0.6, 0.8, 0.6, 0.8, 0.8, 0.6, 0.6, 0.8, 0.6, 0.8, 0.8, 0.6, 0.6, 0.6, 0.6, 0.8, 0.6, 0.8, 0.8, 0.6, 0.8, 0.6, 0.8, 0.8, 0.6, 0.6]"
credit,mlp,5000,3,23,abc_shap,0.002388911288756811,0.001806185544088666,0.00010386570820681788,7.85298062647246e-05,0.0017917402636066066,0.003043236918108165,3.112124994250217,0.7862648221343872,0.13525646797096988,0.7394556982872199,0.8353170289855073,0.6395256916996049,0.14416279248305025,0.9888888888888888,0.059835164523716726,0.86,0.09165151389911678,0.00010311577810042156,2484.0,2516.0,1.0278196933330037,0.0593475631900885,2484.0,"[0.006184026220951923, 0.002283111646493441, 0.0008872279083837885, 0.0012923457704512847, 0.001511146111915901, 0.001602507049516497, 0.0014980020582585683, 0.00038613165195097287, 0.0006732119182703328, 0.003616680835084115, 0.004599714947655182, 0.0005990203456834458, 0.002542319152692348, 0.0015691431241887386, 0.0027121669311766464, 0.0004472287584211494, 0.0020499093731403497, 0.003352794421534357, 0.0037794916150572845, 0.0061399667912319204, 0.000405943448465771, 0.006039077971201667, 0.0011564216783448392, 0.0032207811007333048, 0.0013322772733534013, 0.001186308161423848, 0.0019158311455583835, 0.0005287278078062655, 0.006105712460247128, 0.0020501109835114805]","[0.6304347826086957, 0.775691699604743, 0.8606719367588934, 0.9239130434782609, 0.7608695652173914, 0.8438735177865613, 0.6916996047430831, 0.8754940711462451, 0.8418972332015809, 0.7480237154150197, 0.5029644268774703, 0.9446640316205533, 0.8063241106719368, 0.6600790513833992, 0.9426877470355731, 0.882411067193676, 0.8211462450592886, 0.6916996047430831, 0.8073122529644269, 0.5138339920948617, 0.8932806324110673, 0.5217391304347826, 0.8300395256916996, 0.8399209486166009, 0.900197628458498, 0.9397233201581027, 0.8853754940711462, 0.9634387351778656, 0.766798418972332, 0.5217391304347826]","[0.4861660079051383, 0.6047430830039525, 0.7075098814229249, 0.8102766798418973, 0.5968379446640317, 0.6758893280632412, 0.541501976284585, 0.7391304347826086, 0.691699604743083, 0.557312252964427, 0.3438735177865613, 0.8102766798418973, 0.6837944664031621, 0.5098814229249012, 0.83399209486166, 0.7391304347826086, 0.6600790513833992, 0.5098814229249012, 0.6442687747035574, 0.391304347826087, 0.7470355731225297, 0.35968379446640314, 0.6679841897233202, 0.6758893280632412, 0.7391304347826086, 0.8260869565217391, 0.7391304347826086, 0.8814229249011858, 0.6284584980237155, 0.383399209486166]","[1.0, 1.0, 1.0, 1.0, 0.6666666666666666, 1.0, 1.0, 1.0, 1.0, 1.0, 1.0, 1.0, 1.0, 1.0, 1.0, 1.0, 1.0, 1.0, 1.0, 1.0, 1.0, 1.0, 1.0, 1.0, 1.0, 1.0, 1.0, 1.0, 1.0, 1.0]","[0.8, 0.8, 1.0, 0.8, 1.0, 0.8, 0.8, 0.8, 0.8, 0.8, 0.8, 1.0, 0.8, 0.8, 0.8, 1.0, 0.8, 0.8, 1.0, 0.8, 0.8, 0.8, 0.8, 1.0, 1.0, 1.0, 0.8, 1.0, 0.8, 0.8]"
credit,mlp,5000,3,23,b1_uniform,0.002241452568095716,0.0009339556318849168,9.745445948242244e-05,4.0606766603692036e-05,0.001944900451253444,0.002570012925811644,2.9200249475262674,0.6580368906455863,0.10728905833152252,0.6190357378129119,0.6944408761528328,0.5140974967061923,0.1012502539372012,0.9333333333333335,0.13333333333333336,0.8066666666666669,0.1412641340027806,5.9681413713203296e-05,0.0,5000.0,0.9214836566708982,0.09060127582978787,5000.0,"[0.003019718180188371, 0.002566341365530264, 0.0017075789425368853, 0.001480461372086086, 0.001474160721520075, 0.0020392379926572673, 0.002563142207196938, 0.00226789791658327, 0.002536262275251661, 0.0021229441363577995, 0.00211058804061971, 0.0011430910599251561, 0.0016111579128307806, 0.001258331742914347, 0.002759539047099945, 0.004045009846577189, 0.0019464976469851833, 0.001638632851926346, 0.0015010017564515707, 0.0029848521818112875, 0.0024470680610296277, 0.0010007091967962217, 0.002289487351572515, 0.0041256928612744765, 0.0012957509838329758, 0.003182852193325489, 0.0009314805066509576, 0.0042732548103142426, 0.0011870200718466918, 0.0037338138091781645]","[0.674901185770751, 0.6926877470355731, 0.4990118577075099, 0.7608695652173914, 0.7193675889328064, 0.6215415019762845, 0.6847826086956521, 0.7391304347826088, 0.4614624505928854, 0.6245059288537549, 0.6610671936758893, 0.6106719367588932, 0.8804347826086957, 0.698616600790514, 0.6254940711462451, 0.6274703557312253, 0.5701581027667983, 0.7272727272727272, 0.632411067193676, 0.44169960474308306, 0.8142292490118577, 0.7203557312252966, 0.717391304347826, 0.7322134387351779, 0.6166007905138341, 0.757905138339921, 0.632411067193676, 0.3922924901185771, 0.7924901185770751, 0.6116600790513834]","[0.525691699604743, 0.541501976284585, 0.35177865612648224, 0.6126482213438735, 0.5652173913043478, 0.4782608695652174, 0.525691699604743, 0.5968379446640317, 0.3359683794466403, 0.46245059288537554, 0.5335968379446641, 0.4782608695652174, 0.7312252964426879, 0.5810276679841897, 0.46245059288537554, 0.4308300395256917, 0.43873517786561267, 0.5731225296442688, 0.4861660079051383, 0.3280632411067194, 0.6837944664031621, 0.549407114624506, 0.5652173913043478, 0.5968379446640317, 0.4782608695652174, 0.6126482213438735, 0.46245059288537554, 0.2964426877470356, 0.6442687747035574, 0.4940711462450593]","[1.0, 1.0, 1.0, 0.6666666666666666, 1.0, 1.0, 1.0, 1.0, 0.6666666666666666, 1.0, 1.0, 1.0, 1.0, 1.0, 1.0, 0.6666666666666666, 1.0, 1.0, 1.0, 1.0, 1.0, 1.0, 1.0, 1.0, 1.0, 0.6666666666666666, 1.0, 0.6666666666666666, 1.0, 0.6666666666666666]","[1.0, 0.8, 0.8, 1.0, 1.0, 0.6, 0.6, 0.8, 0.8, 0.6, 1.0, 0.8, 0.8, 1.0, 1.0, 0.6, 0.8, 0.8, 0.8, 1.0, 0.6, 0.8, 0.8, 0.8, 0.8, 1.0, 0.8, 0.6, 0.8, 0.6]"
credit,mlp,5000,3,23,b2_stratified,0.0007676141842536614,0.000693635735141622,3.337452975015919e-05,3.0158075440940087e-05,0.0005615613408219491,0.0010292980129039155,1.0,0.9189393939393941,0.043779263595241896,0.9023040184453229,0.9343568840579712,0.8089591567852438,0.058947931008948753,1.0,0.0,0.9133333333333334,0.09910712498212333,2.115973900513941e-05,0.0,5000.0,0.9221356366683419,0.05436809244707145,5000.0,"[0.00025714471489199364, 0.0012601376994561975, 0.00031756889407138583, 0.0005046719417484426, 0.0004286006814263144, 9.027614902713495e-05, 9.059230502988983e-05, 0.0003392591532363147, 0.0019558863172134786, 0.00027768131325619486, 0.00026256194364464747, 0.0005089158104444742, 0.00012680043288585392, 0.0005310431126934293, 0.0030789901197857874, 0.0014194121775754982, 0.0011025522845572293, 0.0007881631330687574, 0.002189247700091425, 0.0007651163647888413, 0.00029420186686338827, 0.0012397258911712322, 0.0002498605554690621, 0.0013045853887512053, 0.00039772536281857323, 0.00014000340478594308, 0.0002990583177985411, 0.0013465008308551959, 0.0008034304878370702, 0.0006587111723663349]","[0.9239130434782609, 0.8300395256916996, 0.9298418972332017, 0.9614624505928853, 0.8952569169960475, 0.9664031620553359, 0.9189723320158102, 0.958498023715415, 0.8211462450592886, 0.8715415019762847, 0.941699604743083, 0.8448616600790515, 0.9703557312252965, 0.9466403162055337, 0.8962450592885376, 0.9713438735177865, 0.9654150197628459, 0.9130434782608695, 0.91600790513834, 0.9644268774703558, 0.9387351778656127, 0.9169960474308301, 0.9179841897233202, 0.8567193675889329, 0.9476284584980237, 0.9486166007905139, 0.9496047430830039, 0.8814229249011858, 0.8488142292490118, 0.9545454545454547]","[0.8102766798418973, 0.691699604743083, 0.8102766798418973, 0.8735177865612648, 0.7786561264822134, 0.8656126482213439, 0.8023715415019763, 0.8656126482213439, 0.6837944664031621, 0.7470355731225297, 0.8260869565217391, 0.7628458498023716, 0.8814229249011858, 0.8498023715415021, 0.7786561264822134, 0.8893280632411068, 0.8735177865612648, 0.7944664031620553, 0.7944664031620553, 0.8814229249011858, 0.8260869565217391, 0.7707509881422926, 0.8260869565217391, 0.7233201581027668, 0.83399209486166, 0.8735177865612648, 0.83399209486166, 0.7549407114624506, 0.6996047430830039, 0.8656126482213439]","[1.0, 1.0, 1.0, 1.0, 1.0, 1.0, 1.0, 1.0, 1.0, 1.0, 1.0, 1.0, 1.0, 1.0, 1.0, 1.0, 1.0, 1.0, 1.0, 1.0, 1.0, 1.0, 1.0, 1.0, 1.0, 1.0, 1.0, 1.0, 1.0, 1.0]","[0.8, 1.0, 1.0, 1.0, 1.0, 0.8, 1.0, 0.8, 1.0, 0.8, 0.8, 0.8, 0.8, 1.0, 1.0, 1.0, 1.0, 1.0, 0.8, 1.0, 0.8, 1.0, 1.0, 0.8, 0.8, 1.0, 1.0, 0.8, 1.0, 0.8]"
credit,mlp,5000,3,23,b3_is,0.00036522965220861785,0.0004144952529285909,1.5879550096026864e-05,1.8021532736025693e-05,0.000225169873293258,0.0005416274478533067,0.47579846712150664,0.9502635046113308,0.026827451584771567,0.9406414690382082,0.9596179183135705,0.8563899868247693,0.045507025136154275,1.0,0.0,0.9533333333333334,0.08459051693633013,1.001443275284298e-05,0.0,5000.0,1.0134029066675188,0.04549258432292757,5000.0,"[0.0009709276362459485, 0.00032949007232140233, 3.2664280175634664e-05, 9.306122861742596e-05, 0.001726172583751646, 0.0002761166419751097, 0.00013653973197107338, 8.014806506002767e-05, 4.056584858629567e-05, 9.423745641053195e-05, 0.0007844037682480823, 0.0005084204874616422, 0.0005456928305602703, 0.00019540219533205352, 8.020659913373862e-05, 0.00026019199222975653, 0.000562675197686383, 0.0005801719209381976, 7.630607052477502e-05, 0.0001450704487509554, 0.0001000312746768028, 0.00018310731384129478, 7.148283570178928e-05, 0.0015699924920547987, 0.00043052099049118684, 0.00037576647807746963, 0.0003646963974196821, 5.263066710974479e-05, 4.123147164578869e-05, 0.00024896458925902554]","[0.9021739130434783, 0.9683794466403162, 0.9881422924901186, 0.9861660079051384, 0.8735177865612648, 0.9199604743083004, 0.9258893280632412, 0.9683794466403162, 0.9575098814229249, 0.9407114624505929, 0.9476284584980237, 0.9575098814229249, 0.9535573122529646, 0.9762845849802372, 0.9189723320158102, 0.9515810276679842, 0.9367588932806324, 0.950592885375494, 0.9604743083003953, 0.9713438735177865, 0.9664031620553359, 0.9733201581027668, 0.9278656126482213, 0.9120553359683794, 0.9634387351778656, 0.9407114624505929, 0.9318181818181819, 0.9733201581027668, 0.9851778656126482, 0.9782608695652174]","[0.7786561264822134, 0.8735177865612648, 0.9367588932806324, 0.9288537549407115, 0.7470355731225297, 0.7865612648221344, 0.8102766798418973, 0.8972332015810277, 0.8893280632411068, 0.857707509881423, 0.841897233201581, 0.8656126482213439, 0.8498023715415021, 0.9130434782608695, 0.83399209486166, 0.83399209486166, 0.8102766798418973, 0.8656126482213439, 0.8498023715415021, 0.8893280632411068, 0.8735177865612648, 0.8893280632411068, 0.8260869565217391, 0.7944664031620553, 0.8735177865612648, 0.841897233201581, 0.8260869565217391, 0.8893280632411068, 0.9209486166007905, 0.8972332015810277]","[1.0, 1.0, 1.0, 1.0, 1.0, 1.0, 1.0, 1.0, 1.0, 1.0, 1.0, 1.0, 1.0, 1.0, 1.0, 1.0, 1.0, 1.0, 1.0, 1.0, 1.0, 1.0, 1.0, 1.0, 1.0, 1.0, 1.0, 1.0, 1.0, 1.0]","[1.0, 1.0, 1.0, 1.0, 0.8, 0.8, 1.0, 1.0, 1.0, 1.0, 0.8, 1.0, 0.8, 1.0, 1.0, 0.8, 1.0, 1.0, 0.8, 1.0, 1.0, 0.8, 1.0, 1.0, 1.0, 1.0, 1.0, 1.0, 1.0, 1.0]"
credit,mlp,5000,3,23,b4_antithetic,0.0011279915565119401,0.00015121861206198007,4.9043111152693045e-05,6.574722263564351e-06,0.0010712745268245337,0.0011764711407243362,1.4694772187002612,0.8197299077733861,0.043123993366208146,0.8039830368906455,0.8342259552042162,0.6656126482213441,0.044585260560327515,1.0,0.0,0.8600000000000001,0.09165151389911678,2.492008889887947e-06,0.0,5000.0,0.8823313066600046,0.06603566060954377,5000.0,"[0.0011663911617351582, 0.0012167207777309759, 0.001102773732250787, 0.0010494166773485948, 0.0009611077570514482, 0.0012738023904513521, 0.0012532642880471333, 0.0011025027054645503, 0.0012421067271495916, 0.0011650459135027881, 0.0011453872806211124, 0.0010599445488918672, 0.001208057122281771, 0.0009728449911265731, 0.0011898509767868208, 0.0010982909618999252, 0.0010685703991945023, 0.0011439591189292473, 0.0011417653975106159, 0.0009400734839062553, 0.0012298790149566276, 0.001218508860493169, 0.0011685009087166005, 0.0011895790759423762, 0.0011068879685507884, 0.0011459652434814525, 0.001428204421990161, 0.0011177631750443912, 0.0012258809953671226, 0.0005067006189344542]","[0.8379446640316206, 0.8003952569169961, 0.8853754940711462, 0.83399209486166, 0.8211462450592886, 0.790513833992095, 0.8438735177865613, 0.8458498023715416, 0.8132411067193677, 0.8112648221343874, 0.8013833992094862, 0.8527667984189724, 0.7411067193675891, 0.8310276679841897, 0.7638339920948617, 0.9120553359683794, 0.824110671936759, 0.7371541501976284, 0.8013833992094862, 0.7964426877470356, 0.7865612648221343, 0.8211462450592886, 0.8063241106719368, 0.849802371541502, 0.8349802371541503, 0.7460474308300395, 0.7766798418972332, 0.8606719367588934, 0.8507905138339922, 0.9140316205533597]","[0.7154150197628459, 0.6521739130434783, 0.7391304347826086, 0.6600790513833992, 0.6679841897233202, 0.6284584980237155, 0.6837944664031621, 0.6837944664031621, 0.6363636363636365, 0.6521739130434783, 0.6521739130434783, 0.691699604743083, 0.5810276679841897, 0.6837944664031621, 0.6047430830039525, 0.7628458498023716, 0.6758893280632412, 0.5968379446640317, 0.6442687747035574, 0.6521739130434783, 0.6205533596837944, 0.6600790513833992, 0.6363636363636365, 0.6758893280632412, 0.6758893280632412, 0.6126482213438735, 0.6363636363636365, 0.7154150197628459, 0.6996047430830039, 0.7707509881422926]","[1.0, 1.0, 1.0, 1.0, 1.0, 1.0, 1.0, 1.0, 1.0, 1.0, 1.0, 1.0, 1.0, 1.0, 1.0, 1.0, 1.0, 1.0, 1.0, 1.0, 1.0, 1.0, 1.0, 1.0, 1.0, 1.0, 1.0, 1.0, 1.0, 1.0]","[1.0, 0.8, 1.0, 0.8, 0.8, 0.8, 0.8, 0.8, 0.8, 0.8, 1.0, 0.8, 0.8, 1.0, 0.8, 0.8, 1.0, 1.0, 0.8, 1.0, 0.8, 0.8, 0.8, 0.8, 0.8, 1.0, 1.0, 0.8, 0.8, 0.8]"
credit,mlp,5000,4,23,abc_shap,0.0006119995871103542,0.0004482370113823332,2.660867770045018e-05,1.9488565712275358e-05,0.00045247344707595205,0.0007709670003918829,6.957859012458091,0.9014822134387351,0.07319778113421113,0.8738430500658761,0.9271138010540184,0.785243741765481,0.09189664291157738,0.7555555555555558,0.17069212773041353,0.8400000000000001,0.15832456116050558,2.6356627059367392e-05,2484.0,2516.0,1.0301047833364767,0.043283166841282084,2484.0,"[0.0010756598070868735, 0.0006352693246303633, 0.0003140190703351254, 0.0013209913068794137, 0.0002828882928886401, 0.001793181777023915, 0.00015726853272575577, 0.00015891074489080887, 0.00036880410560656546, 8.873250899986537e-05, 0.00027220937400351943, 0.0007704051243558013, 0.0003940007373444953, 0.0009144866364423048, 0.0005918980876085313, 0.0008306106612858817, 0.0006505102724256241, 0.00021909646352107214, 0.0003439156794163405, 0.00031282464976744673, 0.0015340623906195394, 0.00013992999084632012, 0.0009447795819333773, 0.0003931902230197178, 0.0001286907797773828, 0.00027798251285550337, 0.0012531675736411664, 0.00029508839800552827, 0.0010258008711130447, 0.0008716121342607037]","[0.7618577075098815, 0.8379446640316206, 0.9436758893280633, 0.9446640316205533, 0.9278656126482213, 0.8962450592885376, 0.9575098814229249, 0.9169960474308301, 0.9466403162055337, 0.9792490118577075, 0.9792490118577075, 0.8073122529644269, 0.9683794466403162, 0.825098814229249, 0.8992094861660079, 0.9318181818181819, 0.9150197628458498, 0.9624505928853755, 0.908102766798419, 0.8992094861660079, 0.9110671936758895, 0.9466403162055337, 0.9407114624505929, 0.91600790513834, 0.9812252964426879, 0.9664031620553359, 0.7490118577075098, 0.9407114624505929, 0.717391304347826, 0.766798418972332]","[0.6126482213438735, 0.6521739130434783, 0.841897233201581, 0.8102766798418973, 0.8260869565217391, 0.7312252964426879, 0.8735177865612648, 0.7944664031620553, 0.841897233201581, 0.9051383399209486, 0.9051383399209486, 0.6442687747035574, 0.8735177865612648, 0.6996047430830039, 0.7549407114624506, 0.8102766798418973, 0.7865612648221344, 0.857707509881423, 0.7865612648221344, 0.7865612648221344, 0.7944664031620553, 0.8814229249011858, 0.8181818181818182, 0.7944664031620553, 0.9130434782608695, 0.8735177865612648, 0.6837944664031621, 0.8023715415019763, 0.5652173913043478, 0.6363636363636365]","[0.6666666666666666, 0.6666666666666666, 1.0, 0.3333333333333333, 0.6666666666666666, 0.6666666666666666, 0.6666666666666666, 0.6666666666666666, 1.0, 0.6666666666666666, 1.0, 0.6666666666666666, 1.0, 0.6666666666666666, 1.0, 0.6666666666666666, 0.6666666666666666, 0.6666666666666666, 1.0, 1.0, 1.0, 1.0, 0.6666666666666666, 0.6666666666666666, 0.6666666666666666, 0.6666666666666666, 0.6666666666666666, 0.6666666666666666, 0.6666666666666666, 0.6666666666666666]","[0.6, 0.6, 0.8, 0.8, 1.0, 1.0, 0.8, 1.0, 0.8, 1.0, 1.0, 0.6, 0.8, 0.8, 0.6, 1.0, 0.6, 1.0, 1.0, 0.8, 0.8, 1.0, 1.0, 0.8, 1.0, 1.0, 0.8, 1.0, 0.6, 0.6]"
credit,mlp,5000,4,23,b1_uniform,0.0003666422649412413,0.00011558136748313086,1.5940968040923534e-05,5.025276847092646e-06,0.0003257208776056878,0.00041150806806929417,4.168377301551128,0.862285902503294,0.04964533042189239,0.8424242424242425,0.8782658102766796,0.7064558629776022,0.06280260801636488,0.7666666666666668,0.15275252316519466,0.7066666666666669,0.0997775303139718,5.244409839306035e-06,0.0,5000.0,0.9081253833331479,0.0462403699891808,5000.0,"[0.0007788922851109875, 0.00027594829672770716, 0.00034632210969899076, 0.00044413764244548005, 0.00035676286832235, 0.00025577772537923763, 0.00037503253400269484, 0.0005353468869957991, 0.00033428663531925477, 0.0002674751611436452, 0.0003362040650775605, 0.00021761101390442407, 0.0003417711233716594, 0.000253747628614006, 0.0004931828217945658, 0.0003603074736973948, 0.00026240510698907993, 0.0002790173024159354, 0.00048646995048454356, 0.00037760124675362326, 0.0003454235706523549, 0.00037888191658334543, 0.0001793874111032756, 0.0003269762722488136, 0.0004599143787255451, 0.0003256160534765302, 0.0002999151241497394, 0.000494195791248368, 0.0004664213314696775, 0.0003442362203306511]","[0.6897233201581028, 0.8764822134387351, 0.9090909090909092, 0.7915019762845852, 0.9199604743083004, 0.8784584980237155, 0.884387351778656, 0.8507905138339922, 0.8586956521739131, 0.8685770750988143, 0.8586956521739131, 0.9357707509881423, 0.8666007905138341, 0.8833992094861661, 0.83300395256917, 0.8626482213438734, 0.8616600790513835, 0.9140316205533597, 0.8468379446640316, 0.9031620553359685, 0.8152173913043478, 0.8428853754940712, 0.9367588932806324, 0.9061264822134387, 0.790513833992095, 0.8814229249011858, 0.9090909090909092, 0.8488142292490118, 0.8231225296442688, 0.8211462450592886]","[0.5098814229249012, 0.7233201581027668, 0.7707509881422926, 0.6521739130434783, 0.7707509881422926, 0.6996047430830039, 0.7154150197628459, 0.691699604743083, 0.6837944664031621, 0.7075098814229249, 0.6837944664031621, 0.7944664031620553, 0.7154150197628459, 0.7312252964426879, 0.6600790513833992, 0.6996047430830039, 0.6996047430830039, 0.7470355731225297, 0.691699604743083, 0.7549407114624506, 0.691699604743083, 0.691699604743083, 0.8102766798418973, 0.7786561264822134, 0.5810276679841897, 0.7391304347826086, 0.8102766798418973, 0.6996047430830039, 0.6363636363636365, 0.6521739130434783]","[0.6666666666666666, 1.0, 0.6666666666666666, 1.0, 1.0, 0.6666666666666666, 0.6666666666666666, 0.6666666666666666, 0.6666666666666666, 0.6666666666666666, 0.6666666666666666, 0.6666666666666666, 0.6666666666666666, 1.0, 1.0, 0.6666666666666666, 1.0, 0.6666666666666666, 0.6666666666666666, 0.6666666666666666, 1.0, 0.6666666666666666, 1.0, 0.6666666666666666, 0.6666666666666666, 0.6666666666666666, 0.6666666666666666, 0.6666666666666666, 0.6666666666666666, 1.0]","[0.6, 0.8, 0.8, 0.8, 0.6, 0.8, 0.6, 0.6, 0.6, 0.8, 0.6, 0.6, 0.6, 0.8, 0.8, 0.6, 0.8, 0.8, 0.8, 0.8, 0.8, 0.6, 0.6, 0.8, 0.6, 0.8, 0.8, 0.6, 0.8, 0.6]"
credit,mlp,5000,4,23,b2_stratified,8.795803220711501e-05,6.6524546745833e-05,3.824262269874566e-06,2.8923715976449133e-06,6.680195973705576e-05,0.00011519609739285096,1.0,0.9866930171277998,0.007273574543455606,0.9840900856389987,0.9892621870882741,0.932806324110672,0.02421519923985803,0.9111111111111112,0.1474055462380178,0.9533333333333333,0.08459051693633012,3.7098773257158945e-06,0.0,5000.0,0.9147668966654844,0.0537472232573552,5000.0,"[0.00028352121128666363, 0.00010816330123833049, 3.2632840912443006e-05, 2.7769663208567455e-05, 1.647447963908289e-05, 0.00014773326539315492, 1.789743764643681e-05, 4.6241258798189625e-05, 2.4686404717417837e-05, 4.14557985112841e-05, 5.2013500107072364e-05, 0.00012879273913468312, 6.026425046416406e-05, 2.8016750178428696e-05, 0.00010039604401059225, 5.0043840443509846e-05, 0.00017045981427391026, 7.437273507830154e-05, 5.2450567311810465e-05, 7.172372818675595e-05, 0.00018398566425310625, 0.0001174350589686317, 0.0002669692944793705, 8.863900277287387e-05, 0.00011481877186294122, 8.591247215132425e-05, 4.9207394002071086e-05, 2.3727411293436092e-05, 8.410104624154232e-05, 8.883521964735374e-05]","[0.9644268774703558, 0.9841897233201581, 0.9871541501976285, 0.9861660079051384, 0.9891304347826088, 0.983201581027668, 0.9970355731225298, 0.9960474308300397, 0.9871541501976285, 0.9871541501976285, 0.9861660079051384, 0.9871541501976285, 0.9930830039525691, 0.983201581027668, 0.991106719367589, 0.9920948616600791, 0.991106719367589, 0.9920948616600791, 0.9772727272727272, 0.9950592885375494, 0.9723320158102767, 0.9802371541501977, 0.9841897233201581, 0.991106719367589, 0.9772727272727272, 0.9812252964426879, 0.9920948616600791, 0.9930830039525691, 0.983201581027668, 0.9960474308300397]","[0.8735177865612648, 0.9209486166007905, 0.9288537549407115, 0.9288537549407115, 0.9367588932806324, 0.9130434782608695, 0.9762845849802372, 0.9683794466403163, 0.9446640316205535, 0.9288537549407115, 0.9209486166007905, 0.9367588932806324, 0.9525691699604742, 0.9209486166007905, 0.9367588932806324, 0.9446640316205535, 0.9446640316205535, 0.9446640316205535, 0.8893280632411068, 0.9683794466403163, 0.8893280632411068, 0.9130434782608695, 0.9288537549407115, 0.9525691699604742, 0.9051383399209486, 0.9130434782608695, 0.9525691699604742, 0.9525691699604742, 0.9288537549407115, 0.9683794466403163]","[0.6666666666666666, 1.0, 1.0, 1.0, 1.0, 1.0, 1.0, 0.6666666666666666, 1.0, 1.0, 1.0, 0.6666666666666666, 1.0, 1.0, 1.0, 1.0, 1.0, 1.0, 1.0, 1.0, 0.6666666666666666, 0.6666666666666666, 1.0, 1.0, 1.0, 0.6666666666666666, 0.6666666666666666, 1.0, 1.0, 0.6666666666666666]","[0.8, 1.0, 1.0, 1.0, 1.0, 0.8, 1.0, 1.0, 1.0, 0.8, 1.0, 1.0, 1.0, 1.0, 1.0, 1.0, 1.0, 1.0, 1.0, 1.0, 0.8, 0.8, 0.8, 1.0, 1.0, 1.0, 1.0, 1.0, 0.8, 1.0]"
credit,mlp,5000,4,23,b3_is,2.9147928801927985e-05,1.761278620255316e-05,1.2673012522577384e-06,7.657733131544853e-07,2.3144616330518493e-05,3.5747153622607225e-05,0.33138450316047635,0.992654808959157,0.003908543790113818,0.9911067193675888,0.9939402173913044,0.9565217391304348,0.018567261164640643,0.9888888888888888,0.059835164523716726,1.0,0.0,1.0860330419994726e-06,0.0,5000.0,1.0197308799969809,0.05701934334857589,5000.0,"[2.9034676333055628e-05, 1.729110948364535e-05, 1.553021953113228e-05, 1.0854725378147801e-05, 5.8332392834662176e-05, 3.4503010757504206e-05, 2.1371333956025877e-05, 7.251855068668011e-05, 2.0091779506046247e-05, 2.358108569641369e-05, 4.937654744280754e-05, 4.269515714503217e-06, 5.7874688012641754e-05, 5.256962059639751e-05, 3.1831240939873915e-05, 3.6462829478414385e-05, 1.1392822852094124e-05, 2.3470494273706278e-05, 3.985083421515375e-05, 3.3498446344806144e-05, 2.0058561000821176e-05, 3.3333479785125035e-05, 1.440957024011015e-05, 2.8321864294684096e-05, 8.047034964532007e-06, 5.942758494867234e-05, 1.0007183618524349e-05, 3.5629485667799496e-05, 9.872333818723682e-06, 1.162484168513514e-05]","[0.9940711462450593, 0.9920948616600791, 0.9920948616600791, 0.9940711462450593, 0.9891304347826088, 0.9881422924901186, 0.9930830039525691, 0.9920948616600791, 0.991106719367589, 0.9950592885375494, 0.9940711462450593, 0.9990118577075099, 0.9841897233201581, 0.9891304347826088, 0.9920948616600791, 0.9950592885375494, 0.9950592885375494, 0.9930830039525691, 0.9901185770750988, 0.9920948616600791, 0.9980237154150198, 0.9802371541501977, 0.9930830039525691, 0.991106719367589, 0.9990118577075099, 0.991106719367589, 0.9970355731225298, 0.9940711462450593, 0.9960474308300397, 0.9950592885375494]","[0.9604743083003953, 0.9446640316205535, 0.9525691699604742, 0.9683794466403163, 0.9525691699604742, 0.9367588932806324, 0.9604743083003953, 0.9525691699604742, 0.9446640316205535, 0.9683794466403163, 0.9604743083003953, 0.992094861660079, 0.9288537549407115, 0.9288537549407115, 0.9525691699604742, 0.9683794466403163, 0.9683794466403163, 0.9525691699604742, 0.9367588932806324, 0.9525691699604742, 0.9841897233201582, 0.9051383399209486, 0.9525691699604742, 0.9446640316205535, 0.992094861660079, 0.9525691699604742, 0.9762845849802372, 0.9604743083003953, 0.9762845849802372, 0.9683794466403163]","[1.0, 1.0, 1.0, 1.0, 1.0, 1.0, 1.0, 1.0, 1.0, 1.0, 1.0, 1.0, 1.0, 1.0, 1.0, 1.0, 1.0, 1.0, 1.0, 0.6666666666666666, 1.0, 1.0, 1.0, 1.0, 1.0, 1.0, 1.0, 1.0, 1.0, 1.0]","[1.0, 1.0, 1.0, 1.0, 1.0, 1.0, 1.0, 1.0, 1.0, 1.0, 1.0, 1.0, 1.0, 1.0, 1.0, 1.0, 1.0, 1.0, 1.0, 1.0, 1.0, 1.0, 1.0, 1.0, 1.0, 1.0, 1.0, 1.0, 1.0, 1.0]"
credit,mlp,5000,4,23,b4_antithetic,0.00024172661837513362,2.3207716713254273e-05,1.0509852972831897e-05,1.009031161445838e-06,0.00023240196773358565,0.0002496674803077795,2.748204027642857,0.9070487483530961,0.011429844740077123,0.9030632411067194,0.9112664690382081,0.7778656126482212,0.017834805016092446,0.9222222222222223,0.14098419489388359,0.7133333333333335,0.0991071249821234,3.4489711181027714e-07,0.0,5000.0,0.879830246672888,0.03281530000124496,5000.0,"[0.00021688036238106772, 0.0002486142729824135, 0.0002599225304956261, 0.00021001241996500787, 0.00019564272580836124, 0.00025953657046379907, 0.00016793894794441634, 0.0002856451326110058, 0.0002436205693722632, 0.0002278061210285586, 0.0002702376379443732, 0.00024918327360634926, 0.000236446150129736, 0.0002554651545771909, 0.0002462338470453011, 0.00023345255641210691, 0.00025591192248772986, 0.00025075480182638665, 0.0002500588892885196, 0.00025548482585075415, 0.00023965110621989213, 0.0002172260069604252, 0.0002397794636858768, 0.00022625396468310455, 0.00027301256179243277, 0.00023812682464121728, 0.0002352210031261413, 0.00025772363995148955, 0.000248603767924769, 0.00025735150004769293]","[0.9120553359683794, 0.9071146245059288, 0.9011857707509882, 0.9199604743083004, 0.9150197628458498, 0.8893280632411068, 0.9239130434782609, 0.8764822134387351, 0.8992094861660079, 0.9239130434782609, 0.9051383399209486, 0.8952569169960475, 0.9100790513833993, 0.8982213438735178, 0.908102766798419, 0.91600790513834, 0.8942687747035574, 0.9031620553359685, 0.8913043478260869, 0.9041501976284586, 0.900197628458498, 0.9051383399209486, 0.9219367588932808, 0.9140316205533597, 0.9140316205533597, 0.9308300395256918, 0.9100790513833993, 0.9061264822134387, 0.9130434782608695, 0.9021739130434783]","[0.7786561264822134, 0.7865612648221344, 0.7707509881422926, 0.8181818181818182, 0.7707509881422926, 0.7470355731225297, 0.7944664031620553, 0.7233201581027668, 0.7628458498023716, 0.7865612648221344, 0.7786561264822134, 0.7707509881422926, 0.7786561264822134, 0.7549407114624506, 0.7865612648221344, 0.7944664031620553, 0.7628458498023716, 0.7707509881422926, 0.7549407114624506, 0.7865612648221344, 0.7786561264822134, 0.7865612648221344, 0.7786561264822134, 0.7786561264822134, 0.7865612648221344, 0.8023715415019763, 0.7865612648221344, 0.7944664031620553, 0.7944664031620553, 0.7707509881422926]","[1.0, 1.0, 1.0, 1.0, 1.0, 0.6666666666666666, 1.0, 0.6666666666666666, 1.0, 1.0, 1.0, 1.0, 0.6666666666666666, 1.0, 1.0, 1.0, 0.6666666666666666, 1.0, 1.0, 0.6666666666666666, 1.0, 1.0, 1.0, 1.0, 0.6666666666666666, 1.0, 1.0, 0.6666666666666666, 1.0, 1.0]","[0.6, 0.8, 0.8, 0.8, 0.6, 0.6, 0.8, 0.6, 0.8, 0.8, 0.8, 0.8, 0.8, 0.6, 0.6, 0.6, 0.8, 0.8, 0.6, 0.8, 0.8, 0.8, 0.8, 0.6, 0.6, 0.6, 0.6, 0.8, 0.8, 0.6]"
credit,mlp,5000,5,23,abc_shap,0.001662115479432403,0.0011297037238821913,7.226589041010448e-05,4.9117553212269184e-05,0.0012792672989050764,0.0020645512309923333,10.148677185068099,0.8446969696969698,0.07721857669057988,0.819199604743083,0.8730599472990775,0.7104084321475626,0.10243146532787124,0.8777777777777778,0.16063146994223293,1.0,0.0,5.870955491512181e-05,2484.0,2516.0,1.0128710866653516,0.03958971341263305,2484.0,"[0.0003357321772518469, 0.003712470756696891, 0.0010111979474063853, 0.00041570687907140926, 0.0019298920559708732, 0.001653196509980414, 0.0026280612410103897, 0.0012818775551275308, 0.0005761261017926253, 0.0005731269832567978, 0.0029792033915323935, 0.00021375110807895115, 0.0003844002361791996, 0.0006597744286867512, 0.0018359972540968226, 0.0029562357060631548, 0.003277266299413558, 0.002125938228756691, 0.0032033319849415634, 0.003426751801236594, 0.003075626320624255, 0.001675511157682966, 0.001499652219882629, 0.000876533773061148, 0.0004409174049344457, 0.0033611239577924995, 0.0016086982512459865, 0.0011355538501492187, 0.0009325949178020271, 7.721388324607655e-05]","[0.8932806324110673, 0.6768774703557312, 0.8003952569169961, 0.8438735177865613, 0.7895256916996048, 0.9555335968379446, 0.7272727272727272, 0.808300395256917, 0.8883399209486167, 0.9881422924901186, 0.7401185770750989, 0.983201581027668, 0.900197628458498, 0.8488142292490118, 0.8903162055335968, 0.7944664031620554, 0.8517786561264822, 0.8557312252964427, 0.7954545454545455, 0.900197628458498, 0.7638339920948617, 0.7964426877470356, 0.8102766798418973, 0.9258893280632412, 0.9347826086956521, 0.7806324110671937, 0.7964426877470356, 0.7766798418972332, 0.8616600790513835, 0.9624505928853755]","[0.7786561264822134, 0.5335968379446641, 0.6521739130434783, 0.7075098814229249, 0.6442687747035574, 0.8498023715415021, 0.5889328063241107, 0.6521739130434783, 0.7628458498023716, 0.9288537549407115, 0.5731225296442688, 0.9288537549407115, 0.7707509881422926, 0.6837944664031621, 0.7549407114624506, 0.6363636363636365, 0.7075098814229249, 0.6996047430830039, 0.6363636363636365, 0.7470355731225297, 0.5889328063241107, 0.6442687747035574, 0.6758893280632412, 0.8102766798418973, 0.841897233201581, 0.6442687747035574, 0.6205533596837944, 0.6363636363636365, 0.7233201581027668, 0.8893280632411068]","[1.0, 0.6666666666666666, 1.0, 0.6666666666666666, 0.6666666666666666, 1.0, 1.0, 1.0, 1.0, 1.0, 0.6666666666666666, 1.0, 0.6666666666666666, 0.6666666666666666, 1.0, 0.6666666666666666, 1.0, 1.0, 0.6666666666666666, 1.0, 0.6666666666666666, 0.6666666666666666, 1.0, 1.0, 1.0, 1.0, 0.6666666666666666, 1.0, 1.0, 1.0]","[1.0, 1.0, 1.0, 1.0, 1.0, 1.0, 1.0, 1.0, 1.0, 1.0, 1.0, 1.0, 1.0, 1.0, 1.0, 1.0, 1.0, 1.0, 1.0, 1.0, 1.0, 1.0, 1.0, 1.0, 1.0, 1.0, 1.0, 1.0, 1.0, 1.0]"
credit,mlp,5000,5,23,b1_uniform,0.0005926021671065218,0.000357093516896357,2.5765311613327035e-05,1.5525805082450306e-05,0.0004795451612753052,0.0007349424685774291,3.6183575494944784,0.7953557312252963,0.06584634536443452,0.7719664031620553,0.8180245388669302,0.6537549407114625,0.07074693977126661,0.9444444444444444,0.12422599874998834,0.9733333333333334,0.06798692684790378,1.6909817336688988e-05,0.0,5000.0,0.8899650266646252,0.05339381716783819,5000.0,"[0.00030220257415825664, 0.0003995739665812743, 0.00033813504417769214, 0.0005109881427514949, 0.0005666364622924369, 0.0005023524008860816, 0.00028907117062774307, 0.0006189494894360836, 0.0013217840718035628, 0.00043748197303558904, 0.00043351829325650277, 0.0003237344757296177, 0.0004740721392097124, 0.0003112383322955562, 0.0010026434064539763, 0.0004829796549871769, 0.0002682417846163424, 0.0005375012587171627, 0.00038036860580524637, 0.0007283296270974726, 0.0006612345156607149, 0.0006259662515596665, 0.0003717449372931828, 0.0006159687568309031, 0.0005387767547995142, 0.0006985082053876507, 0.0012205674243805501, 0.001970580298892525, 0.0005001001344252263, 0.000344814860046736]","[0.825098814229249, 0.8033596837944664, 0.8379446640316206, 0.7994071146245059, 0.7015810276679841, 0.8092885375494071, 0.8675889328063242, 0.7776679841897233, 0.632411067193676, 0.8013833992094862, 0.9041501976284586, 0.8428853754940712, 0.7302371541501976, 0.8290513833992096, 0.7045454545454546, 0.7322134387351779, 0.8962450592885376, 0.8023715415019764, 0.7687747035573124, 0.7420948616600791, 0.7994071146245059, 0.8448616600790515, 0.8932806324110673, 0.8152173913043478, 0.8013833992094862, 0.8389328063241107, 0.6610671936758893, 0.7252964426877472, 0.8349802371541503, 0.8379446640316206]","[0.6758893280632412, 0.6758893280632412, 0.691699604743083, 0.6521739130434783, 0.5335968379446641, 0.6521739130434783, 0.7391304347826086, 0.6363636363636365, 0.47035573122529645, 0.6521739130434783, 0.7628458498023716, 0.6996047430830039, 0.5889328063241107, 0.6837944664031621, 0.5652173913043478, 0.5968379446640317, 0.7707509881422926, 0.6758893280632412, 0.6442687747035574, 0.6126482213438735, 0.6205533596837944, 0.7154150197628459, 0.7707509881422926, 0.6758893280632412, 0.6521739130434783, 0.7075098814229249, 0.5335968379446641, 0.5731225296442688, 0.6996047430830039, 0.6837944664031621]","[1.0, 1.0, 1.0, 0.6666666666666666, 0.6666666666666666, 1.0, 1.0, 1.0, 1.0, 0.6666666666666666, 1.0, 1.0, 0.6666666666666666, 1.0, 1.0, 1.0, 1.0, 1.0, 1.0, 1.0, 1.0, 1.0, 1.0, 0.6666666666666666, 1.0, 1.0, 1.0, 1.0, 1.0, 1.0]","[1.0, 1.0, 1.0, 1.0, 1.0, 0.8, 1.0, 1.0, 1.0, 1.0, 1.0, 1.0, 1.0, 1.0, 1.0, 1.0, 1.0, 1.0, 1.0, 0.8, 1.0, 1.0, 1.0, 1.0, 1.0, 0.8, 1.0, 0.8, 1.0, 1.0]"
credit,mlp,5000,5,23,b2_stratified,0.00016377656409033274,0.0001276727802778432,7.120720177840554e-06,5.550990446862748e-06,0.00012161239725761785,0.00021203274646349192,1.0,0.9747694334650857,0.010895684671428369,0.9710795454545452,0.9787228260869566,0.9072463768115943,0.024316778909215988,1.0,0.0,0.9866666666666667,0.04988876515698587,6.86377389466283e-06,0.0,5000.0,0.8925332699941161,0.02682438450583986,5000.0,"[5.662273321818029e-05, 0.0001261889123016704, 6.780754633364988e-05, 0.000266677903466567, 9.127447249965643e-05, 0.00017941876629137655, 0.0004317061433523869, 4.468277932072251e-05, 8.857408037282273e-05, 0.0003324322482010958, 0.00016192542962088657, 6.362342932249262e-05, 5.072790707797384e-05, 3.5167414274483916e-05, 0.0002875540788220717, 0.0002942468185846446, 9.338553968540177e-05, 0.00011395205174900776, 0.0005474013010240117, 0.00020739039520512823, 0.00028956056811632917, 0.00012649106236845486, 4.838424936971651e-05, 0.00011262324645321104, 0.00010743212219173557, 5.151819685000797e-05, 0.00016551519469024608, 8.242758243955663e-05, 4.406450517942091e-05, 0.00034452024432707237]","[0.9792490118577075, 0.9713438735177865, 0.9575098814229249, 0.9713438735177865, 0.9871541501976285, 0.950592885375494, 0.9792490118577075, 0.9901185770750988, 0.9871541501976285, 0.9733201581027668, 0.9673913043478262, 0.974308300395257, 0.9762845849802372, 0.9901185770750988, 0.9673913043478262, 0.9792490118577075, 0.958498023715415, 0.9792490118577075, 0.9762845849802372, 0.9624505928853755, 0.9841897233201581, 0.9881422924901186, 0.9713438735177865, 0.9792490118577075, 0.9703557312252965, 0.9920948616600791, 0.9851778656126482, 0.9654150197628459, 0.9535573122529646, 0.9752964426877472]","[0.9130434782608695, 0.8814229249011858, 0.8735177865612648, 0.8814229249011858, 0.9367588932806324, 0.857707509881423, 0.9130434782608695, 0.9446640316205535, 0.9367588932806324, 0.8972332015810277, 0.8814229249011858, 0.9051383399209486, 0.9209486166007905, 0.9446640316205535, 0.8893280632411068, 0.9209486166007905, 0.8656126482213439, 0.9130434782608695, 0.8972332015810277, 0.8893280632411068, 0.9209486166007905, 0.9446640316205535, 0.9130434782608695, 0.9130434782608695, 0.8972332015810277, 0.9446640316205535, 0.9367588932806324, 0.8972332015810277, 0.8893280632411068, 0.8972332015810277]","[1.0, 1.0, 1.0, 1.0, 1.0, 1.0, 1.0, 1.0, 1.0, 1.0, 1.0, 1.0, 1.0, 1.0, 1.0, 1.0, 1.0, 1.0, 1.0, 1.0, 1.0, 1.0, 1.0, 1.0, 1.0, 1.0, 1.0, 1.0, 1.0, 1.0]","[1.0, 1.0, 1.0, 1.0, 1.0, 1.0, 1.0, 1.0, 1.0, 1.0, 1.0, 1.0, 1.0, 1.0, 1.0, 1.0, 1.0, 1.0, 1.0, 0.8, 1.0, 0.8, 1.0, 1.0, 1.0, 1.0, 1.0, 1.0, 1.0, 1.0]"
credit,mlp,5000,5,23,b3_is,8.806020827291124e-05,7.972036667816829e-05,3.82870470751788e-06,3.466102899050795e-06,6.199081894482429e-05,0.00011992019873806632,0.5376850391386931,0.9845520421607379,0.008646417590348399,0.9817185441370224,0.9877140974967062,0.9322793148880104,0.025055118112289467,1.0,0.0,1.0,0.0,3.6327513243382666e-06,0.0,5000.0,0.9948177800067545,0.07170379395955064,5000.0,"[4.508371625360907e-05, 4.769783479233245e-05, 5.487936304562414e-05, 3.9235447783713036e-05, 0.00022790558602954667, 2.607679029393286e-05, 0.00014901574650708576, 0.00017506898318040147, 4.1975135895769495e-05, 4.7944334782790845e-05, 6.655408174025108e-05, 0.0003439303478645975, 4.005038134521967e-05, 4.174946240991963e-05, 9.086575434602543e-05, 0.00029604763032063756, 0.0001560346580869154, 7.769695391102528e-05, 4.1766308722124944e-05, 9.109112144329623e-05, 4.9165239834836935e-05, 3.268473670539157e-05, 2.471080410730545e-05, 4.81174449206234e-05, 5.47629105360828e-05, 4.7508393681574997e-05, 5.689365418592645e-05, 1.837149631879473e-05, 5.227903244253961e-05, 0.00015664289669944283]","[0.9841897233201581, 0.9891304347826088, 0.9822134387351777, 0.9940711462450593, 0.9792490118577075, 0.991106719367589, 0.9871541501976285, 0.9841897233201581, 0.9901185770750988, 0.9723320158102767, 0.9555335968379446, 0.9723320158102767, 0.9822134387351777, 0.9980237154150198, 0.9802371541501977, 0.9822134387351777, 0.9960474308300397, 0.9930830039525691, 0.9970355731225298, 0.9881422924901186, 0.9861660079051384, 0.9881422924901186, 0.9901185770750988, 0.9782608695652174, 0.9920948616600791, 0.983201581027668, 0.9782608695652174, 0.9861660079051384, 0.9752964426877472, 0.9802371541501977]","[0.9130434782608695, 0.9525691699604742, 0.9367588932806324, 0.9604743083003953, 0.9051383399209486, 0.9525691699604742, 0.9367588932806324, 0.9209486166007905, 0.9367588932806324, 0.9051383399209486, 0.8735177865612648, 0.8893280632411068, 0.9209486166007905, 0.9841897233201582, 0.9288537549407115, 0.9288537549407115, 0.9762845849802372, 0.9604743083003953, 0.9762845849802372, 0.9367588932806324, 0.9288537549407115, 0.9209486166007905, 0.9446640316205535, 0.9209486166007905, 0.9525691699604742, 0.9288537549407115, 0.9209486166007905, 0.9367588932806324, 0.8972332015810277, 0.9209486166007905]","[1.0, 1.0, 1.0, 1.0, 1.0, 1.0, 1.0, 1.0, 1.0, 1.0, 1.0, 1.0, 1.0, 1.0, 1.0, 1.0, 1.0, 1.0, 1.0, 1.0, 1.0, 1.0, 1.0, 1.0, 1.0, 1.0, 1.0, 1.0, 1.0, 1.0]","[1.0, 1.0, 1.0, 1.0, 1.0, 1.0, 1.0, 1.0, 1.0, 1.0, 1.0, 1.0, 1.0, 1.0, 1.0, 1.0, 1.0, 1.0, 1.0, 1.0, 1.0, 1.0, 1.0, 1.0, 1.0, 1.0, 1.0, 1.0, 1.0, 1.0]"
credit,mlp,5000,5,23,b4_antithetic,0.0002473227200421974,2.2718221804244064e-05,1.0753161740965104e-05,9.87748774097568e-07,0.00023958172316124768,0.00025644721405635227,1.5101227786521632,0.856159420289855,0.018900286139896097,0.8492094861660079,0.8625502305665351,0.7227931488801055,0.02388462544110602,1.0,0.0,1.0,0.0,1.0399633490827019e-06,0.0,5000.0,0.8841662333327501,0.11669879864659173,5000.0,"[0.0002226011063668292, 0.00021155674118899972, 0.00026258152031033075, 0.0002532080399647446, 0.0002565158815061298, 0.00025066498887648314, 0.00028989832306382, 0.00022304592196483808, 0.0002569798055493183, 0.0002405271777771549, 0.00023335912026361684, 0.00025284388640376966, 0.00023040709725463283, 0.00024529517461998533, 0.00024794355311225395, 0.0002759769750820515, 0.00022353564542081116, 0.00020375298325212547, 0.0003050395420947496, 0.00021851271793047456, 0.0002643426188089603, 0.00023569855265976442, 0.0002347847400374783, 0.0002417888113822396, 0.0002446995120772226, 0.0002850629657041389, 0.00024175010595766766, 0.000240632174287578, 0.0002565062988935236, 0.0002701696194542278]","[0.8705533596837944, 0.8606719367588934, 0.8656126482213439, 0.874505928853755, 0.8725296442687748, 0.8616600790513835, 0.8300395256916996, 0.8369565217391305, 0.8992094861660079, 0.8567193675889329, 0.8537549407114625, 0.8646245059288538, 0.8517786561264822, 0.8527667984189724, 0.8626482213438734, 0.8448616600790515, 0.8577075098814229, 0.8814229249011858, 0.8043478260869565, 0.8873517786561266, 0.83399209486166, 0.8567193675889329, 0.8685770750988143, 0.8448616600790515, 0.824110671936759, 0.8596837944664032, 0.8448616600790515, 0.8547430830039526, 0.8409090909090908, 0.8666007905138341]","[0.7470355731225297, 0.7312252964426879, 0.7233201581027668, 0.7470355731225297, 0.7549407114624506, 0.7312252964426879, 0.691699604743083, 0.6996047430830039, 0.7707509881422926, 0.7233201581027668, 0.7075098814229249, 0.7154150197628459, 0.7154150197628459, 0.7075098814229249, 0.7312252964426879, 0.7075098814229249, 0.7154150197628459, 0.7628458498023716, 0.6679841897233202, 0.7707509881422926, 0.7075098814229249, 0.7154150197628459, 0.7312252964426879, 0.7233201581027668, 0.691699604743083, 0.7154150197628459, 0.6996047430830039, 0.7312252964426879, 0.6996047430830039, 0.7470355731225297]","[1.0, 1.0, 1.0, 1.0, 1.0, 1.0, 1.0, 1.0, 1.0, 1.0, 1.0, 1.0, 1.0, 1.0, 1.0, 1.0, 1.0, 1.0, 1.0, 1.0, 1.0, 1.0, 1.0, 1.0, 1.0, 1.0, 1.0, 1.0, 1.0, 1.0]","[1.0, 1.0, 1.0, 1.0, 1.0, 1.0, 1.0, 1.0, 1.0, 1.0, 1.0, 1.0, 1.0, 1.0, 1.0, 1.0, 1.0, 1.0, 1.0, 1.0, 1.0, 1.0, 1.0, 1.0, 1.0, 1.0, 1.0, 1.0, 1.0, 1.0]"
credit,mlp,5000,6,23,abc_shap,0.0007462470479535191,0.0004908325665960256,3.2445523824066044e-05,2.1340546373740243e-05,0.0005710752621143535,0.0009157106230612538,7.080984749120065,0.8539525691699607,0.07994854863045908,0.8273320158102767,0.8827108036890645,0.7017127799736497,0.09820488450185848,0.8333333333333335,0.2063797291222968,0.8200000000000002,0.10770329614269009,3.183160412438113e-05,2484.0,2516.0,1.0839871066680644,0.11274673487396922,2484.0,"[0.0011689275772294148, 0.0011752065109942856, 0.00028065273247516797, 0.00039671212809958727, 0.0014312636399861946, 0.0004776871107232218, 0.0013652011963390654, 0.0013496710381861636, 0.00033897290882520524, 0.0005739649203629839, 0.000973298505756694, 0.0011729633989203596, 0.00013406421603010847, 0.00037679649429789297, 0.0009045973437022479, 0.00019668959707752086, 0.0007334403961044965, 0.0001378160166502555, 0.0006967955703648454, 0.0010986226971582912, 0.0012813432660256172, 0.00026513760399810525, 0.00023424437741251196, 0.00020572695929873047, 0.0016742748459020588, 0.00046902650889053956, 0.0017100166702097824, 0.0005903978461434203, 0.0009199473620918787, 5.395199934892685e-05]","[0.8448616600790515, 0.7075098814229249, 0.9367588932806324, 0.8310276679841897, 0.8646245059288538, 0.7766798418972332, 0.7460474308300395, 0.7203557312252966, 0.9575098814229249, 0.8883399209486167, 0.7895256916996048, 0.7776679841897233, 0.9140316205533597, 0.9179841897233202, 0.8784584980237155, 0.9752964426877472, 0.8814229249011858, 0.8418972332015809, 0.8903162055335968, 0.7213438735177865, 0.8774703557312253, 0.9051383399209486, 0.9120553359683794, 0.9377470355731227, 0.8428853754940712, 0.825098814229249, 0.6778656126482214, 0.9061264822134387, 0.9169960474308301, 0.9555335968379446]","[0.6521739130434783, 0.549407114624506, 0.8023715415019763, 0.6521739130434783, 0.691699604743083, 0.6284584980237155, 0.557312252964427, 0.5652173913043478, 0.83399209486166, 0.7391304347826086, 0.6205533596837944, 0.6047430830039525, 0.7944664031620553, 0.8023715415019763, 0.7075098814229249, 0.8814229249011858, 0.7154150197628459, 0.7075098814229249, 0.7154150197628459, 0.549407114624506, 0.691699604743083, 0.7786561264822134, 0.7865612648221344, 0.8102766798418973, 0.6442687747035574, 0.6837944664031621, 0.5098814229249012, 0.7470355731225297, 0.7707509881422926, 0.857707509881423]","[0.6666666666666666, 1.0, 1.0, 1.0, 0.3333333333333333, 1.0, 1.0, 1.0, 1.0, 0.6666666666666666, 0.6666666666666666, 1.0, 0.6666666666666666, 1.0, 0.3333333333333333, 0.6666666666666666, 0.6666666666666666, 1.0, 0.6666666666666666, 1.0, 0.6666666666666666, 1.0, 1.0, 1.0, 0.6666666666666666, 1.0, 1.0, 0.6666666666666666, 0.6666666666666666, 1.0]","[0.6, 1.0, 0.8, 0.8, 0.6, 1.0, 0.8, 0.8, 0.8, 0.8, 0.8, 0.8, 0.8, 0.8, 0.6, 1.0, 0.8, 0.8, 0.8, 1.0, 0.8, 1.0, 1.0, 0.8, 0.8, 0.8, 0.8, 0.8, 0.8, 0.8]"
credit,mlp,5000,6,23,b1_uniform,0.00041938871854529556,0.00011531378021114481,1.8234292110665025e-05,5.013642617875861e-06,0.00038187358327089975,0.0004619362835287321,3.9794932899449345,0.8444334650856392,0.0452871720369477,0.8283259222661398,0.8590587944664033,0.683794466403162,0.05326444435706884,1.0,0.0,0.8466666666666669,0.08459051693633013,6.484076451280409e-06,0.0,5000.0,0.9414787599991541,0.05450966417167291,5000.0,"[0.00047862024213543705, 0.00040347222601639016, 0.0002816826725284762, 0.00039951879519658194, 0.00043397460621508806, 0.0007140064536658565, 0.0005395636113635136, 0.0003628127336558794, 0.0004159027384364003, 0.00029699889051545313, 0.0002700342804518956, 0.000314660760168943, 0.0004625071326637718, 0.0004071848116941395, 0.00037686385913239615, 0.0006930784729673256, 0.00044705298791985625, 0.0004477072963046803, 0.00041309386145347714, 0.0005474466264400073, 0.00033851682056205344, 0.0003804470778478366, 0.0003591298576760915, 0.0006491638708629795, 0.00024222394935520007, 0.0003433701493110025, 0.0003546237611134699, 0.0004180528191472538, 0.0004927247145486674, 0.0002972254770087448]","[0.8290513833992096, 0.8399209486166009, 0.8903162055335968, 0.8636363636363636, 0.8221343873517787, 0.7272727272727272, 0.7984189723320158, 0.8784584980237155, 0.8913043478260869, 0.8488142292490118, 0.8883399209486167, 0.8725296442687748, 0.882411067193676, 0.8833992094861661, 0.8053359683794467, 0.790513833992095, 0.8962450592885376, 0.8409090909090908, 0.83399209486166, 0.8349802371541503, 0.8290513833992096, 0.7954545454545455, 0.8656126482213439, 0.790513833992095, 0.9347826086956521, 0.8814229249011858, 0.8962450592885376, 0.8379446640316206, 0.757905138339921, 0.8260869565217392]","[0.6600790513833992, 0.6600790513833992, 0.7628458498023716, 0.6837944664031621, 0.6363636363636365, 0.5652173913043478, 0.6284584980237155, 0.7075098814229249, 0.7549407114624506, 0.691699604743083, 0.6996047430830039, 0.7154150197628459, 0.7312252964426879, 0.7312252964426879, 0.6284584980237155, 0.6284584980237155, 0.7707509881422926, 0.6837944664031621, 0.6600790513833992, 0.6837944664031621, 0.691699604743083, 0.6442687747035574, 0.7075098814229249, 0.6047430830039525, 0.7944664031620553, 0.7233201581027668, 0.7391304347826086, 0.6600790513833992, 0.6047430830039525, 0.6600790513833992]","[1.0, 1.0, 1.0, 1.0, 1.0, 1.0, 1.0, 1.0, 1.0, 1.0, 1.0, 1.0, 1.0, 1.0, 1.0, 1.0, 1.0, 1.0, 1.0, 1.0, 1.0, 1.0, 1.0, 1.0, 1.0, 1.0, 1.0, 1.0, 1.0, 1.0]","[1.0, 0.8, 0.8, 1.0, 0.8, 0.8, 0.8, 0.8, 1.0, 1.0, 0.8, 0.8, 1.0, 0.8, 0.8, 0.8, 0.8, 0.8, 0.8, 0.8, 0.8, 0.8, 0.8, 0.8, 1.0, 1.0, 0.8, 0.8, 0.8, 0.8]"
credit,mlp,5000,6,23,b2_stratified,0.00010538746719462336,5.738402915041468e-05,4.582063791070581e-06,2.4949577891484645e-06,8.586867634872546e-05,0.0001278874061025654,1.0,0.9631422924901186,0.017200773147879492,0.9572117918313572,0.9692737154150198,0.8727272727272729,0.031445496984814775,1.0,0.0,0.8866666666666668,0.09910712498212336,4.081235112538311e-06,0.0,5000.0,0.94737162667055,0.056800352533256576,5000.0,"[6.531062684790064e-05, 0.00021267547005535942, 6.811565272043024e-05, 0.00014336058881480996, 5.445787530019254e-05, 0.00023948958634322594, 0.00014820095270946858, 3.341471302063836e-05, 0.00018059014955684494, 3.393803960812517e-05, 9.804801394336736e-05, 6.58272313714637e-05, 0.00022288939958769135, 6.420682431432732e-05, 7.384386733275578e-05, 0.00012004414220839231, 8.432650752098497e-05, 9.415152442343132e-05, 0.0001051397247464687, 4.01268785013099e-05, 9.649613361301161e-05, 0.0001026378017517385, 0.00010672740581616623, 0.00018503167131332844, 0.00011790270152372745, 2.2814159102771616e-05, 6.060787709230376e-05, 0.00016880530610876245, 6.637107349220301e-05, 8.607211709749884e-05]","[0.9377470355731227, 0.9851778656126482, 0.9733201581027668, 0.9258893280632412, 0.958498023715415, 0.9782608695652174, 0.9703557312252965, 0.9851778656126482, 0.9407114624505929, 0.974308300395257, 0.9298418972332017, 0.9634387351778656, 0.9555335968379446, 0.9555335968379446, 0.974308300395257, 0.9772727272727272, 0.9555335968379446, 0.9604743083003953, 0.9723320158102767, 0.9525691699604744, 0.9723320158102767, 0.9772727272727272, 0.9683794466403162, 0.9822134387351777, 0.9604743083003953, 0.9901185770750988, 0.9347826086956521, 0.9575098814229249, 0.9822134387351777, 0.9426877470355731]","[0.857707509881423, 0.9130434782608695, 0.8814229249011858, 0.8023715415019763, 0.857707509881423, 0.8893280632411068, 0.8893280632411068, 0.9288537549407115, 0.83399209486166, 0.8814229249011858, 0.8181818181818182, 0.8656126482213439, 0.8656126482213439, 0.841897233201581, 0.8972332015810277, 0.8972332015810277, 0.857707509881423, 0.8656126482213439, 0.8735177865612648, 0.841897233201581, 0.8814229249011858, 0.9130434782608695, 0.8814229249011858, 0.9130434782608695, 0.841897233201581, 0.9288537549407115, 0.841897233201581, 0.8498023715415021, 0.9130434782608695, 0.857707509881423]","[1.0, 1.0, 1.0, 1.0, 1.0, 1.0, 1.0, 1.0, 1.0, 1.0, 1.0, 1.0, 1.0, 1.0, 1.0, 1.0, 1.0, 1.0, 1.0, 1.0, 1.0, 1.0, 1.0, 1.0, 1.0, 1.0, 1.0, 1.0, 1.0, 1.0]","[1.0, 0.8, 1.0, 0.8, 0.8, 1.0, 1.0, 1.0, 0.8, 0.8, 1.0, 0.8, 0.8, 1.0, 0.8, 1.0, 1.0, 1.0, 0.8, 0.8, 0.8, 1.0, 1.0, 1.0, 0.8, 0.8, 0.8, 0.8, 0.8, 0.8]"
credit,mlp,5000,6,23,b3_is,4.917366870671165e-05,3.53434767246153e-05,2.137985595943985e-06,1.5366729010702304e-06,3.925157136640962e-05,6.425806974822924e-05,0.4665988282639018,0.9801054018445323,0.010350315560506789,0.9764155138339922,0.9835655467720685,0.917786561264822,0.027047435932239967,1.0,0.0,0.8933333333333334,0.09977753031397174,1.6502764406552986e-06,0.0,5000.0,1.0465198233335589,0.06078973528406847,5000.0,"[5.056927029503357e-05, 2.5057312168913034e-05, 4.6724982197245935e-05, 0.00021282354861422732, 4.557197795196742e-05, 9.050782313577424e-05, 2.9476946499685313e-05, 1.579850959123842e-05, 5.166054027103509e-05, 3.507238091727896e-05, 4.2224620172086456e-05, 3.461212173448974e-05, 2.2664611587124882e-05, 1.504611647851001e-05, 4.7808417437071855e-05, 6.711909738082124e-05, 4.8464946453696566e-05, 4.496467758424711e-05, 6.337837024901232e-05, 9.19899725655652e-05, 2.5491324309192088e-05, 3.5625417747537495e-05, 4.968600645902155e-05, 5.322501722981106e-05, 3.806396104729344e-05, 5.482834003386548e-05, 4.1218597059872446e-05, 4.571310790375589e-05, 2.582313116411934e-05, 2.399891496185594e-05]","[0.9861660079051384, 0.9970355731225298, 0.9683794466403162, 0.9693675889328063, 0.9713438735177865, 0.9930830039525691, 0.9920948616600791, 0.9713438735177865, 0.9822134387351777, 0.9664031620553359, 0.9772727272727272, 0.983201581027668, 0.9752964426877472, 0.9792490118577075, 0.9871541501976285, 0.9871541501976285, 0.9654150197628459, 0.9802371541501977, 0.9772727272727272, 0.9861660079051384, 0.9940711462450593, 0.983201581027668, 0.9456521739130436, 0.9822134387351777, 0.9851778656126482, 0.991106719367589, 0.9812252964426879, 0.9772727272727272, 0.983201581027668, 0.9841897233201581]","[0.9288537549407115, 0.9762845849802372, 0.8814229249011858, 0.8814229249011858, 0.8893280632411068, 0.9446640316205535, 0.9525691699604742, 0.8972332015810277, 0.9130434782608695, 0.8893280632411068, 0.8893280632411068, 0.9209486166007905, 0.9130434782608695, 0.9209486166007905, 0.9288537549407115, 0.9367588932806324, 0.8735177865612648, 0.9051383399209486, 0.9209486166007905, 0.9288537549407115, 0.9525691699604742, 0.9130434782608695, 0.8498023715415021, 0.9288537549407115, 0.9288537549407115, 0.9525691699604742, 0.9209486166007905, 0.9209486166007905, 0.9446640316205535, 0.9288537549407115]","[1.0, 1.0, 1.0, 1.0, 1.0, 1.0, 1.0, 1.0, 1.0, 1.0, 1.0, 1.0, 1.0, 1.0, 1.0, 1.0, 1.0, 1.0, 1.0, 1.0, 1.0, 1.0, 1.0, 1.0, 1.0, 1.0, 1.0, 1.0, 1.0, 1.0]","[0.8, 0.8, 0.8, 1.0, 0.8, 0.8, 1.0, 0.8, 1.0, 1.0, 0.8, 1.0, 1.0, 1.0, 1.0, 0.8, 0.8, 0.8, 1.0, 0.8, 0.8, 1.0, 0.8, 0.8, 0.8, 1.0, 0.8, 1.0, 1.0, 1.0]"
credit,mlp,5000,6,23,b4_antithetic,0.0002958505122544859,3.5037306847880035e-05,1.286306575019504e-05,1.523361167299132e-06,0.00028273757707470435,0.0003074084085445893,2.807264659925137,0.8987483530961792,0.0223747264532048,0.8906777009222663,0.9061594202898551,0.7509881422924902,0.03352313080421187,1.0,0.0,0.8266666666666668,0.06798692684790376,8.398590275179103e-07,0.0,5000.0,0.9368061233428306,0.09575074216965695,5000.0,"[0.00028358324534769947, 0.0003506048972026458, 0.00031706261969261033, 0.00027830931666396894, 0.00022104103483453155, 0.000342351589019058, 0.00025730660422991546, 0.00022597782929119613, 0.0002818381320423425, 0.0003056638805495232, 0.0003512107938495955, 0.0003185286741239091, 0.0002815137244207105, 0.0002664724626531532, 0.0002935328085973744, 0.0003110067932638788, 0.0002929003422234364, 0.00031603719785910494, 0.0002842528256798784, 0.0003069511566164169, 0.0002891071192358317, 0.000338780888772913, 0.00028671959868940144, 0.0002592527779885328, 0.00033952135778344904, 0.00030155276201245516, 0.00034199281397351706, 0.00025062260255033877, 0.00033257401329238215, 0.00024924550517480817]","[0.8942687747035574, 0.8606719367588934, 0.908102766798419, 0.9150197628458498, 0.9436758893280633, 0.8903162055335968, 0.9051383399209486, 0.884387351778656, 0.9229249011857708, 0.9031620553359685, 0.8764822134387351, 0.8784584980237155, 0.9140316205533597, 0.9100790513833993, 0.9357707509881423, 0.8853754940711462, 0.9298418972332017, 0.900197628458498, 0.9090909090909092, 0.8903162055335968, 0.8833992094861661, 0.9021739130434783, 0.8804347826086957, 0.8913043478260869, 0.8804347826086957, 0.8972332015810277, 0.8596837944664032, 0.941699604743083, 0.8567193675889329, 0.9120553359683794]","[0.7628458498023716, 0.691699604743083, 0.7470355731225297, 0.7786561264822134, 0.8260869565217391, 0.7470355731225297, 0.7549407114624506, 0.7391304347826086, 0.7865612648221344, 0.7549407114624506, 0.7154150197628459, 0.7233201581027668, 0.7707509881422926, 0.7628458498023716, 0.8102766798418973, 0.7233201581027668, 0.7944664031620553, 0.7470355731225297, 0.7707509881422926, 0.7312252964426879, 0.7233201581027668, 0.7549407114624506, 0.7233201581027668, 0.7549407114624506, 0.7154150197628459, 0.7549407114624506, 0.691699604743083, 0.8102766798418973, 0.6996047430830039, 0.7628458498023716]","[1.0, 1.0, 1.0, 1.0, 1.0, 1.0, 1.0, 1.0, 1.0, 1.0, 1.0, 1.0, 1.0, 1.0, 1.0, 1.0, 1.0, 1.0, 1.0, 1.0, 1.0, 1.0, 1.0, 1.0, 1.0, 1.0, 1.0, 1.0, 1.0, 1.0]","[1.0, 0.8, 0.8, 0.8, 1.0, 0.8, 0.8, 1.0, 0.8, 0.8, 0.8, 0.8, 0.8, 0.8, 0.8, 0.8, 0.8, 0.8, 0.8, 0.8, 0.8, 0.8, 0.8, 1.0, 0.8, 0.8, 0.8, 0.8, 0.8, 0.8]"
credit,mlp,5000,7,23,abc_shap,0.00032846075040732166,0.00024051117440371678,1.4280902191622681e-05,1.0457007582770295e-05,0.00024163687135394054,0.0004234064966792103,7.757774719110252,0.8945652173913043,0.07701263896009793,0.8658094532279315,0.9211174242424244,0.7596837944664033,0.10239315880640233,0.7333333333333332,0.24944382578492943,0.7666666666666669,0.11642832797715325,1.3948237788828942e-05,2484.0,2516.0,1.1042881799978204,0.05665788276746147,2484.0,"[0.00016458972659791406, 9.539641522703583e-05, 0.00015419776491696163, 0.0007218264848970047, 8.317147532610682e-05, 0.0004600618836104793, 0.0004600759405888702, 0.00026261220216514754, 0.00031139559181224776, 0.0005179570715597748, 0.00011127603423376976, 0.00024400382139073217, 0.00027670822070812904, 0.0008892354532962374, 0.0001417197578952279, 0.0005581939444367468, 0.00014555441595714627, 0.0005316856029758288, 0.00020124612192416115, 0.00026674420980159864, 0.0009108037927370121, 0.00010679434912084296, 0.00014132533075880674, 0.0005876854038833955, 0.0006835618395124269, 0.00010306650489728931, 0.000184796469754555, 0.0002555232909296369, 5.04408040606664e-05, 0.0002321725872438968]","[0.9466403162055337, 0.9555335968379446, 0.9347826086956521, 0.7272727272727272, 0.9802371541501977, 0.9041501976284586, 0.8369565217391305, 0.9733201581027668, 0.8913043478260869, 0.9061264822134387, 0.9515810276679842, 0.8942687747035574, 0.8715415019762847, 0.7223320158102766, 0.9782608695652174, 0.9298418972332017, 0.9328063241106721, 0.7322134387351779, 0.9347826086956521, 0.9496047430830039, 0.717391304347826, 0.9100790513833993, 0.8794466403162056, 0.8488142292490118, 0.8399209486166009, 0.9436758893280633, 0.9347826086956521, 0.8903162055335968, 0.9841897233201581, 0.9347826086956521]","[0.8260869565217391, 0.8498023715415021, 0.8102766798418973, 0.5731225296442688, 0.9051383399209486, 0.7470355731225297, 0.6837944664031621, 0.8814229249011858, 0.7075098814229249, 0.7549407114624506, 0.8498023715415021, 0.7707509881422926, 0.6996047430830039, 0.525691699604743, 0.8972332015810277, 0.7865612648221344, 0.8023715415019763, 0.6126482213438735, 0.8023715415019763, 0.8181818181818182, 0.557312252964427, 0.7865612648221344, 0.691699604743083, 0.6837944664031621, 0.6442687747035574, 0.83399209486166, 0.8102766798418973, 0.7391304347826086, 0.9288537549407115, 0.8102766798418973]","[0.6666666666666666, 0.6666666666666666, 0.6666666666666666, 1.0, 0.6666666666666666, 0.3333333333333333, 1.0, 0.6666666666666666, 1.0, 0.3333333333333333, 1.0, 0.6666666666666666, 0.6666666666666666, 1.0, 0.6666666666666666, 1.0, 0.6666666666666666, 1.0, 1.0, 0.3333333333333333, 1.0, 0.6666666666666666, 0.6666666666666666, 0.3333333333333333, 0.3333333333333333, 1.0, 0.6666666666666666, 0.3333333333333333, 1.0, 1.0]","[0.8, 0.8, 0.8, 0.8, 1.0, 0.6, 0.8, 0.8, 0.8, 0.6, 0.8, 1.0, 0.6, 0.8, 0.8, 0.8, 0.8, 0.8, 0.8, 0.6, 0.8, 0.8, 0.6, 0.6, 0.6, 0.8, 0.8, 0.6, 1.0, 0.8]"
credit,mlp,5000,7,23,b1_uniform,0.00017201259530199236,6.554661956530123e-05,7.4788084913909725e-06,2.849853024578314e-06,0.00015117176697722286,0.000198352908786091,4.062692305085209,0.8512516469038209,0.02720621308671999,0.8411388339920949,0.8617267786561265,0.6885375494071148,0.03614530318731436,0.7888888888888891,0.1606314699422329,0.7933333333333336,0.08137703743822469,3.572561081773727e-06,0.0,5000.0,0.9615660599937352,0.05485881095243963,5000.0,"[0.0004269617339471605, 0.00014512307953154383, 9.916267951487953e-05, 0.00016015336356669393, 0.000247306427476763, 0.00014403019018403352, 9.976861932077175e-05, 0.00014525721683466522, 0.00016998587529741167, 0.0001644906670046173, 0.00014441825306525923, 0.00023288496820616207, 0.00015774228768938647, 0.00010695877005315078, 0.00017067979259255886, 0.0002758274111507095, 0.00014205966263555828, 0.00012871899561158728, 0.00018630213356415312, 0.00010825828490785296, 0.00023733146828423492, 0.0001899580046367624, 0.00011665659353598866, 0.00012813798965130338, 0.00014574685490129487, 0.00018345803630609203, 0.00017097503552109892, 0.00024505767605301015, 0.00011911516098249814, 0.00016785062703256865]","[0.8152173913043478, 0.908102766798419, 0.849802371541502, 0.8517786561264822, 0.8557312252964427, 0.8478260869565217, 0.8942687747035574, 0.8626482213438734, 0.8488142292490118, 0.8488142292490118, 0.8468379446640316, 0.8418972332015809, 0.8992094861660079, 0.8606719367588934, 0.8211462450592886, 0.8409090909090908, 0.8359683794466403, 0.8616600790513835, 0.782608695652174, 0.8626482213438734, 0.8102766798418973, 0.8211462450592886, 0.8517786561264822, 0.8942687747035574, 0.8883399209486167, 0.8448616600790515, 0.8211462450592886, 0.8626482213438734, 0.8586956521739131, 0.8478260869565217]","[0.691699604743083, 0.7549407114624506, 0.6600790513833992, 0.6996047430830039, 0.7312252964426879, 0.6837944664031621, 0.7233201581027668, 0.691699604743083, 0.691699604743083, 0.6600790513833992, 0.6996047430830039, 0.6442687747035574, 0.7470355731225297, 0.6758893280632412, 0.6679841897233202, 0.691699604743083, 0.6600790513833992, 0.6837944664031621, 0.6205533596837944, 0.6679841897233202, 0.6205533596837944, 0.6363636363636365, 0.6996047430830039, 0.7470355731225297, 0.7312252964426879, 0.6837944664031621, 0.6442687747035574, 0.7391304347826086, 0.7154150197628459, 0.691699604743083]","[0.6666666666666666, 0.6666666666666666, 0.6666666666666666, 1.0, 1.0, 0.6666666666666666, 0.6666666666666666, 1.0, 0.6666666666666666, 1.0, 0.6666666666666666, 1.0, 1.0, 0.6666666666666666, 0.6666666666666666, 0.6666666666666666, 0.6666666666666666, 1.0, 0.6666666666666666, 1.0, 0.6666666666666666, 0.6666666666666666, 1.0, 1.0, 0.6666666666666666, 0.6666666666666666, 0.6666666666666666, 0.6666666666666666, 0.6666666666666666, 1.0]","[0.8, 0.8, 0.8, 0.8, 0.8, 0.8, 0.6, 0.8, 1.0, 0.6, 0.8, 0.8, 0.6, 0.8, 1.0, 0.8, 0.8, 0.8, 0.8, 0.8, 0.8, 0.8, 0.8, 0.8, 0.8, 0.8, 0.8, 0.8, 0.8, 0.8]"
credit,mlp,5000,7,23,b2_stratified,4.233955770824358e-05,2.3058525466795166e-05,1.8408503351410252e-06,1.0025445855128333e-06,3.4527784538578034e-05,5.057198866326327e-05,1.0,0.9687747035573122,0.01706294094565303,0.9628120882740447,0.975,0.888274044795784,0.03795198289831636,0.9111111111111111,0.1474055462380178,0.8333333333333335,0.07453559924999298,1.5000716316558245e-06,0.0,5000.0,0.9798155733306582,0.054091440731217834,5000.0,"[2.845167116582621e-05, 7.771995530883335e-05, 3.110141338907393e-05, 2.524914042556699e-05, 4.94083022454738e-05, 1.2360380970009674e-05, 2.417216283828352e-05, 7.63106919813126e-05, 1.7745104458348547e-05, 3.5976676709663046e-05, 6.0850670660343e-05, 7.61894161313389e-05, 4.4969182220793877e-05, 1.3161178941179326e-05, 4.380355807199319e-05, 3.349335555626411e-05, 3.48570082176624e-05, 9.235156198144171e-05, 6.833962996169475e-05, 2.06156100206754e-05, 7.099410853366076e-05, 8.889973198141368e-05, 1.737846298440915e-05, 3.177006549544634e-05, 4.742913931251704e-05, 3.7006229967483415e-05, 1.6857745933532215e-05, 2.8867450675843537e-05, 3.701392685377118e-05, 2.6843198253451613e-05]","[0.9594861660079053, 0.974308300395257, 0.974308300395257, 0.9772727272727272, 0.9624505928853755, 0.9950592885375494, 0.9446640316205533, 0.9713438735177865, 0.958498023715415, 0.9841897233201581, 0.9318181818181819, 0.9664031620553359, 0.9614624505928853, 0.9792490118577075, 0.9802371541501977, 0.9555335968379446, 0.9871541501976285, 0.9604743083003953, 0.9673913043478262, 0.9802371541501977, 0.9426877470355731, 0.9466403162055337, 0.983201581027668, 0.9861660079051384, 0.9871541501976285, 0.9772727272727272, 0.9960474308300397, 0.9288537549407114, 0.9752964426877472, 0.9683794466403162]","[0.8498023715415021, 0.8972332015810277, 0.8893280632411068, 0.9130434782608695, 0.857707509881423, 0.9604743083003953, 0.8498023715415021, 0.8893280632411068, 0.8656126482213439, 0.9130434782608695, 0.8102766798418973, 0.8735177865612648, 0.8656126482213439, 0.9130434782608695, 0.9051383399209486, 0.857707509881423, 0.9288537549407115, 0.8814229249011858, 0.8893280632411068, 0.9130434782608695, 0.857707509881423, 0.83399209486166, 0.9130434782608695, 0.9209486166007905, 0.9288537549407115, 0.9051383399209486, 0.9762845849802372, 0.8102766798418973, 0.8893280632411068, 0.8893280632411068]","[1.0, 1.0, 0.6666666666666666, 1.0, 1.0, 0.6666666666666666, 1.0, 1.0, 0.6666666666666666, 0.6666666666666666, 1.0, 0.6666666666666666, 0.6666666666666666, 0.6666666666666666, 1.0, 1.0, 1.0, 1.0, 1.0, 0.6666666666666666, 1.0, 1.0, 1.0, 1.0, 1.0, 1.0, 1.0, 1.0, 1.0, 1.0]","[0.8, 0.8, 0.8, 0.8, 0.8, 1.0, 0.8, 0.8, 0.8, 0.8, 0.8, 0.8, 0.8, 1.0, 0.8, 1.0, 0.8, 0.8, 0.8, 0.8, 0.8, 0.8, 0.8, 0.8, 0.8, 0.8, 1.0, 1.0, 0.8, 0.8]"
credit,mlp,5000,7,23,b3_is,1.511810629787913e-05,7.5784711151644335e-06,6.573089694730056e-07,3.2949874413758407e-07,1.2607562086680578e-05,1.7888837438249756e-05,0.35706812059908716,0.9856060606060607,0.007652770608856346,0.9826078722002634,0.9880772397891964,0.9301712779973648,0.020521241077668034,0.9444444444444444,0.12422599874998834,0.8400000000000001,0.07999999999999997,4.6545793552867325e-07,0.0,5000.0,1.0821325366656918,0.04793375137607589,5000.0,"[1.6853638548100405e-05, 1.1665329383157643e-05, 1.4244292809363913e-05, 1.5415669473515084e-05, 1.505539610045914e-05, 7.299894185498755e-06, 6.000642476254904e-06, 7.419833833559874e-06, 1.703838234246008e-05, 2.4813985136625105e-05, 1.1424367915362436e-05, 1.8218178163481175e-05, 2.183305553502151e-05, 1.8726416671729228e-05, 1.7436147766365245e-05, 6.306765901868058e-06, 1.0708661598387574e-05, 1.3880765870349108e-05, 4.809952114202484e-06, 2.843865564732939e-05, 3.923560390067187e-05, 1.0165951073096138e-05, 7.5090633861181e-06, 9.206889069506925e-06, 7.490380592975719e-06, 1.1319519620913166e-05, 1.4109247060069824e-05, 1.9814243676483963e-05, 2.3635538690401663e-05, 2.3466720393045342e-05]","[0.9871541501976285, 0.9920948616600791, 0.9851778656126482, 0.9871541501976285, 0.9812252964426879, 0.991106719367589, 0.9861660079051384, 0.9861660079051384, 0.9940711462450593, 0.9841897233201581, 0.9861660079051384, 0.9851778656126482, 0.958498023715415, 0.9861660079051384, 0.983201581027668, 0.991106719367589, 0.9930830039525691, 0.9871541501976285, 0.9891304347826088, 0.9802371541501977, 0.9851778656126482, 0.9891304347826088, 0.9861660079051384, 0.9940711462450593, 0.9940711462450593, 0.983201581027668, 0.9920948616600791, 0.9812252964426879, 0.9634387351778656, 0.9851778656126482]","[0.9367588932806324, 0.9446640316205535, 0.9209486166007905, 0.9288537549407115, 0.9367588932806324, 0.9446640316205535, 0.9209486166007905, 0.9288537549407115, 0.9604743083003953, 0.9288537549407115, 0.9209486166007905, 0.9209486166007905, 0.8735177865612648, 0.9446640316205535, 0.9367588932806324, 0.9525691699604742, 0.9525691699604742, 0.9367588932806324, 0.9367588932806324, 0.9051383399209486, 0.9209486166007905, 0.9288537549407115, 0.9288537549407115, 0.9604743083003953, 0.9525691699604742, 0.9209486166007905, 0.9525691699604742, 0.9209486166007905, 0.8735177865612648, 0.9130434782608695]","[1.0, 1.0, 1.0, 1.0, 1.0, 1.0, 1.0, 0.6666666666666666, 1.0, 1.0, 0.6666666666666666, 0.6666666666666666, 0.6666666666666666, 1.0, 1.0, 1.0, 1.0, 1.0, 0.6666666666666666, 1.0, 1.0, 1.0, 1.0, 1.0, 1.0, 1.0, 1.0, 1.0, 1.0, 1.0]","[1.0, 0.8, 0.8, 0.8, 0.8, 0.8, 0.8, 0.8, 0.8, 1.0, 0.8, 1.0, 0.8, 1.0, 0.8, 0.8, 0.8, 0.8, 0.8, 0.8, 0.8, 0.8, 0.8, 0.8, 1.0, 0.8, 1.0, 0.8, 0.8, 0.8]"
credit,mlp,5000,7,23,b4_antithetic,9.2613345176503e-05,1.2098053240424993e-05,4.026667181587087e-06,5.260023148010867e-07,8.853063743175143e-05,9.681192320913916e-05,2.1873951970563694,0.8856060606060606,0.014332454311770979,0.8807312252964429,0.8907444005270091,0.7249011857707511,0.021926370553586004,0.8777777777777779,0.1606314699422329,0.8133333333333336,0.04988876515698586,3.373819439136875e-07,0.0,5000.0,0.9455664666641194,0.046031240131053634,5000.0,"[9.248732547723365e-05, 0.00011115131227371565, 0.000100546842064233, 7.24277753207121e-05, 6.555849674515846e-05, 9.759042726488883e-05, 7.997093520204586e-05, 0.00010926061463572772, 9.733511342534636e-05, 8.742112455796907e-05, 8.757127826753426e-05, 8.566392862690364e-05, 9.513236557401161e-05, 6.638821192244916e-05, 8.851322454085805e-05, 9.477748539225583e-05, 0.00010069685756620212, 0.00010807930709778505, 8.435707048656902e-05, 0.00010547969089405075, 9.806568877839798e-05, 9.124115111284266e-05, 8.103611191758482e-05, 0.00010754017877428204, 8.048870755624617e-05, 9.481527370508601e-05, 0.00011248848876934094, 8.982668351432846e-05, 9.195260696280721e-05, 0.00010053607686852327]","[0.8794466403162056, 0.8586956521739131, 0.8764822134387351, 0.9021739130434783, 0.9130434782608695, 0.8596837944664032, 0.9041501976284586, 0.8774703557312253, 0.8715415019762847, 0.8863636363636364, 0.8853754940711462, 0.8814229249011858, 0.8863636363636364, 0.9041501976284586, 0.8784584980237155, 0.8883399209486167, 0.8715415019762847, 0.8932806324110673, 0.8784584980237155, 0.8705533596837944, 0.882411067193676, 0.8932806324110673, 0.9179841897233202, 0.8715415019762847, 0.908102766798419, 0.8972332015810277, 0.8784584980237155, 0.8883399209486167, 0.8794466403162056, 0.884387351778656]","[0.7075098814229249, 0.7075098814229249, 0.7233201581027668, 0.7391304347826086, 0.7707509881422926, 0.7154150197628459, 0.7391304347826086, 0.691699604743083, 0.7075098814229249, 0.7391304347826086, 0.7312252964426879, 0.7154150197628459, 0.7154150197628459, 0.7549407114624506, 0.7233201581027668, 0.7312252964426879, 0.691699604743083, 0.7312252964426879, 0.7233201581027668, 0.6758893280632412, 0.7233201581027668, 0.7233201581027668, 0.7628458498023716, 0.6996047430830039, 0.7707509881422926, 0.7470355731225297, 0.7154150197628459, 0.7233201581027668, 0.7154150197628459, 0.7312252964426879]","[0.6666666666666666, 1.0, 1.0, 1.0, 0.6666666666666666, 1.0, 0.6666666666666666, 0.6666666666666666, 1.0, 1.0, 1.0, 0.6666666666666666, 1.0, 0.6666666666666666, 0.6666666666666666, 1.0, 1.0, 1.0, 1.0, 0.6666666666666666, 0.6666666666666666, 1.0, 1.0, 1.0, 1.0, 1.0, 1.0, 0.6666666666666666, 0.6666666666666666, 1.0]","[0.8, 0.8, 0.8, 0.8, 0.8, 0.8, 0.8, 0.8, 0.8, 1.0, 0.8, 0.8, 0.8, 0.8, 0.8, 0.8, 0.8, 0.8, 1.0, 0.8, 0.8, 0.8, 0.8, 0.8, 0.8, 0.8, 0.8, 0.8, 0.8, 0.8]"
credit,mlp,5000,8,23,abc_shap,0.0005028329632265436,0.0002885455164559,2.1862302748980157e-05,1.2545457237213043e-05,0.0004021221437759745,0.0006109679819440867,3.3901443399848756,0.788866930171278,0.08972068410592177,0.7561157773386036,0.8216757246376811,0.6276679841897234,0.10612433538972371,0.7555555555555558,0.14740554623801777,0.7866666666666668,0.14544949486180953,2.0042830262839466e-05,2484.0,2516.0,1.1027802633335038,0.06342264477109447,2484.0,"[0.0008430369203271392, 0.00036283936233868943, 0.0002341130179560351, 0.00017595148063822053, 0.0005899400308106818, 0.0008154834870198029, 0.0005484370735226741, 0.00021796841201562265, 0.0003400174219757672, 0.0006177303819380393, 0.0005263605257893825, 0.0012664666520270818, 0.0006008687031505963, 0.0004446693376549087, 0.0003099305856321414, 0.0003682066050378429, 0.0003228440291612078, 0.001310551075662287, 0.0005232535927627055, 0.00044184258592687783, 9.685724600124587e-05, 0.0001695707130756347, 0.00041291680778720864, 0.0003839341817063911, 0.0007659569662565412, 0.0003205010489755248, 0.0005057991971151793, 0.00020220181858410726, 0.0008536105089656538, 0.0005131291269811165]","[0.6828063241106719, 0.8290513833992096, 0.9466403162055337, 0.8666007905138341, 0.7855731225296443, 0.6936758893280633, 0.7796442687747036, 0.816205533596838, 0.7984189723320158, 0.757905138339921, 0.8142292490118577, 0.58399209486166, 0.8122529644268776, 0.8547430830039526, 0.8369565217391305, 0.8399209486166009, 0.8201581027667983, 0.6946640316205535, 0.7707509881422924, 0.7628458498023717, 0.9486166007905139, 0.9288537549407114, 0.7915019762845852, 0.8171936758893281, 0.6205533596837945, 0.8547430830039526, 0.6650197628458498, 0.874505928853755, 0.7776679841897233, 0.6403162055335968]","[0.4861660079051383, 0.6758893280632412, 0.8260869565217391, 0.7549407114624506, 0.6205533596837944, 0.4940711462450593, 0.6442687747035574, 0.6442687747035574, 0.6126482213438735, 0.6047430830039525, 0.6284584980237155, 0.42292490118577075, 0.6442687747035574, 0.6996047430830039, 0.6758893280632412, 0.7075098814229249, 0.6758893280632412, 0.5335968379446641, 0.5889328063241107, 0.6047430830039525, 0.8181818181818182, 0.8023715415019763, 0.5968379446640317, 0.6679841897233202, 0.42292490118577075, 0.7075098814229249, 0.4940711462450593, 0.7154150197628459, 0.5968379446640317, 0.46245059288537554]","[0.6666666666666666, 1.0, 1.0, 0.6666666666666666, 0.6666666666666666, 0.6666666666666666, 0.6666666666666666, 0.6666666666666666, 0.6666666666666666, 0.6666666666666666, 0.6666666666666666, 0.6666666666666666, 0.6666666666666666, 0.6666666666666666, 1.0, 1.0, 0.6666666666666666, 0.6666666666666666, 1.0, 1.0, 0.6666666666666666, 1.0, 0.6666666666666666, 0.6666666666666666, 0.6666666666666666, 1.0, 0.6666666666666666, 0.6666666666666666, 0.6666666666666666, 0.6666666666666666]","[0.6, 1.0, 0.8, 1.0, 0.8, 0.8, 0.8, 0.8, 0.6, 0.8, 0.8, 0.8, 0.8, 0.8, 1.0, 0.8, 0.8, 0.6, 0.6, 1.0, 0.8, 1.0, 0.8, 1.0, 0.4, 0.8, 0.8, 0.6, 0.6, 0.8]"
credit,mlp,5000,8,23,b1_uniform,0.0005540304734133349,0.0002078089999893614,2.408828145275369e-05,9.03517391258093e-06,0.0004806169039048089,0.0006305554166146055,3.7353224847654727,0.6983530961791832,0.11201540039019892,0.6572784914361002,0.7368379446640317,0.5378129117259552,0.10042395476123027,0.7777777777777779,0.15713484026367727,0.7200000000000002,0.12220201853215575,1.7027890809680884e-05,0.0,5000.0,0.966637373327588,0.04533177047490819,5000.0,"[0.0005213965362736369, 0.0007057122329559465, 0.0004339663027658117, 0.00039359810895379585, 0.0008498477913400707, 0.000666552961350715, 0.0005572422024370061, 0.0009482788596521932, 0.0004156619858057825, 0.0003058105583937289, 0.0005721800111812354, 0.00035562152775324397, 0.0006157781867303018, 0.00034991023443147384, 0.0006439371921537693, 0.0005348362488705743, 0.000212239881931375, 0.00045373158478956825, 0.0011383185039943462, 0.00046018384509820184, 0.00041090434083522687, 0.0003412605831676454, 0.0006524690132853072, 0.0005982215234306198, 0.000517127705052147, 0.0008694519283632747, 0.0005355884938256782, 0.0002427368720997868, 0.0005437848566444038, 0.0007745641288331745]","[0.7075098814229249, 0.5207509881422925, 0.6126482213438735, 0.808300395256917, 0.5642292490118578, 0.4891304347826087, 0.7924901185770751, 0.3982213438735178, 0.7697628458498025, 0.7401185770750989, 0.7885375494071146, 0.8201581027667983, 0.6294466403162056, 0.7203557312252966, 0.6926877470355731, 0.7835968379446642, 0.8626482213438734, 0.7885375494071146, 0.8349802371541503, 0.8152173913043478, 0.6758893280632412, 0.7875494071146245, 0.774703557312253, 0.6383399209486166, 0.650197628458498, 0.5741106719367589, 0.6600790513833992, 0.7292490118577075, 0.7440711462450592, 0.5770750988142292]","[0.557312252964427, 0.383399209486166, 0.46245059288537554, 0.6205533596837944, 0.42292490118577075, 0.3438735177865613, 0.6758893280632412, 0.2885375494071147, 0.5889328063241107, 0.5889328063241107, 0.6126482213438735, 0.6205533596837944, 0.46245059288537554, 0.5177865612648221, 0.5098814229249012, 0.5968379446640317, 0.7154150197628459, 0.6126482213438735, 0.6442687747035574, 0.6363636363636365, 0.525691699604743, 0.6047430830039525, 0.6047430830039525, 0.4940711462450593, 0.5098814229249012, 0.42292490118577075, 0.4940711462450593, 0.5810276679841897, 0.6126482213438735, 0.42292490118577075]","[0.6666666666666666, 0.6666666666666666, 1.0, 0.6666666666666666, 1.0, 0.6666666666666666, 0.6666666666666666, 0.6666666666666666, 0.6666666666666666, 1.0, 1.0, 0.6666666666666666, 0.6666666666666666, 0.6666666666666666, 0.6666666666666666, 0.6666666666666666, 1.0, 0.6666666666666666, 0.6666666666666666, 0.6666666666666666, 1.0, 1.0, 0.6666666666666666, 1.0, 0.6666666666666666, 0.6666666666666666, 0.6666666666666666, 1.0, 1.0, 0.6666666666666666]","[0.8, 0.4, 0.6, 1.0, 0.6, 0.6, 0.8, 0.6, 0.6, 0.8, 0.8, 0.6, 0.8, 0.8, 0.6, 0.8, 0.8, 0.6, 0.8, 0.6, 0.8, 0.8, 0.8, 0.6, 0.8, 0.6, 0.8, 0.8, 0.8, 0.8]"
credit,mlp,5000,8,23,b2_stratified,0.00014832199245793377,8.601028953888775e-05,6.448782280779729e-06,3.739577806038598e-06,0.00011884688881278981,0.00017947800818250709,1.0,0.9141963109354415,0.03723612754676861,0.9002527997364955,0.9270759222661398,0.7849802371541503,0.05727453213267194,0.7666666666666668,0.1527525231651947,0.8933333333333334,0.1436043948569201,5.808510848413625e-06,0.0,5000.0,0.9887579433328938,0.0708893081857369,5000.0,"[0.00014858974992753302, 3.110640144006834e-05, 0.0001488205088326043, 0.00010091187731524494, 6.403324770433487e-05, 0.0001006735328095994, 0.0004122234780358332, 0.00013142238291685823, 7.992768630619159e-05, 0.00022793208236126746, 0.0002571229901606516, 9.418505632422727e-05, 0.0002109056898070924, 5.4792301934912477e-05, 0.0003420308564842682, 0.00016473060883078828, 7.596420133628438e-05, 6.285850537618971e-05, 0.0001261342556056284, 0.00013764219577925364, 0.00021930072234432367, 0.000133892998616998, 0.00020501047649312576, 6.302536713272143e-05, 0.0001473510704863045, 0.00013874381260410698, 0.0002625348765957256, 7.534278528990907e-05, 9.391858384505083e-05, 0.00013853147104091556]","[0.9130434782608695, 0.9525691699604744, 0.9535573122529646, 0.8992094861660079, 0.9436758893280633, 0.9555335968379446, 0.908102766798419, 0.8270750988142292, 0.9199604743083004, 0.8685770750988143, 0.8992094861660079, 0.9426877470355731, 0.9120553359683794, 0.9604743083003953, 0.8794466403162056, 0.8992094861660079, 0.9565217391304348, 0.9021739130434783, 0.8171936758893281, 0.8754940711462451, 0.8853754940711462, 0.8833992094861661, 0.9426877470355731, 0.9436758893280633, 0.9061264822134387, 0.8982213438735178, 0.9268774703557312, 0.9367588932806324, 0.9486166007905139, 0.9683794466403162]","[0.7628458498023716, 0.8498023715415021, 0.8260869565217391, 0.7707509881422926, 0.857707509881423, 0.8656126482213439, 0.7707509881422926, 0.6758893280632412, 0.7786561264822134, 0.7549407114624506, 0.7549407114624506, 0.841897233201581, 0.7628458498023716, 0.8656126482213439, 0.7470355731225297, 0.7628458498023716, 0.857707509881423, 0.7628458498023716, 0.6600790513833992, 0.7233201581027668, 0.7470355731225297, 0.7075098814229249, 0.8181818181818182, 0.8260869565217391, 0.7628458498023716, 0.7154150197628459, 0.7786561264822134, 0.8181818181818182, 0.8498023715415021, 0.8735177865612648]","[0.6666666666666666, 1.0, 0.6666666666666666, 0.6666666666666666, 0.6666666666666666, 0.6666666666666666, 0.6666666666666666, 1.0, 1.0, 0.6666666666666666, 0.6666666666666666, 0.6666666666666666, 0.6666666666666666, 1.0, 0.6666666666666666, 0.6666666666666666, 0.6666666666666666, 1.0, 0.6666666666666666, 0.6666666666666666, 1.0, 0.6666666666666666, 0.6666666666666666, 1.0, 0.6666666666666666, 0.6666666666666666, 1.0, 0.6666666666666666, 0.6666666666666666, 1.0]","[1.0, 1.0, 1.0, 1.0, 1.0, 1.0, 0.8, 0.6, 0.8, 1.0, 1.0, 1.0, 0.6, 1.0, 0.8, 1.0, 1.0, 0.8, 1.0, 1.0, 0.8, 0.6, 0.8, 1.0, 0.6, 1.0, 0.8, 1.0, 1.0, 0.8]"
credit,mlp,5000,8,23,b3_is,5.137924799998179e-05,2.191934277829839e-05,2.233880347825295e-06,9.530149034042778e-07,4.359410105083761e-05,6.013438232116458e-05,0.3464034372013555,0.957608695652174,0.016157158911865567,0.9511849472990778,0.9629776021080368,0.8579710144927536,0.032174549678132464,0.7333333333333336,0.13333333333333333,0.92,0.09797958971132711,1.8980068957985778e-06,0.0,5000.0,1.0901285766682123,0.057847034201730416,5000.0,"[9.409414950431077e-05, 3.140104122249155e-05, 4.974886391072665e-05, 2.891144910883208e-05, 5.210716635740202e-05, 3.450532680018339e-05, 3.900894730296379e-05, 7.73689816592176e-05, 5.161092472842303e-05, 7.243767285581512e-05, 4.816439175114336e-05, 3.38950292316987e-05, 8.213731170880565e-05, 2.5432335908143867e-05, 3.399821315452177e-05, 2.0337877055805964e-05, 6.697913608484479e-05, 4.6215268195733726e-05, 5.060597020544472e-05, 2.81362008579342e-05, 4.5636633993647845e-05, 3.796734318213502e-05, 4.793879853073268e-05, 5.277883277974536e-05, 6.711172314960296e-05, 7.594871839237524e-05, 5.236113524136496e-05, 0.00011827359837798117, 2.79134636167908e-05, 4.8350935130634734e-05]","[0.9575098814229249, 0.9752964426877472, 0.950592885375494, 0.9555335968379446, 0.9565217391304348, 0.9693675889328063, 0.9476284584980237, 0.9446640316205533, 0.9614624505928853, 0.9258893280632412, 0.958498023715415, 0.9436758893280633, 0.9565217391304348, 0.9762845849802372, 0.9733201581027668, 0.9792490118577075, 0.9594861660079053, 0.8992094861660079, 0.9654150197628459, 0.9634387351778656, 0.958498023715415, 0.9683794466403162, 0.9456521739130436, 0.9525691699604744, 0.9575098814229249, 0.9515810276679842, 0.9851778656126482, 0.9565217391304348, 0.9703557312252965, 0.9624505928853755]","[0.8656126482213439, 0.8893280632411068, 0.8260869565217391, 0.857707509881423, 0.83399209486166, 0.8735177865612648, 0.83399209486166, 0.8181818181818182, 0.857707509881423, 0.8102766798418973, 0.8498023715415021, 0.857707509881423, 0.8735177865612648, 0.9051383399209486, 0.8893280632411068, 0.8972332015810277, 0.841897233201581, 0.7707509881422926, 0.8498023715415021, 0.8735177865612648, 0.857707509881423, 0.9051383399209486, 0.83399209486166, 0.857707509881423, 0.841897233201581, 0.83399209486166, 0.9288537549407115, 0.841897233201581, 0.8972332015810277, 0.8656126482213439]","[0.6666666666666666, 0.6666666666666666, 0.6666666666666666, 1.0, 0.6666666666666666, 1.0, 0.6666666666666666, 0.6666666666666666, 0.6666666666666666, 0.6666666666666666, 0.6666666666666666, 0.6666666666666666, 0.6666666666666666, 0.6666666666666666, 1.0, 1.0, 0.6666666666666666, 0.6666666666666666, 0.6666666666666666, 1.0, 0.6666666666666666, 1.0, 0.6666666666666666, 0.6666666666666666, 0.6666666666666666, 0.6666666666666666, 0.6666666666666666, 0.6666666666666666, 0.6666666666666666, 0.6666666666666666]","[1.0, 1.0, 0.8, 0.8, 1.0, 1.0, 0.8, 0.8, 0.8, 0.8, 0.8, 1.0, 0.8, 1.0, 1.0, 1.0, 1.0, 1.0, 1.0, 1.0, 0.8, 1.0, 0.8, 1.0, 0.8, 1.0, 1.0, 0.8, 1.0, 1.0]"
credit,mlp,5000,8,23,b4_antithetic,0.00019083167268488347,3.029346031947053e-05,8.297029247168847e-06,1.3171069704117621e-06,0.00017919010902273867,0.00020172067081672545,1.2866040262977592,0.8566864295125165,0.030941619448272287,0.8461750658761529,0.8674580039525691,0.7122529644268775,0.03799952117177414,0.9111111111111112,0.14740554623801783,0.8133333333333336,0.04988876515698586,1.6988784983702657e-06,0.0,5000.0,0.955010623325749,0.0778404014646696,5000.0,"[0.00023949849160834896, 0.00018624654690621668, 0.00019980718432558377, 0.0001610478177819703, 0.00020898540304803686, 0.00015232103244901954, 0.0001890888772004796, 0.00019969853666562275, 0.00019835213033293837, 0.00015164558813223758, 0.00016833194753439085, 0.00017110858629824382, 0.0001691236980884123, 0.0001616025308505973, 0.00020443828987117552, 0.00012767937414366997, 0.00019353098230842451, 0.000248647559971024, 0.00020016016281503232, 0.00019514772827552816, 0.00021456625587932374, 0.00014020383421716406, 0.0002113551013780913, 0.00019144731302161698, 0.00023207988722563714, 0.00018807460439864606, 0.00019186473960571235, 0.00015625451869266788, 0.0002252471775026904, 0.0002473942800180007]","[0.8685770750988143, 0.83300395256917, 0.9100790513833993, 0.8577075098814229, 0.8626482213438734, 0.9110671936758895, 0.8418972332015809, 0.8488142292490118, 0.8537549407114625, 0.9140316205533597, 0.8547430830039526, 0.8458498023715416, 0.8606719367588934, 0.8399209486166009, 0.8695652173913043, 0.9100790513833993, 0.8468379446640316, 0.8577075098814229, 0.8774703557312253, 0.8606719367588934, 0.849802371541502, 0.8725296442687748, 0.8359683794466403, 0.8448616600790515, 0.7855731225296443, 0.8873517786561266, 0.8063241106719368, 0.8774703557312253, 0.8063241106719368, 0.8092885375494071]","[0.7075098814229249, 0.6996047430830039, 0.7865612648221344, 0.7075098814229249, 0.7154150197628459, 0.7707509881422926, 0.7075098814229249, 0.7154150197628459, 0.6758893280632412, 0.7944664031620553, 0.7075098814229249, 0.7075098814229249, 0.7154150197628459, 0.6837944664031621, 0.7312252964426879, 0.7707509881422926, 0.7075098814229249, 0.7075098814229249, 0.7312252964426879, 0.7391304347826086, 0.6837944664031621, 0.7233201581027668, 0.7154150197628459, 0.6758893280632412, 0.6363636363636365, 0.7312252964426879, 0.6600790513833992, 0.7549407114624506, 0.6442687747035574, 0.6600790513833992]","[1.0, 1.0, 1.0, 1.0, 1.0, 0.6666666666666666, 1.0, 1.0, 0.6666666666666666, 1.0, 1.0, 1.0, 0.6666666666666666, 1.0, 1.0, 1.0, 1.0, 1.0, 1.0, 1.0, 0.6666666666666666, 1.0, 1.0, 0.6666666666666666, 1.0, 0.6666666666666666, 0.6666666666666666, 1.0, 0.6666666666666666, 1.0]","[0.8, 0.8, 0.8, 0.8, 0.8, 0.8, 0.8, 0.8, 0.8, 0.8, 0.8, 0.8, 0.8, 0.8, 0.8, 0.8, 0.8, 0.8, 0.8, 0.8, 1.0, 0.8, 0.8, 1.0, 0.8, 0.8, 0.8, 0.8, 0.8, 0.8]"
credit,mlp,5000,9,23,abc_shap,0.0005311327784443667,0.0003193128868909664,2.3092729497581163e-05,1.3883168995259409e-05,0.0004192305453216898,0.0006523126785608241,8.41065161390466,0.8095520421607377,0.08792020996977994,0.7770932147562583,0.8402503293807642,0.6592885375494072,0.10253038581723521,0.8000000000000002,0.18459164139817943,0.6800000000000002,0.09797958971132714,2.1590946889463307e-05,2484.0,2516.0,1.1086946833354887,0.05667302807282581,2484.0,"[0.0007466364681751203, 0.0002709923823739153, 0.0011526383103495855, 0.00038548139036602376, 0.0002063338400398755, 0.0012131743392791085, 0.00014980821819446976, 0.0010367490408188073, 0.001112894131140901, 0.0006174177389760243, 0.0006190802962354276, 0.0005117662300668411, 0.000774702000648263, 0.0007332110979814412, 0.0004905601458866544, 0.0009582053050408442, 0.0004888240854968832, 0.00019349370395376725, 0.00017041776406704912, 0.00011510730275998103, 0.00020165723918948004, 0.0003071533421761729, 0.0006358086720422858, 0.000223076472942603, 0.00045276934963379186, 0.00022730112359780355, 0.00041369198670232645, 0.0002297388194604934, 0.0007297950135521516, 0.0005654975421829125]","[0.7598814229249011, 0.9377470355731227, 0.7569169960474308, 0.9268774703557312, 0.8596837944664032, 0.6146245059288538, 0.9239130434782609, 0.7776679841897233, 0.6650197628458498, 0.8300395256916996, 0.7964426877470356, 0.7213438735177865, 0.7816205533596838, 0.7312252964426879, 0.7391304347826088, 0.7104743083003953, 0.6739130434782609, 0.8715415019762847, 0.9110671936758895, 0.8883399209486167, 0.8972332015810277, 0.8211462450592886, 0.8300395256916996, 0.882411067193676, 0.7865612648221343, 0.9189723320158102, 0.8537549407114625, 0.9130434782608695, 0.8122529644268776, 0.6936758893280633]","[0.6126482213438735, 0.83399209486166, 0.5968379446640317, 0.8102766798418973, 0.7233201581027668, 0.44664031620553357, 0.8023715415019763, 0.6126482213438735, 0.5019762845849802, 0.6679841897233202, 0.6442687747035574, 0.541501976284585, 0.5810276679841897, 0.6047430830039525, 0.5335968379446641, 0.541501976284585, 0.5335968379446641, 0.7549407114624506, 0.7470355731225297, 0.7628458498023716, 0.7549407114624506, 0.6758893280632412, 0.7075098814229249, 0.7154150197628459, 0.6442687747035574, 0.7786561264822134, 0.691699604743083, 0.7865612648221344, 0.6363636363636365, 0.5335968379446641]","[0.6666666666666666, 1.0, 0.3333333333333333, 0.6666666666666666, 1.0, 0.6666666666666666, 1.0, 0.6666666666666666, 0.6666666666666666, 0.6666666666666666, 0.6666666666666666, 1.0, 0.6666666666666666, 0.6666666666666666, 0.6666666666666666, 0.6666666666666666, 1.0, 1.0, 1.0, 1.0, 1.0, 0.6666666666666666, 0.6666666666666666, 1.0, 0.6666666666666666, 1.0, 0.6666666666666666, 1.0, 0.6666666666666666, 1.0]","[0.6, 0.8, 0.6, 0.8, 0.8, 0.6, 0.8, 0.6, 0.6, 0.6, 0.8, 0.6, 0.6, 0.6, 0.8, 0.6, 0.8, 0.6, 0.6, 0.8, 0.8, 0.6, 0.8, 0.6, 0.6, 0.8, 0.6, 0.6, 0.6, 0.8]"
credit,mlp,5000,9,23,b1_uniform,0.000328587612314931,0.0001376510584921775,1.428641792673613e-05,5.9848286300946735e-06,0.0002914314177271858,0.0003886542809858472,5.20328634192011,0.7973649538866929,0.04206356142793178,0.7809914361001317,0.8125535243741767,0.619235836627141,0.046233609308893656,0.9444444444444444,0.12422599874998834,0.6933333333333336,0.11234866364235148,4.576920894572041e-06,0.0,5000.0,0.978494620003039,0.092774802290496,5000.0,"[0.0002546077050954977, 0.00024086654781987142, 0.00033975421691930966, 0.00029574177448250566, 0.0002185023139948047, 0.00032763913317317947, 0.000372765529516862, 0.00029362060555749095, 0.00024825779379003066, 0.0003410597595926666, 0.00022516048320133565, 0.0003415362487959964, 0.0010114408511177262, 0.00034579842362685324, 0.00022900608370517227, 0.0002509011656553553, 0.00030621955972726957, 0.00035433588417726076, 0.00032684531244448893, 0.00036352232188128434, 0.00029453985746443124, 0.0004421413108287771, 0.0003748370587589281, 0.0002936137628084647, 0.0003428261934911244, 0.0002673510961554999, 0.00024187422848917072, 0.0002810572599033485, 0.00036541897280540687, 0.0002663869144678164]","[0.8448616600790515, 0.8043478260869565, 0.83300395256917, 0.7648221343873517, 0.8379446640316206, 0.8537549407114625, 0.7766798418972332, 0.8438735177865613, 0.8725296442687748, 0.7845849802371542, 0.8537549407114625, 0.7608695652173914, 0.6936758893280633, 0.7954545454545455, 0.8418972332015809, 0.8260869565217392, 0.7816205533596838, 0.8122529644268776, 0.8152173913043478, 0.7322134387351779, 0.7954545454545455, 0.7371541501976284, 0.7766798418972332, 0.7480237154150197, 0.775691699604743, 0.7885375494071146, 0.8468379446640316, 0.7549407114624507, 0.7687747035573124, 0.7994071146245059]","[0.6600790513833992, 0.6205533596837944, 0.6600790513833992, 0.6047430830039525, 0.6600790513833992, 0.6758893280632412, 0.5731225296442688, 0.6600790513833992, 0.7154150197628459, 0.5889328063241107, 0.6758893280632412, 0.5810276679841897, 0.5177865612648221, 0.6205533596837944, 0.6758893280632412, 0.6521739130434783, 0.6284584980237155, 0.6521739130434783, 0.6442687747035574, 0.5652173913043478, 0.5968379446640317, 0.5889328063241107, 0.6126482213438735, 0.557312252964427, 0.5652173913043478, 0.6205533596837944, 0.6758893280632412, 0.5652173913043478, 0.5652173913043478, 0.5968379446640317]","[1.0, 1.0, 1.0, 0.6666666666666666, 1.0, 1.0, 1.0, 1.0, 1.0, 0.6666666666666666, 1.0, 1.0, 0.6666666666666666, 1.0, 1.0, 1.0, 1.0, 0.6666666666666666, 1.0, 1.0, 1.0, 1.0, 1.0, 1.0, 1.0, 1.0, 1.0, 1.0, 0.6666666666666666, 1.0]","[0.8, 0.6, 0.6, 1.0, 0.8, 0.6, 0.8, 0.6, 0.8, 0.6, 0.8, 0.8, 0.6, 0.8, 0.6, 0.6, 0.8, 0.8, 0.6, 0.6, 0.6, 0.8, 0.8, 0.6, 0.6, 0.6, 0.6, 0.6, 0.8, 0.6]"
credit,mlp,5000,9,23,b2_stratified,6.31500153408194e-05,3.0842128824741545e-05,2.7456528409051913e-06,1.3409621228148497e-06,5.304137309649894e-05,7.535891870131468e-05,1.0,0.9562582345191041,0.01945065227779272,0.9487483530961792,0.963143115942029,0.8595520421607379,0.0392444982303352,1.0,0.0,0.7666666666666669,0.13743685418725538,2.5916538531163483e-06,0.0,5000.0,1.0137603666594563,0.16974801766079942,5000.0,"[5.513134374139387e-05, 0.00010722805416592595, 6.207181130041187e-05, 9.837560418961745e-05, 3.135652306312283e-05, 1.743629312548142e-05, 3.346909388137587e-05, 0.00011317747302261728, 4.1651088597072277e-05, 3.271684702309798e-05, 0.0001334074075438169, 9.90338900081153e-05, 0.00011136179074000605, 2.2268561074457976e-05, 4.15635731853483e-05, 7.01309174045837e-05, 4.512214026802986e-05, 3.550819004079948e-05, 0.00011390181290258988, 5.109594519929891e-05, 4.0897070905859754e-05, 4.035647931781831e-05, 4.863050029312627e-05, 4.574348797849565e-05, 7.45755882311558e-05, 8.645226323505825e-05, 7.919723624910568e-05, 6.424080638235173e-05, 5.243949661987857e-05, 4.595917053456895e-05]","[0.958498023715415, 0.9594861660079053, 0.9515810276679842, 0.9199604743083004, 0.9713438735177865, 0.974308300395257, 0.9851778656126482, 0.9426877470355731, 0.9545454545454547, 0.9486166007905139, 0.950592885375494, 0.9555335968379446, 0.9051383399209486, 0.9723320158102767, 0.9752964426877472, 0.9901185770750988, 0.9822134387351777, 0.9752964426877472, 0.941699604743083, 0.9644268774703558, 0.9476284584980237, 0.9545454545454547, 0.9525691699604744, 0.9515810276679842, 0.9575098814229249, 0.9209486166007905, 0.9308300395256918, 0.9723320158102767, 0.9733201581027668, 0.9476284584980237]","[0.8814229249011858, 0.8498023715415021, 0.857707509881423, 0.8102766798418973, 0.8893280632411068, 0.8972332015810277, 0.9209486166007905, 0.841897233201581, 0.857707509881423, 0.8181818181818182, 0.8260869565217391, 0.83399209486166, 0.7628458498023716, 0.8893280632411068, 0.8893280632411068, 0.9446640316205535, 0.9051383399209486, 0.8893280632411068, 0.841897233201581, 0.8735177865612648, 0.857707509881423, 0.8656126482213439, 0.8735177865612648, 0.8498023715415021, 0.8656126482213439, 0.7944664031620553, 0.8023715415019763, 0.8814229249011858, 0.8972332015810277, 0.8181818181818182]","[1.0, 1.0, 1.0, 1.0, 1.0, 1.0, 1.0, 1.0, 1.0, 1.0, 1.0, 1.0, 1.0, 1.0, 1.0, 1.0, 1.0, 1.0, 1.0, 1.0, 1.0, 1.0, 1.0, 1.0, 1.0, 1.0, 1.0, 1.0, 1.0, 1.0]","[0.8, 0.6, 0.8, 0.6, 1.0, 0.8, 0.8, 0.8, 0.6, 0.8, 0.6, 0.6, 0.6, 0.8, 0.8, 1.0, 0.8, 1.0, 1.0, 0.8, 1.0, 0.8, 0.6, 0.8, 0.6, 0.6, 0.8, 0.6, 0.8, 0.8]"
credit,mlp,5000,9,23,b3_is,2.8139010001454634e-05,1.5044606072865474e-05,1.2234352174545492e-06,6.541133075158902e-07,2.3345031210927466e-05,3.377708559452875e-05,0.445589915530328,0.9735507246376809,0.01701725882728766,0.9671590909090908,0.9790538537549406,0.9043478260869566,0.029034573394793622,1.0,0.0,0.8133333333333336,0.08844332774281065,1.1122947479816083e-06,0.0,5000.0,1.1102359333308414,0.07487612277229647,5000.0,"[1.56120776758148e-05, 2.3650155708620472e-05, 1.9271681427633483e-05, 2.332670046913711e-05, 3.046257159429816e-05, 2.3122999112566856e-05, 2.9546817388911952e-05, 4.2142594635236074e-05, 1.2370895332136027e-05, 3.0541560598420256e-05, 3.285758912398841e-05, 2.98184913151482e-05, 2.251790696713454e-05, 2.3258267457984715e-05, 8.415062958571631e-06, 3.265581131058307e-05, 1.8363575147119943e-05, 7.601802910596291e-05, 2.6193232212134407e-05, 1.9665741112355427e-05, 8.998917009742537e-06, 1.5312600071119884e-05, 2.9558331204044612e-05, 2.6252275115381857e-05, 3.930596369038415e-05, 5.2793690728213295e-05, 4.20005899353706e-05, 1.748329104953975e-05, 6.246138301329135e-05, 1.0191497572792743e-05]","[0.9733201581027668, 0.9723320158102767, 0.983201581027668, 0.9861660079051384, 0.9861660079051384, 0.9713438735177865, 0.9594861660079053, 0.941699604743083, 0.9782608695652174, 0.9673913043478262, 0.9752964426877472, 0.9812252964426879, 0.9812252964426879, 0.9792490118577075, 0.9891304347826088, 0.9683794466403162, 0.9822134387351777, 0.9693675889328063, 0.9802371541501977, 0.9654150197628459, 0.9792490118577075, 0.9901185770750988, 0.9822134387351777, 0.9891304347826088, 0.9881422924901186, 0.950592885375494, 0.9871541501976285, 0.9733201581027668, 0.9041501976284586, 0.9713438735177865]","[0.8972332015810277, 0.8893280632411068, 0.9130434782608695, 0.9288537549407115, 0.9288537549407115, 0.8972332015810277, 0.8893280632411068, 0.8656126482213439, 0.9130434782608695, 0.8814229249011858, 0.9051383399209486, 0.9209486166007905, 0.9051383399209486, 0.8972332015810277, 0.9446640316205535, 0.8814229249011858, 0.9130434782608695, 0.8893280632411068, 0.9209486166007905, 0.8972332015810277, 0.8972332015810277, 0.9525691699604742, 0.9288537549407115, 0.9288537549407115, 0.9367588932806324, 0.8735177865612648, 0.9288537549407115, 0.9051383399209486, 0.7944664031620553, 0.9051383399209486]","[1.0, 1.0, 1.0, 1.0, 1.0, 1.0, 1.0, 1.0, 1.0, 1.0, 1.0, 1.0, 1.0, 1.0, 1.0, 1.0, 1.0, 1.0, 1.0, 1.0, 1.0, 1.0, 1.0, 1.0, 1.0, 1.0, 1.0, 1.0, 1.0, 1.0]","[0.8, 0.8, 0.8, 0.8, 0.6, 0.8, 0.8, 0.8, 0.8, 0.8, 0.8, 0.8, 0.8, 0.8, 0.8, 0.8, 0.8, 0.8, 0.8, 1.0, 0.6, 1.0, 0.8, 0.8, 1.0, 0.8, 0.8, 0.8, 0.8, 1.0]"
credit,mlp,5000,9,23,b4_antithetic,0.00023387956601723977,2.518592163539727e-05,1.016867678335825e-05,1.0950400711042292e-06,0.00022472341769795803,0.0002426478651269723,3.703555173423099,0.8337285902503294,0.016053249376204844,0.82733860342556,0.8390670289855073,0.6606060606060605,0.025405999037036008,1.0,0.0,0.6133333333333334,0.049888765156985884,3.562247147180111e-07,0.0,5000.0,0.9738995800008221,0.08109370883247827,5000.0,"[0.0002501390846542036, 0.00016531065728167386, 0.0002110444983843639, 0.00024118126674587334, 0.00023936128563531992, 0.0002556175661169886, 0.00016653283884072298, 0.00022428596375411922, 0.00024461066165138047, 0.00024714182556108205, 0.0002143261080206931, 0.00021777050566257106, 0.0001854524660783431, 0.0002655974057827237, 0.00023987812418630144, 0.00023930093618658308, 0.0002468875844493823, 0.00021464075230263782, 0.00025636606798735837, 0.00025594035647883416, 0.00023776430210012924, 0.00023082877446690305, 0.00023812780730278526, 0.00022927745271324448, 0.00026274443450836584, 0.00023352701271588805, 0.00025594852489035247, 0.00023414386480277236, 0.00024973801340677764, 0.0002629008378488188]","[0.8458498023715416, 0.8626482213438734, 0.8507905138339922, 0.8438735177865613, 0.8567193675889329, 0.8428853754940712, 0.8300395256916996, 0.8359683794466403, 0.8280632411067194, 0.8280632411067194, 0.8409090909090908, 0.8379446640316206, 0.83399209486166, 0.7865612648221343, 0.8260869565217392, 0.8399209486166009, 0.8310276679841897, 0.8636363636363636, 0.8102766798418973, 0.825098814229249, 0.8409090909090908, 0.8102766798418973, 0.8280632411067194, 0.8389328063241107, 0.8290513833992096, 0.8201581027667983, 0.8349802371541503, 0.8428853754940712, 0.8399209486166009, 0.8063241106719368]","[0.6758893280632412, 0.691699604743083, 0.7154150197628459, 0.6679841897233202, 0.6996047430830039, 0.6600790513833992, 0.6442687747035574, 0.6758893280632412, 0.6363636363636365, 0.6442687747035574, 0.6837944664031621, 0.6679841897233202, 0.6758893280632412, 0.6047430830039525, 0.6521739130434783, 0.6758893280632412, 0.6600790513833992, 0.7154150197628459, 0.6205533596837944, 0.6521739130434783, 0.6679841897233202, 0.6363636363636365, 0.6442687747035574, 0.6600790513833992, 0.6521739130434783, 0.6363636363636365, 0.6521739130434783, 0.6600790513833992, 0.6679841897233202, 0.6205533596837944]","[1.0, 1.0, 1.0, 1.0, 1.0, 1.0, 1.0, 1.0, 1.0, 1.0, 1.0, 1.0, 1.0, 1.0, 1.0, 1.0, 1.0, 1.0, 1.0, 1.0, 1.0, 1.0, 1.0, 1.0, 1.0, 1.0, 1.0, 1.0, 1.0, 1.0]","[0.6, 0.6, 0.6, 0.6, 0.6, 0.6, 0.8, 0.6, 0.6, 0.6, 0.8, 0.6, 0.6, 0.6, 0.6, 0.6, 0.6, 0.6, 0.6, 0.6, 0.6, 0.6, 0.6, 0.6, 0.6, 0.6, 0.6, 0.6, 0.6, 0.6]"
