dataset,model,n_budget,instance_idx,M,method,mse,mse_std,mse_norm,mse_norm_std,mse_ci_lower,mse_ci_upper,mse_ratio_b2,spearman_mean,spearman_std,spearman_ci_lower,spearman_ci_upper,kendall_mean,kendall_std,top3_mean,top3_std,top5_mean,top5_std,variance,n_exploration,n_estimation,time_mean,time_std,n_coal_final,mse_per_run,spearman_per_run,kendall_per_run,top3_per_run,top5_per_run
credit,ridge,1000,0,23,abc_shap,0.0003936526797698313,0.0003277349225698047,1.7115333903036142e-05,1.4249344459556727e-05,0.00028112582712586,0.0005164996844015148,3.4278589433481748,0.9415019762845849,0.04597457014199461,0.9234132081686429,0.9566872529644268,0.8445322793148881,0.07577762236916155,0.9888888888888888,0.059835164523716726,0.94,0.09165151389911678,1.662473013526453e-05,828.0,172.0,0.1675236699966869,0.06963328633965811,828.0,"[0.0006888830919626695, 0.00018342956439261439, 0.0004070973575802328, 0.0005719978204976669, 0.00031376664644711745, 9.145506797756418e-05, 0.00031626628624343986, 0.00013383140085550756, 0.0010648612273037967, 0.0002473324848721494, 0.0001897683172748271, 0.0006218958469153264, 0.0003291488075896921, 0.0014037132531397815, 0.0001558723309439416, 0.00012007206901129043, 0.0003119058980064904, 0.000630372009908584, 0.0001526139183122624, 0.0001659733520098516, 9.800126976087772e-05, 6.820338952274174e-05, 0.00010379386636380815, 0.0008171792483588897, 0.0010256793483444367, 0.0002021251767795806, 0.0003203835311414339, 0.0005950365041342755, 0.00030032122654979426, 0.00017860008089429357]","[0.9397233201581027, 0.9456521739130436, 0.9179841897233202, 0.8774703557312253, 0.9575098814229249, 0.9871541501976285, 0.9762845849802372, 0.9407114624505929, 0.9031620553359685, 0.950592885375494, 0.9664031620553359, 0.9308300395256918, 0.9654150197628459, 0.8547430830039526, 0.9693675889328063, 0.9851778656126482, 0.9812252964426879, 0.9239130434782609, 0.9841897233201581, 0.958498023715415, 0.991106719367589, 0.9545454545454547, 0.9822134387351777, 0.8626482213438734, 0.8596837944664032, 0.9772727272727272, 0.974308300395257, 0.8092885375494071, 0.974308300395257, 0.9436758893280633]","[0.8102766798418973, 0.8498023715415021, 0.7944664031620553, 0.7707509881422926, 0.841897233201581, 0.9367588932806324, 0.9051383399209486, 0.83399209486166, 0.7865612648221344, 0.841897233201581, 0.8735177865612648, 0.841897233201581, 0.8893280632411068, 0.6837944664031621, 0.8972332015810277, 0.9209486166007905, 0.9130434782608695, 0.7944664031620553, 0.9288537549407115, 0.857707509881423, 0.9446640316205535, 0.841897233201581, 0.9288537549407115, 0.7075098814229249, 0.7233201581027668, 0.9051383399209486, 0.9051383399209486, 0.6600790513833992, 0.9051383399209486, 0.841897233201581]","[1.0, 1.0, 1.0, 1.0, 1.0, 1.0, 1.0, 1.0, 1.0, 1.0, 1.0, 1.0, 1.0, 1.0, 1.0, 1.0, 1.0, 1.0, 1.0, 1.0, 1.0, 1.0, 1.0, 0.6666666666666666, 1.0, 1.0, 1.0, 1.0, 1.0, 1.0]","[0.8, 1.0, 1.0, 1.0, 1.0, 1.0, 0.8, 0.8, 0.8, 1.0, 1.0, 0.8, 1.0, 0.8, 1.0, 1.0, 1.0, 0.8, 1.0, 1.0, 1.0, 1.0, 1.0, 1.0, 1.0, 0.8, 1.0, 1.0, 0.8, 1.0]"
credit,ridge,1000,0,23,b1_uniform,1.688432432399484e-05,1.1324766786527069e-05,7.341010575649931e-07,4.923811646316117e-07,1.3359216788195783e-05,2.1581435763341263e-05,0.14702575420098138,0.984683794466403,0.008874045953805124,0.9815217391304351,0.9875494071146244,0.9314888010540184,0.02312243580340481,1.0,0.0,1.0,0.0,6.912349114197642e-07,0.0,1000.0,0.12834942333962923,0.03916513349711917,1000.0,"[9.784455210837669e-06, 9.082281775708007e-06, 1.7657422987712236e-05, 1.4907412150878731e-05, 9.907519180778003e-06, 1.8896081067941578e-05, 8.994865315501348e-06, 5.337070257797729e-06, 1.2617353630723303e-05, 1.5641997554698074e-05, 9.81004743042387e-06, 1.4562315984533375e-05, 1.3679065701533536e-05, 1.0849207350216162e-05, 1.659859275264355e-05, 1.644046135716779e-05, 1.7372609468879247e-05, 4.976547536415e-05, 1.745911803498453e-05, 2.9840107377392197e-05, 1.5743922094705026e-05, 8.529048795938662e-06, 5.894061499077394e-05, 9.767886367114811e-06, 1.4166013263921646e-05, 8.908060905637511e-06, 1.898334545748236e-05, 2.7234689662391273e-05, 1.3095870468312083e-05, 1.195681775906694e-05]","[0.9861660079051384, 0.9802371541501977, 0.9930830039525691, 0.9812252964426879, 0.9851778656126482, 0.9841897233201581, 0.991106719367589, 0.9940711462450593, 0.9802371541501977, 0.9772727272727272, 0.9920948616600791, 0.9861660079051384, 0.9871541501976285, 0.9901185770750988, 0.9891304347826088, 0.9733201581027668, 0.9822134387351777, 0.9920948616600791, 0.9901185770750988, 0.9555335968379446, 0.9950592885375494, 0.9851778656126482, 0.9594861660079053, 0.9901185770750988, 0.9861660079051384, 0.9871541501976285, 0.9792490118577075, 0.9881422924901186, 0.9901185770750988, 0.9891304347826088]","[0.9367588932806324, 0.9209486166007905, 0.9525691699604742, 0.9288537549407115, 0.9367588932806324, 0.9209486166007905, 0.9446640316205535, 0.9683794466403163, 0.9130434782608695, 0.9209486166007905, 0.9446640316205535, 0.9367588932806324, 0.9367588932806324, 0.9446640316205535, 0.9367588932806324, 0.9051383399209486, 0.9209486166007905, 0.9446640316205535, 0.9525691699604742, 0.8656126482213439, 0.9683794466403163, 0.9367588932806324, 0.857707509881423, 0.9367588932806324, 0.9288537549407115, 0.9367588932806324, 0.9288537549407115, 0.9367588932806324, 0.9367588932806324, 0.9446640316205535]","[1.0, 1.0, 1.0, 1.0, 1.0, 1.0, 1.0, 1.0, 1.0, 1.0, 1.0, 1.0, 1.0, 1.0, 1.0, 1.0, 1.0, 1.0, 1.0, 1.0, 1.0, 1.0, 1.0, 1.0, 1.0, 1.0, 1.0, 1.0, 1.0, 1.0]","[1.0, 1.0, 1.0, 1.0, 1.0, 1.0, 1.0, 1.0, 1.0, 1.0, 1.0, 1.0, 1.0, 1.0, 1.0, 1.0, 1.0, 1.0, 1.0, 1.0, 1.0, 1.0, 1.0, 1.0, 1.0, 1.0, 1.0, 1.0, 1.0, 1.0]"
credit,ridge,1000,0,23,b2_stratified,0.00011483922946529692,8.342410841306931e-05,4.99300997675204e-06,3.627135148394318e-06,8.668466815010278e-05,0.00014596761809850176,1.0,0.9916007905138341,0.00830568718940035,0.9881422924901186,0.9942366600790518,0.9612648221343874,0.025440138641027257,1.0,0.0,1.0,0.0,4.880000950736309e-06,0.0,1000.0,0.12413493000009718,0.019882454271630903,1000.0,"[2.2835131170115128e-05, 0.0002995550216727949, 2.0737699678814003e-05, 2.3606994698078375e-05, 0.0001458454540820305, 1.259667768376861e-05, 9.303223721294518e-05, 0.0001210974006843678, 4.571808018553331e-05, 6.92138301301148e-05, 0.00023035995549775575, 3.341183633746306e-05, 5.6565175956418874e-05, 0.0001992911212334849, 0.00015231133122096, 0.00020633276313955216, 0.00029145556358110505, 4.779559389597219e-05, 0.00017641603644013876, 5.0713129884363736e-05, 9.274078118807626e-05, 6.329149036098225e-05, 0.00022895784154262593, 0.00015691151019462383, 6.773611301491393e-05, 0.00014081741022528192, 0.0001398250016056148, 3.962989688440303e-06, 0.00020464858014307004, 4.7394131609502065e-05]","[0.9950592885375494, 0.9920948616600791, 0.9901185770750988, 0.9950592885375494, 0.9980237154150198, 0.9950592885375494, 0.9871541501976285, 0.9920948616600791, 0.9693675889328063, 0.9930830039525691, 0.9950592885375494, 0.9980237154150198, 0.9970355731225298, 0.9980237154150198, 0.9940711462450593, 0.9871541501976285, 0.9634387351778656, 0.9990118577075099, 0.9960474308300397, 0.9970355731225298, 0.9891304347826088, 0.9980237154150198, 0.9812252964426879, 0.9950592885375494, 0.9960474308300397, 0.9792490118577075, 0.9990118577075099, 0.9970355731225298, 0.991106719367589, 0.9901185770750988]","[0.9683794466403163, 0.9604743083003953, 0.9525691699604742, 0.9683794466403163, 0.9841897233201582, 0.9683794466403163, 0.9525691699604742, 0.9604743083003953, 0.9209486166007905, 0.9683794466403163, 0.9762845849802372, 0.9841897233201582, 0.9762845849802372, 0.9841897233201582, 0.9683794466403163, 0.9446640316205535, 0.8735177865612648, 0.992094861660079, 0.9762845849802372, 0.9762845849802372, 0.9446640316205535, 0.9841897233201582, 0.9209486166007905, 0.9683794466403163, 0.9683794466403163, 0.9209486166007905, 0.992094861660079, 0.9841897233201582, 0.9446640316205535, 0.9525691699604742]","[1.0, 1.0, 1.0, 1.0, 1.0, 1.0, 1.0, 1.0, 1.0, 1.0, 1.0, 1.0, 1.0, 1.0, 1.0, 1.0, 1.0, 1.0, 1.0, 1.0, 1.0, 1.0, 1.0, 1.0, 1.0, 1.0, 1.0, 1.0, 1.0, 1.0]","[1.0, 1.0, 1.0, 1.0, 1.0, 1.0, 1.0, 1.0, 1.0, 1.0, 1.0, 1.0, 1.0, 1.0, 1.0, 1.0, 1.0, 1.0, 1.0, 1.0, 1.0, 1.0, 1.0, 1.0, 1.0, 1.0, 1.0, 1.0, 1.0, 1.0]"
credit,ridge,1000,0,23,b3_is,3.4369044509983084e-05,4.073318187332253e-05,1.4943062830427428e-06,1.7710079075357622e-06,2.1978604043343056e-05,5.090704419693643e-05,0.2992796509521079,0.9960144927536234,0.004188319591497156,0.9944326416337287,0.9973649538866932,0.9773386034255599,0.016798289802908258,1.0,0.0,1.0,0.0,1.1348757208284198e-06,0.0,1000.0,0.1423674900016825,0.01457814075870342,1000.0,"[4.4067222604252424e-05, 2.0840691459067897e-05, 7.491748235683651e-05, 8.762721307529204e-05, 1.1745240119419474e-05, 2.4358134443285803e-06, 9.404946920792422e-05, 4.739294836282182e-05, 4.585708754825323e-06, 1.739796183174605e-05, 1.4948560564745108e-05, 3.005490012139197e-05, 4.617641366221907e-05, 2.464223234921337e-05, 3.731943798002629e-05, 3.066998183722986e-05, 5.02821153649707e-06, 2.8426582660725983e-06, 6.110934898013757e-06, 4.784079383053612e-05, 3.274774622315016e-06, 5.386756602719834e-05, 1.2681411010786775e-05, 1.8198781840358386e-05, 2.9453817664834397e-05, 2.6718848845465774e-05, 7.256116137274216e-06, 0.00020999907076971959, 2.0492713306774336e-06, 1.6877800788403017e-05]","[0.9980237154150198, 0.9960474308300397, 0.9881422924901186, 0.9930830039525691, 0.9960474308300397, 0.9970355731225298, 0.9871541501976285, 0.9990118577075099, 0.9990118577075099, 1.0, 0.9970355731225298, 0.9950592885375494, 0.9970355731225298, 0.9980237154150198, 0.9940711462450593, 0.9960474308300397, 1.0, 0.9990118577075099, 0.9990118577075099, 0.9930830039525691, 0.9960474308300397, 0.9970355731225298, 0.9990118577075099, 0.9980237154150198, 0.9990118577075099, 0.9960474308300397, 0.9960474308300397, 0.9802371541501977, 0.9980237154150198, 0.9990118577075099]","[0.9841897233201582, 0.9762845849802372, 0.9525691699604742, 0.9683794466403163, 0.9683794466403163, 0.9762845849802372, 0.9446640316205535, 0.992094861660079, 0.992094861660079, 1.0, 0.9841897233201582, 0.9683794466403163, 0.9762845849802372, 0.9841897233201582, 0.9604743083003953, 0.9762845849802372, 1.0, 0.992094861660079, 0.992094861660079, 0.9604743083003953, 0.9762845849802372, 0.9762845849802372, 0.992094861660079, 0.9841897233201582, 0.992094861660079, 0.9762845849802372, 0.9762845849802372, 0.9209486166007905, 0.9841897233201582, 0.992094861660079]","[1.0, 1.0, 1.0, 1.0, 1.0, 1.0, 1.0, 1.0, 1.0, 1.0, 1.0, 1.0, 1.0, 1.0, 1.0, 1.0, 1.0, 1.0, 1.0, 1.0, 1.0, 1.0, 1.0, 1.0, 1.0, 1.0, 1.0, 1.0, 1.0, 1.0]","[1.0, 1.0, 1.0, 1.0, 1.0, 1.0, 1.0, 1.0, 1.0, 1.0, 1.0, 1.0, 1.0, 1.0, 1.0, 1.0, 1.0, 1.0, 1.0, 1.0, 1.0, 1.0, 1.0, 1.0, 1.0, 1.0, 1.0, 1.0, 1.0, 1.0]"
credit,ridge,1000,0,23,b4_antithetic,1.0022600921916183e-06,4.907557391212802e-07,4.357652574746167e-08,2.1337206048751313e-08,8.394484014374099e-07,1.1822163776701478e-06,0.00872750624380051,0.9984519104084323,0.0007072104925422723,0.9981884057971016,0.9987154150197629,0.9878787878787878,0.00488728247456948,1.0,0.0,1.0,0.0,1.7479731967252428e-08,0.0,1000.0,0.12150095999919965,0.02917965462934578,1000.0,"[6.549554392331089e-07, 2.536140153832469e-06, 7.933675376019338e-07, 1.1295771281053582e-06, 1.1429291935237235e-06, 6.50275327476212e-07, 4.6846810517944046e-07, 1.836260477260089e-06, 8.277288355525316e-07, 6.456604283894195e-07, 1.7875586665396966e-06, 7.893809094852642e-07, 6.562226894728672e-07, 9.535001418326377e-07, 6.660039251173098e-07, 1.6117471023328155e-06, 1.6649238813740312e-06, 5.384647064816194e-07, 1.6362586508646557e-06, 6.188443133639523e-07, 1.3187364794699308e-06, 9.098814787803233e-07, 6.763997416559125e-07, 3.61568182437839e-07, 8.094855469839991e-07, 7.541035904026981e-07, 1.195744272387277e-06, 6.85046468100984e-07, 1.021591980574709e-06, 7.269774119357383e-07]","[0.9990118577075099, 0.9980237154150198, 0.9990118577075099, 0.9980237154150198, 0.9990118577075099, 0.9980237154150198, 0.9990118577075099, 0.9980237154150198, 0.9990118577075099, 0.9990118577075099, 0.9960474308300397, 0.9990118577075099, 0.9990118577075099, 0.9990118577075099, 0.9990118577075099, 0.9980237154150198, 0.9980237154150198, 1.0, 0.9980237154150198, 0.9990118577075099, 0.9980237154150198, 0.9980237154150198, 0.9980237154150198, 0.9980237154150198, 0.9980237154150198, 0.9980237154150198, 0.9980237154150198, 0.9990118577075099, 0.9990118577075099, 0.9980237154150198]","[0.992094861660079, 0.9841897233201582, 0.992094861660079, 0.9841897233201582, 0.992094861660079, 0.9841897233201582, 0.992094861660079, 0.9841897233201582, 0.992094861660079, 0.992094861660079, 0.9762845849802372, 0.992094861660079, 0.992094861660079, 0.992094861660079, 0.992094861660079, 0.9841897233201582, 0.9841897233201582, 1.0, 0.9841897233201582, 0.992094861660079, 0.9841897233201582, 0.9841897233201582, 0.9841897233201582, 0.9841897233201582, 0.9841897233201582, 0.9841897233201582, 0.9841897233201582, 0.992094861660079, 0.992094861660079, 0.9841897233201582]","[1.0, 1.0, 1.0, 1.0, 1.0, 1.0, 1.0, 1.0, 1.0, 1.0, 1.0, 1.0, 1.0, 1.0, 1.0, 1.0, 1.0, 1.0, 1.0, 1.0, 1.0, 1.0, 1.0, 1.0, 1.0, 1.0, 1.0, 1.0, 1.0, 1.0]","[1.0, 1.0, 1.0, 1.0, 1.0, 1.0, 1.0, 1.0, 1.0, 1.0, 1.0, 1.0, 1.0, 1.0, 1.0, 1.0, 1.0, 1.0, 1.0, 1.0, 1.0, 1.0, 1.0, 1.0, 1.0, 1.0, 1.0, 1.0, 1.0, 1.0]"
credit,ridge,1000,1,23,abc_shap,0.00034565703974518704,0.00011563951815292277,1.5028566945442915e-05,5.027805137083599e-06,0.0003068615759134625,0.00039040447099096645,5.539623279383772,0.8541501976284586,0.07466355036388903,0.8283390974967062,0.879647562582345,0.7212121212121213,0.09171171909741858,0.8888888888888888,0.15713484026367727,0.8466666666666668,0.13349989596333856,1.4703534402840305e-05,828.0,172.0,0.14639420666499064,0.01420364457639062,828.0,"[0.00031872432062936604, 0.00019076963948104475, 0.0002692414460480949, 0.0004324761143412776, 0.00032788191278096385, 0.0005168184238695772, 0.0004099575387712155, 0.0003794755865822765, 0.00030670320780058134, 0.0001514176361728723, 0.00027851254188021574, 0.00024928302055157226, 0.0003219150427006735, 0.0002880521319198214, 0.00030850799417685837, 0.00036764156976136167, 0.0005802338126757673, 0.0002600837696247856, 0.00027214635957273136, 0.0004452169025916652, 0.000342325682782342, 0.0003458716139008076, 0.00032968361301689825, 0.0007365383545727622, 0.00024805637920673255, 0.0004691732879292097, 0.00035062197522662663, 0.00034612941378628354, 0.00025183944669121544, 0.0002744124533100121]","[0.9486166007905139, 0.8764822134387351, 0.91600790513834, 0.8399209486166009, 0.7776679841897233, 0.8112648221343874, 0.7687747035573124, 0.9189723320158102, 0.8932806324110673, 0.9377470355731227, 0.9357707509881423, 0.8517786561264822, 0.9654150197628459, 0.7974308300395258, 0.9061264822134387, 0.8517786561264822, 0.6996047430830039, 0.8725296442687748, 0.8913043478260869, 0.6956521739130435, 0.774703557312253, 0.8735177865612648, 0.7994071146245059, 0.7371541501976284, 0.9673913043478262, 0.8438735177865613, 0.8221343873517787, 0.8073122529644269, 0.8913043478260869, 0.9515810276679842]","[0.8656126482213439, 0.7312252964426879, 0.7628458498023716, 0.7075098814229249, 0.6521739130434783, 0.6442687747035574, 0.6047430830039525, 0.8181818181818182, 0.7312252964426879, 0.8260869565217391, 0.83399209486166, 0.7154150197628459, 0.8814229249011858, 0.6758893280632412, 0.7549407114624506, 0.691699604743083, 0.5335968379446641, 0.7154150197628459, 0.7628458498023716, 0.525691699604743, 0.6363636363636365, 0.7628458498023716, 0.6521739130434783, 0.6284584980237155, 0.8814229249011858, 0.7075098814229249, 0.6996047430830039, 0.6600790513833992, 0.7312252964426879, 0.841897233201581]","[1.0, 1.0, 0.6666666666666666, 1.0, 0.6666666666666666, 1.0, 0.6666666666666666, 1.0, 1.0, 1.0, 1.0, 0.6666666666666666, 1.0, 1.0, 0.6666666666666666, 0.6666666666666666, 0.6666666666666666, 0.6666666666666666, 1.0, 0.6666666666666666, 1.0, 0.6666666666666666, 1.0, 1.0, 1.0, 1.0, 1.0, 1.0, 1.0, 1.0]","[0.8, 1.0, 0.8, 0.8, 0.8, 0.8, 0.6, 0.8, 0.8, 0.8, 1.0, 0.8, 1.0, 1.0, 0.8, 0.8, 0.6, 1.0, 1.0, 0.6, 1.0, 1.0, 1.0, 0.8, 1.0, 0.8, 0.8, 0.8, 0.6, 1.0]"
credit,ridge,1000,1,23,b1_uniform,4.48410755120947e-05,1.938789638967824e-05,1.949611978786726e-06,8.429520169425321e-07,3.787362802341436e-05,5.2096595472179585e-05,0.718639105289231,0.9483201581027668,0.020905924504523502,0.9401828063241108,0.9560004940711462,0.847957839262187,0.04484303483325163,1.0,0.0,0.9800000000000001,0.05999999999999999,1.4947948031367179e-06,0.0,1000.0,0.12086086666871172,0.014500004171767333,1000.0,"[3.9920910560295035e-05, 3.0191539979172656e-05, 4.463418127023292e-05, 4.340611153282497e-05, 2.6548820732450908e-05, 3.845858620314728e-05, 7.75099824623419e-05, 2.658118446679652e-05, 2.3445706572027456e-05, 2.2392627410449835e-05, 8.155542622364661e-05, 4.8699495604196573e-05, 2.409231214066775e-05, 7.244166303692305e-05, 8.055725155076403e-05, 2.6623613429410687e-05, 6.011806753126567e-05, 7.345689879786556e-05, 2.888599199094135e-05, 5.189324611468847e-05, 5.4417873483290924e-05, 2.245488581543719e-05, 5.816366345411856e-05, 6.422329110737541e-05, 3.834156156924257e-05, 3.764323885731609e-05, 3.8677881728991004e-05, 6.581679747870697e-05, 2.528268491454938e-05, 1.879676934370367e-05]","[0.9367588932806324, 0.9654150197628459, 0.9308300395256918, 0.9733201581027668, 0.9466403162055337, 0.9802371541501977, 0.9051383399209486, 0.9644268774703558, 0.9713438735177865, 0.9446640316205533, 0.9308300395256918, 0.941699604743083, 0.9812252964426879, 0.9249011857707511, 0.9011857707509882, 0.9614624505928853, 0.9347826086956521, 0.9258893280632412, 0.9446640316205533, 0.9387351778656127, 0.9555335968379446, 0.9555335968379446, 0.9278656126482213, 0.9357707509881423, 0.974308300395257, 0.9515810276679842, 0.9594861660079053, 0.941699604743083, 0.9604743083003953, 0.983201581027668]","[0.8181818181818182, 0.8972332015810277, 0.83399209486166, 0.8893280632411068, 0.857707509881423, 0.9051383399209486, 0.7470355731225297, 0.8735177865612648, 0.9051383399209486, 0.8656126482213439, 0.7944664031620553, 0.8181818181818182, 0.9209486166007905, 0.8023715415019763, 0.7470355731225297, 0.8656126482213439, 0.8260869565217391, 0.8023715415019763, 0.8498023715415021, 0.83399209486166, 0.857707509881423, 0.8498023715415021, 0.8023715415019763, 0.8181818181818182, 0.8972332015810277, 0.8735177865612648, 0.8735177865612648, 0.8260869565217391, 0.8656126482213439, 0.9209486166007905]","[1.0, 1.0, 1.0, 1.0, 1.0, 1.0, 1.0, 1.0, 1.0, 1.0, 1.0, 1.0, 1.0, 1.0, 1.0, 1.0, 1.0, 1.0, 1.0, 1.0, 1.0, 1.0, 1.0, 1.0, 1.0, 1.0, 1.0, 1.0, 1.0, 1.0]","[1.0, 1.0, 1.0, 1.0, 1.0, 1.0, 0.8, 1.0, 1.0, 1.0, 1.0, 0.8, 1.0, 1.0, 1.0, 1.0, 1.0, 1.0, 1.0, 1.0, 1.0, 1.0, 1.0, 1.0, 1.0, 0.8, 1.0, 1.0, 1.0, 1.0]"
credit,ridge,1000,1,23,b2_stratified,6.239721048028341e-05,2.795237130205414e-05,2.712922194794931e-06,1.2153204913936583e-06,5.2634561890308165e-05,7.218344424007514e-05,1.0,0.9748682476943346,0.010687428775604085,0.9707493412384716,0.9782295783926219,0.8998682476943346,0.02725712894015442,0.9666666666666667,0.1,0.9666666666666667,0.07453559924999298,2.5811334651248487e-06,0.0,1000.0,0.1226987899998979,0.01762346018861788,1000.0,"[7.445137441399346e-05, 5.309394840923649e-05, 8.596025446247786e-05, 2.1580429530621652e-05, 5.6450992819253394e-05, 5.261709224602116e-05, 2.5790581090042e-05, 5.5517394375994505e-05, 6.091113333740546e-05, 0.00011107086794902689, 3.604800943058467e-05, 5.1557289431872696e-05, 3.713447406694499e-05, 8.010599895672591e-05, 1.844364596687743e-05, 7.928497870897378e-05, 9.795321754636702e-05, 0.00012099844808939164, 5.559352275087245e-05, 5.1417544829563354e-05, 3.867381129367535e-05, 5.732315545308111e-05, 0.00011861452223633535, 1.73347908827834e-05, 3.881136661614926e-05, 8.273614685552849e-05, 7.441591317202764e-05, 9.492087412827136e-05, 4.9341873358483095e-05, 7.376266199992056e-05]","[0.9752964426877472, 0.9723320158102767, 0.9713438735177865, 0.9792490118577075, 0.9792490118577075, 0.9762845849802372, 0.9723320158102767, 0.958498023715415, 0.9881422924901186, 0.9624505928853755, 0.974308300395257, 0.9812252964426879, 0.9723320158102767, 0.9802371541501977, 0.9673913043478262, 0.9782608695652174, 0.9555335968379446, 0.9871541501976285, 0.9456521739130436, 0.9733201581027668, 0.9871541501976285, 0.9782608695652174, 0.9841897233201581, 0.9950592885375494, 0.9545454545454547, 0.9752964426877472, 0.9762845849802372, 0.9792490118577075, 0.9861660079051384, 0.9792490118577075]","[0.8814229249011858, 0.8893280632411068, 0.8814229249011858, 0.9209486166007905, 0.9051383399209486, 0.9130434782608695, 0.8735177865612648, 0.8656126482213439, 0.9367588932806324, 0.857707509881423, 0.8972332015810277, 0.9130434782608695, 0.9051383399209486, 0.8972332015810277, 0.8656126482213439, 0.9051383399209486, 0.8735177865612648, 0.9288537549407115, 0.841897233201581, 0.9051383399209486, 0.9288537549407115, 0.9051383399209486, 0.9130434782608695, 0.9683794466403163, 0.857707509881423, 0.8972332015810277, 0.8972332015810277, 0.9130434782608695, 0.9367588932806324, 0.9209486166007905]","[0.6666666666666666, 1.0, 1.0, 1.0, 1.0, 1.0, 1.0, 1.0, 1.0, 0.6666666666666666, 0.6666666666666666, 1.0, 1.0, 1.0, 1.0, 1.0, 1.0, 1.0, 1.0, 1.0, 1.0, 1.0, 1.0, 1.0, 1.0, 1.0, 1.0, 1.0, 1.0, 1.0]","[1.0, 1.0, 1.0, 1.0, 0.8, 1.0, 1.0, 1.0, 1.0, 1.0, 1.0, 0.8, 1.0, 1.0, 0.8, 1.0, 1.0, 1.0, 1.0, 1.0, 1.0, 1.0, 0.8, 1.0, 1.0, 1.0, 1.0, 0.8, 1.0, 1.0]"
credit,ridge,1000,1,23,b3_is,2.9735712795921018e-05,1.877914291150312e-05,1.2928570780835224e-06,8.164844744131792e-07,2.375183360485822e-05,3.7266773114148626e-05,0.4765551627555059,0.9875494071146244,0.006867885132141975,0.9849472990777338,0.9898558959156787,0.9364953886693017,0.02577635456697548,0.9888888888888888,0.059835164523716726,1.0,0.0,8.808810551970915e-07,0.0,1000.0,0.14159558666772984,0.01797515062952162,1000.0,"[4.898055485375858e-05, 3.573357241214615e-05, 1.3049106169717276e-05, 3.2849405433054245e-05, 2.4281707920458145e-05, 4.720423247239888e-05, 2.47130620231357e-05, 9.947572781191056e-05, 3.509900194838616e-05, 1.0196985683413793e-05, 1.09969456184278e-05, 5.315747235987829e-05, 2.0986356124861712e-05, 6.114724475343462e-05, 2.5417921509145714e-05, 2.198776486646696e-05, 4.5180526275575335e-05, 7.986158867338777e-06, 1.1181910316545136e-05, 2.331881872427899e-05, 2.2626688234433727e-05, 2.774853877618322e-05, 2.5674102651686076e-05, 1.1529980259107363e-05, 3.1361721555991734e-05, 3.758759682060725e-05, 1.8368564163092942e-05, 3.491107677713807e-05, 1.0479858487910364e-05, 1.883878000714704e-05]","[0.9772727272727272, 0.9861660079051384, 0.9920948616600791, 0.9930830039525691, 0.9980237154150198, 0.9841897233201581, 0.9970355731225298, 0.9891304347826088, 0.9871541501976285, 0.9950592885375494, 0.9891304347826088, 0.9792490118577075, 0.9792490118577075, 0.9901185770750988, 0.9920948616600791, 0.9822134387351777, 0.9802371541501977, 0.9950592885375494, 0.9851778656126482, 0.9940711462450593, 0.9970355731225298, 0.9920948616600791, 0.9693675889328063, 0.9871541501976285, 0.9762845849802372, 0.9881422924901186, 0.9841897233201581, 0.983201581027668, 0.991106719367589, 0.9920948616600791]","[0.8893280632411068, 0.9288537549407115, 0.9525691699604742, 0.9604743083003953, 0.9841897233201582, 0.9209486166007905, 0.9762845849802372, 0.9288537549407115, 0.9288537549407115, 0.9683794466403163, 0.9446640316205535, 0.8972332015810277, 0.8972332015810277, 0.9367588932806324, 0.9525691699604742, 0.9288537549407115, 0.9130434782608695, 0.9683794466403163, 0.9209486166007905, 0.9604743083003953, 0.9762845849802372, 0.9525691699604742, 0.8893280632411068, 0.9288537549407115, 0.9051383399209486, 0.9367588932806324, 0.9288537549407115, 0.9209486166007905, 0.9446640316205535, 0.9525691699604742]","[1.0, 1.0, 1.0, 1.0, 1.0, 1.0, 1.0, 1.0, 1.0, 1.0, 1.0, 1.0, 1.0, 1.0, 1.0, 1.0, 0.6666666666666666, 1.0, 1.0, 1.0, 1.0, 1.0, 1.0, 1.0, 1.0, 1.0, 1.0, 1.0, 1.0, 1.0]","[1.0, 1.0, 1.0, 1.0, 1.0, 1.0, 1.0, 1.0, 1.0, 1.0, 1.0, 1.0, 1.0, 1.0, 1.0, 1.0, 1.0, 1.0, 1.0, 1.0, 1.0, 1.0, 1.0, 1.0, 1.0, 1.0, 1.0, 1.0, 1.0, 1.0]"
credit,ridge,1000,1,23,b4_antithetic,9.31494837643822e-06,1.3169723519636842e-06,4.0499775549731395e-07,5.725966747668192e-08,8.884799963044064e-06,9.816006227551542e-06,0.1492846924524231,0.9911725955204216,0.005031661779691264,0.9892621870882742,0.9930500658761527,0.9583662714097496,0.018587817748140598,1.0,0.0,1.0,0.0,8.070186323453606e-08,0.0,1000.0,0.1158161366659139,0.017636531983440673,1000.0,"[8.233553761769134e-06, 9.13346924964073e-06, 1.1380673865360586e-05, 1.0395826715109747e-05, 8.915391846799335e-06, 1.0357229148175447e-05, 8.885118732988289e-06, 1.0076509508074592e-05, 1.0765598965460474e-05, 8.14651816273793e-06, 7.1472478103451375e-06, 1.0540008729013246e-05, 8.665000870577349e-06, 8.138453341908115e-06, 7.422026705123983e-06, 1.0944482493266522e-05, 1.1010409529493572e-05, 1.2693843658562512e-05, 8.232518249243685e-06, 9.263302066545331e-06, 9.978775352882457e-06, 9.271258866952869e-06, 9.17105696152955e-06, 6.991213598636594e-06, 8.141290727664926e-06, 8.185547773900294e-06, 1.0090975995158215e-05, 9.542253818821319e-06, 8.304180615905641e-06, 9.42471417149902e-06]","[0.9920948616600791, 0.9812252964426879, 0.9841897233201581, 0.9960474308300397, 0.9940711462450593, 0.9920948616600791, 0.9871541501976285, 0.9940711462450593, 0.9930830039525691, 0.9822134387351777, 0.9950592885375494, 0.9920948616600791, 0.9980237154150198, 0.983201581027668, 0.9990118577075099, 0.9881422924901186, 0.9861660079051384, 0.983201581027668, 0.9960474308300397, 0.9881422924901186, 0.9960474308300397, 1.0, 0.9950592885375494, 0.991106719367589, 0.9881422924901186, 0.9920948616600791, 0.9891304347826088, 0.9930830039525691, 0.9950592885375494, 0.9901185770750988]","[0.9604743083003953, 0.9209486166007905, 0.9288537549407115, 0.9762845849802372, 0.9683794466403163, 0.9525691699604742, 0.9367588932806324, 0.9604743083003953, 0.9683794466403163, 0.9288537549407115, 0.9683794466403163, 0.9525691699604742, 0.9841897233201582, 0.9367588932806324, 0.992094861660079, 0.9446640316205535, 0.9446640316205535, 0.9367588932806324, 0.9762845849802372, 0.9525691699604742, 0.9762845849802372, 1.0, 0.9683794466403163, 0.9604743083003953, 0.9446640316205535, 0.9525691699604742, 0.9604743083003953, 0.9604743083003953, 0.9683794466403163, 0.9683794466403163]","[1.0, 1.0, 1.0, 1.0, 1.0, 1.0, 1.0, 1.0, 1.0, 1.0, 1.0, 1.0, 1.0, 1.0, 1.0, 1.0, 1.0, 1.0, 1.0, 1.0, 1.0, 1.0, 1.0, 1.0, 1.0, 1.0, 1.0, 1.0, 1.0, 1.0]","[1.0, 1.0, 1.0, 1.0, 1.0, 1.0, 1.0, 1.0, 1.0, 1.0, 1.0, 1.0, 1.0, 1.0, 1.0, 1.0, 1.0, 1.0, 1.0, 1.0, 1.0, 1.0, 1.0, 1.0, 1.0, 1.0, 1.0, 1.0, 1.0, 1.0]"
credit,ridge,1000,2,23,abc_shap,0.0018860496304618603,0.0013417412405629984,8.200215784616784e-05,5.8336575676652105e-05,0.0014938529237505127,0.002460289600424913,4.371115417854074,0.6949934123847168,0.14771374069037232,0.6373443675889329,0.746159420289855,0.5520421607378129,0.13956294811880401,0.7111111111111111,0.18724777273725243,0.7466666666666668,0.16275407487644938,8.056304359544604e-05,828.0,172.0,0.14156018000115486,0.007201664080143327,828.0,"[0.007880003571509517, 0.0018114991159934605, 0.002067334205587718, 0.0014356006379821161, 0.0012472820872666737, 0.001204988206429563, 0.0013499991015063074, 0.002042653550249022, 0.0019518864104374558, 0.002989565499970137, 0.001665789262685835, 0.001265048944986609, 0.0016510877292746085, 0.000752598277525302, 0.0034345571674307494, 0.0006804559281032083, 0.001812498205804155, 0.0015775458249297014, 0.0029581287346221972, 0.0035017754607624043, 0.001935293935416461, 0.002245952661942674, 0.0017417337498249383, 0.0007741474261542873, 0.00081790521414582, 0.0016736494844684583, 0.0005802268628327549, 0.0008807550319136458, 0.0014456572231549953, 0.0012058694009450409]","[0.42687747035573126, 0.7302371541501976, 0.658102766798419, 0.6818181818181818, 0.8023715415019764, 0.532608695652174, 0.6887351778656127, 0.8290513833992096, 0.5948616600790514, 0.4891304347826087, 0.83300395256917, 0.5948616600790514, 0.6640316205533596, 0.7598814229249011, 0.3784584980237154, 0.7509881422924901, 0.8063241106719368, 0.7351778656126482, 0.8932806324110673, 0.5553359683794467, 0.7737154150197629, 0.6976284584980238, 0.3735177865612649, 0.9229249011857708, 0.7984189723320158, 0.642292490118577, 0.9308300395256918, 0.808300395256917, 0.6709486166007905, 0.8260869565217392]","[0.30434782608695654, 0.549407114624506, 0.4861660079051383, 0.549407114624506, 0.6996047430830039, 0.3992094861660079, 0.549407114624506, 0.6521739130434783, 0.47035573122529645, 0.35177865612648224, 0.6521739130434783, 0.47035573122529645, 0.4861660079051383, 0.5968379446640317, 0.2885375494071147, 0.6126482213438735, 0.6442687747035574, 0.5889328063241107, 0.7707509881422926, 0.42292490118577075, 0.5968379446640317, 0.549407114624506, 0.2727272727272727, 0.7786561264822134, 0.6442687747035574, 0.4782608695652174, 0.7865612648221344, 0.7154150197628459, 0.5098814229249012, 0.6837944664031621]","[0.3333333333333333, 0.6666666666666666, 1.0, 0.6666666666666666, 0.6666666666666666, 0.6666666666666666, 1.0, 0.3333333333333333, 1.0, 0.6666666666666666, 0.6666666666666666, 1.0, 0.6666666666666666, 0.6666666666666666, 0.6666666666666666, 1.0, 1.0, 0.6666666666666666, 1.0, 0.6666666666666666, 0.6666666666666666, 0.6666666666666666, 0.6666666666666666, 0.6666666666666666, 0.6666666666666666, 0.6666666666666666, 0.3333333333333333, 0.6666666666666666, 0.6666666666666666, 0.6666666666666666]","[0.4, 0.6, 1.0, 0.8, 0.8, 0.6, 0.8, 0.4, 0.8, 0.6, 0.8, 0.8, 0.6, 1.0, 0.6, 0.8, 0.8, 0.8, 0.8, 0.8, 0.8, 0.8, 0.6, 1.0, 0.6, 0.8, 0.6, 1.0, 1.0, 0.6]"
credit,ridge,1000,2,23,b1_uniform,0.00018707341201979516,8.589080825314782e-05,8.13362660955631e-06,3.734382967528166e-06,0.00015761432047910412,0.0002163561231527599,0.43356201360939217,0.83534255599473,0.05956921011587562,0.8140917325428195,0.8576111660079053,0.684848484848485,0.06977848890468925,0.8666666666666668,0.16329931618554522,0.9933333333333334,0.03590109871423002,6.157153901800727e-06,0.0,1000.0,0.11466869999809812,0.005712030599400744,1000.0,"[0.00015967603234705468, 8.349179179614401e-05, 0.0002588938330179892, 8.175025048068248e-05, 0.0003186272140851787, 0.00012752162841853324, 0.00018181578609965875, 0.00011955563810986928, 9.411378376057684e-05, 0.0003884121130433, 0.00023444355657255498, 0.0002429994554414646, 8.914674780650921e-05, 0.0001395425570631286, 0.00017537793646672662, 0.00016989700258869078, 0.00023788653751252142, 0.00027049196896392416, 0.00013874806431385508, 9.66533901229153e-05, 0.00026522878078652696, 0.00011011810858337935, 0.0002898556657561101, 0.00016803854571537647, 0.0002377393850426395, 0.0001571693162596343, 0.000391504131526612, 0.0001552549811486069, 8.768189143444195e-05, 0.00014056626632924938]","[0.7529644268774704, 0.8181818181818183, 0.7954545454545455, 0.8636363636363636, 0.7855731225296443, 0.8873517786561266, 0.8300395256916996, 0.9071146245059288, 0.9071146245059288, 0.8359683794466403, 0.8893280632411068, 0.7450592885375494, 0.8636363636363636, 0.8260869565217392, 0.8310276679841897, 0.9100790513833993, 0.7203557312252966, 0.775691699604743, 0.8577075098814229, 0.9515810276679842, 0.7845849802371542, 0.9140316205533597, 0.7411067193675891, 0.8666007905138341, 0.8626482213438734, 0.8725296442687748, 0.8320158102766799, 0.8586956521739131, 0.8468379446640316, 0.7272727272727272]","[0.5968379446640317, 0.6600790513833992, 0.6205533596837944, 0.7154150197628459, 0.6205533596837944, 0.7549407114624506, 0.7075098814229249, 0.7707509881422926, 0.7707509881422926, 0.6679841897233202, 0.7628458498023716, 0.5889328063241107, 0.6837944664031621, 0.7154150197628459, 0.691699604743083, 0.7786561264822134, 0.549407114624506, 0.5889328063241107, 0.6996047430830039, 0.8181818181818182, 0.6126482213438735, 0.7786561264822134, 0.5889328063241107, 0.7233201581027668, 0.6996047430830039, 0.7154150197628459, 0.6758893280632412, 0.7075098814229249, 0.6996047430830039, 0.5810276679841897]","[1.0, 0.6666666666666666, 1.0, 0.6666666666666666, 0.6666666666666666, 1.0, 1.0, 1.0, 1.0, 1.0, 1.0, 1.0, 0.6666666666666666, 1.0, 1.0, 1.0, 0.6666666666666666, 0.6666666666666666, 0.6666666666666666, 0.6666666666666666, 1.0, 1.0, 0.6666666666666666, 1.0, 1.0, 0.6666666666666666, 0.6666666666666666, 0.6666666666666666, 1.0, 1.0]","[1.0, 1.0, 1.0, 1.0, 1.0, 1.0, 1.0, 1.0, 1.0, 1.0, 1.0, 1.0, 1.0, 1.0, 1.0, 1.0, 0.8, 1.0, 1.0, 1.0, 1.0, 1.0, 1.0, 1.0, 1.0, 1.0, 1.0, 1.0, 1.0, 1.0]"
credit,ridge,1000,2,23,b2_stratified,0.00043148017157318283,0.00029281034661146003,1.87600074597036e-05,1.2730884635280872e-05,0.0003283145297470519,0.0005423514905744883,1.0,0.9201251646903821,0.05927870105783021,0.8987747035573123,0.9401218708827405,0.8015810276679841,0.07483762916481694,0.8000000000000002,0.18459164139817943,0.9000000000000001,0.1341640786499874,1.5410208051585928e-05,0.0,1000.0,0.11726658666933266,0.00624542450127051,1000.0,"[0.00040755575583070915, 0.00032920674334762826, 0.0009841265211886596, 0.00033966648522037025, 0.0010037991437326496, 0.0008829182041691562, 0.0001410069240713271, 0.0008419425655486623, 0.0007562987467744455, 5.341253415170873e-05, 0.00018065097660380943, 0.0003722573534465936, 4.532337094108072e-05, 0.0002404836102781328, 0.0008070745480260761, 0.00016457425274578395, 0.0005644233888157405, 0.0004016752101238067, 0.00022157478483019255, 0.00014213272475966084, 0.00017729615513799082, 0.00024200162293936878, 0.00016415386419408386, 0.00018429257866572866, 0.0008072675026338765, 0.00017902322945453905, 0.0005752336217555192, 0.0003565285123025006, 0.0007472984410733509, 0.0006312057744323331]","[0.933794466403162, 0.9555335968379446, 0.892292490118577, 0.9772727272727272, 0.7539525691699605, 0.9189723320158102, 0.9565217391304348, 0.892292490118577, 0.7648221343873517, 0.958498023715415, 0.9555335968379446, 0.9673913043478262, 0.9723320158102767, 0.9189723320158102, 0.908102766798419, 0.9920948616600791, 0.8399209486166009, 0.9377470355731227, 0.9219367588932808, 0.9654150197628459, 0.9545454545454547, 0.8389328063241107, 0.9496047430830039, 0.9357707509881423, 0.816205533596838, 0.9555335968379446, 0.9308300395256918, 0.9654150197628459, 0.9545454545454547, 0.9189723320158102]","[0.8102766798418973, 0.857707509881423, 0.7786561264822134, 0.9051383399209486, 0.5968379446640317, 0.7707509881422926, 0.8498023715415021, 0.7628458498023716, 0.7154150197628459, 0.857707509881423, 0.83399209486166, 0.8735177865612648, 0.8893280632411068, 0.7549407114624506, 0.7628458498023716, 0.9525691699604742, 0.6600790513833992, 0.7786561264822134, 0.7786561264822134, 0.8735177865612648, 0.8498023715415021, 0.7391304347826086, 0.841897233201581, 0.7865612648221344, 0.6758893280632412, 0.83399209486166, 0.8023715415019763, 0.857707509881423, 0.8260869565217391, 0.7707509881422926]","[0.6666666666666666, 1.0, 0.6666666666666666, 1.0, 0.6666666666666666, 0.6666666666666666, 1.0, 0.6666666666666666, 0.3333333333333333, 1.0, 0.6666666666666666, 1.0, 1.0, 1.0, 1.0, 0.6666666666666666, 0.6666666666666666, 0.6666666666666666, 1.0, 1.0, 0.6666666666666666, 1.0, 0.6666666666666666, 0.6666666666666666, 0.6666666666666666, 1.0, 0.6666666666666666, 0.6666666666666666, 1.0, 0.6666666666666666]","[0.8, 1.0, 0.8, 1.0, 0.8, 0.8, 1.0, 1.0, 0.6, 1.0, 1.0, 1.0, 1.0, 1.0, 0.8, 1.0, 0.8, 0.8, 1.0, 1.0, 1.0, 1.0, 1.0, 0.6, 1.0, 1.0, 1.0, 0.8, 0.6, 0.8]"
credit,ridge,1000,2,23,b3_is,0.00015318476544520557,0.00010513463652498947,6.6602071932698075e-06,4.571071153260412e-06,0.0001184529239322077,0.00019415326609660327,0.355021564227834,0.9640316205533598,0.017246975675313397,0.95800395256917,0.9705862977602107,0.8642951251646902,0.047478383422889285,0.8666666666666668,0.16329931618554522,0.9866666666666667,0.04988876515698587,4.2343213420454755e-06,0.0,1000.0,0.1351505066656197,0.0005398591676984245,1000.0,"[7.504005692651938e-05, 0.00010947175312149957, 0.0001694463573695783, 9.251449742886161e-05, 9.449640402701349e-05, 0.00026350744266583737, 0.00028222209666628034, 0.00019631418601444233, 5.556808084026199e-05, 0.00035771985028048816, 0.00015841894313179384, 0.00017375337920553537, 6.600289421048479e-05, 0.00014594803966783842, 0.00011612627517078841, 6.712673743701782e-05, 0.00010861851212551173, 0.00010468579465225862, 4.69657719459521e-05, 6.535579832099481e-05, 0.0001241368856766162, 0.00018785833074804395, 0.00010646797063361737, 0.00015183813757867735, 0.0001360678303280927, 0.00018809606276030814, 0.0001301130717915634, 6.248276207248136e-05, 0.0005756879454643986, 0.00018349109509340912]","[0.9634387351778656, 0.9792490118577075, 0.9426877470355731, 0.9861660079051384, 0.9782608695652174, 0.9525691699604744, 0.9693675889328063, 0.9426877470355731, 0.9604743083003953, 0.9733201581027668, 0.9525691699604744, 0.9881422924901186, 0.983201581027668, 0.9367588932806324, 0.9683794466403162, 0.983201581027668, 0.9861660079051384, 0.9288537549407114, 0.9594861660079053, 0.9446640316205533, 0.983201581027668, 0.9387351778656127, 0.9802371541501977, 0.9397233201581027, 0.9496047430830039, 0.9614624505928853, 0.9624505928853755, 0.9772727272727272, 0.9703557312252965, 0.9782608695652174]","[0.857707509881423, 0.9209486166007905, 0.8102766798418973, 0.9209486166007905, 0.9051383399209486, 0.83399209486166, 0.8656126482213439, 0.8181818181818182, 0.8498023715415021, 0.8893280632411068, 0.8260869565217391, 0.9288537549407115, 0.9288537549407115, 0.8023715415019763, 0.8735177865612648, 0.9209486166007905, 0.9288537549407115, 0.7707509881422926, 0.8498023715415021, 0.8260869565217391, 0.9209486166007905, 0.7786561264822134, 0.9130434782608695, 0.8023715415019763, 0.8181818181818182, 0.857707509881423, 0.857707509881423, 0.8972332015810277, 0.857707509881423, 0.8972332015810277]","[0.6666666666666666, 0.6666666666666666, 0.6666666666666666, 1.0, 1.0, 1.0, 1.0, 0.6666666666666666, 1.0, 1.0, 1.0, 1.0, 1.0, 1.0, 0.6666666666666666, 1.0, 1.0, 0.6666666666666666, 1.0, 0.6666666666666666, 0.6666666666666666, 1.0, 1.0, 1.0, 0.6666666666666666, 1.0, 0.6666666666666666, 0.6666666666666666, 1.0, 0.6666666666666666]","[1.0, 1.0, 1.0, 1.0, 1.0, 1.0, 1.0, 1.0, 1.0, 1.0, 1.0, 1.0, 1.0, 1.0, 1.0, 1.0, 1.0, 1.0, 1.0, 1.0, 1.0, 1.0, 1.0, 1.0, 1.0, 0.8, 1.0, 1.0, 0.8, 1.0]"
credit,ridge,1000,2,23,b4_antithetic,4.806652928452066e-05,3.6351373118863904e-06,2.0898490993269854e-06,1.5804944834288653e-07,4.6767071970076906e-05,4.9460565684864196e-05,0.11139916142442749,0.9804018445322794,0.006113097566946057,0.9781291172595521,0.9826441040843216,0.9043478260869565,0.019401170101923538,1.0,0.0,1.0,0.0,6.192335734704307e-08,0.0,1000.0,0.10965689999963311,0.0014153918779540805,1000.0,"[4.755960456899712e-05, 5.544614764478719e-05, 5.246865297130727e-05, 4.807235562894729e-05, 4.228679687820635e-05, 5.004244821020074e-05, 4.483062141087135e-05, 4.222786114900574e-05, 5.193602832941024e-05, 5.35371271506587e-05, 4.585007463609655e-05, 4.2813220303486355e-05, 4.652798001261657e-05, 4.7633978250493357e-05, 4.28274245794999e-05, 5.081527360335548e-05, 4.804773646252717e-05, 4.617562355708109e-05, 5.316308578824823e-05, 4.649573399553849e-05, 5.0397112987483294e-05, 4.259678753404845e-05, 5.1702970457596425e-05, 4.775153186688619e-05, 4.9435295725254957e-05, 5.282209632048799e-05, 4.9846137819375246e-05, 4.8346935634566407e-05, 4.554613454814206e-05, 4.479310051044369e-05]","[0.9851778656126482, 0.9792490118577075, 0.9713438735177865, 0.9752964426877472, 0.9871541501976285, 0.9762845849802372, 0.9861660079051384, 0.9752964426877472, 0.9792490118577075, 0.9762845849802372, 0.9802371541501977, 0.983201581027668, 0.974308300395257, 0.991106719367589, 0.9841897233201581, 0.9861660079051384, 0.9723320158102767, 0.9891304347826088, 0.9654150197628459, 0.9930830039525691, 0.9772727272727272, 0.9822134387351777, 0.9871541501976285, 0.9772727272727272, 0.9802371541501977, 0.9841897233201581, 0.9782608695652174, 0.9802371541501977, 0.9752964426877472, 0.9792490118577075]","[0.9130434782608695, 0.8972332015810277, 0.8893280632411068, 0.8893280632411068, 0.9288537549407115, 0.8893280632411068, 0.9209486166007905, 0.8893280632411068, 0.9051383399209486, 0.8972332015810277, 0.9051383399209486, 0.9130434782608695, 0.8814229249011858, 0.9367588932806324, 0.9051383399209486, 0.9130434782608695, 0.8735177865612648, 0.9367588932806324, 0.857707509881423, 0.9525691699604742, 0.9051383399209486, 0.9051383399209486, 0.9288537549407115, 0.8972332015810277, 0.8972332015810277, 0.9130434782608695, 0.8972332015810277, 0.9051383399209486, 0.8893280632411068, 0.8972332015810277]","[1.0, 1.0, 1.0, 1.0, 1.0, 1.0, 1.0, 1.0, 1.0, 1.0, 1.0, 1.0, 1.0, 1.0, 1.0, 1.0, 1.0, 1.0, 1.0, 1.0, 1.0, 1.0, 1.0, 1.0, 1.0, 1.0, 1.0, 1.0, 1.0, 1.0]","[1.0, 1.0, 1.0, 1.0, 1.0, 1.0, 1.0, 1.0, 1.0, 1.0, 1.0, 1.0, 1.0, 1.0, 1.0, 1.0, 1.0, 1.0, 1.0, 1.0, 1.0, 1.0, 1.0, 1.0, 1.0, 1.0, 1.0, 1.0, 1.0, 1.0]"
credit,ridge,1000,3,23,abc_shap,0.0003061375468436881,0.00013638950613865293,1.3310328123638614e-05,5.929978527767519e-06,0.00025676067108844434,0.0003586475878365747,4.726747354938728,0.8314229249011856,0.07135345320156705,0.8049011857707509,0.8573509552042161,0.6961791831357048,0.08375178104214157,0.8111111111111112,0.1651785416368723,0.9199999999999999,0.11075498483890765,1.297959960111036e-05,828.0,172.0,0.14076123666600324,0.0011991333430590564,828.0,"[0.00028244832002544953, 0.00020589073565832326, 0.00038604830597349405, 0.00028659733064921686, 0.00028962872534649413, 0.0003543036280812018, 0.00041494558599398094, 0.0002190538985523229, 0.0005162021446490262, 0.0002993955049566393, 0.0001419137472714205, 0.0005424413488004719, 0.00042172009805645764, 0.00019231488195758868, 0.00018214216279917878, 0.0003809038297623429, 0.0004166139392870209, 0.00017169419957116484, 0.00024274108473082407, 0.0003992174918464168, 0.0006683656586197397, 0.00017111571862578462, 0.0002061322161640134, 0.0002770275963946627, 0.00019203649036557839, 0.000496214417801347, 0.0003688787275582428, 0.00024308961998853793, 0.00015852721601126264, 5.65217798124393e-05]","[0.8112648221343874, 0.8646245059288538, 0.9140316205533597, 0.8735177865612648, 0.8399209486166009, 0.7737154150197629, 0.7786561264822135, 0.8152173913043478, 0.7490118577075098, 0.7470355731225298, 0.9071146245059288, 0.8201581027667983, 0.7312252964426879, 0.8231225296442688, 0.9387351778656127, 0.9219367588932808, 0.8142292490118577, 0.7855731225296443, 0.9229249011857708, 0.8685770750988143, 0.7302371541501976, 0.7371541501976284, 0.7154150197628458, 0.8142292490118577, 0.9357707509881423, 0.874505928853755, 0.7223320158102766, 0.908102766798419, 0.8794466403162056, 0.9249011857707511]","[0.691699604743083, 0.7154150197628459, 0.7865612648221344, 0.7391304347826086, 0.7391304347826086, 0.6047430830039525, 0.6205533596837944, 0.691699604743083, 0.6284584980237155, 0.6284584980237155, 0.7786561264822134, 0.6758893280632412, 0.6047430830039525, 0.6837944664031621, 0.841897233201581, 0.7786561264822134, 0.6679841897233202, 0.6442687747035574, 0.8102766798418973, 0.7312252964426879, 0.5652173913043478, 0.5968379446640317, 0.541501976284585, 0.6363636363636365, 0.8102766798418973, 0.7549407114624506, 0.5731225296442688, 0.7944664031620553, 0.7233201581027668, 0.8260869565217391]","[0.6666666666666666, 0.6666666666666666, 0.6666666666666666, 0.6666666666666666, 1.0, 0.6666666666666666, 0.6666666666666666, 1.0, 0.6666666666666666, 1.0, 0.6666666666666666, 0.6666666666666666, 1.0, 0.6666666666666666, 1.0, 0.6666666666666666, 1.0, 1.0, 0.6666666666666666, 1.0, 0.6666666666666666, 1.0, 0.6666666666666666, 1.0, 0.6666666666666666, 0.6666666666666666, 1.0, 1.0, 1.0, 0.6666666666666666]","[0.8, 0.8, 0.8, 1.0, 1.0, 1.0, 0.8, 1.0, 0.8, 1.0, 1.0, 1.0, 1.0, 1.0, 1.0, 1.0, 0.8, 0.8, 1.0, 0.6, 0.8, 1.0, 1.0, 0.8, 1.0, 1.0, 1.0, 1.0, 0.8, 1.0]"
credit,ridge,1000,3,23,b1_uniform,4.345118540309079e-05,2.1891357264511853e-05,1.8891819740474257e-06,9.51798141935298e-07,3.606600502474583e-05,5.1609155754157544e-05,0.6708839794090294,0.8878458498023715,0.043084779248092814,0.8714723320158103,0.902181324110672,0.7604743083003952,0.058879573260456355,0.9666666666666667,0.1,0.9866666666666667,0.04988876515698587,1.5386579497581777e-06,0.0,1000.0,0.11362421666854061,0.0007333040096873185,1000.0,"[5.889264020229174e-05, 6.27966941451056e-05, 2.206310086132306e-05, 2.8479990110997367e-05, 2.5939063093233187e-05, 5.884468138106065e-05, 8.870931692251367e-05, 8.644611250529106e-05, 9.438931132339294e-05, 2.582125600089953e-05, 2.21406879805229e-05, 5.0724481037500425e-05, 5.028714299660589e-05, 2.6294575287592774e-05, 4.972225973321967e-05, 1.828133753472668e-05, 7.690570868426566e-05, 1.4800871972448736e-05, 5.133174740524412e-05, 5.2947250452715804e-05, 3.135580365442175e-05, 3.622530839989882e-05, 3.3414276595008144e-05, 2.5916831707917795e-05, 3.426370945498955e-05, 9.686787360836039e-06, 3.706572680003998e-05, 5.173100964228112e-05, 3.054991575353833e-05, 4.7507963092840664e-05]","[0.9357707509881423, 0.7687747035573124, 0.8418972332015809, 0.9199604743083004, 0.8992094861660079, 0.782608695652174, 0.882411067193676, 0.874505928853755, 0.8280632411067194, 0.8992094861660079, 0.9130434782608695, 0.8300395256916996, 0.8695652173913043, 0.9387351778656127, 0.941699604743083, 0.884387351778656, 0.8418972332015809, 0.9278656126482213, 0.9090909090909092, 0.9130434782608695, 0.9278656126482213, 0.8725296442687748, 0.9031620553359685, 0.9071146245059288, 0.8952569169960475, 0.9288537549407114, 0.884387351778656, 0.8942687747035574, 0.933794466403162, 0.8863636363636364]","[0.83399209486166, 0.6284584980237155, 0.7075098814229249, 0.8102766798418973, 0.7707509881422926, 0.6284584980237155, 0.7391304347826086, 0.7312252964426879, 0.6996047430830039, 0.7786561264822134, 0.8102766798418973, 0.6837944664031621, 0.7233201581027668, 0.8260869565217391, 0.83399209486166, 0.7470355731225297, 0.6442687747035574, 0.8181818181818182, 0.7944664031620553, 0.7944664031620553, 0.7944664031620553, 0.7233201581027668, 0.7865612648221344, 0.7865612648221344, 0.7470355731225297, 0.8260869565217391, 0.7628458498023716, 0.8102766798418973, 0.8181818181818182, 0.7549407114624506]","[1.0, 1.0, 1.0, 1.0, 0.6666666666666666, 1.0, 1.0, 0.6666666666666666, 1.0, 1.0, 1.0, 1.0, 1.0, 1.0, 1.0, 1.0, 1.0, 1.0, 1.0, 1.0, 1.0, 1.0, 1.0, 1.0, 1.0, 1.0, 1.0, 0.6666666666666666, 1.0, 1.0]","[1.0, 1.0, 1.0, 1.0, 1.0, 1.0, 1.0, 1.0, 1.0, 1.0, 1.0, 1.0, 1.0, 1.0, 1.0, 1.0, 0.8, 1.0, 1.0, 1.0, 1.0, 1.0, 1.0, 1.0, 1.0, 1.0, 1.0, 1.0, 1.0, 0.8]"
credit,ridge,1000,3,23,b2_stratified,6.476706366034589e-05,3.6764918622641506e-05,2.815959289580256e-06,1.5984747227235438e-06,5.1419087242234795e-05,7.916312692138204e-05,1.0,0.9381422924901186,0.03230142288275855,0.9260861330698288,0.9491123188405797,0.837417654808959,0.05360295235383586,0.9111111111111112,0.14740554623801783,0.98,0.059999999999999984,2.491591139721212e-06,0.0,1000.0,0.11760358999890741,0.006950894333248033,1000.0,"[5.326032678044089e-05, 6.184798828654032e-05, 6.894957111251124e-05, 5.665436884549491e-05, 1.5008978072764423e-05, 0.00014397224952303694, 7.311192294030735e-05, 6.245593624215143e-05, 8.262852963582307e-05, 7.658649686736466e-05, 8.792031009656343e-05, 6.728414458988129e-05, 5.648249432731979e-05, 4.6081711072349976e-05, 3.3195754813521626e-05, 0.00011127004850473114, 1.7430298861402996e-05, 7.289792172801278e-05, 0.0001311383823752333, 1.128438990356786e-05, 0.00011102726197423748, 1.6003824682806167e-05, 2.228103935062875e-05, 4.2087343834164826e-05, 0.00011487491393662772, 5.4514941317910534e-05, 6.867037844727319e-05, 0.00013322334656969148, 1.8303733901936175e-05, 3.256330121608044e-05]","[0.9140316205533597, 0.9723320158102767, 0.824110671936759, 0.9476284584980237, 0.9634387351778656, 0.9268774703557312, 0.9525691699604744, 0.9555335968379446, 0.9249011857707511, 0.9496047430830039, 0.9288537549407114, 0.9466403162055337, 0.9367588932806324, 0.9525691699604744, 0.9100790513833993, 0.9693675889328063, 0.9545454545454547, 0.9762845849802372, 0.8695652173913043, 0.9288537549407114, 0.9298418972332017, 0.9802371541501977, 0.9634387351778656, 0.9357707509881423, 0.9258893280632412, 0.9209486166007905, 0.9061264822134387, 0.9446640316205533, 0.9841897233201581, 0.9486166007905139]","[0.7549407114624506, 0.8893280632411068, 0.691699604743083, 0.8735177865612648, 0.8814229249011858, 0.8102766798418973, 0.83399209486166, 0.8656126482213439, 0.7944664031620553, 0.857707509881423, 0.83399209486166, 0.8498023715415021, 0.83399209486166, 0.8814229249011858, 0.8023715415019763, 0.8972332015810277, 0.857707509881423, 0.8972332015810277, 0.7312252964426879, 0.8181818181818182, 0.7944664031620553, 0.9288537549407115, 0.8893280632411068, 0.841897233201581, 0.8260869565217391, 0.7865612648221344, 0.7944664031620553, 0.841897233201581, 0.9288537549407115, 0.83399209486166]","[1.0, 1.0, 0.6666666666666666, 1.0, 1.0, 1.0, 0.6666666666666666, 1.0, 1.0, 0.6666666666666666, 1.0, 1.0, 1.0, 1.0, 1.0, 1.0, 0.6666666666666666, 0.6666666666666666, 1.0, 1.0, 0.6666666666666666, 1.0, 1.0, 1.0, 1.0, 0.6666666666666666, 1.0, 1.0, 1.0, 0.6666666666666666]","[1.0, 1.0, 1.0, 1.0, 1.0, 1.0, 1.0, 1.0, 0.8, 1.0, 0.8, 1.0, 1.0, 1.0, 1.0, 1.0, 1.0, 1.0, 0.8, 1.0, 1.0, 1.0, 1.0, 1.0, 1.0, 1.0, 1.0, 1.0, 1.0, 1.0]"
credit,ridge,1000,3,23,b3_is,2.955439016693671e-05,2.0418287218576522e-05,1.2849734855189875e-06,8.877516181989792e-07,2.2569794579413544e-05,3.737418304202666e-05,0.4563182039860116,0.9580698287220026,0.028176998708937744,0.9471665019762845,0.9670298089591569,0.8806324110671937,0.04482754822040091,0.9222222222222222,0.14098419489388356,1.0,0.0,9.33188798001496e-07,0.0,1000.0,0.13590925666406595,0.0007843332975438234,1000.0,"[2.358775280231639e-05, 8.054581526781663e-05, 1.751646737791573e-05, 3.69132148604266e-05, 2.0693513395777642e-05, 1.9796804875528007e-05, 1.4824112431371542e-05, 4.207364632780726e-05, 7.743768874651369e-05, 2.813813383894075e-05, 5.367259359048554e-05, 7.082693772161014e-06, 6.334319863848678e-06, 1.9748561339878725e-05, 1.4873127185905953e-05, 2.9848298675893604e-05, 7.376472101907047e-05, 6.178744526117619e-05, 8.01085250775943e-06, 4.250813148255382e-05, 1.9702891915092467e-05, 3.5562375149185306e-05, 2.380874295619032e-05, 1.5658707213756783e-05, 2.0816662200409174e-05, 1.7437849309141156e-05, 7.657957846630128e-06, 2.3243558569630684e-05, 2.6530867764209524e-05, 1.705419746070806e-05]","[0.9664031620553359, 0.9920948616600791, 0.9851778656126482, 0.9634387351778656, 0.9792490118577075, 0.9604743083003953, 0.9328063241106721, 0.9189723320158102, 0.9861660079051384, 0.9733201581027668, 0.9496047430830039, 0.9614624505928853, 0.9535573122529646, 0.9693675889328063, 0.9772727272727272, 0.974308300395257, 0.8794466403162056, 0.9515810276679842, 0.9634387351778656, 0.9881422924901186, 0.9782608695652174, 0.908102766798419, 0.9466403162055337, 0.9822134387351777, 0.950592885375494, 0.9446640316205533, 0.9891304347826088, 0.9851778656126482, 0.8932806324110673, 0.9377470355731227]","[0.8893280632411068, 0.9604743083003953, 0.9209486166007905, 0.8814229249011858, 0.9051383399209486, 0.8972332015810277, 0.83399209486166, 0.8181818181818182, 0.9367588932806324, 0.8972332015810277, 0.8814229249011858, 0.8735177865612648, 0.8735177865612648, 0.8814229249011858, 0.9051383399209486, 0.8972332015810277, 0.7707509881422926, 0.8656126482213439, 0.8814229249011858, 0.9367588932806324, 0.9288537549407115, 0.8102766798418973, 0.8656126482213439, 0.9130434782608695, 0.857707509881423, 0.8656126482213439, 0.9367588932806324, 0.9130434782608695, 0.7786561264822134, 0.841897233201581]","[1.0, 1.0, 1.0, 1.0, 1.0, 1.0, 0.6666666666666666, 0.6666666666666666, 1.0, 1.0, 0.6666666666666666, 1.0, 1.0, 0.6666666666666666, 1.0, 0.6666666666666666, 1.0, 0.6666666666666666, 0.6666666666666666, 1.0, 1.0, 1.0, 1.0, 1.0, 1.0, 1.0, 1.0, 1.0, 1.0, 1.0]","[1.0, 1.0, 1.0, 1.0, 1.0, 1.0, 1.0, 1.0, 1.0, 1.0, 1.0, 1.0, 1.0, 1.0, 1.0, 1.0, 1.0, 1.0, 1.0, 1.0, 1.0, 1.0, 1.0, 1.0, 1.0, 1.0, 1.0, 1.0, 1.0, 1.0]"
credit,ridge,1000,3,23,b4_antithetic,6.909798898507116e-06,1.8732951511367226e-06,3.0042603906552676e-07,8.144761526681402e-08,6.269832444178108e-06,7.641900151323978e-06,0.10668692554511609,0.9628458498023718,0.021723554127458387,0.9545429841897233,0.9697628458498024,0.8895915678524374,0.04038503687063599,1.0,0.0,1.0,0.0,7.202659035843161e-08,0.0,1000.0,0.11035610000156643,0.0022367347628054974,1000.0,"[7.771910788573249e-06, 6.192571677759571e-06, 5.435400963010356e-06, 4.806658082716255e-06, 5.101258930647888e-06, 7.06169592838148e-06, 6.841902215808308e-06, 5.820736452943593e-06, 5.340131019548918e-06, 8.925621522674273e-06, 7.82821585809543e-06, 5.089958464793296e-06, 5.976749413115636e-06, 7.045302539736084e-06, 5.003427690732067e-06, 6.04171001935104e-06, 1.127012943089709e-05, 6.391382441579926e-06, 7.015832118147628e-06, 9.4793163792761e-06, 6.801876085146022e-06, 4.6219379945488665e-06, 6.516087875767376e-06, 6.581513745857872e-06, 8.43500789180524e-06, 6.304216143217212e-06, 8.778556767945678e-06, 4.881560661563276e-06, 1.2846493093059031e-05, 7.0868047585146904e-06]","[0.9693675889328063, 0.9308300395256918, 0.974308300395257, 0.9792490118577075, 0.991106719367589, 0.9812252964426879, 0.9446640316205533, 0.9634387351778656, 0.9782608695652174, 0.9525691699604744, 0.9594861660079053, 0.9802371541501977, 0.9604743083003953, 0.9683794466403162, 0.9703557312252965, 0.958498023715415, 0.9090909090909092, 0.9762845849802372, 0.974308300395257, 0.9614624505928853, 0.9891304347826088, 0.9654150197628459, 0.9812252964426879, 0.9762845849802372, 0.9515810276679842, 0.9782608695652174, 0.8982213438735178, 0.9268774703557312, 0.958498023715415, 0.9762845849802372]","[0.8893280632411068, 0.83399209486166, 0.9209486166007905, 0.9288537549407115, 0.9446640316205535, 0.9130434782608695, 0.857707509881423, 0.8972332015810277, 0.9288537549407115, 0.8735177865612648, 0.8735177865612648, 0.9288537549407115, 0.8656126482213439, 0.8972332015810277, 0.9051383399209486, 0.8814229249011858, 0.8102766798418973, 0.9130434782608695, 0.9051383399209486, 0.8893280632411068, 0.9446640316205535, 0.8893280632411068, 0.9209486166007905, 0.9130434782608695, 0.8735177865612648, 0.9130434782608695, 0.7628458498023716, 0.8260869565217391, 0.8656126482213439, 0.9209486166007905]","[1.0, 1.0, 1.0, 1.0, 1.0, 1.0, 1.0, 1.0, 1.0, 1.0, 1.0, 1.0, 1.0, 1.0, 1.0, 1.0, 1.0, 1.0, 1.0, 1.0, 1.0, 1.0, 1.0, 1.0, 1.0, 1.0, 1.0, 1.0, 1.0, 1.0]","[1.0, 1.0, 1.0, 1.0, 1.0, 1.0, 1.0, 1.0, 1.0, 1.0, 1.0, 1.0, 1.0, 1.0, 1.0, 1.0, 1.0, 1.0, 1.0, 1.0, 1.0, 1.0, 1.0, 1.0, 1.0, 1.0, 1.0, 1.0, 1.0, 1.0]"
credit,ridge,1000,4,23,abc_shap,0.00020123702280719079,6.826950924138354e-05,8.749435774225687e-06,2.968239532234067e-06,0.00017619268332857402,0.00022563538034439199,4.050300823623764,0.8963438735177865,0.0574837004457995,0.8759214426877471,0.9169688735177864,0.7675889328063241,0.09267573685219188,0.8000000000000002,0.16329931618554522,0.8266666666666668,0.1339983416149452,8.550081482506162e-06,828.0,172.0,0.14184706332938124,0.008551477562596856,828.0,"[0.0003282317677540425, 0.00027140216876833125, 0.0001962225659278151, 0.00026505612818756, 0.00030074956909220495, 0.00021703629905866608, 0.0002479499284121917, 0.00014069192798160383, 0.00021661916611939006, 0.0002743461339788455, 0.00015734073998106366, 0.0002609869445366776, 0.00014470404575964418, 0.00011533300419500528, 9.7612702730021e-05, 0.00025070178321947217, 0.0001872747949866398, 0.0001591585917558472, 0.0001445279157638408, 0.00010341264733622334, 0.00018275137830767258, 0.00020555903212845326, 0.00021616454569608364, 0.0001167978064139628, 8.741632235958765e-05, 0.00014059954295507593, 0.0002224081245992281, 0.0002392739443598043, 0.0003522271595308265, 0.00019455400231994292]","[0.8359683794466403, 0.9594861660079053, 0.9693675889328063, 0.8211462450592886, 0.7855731225296443, 0.8972332015810277, 0.9723320158102767, 0.9802371541501977, 0.8725296442687748, 0.8438735177865613, 0.9308300395256918, 0.8152173913043478, 0.9318181818181819, 0.9288537549407114, 0.950592885375494, 0.9100790513833993, 0.8942687747035574, 0.8774703557312253, 0.9693675889328063, 0.950592885375494, 0.9189723320158102, 0.8399209486166009, 0.9090909090909092, 0.9594861660079053, 0.9308300395256918, 0.91600790513834, 0.8478260869565217, 0.7885375494071146, 0.8211462450592886, 0.8616600790513835]","[0.6758893280632412, 0.9051383399209486, 0.8814229249011858, 0.6363636363636365, 0.6047430830039525, 0.7707509881422926, 0.8814229249011858, 0.9209486166007905, 0.7944664031620553, 0.6837944664031621, 0.83399209486166, 0.6521739130434783, 0.8102766798418973, 0.8023715415019763, 0.8260869565217391, 0.7944664031620553, 0.7628458498023716, 0.7470355731225297, 0.8814229249011858, 0.841897233201581, 0.7944664031620553, 0.6442687747035574, 0.7944664031620553, 0.857707509881423, 0.7944664031620553, 0.7865612648221344, 0.691699604743083, 0.557312252964427, 0.6837944664031621, 0.7154150197628459]","[1.0, 0.6666666666666666, 0.6666666666666666, 1.0, 0.6666666666666666, 0.6666666666666666, 0.6666666666666666, 1.0, 1.0, 0.6666666666666666, 0.6666666666666666, 1.0, 0.6666666666666666, 0.6666666666666666, 1.0, 0.6666666666666666, 1.0, 0.6666666666666666, 0.6666666666666666, 1.0, 0.6666666666666666, 0.6666666666666666, 1.0, 1.0, 0.6666666666666666, 1.0, 0.6666666666666666, 0.6666666666666666, 1.0, 0.6666666666666666]","[0.6, 0.8, 0.8, 0.6, 0.8, 1.0, 1.0, 1.0, 0.8, 0.8, 0.8, 0.6, 1.0, 0.8, 1.0, 0.8, 0.8, 0.8, 0.8, 0.8, 1.0, 0.6, 1.0, 1.0, 0.8, 0.8, 1.0, 0.8, 0.6, 0.8]"
credit,ridge,1000,4,23,b1_uniform,2.4660984308567936e-05,9.953104598636325e-06,1.0722167090681711e-06,4.3274367820157933e-07,2.1236311276749075e-05,2.8541746766511983e-05,0.496352031365852,0.9555006587615285,0.018077843517566316,0.9488125823451911,0.9615620882740448,0.8529644268774704,0.03608762754312514,0.9333333333333333,0.13333333333333333,0.9866666666666667,0.04988876515698587,9.121061985587443e-07,0.0,1000.0,0.11702104666813587,0.012200169709921847,1000.0,"[1.6402666419214016e-05, 9.973993420998623e-06, 1.879354957597718e-05, 2.313061714403923e-05, 1.6524138177633516e-05, 2.4655317421545656e-05, 3.585122696452196e-05, 2.1489687560041254e-05, 3.2215998370346405e-05, 2.998318968799288e-05, 1.1687570613822331e-05, 3.478048202530195e-05, 1.3578550978492326e-05, 3.0424043546603266e-05, 4.7417576174598494e-05, 1.5222966353722485e-05, 1.1420785028806118e-05, 4.5222976125381325e-05, 2.7503064985982684e-05, 2.0443293385368002e-05, 1.7548461255628943e-05, 3.5229777053430306e-05, 2.0364745120572004e-05, 2.5828784088109982e-05, 2.0479367950286062e-05, 2.47783688671661e-05, 3.8907163730413266e-05, 2.593457438914109e-05, 1.000664906133407e-05, 3.4029943780566545e-05]","[0.9486166007905139, 0.9693675889328063, 0.974308300395257, 0.9436758893280633, 0.9634387351778656, 0.9683794466403162, 0.9693675889328063, 0.9614624505928853, 0.9318181818181819, 0.9239130434782609, 0.9841897233201581, 0.9466403162055337, 0.9614624505928853, 0.9486166007905139, 0.941699604743083, 0.9476284584980237, 0.9703557312252965, 0.9268774703557312, 0.9624505928853755, 0.9515810276679842, 0.9654150197628459, 0.9644268774703558, 0.9772727272727272, 0.950592885375494, 0.9693675889328063, 0.9071146245059288, 0.9318181818181819, 0.9496047430830039, 0.9782608695652174, 0.9752964426877472]","[0.841897233201581, 0.8893280632411068, 0.8814229249011858, 0.83399209486166, 0.8735177865612648, 0.8814229249011858, 0.8735177865612648, 0.8498023715415021, 0.7944664031620553, 0.8023715415019763, 0.9209486166007905, 0.83399209486166, 0.8735177865612648, 0.83399209486166, 0.8102766798418973, 0.83399209486166, 0.8893280632411068, 0.8023715415019763, 0.857707509881423, 0.841897233201581, 0.8814229249011858, 0.857707509881423, 0.8972332015810277, 0.8498023715415021, 0.8814229249011858, 0.7628458498023716, 0.8181818181818182, 0.83399209486166, 0.9051383399209486, 0.8814229249011858]","[1.0, 1.0, 0.6666666666666666, 1.0, 1.0, 1.0, 0.6666666666666666, 1.0, 0.6666666666666666, 1.0, 1.0, 1.0, 1.0, 1.0, 1.0, 1.0, 1.0, 1.0, 1.0, 0.6666666666666666, 1.0, 1.0, 1.0, 1.0, 1.0, 1.0, 0.6666666666666666, 1.0, 1.0, 0.6666666666666666]","[1.0, 1.0, 1.0, 1.0, 1.0, 1.0, 0.8, 1.0, 1.0, 1.0, 1.0, 1.0, 1.0, 1.0, 1.0, 1.0, 1.0, 1.0, 1.0, 1.0, 1.0, 0.8, 1.0, 1.0, 1.0, 1.0, 1.0, 1.0, 1.0, 1.0]"
credit,ridge,1000,4,23,b2_stratified,4.968446334490928e-05,2.5967859811028603e-05,2.1601940584743168e-06,1.1290373830882002e-06,4.0517858613207414e-05,6.073145086645925e-05,1.0,0.9775362318840579,0.0108483843616848,0.9736495388669301,0.981258234519104,0.909090909090909,0.02530879145230375,0.8666666666666668,0.16329931618554522,0.9333333333333333,0.09428090415820632,1.9755958459530347e-06,0.0,1000.0,0.11814872999869598,0.013102008328959195,1000.0,"[7.979351381174639e-05, 2.6967811795056664e-05, 3.7426755938216257e-05, 4.7032797324716924e-05, 6.139570812045595e-05, 4.0588673976561794e-05, 3.215223621913435e-05, 1.239747919081653e-05, 4.344390006252933e-05, 2.9779654389869167e-05, 2.1587379845468083e-05, 3.6408066478723745e-05, 4.165297060022043e-05, 2.871998454475532e-05, 2.190389540697817e-05, 4.378783250190959e-05, 8.707292305209051e-05, 5.06119084063095e-05, 5.767046028751684e-05, 7.585103477693117e-05, 6.633668662635612e-05, 0.00011743472595662535, 0.00011272405443562101, 3.9538125910729576e-05, 3.807388358304241e-05, 8.303839680905942e-05, 6.743237186198974e-05, 3.0750815392267624e-05, 3.928452764663921e-05, 1.9675325394941353e-05]","[0.9802371541501977, 0.9822134387351777, 0.9654150197628459, 0.9891304347826088, 0.9713438735177865, 0.991106719367589, 0.941699604743083, 0.9752964426877472, 0.9871541501976285, 0.9683794466403162, 0.9812252964426879, 0.9871541501976285, 0.9624505928853755, 0.9792490118577075, 0.9723320158102767, 0.9792490118577075, 0.9861660079051384, 0.9792490118577075, 0.9822134387351777, 0.9673913043478262, 0.983201581027668, 0.9703557312252965, 0.9841897233201581, 0.9713438735177865, 0.9644268774703558, 0.9901185770750988, 0.9881422924901186, 0.9851778656126482, 0.9683794466403162, 0.9920948616600791]","[0.9130434782608695, 0.9209486166007905, 0.8735177865612648, 0.9367588932806324, 0.8893280632411068, 0.9604743083003953, 0.857707509881423, 0.8972332015810277, 0.9367588932806324, 0.8814229249011858, 0.9209486166007905, 0.9288537549407115, 0.857707509881423, 0.9051383399209486, 0.9051383399209486, 0.9051383399209486, 0.9209486166007905, 0.9130434782608695, 0.9209486166007905, 0.8972332015810277, 0.9209486166007905, 0.8893280632411068, 0.9209486166007905, 0.8893280632411068, 0.8656126482213439, 0.9288537549407115, 0.9288537549407115, 0.9288537549407115, 0.9051383399209486, 0.9525691699604742]","[1.0, 0.6666666666666666, 0.6666666666666666, 1.0, 1.0, 1.0, 1.0, 0.6666666666666666, 1.0, 1.0, 1.0, 1.0, 0.6666666666666666, 0.6666666666666666, 1.0, 0.6666666666666666, 0.6666666666666666, 1.0, 1.0, 0.6666666666666666, 1.0, 1.0, 1.0, 0.6666666666666666, 0.6666666666666666, 1.0, 0.6666666666666666, 1.0, 1.0, 0.6666666666666666]","[0.8, 1.0, 1.0, 0.8, 0.8, 1.0, 0.8, 1.0, 1.0, 0.8, 1.0, 1.0, 1.0, 1.0, 1.0, 1.0, 0.8, 1.0, 1.0, 1.0, 1.0, 1.0, 0.8, 1.0, 0.8, 1.0, 1.0, 0.8, 0.8, 1.0]"
credit,ridge,1000,4,23,b3_is,1.4748768942955508e-05,8.868896140806937e-06,6.412508236067612e-07,3.856041800350842e-07,1.1879916380589494e-05,1.8181038863943894e-05,0.2968487118512206,0.9901515151515152,0.00506100805896435,0.9882073451910407,0.9917992424242426,0.946772068511199,0.018362320305859655,0.9666666666666667,0.1,0.9533333333333333,0.08459051693633012,5.697652911596412e-07,0.0,1000.0,0.13772017666584968,0.006398933293793506,1000.0,"[1.3360744245855283e-05, 1.6577859035022397e-05, 1.2503800965335071e-05, 1.4631724355106123e-05, 9.813337954267282e-06, 4.9369575537824255e-06, 9.023292066797252e-06, 7.807033717463285e-06, 1.639118251944424e-05, 4.888231740711198e-06, 6.1157201106846195e-06, 1.5812737379241133e-05, 1.8531208062755738e-05, 4.78761051186996e-06, 2.070700159118246e-05, 1.5644879461447753e-05, 7.291092927020806e-06, 2.842817428822742e-05, 1.758101825848618e-05, 6.091304541883647e-06, 1.2727923290306826e-05, 4.109881819629205e-05, 3.482866191856274e-05, 2.7637413947568602e-05, 1.5275597943720523e-05, 1.5397038822662728e-05, 2.0280570784118042e-05, 2.6245754614145947e-06, 1.3994235182812818e-05, 7.673321454622014e-06]","[0.9861660079051384, 0.991106719367589, 0.9901185770750988, 0.9920948616600791, 0.9901185770750988, 0.9980237154150198, 0.9920948616600791, 0.9950592885375494, 0.9901185770750988, 0.9940711462450593, 0.9920948616600791, 0.9970355731225298, 0.9871541501976285, 0.9851778656126482, 0.9920948616600791, 0.9891304347826088, 0.9930830039525691, 0.9792490118577075, 0.9881422924901186, 0.9881422924901186, 0.9920948616600791, 0.9841897233201581, 0.991106719367589, 0.9920948616600791, 0.9940711462450593, 0.9723320158102767, 0.9891304347826088, 0.9940711462450593, 0.9950592885375494, 0.9901185770750988]","[0.9367588932806324, 0.9525691699604742, 0.9367588932806324, 0.9525691699604742, 0.9446640316205535, 0.9841897233201582, 0.9525691699604742, 0.9683794466403163, 0.9446640316205535, 0.9683794466403163, 0.9525691699604742, 0.9762845849802372, 0.9367588932806324, 0.9367588932806324, 0.9525691699604742, 0.9367588932806324, 0.9525691699604742, 0.9130434782608695, 0.9288537549407115, 0.9446640316205535, 0.9525691699604742, 0.9209486166007905, 0.9446640316205535, 0.9525691699604742, 0.9604743083003953, 0.8972332015810277, 0.9288537549407115, 0.9683794466403163, 0.9683794466403163, 0.9367588932806324]","[1.0, 1.0, 1.0, 1.0, 1.0, 1.0, 1.0, 1.0, 1.0, 1.0, 1.0, 1.0, 1.0, 1.0, 0.6666666666666666, 1.0, 1.0, 1.0, 0.6666666666666666, 1.0, 1.0, 0.6666666666666666, 1.0, 1.0, 1.0, 1.0, 1.0, 1.0, 1.0, 1.0]","[1.0, 0.8, 1.0, 1.0, 0.8, 1.0, 1.0, 1.0, 0.8, 1.0, 1.0, 1.0, 1.0, 1.0, 0.8, 1.0, 1.0, 1.0, 1.0, 1.0, 1.0, 1.0, 0.8, 0.8, 1.0, 0.8, 1.0, 1.0, 1.0, 1.0]"
credit,ridge,1000,4,23,b4_antithetic,3.2086056078936585e-06,5.353942437063469e-07,1.3950459164755036e-07,2.3278010595928126e-08,3.0104123769624666e-06,3.420761289046389e-06,0.06457965713787699,0.9907773386034258,0.003955313057253789,0.9891296113306981,0.9920619235836629,0.9465085638998683,0.013334999661533583,1.0,0.0,1.0,0.0,1.7210727994898883e-08,0.0,1000.0,0.11026452000272305,0.0051320479973609445,1000.0,"[3.003214601882079e-06, 3.314174308481001e-06, 2.481455902171214e-06, 3.1516517355742453e-06, 2.6236216453445834e-06, 3.5823378477077e-06, 2.8432913015081593e-06, 3.6745290140432022e-06, 3.918754632691426e-06, 4.612769332136681e-06, 2.621531122322958e-06, 3.280379579815816e-06, 3.3521001726702837e-06, 2.645908204434001e-06, 2.7548157440212256e-06, 2.626749146761142e-06, 3.1117513814697447e-06, 2.701025401102347e-06, 3.4807579704370525e-06, 3.8090614437556907e-06, 3.0876012208360775e-06, 2.931979767122738e-06, 2.826020552299386e-06, 4.393200053643236e-06, 3.5320016721822365e-06, 2.7700100775793754e-06, 2.605369719486551e-06, 3.7600203746401193e-06, 3.149343948988721e-06, 3.612740361700756e-06]","[0.9881422924901186, 0.9940711462450593, 0.9940711462450593, 0.9891304347826088, 0.9940711462450593, 0.9920948616600791, 0.9920948616600791, 0.9891304347826088, 0.9920948616600791, 0.9940711462450593, 0.9940711462450593, 0.9920948616600791, 0.9901185770750988, 0.9920948616600791, 0.991106719367589, 0.9960474308300397, 0.9881422924901186, 0.9930830039525691, 0.9881422924901186, 0.9891304347826088, 0.991106719367589, 0.9930830039525691, 0.991106719367589, 0.9772727272727272, 0.991106719367589, 0.991106719367589, 0.9950592885375494, 0.9792490118577075, 0.9920948616600791, 0.9891304347826088]","[0.9288537549407115, 0.9604743083003953, 0.9604743083003953, 0.9367588932806324, 0.9604743083003953, 0.9525691699604742, 0.9525691699604742, 0.9367588932806324, 0.9446640316205535, 0.9604743083003953, 0.9604743083003953, 0.9525691699604742, 0.9367588932806324, 0.9525691699604742, 0.9446640316205535, 0.9683794466403163, 0.9288537549407115, 0.9604743083003953, 0.9367588932806324, 0.9367588932806324, 0.9446640316205535, 0.9525691699604742, 0.9446640316205535, 0.9130434782608695, 0.9446640316205535, 0.9446640316205535, 0.9683794466403163, 0.9209486166007905, 0.9525691699604742, 0.9367588932806324]","[1.0, 1.0, 1.0, 1.0, 1.0, 1.0, 1.0, 1.0, 1.0, 1.0, 1.0, 1.0, 1.0, 1.0, 1.0, 1.0, 1.0, 1.0, 1.0, 1.0, 1.0, 1.0, 1.0, 1.0, 1.0, 1.0, 1.0, 1.0, 1.0, 1.0]","[1.0, 1.0, 1.0, 1.0, 1.0, 1.0, 1.0, 1.0, 1.0, 1.0, 1.0, 1.0, 1.0, 1.0, 1.0, 1.0, 1.0, 1.0, 1.0, 1.0, 1.0, 1.0, 1.0, 1.0, 1.0, 1.0, 1.0, 1.0, 1.0, 1.0]"
credit,ridge,1000,5,23,abc_shap,0.00016840299764499798,8.777743926060338e-05,7.321869462825999e-06,3.81641040263493e-06,0.00013805083212639906,0.00020164003509928248,4.83197466327715,0.9081357048748354,0.05227978347321235,0.8876465744400529,0.9269112318840581,0.7841897233201582,0.0756074585313633,0.7666666666666668,0.1753303759784389,0.9533333333333334,0.08459051693633012,6.982422572012248e-06,828.0,172.0,0.142133310000645,0.01242353399719823,828.0,"[7.806349823386786e-05, 0.00015131431162354852, 0.0003209634923875729, 0.00020901876190057803, 0.00015906171847179115, 0.0004339934407295269, 6.856589100079453e-05, 0.0003140695074297151, 9.878080132608376e-05, 0.00011097055331661211, 0.00013504429554635702, 0.00018098861546114929, 9.621077447483932e-05, 7.807645903976859e-05, 0.0001603992255706316, 0.0002562873501660149, 0.0001339738622485382, 0.00011480870471008585, 7.402225172258304e-05, 0.00012708175359442365, 0.00011217602749975881, 0.00024657836981818054, 0.00014050780798262913, 0.00019913869243432964, 0.0002603339484973153, 0.00021349872103576008, 5.485603555357107e-05, 0.0001363987789253979, 0.00027728659548854434, 0.00010961968315996968]","[0.882411067193676, 0.816205533596838, 0.8883399209486167, 0.9219367588932808, 0.8181818181818183, 0.8666007905138341, 0.9525691699604744, 0.9150197628458498, 0.9397233201581027, 0.9397233201581027, 0.7915019762845852, 0.7915019762845852, 0.9426877470355731, 0.9426877470355731, 0.9673913043478262, 0.91600790513834, 0.9169960474308301, 0.9051383399209486, 0.9515810276679842, 0.9466403162055337, 0.9604743083003953, 0.9624505928853755, 0.8952569169960475, 0.8794466403162056, 0.8369565217391305, 0.8982213438735178, 0.983201581027668, 0.9644268774703558, 0.908102766798419, 0.9426877470355731]","[0.7470355731225297, 0.6758893280632412, 0.7154150197628459, 0.8260869565217391, 0.6679841897233202, 0.6837944664031621, 0.841897233201581, 0.7707509881422926, 0.841897233201581, 0.8260869565217391, 0.6205533596837944, 0.6205533596837944, 0.841897233201581, 0.8102766798418973, 0.8814229249011858, 0.7865612648221344, 0.8023715415019763, 0.7944664031620553, 0.8498023715415021, 0.8498023715415021, 0.857707509881423, 0.8498023715415021, 0.7786561264822134, 0.7312252964426879, 0.7154150197628459, 0.7628458498023716, 0.9130434782608695, 0.8735177865612648, 0.7707509881422926, 0.8181818181818182]","[1.0, 1.0, 0.6666666666666666, 0.6666666666666666, 0.6666666666666666, 0.6666666666666666, 1.0, 0.6666666666666666, 1.0, 1.0, 1.0, 0.6666666666666666, 0.6666666666666666, 0.6666666666666666, 1.0, 0.3333333333333333, 0.6666666666666666, 1.0, 0.6666666666666666, 0.6666666666666666, 0.6666666666666666, 0.6666666666666666, 1.0, 0.6666666666666666, 0.6666666666666666, 1.0, 0.6666666666666666, 0.6666666666666666, 0.6666666666666666, 0.6666666666666666]","[1.0, 1.0, 0.8, 1.0, 1.0, 0.8, 1.0, 1.0, 1.0, 1.0, 1.0, 1.0, 1.0, 1.0, 1.0, 0.8, 0.8, 1.0, 1.0, 1.0, 1.0, 0.8, 1.0, 1.0, 1.0, 0.8, 1.0, 1.0, 0.8, 1.0]"
credit,ridge,1000,5,23,b1_uniform,2.8949367194286272e-05,1.0023226949138687e-05,1.2586681388820118e-06,4.357924760495081e-07,2.5650656179842057e-05,3.272106724683015e-05,0.8306420358120797,0.9200263504611331,0.028164578549255182,0.909845191040843,0.9300732872200262,0.8137022397891963,0.041764441826952,0.9888888888888888,0.059835164523716726,1.0,0.0,1.1002707975170729e-06,0.0,1000.0,0.11601013000181411,0.009989839167251538,1000.0,"[5.9935134651586215e-05, 2.941780805459514e-05, 2.0772318166165344e-05, 2.9342291537587638e-05, 1.803404414441583e-05, 1.717263496287597e-05, 2.0869628093683884e-05, 3.6853794428670106e-05, 2.7892298277104628e-05, 2.2005325536508777e-05, 2.92265408980906e-05, 3.711756514674322e-05, 4.47314720285995e-05, 1.0061069415863627e-05, 3.294156817749266e-05, 4.938858387134535e-05, 2.7993613379520645e-05, 2.785765897212559e-05, 2.8760047087539396e-05, 3.232798517579501e-05, 2.9046754532837634e-05, 2.567218483075277e-05, 1.7729142646930505e-05, 3.125257528700127e-05, 2.538693445961628e-05, 1.6027995281057258e-05, 2.4452084132748486e-05, 3.6709269307033824e-05, 2.5980476222528865e-05, 3.3522217121772115e-05]","[0.9021739130434783, 0.9397233201581027, 0.9140316205533597, 0.892292490118577, 0.9199604743083004, 0.9644268774703558, 0.9357707509881423, 0.884387351778656, 0.9071146245059288, 0.9347826086956521, 0.8863636363636364, 0.8913043478260869, 0.9209486166007905, 0.9288537549407114, 0.874505928853755, 0.9357707509881423, 0.9278656126482213, 0.9041501976284586, 0.9604743083003953, 0.9308300395256918, 0.9555335968379446, 0.9654150197628459, 0.91600790513834, 0.8784584980237155, 0.9525691699604744, 0.9535573122529646, 0.9456521739130436, 0.9090909090909092, 0.9110671936758895, 0.8577075098814229]","[0.7865612648221344, 0.857707509881423, 0.8023715415019763, 0.7865612648221344, 0.8102766798418973, 0.8735177865612648, 0.8181818181818182, 0.7391304347826086, 0.7944664031620553, 0.8498023715415021, 0.7549407114624506, 0.7865612648221344, 0.8181818181818182, 0.83399209486166, 0.7391304347826086, 0.841897233201581, 0.8181818181818182, 0.7944664031620553, 0.857707509881423, 0.8181818181818182, 0.8656126482213439, 0.8893280632411068, 0.8181818181818182, 0.7628458498023716, 0.857707509881423, 0.8656126482213439, 0.8498023715415021, 0.7865612648221344, 0.8023715415019763, 0.7312252964426879]","[1.0, 1.0, 1.0, 1.0, 1.0, 1.0, 1.0, 1.0, 1.0, 1.0, 0.6666666666666666, 1.0, 1.0, 1.0, 1.0, 1.0, 1.0, 1.0, 1.0, 1.0, 1.0, 1.0, 1.0, 1.0, 1.0, 1.0, 1.0, 1.0, 1.0, 1.0]","[1.0, 1.0, 1.0, 1.0, 1.0, 1.0, 1.0, 1.0, 1.0, 1.0, 1.0, 1.0, 1.0, 1.0, 1.0, 1.0, 1.0, 1.0, 1.0, 1.0, 1.0, 1.0, 1.0, 1.0, 1.0, 1.0, 1.0, 1.0, 1.0, 1.0]"
credit,ridge,1000,5,23,b2_stratified,3.4851796497373064e-05,1.713994726862833e-05,1.5152954998857853e-06,7.452150986360144e-07,2.917285938942725e-05,4.157989651468345e-05,1.0,0.9775032938076417,0.011120247779266637,0.973318511198946,0.9811602437417655,0.9085638998682477,0.02803694017648454,0.9,0.1527525231651947,0.9800000000000001,0.05999999999999999,1.4107902671415333e-06,0.0,1000.0,0.11586934333317914,0.0011149258182061486,1000.0,"[4.832369401294658e-05, 3.602076505257611e-05, 3.239639835209136e-05, 1.6043753411197764e-05, 5.147030711158159e-05, 1.1690660295069601e-05, 3.0034066246906074e-05, 4.035727497865532e-05, 4.167975933063842e-05, 5.261404798090307e-05, 1.6655094534819906e-05, 7.495045597492486e-05, 2.9246071226961928e-05, 3.89538910395782e-05, 4.0492009501064945e-05, 4.86152186648634e-05, 1.975896643838568e-05, 1.2611555209713699e-05, 4.16466588868116e-05, 4.0737200451376045e-05, 1.3791975284192941e-05, 5.409390957536554e-05, 1.013996873527843e-05, 1.8073241403458544e-05, 1.5771108446687616e-05, 6.211939807997023e-05, 5.919507348049997e-05, 3.918458047453362e-05, 1.0495245479423639e-05, 3.839154526071534e-05]","[0.9841897233201581, 0.9881422924901186, 0.9871541501976285, 0.9624505928853755, 0.9575098814229249, 0.9703557312252965, 0.9861660079051384, 0.9426877470355731, 0.9664031620553359, 0.9871541501976285, 0.9841897233201581, 0.9792490118577075, 0.9920948616600791, 0.9683794466403162, 0.9683794466403162, 0.9693675889328063, 0.9812252964426879, 0.9841897233201581, 0.9871541501976285, 0.9871541501976285, 0.9782608695652174, 0.9772727272727272, 0.9861660079051384, 0.9812252964426879, 0.9772727272727272, 0.9614624505928853, 0.9861660079051384, 0.983201581027668, 0.9861660079051384, 0.974308300395257]","[0.9288537549407115, 0.9367588932806324, 0.9288537549407115, 0.8735177865612648, 0.8656126482213439, 0.9130434782608695, 0.9209486166007905, 0.841897233201581, 0.8893280632411068, 0.9209486166007905, 0.9367588932806324, 0.8972332015810277, 0.9446640316205535, 0.857707509881423, 0.8735177865612648, 0.8814229249011858, 0.9209486166007905, 0.9209486166007905, 0.9367588932806324, 0.9288537549407115, 0.9209486166007905, 0.9051383399209486, 0.9367588932806324, 0.9288537549407115, 0.9051383399209486, 0.857707509881423, 0.9367588932806324, 0.9209486166007905, 0.9288537549407115, 0.8972332015810277]","[1.0, 0.6666666666666666, 1.0, 1.0, 1.0, 1.0, 1.0, 1.0, 1.0, 1.0, 1.0, 1.0, 0.6666666666666666, 0.6666666666666666, 0.6666666666666666, 1.0, 1.0, 0.6666666666666666, 0.6666666666666666, 0.6666666666666666, 0.6666666666666666, 1.0, 1.0, 1.0, 1.0, 0.6666666666666666, 1.0, 1.0, 1.0, 1.0]","[1.0, 1.0, 1.0, 1.0, 1.0, 1.0, 1.0, 1.0, 1.0, 1.0, 1.0, 1.0, 0.8, 1.0, 0.8, 1.0, 1.0, 1.0, 1.0, 1.0, 1.0, 1.0, 1.0, 1.0, 1.0, 1.0, 1.0, 0.8, 1.0, 1.0]"
credit,ridge,1000,5,23,b3_is,1.2370992251869918e-05,8.514814576193858e-06,5.378692283421703e-07,3.7020932939973293e-07,9.675323531554064e-06,1.5604936819082312e-05,0.35495995888769677,0.9867259552042161,0.005981775953142804,0.9845841567852437,0.9887689393939396,0.9415019762845849,0.017510669539748256,0.9777777777777777,0.08314794192830981,1.0,0.0,4.6738796468108827e-07,0.0,1000.0,0.13634276333614254,0.004269941028667558,1000.0,"[8.312060777631992e-06, 1.9881063504995965e-05, 5.8856001959830275e-06, 1.0910269702716309e-05, 1.277279910775269e-05, 3.321535647395443e-05, 3.24599912606119e-06, 4.519313199254594e-06, 5.19463349570067e-06, 1.8648391282717173e-05, 5.897068425215515e-06, 9.615944768881636e-06, 1.9525955658375114e-05, 9.029491076139122e-06, 3.9034785267290374e-05, 1.0366648276989438e-05, 1.4677267253803076e-05, 2.9544253353753525e-05, 4.189041455240441e-06, 6.0849853757362455e-06, 1.1858533250933824e-05, 1.2493020565338798e-05, 1.184488641586354e-05, 1.1985191350179216e-05, 7.239888791915584e-06, 6.848693579433358e-06, 3.543915360674965e-06, 1.2292445265658801e-05, 8.411072002833716e-06, 1.4061193195073176e-05]","[0.9901185770750988, 0.9920948616600791, 0.9901185770750988, 0.9881422924901186, 0.9861660079051384, 0.9891304347826088, 0.983201581027668, 0.991106719367589, 0.9871541501976285, 0.9762845849802372, 0.9960474308300397, 0.9861660079051384, 0.9812252964426879, 0.9871541501976285, 0.9683794466403162, 0.9812252964426879, 0.983201581027668, 0.9871541501976285, 0.9812252964426879, 0.9891304347826088, 0.9851778656126482, 0.9930830039525691, 0.9881422924901186, 0.9762845849802372, 0.9950592885375494, 0.9930830039525691, 0.9861660079051384, 0.9950592885375494, 0.9891304347826088, 0.9861660079051384]","[0.9525691699604742, 0.9446640316205535, 0.9446640316205535, 0.9446640316205535, 0.9367588932806324, 0.9288537549407115, 0.9288537549407115, 0.9525691699604742, 0.9525691699604742, 0.9051383399209486, 0.9762845849802372, 0.9446640316205535, 0.9209486166007905, 0.9446640316205535, 0.9130434782608695, 0.9130434782608695, 0.9209486166007905, 0.9367588932806324, 0.9446640316205535, 0.9604743083003953, 0.9367588932806324, 0.9683794466403163, 0.9525691699604742, 0.9130434782608695, 0.9604743083003953, 0.9604743083003953, 0.9525691699604742, 0.9604743083003953, 0.9288537549407115, 0.9446640316205535]","[1.0, 1.0, 1.0, 0.6666666666666666, 1.0, 1.0, 1.0, 1.0, 1.0, 1.0, 1.0, 1.0, 1.0, 1.0, 1.0, 1.0, 1.0, 0.6666666666666666, 1.0, 1.0, 1.0, 1.0, 1.0, 1.0, 1.0, 1.0, 1.0, 1.0, 1.0, 1.0]","[1.0, 1.0, 1.0, 1.0, 1.0, 1.0, 1.0, 1.0, 1.0, 1.0, 1.0, 1.0, 1.0, 1.0, 1.0, 1.0, 1.0, 1.0, 1.0, 1.0, 1.0, 1.0, 1.0, 1.0, 1.0, 1.0, 1.0, 1.0, 1.0, 1.0]"
credit,ridge,1000,5,23,b4_antithetic,3.070952764804695e-06,4.2582053254510706e-07,1.3351968542629108e-07,1.851393619761335e-08,2.924244822703097e-06,3.2318090516762745e-06,0.08811461885576448,0.9885704874835308,0.0055879327721404855,0.9863957509881424,0.9904817193675892,0.9467720685111989,0.017431183566314856,1.0,0.0,1.0,0.0,1.960015297586658e-08,0.0,1000.0,0.11246921666509782,0.012574068917105555,1000.0,"[3.3459640182025624e-06, 2.538471293075824e-06, 3.4803223489095767e-06, 2.752950003422171e-06, 2.610368401983993e-06, 3.801768144183156e-06, 3.224003496095367e-06, 2.452135420858551e-06, 2.6879707772946672e-06, 2.9252842771555604e-06, 3.115602541795851e-06, 2.6860033107366007e-06, 2.7748333455732467e-06, 3.360758758482409e-06, 3.2635995057848664e-06, 3.1415181546146168e-06, 2.4789187385455452e-06, 2.9963823359212116e-06, 3.1620347311843748e-06, 3.6500092149253267e-06, 2.8662819422376706e-06, 3.543257426573105e-06, 3.0167923353833048e-06, 3.143513227828927e-06, 2.7078232621908793e-06, 4.035707057820535e-06, 3.7965821580242023e-06, 2.6382692677558467e-06, 2.5437992029344844e-06, 3.387658244646414e-06]","[0.983201581027668, 0.991106719367589, 0.9851778656126482, 0.9930830039525691, 0.9930830039525691, 0.9881422924901186, 0.991106719367589, 0.9891304347826088, 0.9901185770750988, 0.9792490118577075, 0.9871541501976285, 0.9871541501976285, 0.9940711462450593, 0.9703557312252965, 0.9930830039525691, 0.9891304347826088, 0.9812252964426879, 0.9871541501976285, 0.9891304347826088, 0.991106719367589, 0.9980237154150198, 0.9950592885375494, 0.9950592885375494, 0.9930830039525691, 0.9851778656126482, 0.9861660079051384, 0.9901185770750988, 0.9930830039525691, 0.9881422924901186, 0.9802371541501977]","[0.9288537549407115, 0.9525691699604742, 0.9367588932806324, 0.9604743083003953, 0.9604743083003953, 0.9367588932806324, 0.9525691699604742, 0.9446640316205535, 0.9525691699604742, 0.9288537549407115, 0.9367588932806324, 0.9367588932806324, 0.9683794466403163, 0.8972332015810277, 0.9525691699604742, 0.9525691699604742, 0.9288537549407115, 0.9367588932806324, 0.9446640316205535, 0.9525691699604742, 0.9841897233201582, 0.9683794466403163, 0.9683794466403163, 0.9683794466403163, 0.9288537549407115, 0.9367588932806324, 0.9525691699604742, 0.9604743083003953, 0.9525691699604742, 0.9209486166007905]","[1.0, 1.0, 1.0, 1.0, 1.0, 1.0, 1.0, 1.0, 1.0, 1.0, 1.0, 1.0, 1.0, 1.0, 1.0, 1.0, 1.0, 1.0, 1.0, 1.0, 1.0, 1.0, 1.0, 1.0, 1.0, 1.0, 1.0, 1.0, 1.0, 1.0]","[1.0, 1.0, 1.0, 1.0, 1.0, 1.0, 1.0, 1.0, 1.0, 1.0, 1.0, 1.0, 1.0, 1.0, 1.0, 1.0, 1.0, 1.0, 1.0, 1.0, 1.0, 1.0, 1.0, 1.0, 1.0, 1.0, 1.0, 1.0, 1.0, 1.0]"
credit,ridge,1000,6,23,abc_shap,0.00012110128087516845,7.09438673425263e-05,5.265273081529063e-06,3.0845159714141867e-06,9.882813711709875e-05,0.00015048554894321167,7.22469495964923,0.9340909090909092,0.04940787219445551,0.9149168313570486,0.952108860342556,0.835836627140975,0.07798178457782981,0.9111111111111112,0.14740554623801783,0.8866666666666667,0.11175369742826807,5.100198481944277e-06,828.0,172.0,0.14025413000102466,0.0016966397358223158,828.0,"[0.00015494473166765727, 0.00013221735061513348, 9.596666535635914e-05, 0.00011996758377946819, 9.08498309948852e-05, 6.017455389248258e-05, 4.69486771988987e-05, 0.00013935714515721657, 0.00010764627804533619, 6.561369160558676e-05, 7.946299998069769e-05, 0.00016116356964563587, 7.56357803271521e-05, 0.00011007615517369018, 0.00013370300226110427, 0.00010708048684180705, 5.0904058356626876e-05, 0.00012438788853159246, 0.0002565433688254089, 0.00011372265918274308, 0.00011539078345250821, 0.00017315420813421897, 6.937799797132736e-05, 0.0001424698814946078, 1.8282704295641354e-05, 0.0003738003809939627, 4.661817899406463e-05, 0.0002465663377405813, 6.395755203567365e-05, 0.00015705392370298505]","[0.8488142292490118, 0.950592885375494, 0.9693675889328063, 0.8784584980237155, 0.9693675889328063, 0.9723320158102767, 0.9229249011857708, 0.8725296442687748, 0.8982213438735178, 0.9871541501976285, 0.9318181818181819, 0.9150197628458498, 0.9634387351778656, 0.9901185770750988, 0.9387351778656127, 0.9881422924901186, 0.9664031620553359, 0.9594861660079053, 0.8764822134387351, 0.9436758893280633, 0.9970355731225298, 0.9575098814229249, 0.9871541501976285, 0.8982213438735178, 0.9634387351778656, 0.892292490118577, 0.9713438735177865, 0.83399209486166, 0.9654150197628459, 0.8132411067193677]","[0.7154150197628459, 0.841897233201581, 0.8972332015810277, 0.7470355731225297, 0.8814229249011858, 0.8893280632411068, 0.8181818181818182, 0.7312252964426879, 0.7549407114624506, 0.9288537549407115, 0.8260869565217391, 0.857707509881423, 0.8735177865612648, 0.9288537549407115, 0.8181818181818182, 0.9288537549407115, 0.8656126482213439, 0.8498023715415021, 0.7549407114624506, 0.841897233201581, 0.9762845849802372, 0.8735177865612648, 0.9288537549407115, 0.8023715415019763, 0.9051383399209486, 0.7470355731225297, 0.8735177865612648, 0.691699604743083, 0.8656126482213439, 0.6600790513833992]","[1.0, 0.6666666666666666, 1.0, 0.6666666666666666, 1.0, 1.0, 1.0, 1.0, 1.0, 1.0, 1.0, 1.0, 1.0, 0.6666666666666666, 1.0, 1.0, 1.0, 0.6666666666666666, 0.6666666666666666, 1.0, 1.0, 1.0, 1.0, 0.6666666666666666, 1.0, 1.0, 1.0, 1.0, 0.6666666666666666, 0.6666666666666666]","[0.8, 0.8, 0.8, 0.8, 1.0, 0.6, 0.8, 0.8, 1.0, 1.0, 1.0, 1.0, 0.8, 1.0, 1.0, 1.0, 1.0, 1.0, 0.8, 1.0, 1.0, 0.8, 0.8, 0.8, 1.0, 0.8, 0.8, 1.0, 0.8, 0.8]"
credit,ridge,1000,6,23,b1_uniform,1.1160809266490875e-05,7.211645409567225e-06,4.852525768039511e-07,3.135498004159663e-07,8.84284728638027e-06,1.4304436786787217e-05,0.665834761370858,0.9809617918313569,0.011835545091838482,0.9763175230566536,0.9847496706192359,0.9201581027667984,0.027486701424053288,1.0,0.0,0.9466666666666667,0.08844332774281065,4.024518640055749e-07,0.0,1000.0,0.11426543333218434,0.00398824800766371,1000.0,"[4.836225617780124e-06, 9.031954980413911e-06, 1.2690221315945739e-05, 4.211746619668275e-05, 9.86885798199369e-06, 9.466697351272848e-06, 1.1036226385870501e-05, 8.121020875362397e-06, 6.289577776277577e-06, 1.8283916874622918e-05, 6.47044816282069e-06, 3.7817638354416287e-06, 7.537660089721049e-06, 1.1390321926116445e-05, 8.718246868230758e-06, 1.0077608018046171e-05, 1.0213998432006592e-05, 8.319377823769656e-06, 1.1293680041144399e-05, 4.391599859787201e-06, 7.1244621051915914e-06, 9.317487707648027e-06, 6.955354673150598e-06, 2.1667923087429822e-05, 9.813651149685621e-06, 6.672031549182349e-06, 1.6189593459699277e-05, 9.179261868805125e-06, 1.2062551727762187e-05, 2.190509025286461e-05]","[0.9871541501976285, 0.9891304347826088, 0.9723320158102767, 0.9703557312252965, 0.9782608695652174, 0.9772727272727272, 0.9782608695652174, 0.9723320158102767, 0.9930830039525691, 0.9733201581027668, 0.9940711462450593, 0.9891304347826088, 0.9871541501976285, 0.9901185770750988, 0.9891304347826088, 0.983201581027668, 0.991106719367589, 0.9930830039525691, 0.9594861660079053, 0.991106719367589, 0.9792490118577075, 0.991106719367589, 0.9871541501976285, 0.9357707509881423, 0.9841897233201581, 0.9861660079051384, 0.9752964426877472, 0.9713438735177865, 0.9812252964426879, 0.9782608695652174]","[0.9288537549407115, 0.9367588932806324, 0.8893280632411068, 0.8814229249011858, 0.8972332015810277, 0.9130434782608695, 0.8893280632411068, 0.8893280632411068, 0.9604743083003953, 0.9130434782608695, 0.9604743083003953, 0.9367588932806324, 0.9288537549407115, 0.9367588932806324, 0.9446640316205535, 0.9288537549407115, 0.9446640316205535, 0.9525691699604742, 0.8735177865612648, 0.9525691699604742, 0.9209486166007905, 0.9525691699604742, 0.9446640316205535, 0.8498023715415021, 0.9051383399209486, 0.9367588932806324, 0.8972332015810277, 0.9051383399209486, 0.9130434782608695, 0.9209486166007905]","[1.0, 1.0, 1.0, 1.0, 1.0, 1.0, 1.0, 1.0, 1.0, 1.0, 1.0, 1.0, 1.0, 1.0, 1.0, 1.0, 1.0, 1.0, 1.0, 1.0, 1.0, 1.0, 1.0, 1.0, 1.0, 1.0, 1.0, 1.0, 1.0, 1.0]","[0.8, 0.8, 1.0, 0.8, 1.0, 1.0, 1.0, 0.8, 1.0, 0.8, 1.0, 1.0, 0.8, 1.0, 1.0, 1.0, 1.0, 1.0, 1.0, 1.0, 1.0, 1.0, 1.0, 1.0, 0.8, 1.0, 0.8, 1.0, 1.0, 1.0]"
credit,ridge,1000,6,23,b2_stratified,1.6762130657630992e-05,1.2208055016703176e-05,7.287882894622171e-07,5.307850007262251e-07,1.3087113121037235e-05,2.1627836917365137e-05,1.0,0.9918642951251647,0.005888550614372687,0.9897224967061923,0.9938405797101451,0.9570487483530962,0.021082015745949517,0.9555555555555556,0.11331154474650636,0.9,0.09999999999999999,6.648336422954195e-07,0.0,1000.0,0.11573568666935899,0.001098834909201103,1000.0,"[1.2365095238136257e-05, 3.3195226691275993e-06, 1.0929716749705899e-05, 7.595535220408085e-06, 1.514844574400697e-05, 7.76965094324474e-06, 7.179471695074055e-06, 7.2003458085643396e-06, 3.099805447849935e-05, 2.3582710086399825e-05, 1.6566872511526547e-05, 2.8017767145189814e-05, 1.6273041808051953e-05, 2.0167175470534887e-05, 7.929533071404337e-06, 7.790087712800068e-06, 6.53713375251853e-05, 1.0537833877011953e-05, 2.0623952714332513e-05, 4.709000110473267e-06, 2.6236931811769713e-05, 8.206284651435861e-06, 2.0976242821449783e-05, 3.7435381354935535e-05, 5.448024060882263e-06, 1.4341336499365778e-05, 1.3495106169003805e-05, 2.0797196040627082e-05, 1.791497795379871e-05, 1.3937287785983389e-05]","[0.9940711462450593, 0.9980237154150198, 0.9990118577075099, 0.991106719367589, 0.9940711462450593, 0.9930830039525691, 0.9891304347826088, 0.9980237154150198, 0.9782608695652174, 0.9960474308300397, 0.9930830039525691, 0.9733201581027668, 0.9881422924901186, 0.9851778656126482, 0.9970355731225298, 0.9960474308300397, 0.9861660079051384, 0.9891304347826088, 0.9930830039525691, 0.9990118577075099, 0.9940711462450593, 0.9970355731225298, 0.9861660079051384, 0.9901185770750988, 0.9950592885375494, 0.9851778656126482, 0.9940711462450593, 0.9940711462450593, 0.9960474308300397, 0.9930830039525691]","[0.9604743083003953, 0.9841897233201582, 0.992094861660079, 0.9446640316205535, 0.9604743083003953, 0.9604743083003953, 0.9367588932806324, 0.9841897233201582, 0.9130434782608695, 0.9762845849802372, 0.9604743083003953, 0.9209486166007905, 0.9367588932806324, 0.9367588932806324, 0.9762845849802372, 0.9762845849802372, 0.9288537549407115, 0.9367588932806324, 0.9525691699604742, 0.992094861660079, 0.9683794466403163, 0.9762845849802372, 0.9288537549407115, 0.9446640316205535, 0.9683794466403163, 0.9367588932806324, 0.9604743083003953, 0.9604743083003953, 0.9762845849802372, 0.9604743083003953]","[0.6666666666666666, 1.0, 1.0, 1.0, 0.6666666666666666, 1.0, 1.0, 1.0, 1.0, 1.0, 1.0, 1.0, 1.0, 1.0, 1.0, 1.0, 1.0, 1.0, 1.0, 1.0, 1.0, 1.0, 1.0, 1.0, 1.0, 1.0, 1.0, 1.0, 0.6666666666666666, 0.6666666666666666]","[1.0, 1.0, 1.0, 0.8, 1.0, 1.0, 0.8, 0.8, 0.8, 0.8, 0.8, 0.8, 1.0, 0.8, 0.8, 0.8, 1.0, 1.0, 0.8, 1.0, 0.8, 1.0, 1.0, 0.8, 1.0, 1.0, 0.8, 0.8, 1.0, 1.0]"
credit,ridge,1000,6,23,b3_is,5.650202257234921e-06,4.253941230699348e-06,2.456609677058661e-07,1.8495396655214559e-07,4.3257824190787885e-06,7.132647426837741e-06,0.33708138736304716,0.9972661396574442,0.002277495904224307,0.9965085638998683,0.9980566534914364,0.9812911725955205,0.012661938104594426,1.0,0.0,0.9266666666666666,0.0963788819653397,1.9086451215088234e-07,0.0,1000.0,0.13635071667085868,0.006258290250585308,1000.0,"[5.226309634610455e-06, 1.1451049622965477e-05, 1.8708531510449664e-06, 1.1969945628185052e-05, 1.5057357383262331e-06, 3.4175938329960398e-06, 3.048328605215749e-06, 1.023303277626061e-05, 4.76486100749186e-06, 1.262130379640572e-05, 2.1935691722091894e-05, 3.211353998870479e-06, 4.509036546468367e-06, 3.6428672011171974e-06, 5.904065417644712e-06, 5.353667096964783e-06, 3.2266355190618473e-06, 2.2956040387619245e-06, 2.028464416733179e-06, 2.5186144031391884e-06, 3.4288913457389843e-06, 2.3743468707091926e-06, 6.295975514235711e-06, 8.187932131792532e-06, 4.4706742847406555e-06, 7.249071068834125e-06, 3.6010102965584602e-06, 3.7650325548291666e-06, 3.5195696919229775e-06, 5.878549803330058e-06]","[0.9920948616600791, 0.9950592885375494, 0.9980237154150198, 0.9940711462450593, 0.9990118577075099, 0.9990118577075099, 0.9990118577075099, 0.9990118577075099, 0.9980237154150198, 1.0, 0.9901185770750988, 0.9970355731225298, 0.9980237154150198, 0.9970355731225298, 0.9970355731225298, 0.9980237154150198, 0.9990118577075099, 0.9990118577075099, 0.9980237154150198, 0.9980237154150198, 0.9970355731225298, 0.9970355731225298, 0.9940711462450593, 0.9980237154150198, 0.9950592885375494, 0.9980237154150198, 0.9980237154150198, 1.0, 1.0, 0.9960474308300397]","[0.9525691699604742, 0.9683794466403163, 0.9841897233201582, 0.9604743083003953, 0.992094861660079, 0.992094861660079, 0.992094861660079, 0.992094861660079, 0.9841897233201582, 1.0, 0.9525691699604742, 0.9762845849802372, 0.9841897233201582, 0.9762845849802372, 0.9762845849802372, 0.9841897233201582, 0.992094861660079, 0.992094861660079, 0.9841897233201582, 0.9841897233201582, 0.9841897233201582, 0.9762845849802372, 0.9604743083003953, 0.9841897233201582, 0.9683794466403163, 0.9841897233201582, 0.9841897233201582, 1.0, 1.0, 0.9762845849802372]","[1.0, 1.0, 1.0, 1.0, 1.0, 1.0, 1.0, 1.0, 1.0, 1.0, 1.0, 1.0, 1.0, 1.0, 1.0, 1.0, 1.0, 1.0, 1.0, 1.0, 1.0, 1.0, 1.0, 1.0, 1.0, 1.0, 1.0, 1.0, 1.0, 1.0]","[0.8, 1.0, 1.0, 0.8, 0.8, 1.0, 1.0, 0.8, 1.0, 1.0, 1.0, 1.0, 1.0, 0.8, 0.8, 1.0, 1.0, 0.8, 1.0, 1.0, 0.8, 0.8, 0.8, 1.0, 1.0, 1.0, 1.0, 1.0, 1.0, 0.8]"
credit,ridge,1000,6,23,b4_antithetic,1.5247141176513927e-06,2.8602739699310145e-07,6.629191815875621e-08,1.2435973782308759e-08,1.4290664430481112e-06,1.625637125949773e-06,0.09096183228695116,0.997332015810277,0.0018947268798774127,0.9965744400527009,0.9979586627140978,0.9812911725955206,0.010893294655385685,1.0,0.0,1.0,0.0,1.902506383461611e-08,0.0,1000.0,0.10994629333727061,0.0014713912541506418,1000.0,"[1.9317052190993985e-06, 1.8201727929173976e-06, 1.147170233001235e-06, 1.716658465404563e-06, 1.331246036420377e-06, 1.4092269266812746e-06, 1.1507974528670303e-06, 1.263321628920653e-06, 2.0481974082909444e-06, 1.1128425996169549e-06, 1.1679873286161562e-06, 1.3863133924054965e-06, 1.6646401808050065e-06, 1.4312949174371976e-06, 1.625889488866068e-06, 1.9488899490461027e-06, 1.7639935980115252e-06, 1.5439354332300063e-06, 1.4614097322936158e-06, 1.1581464177179605e-06, 1.27118612973008e-06, 1.697990776730817e-06, 1.6086787526353837e-06, 1.1919077859884813e-06, 1.8546929241032747e-06, 1.714161211503906e-06, 1.8097715964106809e-06, 1.3436925214274158e-06, 1.2079715725387484e-06, 1.9575310568240245e-06]","[0.9970355731225298, 0.9960474308300397, 0.9990118577075099, 0.9960474308300397, 0.9980237154150198, 0.9970355731225298, 0.9950592885375494, 0.9960474308300397, 0.9990118577075099, 0.9990118577075099, 0.9970355731225298, 0.9980237154150198, 0.9960474308300397, 0.9970355731225298, 0.9901185770750988, 0.9980237154150198, 0.9980237154150198, 0.9980237154150198, 0.9980237154150198, 0.9980237154150198, 0.9990118577075099, 0.9940711462450593, 0.9980237154150198, 0.9990118577075099, 0.9980237154150198, 0.9990118577075099, 0.9960474308300397, 0.9970355731225298, 1.0, 0.9990118577075099]","[0.9762845849802372, 0.9762845849802372, 0.992094861660079, 0.9762845849802372, 0.9841897233201582, 0.9762845849802372, 0.9683794466403163, 0.9683794466403163, 0.992094861660079, 0.992094861660079, 0.9762845849802372, 0.9841897233201582, 0.9762845849802372, 0.9841897233201582, 0.9446640316205535, 0.9841897233201582, 0.9841897233201582, 0.9841897233201582, 0.9841897233201582, 0.9841897233201582, 0.992094861660079, 0.9604743083003953, 0.9841897233201582, 0.992094861660079, 0.9841897233201582, 0.992094861660079, 0.9762845849802372, 0.9762845849802372, 1.0, 0.992094861660079]","[1.0, 1.0, 1.0, 1.0, 1.0, 1.0, 1.0, 1.0, 1.0, 1.0, 1.0, 1.0, 1.0, 1.0, 1.0, 1.0, 1.0, 1.0, 1.0, 1.0, 1.0, 1.0, 1.0, 1.0, 1.0, 1.0, 1.0, 1.0, 1.0, 1.0]","[1.0, 1.0, 1.0, 1.0, 1.0, 1.0, 1.0, 1.0, 1.0, 1.0, 1.0, 1.0, 1.0, 1.0, 1.0, 1.0, 1.0, 1.0, 1.0, 1.0, 1.0, 1.0, 1.0, 1.0, 1.0, 1.0, 1.0, 1.0, 1.0, 1.0]"
credit,ridge,1000,7,23,abc_shap,0.0008030348097911415,0.00031705422183667196,3.4914556947440937e-05,1.3784966166811824e-05,0.0006961416252686614,0.0009144567227199137,5.229210727508548,0.6813241106719369,0.16652367295096523,0.6208777997364954,0.738808465085639,0.5465085638998682,0.15831978956537832,0.777777777777778,0.17916128329552333,0.6866666666666669,0.14313940369055927,3.366753483812066e-05,828.0,172.0,0.14130268333246931,0.0029830451498055895,828.0,"[0.0015802189782734655, 0.0010305065428381096, 0.0007871089199140914, 0.00013869608173502652, 0.0009779131542172511, 0.00036492278183686906, 0.000883102169813445, 0.0006434189780633564, 0.0005125461005256811, 0.0014708863957719827, 0.0005397658363838855, 0.0003769478752456607, 0.0008763578926306846, 0.0007201013929656774, 0.0006696532383869974, 0.0014040571755852675, 0.0010363707898004362, 0.0007472082131358101, 0.0008064053311565738, 0.000817948972403727, 0.000819108373173314, 0.00039120549035624307, 0.000660038054845587, 0.0008354457845731077, 0.001050743281307774, 0.0006469881744178885, 0.0005007412585430337, 0.0009808542552312233, 0.000839287812520725, 0.0009824949880813472]","[0.6245059288537549, 0.7381422924901185, 0.7381422924901185, 0.933794466403162, 0.8458498023715416, 0.9031620553359685, 0.3290513833992095, 0.9446640316205533, 0.6837944664031621, 0.39328063241106714, 0.5405138339920948, 0.8438735177865613, 0.7193675889328064, 0.47134387351778656, 0.6907114624505929, 0.5335968379446641, 0.6679841897233202, 0.6699604743083005, 0.6343873517786561, 0.9100790513833993, 0.608695652173913, 0.6264822134387352, 0.5444664031620554, 0.874505928853755, 0.7134387351778656, 0.7835968379446642, 0.7252964426877472, 0.5622529644268774, 0.3379446640316206, 0.8468379446640316]","[0.4940711462450593, 0.557312252964427, 0.6600790513833992, 0.8102766798418973, 0.7075098814229249, 0.7865612648221344, 0.2727272727272727, 0.8181818181818182, 0.5177865612648221, 0.30434782608695654, 0.42292490118577075, 0.691699604743083, 0.5810276679841897, 0.3122529644268775, 0.5335968379446641, 0.42292490118577075, 0.5098814229249012, 0.5810276679841897, 0.4545454545454546, 0.7786561264822134, 0.46245059288537554, 0.4782608695652174, 0.4308300395256917, 0.7233201581027668, 0.5731225296442688, 0.5968379446640317, 0.549407114624506, 0.4308300395256917, 0.22529644268774704, 0.7075098814229249]","[1.0, 0.6666666666666666, 1.0, 0.6666666666666666, 0.6666666666666666, 1.0, 1.0, 1.0, 0.6666666666666666, 0.3333333333333333, 1.0, 0.6666666666666666, 1.0, 0.6666666666666666, 1.0, 0.6666666666666666, 1.0, 0.6666666666666666, 0.6666666666666666, 0.6666666666666666, 0.6666666666666666, 0.6666666666666666, 1.0, 0.6666666666666666, 0.6666666666666666, 0.6666666666666666, 1.0, 0.6666666666666666, 0.6666666666666666, 0.6666666666666666]","[0.6, 0.8, 1.0, 0.8, 0.6, 0.8, 0.6, 0.6, 0.8, 0.4, 0.6, 0.8, 0.8, 0.4, 0.8, 0.6, 0.6, 0.6, 0.4, 0.8, 0.8, 0.8, 0.8, 0.6, 0.6, 0.8, 0.8, 0.8, 0.6, 0.6]"
credit,ridge,1000,7,23,b1_uniform,8.299523920799067e-05,5.03968699680461e-05,3.608488661216986e-06,2.191168259480265e-06,6.651752956802021e-05,0.00010336473142167088,0.5404492929907239,0.8369565217391306,0.058592755258393664,0.8133720355731228,0.8578730237154152,0.6888010540184452,0.0639448112191961,0.9666666666666667,0.1,0.94,0.10519822558706331,3.224951025847814e-06,0.0,1000.0,0.11453640000060356,0.00425261149264762,1000.0,"[3.7403189678552495e-05, 6.125795036060647e-05, 5.3517946479861645e-05, 0.00012055428620399013, 8.663229784205918e-05, 0.00011029320127790532, 0.00018755814191232442, 3.5322035742895566e-05, 5.838002260574348e-05, 6.76327718523463e-05, 0.00012108710993255034, 0.00013230791427456113, 0.00017619580794553166, 5.950196617182324e-05, 4.4062291087793104e-05, 6.195607871110137e-05, 1.925635695120196e-05, 6.044581458292406e-05, 6.025055173639625e-05, 6.555230765010346e-05, 6.592666621744654e-05, 7.134272171513276e-05, 5.789457819669659e-05, 0.000263625933857602, 6.345849644326429e-05, 7.883612848741738e-05, 7.58509243751783e-05, 8.951147738992097e-05, 5.100443769004265e-05, 5.3237768866747266e-05]","[0.8735177865612648, 0.8586956521739131, 0.8982213438735178, 0.6719367588932806, 0.8389328063241107, 0.8003952569169961, 0.7519762845849803, 0.8774703557312253, 0.8883399209486167, 0.8468379446640316, 0.733201581027668, 0.7539525691699605, 0.7490118577075098, 0.83300395256917, 0.8685770750988143, 0.8478260869565217, 0.9446640316205533, 0.825098814229249, 0.8557312252964427, 0.8992094861660079, 0.8122529644268776, 0.8873517786561266, 0.8942687747035574, 0.8270750988142292, 0.8359683794466403, 0.7875494071146245, 0.8794466403162056, 0.8122529644268776, 0.8804347826086957, 0.8754940711462451]","[0.7312252964426879, 0.7154150197628459, 0.7628458498023716, 0.541501976284585, 0.6837944664031621, 0.6521739130434783, 0.5889328063241107, 0.7391304347826086, 0.7470355731225297, 0.7154150197628459, 0.5889328063241107, 0.5968379446640317, 0.5889328063241107, 0.7154150197628459, 0.7075098814229249, 0.691699604743083, 0.83399209486166, 0.6758893280632412, 0.6758893280632412, 0.7707509881422926, 0.6837944664031621, 0.7233201581027668, 0.7549407114624506, 0.6442687747035574, 0.6600790513833992, 0.6205533596837944, 0.7233201581027668, 0.6758893280632412, 0.7312252964426879, 0.7233201581027668]","[1.0, 1.0, 1.0, 0.6666666666666666, 0.6666666666666666, 1.0, 0.6666666666666666, 1.0, 1.0, 1.0, 1.0, 1.0, 1.0, 1.0, 1.0, 1.0, 1.0, 1.0, 1.0, 1.0, 1.0, 1.0, 1.0, 1.0, 1.0, 1.0, 1.0, 1.0, 1.0, 1.0]","[1.0, 1.0, 1.0, 1.0, 1.0, 1.0, 1.0, 1.0, 1.0, 0.8, 0.8, 1.0, 1.0, 0.8, 1.0, 1.0, 1.0, 1.0, 1.0, 0.8, 0.8, 0.8, 1.0, 0.6, 1.0, 1.0, 0.8, 1.0, 1.0, 1.0]"
credit,ridge,1000,7,23,b2_stratified,0.00015356711588743844,0.0001193020374149859,6.676831125540802e-06,5.187045104999387e-06,0.00011685653662124231,0.0001984290459313418,1.0,0.9519104084321474,0.03472054490021573,0.9385696640316207,0.9632081686429512,0.8635046113306984,0.047515661219651645,0.9555555555555555,0.11331154474650634,0.9533333333333334,0.08459051693633012,6.135908968734981e-06,0.0,1000.0,0.11745855999858273,0.0038996352933600375,1000.0,"[5.606249943677201e-05, 0.0003096613846661279, 0.00015432083140440891, 0.0001306468789627, 0.0002620293662156213, 8.010146106147102e-05, 4.187315217360596e-05, 6.42897452643798e-05, 7.575152758613186e-05, 0.0001816168546583777, 9.539779620247038e-05, 5.51364431481524e-05, 0.00014744791215825573, 0.000446772986494881, 9.029953986421586e-05, 0.00013398180315966606, 5.945540126618574e-05, 0.00028694456194745983, 0.0004646055666609183, 7.679147621621168e-05, 6.71945833642668e-05, 0.0001245159403761894, 0.00011892841880298942, 0.00014818204644649938, 0.00043619904711291656, 7.624348613074098e-05, 0.0001408612286158627, 0.00010440232452167762, 0.00015569363534209243, 2.160557736190511e-05]","[0.9150197628458498, 0.9644268774703558, 0.9812252964426879, 0.9812252964426879, 0.892292490118577, 0.9851778656126482, 0.9624505928853755, 0.9891304347826088, 0.9278656126482213, 0.983201581027668, 0.9822134387351777, 0.9367588932806324, 0.9664031620553359, 0.9683794466403162, 0.9397233201581027, 0.9594861660079053, 0.9713438735177865, 0.8992094861660079, 0.8606719367588934, 0.958498023715415, 0.9446640316205533, 0.8577075098814229, 0.9693675889328063, 0.9812252964426879, 0.9664031620553359, 0.9624505928853755, 0.9436758893280633, 0.9822134387351777, 0.9515810276679842, 0.9733201581027668]","[0.857707509881423, 0.8972332015810277, 0.8972332015810277, 0.9209486166007905, 0.7944664031620553, 0.9367588932806324, 0.8735177865612648, 0.9367588932806324, 0.8023715415019763, 0.9209486166007905, 0.9130434782608695, 0.83399209486166, 0.8814229249011858, 0.8656126482213439, 0.7944664031620553, 0.841897233201581, 0.8735177865612648, 0.7865612648221344, 0.7628458498023716, 0.857707509881423, 0.8260869565217391, 0.7865612648221344, 0.8893280632411068, 0.9051383399209486, 0.8735177865612648, 0.8814229249011858, 0.841897233201581, 0.9209486166007905, 0.8498023715415021, 0.8814229249011858]","[1.0, 0.6666666666666666, 1.0, 1.0, 1.0, 1.0, 1.0, 1.0, 0.6666666666666666, 0.6666666666666666, 1.0, 1.0, 0.6666666666666666, 1.0, 1.0, 1.0, 1.0, 1.0, 1.0, 1.0, 1.0, 1.0, 1.0, 1.0, 1.0, 1.0, 1.0, 1.0, 1.0, 1.0]","[0.8, 1.0, 1.0, 1.0, 1.0, 1.0, 1.0, 1.0, 1.0, 1.0, 1.0, 1.0, 1.0, 1.0, 1.0, 1.0, 0.8, 1.0, 0.8, 0.8, 1.0, 1.0, 1.0, 0.8, 0.8, 1.0, 0.8, 1.0, 1.0, 1.0]"
credit,ridge,1000,7,23,b3_is,5.08237145131717e-05,3.380538430997472e-05,2.2097267179639866e-06,1.4697993178249877e-06,3.9622321165027354e-05,6.274788594819091e-05,0.3309544118183768,0.9878787878787878,0.007216070293234071,0.9851103425559947,0.9904150197628458,0.9386034255599472,0.024635919701992318,0.9888888888888888,0.059835164523716726,0.9866666666666667,0.04988876515698587,2.1386382843664054e-06,0.0,1000.0,0.1367379666674727,0.0037957367890858983,1000.0,"[0.00011300595617918, 1.945616393678545e-05, 1.1412195434221136e-05, 2.7585722132663313e-05, 6.251992960963023e-05, 2.6276693676166865e-05, 5.005903273843621e-05, 1.1459298435006303e-05, 5.831136863189235e-05, 3.939569115624834e-05, 0.000134503434581304, 7.71450599848168e-05, 4.13338677740238e-05, 3.903878785442622e-05, 6.727517810198434e-05, 6.862322879496088e-06, 6.092630433618651e-05, 1.7705527767951392e-05, 3.253252192741246e-05, 4.684966286408931e-05, 3.67662473492007e-05, 2.6654399335690654e-05, 0.00010226318618105018, 0.00011961655034144176, 4.4574647368548095e-05, 1.8377059609804933e-05, 4.015906422360305e-05, 8.773726365643954e-05, 8.74816194152922e-05, 1.7426677912158472e-05]","[0.9762845849802372, 0.9970355731225298, 0.983201581027668, 0.9822134387351777, 0.9851778656126482, 0.9861660079051384, 0.9950592885375494, 0.9940711462450593, 0.9940711462450593, 0.9683794466403162, 0.9901185770750988, 0.9960474308300397, 0.9960474308300397, 0.9733201581027668, 0.9851778656126482, 0.991106719367589, 0.9940711462450593, 0.9940711462450593, 0.9950592885375494, 0.9920948616600791, 0.983201581027668, 0.9851778656126482, 0.9871541501976285, 0.9881422924901186, 0.9861660079051384, 0.991106719367589, 0.9950592885375494, 0.9772727272727272, 0.9822134387351777, 0.9920948616600791]","[0.8972332015810277, 0.9762845849802372, 0.9288537549407115, 0.9130434782608695, 0.9288537549407115, 0.9288537549407115, 0.9683794466403163, 0.9604743083003953, 0.9604743083003953, 0.8814229249011858, 0.9367588932806324, 0.9683794466403163, 0.9762845849802372, 0.9051383399209486, 0.9288537549407115, 0.9446640316205535, 0.9604743083003953, 0.9604743083003953, 0.9604743083003953, 0.9446640316205535, 0.9130434782608695, 0.9209486166007905, 0.9288537549407115, 0.9367588932806324, 0.9288537549407115, 0.9446640316205535, 0.9683794466403163, 0.8972332015810277, 0.9367588932806324, 0.9525691699604742]","[1.0, 1.0, 1.0, 0.6666666666666666, 1.0, 1.0, 1.0, 1.0, 1.0, 1.0, 1.0, 1.0, 1.0, 1.0, 1.0, 1.0, 1.0, 1.0, 1.0, 1.0, 1.0, 1.0, 1.0, 1.0, 1.0, 1.0, 1.0, 1.0, 1.0, 1.0]","[1.0, 1.0, 1.0, 1.0, 0.8, 1.0, 1.0, 1.0, 1.0, 1.0, 1.0, 0.8, 1.0, 1.0, 1.0, 1.0, 1.0, 1.0, 1.0, 1.0, 1.0, 1.0, 1.0, 1.0, 1.0, 1.0, 1.0, 1.0, 1.0, 1.0]"
credit,ridge,1000,7,23,b4_antithetic,2.6802217374530264e-06,4.804858362079002e-07,1.1653137988926202e-07,2.089068853077827e-08,2.520385504439239e-06,2.8605629880352075e-06,0.017453096790705988,0.9950922266139658,0.0033215237064437987,0.9937747035573122,0.9962779973649539,0.9683794466403162,0.016328783541322434,1.0,0.0,1.0,0.0,1.8597857180207116e-08,0.0,1000.0,0.11095344333152753,0.002948183146407213,1000.0,"[2.704178316533254e-06, 2.048278528909659e-06, 2.3459282375075698e-06, 3.0735183246395237e-06, 2.7772751228833552e-06, 3.049691892338028e-06, 2.4333656121874734e-06, 1.7797540850141534e-06, 2.3186030284850294e-06, 2.4646843447811726e-06, 2.3548107766587697e-06, 2.5511361592413527e-06, 2.995329697565634e-06, 2.3613062428166322e-06, 2.867129898099111e-06, 3.1001520084793583e-06, 3.26232588329829e-06, 4.158574697802587e-06, 2.7546087936182814e-06, 2.019964931578118e-06, 2.344124226999208e-06, 3.4480966798363938e-06, 2.4506106528922204e-06, 2.2736676294308663e-06, 2.770714833943162e-06, 3.0946850764827133e-06, 2.524401121237354e-06, 2.589849907183571e-06, 2.285249667415361e-06, 3.2046357457325765e-06]","[0.9970355731225298, 0.9950592885375494, 0.9950592885375494, 0.9950592885375494, 0.9930830039525691, 0.9970355731225298, 0.9990118577075099, 0.9980237154150198, 0.9990118577075099, 0.9950592885375494, 0.9950592885375494, 0.9960474308300397, 0.9980237154150198, 0.991106719367589, 0.9920948616600791, 0.9881422924901186, 0.9950592885375494, 0.9881422924901186, 0.9960474308300397, 0.9970355731225298, 0.9960474308300397, 0.9920948616600791, 0.9990118577075099, 0.9980237154150198, 0.9960474308300397, 0.9861660079051384, 0.9980237154150198, 0.9980237154150198, 0.9970355731225298, 0.9920948616600791]","[0.9762845849802372, 0.9604743083003953, 0.9683794466403163, 0.9683794466403163, 0.9525691699604742, 0.9762845849802372, 0.992094861660079, 0.9841897233201582, 0.992094861660079, 0.9683794466403163, 0.9604743083003953, 0.9683794466403163, 0.9841897233201582, 0.9446640316205535, 0.9604743083003953, 0.9367588932806324, 0.9604743083003953, 0.9367588932806324, 0.9683794466403163, 0.9762845849802372, 0.9762845849802372, 0.9604743083003953, 0.992094861660079, 0.9841897233201582, 0.9683794466403163, 0.9288537549407115, 0.9841897233201582, 0.9841897233201582, 0.9762845849802372, 0.9604743083003953]","[1.0, 1.0, 1.0, 1.0, 1.0, 1.0, 1.0, 1.0, 1.0, 1.0, 1.0, 1.0, 1.0, 1.0, 1.0, 1.0, 1.0, 1.0, 1.0, 1.0, 1.0, 1.0, 1.0, 1.0, 1.0, 1.0, 1.0, 1.0, 1.0, 1.0]","[1.0, 1.0, 1.0, 1.0, 1.0, 1.0, 1.0, 1.0, 1.0, 1.0, 1.0, 1.0, 1.0, 1.0, 1.0, 1.0, 1.0, 1.0, 1.0, 1.0, 1.0, 1.0, 1.0, 1.0, 1.0, 1.0, 1.0, 1.0, 1.0, 1.0]"
credit,ridge,1000,8,23,abc_shap,7.293371675918407e-05,4.386919523891898e-05,3.1710311634427855e-06,1.9073563147356077e-06,5.8436959396634525e-05,8.931321884624752e-05,6.476186455509566,0.883893280632411,0.0835186805454449,0.8499892951251647,0.9117300724637684,0.7581027667984188,0.09213471800368991,0.8777777777777779,0.1606314699422329,0.9533333333333334,0.08459051693633012,3.0501657921750076e-06,828.0,172.0,0.1406379366662198,0.0034505485228789098,828.0,"[5.752612938051146e-05, 0.00011916956081834852, 6.671444201332106e-05, 3.762534868655668e-05, 4.0171841212456984e-05, 8.537464500090757e-05, 3.8630267901108626e-05, 8.948772497259407e-05, 0.00012731010857879458, 5.2423548319021856e-05, 3.128347804230357e-05, 5.959836896505694e-05, 2.8906636086898696e-05, 8.09288278543719e-05, 2.6793869354548127e-05, 5.7684357058378495e-05, 3.1388348583748406e-05, 6.842153712304945e-05, 0.00012411712808321377, 6.256559099935675e-05, 2.971387798591213e-05, 9.795176094026777e-05, 6.307323480700946e-05, 8.953633820612227e-05, 0.0002419693538592042, 8.18148102200885e-05, 6.786702189457599e-05, 4.198873113978496e-05, 4.994191019612311e-05, 0.00013803270449188636]","[0.9239130434782609, 0.7183794466403163, 0.8952569169960475, 0.9525691699604744, 0.9525691699604744, 0.9110671936758895, 0.8794466403162056, 0.9229249011857708, 0.7361660079051384, 0.8764822134387351, 0.9179841897233202, 0.8685770750988143, 0.9308300395256918, 0.8596837944664032, 0.9189723320158102, 0.9664031620553359, 0.9476284584980237, 0.9377470355731227, 0.9209486166007905, 0.91600790513834, 0.9545454545454547, 0.9239130434782609, 0.9130434782608695, 0.7638339920948617, 0.5770750988142292, 0.8932806324110673, 0.874505928853755, 0.9575098814229249, 0.8260869565217392, 0.8794466403162056]","[0.8498023715415021, 0.5652173913043478, 0.7470355731225297, 0.8498023715415021, 0.83399209486166, 0.7549407114624506, 0.7628458498023716, 0.7786561264822134, 0.5968379446640317, 0.7391304347826086, 0.7944664031620553, 0.7470355731225297, 0.8181818181818182, 0.7391304347826086, 0.7944664031620553, 0.8893280632411068, 0.83399209486166, 0.8181818181818182, 0.7707509881422926, 0.7707509881422926, 0.857707509881423, 0.841897233201581, 0.7707509881422926, 0.5889328063241107, 0.4861660079051383, 0.7628458498023716, 0.7391304347826086, 0.8260869565217391, 0.6600790513833992, 0.7549407114624506]","[1.0, 1.0, 1.0, 0.6666666666666666, 1.0, 0.6666666666666666, 1.0, 0.6666666666666666, 1.0, 1.0, 0.6666666666666666, 1.0, 0.6666666666666666, 1.0, 1.0, 1.0, 1.0, 1.0, 0.6666666666666666, 0.6666666666666666, 1.0, 1.0, 0.6666666666666666, 1.0, 0.6666666666666666, 1.0, 1.0, 0.6666666666666666, 0.6666666666666666, 1.0]","[1.0, 0.8, 1.0, 1.0, 0.8, 0.8, 1.0, 1.0, 1.0, 1.0, 1.0, 1.0, 0.8, 0.8, 1.0, 1.0, 1.0, 1.0, 1.0, 0.8, 1.0, 1.0, 0.8, 1.0, 1.0, 1.0, 1.0, 1.0, 1.0, 1.0]"
credit,ridge,1000,8,23,b1_uniform,7.588843403175033e-06,2.594053053970718e-06,3.2994971318152316e-07,1.1278491539003122e-07,6.602688063479418e-06,8.458016558864329e-06,0.673855207775854,0.9508893280632411,0.021164322491081092,0.9423204874835309,0.958432971014493,0.855072463768116,0.03692826991589955,0.9222222222222223,0.14098419489388359,1.0,0.0,2.92022420033927e-07,0.0,1000.0,0.11480625666736159,0.0058858380310939954,1000.0,"[7.661005170160036e-06, 5.901913838557665e-06, 4.806467715727238e-06, 1.958024514725485e-06, 1.1056639678748734e-05, 5.819037294367687e-06, 4.577145661446815e-06, 8.30630962399554e-06, 9.386332342173046e-06, 7.557478132472477e-06, 1.1761240177468908e-05, 6.121651003386818e-06, 4.573650688150694e-06, 1.1146875507272846e-05, 9.337752792395832e-06, 5.517111490579313e-06, 6.854714849343709e-06, 6.01500347735402e-06, 3.857353684461745e-06, 6.0859606137011595e-06, 8.39898355078228e-06, 1.154518001616616e-05, 9.017910041836317e-06, 1.2585043707976051e-05, 6.912487478601323e-06, 9.102443986589325e-06, 8.538948387850454e-06, 5.299981772243877e-06, 7.024710136948704e-06, 1.0937944759766717e-05]","[0.9644268774703558, 0.9604743083003953, 0.9752964426877472, 0.9782608695652174, 0.9219367588932808, 0.9367588932806324, 0.9733201581027668, 0.9357707509881423, 0.9476284584980237, 0.9634387351778656, 0.9782608695652174, 0.9466403162055337, 0.9802371541501977, 0.941699604743083, 0.9328063241106721, 0.9723320158102767, 0.9456521739130436, 0.9347826086956521, 0.9515810276679842, 0.9782608695652174, 0.9407114624505929, 0.900197628458498, 0.9209486166007905, 0.9604743083003953, 0.9486166007905139, 0.9436758893280633, 0.9604743083003953, 0.9713438735177865, 0.9555335968379446, 0.9051383399209486]","[0.857707509881423, 0.857707509881423, 0.9051383399209486, 0.9051383399209486, 0.8181818181818182, 0.8260869565217391, 0.8972332015810277, 0.8260869565217391, 0.8498023715415021, 0.8814229249011858, 0.9130434782608695, 0.8498023715415021, 0.9051383399209486, 0.8260869565217391, 0.8181818181818182, 0.8972332015810277, 0.857707509881423, 0.83399209486166, 0.857707509881423, 0.9051383399209486, 0.83399209486166, 0.7628458498023716, 0.8023715415019763, 0.857707509881423, 0.8656126482213439, 0.83399209486166, 0.8735177865612648, 0.8893280632411068, 0.8498023715415021, 0.7944664031620553]","[1.0, 1.0, 1.0, 1.0, 1.0, 0.6666666666666666, 1.0, 0.6666666666666666, 1.0, 1.0, 1.0, 0.6666666666666666, 1.0, 1.0, 1.0, 0.6666666666666666, 1.0, 0.6666666666666666, 1.0, 1.0, 0.6666666666666666, 1.0, 1.0, 1.0, 0.6666666666666666, 1.0, 1.0, 1.0, 1.0, 1.0]","[1.0, 1.0, 1.0, 1.0, 1.0, 1.0, 1.0, 1.0, 1.0, 1.0, 1.0, 1.0, 1.0, 1.0, 1.0, 1.0, 1.0, 1.0, 1.0, 1.0, 1.0, 1.0, 1.0, 1.0, 1.0, 1.0, 1.0, 1.0, 1.0, 1.0]"
credit,ridge,1000,8,23,b2_stratified,1.1261830903144592e-05,7.015751048664811e-06,4.896448218758519e-07,3.050326542897744e-07,8.857983977631801e-06,1.3882489601725465e-05,1.0,0.9745388669301712,0.015438825182485221,0.9687409420289854,0.9794474637681159,0.904874835309618,0.027873009106918416,0.888888888888889,0.15713484026367722,0.9933333333333334,0.03590109871423002,4.7024693462215365e-07,0.0,1000.0,0.11597888333587131,0.0007570682222152046,1000.0,"[9.008042956435261e-06, 4.651485479687525e-06, 1.0901330628335058e-05, 1.216756176675658e-05, 2.137534309195166e-05, 7.581233838754679e-06, 8.500452653421742e-06, 2.228862169688989e-05, 1.844466372217837e-05, 1.32170081575969e-05, 1.9217257504097532e-05, 4.562685279722582e-06, 5.891764512369783e-06, 5.25123724418015e-06, 7.810552815346266e-06, 4.139035444410085e-06, 2.2113668056039595e-05, 5.383183983099309e-06, 3.175079942655519e-05, 6.647149589625952e-06, 7.973675888566704e-06, 1.6258587024138692e-05, 4.138378320174885e-06, 4.146157026883936e-06, 9.188831072041286e-06, 7.195075033901525e-06, 5.699514379440277e-06, 1.1694302669540518e-05, 9.203014811144854e-06, 2.1454313021051003e-05]","[0.974308300395257, 0.9920948616600791, 0.9624505928853755, 0.9140316205533597, 0.9871541501976285, 0.9871541501976285, 0.9604743083003953, 0.9565217391304348, 0.9723320158102767, 0.9782608695652174, 0.9762845849802372, 0.983201581027668, 0.9703557312252965, 0.9851778656126482, 0.9782608695652174, 0.9861660079051384, 0.9614624505928853, 0.983201581027668, 0.9881422924901186, 0.9624505928853755, 0.9772727272727272, 0.9535573122529646, 0.9871541501976285, 0.9881422924901186, 0.974308300395257, 0.9683794466403162, 0.9772727272727272, 0.9871541501976285, 0.9901185770750988, 0.9733201581027668]","[0.8972332015810277, 0.9525691699604742, 0.8656126482213439, 0.8498023715415021, 0.9288537549407115, 0.9367588932806324, 0.8735177865612648, 0.8735177865612648, 0.8972332015810277, 0.9130434782608695, 0.8972332015810277, 0.9209486166007905, 0.8656126482213439, 0.9209486166007905, 0.8972332015810277, 0.9446640316205535, 0.8893280632411068, 0.9051383399209486, 0.9288537549407115, 0.8656126482213439, 0.9130434782608695, 0.8656126482213439, 0.9209486166007905, 0.9446640316205535, 0.9130434782608695, 0.8893280632411068, 0.9051383399209486, 0.9367588932806324, 0.9446640316205535, 0.8893280632411068]","[1.0, 1.0, 0.6666666666666666, 1.0, 0.6666666666666666, 1.0, 1.0, 1.0, 1.0, 1.0, 0.6666666666666666, 0.6666666666666666, 0.6666666666666666, 1.0, 0.6666666666666666, 1.0, 1.0, 0.6666666666666666, 0.6666666666666666, 0.6666666666666666, 1.0, 1.0, 1.0, 1.0, 1.0, 1.0, 1.0, 1.0, 1.0, 0.6666666666666666]","[1.0, 1.0, 1.0, 1.0, 1.0, 1.0, 1.0, 1.0, 1.0, 1.0, 1.0, 1.0, 1.0, 1.0, 1.0, 1.0, 0.8, 1.0, 1.0, 1.0, 1.0, 1.0, 1.0, 1.0, 1.0, 1.0, 1.0, 1.0, 1.0, 1.0]"
credit,ridge,1000,8,23,b3_is,3.3585457138962225e-06,2.137489060833113e-06,1.460237266911401e-07,9.293430699274403e-08,2.670417690198161e-06,4.163982473991094e-06,0.29822377398318334,0.989558629776021,0.005428390859507864,0.9876473978919629,0.9913702239789196,0.9465085638998683,0.020069643240400142,0.9111111111111111,0.1474055462380178,1.0,0.0,1.3211089400717482e-07,0.0,1000.0,0.1355541233312882,0.0011160477539266277,1000.0,"[5.754281435696551e-06, 3.938465275514903e-06, 1.1315974297176312e-05, 3.965247506560148e-06, 2.195044605572697e-06, 4.596618139739922e-06, 4.427689921920497e-06, 4.366358331002032e-06, 1.924214659762598e-06, 3.451783425232606e-06, 2.8092531832031156e-06, 1.715806605884686e-06, 1.3326538584849015e-06, 1.6937909356646757e-06, 2.319628174817299e-06, 1.9997930056877237e-06, 3.7791555453604627e-06, 3.176262431220237e-06, 1.8417479013661432e-06, 8.661161783263746e-06, 3.939478329486348e-06, 1.4822525697255822e-06, 2.199667126522072e-06, 1.6960007398435838e-06, 3.676279818933059e-06, 3.6061494563901645e-06, 1.7900560677571547e-06, 3.8212408616457235e-06, 1.4780628141982706e-06, 1.8022526092534723e-06]","[0.9901185770750988, 0.9960474308300397, 0.9822134387351777, 0.983201581027668, 0.9901185770750988, 0.9822134387351777, 0.9940711462450593, 0.9881422924901186, 0.9812252964426879, 0.9851778656126482, 0.991106719367589, 0.9871541501976285, 0.9950592885375494, 0.9970355731225298, 0.9802371541501977, 0.9950592885375494, 0.9930830039525691, 0.9920948616600791, 0.9841897233201581, 0.9871541501976285, 0.9920948616600791, 0.9940711462450593, 0.9891304347826088, 0.9960474308300397, 0.9950592885375494, 0.9772727272727272, 0.9920948616600791, 0.991106719367589, 0.9970355731225298, 0.9881422924901186]","[0.9525691699604742, 0.9683794466403163, 0.9130434782608695, 0.9209486166007905, 0.9367588932806324, 0.9130434782608695, 0.9604743083003953, 0.9367588932806324, 0.9130434782608695, 0.9209486166007905, 0.9525691699604742, 0.9367588932806324, 0.9683794466403163, 0.9841897233201582, 0.9367588932806324, 0.9683794466403163, 0.9604743083003953, 0.9525691699604742, 0.9288537549407115, 0.9367588932806324, 0.9525691699604742, 0.9604743083003953, 0.9446640316205535, 0.9683794466403163, 0.9683794466403163, 0.9130434782608695, 0.9525691699604742, 0.9446640316205535, 0.9762845849802372, 0.9525691699604742]","[1.0, 1.0, 1.0, 1.0, 1.0, 0.6666666666666666, 1.0, 0.6666666666666666, 0.6666666666666666, 0.6666666666666666, 1.0, 1.0, 1.0, 1.0, 1.0, 1.0, 1.0, 1.0, 0.6666666666666666, 1.0, 0.6666666666666666, 0.6666666666666666, 1.0, 1.0, 1.0, 0.6666666666666666, 1.0, 1.0, 1.0, 1.0]","[1.0, 1.0, 1.0, 1.0, 1.0, 1.0, 1.0, 1.0, 1.0, 1.0, 1.0, 1.0, 1.0, 1.0, 1.0, 1.0, 1.0, 1.0, 1.0, 1.0, 1.0, 1.0, 1.0, 1.0, 1.0, 1.0, 1.0, 1.0, 1.0, 1.0]"
credit,ridge,1000,8,23,b4_antithetic,6.39615702438942e-07,4.7662358108726104e-08,2.780937836691052e-08,2.0722764395098306e-09,6.215221683916439e-07,6.571293831031987e-07,0.056795001446909035,0.9894598155467721,0.002692070716956841,0.9885704874835309,0.99038290513834,0.9454545454545454,0.010867768446535565,1.0,0.0,1.0,0.0,2.0346836811685176e-09,0.0,1000.0,0.11055249666581707,0.005484606817121954,1000.0,"[6.255502522404506e-07, 6.263007594523058e-07, 6.918798685734906e-07, 6.320268445632751e-07, 7.080881112352133e-07, 6.52759631245779e-07, 6.645326087490619e-07, 7.171953097081158e-07, 6.35924253665387e-07, 6.637477340711007e-07, 6.530032691546603e-07, 6.808002361469766e-07, 6.56073919817233e-07, 7.089876163172212e-07, 6.277154722772236e-07, 7.145778190645901e-07, 6.352780764291331e-07, 5.321719977532854e-07, 6.201561631617941e-07, 5.585244143842441e-07, 6.586856348397627e-07, 6.611825121434253e-07, 6.266635471582882e-07, 6.719976862503571e-07, 6.18588022242906e-07, 5.790150298829772e-07, 5.760065758004439e-07, 5.373637616515108e-07, 6.450725717989103e-07, 6.086013733891379e-07]","[0.9891304347826088, 0.9920948616600791, 0.9851778656126482, 0.9891304347826088, 0.9841897233201581, 0.9871541501976285, 0.9841897233201581, 0.9871541501976285, 0.9891304347826088, 0.9891304347826088, 0.9930830039525691, 0.9891304347826088, 0.991106719367589, 0.9881422924901186, 0.9920948616600791, 0.9920948616600791, 0.9891304347826088, 0.9891304347826088, 0.9851778656126482, 0.9901185770750988, 0.9930830039525691, 0.9861660079051384, 0.991106719367589, 0.991106719367589, 0.9930830039525691, 0.9930830039525691, 0.9901185770750988, 0.9901185770750988, 0.9871541501976285, 0.9930830039525691]","[0.9446640316205535, 0.9525691699604742, 0.9288537549407115, 0.9446640316205535, 0.9209486166007905, 0.9367588932806324, 0.9209486166007905, 0.9367588932806324, 0.9446640316205535, 0.9446640316205535, 0.9604743083003953, 0.9446640316205535, 0.9525691699604742, 0.9446640316205535, 0.9525691699604742, 0.9525691699604742, 0.9446640316205535, 0.9446640316205535, 0.9288537549407115, 0.9525691699604742, 0.9604743083003953, 0.9367588932806324, 0.9525691699604742, 0.9525691699604742, 0.9604743083003953, 0.9604743083003953, 0.9446640316205535, 0.9446640316205535, 0.9367588932806324, 0.9604743083003953]","[1.0, 1.0, 1.0, 1.0, 1.0, 1.0, 1.0, 1.0, 1.0, 1.0, 1.0, 1.0, 1.0, 1.0, 1.0, 1.0, 1.0, 1.0, 1.0, 1.0, 1.0, 1.0, 1.0, 1.0, 1.0, 1.0, 1.0, 1.0, 1.0, 1.0]","[1.0, 1.0, 1.0, 1.0, 1.0, 1.0, 1.0, 1.0, 1.0, 1.0, 1.0, 1.0, 1.0, 1.0, 1.0, 1.0, 1.0, 1.0, 1.0, 1.0, 1.0, 1.0, 1.0, 1.0, 1.0, 1.0, 1.0, 1.0, 1.0, 1.0]"
credit,ridge,1000,9,23,abc_shap,8.781523195911199e-05,4.407008530555081e-05,3.818053563439652e-06,1.9160906654587307e-06,7.319418544879654e-05,0.00010454707678601566,5.436685544164115,0.8286890645586298,0.0597296302312128,0.8075592885375492,0.849342885375494,0.6922266139657443,0.06197458164062644,0.9666666666666667,0.1,0.9866666666666667,0.04988876515698587,3.4602480997965096e-06,828.0,172.0,0.140174649998274,0.0017370259382817855,828.0,"[0.00013230429398368136, 9.52615559848163e-05, 6.879792751614371e-05, 0.00015363352078574504, 4.04020060529759e-05, 7.063518210273822e-05, 5.38865569934022e-05, 5.6864837664613315e-05, 2.4814710534430324e-05, 8.490816023900087e-05, 7.011078293192623e-05, 8.038646567324112e-05, 0.00010071880090564724, 0.00021525850628954245, 3.785463199959048e-05, 8.188248856491852e-05, 0.00014359832842009065, 7.438431671821894e-05, 7.909502750285168e-05, 7.065592535964719e-05, 8.409606447179696e-05, 0.0002161011380518098, 6.010535174885259e-05, 4.631276433399806e-05, 7.708577306759781e-05, 6.832959137160532e-05, 7.413343420744692e-05, 8.601286155926495e-05, 8.276293754974867e-05, 0.00010406301618801681]","[0.8181818181818183, 0.7687747035573124, 0.7994071146245059, 0.892292490118577, 0.8735177865612648, 0.7144268774703557, 0.8092885375494071, 0.8507905138339922, 0.9229249011857708, 0.8033596837944664, 0.7865612648221343, 0.8853754940711462, 0.8369565217391305, 0.8201581027667983, 0.8725296442687748, 0.7529644268774704, 0.9021739130434783, 0.874505928853755, 0.8754940711462451, 0.9051383399209486, 0.8369565217391305, 0.6867588932806324, 0.9179841897233202, 0.7875494071146245, 0.8893280632411068, 0.7351778656126482, 0.7974308300395258, 0.8379446640316206, 0.8053359683794467, 0.8013833992094862]","[0.6758893280632412, 0.6284584980237155, 0.6996047430830039, 0.7391304347826086, 0.7312252964426879, 0.5889328063241107, 0.6600790513833992, 0.7075098814229249, 0.7786561264822134, 0.6600790513833992, 0.6521739130434783, 0.7312252964426879, 0.7312252964426879, 0.6521739130434783, 0.7391304347826086, 0.5810276679841897, 0.7786561264822134, 0.7470355731225297, 0.7549407114624506, 0.7786561264822134, 0.6679841897233202, 0.5889328063241107, 0.8102766798418973, 0.6442687747035574, 0.7549407114624506, 0.5889328063241107, 0.6600790513833992, 0.691699604743083, 0.6758893280632412, 0.6679841897233202]","[1.0, 1.0, 1.0, 1.0, 1.0, 1.0, 1.0, 1.0, 1.0, 1.0, 1.0, 1.0, 1.0, 0.6666666666666666, 1.0, 1.0, 1.0, 1.0, 1.0, 1.0, 1.0, 1.0, 1.0, 1.0, 0.6666666666666666, 1.0, 1.0, 1.0, 1.0, 0.6666666666666666]","[0.8, 1.0, 1.0, 1.0, 1.0, 1.0, 1.0, 0.8, 1.0, 1.0, 1.0, 1.0, 1.0, 1.0, 1.0, 1.0, 1.0, 1.0, 1.0, 1.0, 1.0, 1.0, 1.0, 1.0, 1.0, 1.0, 1.0, 1.0, 1.0, 1.0]"
credit,ridge,1000,9,23,b1_uniform,6.5239307100256415e-06,2.6977683622650765e-06,2.836491613054627e-07,1.1729427662022071e-07,5.627786894085903e-06,7.49534632489264e-06,0.4038998587265521,0.9356389986824769,0.023614648313364066,0.92635046113307,0.9441049077733861,0.8363636363636363,0.036917927047701554,1.0,0.0,1.0,0.0,2.2160471875776273e-07,0.0,1000.0,0.11566629333732029,0.007445036589806758,1000.0,"[9.812406239513471e-06, 2.5296805533643523e-06, 6.207270564668173e-06, 4.2010365653997696e-06, 2.3017589928697237e-06, 1.1103167926220989e-05, 6.5842217856516836e-06, 6.1398658351949964e-06, 8.102765850009291e-06, 8.549126817878341e-06, 6.768641547288753e-06, 9.43528860562343e-06, 7.639238748259514e-06, 6.268183722668355e-06, 1.2105103803503213e-05, 9.734646416382785e-06, 3.127891953719638e-06, 4.7145869480966865e-06, 3.8643987670137195e-06, 4.653437574942333e-06, 5.603154589037431e-06, 5.147181117404393e-06, 6.164191687136073e-06, 4.354790197404438e-06, 7.634670966832894e-06, 9.664107605276748e-06, 1.6515652918299328e-06, 3.680983913202863e-06, 9.768356271978804e-06, 8.206200442396473e-06]","[0.9446640316205533, 0.9436758893280633, 0.9357707509881423, 0.9436758893280633, 0.9387351778656127, 0.9654150197628459, 0.9041501976284586, 0.9446640316205533, 0.9634387351778656, 0.9061264822134387, 0.9041501976284586, 0.9565217391304348, 0.9644268774703558, 0.9051383399209486, 0.9258893280632412, 0.8863636363636364, 0.9347826086956521, 0.9683794466403162, 0.9634387351778656, 0.9407114624505929, 0.9318181818181819, 0.9328063241106721, 0.9239130434782609, 0.9278656126482213, 0.9436758893280633, 0.8863636363636364, 0.9752964426877472, 0.9535573122529646, 0.9436758893280633, 0.9100790513833993]","[0.841897233201581, 0.8498023715415021, 0.841897233201581, 0.841897233201581, 0.841897233201581, 0.8814229249011858, 0.7944664031620553, 0.841897233201581, 0.8735177865612648, 0.7944664031620553, 0.7707509881422926, 0.8656126482213439, 0.8972332015810277, 0.7786561264822134, 0.8181818181818182, 0.7865612648221344, 0.83399209486166, 0.8893280632411068, 0.8735177865612648, 0.857707509881423, 0.841897233201581, 0.83399209486166, 0.8023715415019763, 0.8181818181818182, 0.841897233201581, 0.7707509881422926, 0.9051383399209486, 0.857707509881423, 0.857707509881423, 0.7865612648221344]","[1.0, 1.0, 1.0, 1.0, 1.0, 1.0, 1.0, 1.0, 1.0, 1.0, 1.0, 1.0, 1.0, 1.0, 1.0, 1.0, 1.0, 1.0, 1.0, 1.0, 1.0, 1.0, 1.0, 1.0, 1.0, 1.0, 1.0, 1.0, 1.0, 1.0]","[1.0, 1.0, 1.0, 1.0, 1.0, 1.0, 1.0, 1.0, 1.0, 1.0, 1.0, 1.0, 1.0, 1.0, 1.0, 1.0, 1.0, 1.0, 1.0, 1.0, 1.0, 1.0, 1.0, 1.0, 1.0, 1.0, 1.0, 1.0, 1.0, 1.0]"
credit,ridge,1000,9,23,b2_stratified,1.6152347095626164e-05,1.1118844032952746e-05,7.022759606793984e-07,4.834280014327281e-07,1.2567127132289405e-05,2.0231305297188643e-05,1.0,0.9422595520421607,0.029182485114849454,0.93135128458498,0.9527676218708826,0.8492753623188406,0.04025329423753003,1.0,0.0,1.0,0.0,5.977033115814887e-07,0.0,1000.0,0.11922043333664381,0.01448265713030963,1000.0,"[1.9379184269986756e-05, 2.568532227378535e-05, 4.821817022431233e-06, 6.31936218188528e-06, 2.646779193691954e-05, 5.9799189892527736e-06, 4.6440317908050305e-06, 1.4820160520069562e-06, 1.5113906384730741e-05, 3.3682389119153525e-06, 1.092821665690093e-05, 3.508486013457327e-05, 1.4937037238439118e-05, 1.0882468761860664e-05, 1.2162441267697066e-05, 1.3233267847962882e-05, 3.955798513738481e-05, 3.141903669398754e-05, 1.829760227383485e-05, 6.009843180892255e-06, 1.1955729507505109e-05, 7.524331663792567e-06, 1.0396255596682286e-05, 3.090859327638084e-05, 3.8327998513812345e-05, 2.6068602178979033e-05, 2.5311220264045085e-06, 1.680825416346847e-05, 2.7426425763418843e-05, 6.848751171088507e-06]","[0.9525691699604744, 0.8962450592885376, 0.9565217391304348, 0.9515810276679842, 0.9565217391304348, 0.9446640316205533, 0.9575098814229249, 0.9614624505928853, 0.9673913043478262, 0.9683794466403162, 0.9189723320158102, 0.9733201581027668, 0.950592885375494, 0.9673913043478262, 0.933794466403162, 0.9535573122529646, 0.9357707509881423, 0.9189723320158102, 0.958498023715415, 0.9150197628458498, 0.9456521739130436, 0.8685770750988143, 0.9822134387351777, 0.8784584980237155, 0.8774703557312253, 0.9752964426877472, 0.9565217391304348, 0.9367588932806324, 0.9555335968379446, 0.9525691699604744]","[0.857707509881423, 0.7865612648221344, 0.857707509881423, 0.8656126482213439, 0.857707509881423, 0.841897233201581, 0.8656126482213439, 0.8814229249011858, 0.8972332015810277, 0.8893280632411068, 0.8260869565217391, 0.8893280632411068, 0.857707509881423, 0.8735177865612648, 0.857707509881423, 0.8656126482213439, 0.841897233201581, 0.8102766798418973, 0.8735177865612648, 0.8181818181818182, 0.857707509881423, 0.7628458498023716, 0.9130434782608695, 0.7628458498023716, 0.7470355731225297, 0.8972332015810277, 0.857707509881423, 0.83399209486166, 0.8656126482213439, 0.8656126482213439]","[1.0, 1.0, 1.0, 1.0, 1.0, 1.0, 1.0, 1.0, 1.0, 1.0, 1.0, 1.0, 1.0, 1.0, 1.0, 1.0, 1.0, 1.0, 1.0, 1.0, 1.0, 1.0, 1.0, 1.0, 1.0, 1.0, 1.0, 1.0, 1.0, 1.0]","[1.0, 1.0, 1.0, 1.0, 1.0, 1.0, 1.0, 1.0, 1.0, 1.0, 1.0, 1.0, 1.0, 1.0, 1.0, 1.0, 1.0, 1.0, 1.0, 1.0, 1.0, 1.0, 1.0, 1.0, 1.0, 1.0, 1.0, 1.0, 1.0, 1.0]"
credit,ridge,1000,9,23,b3_is,7.505426255777643e-06,6.086805972138094e-06,3.263228806859845e-07,2.6464373791904755e-07,5.4463251464492114e-06,9.676320515343299e-06,0.4646647457080718,0.9586627140974967,0.014762910520582715,0.9530624176548089,0.9635062582345192,0.8816864295125166,0.027647900358611293,1.0,0.0,1.0,0.0,2.6313034929295375e-07,0.0,1000.0,0.13612825000212372,0.0029267238148417488,1000.0,"[6.830713227522132e-06, 2.4211713564726684e-05, 2.1179772959097183e-06, 9.108670014177691e-06, 1.6824441946951217e-05, 5.375050986632914e-06, 1.0548362903939585e-05, 1.256576967206865e-05, 7.583655536978427e-06, 1.2893780365833512e-05, 1.787439613311465e-06, 1.0243353667472222e-05, 2.3506838526428192e-05, 4.3115947875886695e-06, 1.7249079794477306e-06, 4.0284519811918706e-06, 5.219723729335511e-06, 3.4364944676730642e-06, 2.937757775912913e-06, 1.6684530931790508e-05, 1.2111741267609527e-06, 8.974980314817925e-06, 7.806945010676482e-06, 6.6225751591333265e-06, 4.04360829750932e-06, 1.3206238629732718e-06, 2.2935326250906747e-06, 4.656572480775853e-06, 3.0493319294748495e-06, 3.242214891223955e-06]","[0.9654150197628459, 0.9328063241106721, 0.958498023715415, 0.9565217391304348, 0.958498023715415, 0.9614624505928853, 0.9555335968379446, 0.9407114624505929, 0.9575098814229249, 0.9535573122529646, 0.9624505928853755, 0.9841897233201581, 0.974308300395257, 0.9496047430830039, 0.974308300395257, 0.9436758893280633, 0.9090909090909092, 0.9752964426877472, 0.9575098814229249, 0.9604743083003953, 0.9624505928853755, 0.9762845849802372, 0.9654150197628459, 0.958498023715415, 0.974308300395257, 0.9644268774703558, 0.9604743083003953, 0.9377470355731227, 0.9713438735177865, 0.9575098814229249]","[0.9051383399209486, 0.841897233201581, 0.8814229249011858, 0.8893280632411068, 0.8735177865612648, 0.8814229249011858, 0.8656126482213439, 0.841897233201581, 0.8656126482213439, 0.8498023715415021, 0.8972332015810277, 0.9446640316205535, 0.8972332015810277, 0.8498023715415021, 0.9209486166007905, 0.857707509881423, 0.8181818181818182, 0.9130434782608695, 0.8735177865612648, 0.8972332015810277, 0.8972332015810277, 0.9209486166007905, 0.8972332015810277, 0.8656126482213439, 0.9130434782608695, 0.8893280632411068, 0.8735177865612648, 0.8498023715415021, 0.8972332015810277, 0.8814229249011858]","[1.0, 1.0, 1.0, 1.0, 1.0, 1.0, 1.0, 1.0, 1.0, 1.0, 1.0, 1.0, 1.0, 1.0, 1.0, 1.0, 1.0, 1.0, 1.0, 1.0, 1.0, 1.0, 1.0, 1.0, 1.0, 1.0, 1.0, 1.0, 1.0, 1.0]","[1.0, 1.0, 1.0, 1.0, 1.0, 1.0, 1.0, 1.0, 1.0, 1.0, 1.0, 1.0, 1.0, 1.0, 1.0, 1.0, 1.0, 1.0, 1.0, 1.0, 1.0, 1.0, 1.0, 1.0, 1.0, 1.0, 1.0, 1.0, 1.0, 1.0]"
credit,ridge,1000,9,23,b4_antithetic,1.3494915965433178e-06,1.3789157044741797e-07,5.867354767579643e-08,5.995285671626868e-09,1.2965248540352636e-06,1.3972644992622573e-06,0.08354770910716386,0.9534584980237153,0.006847714391269848,0.9509527338603425,0.9558959156785245,0.8729907773386035,0.016823072147048604,1.0,0.0,1.0,0.0,2.4203369379249847e-09,0.0,1000.0,0.11032788000011351,0.0036683812138850434,1000.0,"[1.3429252984661199e-06, 1.5900825747567222e-06, 1.4566922355228909e-06, 1.2842757625997206e-06, 1.1125969381895976e-06, 1.2142827191547422e-06, 1.6298931819575432e-06, 1.3647212538275401e-06, 1.340887414354859e-06, 1.3599031198272396e-06, 1.322032051926645e-06, 1.382380093930228e-06, 1.3317045399636933e-06, 1.4148323536952554e-06, 1.3859097452944338e-06, 1.0513390749890794e-06, 1.3898323188478011e-06, 1.519465669465248e-06, 1.3369271044156612e-06, 1.5338864407143331e-06, 1.5018381441632936e-06, 1.3786278263449734e-06, 1.1818748897493048e-06, 1.2248052221432652e-06, 1.4830229365440571e-06, 1.113913197723456e-06, 1.4610303996102702e-06, 1.2360604524545537e-06, 1.3073015160994372e-06, 1.2317034195675688e-06]","[0.9456521739130436, 0.9446640316205533, 0.9594861660079053, 0.950592885375494, 0.9624505928853755, 0.9545454545454547, 0.9436758893280633, 0.9446640316205533, 0.9525691699604744, 0.9436758893280633, 0.9594861660079053, 0.9594861660079053, 0.9476284584980237, 0.9614624505928853, 0.9634387351778656, 0.9515810276679842, 0.9614624505928853, 0.9476284584980237, 0.9496047430830039, 0.9545454545454547, 0.9466403162055337, 0.9575098814229249, 0.9466403162055337, 0.9486166007905139, 0.9565217391304348, 0.9673913043478262, 0.950592885375494, 0.9634387351778656, 0.958498023715415, 0.9496047430830039]","[0.857707509881423, 0.8498023715415021, 0.8893280632411068, 0.857707509881423, 0.8893280632411068, 0.8735177865612648, 0.8498023715415021, 0.857707509881423, 0.8735177865612648, 0.8498023715415021, 0.8893280632411068, 0.8893280632411068, 0.857707509881423, 0.8893280632411068, 0.8972332015810277, 0.8735177865612648, 0.8893280632411068, 0.857707509881423, 0.8656126482213439, 0.8735177865612648, 0.8656126482213439, 0.8814229249011858, 0.8498023715415021, 0.8656126482213439, 0.8735177865612648, 0.9130434782608695, 0.8656126482213439, 0.8972332015810277, 0.8893280632411068, 0.857707509881423]","[1.0, 1.0, 1.0, 1.0, 1.0, 1.0, 1.0, 1.0, 1.0, 1.0, 1.0, 1.0, 1.0, 1.0, 1.0, 1.0, 1.0, 1.0, 1.0, 1.0, 1.0, 1.0, 1.0, 1.0, 1.0, 1.0, 1.0, 1.0, 1.0, 1.0]","[1.0, 1.0, 1.0, 1.0, 1.0, 1.0, 1.0, 1.0, 1.0, 1.0, 1.0, 1.0, 1.0, 1.0, 1.0, 1.0, 1.0, 1.0, 1.0, 1.0, 1.0, 1.0, 1.0, 1.0, 1.0, 1.0, 1.0, 1.0, 1.0, 1.0]"
credit,rf,1000,0,23,abc_shap,0.02808826201093131,0.024683635934761895,0.00122122878308397,0.001073201562380952,0.020435700066355287,0.037330629875986274,4.9737958629475525,0.6238801054018446,0.1032522748386321,0.585135046113307,0.6578820816864296,0.4677206851119895,0.0868686424627754,0.6444444444444444,0.1911627837120584,0.7533333333333335,0.12310790208412929,0.0011718527455122092,828.0,172.0,8.122434299996046,0.26278237897684176,828.0,"[0.014141170912489917, 0.05086103939216113, 0.03001323608629458, 0.008516454694425782, 0.050760709739847976, 0.009929138481404953, 0.028869217015941136, 0.01699305772684597, 0.0061931716985022586, 0.04335545686741992, 0.02383505977058181, 0.00835125645037951, 0.01604804132893394, 0.027225173141287497, 0.023847575948432998, 0.030194915536937986, 0.04578021799533108, 0.009992630927634404, 0.09904968017579721, 0.11492295240596333, 0.011730074216955183, 0.0218997189103484, 0.015493534665449999, 0.024189378109137787, 0.016871803595581155, 0.015687461609500877, 0.0395962361222112, 0.009905623920626532, 0.007186795909424974, 0.021207076972089848]","[0.7727272727272727, 0.6185770750988142, 0.6650197628458498, 0.6976284584980238, 0.3636363636363636, 0.75, 0.7015810276679841, 0.7075098814229249, 0.7776679841897233, 0.5583003952569171, 0.5276679841897233, 0.7252964426877472, 0.44565217391304346, 0.733201581027668, 0.5741106719367589, 0.6195652173913044, 0.6254940711462451, 0.6887351778656127, 0.5266798418972332, 0.6116600790513834, 0.6314229249011858, 0.5365612648221344, 0.642292490118577, 0.5622529644268774, 0.758893280632411, 0.549407114624506, 0.598814229249012, 0.5247035573122529, 0.7519762845849803, 0.46936758893280633]","[0.6047430830039525, 0.4782608695652174, 0.5098814229249012, 0.5019762845849802, 0.2490118577075099, 0.557312252964427, 0.5335968379446641, 0.5335968379446641, 0.6205533596837944, 0.4308300395256917, 0.41501976284584985, 0.5652173913043478, 0.35177865612648224, 0.557312252964427, 0.4545454545454546, 0.40711462450592883, 0.525691699604743, 0.4861660079051383, 0.3992094861660079, 0.44664031620553357, 0.4545454545454546, 0.3992094861660079, 0.4545454545454546, 0.41501976284584985, 0.5731225296442688, 0.383399209486166, 0.41501976284584985, 0.391304347826087, 0.5889328063241107, 0.3280632411067194]","[0.6666666666666666, 0.3333333333333333, 0.3333333333333333, 0.6666666666666666, 0.6666666666666666, 1.0, 0.3333333333333333, 0.6666666666666666, 0.6666666666666666, 0.6666666666666666, 0.6666666666666666, 0.6666666666666666, 0.3333333333333333, 0.6666666666666666, 1.0, 0.3333333333333333, 0.6666666666666666, 0.6666666666666666, 0.6666666666666666, 0.6666666666666666, 0.6666666666666666, 1.0, 0.6666666666666666, 0.6666666666666666, 0.6666666666666666, 0.6666666666666666, 0.6666666666666666, 0.6666666666666666, 1.0, 0.3333333333333333]","[0.8, 0.6, 0.8, 0.6, 0.6, 0.8, 0.8, 0.6, 0.8, 0.8, 0.6, 0.6, 0.8, 0.8, 1.0, 0.6, 0.8, 0.8, 0.8, 1.0, 0.6, 0.8, 0.6, 0.8, 0.8, 0.6, 0.8, 1.0, 0.8, 0.8]"
credit,rf,1000,0,23,b1_uniform,0.01076716593384542,0.0016120455708741755,0.00046813764929762693,7.008893786409458e-05,0.010190286030872622,0.01130296423798301,1.9066215402216162,0.722957839262187,0.08665149043862656,0.6931134716732543,0.752639163372859,0.5525691699604742,0.08006205053990775,0.888888888888889,0.15713484026367722,0.8200000000000002,0.10770329614269007,8.60323285177009e-05,0.0,1000.0,7.79859059000058,0.20194568799512239,1000.0,"[0.010812907700917746, 0.012021572121100069, 0.013031593642174398, 0.00968204916109272, 0.00860535722136261, 0.013119848831744215, 0.012130370001440337, 0.009506457065370826, 0.01269177217945953, 0.009842122736064685, 0.01132740092193113, 0.0068619658664415785, 0.009948735791606251, 0.010331249370289041, 0.0119529480678653, 0.011192891699298867, 0.011821650012671764, 0.01256030617174493, 0.011962162630500485, 0.011282217354960135, 0.008322767827029117, 0.011041681740639485, 0.012282990239891217, 0.009212099141141976, 0.011654959726682563, 0.009624281032582506, 0.009731903863175764, 0.011027426556776746, 0.007305243872971604, 0.012126045466435009]","[0.7816205533596838, 0.8063241106719368, 0.5583003952569171, 0.8280632411067194, 0.7618577075098815, 0.7934782608695652, 0.6976284584980238, 0.708498023715415, 0.4337944664031621, 0.6976284584980238, 0.575098814229249, 0.8804347826086957, 0.7183794466403163, 0.7055335968379446, 0.6314229249011858, 0.6857707509881423, 0.7351778656126482, 0.7312252964426879, 0.7628458498023717, 0.6916996047430831, 0.7806324110671937, 0.7806324110671937, 0.7164031620553359, 0.8023715415019764, 0.7924901185770751, 0.7934782608695652, 0.733201581027668, 0.6729249011857709, 0.7104743083003953, 0.7213438735177865]","[0.6047430830039525, 0.6284584980237155, 0.383399209486166, 0.6679841897233202, 0.5731225296442688, 0.5810276679841897, 0.4940711462450593, 0.549407114624506, 0.3201581027667984, 0.525691699604743, 0.44664031620553357, 0.7391304347826086, 0.557312252964427, 0.5177865612648221, 0.47035573122529645, 0.525691699604743, 0.557312252964427, 0.541501976284585, 0.5652173913043478, 0.549407114624506, 0.6284584980237155, 0.5968379446640317, 0.5335968379446641, 0.6363636363636365, 0.6126482213438735, 0.6205533596837944, 0.5731225296442688, 0.5098814229249012, 0.5098814229249012, 0.557312252964427]","[1.0, 1.0, 0.6666666666666666, 1.0, 0.6666666666666666, 1.0, 1.0, 1.0, 0.6666666666666666, 1.0, 1.0, 1.0, 0.6666666666666666, 1.0, 0.6666666666666666, 1.0, 0.6666666666666666, 1.0, 1.0, 0.6666666666666666, 0.6666666666666666, 1.0, 0.6666666666666666, 1.0, 1.0, 1.0, 1.0, 1.0, 1.0, 0.6666666666666666]","[0.8, 0.8, 0.8, 0.8, 0.8, 0.8, 0.6, 0.8, 0.8, 0.6, 0.8, 0.8, 1.0, 0.8, 0.6, 1.0, 0.8, 0.8, 0.8, 0.8, 1.0, 0.8, 0.8, 0.8, 0.8, 0.8, 1.0, 0.8, 1.0, 1.0]"
credit,rf,1000,0,23,b2_stratified,0.005647248657745626,0.005096445329710178,0.00024553255033676636,0.00022158457955261644,0.004105401526603831,0.007715665108440171,1.0,0.8733530961791831,0.05420815886015596,0.8525345849802373,0.8917333662714099,0.7262187088274046,0.06472190372150596,0.7111111111111111,0.18724777273725246,0.8666666666666667,0.1299572579307862,0.00022706969724700706,0.0,1000.0,8.030182356666774,0.1264371320307931,1000.0,"[0.0034782312470215946, 0.01084282865217114, 0.004550484802313743, 0.009665598780482017, 0.0021722924823576128, 0.0033073340207448554, 0.004283933100303623, 0.009483953415325479, 0.010785517144095131, 0.0024974462293311543, 0.004700519661892178, 0.008695798336949764, 0.0026501922143631514, 0.025763714976744168, 0.016763837083965085, 0.001662586720959788, 0.004273526295534667, 0.003757575361571949, 0.0022401635584595736, 0.0036334956831652466, 0.0022706199060063804, 0.00486896225020923, 0.007138138602700794, 0.0019161676066506066, 0.0027166437035479898, 0.0050245764673000496, 0.0021435363851081105, 0.002738667158827868, 0.0027220365129420306, 0.0026690813713237675]","[0.75, 0.9239130434782609, 0.7430830039525691, 0.8626482213438734, 0.9031620553359685, 0.8705533596837944, 0.8656126482213439, 0.8913043478260869, 0.7262845849802372, 0.900197628458498, 0.9011857707509882, 0.8754940711462451, 0.9288537549407114, 0.8814229249011858, 0.8527667984189724, 0.8725296442687748, 0.892292490118577, 0.8952569169960475, 0.9031620553359685, 0.8656126482213439, 0.8359683794466403, 0.8982213438735178, 0.9199604743083004, 0.8873517786561266, 0.9387351778656127, 0.9545454545454547, 0.9140316205533597, 0.8023715415019764, 0.900197628458498, 0.8438735177865613]","[0.5968379446640317, 0.7865612648221344, 0.5731225296442688, 0.7233201581027668, 0.7470355731225297, 0.7154150197628459, 0.7233201581027668, 0.7628458498023716, 0.541501976284585, 0.7707509881422926, 0.7470355731225297, 0.7154150197628459, 0.7944664031620553, 0.7391304347826086, 0.7154150197628459, 0.7391304347826086, 0.7154150197628459, 0.7391304347826086, 0.7628458498023716, 0.6996047430830039, 0.6996047430830039, 0.7549407114624506, 0.7786561264822134, 0.7549407114624506, 0.8102766798418973, 0.841897233201581, 0.7391304347826086, 0.6363636363636365, 0.7628458498023716, 0.6996047430830039]","[1.0, 0.6666666666666666, 0.6666666666666666, 0.6666666666666666, 1.0, 0.6666666666666666, 0.6666666666666666, 0.6666666666666666, 0.6666666666666666, 1.0, 0.3333333333333333, 0.6666666666666666, 0.6666666666666666, 1.0, 0.6666666666666666, 1.0, 0.6666666666666666, 0.6666666666666666, 0.6666666666666666, 0.3333333333333333, 1.0, 1.0, 0.6666666666666666, 0.6666666666666666, 0.3333333333333333, 0.6666666666666666, 0.6666666666666666, 0.6666666666666666, 0.6666666666666666, 0.6666666666666666]","[1.0, 1.0, 1.0, 0.8, 1.0, 0.8, 0.8, 0.8, 0.6, 1.0, 0.8, 0.6, 1.0, 0.8, 0.8, 0.8, 0.8, 0.8, 0.8, 1.0, 0.8, 0.8, 0.6, 1.0, 1.0, 0.8, 1.0, 1.0, 1.0, 1.0]"
credit,rf,1000,0,23,b3_is,0.0014439996353974446,0.0006034957574787451,6.278259284336715e-05,2.6238945977336742e-05,0.0012264557845902584,0.0016611554974631604,0.25569967304642954,0.9306653491436101,0.0326745884068554,0.9189682147562583,0.9424316534914362,0.81501976284585,0.04913919452306737,0.888888888888889,0.15713484026367722,0.9066666666666667,0.09977753031397174,4.835719632710755e-05,0.0,1000.0,8.32349292000193,0.18298109575854812,1000.0,"[0.001259523450121411, 0.0007152267350944513, 0.0021523561539252838, 0.0009380030940831227, 0.0014140664624799398, 0.0013949015693402386, 0.0011307114071246092, 0.0016472423558806441, 0.0011920676597447111, 0.0010131151528134912, 0.0016671235885424177, 0.0006027893719220475, 0.002368728989678201, 0.0017530275109595122, 0.0013154342105170577, 0.001162051817486147, 0.0007610475840751503, 0.0011364404189279178, 0.0009260537399824292, 0.001584752241545468, 0.0006110765581748509, 0.0018046615381802744, 0.0025561113721661085, 0.0012666384384940623, 0.0009329658980423237, 0.0017398591369304302, 0.003357696173838962, 0.0014968366252362418, 0.0013152923219524346, 0.002104187484663401]","[0.9624505928853755, 0.9644268774703558, 0.8567193675889329, 0.9555335968379446, 0.892292490118577, 0.9308300395256918, 0.9318181818181819, 0.933794466403162, 0.9377470355731227, 0.958498023715415, 0.8992094861660079, 0.9723320158102767, 0.9535573122529646, 0.8666007905138341, 0.9189723320158102, 0.8972332015810277, 0.9328063241106721, 0.9713438735177865, 0.9525691699604744, 0.9614624505928853, 0.9703557312252965, 0.9535573122529646, 0.9051383399209486, 0.9357707509881423, 0.9654150197628459, 0.8814229249011858, 0.9258893280632412, 0.9189723320158102, 0.9387351778656127, 0.874505928853755]","[0.8735177865612648, 0.8656126482213439, 0.7391304347826086, 0.857707509881423, 0.7707509881422926, 0.8102766798418973, 0.7707509881422926, 0.857707509881423, 0.8181818181818182, 0.83399209486166, 0.7628458498023716, 0.8814229249011858, 0.857707509881423, 0.6996047430830039, 0.7786561264822134, 0.7707509881422926, 0.8102766798418973, 0.8814229249011858, 0.83399209486166, 0.8498023715415021, 0.8814229249011858, 0.8260869565217391, 0.8023715415019763, 0.8023715415019763, 0.8814229249011858, 0.7391304347826086, 0.7786561264822134, 0.8102766798418973, 0.8498023715415021, 0.7549407114624506]","[1.0, 0.6666666666666666, 1.0, 1.0, 0.6666666666666666, 1.0, 0.6666666666666666, 0.6666666666666666, 1.0, 1.0, 1.0, 1.0, 1.0, 0.6666666666666666, 1.0, 0.6666666666666666, 1.0, 1.0, 1.0, 1.0, 1.0, 1.0, 1.0, 0.6666666666666666, 0.6666666666666666, 1.0, 0.6666666666666666, 1.0, 1.0, 0.6666666666666666]","[0.8, 0.8, 0.8, 1.0, 1.0, 1.0, 1.0, 1.0, 0.8, 0.8, 0.8, 1.0, 1.0, 0.8, 0.8, 1.0, 1.0, 1.0, 1.0, 1.0, 1.0, 0.8, 0.8, 1.0, 1.0, 0.8, 0.8, 1.0, 0.8, 0.8]"
credit,rf,1000,0,23,b4_antithetic,0.010188095527810748,0.0012777478216971089,0.0004429606751222064,5.55542531172656e-05,0.009731140831410393,0.01065232585679827,1.8040812695288366,0.7596508563899868,0.05924882471757376,0.7376465744400528,0.7803063241106721,0.5823451910408433,0.05511279420445644,0.8111111111111112,0.1862561623804468,0.8533333333333335,0.08844332774281063,4.062540295655359e-05,0.0,1000.0,7.775806393334642,0.2727292311384766,1000.0,"[0.011835647886973243, 0.01217856149614127, 0.011287804825971161, 0.011320169712527502, 0.013062969359820202, 0.009895514001300277, 0.008180565251535337, 0.010410581016313928, 0.010627702800651754, 0.007965115158592695, 0.010749694378671062, 0.008531223126487207, 0.010138784900073113, 0.009831025016633828, 0.009864911025196316, 0.012313108036420503, 0.00787622495703569, 0.009121994786583914, 0.009841788253384214, 0.011735623193388885, 0.009957822642220684, 0.009429942868750922, 0.008650071206264633, 0.011284193001328735, 0.010546432029253242, 0.010289740115107663, 0.00983002505755429, 0.009777240738578538, 0.009608159553272572, 0.009500229438289]","[0.6966403162055337, 0.650197628458498, 0.7855731225296443, 0.6679841897233202, 0.758893280632411, 0.8102766798418973, 0.7539525691699605, 0.7776679841897233, 0.816205533596838, 0.7786561264822135, 0.7519762845849803, 0.8656126482213439, 0.7727272727272727, 0.7697628458498025, 0.8310276679841897, 0.8181818181818183, 0.7292490118577075, 0.7786561264822135, 0.8577075098814229, 0.7065217391304347, 0.6916996047430831, 0.8112648221343874, 0.8399209486166009, 0.6966403162055337, 0.7608695652173914, 0.6245059288537549, 0.7282608695652173, 0.7638339920948617, 0.7104743083003953, 0.7845849802371542]","[0.525691699604743, 0.5098814229249012, 0.5889328063241107, 0.4782608695652174, 0.549407114624506, 0.6284584980237155, 0.5889328063241107, 0.5968379446640317, 0.6363636363636365, 0.5968379446640317, 0.5731225296442688, 0.691699604743083, 0.6205533596837944, 0.5968379446640317, 0.6758893280632412, 0.6205533596837944, 0.541501976284585, 0.5889328063241107, 0.6600790513833992, 0.541501976284585, 0.5019762845849802, 0.6363636363636365, 0.6521739130434783, 0.525691699604743, 0.5889328063241107, 0.4861660079051383, 0.541501976284585, 0.5652173913043478, 0.541501976284585, 0.6205533596837944]","[0.6666666666666666, 1.0, 0.6666666666666666, 1.0, 0.3333333333333333, 1.0, 1.0, 1.0, 0.6666666666666666, 1.0, 0.6666666666666666, 0.6666666666666666, 0.6666666666666666, 1.0, 1.0, 0.6666666666666666, 1.0, 0.6666666666666666, 0.6666666666666666, 0.6666666666666666, 0.6666666666666666, 1.0, 0.6666666666666666, 1.0, 0.6666666666666666, 1.0, 1.0, 0.6666666666666666, 1.0, 0.6666666666666666]","[0.8, 0.8, 0.8, 0.8, 0.8, 0.8, 1.0, 1.0, 0.8, 0.8, 1.0, 1.0, 1.0, 1.0, 0.8, 0.8, 0.8, 0.8, 0.8, 0.8, 0.8, 0.8, 1.0, 0.8, 0.8, 0.8, 0.8, 0.8, 0.8, 1.0]"
credit,rf,1000,1,23,abc_shap,0.045383570491965,0.040548309872125196,0.0019731987170419564,0.001762969994440226,0.03281055382423078,0.06126523223532042,3.801982084816805,0.3352437417654809,0.15481069715616777,0.28381340579710146,0.38765151515151514,0.238471673254282,0.11768364929421801,0.47777777777777775,0.1862561623804468,0.5333333333333333,0.19550504398153573,0.0018150876040507029,828.0,172.0,8.438427996665512,0.3239395438922932,828.0,"[0.018088601383239266, 0.05689800470549458, 0.1838630161629001, 0.07419081089054783, 0.023105353469165896, 0.01228435158155415, 0.15330792250027278, 0.018989622320658414, 0.020116189982286453, 0.04244978500247256, 0.0174073740724819, 0.030762195103074156, 0.025030088441609873, 0.021744457691120326, 0.042868169218189894, 0.039609349680078926, 0.026147772679398284, 0.03854627396339203, 0.020613882152689687, 0.018261493040698018, 0.041932760373156575, 0.031682925169901184, 0.012296288123925435, 0.046184134870165025, 0.013869525969017141, 0.09458621327533123, 0.020871051217496585, 0.06519943229169728, 0.03931367117826799, 0.11128639824866651]","[0.4337944664031621, 0.5573122529644269, 0.44565217391304346, 0.4337944664031621, 0.25592885375494073, 0.23320158102766803, 0.40217391304347827, 0.3290513833992095, 0.40909090909090917, 0.05928853754940712, 0.42786561264822137, 0.24505928853754944, 0.4535573122529644, 0.3952569169960475, 0.2381422924901186, 0.2766798418972332, 0.6156126482213439, 0.4061264822134388, 0.20948616600790515, 0.11264822134387352, 0.2065217391304348, 0.42391304347826086, 0.45158102766798425, 0.026679841897233204, 0.5592885375494071, 0.5800395256916997, 0.05039525691699605, 0.28260869565217395, 0.30632411067193677, 0.23023715415019763]","[0.3359683794466403, 0.40711462450592883, 0.3280632411067194, 0.2964426877470356, 0.16996047430830039, 0.17786561264822134, 0.30434782608695654, 0.23320158102766797, 0.30434782608695654, 0.02766798418972332, 0.30434782608695654, 0.16996047430830039, 0.3359683794466403, 0.2885375494071147, 0.14624505928853754, 0.16996047430830039, 0.4545454545454546, 0.2885375494071147, 0.17786561264822134, 0.1067193675889328, 0.13043478260869565, 0.3122529644268775, 0.2964426877470356, -0.03557312252964427, 0.3992094861660079, 0.40711462450592883, 0.02766798418972332, 0.2015810276679842, 0.20948616600790515, 0.17786561264822134]","[0.6666666666666666, 0.3333333333333333, 1.0, 0.3333333333333333, 0.3333333333333333, 0.6666666666666666, 0.3333333333333333, 0.3333333333333333, 0.3333333333333333, 0.3333333333333333, 0.6666666666666666, 0.3333333333333333, 0.6666666666666666, 0.6666666666666666, 0.6666666666666666, 0.3333333333333333, 0.6666666666666666, 0.3333333333333333, 0.3333333333333333, 0.6666666666666666, 0.3333333333333333, 0.3333333333333333, 0.3333333333333333, 0.3333333333333333, 0.6666666666666666, 0.3333333333333333, 0.6666666666666666, 0.3333333333333333, 0.3333333333333333, 0.6666666666666666]","[0.4, 0.6, 1.0, 0.6, 0.4, 0.4, 0.6, 0.2, 0.6, 0.4, 0.4, 0.4, 0.4, 0.8, 0.8, 0.6, 1.0, 0.6, 0.2, 0.4, 0.4, 0.6, 0.4, 0.4, 0.6, 0.8, 0.4, 0.6, 0.4, 0.6]"
credit,rf,1000,1,23,b1_uniform,0.017845797893328984,0.002777144538488313,0.0007759042562316949,0.00012074541471688317,0.01689554492453135,0.018842948354189436,1.4950212851082478,0.26452569169960477,0.18107918033743592,0.202697628458498,0.3270108695652174,0.19130434782608693,0.12920569153103423,0.46666666666666673,0.1632993161855452,0.45999999999999996,0.15620499351813308,0.0001491529066931549,0.0,1000.0,8.208247499995439,0.31766672583978994,1000.0,"[0.017502541910524017, 0.015853989593735556, 0.02001137187334728, 0.013893032815437295, 0.013263691142133703, 0.01817884429116778, 0.019680972853517793, 0.01841084353148923, 0.01606737528392948, 0.018223544540128464, 0.01750300129569032, 0.01845715924649158, 0.017845451813955016, 0.013025441089411421, 0.021090315102806033, 0.023195869208865804, 0.016317423702895805, 0.01809923283213334, 0.017170888791667813, 0.012148434439874897, 0.020802439142851754, 0.01894787897699553, 0.016301164512422008, 0.018365633150179056, 0.020703309622408347, 0.015537053262083992, 0.0225125372841778, 0.019884655578639106, 0.014421345900158183, 0.02195849401075109]","[0.3577075098814229, 0.3952569169960475, 0.30335968379446643, 0.17292490118577078, 0.5523715415019763, 0.4782608695652174, 0.4841897233201581, 0.38636363636363635, 0.3359683794466403, -0.05434782608695652, 0.0790513833992095, 0.06422924901185771, 0.383399209486166, 0.2816205533596838, 0.5049407114624506, 0.17588932806324112, 0.14624505928853757, 0.3982213438735178, 0.4634387351778656, 0.07114624505928854, 0.4950592885375494, 0.11857707509881424, -0.13043478260869565, 0.29545454545454547, 0.21739130434782608, 0.13636363636363635, 0.4041501976284585, 0.34189723320158105, 0.10375494071146245, -0.026679841897233204]","[0.2727272727272727, 0.28063241106719367, 0.19367588932806323, 0.09881422924901187, 0.36758893280632415, 0.3359683794466403, 0.36758893280632415, 0.25691699604743085, 0.25691699604743085, -0.05138339920948617, 0.05928853754940712, 0.06719367588932808, 0.2727272727272727, 0.25691699604743085, 0.3992094861660079, 0.09881422924901187, 0.1225296442687747, 0.30434782608695654, 0.3359683794466403, 0.07509881422924901, 0.30434782608695654, 0.09881422924901187, -0.07509881422924901, 0.2015810276679842, 0.1857707509881423, 0.08300395256916997, 0.25691699604743085, 0.28063241106719367, 0.04347826086956522, -0.011857707509881422]","[0.3333333333333333, 0.3333333333333333, 0.3333333333333333, 0.6666666666666666, 0.3333333333333333, 0.6666666666666666, 0.6666666666666666, 0.3333333333333333, 0.6666666666666666, 0.3333333333333333, 0.3333333333333333, 0.3333333333333333, 0.6666666666666666, 0.6666666666666666, 0.6666666666666666, 0.6666666666666666, 0.6666666666666666, 0.3333333333333333, 0.3333333333333333, 0.6666666666666666, 0.3333333333333333, 0.3333333333333333, 0.3333333333333333, 0.6666666666666666, 0.3333333333333333, 0.3333333333333333, 0.6666666666666666, 0.3333333333333333, 0.3333333333333333, 0.3333333333333333]","[0.4, 0.4, 0.4, 0.6, 0.6, 0.6, 0.6, 0.2, 0.6, 0.4, 0.4, 0.6, 0.6, 0.6, 0.8, 0.6, 0.6, 0.4, 0.6, 0.4, 0.4, 0.4, 0.4, 0.6, 0.4, 0.2, 0.4, 0.2, 0.2, 0.2]"
credit,rf,1000,1,23,b2_stratified,0.011936818606590507,0.008169238264305633,0.000518992113330022,0.0003551842723611145,0.009073140618215424,0.014998830258347343,1.0,0.6070816864295127,0.12397897651139313,0.562770092226614,0.6500831686429515,0.46640316205533605,0.09973745263332418,0.7111111111111111,0.20608041101101568,0.7400000000000003,0.128062484748657,0.0005015105856432694,0.0,1000.0,8.499859366663925,0.38399056575906243,1000.0,"[0.0189845944538194, 0.010458713917340526, 0.0037411332484703517, 0.002330123537295013, 0.015415408297140706, 0.00292755038549273, 0.0026849937003775794, 0.008515784775736463, 0.018519564927827317, 0.006357368913979621, 0.01078430520719356, 0.02336835052119594, 0.0167352242045166, 0.007067413021746607, 0.014765424443246716, 0.010372235077950143, 0.014348839634256904, 0.0027245308161339948, 0.0290637772280976, 0.0065541680378280315, 0.001225973338661907, 0.01794646180379192, 0.021247156857327303, 0.009948176642630202, 0.00840718692289712, 0.005324560070230615, 0.016223632328746317, 0.03482280465374417, 0.0030626600558649893, 0.014176441174174879]","[0.5642292490118578, 0.592885375494071, 0.5790513833992095, 0.5691699604743083, 0.7994071146245059, 0.5968379446640316, 0.6620553359683795, 0.6343873517786561, 0.5632411067193676, 0.3794466403162055, 0.6264822134387352, 0.6096837944664032, 0.6709486166007905, 0.3735177865612649, 0.47332015810276684, 0.6818181818181818, 0.7075098814229249, 0.7233201581027668, 0.3685770750988142, 0.7677865612648223, 0.8033596837944664, 0.5563241106719368, 0.6867588932806324, 0.7687747035573124, 0.42391304347826086, 0.5632411067193676, 0.567193675889328, 0.4318181818181818, 0.7302371541501976, 0.7371541501976284]","[0.42292490118577075, 0.4308300395256917, 0.4545454545454546, 0.44664031620553357, 0.6442687747035574, 0.43873517786561267, 0.5019762845849802, 0.47035573122529645, 0.4308300395256917, 0.2885375494071147, 0.46245059288537554, 0.44664031620553357, 0.5019762845849802, 0.30434782608695654, 0.3438735177865613, 0.549407114624506, 0.5177865612648221, 0.5731225296442688, 0.28063241106719367, 0.6126482213438735, 0.6363636363636365, 0.41501976284584985, 0.525691699604743, 0.6126482213438735, 0.3280632411067194, 0.43873517786561267, 0.41501976284584985, 0.36758893280632415, 0.5731225296442688, 0.557312252964427]","[0.6666666666666666, 1.0, 1.0, 1.0, 0.6666666666666666, 0.6666666666666666, 1.0, 1.0, 0.6666666666666666, 0.6666666666666666, 1.0, 0.6666666666666666, 0.6666666666666666, 0.6666666666666666, 0.3333333333333333, 0.3333333333333333, 0.3333333333333333, 0.6666666666666666, 0.6666666666666666, 0.6666666666666666, 1.0, 0.6666666666666666, 0.6666666666666666, 0.6666666666666666, 0.6666666666666666, 0.6666666666666666, 0.3333333333333333, 0.6666666666666666, 0.6666666666666666, 1.0]","[0.8, 0.6, 0.8, 0.8, 1.0, 0.8, 0.8, 0.6, 0.4, 0.8, 0.8, 0.6, 0.6, 0.6, 0.8, 0.8, 0.6, 1.0, 0.6, 0.8, 0.8, 0.8, 0.8, 0.8, 0.6, 0.6, 0.8, 0.8, 0.8, 0.8]"
credit,rf,1000,1,23,b3_is,0.0032107084352833984,0.0023385463682219646,0.00013959601892536515,0.0001016759290531289,0.0024268811489805632,0.004079244303541586,0.268975222050431,0.7385375494071147,0.08614598587651255,0.708288043478261,0.7694021739130437,0.5810276679841898,0.08819338339789781,0.8777777777777779,0.1822357718539636,0.7866666666666668,0.11469767022723504,0.00011052169133586187,0.0,1000.0,8.66716532333036,0.36379661454629464,1000.0,"[0.0014943805323395759, 0.0022209055928274607, 0.007698520632539301, 0.005409126821713938, 0.004160763772515683, 0.0015679025682245025, 0.010003053840102574, 0.007465683577980875, 0.0030476484383358286, 0.004428666113035089, 0.0007882828308143547, 0.0014861460627894607, 0.0023462302908199653, 0.0013888143131231215, 0.0022823032955118674, 0.004353747992477752, 0.002686045982046741, 0.006874309860756704, 0.004862047456010648, 0.0031765125804841306, 0.001403375337854962, 0.0005690292863549993, 0.0012982837061527104, 0.0018749806989601138, 0.0014812310543369132, 0.0016870196460556021, 0.002167921775430592, 0.0016966284626451639, 0.0009725188679773648, 0.005429171668283961]","[0.6679841897233202, 0.7598814229249011, 0.7895256916996048, 0.6897233201581028, 0.6067193675889329, 0.7015810276679841, 0.6363636363636364, 0.5741106719367589, 0.7282608695652173, 0.6175889328063241, 0.8122529644268776, 0.7193675889328064, 0.75, 0.6946640316205535, 0.7302371541501976, 0.6867588932806324, 0.75, 0.7094861660079053, 0.8389328063241107, 0.8833992094861661, 0.8379446640316206, 0.8270750988142292, 0.83300395256917, 0.7460474308300395, 0.8873517786561266, 0.9169960474308301, 0.7035573122529645, 0.7154150197628458, 0.7302371541501976, 0.6116600790513834]","[0.4861660079051383, 0.6047430830039525, 0.6047430830039525, 0.5652173913043478, 0.44664031620553357, 0.549407114624506, 0.4861660079051383, 0.40711462450592883, 0.5731225296442688, 0.4861660079051383, 0.6600790513833992, 0.549407114624506, 0.5810276679841897, 0.525691699604743, 0.5652173913043478, 0.4861660079051383, 0.5652173913043478, 0.5810276679841897, 0.6837944664031621, 0.7233201581027668, 0.691699604743083, 0.6679841897233202, 0.6758893280632412, 0.557312252964427, 0.7391304347826086, 0.7865612648221344, 0.525691699604743, 0.5810276679841897, 0.5652173913043478, 0.5098814229249012]","[1.0, 1.0, 1.0, 0.6666666666666666, 0.3333333333333333, 1.0, 1.0, 0.6666666666666666, 1.0, 0.6666666666666666, 1.0, 1.0, 0.6666666666666666, 1.0, 1.0, 1.0, 1.0, 1.0, 1.0, 0.6666666666666666, 1.0, 1.0, 1.0, 0.6666666666666666, 0.6666666666666666, 0.6666666666666666, 1.0, 1.0, 1.0, 0.6666666666666666]","[1.0, 0.8, 0.8, 0.8, 0.6, 0.6, 0.8, 0.8, 0.8, 0.8, 0.8, 1.0, 0.8, 0.8, 0.6, 0.8, 0.8, 0.8, 0.6, 0.6, 0.8, 0.8, 1.0, 0.8, 0.6, 0.8, 0.8, 0.8, 1.0, 0.8]"
credit,rf,1000,1,23,b4_antithetic,0.017360849788710653,0.0018024004261018966,0.000754819556030898,7.836523591747376e-05,0.01671109878239645,0.01795022262755649,1.4543950411649427,0.2455533596837945,0.16587369684791325,0.18586050724637682,0.30688899868247693,0.17338603425559948,0.12148705715592503,0.43333333333333335,0.15275252316519464,0.45333333333333337,0.16275407487644938,6.690935726909402e-05,0.0,1000.0,8.209822773330961,0.37090040066866603,1000.0,"[0.014581102230475127, 0.015331717396886062, 0.020982180718202507, 0.016181851755565586, 0.01743667429653027, 0.018105069061611894, 0.018404615922149193, 0.018496797762741456, 0.015344019302290632, 0.018319031991825656, 0.017364727476571876, 0.015733675671555602, 0.01833196556039166, 0.017848915329894625, 0.017814022532029513, 0.019336465969093986, 0.018543080196190623, 0.014828640569728989, 0.015724064167724837, 0.01688140176399295, 0.017616234808913406, 0.013274196113203714, 0.017856313954603294, 0.014577674108478777, 0.018913614393529076, 0.017616176928960708, 0.019019563127783367, 0.019724050722528353, 0.02020621104930925, 0.016431438778556556]","[0.09288537549407114, 0.22430830039525693, -0.08794466403162056, 0.5978260869565217, 0.15118577075098816, 0.26877470355731226, 0.13043478260869565, 0.34683794466403167, 0.3616600790513834, 0.1373517786561265, 0.0691699604743083, 0.3191699604743083, 0.2964426877470355, 0.23122529644268777, 0.06521739130434782, 0.5375494071146245, 0.34683794466403167, 0.10869565217391304, 0.011857707509881422, 0.4150197628458498, 0.3438735177865613, 0.06422924901185771, 0.24308300395256918, 0.3675889328063241, 0.3992094861660079, 0.1689723320158103, 0.2341897233201581, 0.48023715415019763, 0.001976284584980237, 0.43873517786561267]","[0.08300395256916997, 0.1383399209486166, -0.07509881422924901, 0.3992094861660079, 0.13043478260869565, 0.15415019762845852, 0.08300395256916997, 0.2885375494071147, 0.2885375494071147, 0.06719367588932808, 0.02766798418972332, 0.2173913043478261, 0.2015810276679842, 0.19367588932806323, 0.03557312252964427, 0.391304347826087, 0.24110671936758896, 0.09881422924901187, 0.019762845849802372, 0.2964426877470356, 0.23320158102766797, 0.05928853754940712, 0.16996047430830039, 0.2490118577075099, 0.2964426877470356, 0.1067193675889328, 0.16996047430830039, 0.3280632411067194, -0.02766798418972332, 0.3359683794466403]","[0.3333333333333333, 0.3333333333333333, 0.3333333333333333, 0.3333333333333333, 0.3333333333333333, 0.3333333333333333, 0.3333333333333333, 0.6666666666666666, 0.3333333333333333, 0.3333333333333333, 0.3333333333333333, 0.3333333333333333, 0.6666666666666666, 0.6666666666666666, 0.6666666666666666, 0.3333333333333333, 0.6666666666666666, 0.3333333333333333, 0.3333333333333333, 0.6666666666666666, 0.3333333333333333, 0.3333333333333333, 0.3333333333333333, 0.3333333333333333, 0.6666666666666666, 0.3333333333333333, 0.6666666666666666, 0.3333333333333333, 0.3333333333333333, 0.6666666666666666]","[0.4, 0.2, 0.4, 0.4, 0.4, 0.8, 0.4, 0.6, 0.6, 0.6, 0.2, 0.6, 0.6, 0.4, 0.4, 0.4, 0.4, 0.4, 0.2, 0.8, 0.6, 0.2, 0.4, 0.2, 0.4, 0.4, 0.6, 0.6, 0.4, 0.6]"
credit,rf,1000,2,23,abc_shap,0.027122497253299297,0.016809291191605787,0.0011792390110130129,0.0007308387474611211,0.02168537336629523,0.03381659503528103,6.612526965557295,0.3573781291172596,0.16271863141976614,0.30067440711462445,0.41152997364953886,0.25744400527009226,0.12140558542568018,0.36666666666666675,0.23333333333333334,0.4133333333333334,0.20612833111653744,0.0011368412884262202,828.0,172.0,9.001012216667489,0.3265217186288753,828.0,"[0.012588803095999315, 0.023544372985633177, 0.007732260429370989, 0.07818951476815723, 0.008766062166247509, 0.029430356342509997, 0.019464156044655977, 0.01635470401170117, 0.012182390121935796, 0.01750183361966008, 0.023447644682437256, 0.015033041632358395, 0.04684962322043617, 0.027168576196996988, 0.024800537315791904, 0.020145949940256983, 0.03192131156912467, 0.053844452808590196, 0.02050687510954249, 0.0141350249643551, 0.01788817399529621, 0.04018084893461373, 0.023730802737881057, 0.007478440726943654, 0.03403819814564014, 0.0676396540303798, 0.015964970731920918, 0.021323711897800853, 0.04205624005609361, 0.039766385316647605]","[0.4792490118577075, 0.3695652173913044, 0.4367588932806324, 0.1057312252964427, 0.7420948616600791, 0.29051383399209485, 0.316205533596838, 0.5039525691699606, 0.49604743083003955, 0.5128458498023715, 0.6768774703557312, 0.2737154150197629, 0.40909090909090917, 0.4298418972332016, 0.5237154150197628, 0.14723320158102768, 0.32411067193675897, 0.5612648221343874, 0.43873517786561267, 0.19960474308300394, 0.21442687747035571, 0.05335968379446641, 0.2875494071146245, 0.32806324110671936, 0.14031620553359686, 0.3201581027667984, 0.18675889328063244, 0.21640316205533597, 0.2934782608695652, 0.4436758893280633]","[0.3438735177865613, 0.2490118577075099, 0.30434782608695654, 0.05138339920948617, 0.5731225296442688, 0.2173913043478261, 0.20948616600790515, 0.3438735177865613, 0.36758893280632415, 0.36758893280632415, 0.4782608695652174, 0.19367588932806323, 0.28063241106719367, 0.2964426877470356, 0.40711462450592883, 0.09881422924901187, 0.2490118577075099, 0.41501976284584985, 0.2964426877470356, 0.16996047430830039, 0.1383399209486166, 0.02766798418972332, 0.22529644268774704, 0.24110671936758896, 0.1067193675889328, 0.25691699604743085, 0.1383399209486166, 0.16996047430830039, 0.2015810276679842, 0.30434782608695654]","[0.3333333333333333, 0.3333333333333333, 0.3333333333333333, 0.3333333333333333, 1.0, 0.3333333333333333, 0.3333333333333333, 0.3333333333333333, 0.6666666666666666, 0.6666666666666666, 0.6666666666666666, 0.0, 0.3333333333333333, 0.6666666666666666, 0.6666666666666666, 0.0, 0.3333333333333333, 0.6666666666666666, 0.3333333333333333, 0.3333333333333333, 0.3333333333333333, 0.3333333333333333, 0.3333333333333333, 0.0, 0.0, 0.3333333333333333, 0.0, 0.3333333333333333, 0.3333333333333333, 0.3333333333333333]","[0.8, 0.4, 0.4, 0.2, 0.8, 0.2, 0.4, 0.2, 0.6, 0.6, 0.6, 0.4, 0.4, 0.6, 0.6, 0.2, 0.2, 0.6, 0.4, 0.6, 0.2, 0.2, 0.6, 0.4, 0.0, 0.6, 0.0, 0.4, 0.4, 0.4]"
credit,rf,1000,2,23,b1_uniform,0.004393507642061114,0.0013141375324619634,0.00019102207139396146,5.713641445486797e-05,0.003949525481342111,0.004910569754164417,1.0711472282655365,0.37308959156785243,0.1882620153291661,0.3020174571805006,0.4379265480895916,0.2650856389986825,0.1384111743221774,0.42222222222222233,0.22662308949301266,0.4533333333333333,0.17074997966487596,0.00014113296518683072,0.0,1000.0,8.738991386664566,0.2689654968099538,1000.0,"[0.004862037756073091, 0.005036687595473916, 0.0034324427284864833, 0.0034007281140168, 0.0063460593462025955, 0.0026794316946901087, 0.0040118648152971245, 0.0032502877415789217, 0.00549402352177248, 0.004541077028526932, 0.001976833221412967, 0.004987158909947131, 0.004439790527677868, 0.0050807010880567684, 0.0032123519950481723, 0.007328018652092492, 0.008231890971530747, 0.003678876918169804, 0.004637374973224541, 0.00481885905430236, 0.0043722139332928265, 0.0032460035869168236, 0.005092359358472772, 0.005313700387422826, 0.003414428372615676, 0.0038332901360370853, 0.0032663855301908592, 0.003195069509879143, 0.005029514555589322, 0.0035957672378347807]","[0.3191699604743083, 0.5118577075098815, 0.46640316205533605, 0.4545454545454546, 0.11363636363636365, 0.7144268774703557, 0.4120553359683795, 0.37154150197628455, 0.17292490118577078, 0.21442687747035571, 0.4871541501976285, 0.3922924901185771, 0.3972332015810277, 0.44861660079051385, 0.48616600790513836, -0.10276679841897234, 0.0958498023715415, 0.3379446640316206, 0.1442687747035573, -0.04150197628458498, 0.6363636363636364, 0.5583003952569171, 0.6166007905138341, 0.46047430830039526, 0.5444664031620554, 0.48320158102766797, 0.3448616600790514, 0.38932806324110675, 0.3626482213438736, 0.40019762845849804]","[0.22529644268774704, 0.391304347826087, 0.3201581027667984, 0.3201581027667984, 0.07509881422924901, 0.557312252964427, 0.23320158102766797, 0.2727272727272727, 0.1383399209486166, 0.1225296442687747, 0.28063241106719367, 0.2727272727272727, 0.2727272727272727, 0.3201581027667984, 0.35968379446640314, -0.04347826086956522, 0.05928853754940712, 0.20948616600790515, 0.1225296442687747, -0.019762845849802372, 0.4782608695652174, 0.43873517786561267, 0.44664031620553357, 0.3438735177865613, 0.391304347826087, 0.3438735177865613, 0.2490118577075099, 0.2648221343873518, 0.24110671936758896, 0.2648221343873518]","[0.6666666666666666, 0.3333333333333333, 0.3333333333333333, 0.6666666666666666, 0.3333333333333333, 1.0, 0.6666666666666666, 0.6666666666666666, 0.6666666666666666, 0.0, 0.6666666666666666, 0.0, 0.6666666666666666, 0.6666666666666666, 0.3333333333333333, 0.3333333333333333, 0.3333333333333333, 0.3333333333333333, 0.3333333333333333, 0.3333333333333333, 0.3333333333333333, 0.3333333333333333, 0.6666666666666666, 0.3333333333333333, 0.3333333333333333, 0.3333333333333333, 0.3333333333333333, 0.3333333333333333, 0.0, 0.3333333333333333]","[0.4, 0.4, 0.4, 0.6, 0.4, 1.0, 0.4, 0.4, 0.6, 0.4, 0.6, 0.6, 0.6, 0.4, 0.4, 0.2, 0.2, 0.6, 0.2, 0.2, 0.4, 0.2, 0.6, 0.4, 0.4, 0.6, 0.4, 0.4, 0.6, 0.6]"
credit,rf,1000,2,23,b2_stratified,0.004101684181338298,0.0018350411468854668,0.00017833409484079558,7.978439769067247e-05,0.003473518023134234,0.0047384181050272875,1.0,0.6624505928853756,0.1332975751026771,0.609659090909091,0.7070528656126482,0.5019762845849802,0.11908542766654891,0.6444444444444445,0.20964402515681338,0.6066666666666667,0.18245242911205345,0.00016104105150534234,0.0,1000.0,9.044051310001912,0.2680010892326278,1000.0,"[0.0040141289395177575, 0.0057237374749604135, 0.0009779209406226043, 0.003967993141392742, 0.004179611774879454, 0.00438776168043435, 0.0032823903021667327, 0.00768348150358825, 0.005306620478028645, 0.0035958015201398843, 0.0034711683857703364, 0.0024180206379721264, 0.0026936955695876052, 0.005970649522131031, 0.0027315888298570963, 0.009828410809030378, 0.00566561168349789, 0.003920550097893037, 0.0027502028453373494, 0.004703732048720041, 0.0026983485292453213, 0.005635843511906548, 0.0065327195269593895, 0.0025573461593935893, 0.0016273418273712373, 0.00224567805104931, 0.00304067006213144, 0.00330643029631909, 0.004877997887196157, 0.003255071403049159]","[0.9189723320158102, 0.575098814229249, 0.9100790513833993, 0.549407114624506, 0.6185770750988142, 0.5247035573122529, 0.5770750988142292, 0.6353754940711461, 0.2648221343873518, 0.790513833992095, 0.6551383399209486, 0.7450592885375494, 0.6729249011857709, 0.790513833992095, 0.6857707509881423, 0.5286561264822135, 0.633399209486166, 0.41600790513833996, 0.5365612648221344, 0.6630434782608696, 0.6897233201581028, 0.7075098814229249, 0.7598814229249011, 0.7559288537549407, 0.6007905138339922, 0.7144268774703557, 0.7924901185770751, 0.6907114624505929, 0.7944664031620554, 0.6758893280632412]","[0.7470355731225297, 0.41501976284584985, 0.7549407114624506, 0.42292490118577075, 0.43873517786561267, 0.36758893280632415, 0.46245059288537554, 0.46245059288537554, 0.19367588932806323, 0.6126482213438735, 0.47035573122529645, 0.5810276679841897, 0.5098814229249012, 0.6126482213438735, 0.47035573122529645, 0.3754940711462451, 0.44664031620553357, 0.2885375494071147, 0.3754940711462451, 0.5098814229249012, 0.541501976284585, 0.541501976284585, 0.5810276679841897, 0.549407114624506, 0.44664031620553357, 0.5731225296442688, 0.6126482213438735, 0.541501976284585, 0.6442687747035574, 0.5098814229249012]","[0.6666666666666666, 0.6666666666666666, 0.6666666666666666, 1.0, 0.6666666666666666, 0.6666666666666666, 0.6666666666666666, 0.3333333333333333, 0.6666666666666666, 0.6666666666666666, 0.6666666666666666, 1.0, 1.0, 0.3333333333333333, 0.6666666666666666, 0.3333333333333333, 0.6666666666666666, 0.3333333333333333, 0.6666666666666666, 0.3333333333333333, 0.6666666666666666, 0.3333333333333333, 0.6666666666666666, 0.3333333333333333, 0.6666666666666666, 1.0, 0.6666666666666666, 0.6666666666666666, 0.6666666666666666, 1.0]","[0.6, 0.4, 0.8, 0.6, 0.8, 0.4, 0.4, 0.6, 0.6, 1.0, 0.4, 0.8, 0.8, 0.6, 0.4, 0.6, 0.4, 0.2, 0.4, 0.6, 0.8, 0.6, 0.8, 0.8, 0.6, 0.6, 0.6, 0.4, 0.8, 0.8]"
credit,rf,1000,2,23,b3_is,0.0013079278484231444,0.000556129835125008,5.686642819231063e-05,2.417955804891339e-05,0.0011093119513528118,0.0015018209021978339,0.3188758057906822,0.8138669301712781,0.09783955515189977,0.7791007905138341,0.8479298418972331,0.6693017127799737,0.08795884969947045,0.8444444444444446,0.18724777273725246,0.8000000000000002,0.1264911064067352,4.428462752183557e-05,0.0,1000.0,9.146200900000016,0.3239741758792439,1000.0,"[0.0017587498050098413, 0.0004936411475255181, 0.0010571748782162546, 0.0019943613192818796, 0.0019343729533396615, 0.000737328741570641, 0.0014073622928615999, 0.0016091487821119407, 0.0006763522426174982, 0.0015476400762493257, 0.0010210566957803884, 0.0016470680110227721, 0.0024502288955699225, 0.00034767145906657704, 0.0009809294978326548, 0.000925355532056903, 0.0016418681949531802, 0.0013809984287731368, 0.0008443389177220579, 0.002456800011032721, 0.0008061659659118896, 0.0013395313725821324, 0.001878949197119619, 0.0016003517616733358, 0.0005020303623069908, 0.0010380208671993839, 0.0019897338685634217, 0.0014502257090049668, 0.0008365092796857397, 0.0008838691860523778]","[0.8201581027667983, 0.8804347826086957, 0.8774703557312253, 0.825098814229249, 0.8784584980237155, 0.8774703557312253, 0.724308300395257, 0.8893280632411068, 0.8013833992094862, 0.75, 0.8527667984189724, 0.7450592885375494, 0.83399209486166, 0.9397233201581027, 0.7786561264822135, 0.9367588932806324, 0.758893280632411, 0.7658102766798419, 0.8903162055335968, 0.516798418972332, 0.8952569169960475, 0.8735177865612648, 0.6778656126482214, 0.700592885375494, 0.9367588932806324, 0.9199604743083004, 0.6521739130434783, 0.6966403162055337, 0.892292490118577, 0.8280632411067194]","[0.6679841897233202, 0.7470355731225297, 0.691699604743083, 0.6600790513833992, 0.7075098814229249, 0.7391304347826086, 0.5731225296442688, 0.7154150197628459, 0.6363636363636365, 0.5889328063241107, 0.691699604743083, 0.5731225296442688, 0.6837944664031621, 0.7944664031620553, 0.6284584980237155, 0.8102766798418973, 0.5968379446640317, 0.6521739130434783, 0.7865612648221344, 0.44664031620553357, 0.7391304347826086, 0.6758893280632412, 0.5968379446640317, 0.557312252964427, 0.8023715415019763, 0.7707509881422926, 0.549407114624506, 0.557312252964427, 0.7470355731225297, 0.691699604743083]","[1.0, 0.6666666666666666, 0.6666666666666666, 1.0, 0.6666666666666666, 1.0, 1.0, 1.0, 0.6666666666666666, 0.6666666666666666, 1.0, 0.6666666666666666, 0.6666666666666666, 1.0, 0.6666666666666666, 1.0, 1.0, 1.0, 1.0, 0.6666666666666666, 0.3333333333333333, 1.0, 1.0, 0.6666666666666666, 0.6666666666666666, 1.0, 0.6666666666666666, 1.0, 1.0, 1.0]","[0.8, 1.0, 1.0, 0.8, 0.8, 0.8, 1.0, 0.8, 0.6, 0.6, 0.8, 0.6, 0.6, 0.8, 0.8, 0.8, 0.8, 0.8, 1.0, 0.6, 0.8, 0.8, 0.8, 0.8, 1.0, 0.8, 0.6, 0.8, 0.8, 1.0]"
credit,rf,1000,2,23,b4_antithetic,0.0014378068544682974,0.0002202049278859565,6.251334149862162e-05,9.574127299389412e-06,0.0013535196394579964,0.0015160856201457103,0.35054060500561735,0.7445981554677208,0.04341438394696021,0.7291485507246378,0.7599810606060604,0.5557312252964427,0.03864095447657098,0.6333333333333334,0.1575271875417536,0.5733333333333334,0.09977753031397177,7.1194780686026324e-06,0.0,1000.0,8.774941959999463,0.2289873420648151,1000.0,"[0.0014728874530305794, 0.0014687951336840245, 0.0014059721779656688, 0.0013861573969236127, 0.0016029913006588938, 0.001341641042393045, 0.0016244450331427264, 0.0016544152423373306, 0.0016453666459518102, 0.0013696972660800072, 0.0014723998384407462, 0.0011538177555651477, 0.001246823774249573, 0.0010986055790739534, 0.0013317399524229684, 0.0010554744153129221, 0.0015716956915517077, 0.0014702966117704185, 0.0017417233736521569, 0.0012035126468106588, 0.001658598135589833, 0.0017847486490870043, 0.0015213304806349671, 0.0014983456577967293, 0.0015305826137352295, 0.001104564097185687, 0.0017982181505507195, 0.0014978002343896278, 0.0009027333410830523, 0.0015188259429781128]","[0.733201581027668, 0.7154150197628458, 0.6116600790513834, 0.7411067193675891, 0.7697628458498025, 0.7519762845849803, 0.7490118577075098, 0.7154150197628458, 0.7213438735177865, 0.7282608695652173, 0.8112648221343874, 0.7519762845849803, 0.7865612648221343, 0.8389328063241107, 0.766798418972332, 0.8092885375494071, 0.6966403162055337, 0.7855731225296443, 0.7302371541501976, 0.7944664031620554, 0.7915019762845852, 0.7628458498023717, 0.7055335968379446, 0.7490118577075098, 0.6966403162055337, 0.7411067193675891, 0.7144268774703557, 0.7341897233201582, 0.7223320158102766, 0.7114624505928854]","[0.549407114624506, 0.4940711462450593, 0.47035573122529645, 0.541501976284585, 0.5731225296442688, 0.5731225296442688, 0.549407114624506, 0.5335968379446641, 0.541501976284585, 0.5177865612648221, 0.6047430830039525, 0.557312252964427, 0.5731225296442688, 0.6600790513833992, 0.6126482213438735, 0.6205533596837944, 0.525691699604743, 0.5889328063241107, 0.541501976284585, 0.5968379446640317, 0.5889328063241107, 0.5810276679841897, 0.5335968379446641, 0.541501976284585, 0.525691699604743, 0.549407114624506, 0.5335968379446641, 0.5335968379446641, 0.5335968379446641, 0.525691699604743]","[0.6666666666666666, 0.6666666666666666, 1.0, 0.3333333333333333, 0.6666666666666666, 0.6666666666666666, 0.6666666666666666, 0.6666666666666666, 0.6666666666666666, 0.3333333333333333, 0.6666666666666666, 0.6666666666666666, 0.6666666666666666, 0.6666666666666666, 0.6666666666666666, 1.0, 0.6666666666666666, 0.3333333333333333, 0.6666666666666666, 0.6666666666666666, 0.6666666666666666, 0.6666666666666666, 0.6666666666666666, 0.3333333333333333, 0.3333333333333333, 0.6666666666666666, 0.6666666666666666, 0.6666666666666666, 0.6666666666666666, 0.6666666666666666]","[0.6, 0.4, 0.6, 0.6, 0.6, 0.6, 0.6, 0.6, 0.6, 0.6, 0.6, 0.8, 0.4, 0.6, 0.6, 0.6, 0.6, 0.6, 0.4, 0.6, 0.4, 0.4, 0.6, 0.6, 0.6, 0.6, 0.6, 0.4, 0.8, 0.6]"
credit,rf,1000,3,23,abc_shap,0.021988320211958862,0.01122082472774645,0.000956013922259081,0.0004878619446846283,0.01855144465276187,0.026317394414959505,4.809421195624047,0.40589591567852434,0.14082620933214485,0.35905632411067195,0.4582139328063241,0.2909090909090909,0.10980556807719175,0.4888888888888889,0.16629588385661961,0.5399999999999999,0.1872609587358419,0.0008374584430939728,828.0,172.0,9.004319893330102,0.3867605560615656,828.0,"[0.01661033779600379, 0.03248249730413693, 0.06023975856928047, 0.02720564439034447, 0.01505103923067821, 0.012508860632378525, 0.01540782954209295, 0.014055423650069338, 0.011624904302407119, 0.019533122596291346, 0.014873088886642563, 0.03569385646188884, 0.01369221809637693, 0.010661136333841621, 0.029438018704549224, 0.03162666206766612, 0.028148477913591232, 0.014505888700639537, 0.026389547726001338, 0.013136922978476765, 0.022720153856881132, 0.01985510956196562, 0.045793680360751404, 0.03432816508688783, 0.016730704543713698, 0.016226161010625878, 0.012214071267240601, 0.021022549673681223, 0.012623283955851024, 0.015250491157810036]","[0.45158102766798425, 0.5632411067193676, 0.25296442687747034, 0.3339920948616601, 0.3952569169960475, 0.5237154150197628, 0.3231225296442688, 0.4822134387351779, 0.31225296442687744, 0.1007905138339921, 0.5691699604743083, 0.6047430830039526, 0.5721343873517787, 0.2598814229249012, 0.3577075098814229, 0.4792490118577075, 0.5622529644268774, 0.25691699604743085, 0.3883399209486166, 0.26778656126482214, 0.3448616600790514, 0.4644268774703557, 0.4318181818181818, 0.47134387351778656, 0.2272727272727273, 0.49802371541501983, 0.7114624505928854, 0.3320158102766798, 0.48616600790513836, 0.15217391304347824]","[0.30434782608695654, 0.391304347826087, 0.1857707509881423, 0.25691699604743085, 0.2727272727272727, 0.3754940711462451, 0.23320158102766797, 0.3280632411067194, 0.23320158102766797, 0.05138339920948617, 0.46245059288537554, 0.46245059288537554, 0.41501976284584985, 0.2015810276679842, 0.2490118577075099, 0.3201581027667984, 0.40711462450592883, 0.16205533596837945, 0.2885375494071147, 0.15415019762845852, 0.28063241106719367, 0.35177865612648224, 0.2964426877470356, 0.35177865612648224, 0.14624505928853754, 0.35968379446640314, 0.5177865612648221, 0.22529644268774704, 0.35177865612648224, 0.09090909090909091]","[0.6666666666666666, 0.6666666666666666, 0.3333333333333333, 0.3333333333333333, 0.3333333333333333, 0.6666666666666666, 0.6666666666666666, 0.3333333333333333, 0.3333333333333333, 0.3333333333333333, 0.6666666666666666, 0.6666666666666666, 0.6666666666666666, 0.3333333333333333, 0.3333333333333333, 0.3333333333333333, 0.6666666666666666, 0.3333333333333333, 0.6666666666666666, 0.3333333333333333, 0.6666666666666666, 0.6666666666666666, 0.3333333333333333, 0.3333333333333333, 0.3333333333333333, 0.3333333333333333, 0.6666666666666666, 0.6666666666666666, 0.6666666666666666, 0.3333333333333333]","[0.8, 0.6, 0.4, 0.2, 0.6, 0.8, 0.6, 0.4, 0.6, 0.4, 0.8, 0.6, 0.6, 0.6, 0.2, 0.6, 0.6, 0.4, 0.6, 0.2, 0.8, 0.8, 0.4, 0.2, 0.4, 0.6, 0.8, 0.6, 0.6, 0.4]"
credit,rf,1000,3,23,b1_uniform,0.015528590734195467,0.0019194291682255336,0.0006751561188780637,8.345344209676233e-05,0.014839764926035061,0.016261436350134068,3.396509269252522,0.38992094861660076,0.16182130664118105,0.3286495388669302,0.44091567852437413,0.2885375494071147,0.11486504224605022,0.5444444444444444,0.20153730163574504,0.48000000000000004,0.132664991614216,7.248267379539436e-05,0.0,1000.0,8.72582288000267,0.3277447165895201,1000.0,"[0.015072586123730592, 0.01713723314366845, 0.016745467639596927, 0.013453557094710453, 0.014159891592080864, 0.015948961334248363, 0.01644634257859956, 0.017072872570458406, 0.013880522420487918, 0.01591195708977381, 0.014579388455240599, 0.010831251261041043, 0.01604051823718, 0.017443518807772444, 0.015001197701054044, 0.02058810730759284, 0.0175857119928469, 0.01232482275803749, 0.01518431307351257, 0.016686723975558565, 0.013611535229700317, 0.01610246490167362, 0.017401996427339018, 0.014048818672220314, 0.015282361393505245, 0.016134472765229464, 0.014922324440174791, 0.012340007059274913, 0.017356700891141937, 0.016562095088412547]","[0.4318181818181818, 0.3191699604743083, 0.2549407114624506, 0.4940711462450593, 0.5869565217391304, 0.26383399209486164, 0.3567193675889328, 0.1798418972332016, 0.25, 0.4229249011857708, 0.48517786561264825, 0.408102766798419, 0.46640316205533605, 0.6679841897233202, 0.3636363636363636, 0.28260869565217395, 0.6116600790513834, 0.5434782608695652, 0.42193675889328064, 0.5691699604743083, 0.5247035573122529, 0.2885375494071146, 0.13339920948616601, 0.32608695652173914, 0.43083003952569177, 0.31225296442687744, 0.4140316205533597, 0.5385375494071146, -0.13932806324110672, 0.4881422924901186]","[0.2964426877470356, 0.2173913043478261, 0.17786561264822134, 0.35177865612648224, 0.4308300395256917, 0.20948616600790515, 0.23320158102766797, 0.13043478260869565, 0.22529644268774704, 0.3122529644268775, 0.36758893280632415, 0.3122529644268775, 0.35177865612648224, 0.4782608695652174, 0.2727272727272727, 0.2173913043478261, 0.47035573122529645, 0.42292490118577075, 0.30434782608695654, 0.391304347826087, 0.35968379446640314, 0.23320158102766797, 0.09090909090909091, 0.22529644268774704, 0.3122529644268775, 0.22529644268774704, 0.30434782608695654, 0.42292490118577075, -0.05928853754940712, 0.36758893280632415]","[0.3333333333333333, 0.6666666666666666, 0.3333333333333333, 0.6666666666666666, 0.6666666666666666, 0.3333333333333333, 0.6666666666666666, 0.3333333333333333, 0.3333333333333333, 0.6666666666666666, 0.6666666666666666, 0.3333333333333333, 0.3333333333333333, 0.6666666666666666, 0.3333333333333333, 0.3333333333333333, 0.6666666666666666, 0.6666666666666666, 0.6666666666666666, 0.6666666666666666, 0.3333333333333333, 0.6666666666666666, 0.3333333333333333, 0.6666666666666666, 0.3333333333333333, 0.6666666666666666, 0.6666666666666666, 1.0, 0.3333333333333333, 1.0]","[0.4, 0.6, 0.4, 0.6, 0.6, 0.4, 0.4, 0.4, 0.4, 0.6, 0.6, 0.4, 0.4, 0.6, 0.4, 0.4, 0.6, 0.4, 0.8, 0.4, 0.4, 0.4, 0.4, 0.4, 0.4, 0.6, 0.4, 0.8, 0.2, 0.6]"
credit,rf,1000,3,23,b2_stratified,0.004571926499589056,0.0026878306158395027,0.00019877941302561114,0.00011686220068867403,0.0036533626279274555,0.005605434540436568,1.0,0.6749341238471673,0.10849078889669982,0.6326301054018447,0.7100131752305666,0.522266139657444,0.09227215137781138,0.7000000000000001,0.1575271875417536,0.7600000000000002,0.10832051206181283,0.0001864759205711944,0.0,1000.0,9.037131386662562,0.3202848756131369,1000.0,"[0.009199813422585074, 0.010288220662491082, 0.007613345427125972, 0.006116865091363116, 0.0017561109430205436, 0.005302284387715542, 0.0017210888948092917, 0.00809869120622537, 0.0018954998337071313, 0.0043288694826931024, 0.0012723929349108536, 0.0061132457514604804, 0.011140751683652637, 0.006855657157137454, 0.00200289558832391, 0.001556367036169502, 0.0015665527161522242, 0.0031263281989869418, 0.007634338098425221, 0.003223103827750311, 0.004494748637370411, 0.004087750548915013, 0.0037943812919250864, 0.003580562923144329, 0.002158927901622739, 0.003961815616836311, 0.002845557344693292, 0.003023268293706535, 0.005045590466003724, 0.003352769618748495]","[0.5583003952569171, 0.608695652173913, 0.7885375494071146, 0.7351778656126482, 0.7164031620553359, 0.6709486166007905, 0.7262845849802372, 0.7450592885375494, 0.766798418972332, 0.48616600790513836, 0.9090909090909092, 0.7430830039525691, 0.5484189723320158, 0.6976284584980238, 0.599802371541502, 0.45553359683794475, 0.7015810276679841, 0.7618577075098815, 0.6027667984189723, 0.7470355731225298, 0.6966403162055337, 0.6778656126482214, 0.7203557312252966, 0.6166007905138341, 0.7450592885375494, 0.5029644268774703, 0.8181818181818183, 0.7717391304347826, 0.4594861660079051, 0.6699604743083005]","[0.4308300395256917, 0.5177865612648221, 0.6047430830039525, 0.549407114624506, 0.549407114624506, 0.5098814229249012, 0.5810276679841897, 0.5968379446640317, 0.5731225296442688, 0.3992094861660079, 0.7628458498023716, 0.5731225296442688, 0.41501976284584985, 0.5098814229249012, 0.44664031620553357, 0.3359683794466403, 0.5810276679841897, 0.5810276679841897, 0.47035573122529645, 0.557312252964427, 0.549407114624506, 0.525691699604743, 0.557312252964427, 0.47035573122529645, 0.5652173913043478, 0.3438735177865613, 0.6284584980237155, 0.6205533596837944, 0.35177865612648224, 0.5098814229249012]","[1.0, 0.6666666666666666, 0.6666666666666666, 0.6666666666666666, 1.0, 0.6666666666666666, 1.0, 0.3333333333333333, 0.6666666666666666, 0.6666666666666666, 1.0, 0.6666666666666666, 0.6666666666666666, 0.6666666666666666, 0.6666666666666666, 0.6666666666666666, 0.6666666666666666, 0.6666666666666666, 0.6666666666666666, 0.6666666666666666, 0.6666666666666666, 0.6666666666666666, 0.6666666666666666, 0.6666666666666666, 0.6666666666666666, 0.6666666666666666, 0.3333333333333333, 1.0, 0.6666666666666666, 0.6666666666666666]","[0.8, 0.8, 0.8, 0.8, 0.8, 0.8, 0.8, 0.6, 0.6, 0.6, 1.0, 0.6, 0.6, 1.0, 0.8, 0.8, 0.8, 0.6, 0.8, 0.8, 0.8, 0.8, 0.8, 0.8, 0.6, 0.8, 0.8, 0.8, 0.6, 0.8]"
credit,rf,1000,3,23,b3_is,0.0014916600960902602,0.0011029553628403872,6.485478678653306e-05,4.795458099306031e-05,0.001124208413531097,0.0019363148105219707,0.32626510864169334,0.852140974967062,0.049920575247460526,0.8325419960474307,0.8697628458498023,0.6990777338603426,0.05118776310550968,0.7000000000000003,0.13193713430042134,0.8066666666666669,0.08137703743822469,5.040426691183338e-05,0.0,1000.0,9.121200220000658,0.36937295175513624,1000.0,"[0.0012156034692734179, 0.0022733126273744627, 0.0012246295130987357, 0.0011099709025513616, 0.00033554813178958626, 0.0049104434021277855, 0.0007164851785281088, 0.0017010595826026827, 0.0011875740384004287, 0.0007756249849303745, 0.0023340148086896696, 0.0006412150598987973, 0.004390053509660654, 0.0022035304923692816, 0.0008991944186663182, 0.0004810787215439974, 0.0014402347340581128, 0.0010239934406818074, 0.0005905395206205978, 0.0007077803562463369, 0.0016349226502151832, 0.0007599290341202483, 0.0005752060953437449, 0.001305374273441162, 0.0007323370264801366, 0.0005147337832898536, 0.0034729831362039425, 0.0024691808069959107, 0.001789296543356919, 0.001333952640148196]","[0.8626482213438734, 0.8873517786561266, 0.8784584980237155, 0.8636363636363636, 0.8992094861660079, 0.8962450592885376, 0.7855731225296443, 0.8073122529644269, 0.9100790513833993, 0.8013833992094862, 0.849802371541502, 0.824110671936759, 0.8142292490118577, 0.8428853754940712, 0.8636363636363636, 0.8725296442687748, 0.7391304347826088, 0.9298418972332017, 0.9347826086956521, 0.8201581027667983, 0.8063241106719368, 0.8409090909090908, 0.8972332015810277, 0.882411067193676, 0.8191699604743082, 0.9189723320158102, 0.8814229249011858, 0.8458498023715416, 0.8586956521739131, 0.7302371541501976]","[0.6996047430830039, 0.7470355731225297, 0.6996047430830039, 0.691699604743083, 0.7391304347826086, 0.7391304347826086, 0.6442687747035574, 0.6758893280632412, 0.7470355731225297, 0.6758893280632412, 0.6679841897233202, 0.6837944664031621, 0.6205533596837944, 0.691699604743083, 0.7075098814229249, 0.7391304347826086, 0.5968379446640317, 0.7865612648221344, 0.7786561264822134, 0.6679841897233202, 0.6205533596837944, 0.6837944664031621, 0.7786561264822134, 0.7628458498023716, 0.6758893280632412, 0.7391304347826086, 0.7233201581027668, 0.6837944664031621, 0.7154150197628459, 0.5889328063241107]","[0.6666666666666666, 1.0, 0.6666666666666666, 0.6666666666666666, 0.6666666666666666, 0.6666666666666666, 1.0, 0.6666666666666666, 1.0, 0.6666666666666666, 0.6666666666666666, 0.6666666666666666, 0.3333333333333333, 0.6666666666666666, 0.6666666666666666, 0.6666666666666666, 0.6666666666666666, 0.6666666666666666, 0.6666666666666666, 0.6666666666666666, 0.6666666666666666, 0.6666666666666666, 1.0, 0.6666666666666666, 0.6666666666666666, 0.6666666666666666, 0.6666666666666666, 0.6666666666666666, 0.6666666666666666, 0.6666666666666666]","[0.8, 0.8, 0.8, 0.8, 0.8, 0.8, 0.8, 0.8, 0.6, 1.0, 0.8, 1.0, 0.8, 0.8, 0.8, 1.0, 0.8, 0.8, 0.8, 0.8, 0.8, 0.8, 0.6, 0.8, 0.8, 0.8, 0.8, 0.8, 0.8, 0.8]"
credit,rf,1000,3,23,b4_antithetic,0.014623740524660318,0.0015448449742484333,0.0006358148054200138,6.716717279341014e-05,0.014039608599182976,0.015184439968897302,3.198594843109302,0.47737154150197625,0.12120129502119219,0.4294795783926219,0.5178310276679841,0.3438735177865613,0.09342344084972773,0.5555555555555555,0.17916128329552333,0.48000000000000004,0.14236104336041747,3.332099903665852e-05,0.0,1000.0,8.893005510000512,0.6346889527790787,1000.0,"[0.01629368999976053, 0.013584224195968032, 0.013854756724362054, 0.014056641828920169, 0.014603594332430234, 0.013194581321800248, 0.0158584230296376, 0.014879032855035331, 0.01125184320553348, 0.014362781677405246, 0.015430441824195517, 0.014537732491599807, 0.014967345522505185, 0.013944302658625436, 0.017209784780765815, 0.014769098270032381, 0.01523394501954939, 0.016578820830200593, 0.017446480810495806, 0.014250393079495669, 0.00974399785168966, 0.014839529296701615, 0.014294737769465023, 0.015567368665425806, 0.014154565340048561, 0.013608921704585174, 0.013390478308696982, 0.014787414326944975, 0.01605607029025127, 0.015961217727681994]","[0.532608695652174, 0.475296442687747, 0.5820158102766798, 0.3883399209486166, 0.5049407114624506, 0.32608695652173914, 0.6284584980237155, 0.4397233201581028, 0.46936758893280633, 0.5247035573122529, 0.5978260869565217, 0.3853754940711462, 0.6393280632411067, 0.5395256916996047, 0.4318181818181818, 0.3922924901185771, 0.2855731225296443, 0.575098814229249, 0.5405138339920948, 0.3972332015810277, 0.5316205533596838, 0.5503952569169961, 0.5474308300395258, 0.12351778656126483, 0.5286561264822135, 0.5602766798418972, 0.39624505928853754, 0.25790513833992096, 0.475296442687747, 0.6936758893280633]","[0.383399209486166, 0.3359683794466403, 0.41501976284584985, 0.30434782608695654, 0.36758893280632415, 0.2173913043478261, 0.46245059288537554, 0.3280632411067194, 0.36758893280632415, 0.36758893280632415, 0.4308300395256917, 0.30434782608695654, 0.47035573122529645, 0.383399209486166, 0.2964426877470356, 0.25691699604743085, 0.2015810276679842, 0.40711462450592883, 0.35968379446640314, 0.25691699604743085, 0.383399209486166, 0.41501976284584985, 0.40711462450592883, 0.08300395256916997, 0.391304347826087, 0.4308300395256917, 0.22529644268774704, 0.2015810276679842, 0.3438735177865613, 0.5177865612648221]","[0.6666666666666666, 0.3333333333333333, 0.6666666666666666, 0.3333333333333333, 0.3333333333333333, 0.3333333333333333, 0.6666666666666666, 1.0, 0.6666666666666666, 0.6666666666666666, 0.6666666666666666, 0.3333333333333333, 0.3333333333333333, 0.3333333333333333, 0.6666666666666666, 0.6666666666666666, 0.6666666666666666, 0.6666666666666666, 0.6666666666666666, 0.6666666666666666, 0.6666666666666666, 0.6666666666666666, 0.3333333333333333, 0.3333333333333333, 0.6666666666666666, 0.6666666666666666, 0.3333333333333333, 0.3333333333333333, 0.6666666666666666, 0.6666666666666666]","[0.6, 0.4, 0.8, 0.2, 0.4, 0.4, 0.4, 0.6, 0.6, 0.4, 0.4, 0.4, 0.4, 0.6, 0.6, 0.4, 0.4, 0.6, 0.4, 0.4, 0.6, 0.6, 0.4, 0.2, 0.4, 0.8, 0.6, 0.4, 0.4, 0.6]"
credit,rf,1000,4,23,abc_shap,0.018247923158631787,0.007515459130282593,0.0007933879634187734,0.0003267590926209823,0.015674786183661076,0.02089448383471892,7.404208531812513,0.4250329380764164,0.20248845291383868,0.34479413702239786,0.4987170619235837,0.3096179183135705,0.15855447111485657,0.35555555555555557,0.2266230894930126,0.4800000000000001,0.21039645117412667,0.0007549617437052287,828.0,172.0,9.046002383335145,0.5343428085060062,828.0,"[0.025941981071870998, 0.022828522354592252, 0.028366744787341937, 0.01707754740170178, 0.01911244274937071, 0.010328992883795666, 0.0197549687869598, 0.019844478239740226, 0.019775864396477418, 0.008447750723373587, 0.023063040183407955, 0.030725030282806754, 0.015880598112395398, 0.019135712776938596, 0.021349982621461688, 0.03695440434377834, 0.012928000174644056, 0.026081512176437813, 0.014779810975838973, 0.004994632078269497, 0.009036719959975646, 0.014429950770178293, 0.006179029940662355, 0.010312966856475718, 0.01956630900922576, 0.013737433691185732, 0.013695884299147032, 0.02029970111279598, 0.029969312371229205, 0.012838369626874435]","[0.2341897233201581, 0.4140316205533597, 0.6156126482213439, 0.2885375494071146, 0.16106719367588934, 0.2865612648221344, 0.532608695652174, 0.650197628458498, 0.7618577075098815, 0.632411067193676, 0.33102766798418976, 0.4950592885375494, 0.8754940711462451, 0.6956521739130435, 0.16403162055335968, 0.46640316205533605, 0.12944664031620554, 0.21640316205533597, 0.7312252964426879, 0.6185770750988142, 0.3359683794466403, 0.2865612648221344, 0.3191699604743083, 0.4594861660079051, 0.45553359683794475, 0.3211462450592885, 0.47332015810276684, 0.30335968379446643, 0.05039525691699605, 0.44565217391304346]","[0.15415019762845852, 0.28063241106719367, 0.46245059288537554, 0.2015810276679842, 0.08300395256916997, 0.19367588932806323, 0.391304347826087, 0.4940711462450593, 0.5652173913043478, 0.44664031620553357, 0.24110671936758896, 0.35968379446640314, 0.691699604743083, 0.5019762845849802, 0.13043478260869565, 0.2885375494071147, 0.08300395256916997, 0.13043478260869565, 0.5652173913043478, 0.4861660079051383, 0.2173913043478261, 0.19367588932806323, 0.2490118577075099, 0.30434782608695654, 0.3280632411067194, 0.2885375494071147, 0.3201581027667984, 0.30434782608695654, 0.03557312252964427, 0.2964426877470356]","[0.3333333333333333, 0.0, 0.6666666666666666, 0.3333333333333333, 0.0, 0.3333333333333333, 0.0, 0.3333333333333333, 0.3333333333333333, 0.3333333333333333, 0.3333333333333333, 0.0, 0.6666666666666666, 0.6666666666666666, 0.3333333333333333, 0.0, 0.3333333333333333, 0.0, 0.6666666666666666, 0.6666666666666666, 0.6666666666666666, 0.3333333333333333, 0.3333333333333333, 0.6666666666666666, 0.6666666666666666, 0.3333333333333333, 0.3333333333333333, 0.3333333333333333, 0.3333333333333333, 0.3333333333333333]","[0.6, 0.4, 0.6, 0.4, 0.0, 0.4, 0.4, 0.4, 0.6, 1.0, 0.6, 0.2, 0.8, 0.6, 0.4, 0.2, 0.2, 0.4, 0.6, 0.8, 0.6, 0.2, 0.6, 0.8, 0.4, 0.4, 0.4, 0.6, 0.4, 0.4]"
credit,rf,1000,4,23,b1_uniform,0.0035476753518211474,0.0012107091892106197,0.0001542467544270064,5.263952996567912e-05,0.003125572016124328,0.003990782117157249,1.4394913810029781,0.4125823451910408,0.14216839975396245,0.35833333333333334,0.464207839262187,0.2959156785243742,0.10957356962412815,0.4888888888888889,0.2543449587168799,0.6000000000000001,0.1788854381999832,9.953359431904416e-05,0.0,1000.0,8.727532586663923,0.23746147731022052,1000.0,"[0.005899279537231832, 0.0036029503224571926, 0.0023769377730105614, 0.005340133465788017, 0.005021859792890967, 0.002420339554556811, 0.003380402663683792, 0.0022796022356016206, 0.0027617185238963927, 0.002981899087894539, 0.0039165187840871606, 0.0017657111071484703, 0.002978747839811072, 0.005557821953601396, 0.004351829004092956, 0.003501896459889624, 0.0029613478683102, 0.00428890237776408, 0.002402811868430478, 0.0037893171409333804, 0.005809830334153795, 0.0032855727766826644, 0.004379734270398838, 0.004931960534724285, 0.003576667021673229, 0.0037724206718750646, 0.0019012667784620906, 0.002345028439453928, 0.0035909762621187105, 0.0012567761040112727]","[0.3270750988142293, 0.47727272727272735, 0.46245059288537554, 0.18873517786561267, 0.44762845849802374, 0.6106719367588932, 0.22924901185770752, 0.4436758893280633, 0.6245059288537549, 0.39328063241106714, 0.3567193675889328, 0.5444664031620554, 0.5622529644268774, 0.2717391304347826, 0.3567193675889328, 0.532608695652174, 0.48023715415019763, 0.18280632411067196, 0.4189723320158103, 0.3132411067193676, 0.10375494071146245, 0.3181818181818182, 0.25296442687747034, 0.41106719367588934, 0.4634387351778656, 0.36462450592885376, 0.6205533596837945, 0.4100790513833992, 0.49703557312252966, 0.7114624505928854]","[0.25691699604743085, 0.3754940711462451, 0.3438735177865613, 0.13043478260869565, 0.30434782608695654, 0.44664031620553357, 0.13043478260869565, 0.2727272727272727, 0.4308300395256917, 0.2885375494071147, 0.2648221343873518, 0.35177865612648224, 0.4545454545454546, 0.16205533596837945, 0.23320158102766797, 0.391304347826087, 0.3438735177865613, 0.14624505928853754, 0.2964426877470356, 0.23320158102766797, 0.1067193675889328, 0.24110671936758896, 0.1857707509881423, 0.28063241106719367, 0.30434782608695654, 0.20948616600790515, 0.47035573122529645, 0.30434782608695654, 0.35177865612648224, 0.5652173913043478]","[0.3333333333333333, 0.6666666666666666, 0.6666666666666666, 0.6666666666666666, 0.3333333333333333, 0.3333333333333333, 0.3333333333333333, 0.3333333333333333, 0.0, 0.6666666666666666, 0.3333333333333333, 0.3333333333333333, 0.6666666666666666, 0.6666666666666666, 0.6666666666666666, 0.3333333333333333, 0.6666666666666666, 0.6666666666666666, 0.6666666666666666, 1.0, 0.3333333333333333, 0.0, 0.6666666666666666, 0.3333333333333333, 0.3333333333333333, 0.3333333333333333, 1.0, 0.6666666666666666, 0.0, 0.6666666666666666]","[0.4, 0.6, 0.8, 0.4, 0.6, 0.8, 0.4, 0.8, 0.4, 0.6, 0.6, 0.6, 0.8, 0.4, 0.8, 0.2, 0.6, 0.6, 0.6, 0.8, 0.4, 0.6, 0.4, 0.6, 0.6, 0.4, 0.8, 0.8, 0.6, 1.0]"
credit,rf,1000,4,23,b2_stratified,0.0024645339309703083,0.0014694517535138692,0.00010715364917262211,6.388920667451605e-05,0.0019977658414351914,0.0029954805710341436,1.0,0.7419631093544138,0.10919895850789464,0.7019713438735178,0.7795133399209487,0.5823451910408434,0.09995303376838525,0.6333333333333333,0.19907192074632132,0.7000000000000003,0.15275252316519466,9.525583734949863e-05,0.0,1000.0,8.933444546664639,0.19774310586372976,1000.0,"[0.0025770125140593984, 0.0011478843127634606, 0.0015473657276528314, 0.0018332163761174572, 0.0020765312685732296, 0.0011025343422364242, 0.0012226321912189467, 0.0023511034439549837, 0.0016642472578882888, 0.0021259945487936602, 0.0034664226027335673, 0.0035609936429169082, 0.0038134593285590215, 0.0018259906824611657, 0.0011246445897524968, 0.001965540135961748, 0.0010731985633784824, 0.005576935260705533, 0.0021276102094562907, 0.0035634986301550154, 0.0013759287792226933, 0.0017078245722710202, 0.001124608520642767, 0.0010867224943379712, 0.004441439848961098, 0.002254861731635086, 0.0016483636529087233, 0.002279262190637797, 0.006843982299344532, 0.005426208209808666]","[0.7964426877470356, 0.7924901185770751, 0.8320158102766799, 0.7806324110671937, 0.6363636363636364, 0.7134387351778656, 0.9130434782608695, 0.4930830039525692, 0.7855731225296443, 0.6828063241106719, 0.6561264822134387, 0.5662055335968379, 0.6946640316205535, 0.658102766798419, 0.808300395256917, 0.8369565217391305, 0.824110671936759, 0.8300395256916996, 0.7401185770750989, 0.8478260869565217, 0.8468379446640316, 0.4525691699604743, 0.7924901185770751, 0.8181818181818183, 0.8626482213438734, 0.7015810276679841, 0.642292490118577, 0.8389328063241107, 0.7638339920948617, 0.6511857707509883]","[0.6521739130434783, 0.6047430830039525, 0.6679841897233202, 0.6284584980237155, 0.47035573122529645, 0.5335968379446641, 0.7549407114624506, 0.3359683794466403, 0.6521739130434783, 0.5731225296442688, 0.5098814229249012, 0.4308300395256917, 0.525691699604743, 0.4940711462450593, 0.6442687747035574, 0.6679841897233202, 0.6600790513833992, 0.7075098814229249, 0.5652173913043478, 0.6679841897233202, 0.6521739130434783, 0.3438735177865613, 0.6205533596837944, 0.6284584980237155, 0.6758893280632412, 0.541501976284585, 0.5019762845849802, 0.6679841897233202, 0.5810276679841897, 0.5098814229249012]","[0.3333333333333333, 1.0, 0.6666666666666666, 0.6666666666666666, 0.6666666666666666, 1.0, 0.3333333333333333, 0.6666666666666666, 1.0, 0.6666666666666666, 0.6666666666666666, 0.3333333333333333, 0.6666666666666666, 0.6666666666666666, 0.6666666666666666, 0.6666666666666666, 0.6666666666666666, 0.6666666666666666, 0.3333333333333333, 0.6666666666666666, 0.6666666666666666, 0.6666666666666666, 1.0, 0.3333333333333333, 0.6666666666666666, 0.3333333333333333, 0.6666666666666666, 0.6666666666666666, 0.6666666666666666, 0.3333333333333333]","[0.6, 0.6, 0.8, 0.6, 0.4, 0.8, 0.8, 0.4, 0.8, 0.6, 0.8, 0.6, 1.0, 0.6, 0.6, 0.8, 0.8, 0.8, 0.8, 0.8, 0.6, 0.6, 0.8, 0.4, 0.8, 0.8, 0.6, 1.0, 0.6, 0.8]"
credit,rf,1000,4,23,b3_is,0.0009093297245815108,0.0004822088839651761,3.953607498180482e-05,2.096560365065983e-05,0.0007483257017626068,0.0010951241662806308,0.3689662021506435,0.8491765480895916,0.08386508390075315,0.8174431818181819,0.8763521080368908,0.7077733860342558,0.08963379613961958,0.7111111111111111,0.20608041101101568,0.7866666666666668,0.10241527663824813,2.877258670350818e-05,0.0,1000.0,9.130656150000869,0.3404614949414238,1000.0,"[0.0005288431471985769, 0.0003131429294541549, 0.00128556572983916, 0.0010213323361439285, 0.00045803902081851573, 0.0012143986341697519, 0.001527069346807128, 0.0010715968992793309, 0.0009985552161670592, 0.0005137903770787203, 0.0004426613107711092, 0.0015681229726602593, 0.0017089154626609578, 0.0007594361778998291, 0.0005435407441574582, 0.0021556299123504856, 0.0006173149120458761, 0.000637720986769781, 0.0007385670124839674, 0.0018062599409968583, 0.0005663283035289243, 0.00032681924874676364, 0.0003426434026628976, 0.0014314375298099652, 0.0009917567295632114, 0.0005126590348097209, 0.0004844812628411737, 0.0007390117314002157, 0.0008808625330416499, 0.0010933888912878944]","[0.8784584980237155, 0.9150197628458498, 0.9436758893280633, 0.7430830039525691, 0.9169960474308301, 0.9318181818181819, 0.5622529644268774, 0.808300395256917, 0.9466403162055337, 0.9130434782608695, 0.8972332015810277, 0.7717391304347826, 0.8300395256916996, 0.9199604743083004, 0.8596837944664032, 0.8754940711462451, 0.9031620553359685, 0.8438735177865613, 0.7470355731225298, 0.83399209486166, 0.8409090909090908, 0.9535573122529646, 0.9377470355731227, 0.7776679841897233, 0.8359683794466403, 0.8903162055335968, 0.8458498023715416, 0.7924901185770751, 0.7094861660079053, 0.849802371541502]","[0.7470355731225297, 0.7707509881422926, 0.8260869565217391, 0.5889328063241107, 0.7628458498023716, 0.7786561264822134, 0.43873517786561267, 0.6758893280632412, 0.8181818181818182, 0.7549407114624506, 0.7391304347826086, 0.6284584980237155, 0.7075098814229249, 0.7628458498023716, 0.691699604743083, 0.691699604743083, 0.8181818181818182, 0.6679841897233202, 0.5968379446640317, 0.6837944664031621, 0.6600790513833992, 0.8735177865612648, 0.8102766798418973, 0.5968379446640317, 0.691699604743083, 0.7628458498023716, 0.6679841897233202, 0.7312252964426879, 0.5810276679841897, 0.7075098814229249]","[1.0, 1.0, 0.6666666666666666, 1.0, 0.6666666666666666, 0.6666666666666666, 0.6666666666666666, 0.3333333333333333, 0.3333333333333333, 0.6666666666666666, 0.6666666666666666, 0.6666666666666666, 0.6666666666666666, 0.3333333333333333, 1.0, 0.6666666666666666, 0.6666666666666666, 1.0, 0.6666666666666666, 0.6666666666666666, 0.6666666666666666, 1.0, 0.3333333333333333, 0.6666666666666666, 0.6666666666666666, 0.6666666666666666, 0.6666666666666666, 1.0, 1.0, 0.6666666666666666]","[0.8, 0.8, 0.6, 0.8, 1.0, 0.8, 0.8, 0.8, 0.8, 0.8, 0.8, 0.8, 0.6, 0.8, 0.8, 0.6, 1.0, 0.6, 0.8, 0.8, 0.6, 0.8, 0.8, 0.8, 0.8, 1.0, 0.8, 0.8, 0.8, 0.8]"
credit,rf,1000,4,23,b4_antithetic,0.0014712845921256632,0.00011468341676667448,6.396889530981144e-05,4.986235511594542e-06,0.0014291113940340546,0.0015125773522189632,0.5969828914249948,0.614064558629776,0.056223868529034625,0.5944655797101449,0.6355764163372859,0.446376811594203,0.054824792483464675,0.3555555555555557,0.08314794192830981,0.8066666666666669,0.035901098714230015,2.540373753623651e-06,0.0,1000.0,8.757930033337713,0.30619543345359324,1000.0,"[0.0014238162940278067, 0.0016320972180288837, 0.001622354640004768, 0.0013688110359950858, 0.001425475944523268, 0.001537453287056582, 0.0014806751151085378, 0.0015332876514847313, 0.0015087381104328728, 0.0013573204857, 0.001611858379487975, 0.0014649945740489243, 0.0014767907381378757, 0.0014103220642695366, 0.0014156382054451642, 0.001412026275964644, 0.001508884138447095, 0.0015906023827459046, 0.0013006067240914573, 0.0014529703716441118, 0.0016105267576441977, 0.0017751148309203982, 0.0014178097545191296, 0.001373170025908659, 0.0012623623338915827, 0.0015891854423958653, 0.0013737357508317681, 0.0013418637041505495, 0.0015340723735326376, 0.0013259731533298838]","[0.567193675889328, 0.5612648221343874, 0.5770750988142292, 0.6215415019762845, 0.6561264822134387, 0.6472332015810277, 0.6353754940711461, 0.5503952569169961, 0.5859683794466404, 0.698616600790514, 0.6096837944664032, 0.5424901185770752, 0.6116600790513834, 0.5800395256916997, 0.6007905138339922, 0.6462450592885376, 0.5731225296442688, 0.5583003952569171, 0.7302371541501976, 0.6205533596837945, 0.5098814229249012, 0.5345849802371541, 0.6847826086956521, 0.6630434782608696, 0.6847826086956521, 0.58300395256917, 0.6363636363636364, 0.7391304347826088, 0.5909090909090909, 0.6215415019762845]","[0.383399209486166, 0.40711462450592883, 0.41501976284584985, 0.44664031620553357, 0.47035573122529645, 0.46245059288537554, 0.47035573122529645, 0.36758893280632415, 0.4308300395256917, 0.5019762845849802, 0.42292490118577075, 0.3438735177865613, 0.4782608695652174, 0.42292490118577075, 0.391304347826087, 0.47035573122529645, 0.391304347826087, 0.41501976284584985, 0.5652173913043478, 0.47035573122529645, 0.383399209486166, 0.36758893280632415, 0.5019762845849802, 0.5019762845849802, 0.4861660079051383, 0.47035573122529645, 0.5019762845849802, 0.5731225296442688, 0.43873517786561267, 0.43873517786561267]","[0.3333333333333333, 0.3333333333333333, 0.3333333333333333, 0.3333333333333333, 0.3333333333333333, 0.3333333333333333, 0.3333333333333333, 0.3333333333333333, 0.3333333333333333, 0.3333333333333333, 0.3333333333333333, 0.3333333333333333, 0.3333333333333333, 0.6666666666666666, 0.3333333333333333, 0.3333333333333333, 0.3333333333333333, 0.3333333333333333, 0.3333333333333333, 0.3333333333333333, 0.3333333333333333, 0.3333333333333333, 0.3333333333333333, 0.6666666666666666, 0.3333333333333333, 0.3333333333333333, 0.3333333333333333, 0.3333333333333333, 0.3333333333333333, 0.3333333333333333]","[0.8, 0.8, 0.8, 0.8, 0.8, 0.8, 0.8, 0.8, 0.8, 0.8, 0.8, 0.8, 0.8, 0.8, 0.8, 0.8, 0.8, 0.8, 0.8, 0.8, 0.8, 0.8, 0.8, 0.8, 1.0, 0.8, 0.8, 0.8, 0.8, 0.8]"
credit,rf,1000,5,23,abc_shap,0.008452419774251797,0.0035944887723164684,0.0003674965119239912,0.00015628212053549862,0.007215474624822586,0.009729786148102226,6.627053928835605,0.568840579710145,0.11155869256891611,0.5314879776021081,0.6081744071146247,0.4274044795783926,0.09819958156642256,0.7555555555555556,0.20964402515681346,0.7533333333333335,0.1521694961401777,0.0003488094058207835,828.0,172.0,8.607115609997225,0.11125617687796892,828.0,"[0.00847084699506114, 0.010462248531232439, 0.005248347560568779, 0.007943043663072023, 0.007880270385775448, 0.0037966049940890904, 0.005444133706537058, 0.006905571523973838, 0.010642802235692231, 0.008880657569290134, 0.012788215083560485, 0.003285644767170416, 0.01244142003443388, 0.012441595594073531, 0.009216724317583165, 0.01473361445644687, 0.007534434622961274, 0.017688418263867585, 0.007815812288834585, 0.010400597630724562, 0.0037589229652917103, 0.009173176539488091, 0.00330558992964801, 0.004304348035270841, 0.0055835807798865055, 0.0029841561369488186, 0.01093404269166193, 0.012385891317880883, 0.009224830343917127, 0.007897050262611505]","[0.607707509881423, 0.6264822134387352, 0.5424901185770752, 0.7687747035573124, 0.6047430830039526, 0.5553359683794467, 0.5701581027667983, 0.6116600790513834, 0.5622529644268774, 0.3626482213438736, 0.4426877470355731, 0.6284584980237155, 0.6551383399209486, 0.6067193675889329, 0.7628458498023717, 0.475296442687747, 0.5424901185770752, 0.5039525691699606, 0.43873517786561267, 0.650197628458498, 0.6630434782608696, 0.6482213438735179, 0.5237154150197628, 0.5592885375494071, 0.607707509881423, 0.7420948616600791, 0.37549407114624506, 0.29051383399209485, 0.6551383399209486, 0.48122529644268774]","[0.47035573122529645, 0.4940711462450593, 0.41501976284584985, 0.5968379446640317, 0.44664031620553357, 0.42292490118577075, 0.46245059288537554, 0.4782608695652174, 0.4308300395256917, 0.2490118577075099, 0.3280632411067194, 0.4940711462450593, 0.4782608695652174, 0.44664031620553357, 0.6126482213438735, 0.3359683794466403, 0.3992094861660079, 0.383399209486166, 0.3122529644268775, 0.4861660079051383, 0.5098814229249012, 0.46245059288537554, 0.3754940711462451, 0.40711462450592883, 0.4782608695652174, 0.5889328063241107, 0.24110671936758896, 0.19367588932806323, 0.4782608695652174, 0.3438735177865613]","[0.6666666666666666, 1.0, 1.0, 0.3333333333333333, 0.6666666666666666, 0.6666666666666666, 0.6666666666666666, 0.6666666666666666, 0.6666666666666666, 1.0, 0.3333333333333333, 0.6666666666666666, 0.6666666666666666, 0.6666666666666666, 1.0, 1.0, 1.0, 0.6666666666666666, 0.6666666666666666, 1.0, 1.0, 0.6666666666666666, 1.0, 1.0, 0.6666666666666666, 1.0, 0.6666666666666666, 0.6666666666666666, 0.6666666666666666, 0.3333333333333333]","[0.6, 1.0, 0.8, 1.0, 0.8, 1.0, 0.8, 0.8, 0.8, 0.8, 0.6, 0.6, 0.4, 0.8, 0.8, 0.8, 0.8, 0.4, 0.6, 0.8, 0.8, 0.6, 0.8, 0.8, 0.8, 1.0, 0.8, 0.6, 0.6, 0.8]"
credit,rf,1000,5,23,b1_uniform,0.0031857706680283484,0.000576579212694014,0.00013851176817514558,2.506866142147887e-05,0.0029861897563598023,0.0033917360614687687,2.4977786936517052,0.5728590250329381,0.09687723831514891,0.5389303359683795,0.6068272397891963,0.42951251646903815,0.08645401175958363,0.9555555555555556,0.11331154474650636,0.8200000000000002,0.06,2.8728943465860945e-05,0.0,1000.0,8.434625756670721,0.14910655718666949,1000.0,"[0.0018838978349123134, 0.0028008127755710195, 0.0027184615732292845, 0.0029820917609709647, 0.0029529069012899935, 0.0036938994897350204, 0.00288973708355154, 0.002264960042740354, 0.0037939080549940535, 0.0034746673187102486, 0.004043525892222441, 0.0030963282089511964, 0.003080030501854495, 0.003238514885315546, 0.0033619602974762058, 0.004078657302749447, 0.003305189553409284, 0.0033429509702608633, 0.002478405544594733, 0.0033470916719100957, 0.0031999326045961656, 0.0034190593812569317, 0.0044829069699185075, 0.002676054099635872, 0.0028619902842538995, 0.004236293333923096, 0.003128087837952089, 0.002643782396611064, 0.002559838309846777, 0.003537177158406977]","[0.6511857707509883, 0.6047430830039526, 0.6353754940711461, 0.5948616600790514, 0.6729249011857709, 0.632411067193676, 0.5227272727272728, 0.717391304347826, 0.58300395256917, 0.4367588932806324, 0.4891304347826087, 0.6837944664031621, 0.591897233201581, 0.4654150197628459, 0.4436758893280633, 0.5592885375494071, 0.6136363636363635, 0.608695652173913, 0.642292490118577, 0.698616600790514, 0.3982213438735178, 0.5800395256916997, 0.5079051383399209, 0.5741106719367589, 0.717391304347826, 0.39624505928853754, 0.6907114624505929, 0.41106719367588934, 0.6096837944664032, 0.4525691699604743]","[0.5177865612648221, 0.47035573122529645, 0.4782608695652174, 0.46245059288537554, 0.5177865612648221, 0.4861660079051383, 0.391304347826087, 0.5731225296442688, 0.41501976284584985, 0.2885375494071147, 0.35177865612648224, 0.541501976284585, 0.43873517786561267, 0.35968379446640314, 0.3201581027667984, 0.40711462450592883, 0.4545454545454546, 0.4545454545454546, 0.4861660079051383, 0.557312252964427, 0.2648221343873518, 0.4308300395256917, 0.36758893280632415, 0.42292490118577075, 0.5335968379446641, 0.2648221343873518, 0.525691699604743, 0.3122529644268775, 0.4545454545454546, 0.3359683794466403]","[0.6666666666666666, 1.0, 1.0, 0.6666666666666666, 1.0, 1.0, 1.0, 0.6666666666666666, 1.0, 1.0, 1.0, 1.0, 1.0, 1.0, 1.0, 1.0, 1.0, 1.0, 1.0, 1.0, 1.0, 1.0, 1.0, 1.0, 1.0, 0.6666666666666666, 1.0, 1.0, 1.0, 1.0]","[1.0, 0.8, 0.8, 0.8, 0.8, 0.8, 0.8, 0.8, 0.8, 0.8, 0.8, 0.8, 0.8, 0.8, 0.8, 0.8, 0.8, 0.8, 0.8, 1.0, 1.0, 0.8, 0.8, 0.8, 0.8, 0.8, 0.8, 0.8, 0.8, 0.8]"
credit,rf,1000,5,23,b2_stratified,0.0012754415257545542,0.0005928463079073137,5.545397938063279e-05,2.577592643075277e-05,0.0010715526741134445,0.0014817271628587468,1.0,0.8327404479578392,0.07585686911060906,0.8076383399209486,0.8596879117259553,0.7032938076416337,0.08224721443962858,0.8444444444444446,0.16629588385661964,0.94,0.09165151389911678,5.119996719608725e-05,0.0,1000.0,8.719170323332461,0.08362905655638872,1000.0,"[0.0020576855624840082, 0.0007530897366733069, 0.001879255579488695, 0.0010070423352927784, 0.0005697268869558159, 0.001128603522811471, 0.0013026684727515993, 0.0009515818216040982, 0.001382587452190286, 0.001964657990365179, 0.001726729999130756, 0.0009781863258365002, 0.0015654510903978184, 0.001125385592730123, 0.0012678637946393308, 0.002175421531754239, 0.0008171495583649325, 0.0016942234246041861, 0.001869400564880091, 0.0003733578706406709, 0.0008328721871691284, 0.001023496474069416, 0.0005190669650819152, 0.0008922966242962526, 0.0010119146954340613, 0.0022372519948913147, 0.001335311950666207, 0.000928030618439842, 0.0001825991976982995, 0.0027103359512943097]","[0.7994071146245059, 0.8379446640316206, 0.7865612648221343, 0.9407114624505929, 0.8320158102766799, 0.8211462450592886, 0.8507905138339922, 0.8132411067193677, 0.9713438735177865, 0.8023715415019764, 0.6235177865612649, 0.8666007905138341, 0.9209486166007905, 0.7262845849802372, 0.8913043478260869, 0.8903162055335968, 0.9209486166007905, 0.7994071146245059, 0.8547430830039526, 0.9387351778656127, 0.7509881422924901, 0.8003952569169961, 0.8438735177865613, 0.7341897233201582, 0.8972332015810277, 0.7480237154150197, 0.7628458498023717, 0.7816205533596838, 0.9258893280632412, 0.8488142292490118]","[0.7233201581027668, 0.691699604743083, 0.6679841897233202, 0.8181818181818182, 0.691699604743083, 0.6679841897233202, 0.7312252964426879, 0.7154150197628459, 0.8972332015810277, 0.6679841897233202, 0.5177865612648221, 0.7154150197628459, 0.8102766798418973, 0.5810276679841897, 0.7549407114624506, 0.7628458498023716, 0.8023715415019763, 0.7075098814229249, 0.691699604743083, 0.8260869565217391, 0.6126482213438735, 0.6679841897233202, 0.6600790513833992, 0.5889328063241107, 0.7470355731225297, 0.6126482213438735, 0.6600790513833992, 0.6126482213438735, 0.8023715415019763, 0.691699604743083]","[1.0, 0.6666666666666666, 0.6666666666666666, 0.6666666666666666, 1.0, 0.6666666666666666, 1.0, 0.6666666666666666, 1.0, 0.6666666666666666, 1.0, 1.0, 1.0, 1.0, 0.6666666666666666, 1.0, 0.6666666666666666, 1.0, 0.6666666666666666, 1.0, 0.6666666666666666, 1.0, 0.6666666666666666, 0.6666666666666666, 1.0, 1.0, 1.0, 0.6666666666666666, 1.0, 0.6666666666666666]","[1.0, 0.8, 1.0, 0.8, 0.8, 1.0, 1.0, 1.0, 1.0, 1.0, 0.8, 1.0, 0.8, 0.8, 0.8, 0.8, 1.0, 1.0, 0.8, 1.0, 1.0, 1.0, 1.0, 1.0, 1.0, 1.0, 1.0, 1.0, 1.0, 1.0]"
credit,rf,1000,5,23,b3_is,0.00045437248774185204,0.00025989364368783326,1.9755325553993567e-05,1.1299723638601447e-05,0.0003688779519789369,0.000548342301534575,0.35624721209625365,0.9104413702239788,0.047674142156198404,0.8921508563899869,0.9270421607378128,0.8068511198945981,0.055210976219704735,0.8555555555555556,0.16517854163687232,0.9666666666666667,0.07453559924999298,1.7296168895547262e-05,0.0,1000.0,8.85602545333483,0.15416178681724987,1000.0,"[0.00031085259813929246, 0.0001874648459901063, 0.00031567361105590654, 0.0005278914724681091, 0.00040333421273985, 0.00020176915365937675, 0.0004704764039472271, 0.0006742111254778286, 0.0005954750196894049, 0.0002922947258881528, 0.0004103765000552206, 0.00115981700852478, 0.0002625900917221726, 0.0006131681327278313, 0.0003952940544372273, 0.00047011055810201196, 0.0010132555010571493, 0.00020913724935855876, 0.0009007065273660038, 0.0008421744071998176, 0.0001346409478367516, 0.0002161293454784161, 0.000622332966448409, 0.00023056073319141076, 0.000633074216524417, 0.0004064055897916624, 0.00023472480635461875, 0.00018707642516878754, 0.00019644874523673864, 0.000513707656618322]","[0.9407114624505929, 0.9367588932806324, 0.9733201581027668, 0.9565217391304348, 0.892292490118577, 0.9387351778656127, 0.9496047430830039, 0.8853754940711462, 0.9278656126482213, 0.8675889328063242, 0.9288537549407114, 0.816205533596838, 0.9555335968379446, 0.8735177865612648, 0.8557312252964427, 0.8626482213438734, 0.874505928853755, 0.9723320158102767, 0.8023715415019764, 0.8577075098814229, 0.9407114624505929, 0.941699604743083, 0.8913043478260869, 0.9367588932806324, 0.8320158102766799, 0.908102766798419, 0.933794466403162, 0.9486166007905139, 0.9901185770750988, 0.9219367588932808]","[0.857707509881423, 0.83399209486166, 0.8814229249011858, 0.857707509881423, 0.7628458498023716, 0.8181818181818182, 0.8498023715415021, 0.7707509881422926, 0.8023715415019763, 0.7470355731225297, 0.8181818181818182, 0.7549407114624506, 0.857707509881423, 0.7470355731225297, 0.7707509881422926, 0.7549407114624506, 0.7786561264822134, 0.9130434782608695, 0.6758893280632412, 0.7549407114624506, 0.8498023715415021, 0.841897233201581, 0.7707509881422926, 0.8023715415019763, 0.7470355731225297, 0.7944664031620553, 0.8260869565217391, 0.83399209486166, 0.9367588932806324, 0.7944664031620553]","[0.6666666666666666, 0.6666666666666666, 0.6666666666666666, 1.0, 1.0, 1.0, 0.6666666666666666, 1.0, 0.6666666666666666, 1.0, 1.0, 1.0, 1.0, 1.0, 1.0, 1.0, 0.6666666666666666, 1.0, 0.6666666666666666, 0.6666666666666666, 1.0, 1.0, 0.6666666666666666, 0.6666666666666666, 1.0, 1.0, 1.0, 0.6666666666666666, 0.6666666666666666, 0.6666666666666666]","[1.0, 1.0, 1.0, 0.8, 1.0, 0.8, 1.0, 0.8, 1.0, 1.0, 1.0, 1.0, 1.0, 1.0, 1.0, 1.0, 1.0, 1.0, 1.0, 1.0, 1.0, 0.8, 0.8, 1.0, 1.0, 1.0, 1.0, 1.0, 1.0, 1.0]"
credit,rf,1000,5,23,b4_antithetic,0.0026273039505402907,0.00019259169394603436,0.00011423060654523003,8.373551910697146e-06,0.0025642019867121793,0.002698749223838496,2.0599172110112782,0.6521739130434784,0.06104128542087156,0.6299728260869565,0.6736882411067194,0.5083003952569171,0.06219155429353235,1.0,0.0,0.8333333333333335,0.07453559924999298,6.411903538229048e-06,0.0,1000.0,8.464241356666511,0.17453911930886237,1000.0,"[0.0028713680514052473, 0.0024887610330720667, 0.0027255568284499294, 0.002495424796179882, 0.0024858519789768556, 0.0025467929132237353, 0.0029273925072966895, 0.002503681597532136, 0.0026938296681262254, 0.002349593684383949, 0.0027172653247157894, 0.002857116390448188, 0.0029592459655254063, 0.0025327249736709287, 0.002793556853480344, 0.0022233331698151416, 0.002391265113496723, 0.002524783154269335, 0.0026038885088216, 0.002848170095750032, 0.0025062586798475016, 0.002519157857484859, 0.002758086479116596, 0.0029037030501310158, 0.002828479630532206, 0.0028506349248932244, 0.002423376898731462, 0.002544909035095099, 0.0024549678914485857, 0.002489941460287953]","[0.6482213438735179, 0.6254940711462451, 0.7549407114624507, 0.6185770750988142, 0.700592885375494, 0.6442687747035574, 0.6393280632411067, 0.8023715415019764, 0.6630434782608696, 0.700592885375494, 0.6373517786561265, 0.6867588932806324, 0.6679841897233202, 0.6531620553359684, 0.6571146245059288, 0.5652173913043479, 0.7322134387351779, 0.5227272727272728, 0.6758893280632412, 0.5335968379446641, 0.6442687747035574, 0.6630434782608696, 0.5909090909090909, 0.5592885375494071, 0.7312252964426879, 0.6590909090909092, 0.6729249011857709, 0.5820158102766798, 0.6739130434782609, 0.6590909090909092]","[0.525691699604743, 0.4782608695652174, 0.5889328063241107, 0.4545454545454546, 0.549407114624506, 0.4861660079051383, 0.5019762845849802, 0.6363636363636365, 0.5177865612648221, 0.541501976284585, 0.5019762845849802, 0.5652173913043478, 0.5177865612648221, 0.5177865612648221, 0.5098814229249012, 0.4545454545454546, 0.5810276679841897, 0.35177865612648224, 0.549407114624506, 0.391304347826087, 0.5177865612648221, 0.5177865612648221, 0.44664031620553357, 0.40711462450592883, 0.6047430830039525, 0.525691699604743, 0.549407114624506, 0.42292490118577075, 0.541501976284585, 0.4940711462450593]","[1.0, 1.0, 1.0, 1.0, 1.0, 1.0, 1.0, 1.0, 1.0, 1.0, 1.0, 1.0, 1.0, 1.0, 1.0, 1.0, 1.0, 1.0, 1.0, 1.0, 1.0, 1.0, 1.0, 1.0, 1.0, 1.0, 1.0, 1.0, 1.0, 1.0]","[1.0, 0.8, 0.8, 1.0, 1.0, 0.8, 0.8, 0.8, 0.8, 0.8, 0.8, 0.8, 0.8, 0.8, 0.8, 0.8, 0.8, 0.8, 0.8, 0.8, 0.8, 0.8, 0.8, 0.8, 1.0, 0.8, 1.0, 0.8, 0.8, 0.8]"
credit,rf,1000,6,23,abc_shap,0.007935058094645484,0.004738914111033768,0.00034500252585415147,0.0002060397439579899,0.006512251555912236,0.009631491599386633,6.493185797210517,0.5011198945981554,0.1766393339813549,0.4396105072463769,0.5648748353096179,0.372068511198946,0.13784112348122923,0.5666666666666667,0.17533037597843887,0.48666666666666664,0.14313940369055925,0.00032735169622439956,828.0,172.0,8.95159080666684,0.4471754640473911,828.0,"[0.009258619518205018, 0.013944937809488153, 0.01741918600737986, 0.0032874164234071024, 0.006832827628392315, 0.008008356320380295, 0.0062617815393416435, 0.006180708363249012, 0.004816959449043343, 0.00642617787395117, 0.004529888081527278, 0.006032817452789658, 0.007109515518130269, 0.0032597977275794893, 0.010172422060399769, 0.013808985882877413, 0.00876584933100868, 0.004208900971318693, 0.005715897469365747, 0.0053373961369680865, 0.021333761790815874, 0.006787626799042551, 0.006143797004106147, 0.007321312491401119, 0.003851049914270883, 0.00296430903692879, 0.0035692734580106667, 0.009855937739704296, 0.019934555602046506, 0.004911677438234677]","[0.6916996047430831, 0.291501976284585, 0.2707509881422925, 0.6551383399209486, 0.37055335968379455, 0.8122529644268776, 0.6847826086956521, 0.632411067193676, 0.3725296442687747, 0.3290513833992095, 0.5948616600790514, 0.4120553359683795, 0.3725296442687747, 0.6946640316205535, 0.37747035573122534, 0.7371541501976284, 0.1847826086956522, 0.5958498023715416, 0.757905138339921, 0.7144268774703557, 0.4130434782608696, 0.40513833992094866, 0.5563241106719368, 0.5019762845849802, 0.2934782608695652, 0.7460474308300395, 0.4258893280632411, 0.2391304347826087, 0.4100790513833992, 0.49011857707509887]","[0.5177865612648221, 0.2173913043478261, 0.17786561264822134, 0.46245059288537554, 0.2885375494071147, 0.6442687747035574, 0.557312252964427, 0.4861660079051383, 0.24110671936758896, 0.20948616600790515, 0.3992094861660079, 0.3122529644268775, 0.3201581027667984, 0.5177865612648221, 0.2964426877470356, 0.541501976284585, 0.11462450592885376, 0.43873517786561267, 0.5810276679841897, 0.5177865612648221, 0.3201581027667984, 0.30434782608695654, 0.42292490118577075, 0.35968379446640314, 0.24110671936758896, 0.549407114624506, 0.3201581027667984, 0.16996047430830039, 0.30434782608695654, 0.3280632411067194]","[0.6666666666666666, 0.6666666666666666, 0.3333333333333333, 0.6666666666666666, 0.6666666666666666, 1.0, 0.6666666666666666, 0.3333333333333333, 0.6666666666666666, 0.6666666666666666, 0.3333333333333333, 0.3333333333333333, 0.6666666666666666, 0.6666666666666666, 0.6666666666666666, 0.6666666666666666, 0.6666666666666666, 0.6666666666666666, 0.6666666666666666, 0.3333333333333333, 0.3333333333333333, 0.3333333333333333, 0.3333333333333333, 0.6666666666666666, 0.3333333333333333, 0.6666666666666666, 0.6666666666666666, 0.3333333333333333, 0.6666666666666666, 0.6666666666666666]","[0.8, 0.6, 0.4, 0.4, 0.4, 0.6, 0.6, 0.2, 0.4, 0.8, 0.4, 0.4, 0.6, 0.6, 0.4, 0.6, 0.4, 0.4, 0.6, 0.6, 0.2, 0.4, 0.6, 0.4, 0.4, 0.6, 0.4, 0.4, 0.4, 0.6]"
credit,rf,1000,6,23,b1_uniform,0.0017275428809908177,0.00035618048575653135,7.511056004307903e-05,1.548610807637093e-05,0.0015947920774210089,0.0018659132394130465,1.4136326117752098,0.4294137022397893,0.11789844324380068,0.38678359683794467,0.4736824769433465,0.30882740447957846,0.08987052595081839,0.6555555555555556,0.1048220125784067,0.5066666666666667,0.12364824660660936,3.359236594965314e-05,0.0,1000.0,8.681625326664653,0.11621749153361344,1000.0,"[0.0017388611514451546, 0.001979213250151162, 0.0018494680743183496, 0.0017270284365669762, 0.0022121195326017897, 0.0013102812470560917, 0.0018292727735778791, 0.0014062419357927481, 0.002192063867281356, 0.002601139829051863, 0.0016460630996580196, 0.0016880040130117283, 0.001618068585137383, 0.0010565798043061848, 0.001634003054488637, 0.0013252257192836508, 0.0016602051651086196, 0.0014965609398752422, 0.0019858711367231013, 0.0017400038462760472, 0.0016432559253795511, 0.0013674571515540621, 0.0014346955199196134, 0.0019746574765744946, 0.001726841945340492, 0.0025638637230381133, 0.0015951918966199033, 0.0011646300906899354, 0.0020767887107242277, 0.001582628528172155]","[0.4762845849802372, 0.43083003952569177, 0.5978260869565217, 0.5405138339920948, 0.29446640316205536, 0.5395256916996047, 0.2776679841897233, 0.46936758893280633, 0.4930830039525692, 0.34584980237154156, 0.43280632411067194, 0.4318181818181818, 0.2737154150197629, 0.6254940711462451, 0.4031620553359684, 0.6887351778656127, 0.4446640316205534, 0.35474308300395263, 0.4426877470355731, 0.299407114624506, 0.4594861660079051, 0.4990118577075099, 0.2776679841897233, 0.33102766798418976, 0.37055335968379455, 0.21739130434782608, 0.6037549407114625, 0.5701581027667983, 0.38636363636363635, 0.3043478260869565]","[0.3438735177865613, 0.3280632411067194, 0.4308300395256917, 0.3754940711462451, 0.2015810276679842, 0.391304347826087, 0.20948616600790515, 0.3359683794466403, 0.35968379446640314, 0.25691699604743085, 0.3359683794466403, 0.2964426877470356, 0.19367588932806323, 0.44664031620553357, 0.28063241106719367, 0.5019762845849802, 0.28063241106719367, 0.2727272727272727, 0.3280632411067194, 0.19367588932806323, 0.35968379446640314, 0.3438735177865613, 0.19367588932806323, 0.20948616600790515, 0.2490118577075099, 0.14624505928853754, 0.47035573122529645, 0.41501976284584985, 0.2727272727272727, 0.24110671936758896]","[0.3333333333333333, 0.6666666666666666, 0.6666666666666666, 0.6666666666666666, 0.6666666666666666, 0.6666666666666666, 0.6666666666666666, 0.6666666666666666, 0.6666666666666666, 0.6666666666666666, 0.6666666666666666, 0.6666666666666666, 0.6666666666666666, 0.6666666666666666, 1.0, 0.6666666666666666, 0.6666666666666666, 0.6666666666666666, 0.6666666666666666, 0.6666666666666666, 0.6666666666666666, 0.6666666666666666, 0.6666666666666666, 0.6666666666666666, 0.6666666666666666, 0.3333333333333333, 0.6666666666666666, 0.6666666666666666, 0.6666666666666666, 0.6666666666666666]","[0.6, 0.6, 0.4, 0.6, 0.6, 0.8, 0.4, 0.4, 0.6, 0.4, 0.6, 0.6, 0.4, 0.6, 0.6, 0.6, 0.4, 0.4, 0.4, 0.4, 0.4, 0.4, 0.4, 0.4, 0.6, 0.4, 0.6, 0.8, 0.4, 0.4]"
credit,rf,1000,6,23,b2_stratified,0.001222059300698649,0.0005522573140492722,5.313301307385431e-05,2.401118756735966e-05,0.0010377162213869246,0.0014244970103703093,1.0,0.73300395256917,0.0627520409236789,0.7097167325428196,0.7555014822134388,0.5799736495388669,0.06511496994760427,0.7000000000000001,0.17950549357115012,0.7133333333333336,0.14313940369055927,4.985056463039111e-05,0.0,1000.0,8.967775446665474,0.14896879074794858,1000.0,"[0.00198459756709818, 0.0007364247211679893, 0.0006119580424355529, 0.0014956756427377995, 0.0011697093724249595, 0.0016292947672448758, 0.0011553136935631642, 0.0010332311697221843, 0.0027666152778312637, 0.0007255304995803995, 0.0007340779537466718, 0.0009801353115992879, 0.000683217474492944, 0.002026148657531064, 0.0009656048359447458, 0.0011782098913266845, 0.0024762098638370896, 0.0009700363673637896, 0.0014480706118128353, 0.001307325885208067, 0.0016450260976841598, 0.0016955547540883674, 0.0005375277785011308, 0.00047833030385507295, 0.0009846167163113403, 0.0006244170612106111, 0.0009871571736067774, 0.0009444230107785552, 0.0011885271303075083, 0.0014988113879464099]","[0.6175889328063241, 0.7391304347826088, 0.6719367588932806, 0.6936758893280633, 0.7895256916996048, 0.608695652173913, 0.6916996047430831, 0.7924901185770751, 0.8577075098814229, 0.7312252964426879, 0.6620553359683795, 0.7549407114624507, 0.7371541501976284, 0.816205533596838, 0.6936758893280633, 0.7391304347826088, 0.7124505928853756, 0.6996047430830039, 0.7094861660079053, 0.66699604743083, 0.7104743083003953, 0.8260869565217392, 0.6798418972332015, 0.7233201581027668, 0.8300395256916996, 0.8359683794466403, 0.8013833992094862, 0.75, 0.6897233201581028, 0.757905138339921]","[0.43873517786561267, 0.5652173913043478, 0.5019762845849802, 0.5177865612648221, 0.6837944664031621, 0.46245059288537554, 0.5177865612648221, 0.6205533596837944, 0.6996047430830039, 0.5968379446640317, 0.5098814229249012, 0.6047430830039525, 0.6126482213438735, 0.6600790513833992, 0.557312252964427, 0.5810276679841897, 0.5335968379446641, 0.6047430830039525, 0.5335968379446641, 0.541501976284585, 0.541501976284585, 0.6679841897233202, 0.5335968379446641, 0.5968379446640317, 0.6600790513833992, 0.691699604743083, 0.6126482213438735, 0.5810276679841897, 0.5652173913043478, 0.6047430830039525]","[0.3333333333333333, 0.6666666666666666, 1.0, 0.3333333333333333, 1.0, 0.6666666666666666, 0.6666666666666666, 1.0, 0.6666666666666666, 0.6666666666666666, 0.6666666666666666, 0.6666666666666666, 0.6666666666666666, 0.6666666666666666, 0.6666666666666666, 0.6666666666666666, 0.3333333333333333, 0.6666666666666666, 0.6666666666666666, 0.6666666666666666, 0.6666666666666666, 0.6666666666666666, 1.0, 0.6666666666666666, 0.6666666666666666, 0.6666666666666666, 1.0, 1.0, 0.6666666666666666, 0.6666666666666666]","[0.6, 1.0, 0.8, 0.6, 1.0, 0.8, 0.6, 0.8, 0.4, 0.8, 0.8, 0.8, 0.8, 0.6, 0.6, 0.6, 0.4, 0.8, 0.8, 0.8, 0.6, 0.6, 0.8, 0.8, 0.6, 0.8, 0.6, 0.8, 0.6, 0.8]"
credit,rf,1000,6,23,b3_is,0.0004940865916460221,0.0002677857322367292,2.1482025723740092e-05,1.1642857923336051e-05,0.0004092311327777718,0.0006056004895799632,0.40430655972550084,0.8298089591567855,0.06305745904455315,0.8080895915678524,0.8520125164690381,0.6927536231884058,0.06719315921163312,0.7444444444444447,0.14098419489388353,0.7466666666666668,0.12578641509408808,1.8779028167725e-05,0.0,1000.0,9.080013793335334,0.29933699124870333,1000.0,"[0.0006289127920289316, 0.0001354359535392647, 0.0005563920893102993, 0.0006014764509520833, 0.00023520394957745106, 0.0006224223852217216, 0.0007901532831324351, 0.0007709221807643009, 8.592637149078615e-05, 0.0005186433046843117, 0.0004614073593663058, 0.0004964804654321246, 0.0004827230345554104, 0.00023115007163695224, 0.0005452470472057227, 0.0005423890196820509, 0.0003404697401372065, 0.0002689941280755586, 0.0014297117922194085, 0.000373799034394306, 0.000190499095164541, 0.00045649207673764084, 0.0004390325944473636, 0.0005707951396215982, 0.0006175071903952174, 0.0004974021957636219, 0.00021189699618451473, 0.00045179560910555355, 0.0010193505759904665, 0.00024996582256351876]","[0.7766798418972332, 0.8873517786561266, 0.8300395256916996, 0.7361660079051384, 0.8764822134387351, 0.6897233201581028, 0.7924901185770751, 0.884387351778656, 0.9713438735177865, 0.7687747035573124, 0.9367588932806324, 0.7648221343873517, 0.8507905138339922, 0.7737154150197629, 0.8537549407114625, 0.8606719367588934, 0.816205533596838, 0.8675889328063242, 0.8112648221343874, 0.7430830039525691, 0.9071146245059288, 0.8735177865612648, 0.8290513833992096, 0.7806324110671937, 0.757905138339921, 0.8883399209486167, 0.83399209486166, 0.8438735177865613, 0.7954545454545455, 0.892292490118577]","[0.5968379446640317, 0.7549407114624506, 0.6600790513833992, 0.6284584980237155, 0.7233201581027668, 0.5177865612648221, 0.6442687747035574, 0.7312252964426879, 0.8893280632411068, 0.6442687747035574, 0.8023715415019763, 0.6679841897233202, 0.6600790513833992, 0.6442687747035574, 0.691699604743083, 0.7154150197628459, 0.6758893280632412, 0.7154150197628459, 0.6758893280632412, 0.6363636363636365, 0.7628458498023716, 0.6996047430830039, 0.7233201581027668, 0.6679841897233202, 0.6442687747035574, 0.7391304347826086, 0.7233201581027668, 0.7312252964426879, 0.6521739130434783, 0.7628458498023716]","[0.6666666666666666, 1.0, 0.6666666666666666, 0.6666666666666666, 1.0, 0.6666666666666666, 0.6666666666666666, 0.6666666666666666, 1.0, 0.6666666666666666, 0.6666666666666666, 0.6666666666666666, 0.6666666666666666, 0.6666666666666666, 0.6666666666666666, 1.0, 1.0, 1.0, 0.6666666666666666, 1.0, 0.6666666666666666, 0.6666666666666666, 0.6666666666666666, 0.6666666666666666, 0.6666666666666666, 0.6666666666666666, 0.6666666666666666, 0.6666666666666666, 0.6666666666666666, 0.6666666666666666]","[0.6, 0.8, 0.6, 0.8, 1.0, 0.6, 0.8, 0.6, 1.0, 1.0, 0.6, 0.6, 0.6, 0.8, 0.6, 0.8, 0.8, 0.8, 0.6, 0.8, 0.8, 0.6, 0.8, 0.8, 0.8, 0.8, 0.8, 0.8, 0.6, 0.8]"
credit,rf,1000,6,23,b4_antithetic,0.0010453741107182802,0.00011105702643538676,4.5451048292099136e-05,4.828566366755946e-06,0.0010078608787077764,0.0010848226618988593,0.855420117600383,0.5871212121212122,0.04523928186056422,0.5716065546772068,0.6021796772068512,0.4548089591567853,0.04422562047437804,0.6666666666666669,2.220446049250313e-16,0.4133333333333334,0.04988876515698587,1.9329321547101225e-06,0.0,1000.0,8.748788516664838,0.31662903107667567,1000.0,"[0.0010507367851873156, 0.0011361641004806165, 0.0010877822815324753, 0.001012568476288883, 0.0011435912689983076, 0.0009067138457671227, 0.0009588279668169979, 0.001173902273850034, 0.0009524506274921831, 0.0012014913169809162, 0.000999499561459597, 0.0009938049097258938, 0.0010630368051466076, 0.001050402337722807, 0.0009996649998371533, 0.0011708583840583586, 0.0011153378258946867, 0.0009579031545670906, 0.001022369523560409, 0.0010856607277234013, 0.0009418053403135628, 0.0007440094841738047, 0.0010756927459913636, 0.0009392256910908235, 0.001246525643550711, 0.0010227807369691138, 0.0010140993023390412, 0.0012323048488191884, 0.001179831442748105, 0.0008821809124618355]","[0.6363636363636364, 0.5316205533596838, 0.6027667984189723, 0.5948616600790514, 0.6175889328063241, 0.6057312252964426, 0.5247035573122529, 0.5731225296442688, 0.641304347826087, 0.5088932806324111, 0.5019762845849802, 0.5790513833992095, 0.5701581027667983, 0.6254940711462451, 0.5800395256916997, 0.5879446640316206, 0.5088932806324111, 0.6561264822134387, 0.6096837944664032, 0.6017786561264823, 0.6403162055335968, 0.6363636363636364, 0.5770750988142292, 0.6679841897233202, 0.5474308300395258, 0.642292490118577, 0.5513833992094862, 0.5523715415019763, 0.549407114624506, 0.5909090909090909]","[0.5019762845849802, 0.40711462450592883, 0.46245059288537554, 0.47035573122529645, 0.4940711462450593, 0.46245059288537554, 0.41501976284584985, 0.4308300395256917, 0.4940711462450593, 0.3754940711462451, 0.36758893280632415, 0.43873517786561267, 0.43873517786561267, 0.4861660079051383, 0.44664031620553357, 0.44664031620553357, 0.391304347826087, 0.5335968379446641, 0.47035573122529645, 0.4545454545454546, 0.5177865612648221, 0.4861660079051383, 0.44664031620553357, 0.5335968379446641, 0.40711462450592883, 0.5335968379446641, 0.43873517786561267, 0.42292490118577075, 0.41501976284584985, 0.4545454545454546]","[0.6666666666666666, 0.6666666666666666, 0.6666666666666666, 0.6666666666666666, 0.6666666666666666, 0.6666666666666666, 0.6666666666666666, 0.6666666666666666, 0.6666666666666666, 0.6666666666666666, 0.6666666666666666, 0.6666666666666666, 0.6666666666666666, 0.6666666666666666, 0.6666666666666666, 0.6666666666666666, 0.6666666666666666, 0.6666666666666666, 0.6666666666666666, 0.6666666666666666, 0.6666666666666666, 0.6666666666666666, 0.6666666666666666, 0.6666666666666666, 0.6666666666666666, 0.6666666666666666, 0.6666666666666666, 0.6666666666666666, 0.6666666666666666, 0.6666666666666666]","[0.4, 0.4, 0.4, 0.4, 0.4, 0.4, 0.4, 0.4, 0.4, 0.4, 0.4, 0.4, 0.4, 0.4, 0.4, 0.4, 0.4, 0.4, 0.4, 0.4, 0.4, 0.6, 0.4, 0.4, 0.4, 0.4, 0.4, 0.4, 0.4, 0.6]"
credit,rf,1000,7,23,abc_shap,0.006570881804342908,0.0035927858729179565,0.00028569051323230037,0.0001562080814312155,0.005359600205147835,0.00787967700017652,6.909443676652338,0.3417325428194993,0.1468968231552662,0.28732872200263504,0.3963216403162055,0.24743083003952568,0.11295222829718106,0.46666666666666673,0.20367003088692626,0.4666666666666667,0.20869967789998037,0.00027156367228097514,828.0,172.0,8.950525223334747,0.1626292575151508,828.0,"[0.008067245145620247, 0.008173843449322355, 0.014038163541759694, 0.005216451200769112, 0.005481891142415323, 0.005098613766239138, 0.0016375697902501706, 0.007389600208712256, 0.005662332967707438, 0.010900476744846193, 0.0038591210203816157, 0.005171811506024321, 0.0027563525256093374, 0.015615908908328943, 0.0059002584384078675, 0.004292505395908029, 0.006795387217835063, 0.005780524096377062, 0.005717215771622475, 0.004097617137721012, 0.0038534981051537355, 0.004397255001825534, 0.0037304594680077283, 0.004364910787228185, 0.00626489447632303, 0.010089977867939949, 0.015610433883221392, 0.003293246222355442, 0.003204134837304811, 0.010664753505069782]","[0.3675889328063241, 0.22134387351778656, 0.26976284584980237, 0.1798418972332016, -0.08201581027667984, 0.29545454545454547, 0.5622529644268774, 0.36462450592885376, 0.3725296442687747, 0.274703557312253, 0.3992094861660079, 0.44861660079051385, 0.5177865612648221, 0.2628458498023716, 0.46245059288537554, 0.30632411067193677, 0.5316205533596838, 0.40019762845849804, 0.5968379446640316, 0.11758893280632411, 0.14130434782608697, 0.47727272727272735, 0.3764822134387352, 0.5158102766798419, 0.424901185770751, 0.14822134387351776, 0.26778656126482214, 0.3231225296442688, 0.3270750988142293, 0.3804347826086957]","[0.24110671936758896, 0.17786561264822134, 0.2015810276679842, 0.11462450592885376, -0.06719367588932808, 0.1857707509881423, 0.43873517786561267, 0.23320158102766797, 0.2885375494071147, 0.2015810276679842, 0.23320158102766797, 0.3359683794466403, 0.383399209486166, 0.17786561264822134, 0.3359683794466403, 0.23320158102766797, 0.3754940711462451, 0.2648221343873518, 0.47035573122529645, 0.11462450592885376, 0.06719367588932808, 0.35968379446640314, 0.25691699604743085, 0.3754940711462451, 0.3438735177865613, 0.1067193675889328, 0.22529644268774704, 0.2490118577075099, 0.25691699604743085, 0.24110671936758896]","[0.0, 0.6666666666666666, 0.6666666666666666, 0.3333333333333333, 0.3333333333333333, 0.6666666666666666, 0.6666666666666666, 0.3333333333333333, 0.3333333333333333, 0.3333333333333333, 0.3333333333333333, 0.6666666666666666, 0.6666666666666666, 0.3333333333333333, 0.3333333333333333, 0.3333333333333333, 0.6666666666666666, 0.3333333333333333, 0.6666666666666666, 0.3333333333333333, 0.3333333333333333, 0.6666666666666666, 0.6666666666666666, 1.0, 0.6666666666666666, 0.3333333333333333, 0.3333333333333333, 0.3333333333333333, 0.3333333333333333, 0.3333333333333333]","[0.6, 0.4, 0.4, 0.4, 0.2, 0.4, 0.6, 0.4, 0.4, 0.2, 0.4, 0.6, 1.0, 0.6, 0.8, 0.2, 0.6, 0.4, 0.8, 0.2, 0.2, 0.6, 0.4, 0.8, 0.4, 0.2, 0.4, 0.2, 0.6, 0.6]"
credit,rf,1000,7,23,b1_uniform,0.0015993317384126909,0.0004031274538553511,6.953616253968221e-05,1.7527280602406572e-05,0.0014599465303358058,0.001741271611905245,1.681736621642065,0.5277009222661396,0.11249859562660895,0.48643115942028986,0.5705245388669302,0.3810276679841897,0.09151200655292366,0.5,0.16666666666666666,0.5466666666666667,0.17074997966487598,3.8513657793433555e-05,0.0,1000.0,8.936255113333269,0.2685659772358406,1000.0,"[0.0008386172519111285, 0.0018311594251726724, 0.001534016252363969, 0.002224464063259751, 0.002161322292650191, 0.0013793142573786477, 0.001719929300772023, 0.001281172702295872, 0.0012623653720489293, 0.0009167839626472719, 0.0018240956363694354, 0.0020781707546051664, 0.0008423878066382612, 0.001594485333361612, 0.0015442188649752086, 0.0014638373475832943, 0.0018832991134557543, 0.001409512258790324, 0.0020359580838434713, 0.0016791408494299816, 0.0014981788035033675, 0.0010085631587577223, 0.0015041011815284855, 0.001858960121529262, 0.0017099752293047703, 0.002229799361504006, 0.0012324406986026655, 0.0015886017664798254, 0.0023761198359176085, 0.0014689610657000465]","[0.6363636363636364, 0.4634387351778656, 0.5573122529644269, 0.3952569169960475, 0.5256916996047432, 0.5563241106719368, 0.5899209486166007, 0.5721343873517787, 0.633399209486166, 0.5632411067193676, 0.43873517786561267, 0.5197628458498024, 0.7065217391304347, 0.46245059288537554, 0.7430830039525691, 0.5602766798418972, 0.5079051383399209, 0.4367588932806324, 0.4871541501976285, 0.4505928853754941, 0.47727272727272735, 0.6235177865612649, 0.5286561264822135, 0.3853754940711462, 0.32608695652173914, 0.4575098814229249, 0.7470355731225298, 0.5592885375494071, 0.25691699604743085, 0.6630434782608696]","[0.4545454545454546, 0.3359683794466403, 0.44664031620553357, 0.2964426877470356, 0.36758893280632415, 0.41501976284584985, 0.41501976284584985, 0.391304347826087, 0.47035573122529645, 0.42292490118577075, 0.2727272727272727, 0.383399209486166, 0.525691699604743, 0.3438735177865613, 0.549407114624506, 0.41501976284584985, 0.36758893280632415, 0.2964426877470356, 0.2885375494071147, 0.3754940711462451, 0.3359683794466403, 0.4545454545454546, 0.3754940711462451, 0.2964426877470356, 0.16205533596837945, 0.35968379446640314, 0.557312252964427, 0.3992094861660079, 0.1857707509881423, 0.47035573122529645]","[0.6666666666666666, 0.3333333333333333, 0.3333333333333333, 0.3333333333333333, 0.3333333333333333, 0.3333333333333333, 0.3333333333333333, 0.3333333333333333, 0.6666666666666666, 0.6666666666666666, 0.6666666666666666, 0.6666666666666666, 0.6666666666666666, 0.6666666666666666, 0.6666666666666666, 0.3333333333333333, 0.6666666666666666, 0.3333333333333333, 0.6666666666666666, 0.6666666666666666, 0.6666666666666666, 0.6666666666666666, 0.3333333333333333, 0.3333333333333333, 0.3333333333333333, 0.6666666666666666, 0.3333333333333333, 0.6666666666666666, 0.3333333333333333, 0.3333333333333333]","[0.8, 0.4, 0.2, 0.4, 0.4, 0.6, 0.4, 0.6, 0.8, 0.8, 0.4, 0.6, 0.6, 0.4, 0.4, 0.6, 0.6, 0.6, 0.4, 0.6, 0.4, 0.8, 0.6, 0.4, 0.4, 0.8, 0.8, 0.8, 0.4, 0.4]"
credit,rf,1000,7,23,b2_stratified,0.0009510001256029537,0.00039861507983026144,4.134783154795451e-05,1.733109042740267e-05,0.0008041277422865256,0.0011032949015144394,1.0,0.7277338603425559,0.10152850968737398,0.6876136363636364,0.7626910408432147,0.558102766798419,0.09122018147841228,0.5888888888888888,0.22249982660556428,0.6466666666666667,0.1606929439092527,3.587535923512738e-05,0.0,1000.0,9.110247933329083,0.41673009361236346,1000.0,"[0.0003683905892466969, 0.0008954812818740059, 0.0009166099316176835, 0.0004455587520420166, 0.0008491264792337668, 0.0009308178500280781, 0.0009946339994910908, 0.0009102361273277754, 0.0010944851059173188, 0.0006390111465680046, 0.0004364051368754619, 0.0005197935473052214, 0.00048826162670559945, 0.001123218418448381, 0.0004754344415458093, 0.0011096310436008888, 0.0014961899671835878, 0.0011329249629020849, 0.00040315464736570013, 0.0010280940132502104, 0.001025939154220764, 0.0012597129707380872, 0.0008034148416108504, 0.0008184845267458965, 0.0015322663362062744, 0.001774735164963376, 0.001581994859135454, 0.00082982264894865, 0.0007723148883334154, 0.0018738593086564605]","[0.8171936758893281, 0.6907114624505929, 0.8152173913043478, 0.8359683794466403, 0.8171936758893281, 0.8231225296442688, 0.7539525691699605, 0.6482213438735179, 0.575098814229249, 0.775691699604743, 0.8616600790513835, 0.7233201581027668, 0.7954545454545455, 0.5029644268774703, 0.8073122529644269, 0.757905138339921, 0.6521739130434783, 0.6492094861660079, 0.8152173913043478, 0.8517786561264822, 0.7193675889328064, 0.5780632411067194, 0.8478260869565217, 0.6739130434782609, 0.6363636363636364, 0.5434782608695652, 0.7420948616600791, 0.8349802371541503, 0.7045454545454546, 0.5820158102766798]","[0.6205533596837944, 0.4861660079051383, 0.6284584980237155, 0.6679841897233202, 0.6205533596837944, 0.6521739130434783, 0.5968379446640317, 0.47035573122529645, 0.3992094861660079, 0.6363636363636365, 0.6837944664031621, 0.549407114624506, 0.6521739130434783, 0.383399209486166, 0.5968379446640317, 0.549407114624506, 0.46245059288537554, 0.4782608695652174, 0.6521739130434783, 0.6521739130434783, 0.5810276679841897, 0.43873517786561267, 0.6837944664031621, 0.5177865612648221, 0.47035573122529645, 0.42292490118577075, 0.5652173913043478, 0.6442687747035574, 0.541501976284585, 0.43873517786561267]","[1.0, 0.3333333333333333, 1.0, 0.6666666666666666, 0.6666666666666666, 0.6666666666666666, 0.6666666666666666, 0.6666666666666666, 0.3333333333333333, 1.0, 0.3333333333333333, 0.6666666666666666, 0.6666666666666666, 0.6666666666666666, 0.3333333333333333, 0.6666666666666666, 0.3333333333333333, 1.0, 0.6666666666666666, 0.6666666666666666, 0.3333333333333333, 0.6666666666666666, 0.6666666666666666, 0.6666666666666666, 0.3333333333333333, 0.3333333333333333, 0.3333333333333333, 0.3333333333333333, 0.6666666666666666, 0.3333333333333333]","[0.8, 0.6, 0.8, 0.6, 0.6, 0.6, 0.6, 0.8, 0.6, 1.0, 0.8, 0.8, 0.8, 0.6, 0.6, 0.6, 0.2, 0.8, 0.8, 0.6, 0.8, 0.6, 0.4, 0.6, 0.6, 0.4, 0.8, 0.4, 0.6, 0.6]"
credit,rf,1000,7,23,b3_is,0.00039249035217897723,0.00016830512496790215,1.7064797920825097e-05,7.317614129039224e-06,0.00033268210577796326,0.00045782239823118743,0.4127132495698991,0.8454545454545455,0.059821713274684475,0.8231208827404481,0.8668659420289855,0.68300395256917,0.06471761231607938,0.6222222222222222,0.14229164972072994,0.7400000000000002,0.13808210118138653,1.2713649597285451e-05,0.0,1000.0,9.098660556666436,0.12891176570608587,1000.0,"[0.0006291300466541612, 0.0006318910619729112, 0.0003205938130915602, 0.00032383717539938674, 0.0005227299908267571, 0.000484195350648483, 0.0004192226250333452, 0.00045387177213271427, 0.0004143517880678596, 0.00020543608672573182, 0.0003618750602157465, 0.000396659467292134, 0.0006416063143150746, 0.0002568035641451504, 0.00035787446795453704, 0.0003454788850610668, 0.00039120222962301337, 0.0002438290164647146, 0.0004807666001088587, 0.000125080543838524, 0.00034553903271837734, 0.00060996445669307, 0.000916685270267338, 0.00026448016689233875, 0.0001592928089279825, 0.00024764553976295835, 0.00030820598362992445, 0.0001707774499346712, 0.0004043704754800526, 0.00034131352149087234]","[0.8280632411067194, 0.9051383399209486, 0.8092885375494071, 0.8270750988142292, 0.7677865612648223, 0.8488142292490118, 0.8527667984189724, 0.8685770750988143, 0.8833992094861661, 0.8952569169960475, 0.8023715415019764, 0.7994071146245059, 0.8073122529644269, 0.9130434782608695, 0.8586956521739131, 0.8794466403162056, 0.7598814229249011, 0.8764822134387351, 0.9100790513833993, 0.900197628458498, 0.7687747035573124, 0.7509881422924901, 0.6926877470355731, 0.9130434782608695, 0.9110671936758895, 0.8863636363636364, 0.9051383399209486, 0.9130434782608695, 0.7608695652173914, 0.8685770750988143]","[0.7075098814229249, 0.7312252964426879, 0.6600790513833992, 0.6837944664031621, 0.6047430830039525, 0.6284584980237155, 0.6758893280632412, 0.6758893280632412, 0.7075098814229249, 0.7312252964426879, 0.6363636363636365, 0.6837944664031621, 0.6205533596837944, 0.7628458498023716, 0.7154150197628459, 0.7312252964426879, 0.557312252964427, 0.6996047430830039, 0.7470355731225297, 0.7312252964426879, 0.6284584980237155, 0.5889328063241107, 0.5335968379446641, 0.7628458498023716, 0.7549407114624506, 0.7786561264822134, 0.7154150197628459, 0.7549407114624506, 0.5810276679841897, 0.6996047430830039]","[0.6666666666666666, 0.6666666666666666, 0.6666666666666666, 0.6666666666666666, 0.6666666666666666, 0.6666666666666666, 0.6666666666666666, 0.3333333333333333, 0.3333333333333333, 0.6666666666666666, 0.6666666666666666, 1.0, 0.3333333333333333, 0.6666666666666666, 0.6666666666666666, 0.6666666666666666, 0.6666666666666666, 0.6666666666666666, 0.6666666666666666, 0.6666666666666666, 0.6666666666666666, 0.6666666666666666, 0.3333333333333333, 0.3333333333333333, 0.6666666666666666, 0.6666666666666666, 0.6666666666666666, 0.6666666666666666, 0.6666666666666666, 0.6666666666666666]","[0.8, 0.8, 0.8, 0.6, 0.6, 0.6, 0.8, 0.4, 0.6, 0.8, 0.8, 1.0, 0.8, 0.8, 0.8, 0.6, 0.6, 0.8, 0.8, 0.8, 0.6, 0.6, 0.6, 0.8, 0.8, 0.6, 1.0, 1.0, 0.8, 0.8]"
credit,rf,1000,7,23,b4_antithetic,0.0008218034678680312,8.358014906043836e-05,3.573058555947962e-05,3.6339195243668853e-06,0.0007918462978130406,0.0008505427114234703,0.8641465397777848,0.7520092226613966,0.037692573729337715,0.7384346179183137,0.7655805335968381,0.5749670619235837,0.0364941995496977,0.6777777777777779,0.05983516452371672,0.6800000000000002,0.09797958971132714,1.9761754045402194e-06,0.0,1000.0,8.827888820000226,0.14189999957236268,1000.0,"[0.0008403443886261169, 0.0008705277075929422, 0.0006504196861882996, 0.0008486731498734039, 0.000733412016095677, 0.0009026095875680025, 0.0008795238962707809, 0.0008196093527972077, 0.000883298465535393, 0.0007392372048925518, 0.000911458659583441, 0.0007327116441544405, 0.0007495149683709224, 0.0008374391867268057, 0.00084701855325296, 0.0008052962146615937, 0.0009229921502610091, 0.0009307345635569862, 0.0008350282738736723, 0.0008251044562866986, 0.0008529956826575705, 0.0009512027263211374, 0.0009034369646801198, 0.0007588942404278598, 0.0007531609494304168, 0.0007473406230583577, 0.0007143356896962326, 0.0008522517707280991, 0.0006214261946139571, 0.0009341050682582801]","[0.7529644268774704, 0.7391304347826088, 0.7865612648221343, 0.7302371541501976, 0.7855731225296443, 0.7628458498023717, 0.758893280632411, 0.7934782608695652, 0.7648221343873517, 0.7885375494071146, 0.7312252964426879, 0.7450592885375494, 0.75, 0.6679841897233202, 0.7262845849802372, 0.7776679841897233, 0.7717391304347826, 0.6996047430830039, 0.7312252964426879, 0.8023715415019764, 0.7648221343873517, 0.7351778656126482, 0.6531620553359684, 0.7697628458498025, 0.816205533596838, 0.7430830039525691, 0.7717391304347826, 0.7193675889328064, 0.8102766798418973, 0.7104743083003953]","[0.549407114624506, 0.5731225296442688, 0.6284584980237155, 0.549407114624506, 0.5889328063241107, 0.5968379446640317, 0.5810276679841897, 0.6126482213438735, 0.5889328063241107, 0.5968379446640317, 0.541501976284585, 0.5652173913043478, 0.5731225296442688, 0.4782608695652174, 0.549407114624506, 0.5889328063241107, 0.6047430830039525, 0.525691699604743, 0.549407114624506, 0.6284584980237155, 0.5889328063241107, 0.5889328063241107, 0.5019762845849802, 0.5731225296442688, 0.6363636363636365, 0.549407114624506, 0.6126482213438735, 0.5810276679841897, 0.6126482213438735, 0.5335968379446641]","[0.6666666666666666, 0.6666666666666666, 0.6666666666666666, 0.6666666666666666, 0.6666666666666666, 0.6666666666666666, 0.6666666666666666, 0.6666666666666666, 0.6666666666666666, 0.6666666666666666, 0.6666666666666666, 0.6666666666666666, 0.6666666666666666, 0.6666666666666666, 0.6666666666666666, 0.6666666666666666, 0.6666666666666666, 0.6666666666666666, 0.6666666666666666, 0.6666666666666666, 0.6666666666666666, 0.6666666666666666, 0.6666666666666666, 0.6666666666666666, 0.6666666666666666, 0.6666666666666666, 0.6666666666666666, 0.6666666666666666, 1.0, 0.6666666666666666]","[0.8, 0.8, 0.8, 0.6, 0.6, 0.6, 0.8, 0.6, 0.6, 0.6, 0.6, 0.8, 0.8, 0.6, 0.8, 0.6, 0.6, 0.6, 0.6, 0.6, 0.6, 0.8, 0.6, 0.8, 0.6, 0.8, 0.8, 0.8, 0.6, 0.6]"
credit,rf,1000,8,23,abc_shap,0.015870358275527668,0.006173334445651244,0.0006900155771968551,0.0002684058454630976,0.013819951857757118,0.018164794239400234,5.420657147902618,0.3424901185770751,0.1750510363472041,0.27976696310935445,0.39799324769433464,0.23978919631093548,0.1234161197754858,0.45555555555555555,0.25067809272618835,0.5333333333333333,0.1577621275493231,0.0006676800664511712,828.0,172.0,9.594105623334569,0.5572757770204942,828.0,"[0.018410579339472762, 0.020999028660326453, 0.009427141423572883, 0.015554770557133123, 0.012878282710748918, 0.013425817939336147, 0.005343835848353631, 0.03288731253840091, 0.011276085718284385, 0.021240152909600383, 0.014979466261616945, 0.007570430805063112, 0.019599727337990192, 0.019493644599941663, 0.015718734849674943, 0.015025682953135918, 0.014698702585907945, 0.02633430856868393, 0.014097651421304582, 0.011269024456752293, 0.014534474801388376, 0.019412568825614172, 0.007821187570482932, 0.013740907784469718, 0.016578713888203346, 0.01931400979040536, 0.013803171462426784, 0.00370041025650032, 0.021670625670529853, 0.025304296730508005]","[0.3982213438735178, 0.5049407114624506, 0.19762845849802374, 0.2816205533596838, 0.31521739130434784, 0.7233201581027668, 0.5543478260869565, 0.5820158102766798, 0.2865612648221344, 0.35474308300395263, 0.32608695652173914, 0.0790513833992095, 0.391304347826087, 0.274703557312253, 0.1660079051383399, 0.4229249011857708, 0.36067193675889325, 0.5158102766798419, 0.2598814229249012, 0.15612648221343872, 0.45158102766798425, -0.2005928853754941, 0.4367588932806324, 0.23221343873517786, 0.34980237154150196, 0.6057312252964426, 0.24209486166007904, 0.4505928853754941, 0.2875494071146245, 0.26778656126482214]","[0.25691699604743085, 0.3359683794466403, 0.14624505928853754, 0.2015810276679842, 0.22529644268774704, 0.5177865612648221, 0.40711462450592883, 0.42292490118577075, 0.1857707509881423, 0.2648221343873518, 0.22529644268774704, 0.06719367588932808, 0.28063241106719367, 0.16996047430830039, 0.14624505928853754, 0.2964426877470356, 0.2727272727272727, 0.3754940711462451, 0.19367588932806323, 0.09090909090909091, 0.3122529644268775, -0.14624505928853754, 0.2885375494071147, 0.1857707509881423, 0.24110671936758896, 0.383399209486166, 0.15415019762845852, 0.3280632411067194, 0.16996047430830039, 0.19367588932806323]","[0.6666666666666666, 0.0, 0.6666666666666666, 0.3333333333333333, 0.6666666666666666, 0.3333333333333333, 0.6666666666666666, 0.6666666666666666, 0.6666666666666666, 0.0, 0.3333333333333333, 0.6666666666666666, 0.3333333333333333, 0.3333333333333333, 0.3333333333333333, 0.6666666666666666, 0.3333333333333333, 0.3333333333333333, 0.6666666666666666, 0.3333333333333333, 0.6666666666666666, 0.3333333333333333, 1.0, 0.6666666666666666, 0.6666666666666666, 0.0, 0.3333333333333333, 0.6666666666666666, 0.0, 0.3333333333333333]","[0.6, 0.6, 0.6, 0.4, 0.8, 0.8, 0.6, 0.4, 0.6, 0.2, 0.6, 0.4, 0.6, 0.6, 0.4, 0.6, 0.6, 0.6, 0.6, 0.6, 0.6, 0.4, 0.6, 0.6, 0.6, 0.4, 0.6, 0.6, 0.0, 0.4]"
credit,rf,1000,8,23,b1_uniform,0.0037979588026991824,0.0008536598851979929,0.00016512864359561662,3.7115647182521434e-05,0.003468223547930818,0.004088633772901947,1.2972254421651668,0.3927206851119894,0.14964591726443846,0.3419902832674572,0.4455591238471673,0.27878787878787875,0.11747725937282463,0.6555555555555557,0.10482201257840669,0.6066666666666668,0.13148721948877348,8.995321264207034e-05,0.0,1000.0,9.507737943336057,0.4925237517538663,1000.0,"[0.0033491230167416873, 0.004736760206102405, 0.00430591579808219, 0.0042169801318858915, 0.004543839894100549, 0.004235994554522307, 0.0039048048530792444, 0.002466355384873835, 0.00272595143176249, 0.004364381722192266, 0.0043388731681138805, 0.004433366043023138, 0.0030970398098966335, 0.0052744765444963995, 0.004386356985673291, 0.002559289981052776, 0.0033813746382967626, 0.004256331105670891, 0.0031436064317917766, 0.004955515590301752, 0.0040680906957390175, 0.003106414509482633, 0.004888851906304883, 0.0026426559581463407, 0.004159833972286336, 0.002139497280681008, 0.002927901741200041, 0.0025824934360645555, 0.004584185560134462, 0.0041625017292760335]","[0.48023715415019763, 0.26976284584980237, 0.3448616600790514, 0.424901185770751, 0.10770750988142294, 0.2648221343873518, 0.5711462450592886, 0.724308300395257, 0.5276679841897233, 0.04743083003952569, 0.3359683794466403, 0.2737154150197629, 0.6017786561264823, 0.17687747035573123, 0.49703557312252966, 0.5069169960474309, 0.3685770750988142, 0.4782608695652174, 0.38142292490118584, 0.6067193675889329, 0.2223320158102767, 0.4990118577075099, 0.3853754940711462, 0.4436758893280633, 0.3616600790513834, 0.5345849802371541, 0.3201581027667984, 0.34782608695652173, 0.3942687747035573, 0.28260869565217395]","[0.3280632411067194, 0.16996047430830039, 0.2490118577075099, 0.3122529644268775, 0.05928853754940712, 0.2173913043478261, 0.44664031620553357, 0.525691699604743, 0.35968379446640314, 0.011857707509881422, 0.2015810276679842, 0.1857707509881423, 0.42292490118577075, 0.1067193675889328, 0.3754940711462451, 0.36758893280632415, 0.2648221343873518, 0.35968379446640314, 0.28063241106719367, 0.4782608695652174, 0.15415019762845852, 0.3754940711462451, 0.2727272727272727, 0.3359683794466403, 0.23320158102766797, 0.35968379446640314, 0.2173913043478261, 0.23320158102766797, 0.2648221343873518, 0.19367588932806323]","[0.6666666666666666, 0.6666666666666666, 0.6666666666666666, 0.3333333333333333, 0.6666666666666666, 0.6666666666666666, 0.6666666666666666, 0.6666666666666666, 0.6666666666666666, 0.6666666666666666, 0.6666666666666666, 0.6666666666666666, 0.6666666666666666, 0.6666666666666666, 0.6666666666666666, 1.0, 0.6666666666666666, 0.6666666666666666, 0.6666666666666666, 0.3333333333333333, 0.6666666666666666, 0.6666666666666666, 0.6666666666666666, 0.6666666666666666, 0.6666666666666666, 0.6666666666666666, 0.6666666666666666, 0.6666666666666666, 0.6666666666666666, 0.6666666666666666]","[0.6, 0.6, 0.4, 0.8, 0.6, 0.6, 0.8, 0.6, 0.6, 0.4, 0.4, 0.6, 0.4, 0.4, 0.8, 0.8, 0.6, 0.6, 0.8, 0.6, 0.6, 0.6, 0.6, 0.8, 0.6, 0.8, 0.6, 0.6, 0.6, 0.4]"
credit,rf,1000,8,23,b2_stratified,0.00292775540723292,0.0013869020770740329,0.00012729371335795303,6.030009030756665e-05,0.002460223364757164,0.003450533845721282,1.0,0.6965744400527011,0.10101499625341907,0.6608687417654808,0.7336297760210805,0.5457180500658761,0.09862397142729604,0.7333333333333335,0.13333333333333336,0.7666666666666669,0.11642832797715325,0.00011286424639024651,0.0,1000.0,9.705678363335513,0.5150880065300636,1000.0,"[0.002894024373472411, 0.0009377747360713202, 0.0024769626422055167, 0.0009556622309622787, 0.001651932691489221, 0.003034064506612471, 0.0020154908314463553, 0.0013084940252499992, 0.0012826941134658383, 0.0037125848293278804, 0.001413161115706169, 0.004805135675975229, 0.005535531613584321, 0.003726676345613208, 0.0023044743512659564, 0.00498542105886582, 0.004303317844726784, 0.003952545236131882, 0.004467205689402353, 0.0022412958514141444, 0.0011992192164379618, 0.003617547782726701, 0.0028794853952943244, 0.006244756021330545, 0.0015089916261504784, 0.003379688395987091, 0.00275740010754759, 0.0034569209906258353, 0.002346468521014911, 0.002437734396883]","[0.6709486166007905, 0.7490118577075098, 0.6956521739130435, 0.7233201581027668, 0.7312252964426879, 0.7964426877470356, 0.8359683794466403, 0.8488142292490118, 0.6916996047430831, 0.7203557312252966, 0.6373517786561265, 0.7559288537549407, 0.7391304347826088, 0.8181818181818183, 0.7302371541501976, 0.5533596837944664, 0.7707509881422924, 0.6442687747035574, 0.6492094861660079, 0.5088932806324111, 0.8389328063241107, 0.5088932806324111, 0.6758893280632412, 0.724308300395257, 0.8567193675889329, 0.48023715415019763, 0.5948616600790514, 0.7272727272727272, 0.633399209486166, 0.5859683794466404]","[0.5889328063241107, 0.5968379446640317, 0.525691699604743, 0.5889328063241107, 0.549407114624506, 0.6600790513833992, 0.7628458498023716, 0.6521739130434783, 0.549407114624506, 0.5652173913043478, 0.5098814229249012, 0.6205533596837944, 0.5810276679841897, 0.6284584980237155, 0.5335968379446641, 0.391304347826087, 0.6126482213438735, 0.4940711462450593, 0.525691699604743, 0.3754940711462451, 0.6679841897233202, 0.3754940711462451, 0.549407114624506, 0.5177865612648221, 0.6996047430830039, 0.3438735177865613, 0.44664031620553357, 0.549407114624506, 0.4861660079051383, 0.42292490118577075]","[1.0, 1.0, 0.6666666666666666, 1.0, 0.6666666666666666, 0.6666666666666666, 0.6666666666666666, 0.6666666666666666, 0.6666666666666666, 1.0, 1.0, 0.6666666666666666, 0.6666666666666666, 0.6666666666666666, 0.6666666666666666, 0.6666666666666666, 0.6666666666666666, 0.6666666666666666, 0.6666666666666666, 0.6666666666666666, 0.6666666666666666, 0.6666666666666666, 0.6666666666666666, 0.6666666666666666, 1.0, 0.6666666666666666, 0.6666666666666666, 0.6666666666666666, 0.6666666666666666, 0.6666666666666666]","[0.8, 0.8, 0.8, 0.8, 0.8, 0.8, 0.8, 0.8, 1.0, 0.6, 1.0, 0.8, 0.6, 0.8, 0.8, 0.6, 0.8, 0.6, 0.6, 1.0, 0.6, 0.8, 0.8, 0.8, 0.8, 0.6, 0.6, 0.8, 0.8, 0.8]"
credit,rf,1000,8,23,b3_is,0.000993948424883546,0.00045819740618067853,4.3215148907980265e-05,1.9921626355681674e-05,0.0008358150790754801,0.0011609809076983276,0.33949161956221835,0.796969696969697,0.07717120681604192,0.7677206851119895,0.8251383399209488,0.6490118577075099,0.0784057959944731,0.8111111111111112,0.1651785416368723,0.8333333333333335,0.09067647005823629,3.575412099147163e-05,0.0,1000.0,9.769127156668885,0.5175886292747469,1000.0,"[0.0008272888976272049, 0.0005408554512998691, 0.0007517253790157213, 0.0009478402458384843, 0.0009953516747737304, 0.0012915961900630852, 0.0010557677920650438, 0.0014817224721811113, 0.00033648633350671724, 0.0011009247560748803, 0.0017780576152642196, 0.0013921616108986483, 0.0017368681585167426, 0.0006282003726435663, 0.000884884807679184, 0.00047280112770574275, 0.001235516205043769, 0.0008648194364074188, 0.0019266860331999256, 0.000588260089228974, 0.0008287794514903792, 0.001287752869277516, 0.0003477609635283551, 0.000567187938795017, 0.00036537272580907846, 0.001818793244844599, 0.0010527433700344294, 0.0015109654678572293, 0.000668935635547002, 0.0005323464302887394]","[0.7569169960474308, 0.7964426877470356, 0.733201581027668, 0.9288537549407114, 0.8260869565217392, 0.8725296442687748, 0.8833992094861661, 0.7697628458498025, 0.8675889328063242, 0.724308300395257, 0.8171936758893281, 0.7322134387351779, 0.7223320158102766, 0.8685770750988143, 0.7974308300395258, 0.8211462450592886, 0.6778656126482214, 0.884387351778656, 0.7915019762845852, 0.7272727272727272, 0.8873517786561266, 0.7381422924901185, 0.8369565217391305, 0.8171936758893281, 0.7450592885375494, 0.674901185770751, 0.9011857707509882, 0.6027667984189723, 0.8231225296442688, 0.8833992094861661]","[0.6600790513833992, 0.6679841897233202, 0.6047430830039525, 0.7707509881422926, 0.6363636363636365, 0.7154150197628459, 0.7075098814229249, 0.6126482213438735, 0.7154150197628459, 0.549407114624506, 0.6600790513833992, 0.5335968379446641, 0.557312252964427, 0.7154150197628459, 0.6996047430830039, 0.691699604743083, 0.5889328063241107, 0.7154150197628459, 0.6205533596837944, 0.541501976284585, 0.7312252964426879, 0.5731225296442688, 0.7154150197628459, 0.6600790513833992, 0.6284584980237155, 0.541501976284585, 0.7707509881422926, 0.4545454545454546, 0.6837944664031621, 0.7470355731225297]","[1.0, 0.6666666666666666, 1.0, 0.6666666666666666, 0.6666666666666666, 0.6666666666666666, 0.6666666666666666, 0.6666666666666666, 1.0, 0.6666666666666666, 0.6666666666666666, 0.6666666666666666, 0.6666666666666666, 1.0, 0.6666666666666666, 1.0, 1.0, 0.6666666666666666, 0.6666666666666666, 1.0, 1.0, 0.6666666666666666, 1.0, 1.0, 1.0, 1.0, 1.0, 0.6666666666666666, 0.6666666666666666, 0.6666666666666666]","[0.6, 1.0, 0.8, 0.8, 0.8, 0.8, 0.8, 1.0, 1.0, 0.8, 0.8, 0.8, 0.8, 0.8, 0.8, 0.8, 0.8, 0.8, 0.8, 0.8, 0.8, 0.8, 0.8, 0.8, 1.0, 0.8, 0.8, 0.8, 1.0, 1.0]"
credit,rf,1000,8,23,b4_antithetic,0.0019172727189482339,0.0001503474381553851,8.335968343253191e-05,6.5368451371906565e-06,0.0018636559211316368,0.0019715032831100756,0.6548609607932674,0.6887022397891963,0.06608620168651044,0.6646236824769435,0.7102511528326747,0.5127799736495389,0.06687464629081384,0.6777777777777779,0.05983516452371672,0.7533333333333335,0.08459051693633014,5.1305275082064775e-06,0.0,1000.0,9.500323173332921,0.4796154835467565,1000.0,"[0.0021238714917666966, 0.0021211016588980123, 0.001924052254455967, 0.001977415176712207, 0.001790661046852946, 0.001788275765251879, 0.0017863266925476338, 0.00188430884562452, 0.002090971653802517, 0.002006957475405169, 0.001887986104431788, 0.0021767501384621505, 0.0018607037933511467, 0.0017489286218211695, 0.0016534655660103998, 0.0020206789041543305, 0.002033926747412342, 0.0022335795429708513, 0.0017750526461135904, 0.0020889884212348876, 0.0018291060206894528, 0.001862157190505279, 0.0020457002305695, 0.0019704974686968212, 0.0017936063339625094, 0.0016870537586725258, 0.0017632352700910508, 0.0019787674650984352, 0.0017458458687958619, 0.0018682094140853713]","[0.6343873517786561, 0.6106719367588932, 0.6996047430830039, 0.7055335968379446, 0.6679841897233202, 0.7717391304347826, 0.7658102766798419, 0.5405138339920948, 0.75, 0.6778656126482214, 0.6432806324110673, 0.6294466403162056, 0.6739130434782609, 0.7480237154150197, 0.8013833992094862, 0.6007905138339922, 0.6185770750988142, 0.6205533596837945, 0.66600790513834, 0.6679841897233202, 0.7638339920948617, 0.766798418972332, 0.6966403162055337, 0.7252964426877472, 0.7875494071146245, 0.6156126482213439, 0.7717391304347826, 0.6403162055335968, 0.6521739130434783, 0.7470355731225298]","[0.46245059288537554, 0.4308300395256917, 0.5098814229249012, 0.549407114624506, 0.5019762845849802, 0.557312252964427, 0.5810276679841897, 0.35177865612648224, 0.5889328063241107, 0.5098814229249012, 0.46245059288537554, 0.43873517786561267, 0.4782608695652174, 0.5889328063241107, 0.6205533596837944, 0.42292490118577075, 0.4545454545454546, 0.4308300395256917, 0.5019762845849802, 0.4940711462450593, 0.6205533596837944, 0.5731225296442688, 0.557312252964427, 0.5335968379446641, 0.5810276679841897, 0.44664031620553357, 0.6047430830039525, 0.4782608695652174, 0.4861660079051383, 0.5652173913043478]","[0.6666666666666666, 0.6666666666666666, 0.6666666666666666, 0.6666666666666666, 0.6666666666666666, 0.6666666666666666, 0.6666666666666666, 0.6666666666666666, 0.6666666666666666, 0.6666666666666666, 0.6666666666666666, 0.6666666666666666, 0.6666666666666666, 0.6666666666666666, 0.6666666666666666, 0.6666666666666666, 0.6666666666666666, 0.6666666666666666, 0.6666666666666666, 0.6666666666666666, 1.0, 0.6666666666666666, 0.6666666666666666, 0.6666666666666666, 0.6666666666666666, 0.6666666666666666, 0.6666666666666666, 0.6666666666666666, 0.6666666666666666, 0.6666666666666666]","[0.6, 0.8, 0.8, 0.8, 0.8, 0.6, 0.8, 0.8, 0.8, 0.8, 0.8, 0.6, 0.8, 0.8, 0.8, 0.6, 0.8, 0.6, 0.8, 0.6, 0.8, 0.8, 0.8, 0.6, 0.8, 0.8, 0.8, 0.8, 0.8, 0.8]"
credit,rf,1000,9,23,abc_shap,0.014354271185523789,0.008482742913815428,0.0006240987471966865,0.00036881490929632294,0.01161504476205928,0.0175978842885138,8.885520684526384,0.3904808959156785,0.18641247530357927,0.3282246376811594,0.46240283267457183,0.29459815546772067,0.13863974035455986,0.44444444444444453,0.17916128329552333,0.45999999999999996,0.15620499351813308,0.0005911579651486079,828.0,172.0,9.21024003000348,0.24574404174431289,828.0,"[0.008247123319746015, 0.026012319491334743, 0.008170138575125729, 0.014168965514085492, 0.029627848897506064, 0.016698676660542647, 0.006359970073170763, 0.04403029649787212, 0.023805265504119204, 0.00972353967993924, 0.014566239580467056, 0.011698371470687993, 0.006574872263773458, 0.016667348273798215, 0.023142460721666935, 0.00423863622481676, 0.024326864026538733, 0.013553243608539751, 0.006793935361663975, 0.007441582042742297, 0.01058438571993825, 0.019927498566674064, 0.008744739110033104, 0.007227916666541794, 0.011971841375654834, 0.012864527423364441, 0.013103638029860185, 0.010323238852465506, 0.008488182173373523, 0.011544469859670699]","[0.3181818181818182, 0.6531620553359684, 0.2934782608695652, 0.26383399209486164, 0.2806324110671937, 0.2816205533596838, 0.3290513833992095, 0.5355731225296443, 0.5424901185770752, 0.1324110671936759, -0.022727272727272724, 0.4871541501976285, 0.6284584980237155, 0.3952569169960475, 0.4940711462450593, 0.5079051383399209, 0.3972332015810277, 0.4614624505928854, 0.12154150197628459, 0.674901185770751, 0.21640316205533597, 0.4822134387351779, 0.6837944664031621, 0.13537549407114624, 0.43577075098814233, 0.22529644268774704, 0.15316205533596838, 0.3616600790513834, 0.6027667984189723, 0.642292490118577]","[0.23320158102766797, 0.47035573122529645, 0.2173913043478261, 0.1857707509881423, 0.23320158102766797, 0.20948616600790515, 0.2490118577075099, 0.43873517786561267, 0.3992094861660079, 0.08300395256916997, -0.011857707509881422, 0.35968379446640314, 0.46245059288537554, 0.3122529644268775, 0.36758893280632415, 0.36758893280632415, 0.2964426877470356, 0.3754940711462451, 0.1067193675889328, 0.4782608695652174, 0.16996047430830039, 0.35968379446640314, 0.5098814229249012, 0.1225296442687747, 0.3122529644268775, 0.19367588932806323, 0.08300395256916997, 0.2885375494071147, 0.47035573122529645, 0.4940711462450593]","[0.3333333333333333, 0.6666666666666666, 0.0, 0.6666666666666666, 0.3333333333333333, 0.3333333333333333, 0.6666666666666666, 0.3333333333333333, 0.6666666666666666, 0.3333333333333333, 0.3333333333333333, 0.6666666666666666, 0.6666666666666666, 0.3333333333333333, 0.3333333333333333, 0.3333333333333333, 0.6666666666666666, 0.3333333333333333, 0.3333333333333333, 0.3333333333333333, 0.3333333333333333, 0.6666666666666666, 0.6666666666666666, 0.6666666666666666, 0.3333333333333333, 0.3333333333333333, 0.3333333333333333, 0.3333333333333333, 0.6666666666666666, 0.3333333333333333]","[0.6, 0.6, 0.2, 0.4, 0.6, 0.4, 0.4, 0.4, 0.6, 0.2, 0.2, 0.6, 0.4, 0.4, 0.4, 0.4, 0.6, 0.6, 0.2, 0.8, 0.4, 0.6, 0.6, 0.4, 0.6, 0.2, 0.4, 0.6, 0.6, 0.4]"
credit,rf,1000,9,23,b1_uniform,0.002727457930986366,0.000668851536692863,0.00011858512743418983,2.908050159534187e-05,0.002508897907670313,0.0029674614454687233,1.688339557524568,0.446475625823452,0.12890923338415272,0.3977931488801054,0.48932971014492765,0.32015810276679846,0.09761058762255591,0.6222222222222222,0.22333056935824203,0.5466666666666666,0.15434449203720302,7.979594371251824e-05,0.0,1000.0,8.992322203331666,0.14695932866248412,1000.0,"[0.0033959313369127174, 0.0028133303725294237, 0.002296315801008612, 0.003400370866516, 0.002432383803401606, 0.002858146438650989, 0.0021112723921359396, 0.0039405365772238405, 0.0031863879668350965, 0.0019382582975131727, 0.002173473603485546, 0.002319656915398701, 0.003614905182220277, 0.002198418617658099, 0.0016681133569132305, 0.0039544109920821085, 0.0019435849791674194, 0.002969957413774676, 0.0020222966826032836, 0.0027827592279167845, 0.003574802445867685, 0.0033596037334754202, 0.002812239422809244, 0.0035420313461530985, 0.0020343110005949026, 0.002153303338290636, 0.0016280467081190245, 0.002897429745312313, 0.0032887950348321963, 0.002512664330188934]","[0.42687747035573126, 0.3804347826086957, 0.3853754940711462, 0.24802371541501977, 0.7855731225296443, 0.3982213438735178, 0.5879446640316206, 0.43577075098814233, 0.44861660079051385, 0.5711462450592886, 0.5543478260869565, 0.3695652173913044, 0.2776679841897233, 0.4950592885375494, 0.4229249011857708, 0.42786561264822137, 0.3685770750988142, 0.5197628458498024, 0.5375494071146245, 0.44169960474308306, 0.05335968379446641, 0.3992094861660079, 0.3982213438735178, 0.4426877470355731, 0.5681818181818182, 0.4841897233201581, 0.6729249011857709, 0.43774703557312256, 0.4031620553359684, 0.45158102766798425]","[0.3122529644268775, 0.2490118577075099, 0.2885375494071147, 0.17786561264822134, 0.6284584980237155, 0.2648221343873518, 0.42292490118577075, 0.3122529644268775, 0.3201581027667984, 0.40711462450592883, 0.36758893280632415, 0.2490118577075099, 0.20948616600790515, 0.3280632411067194, 0.28063241106719367, 0.2727272727272727, 0.28063241106719367, 0.3438735177865613, 0.391304347826087, 0.28063241106719367, 0.05928853754940712, 0.2964426877470356, 0.30434782608695654, 0.3359683794466403, 0.41501976284584985, 0.35177865612648224, 0.4861660079051383, 0.2885375494071147, 0.30434782608695654, 0.3754940711462451]","[0.6666666666666666, 0.6666666666666666, 1.0, 0.6666666666666666, 0.6666666666666666, 0.6666666666666666, 1.0, 0.3333333333333333, 0.3333333333333333, 0.3333333333333333, 0.3333333333333333, 0.6666666666666666, 0.6666666666666666, 0.6666666666666666, 0.3333333333333333, 0.3333333333333333, 1.0, 0.3333333333333333, 1.0, 0.6666666666666666, 0.6666666666666666, 0.3333333333333333, 0.6666666666666666, 0.6666666666666666, 0.6666666666666666, 0.6666666666666666, 0.3333333333333333, 1.0, 0.6666666666666666, 0.6666666666666666]","[0.6, 0.8, 0.8, 0.4, 0.4, 0.4, 0.8, 0.4, 0.2, 0.4, 0.4, 0.6, 0.4, 0.6, 0.4, 0.8, 0.6, 0.6, 0.6, 0.8, 0.4, 0.6, 0.6, 0.4, 0.6, 0.6, 0.6, 0.6, 0.6, 0.4]"
credit,rf,1000,9,23,b2_stratified,0.0016154676462034369,0.0007048529343883397,7.023772374797552e-05,3.064577975601477e-05,0.0013670767915536202,0.0018778587417480226,1.0,0.7744400527009222,0.10119462676028802,0.737779973649539,0.8105788866930174,0.6179183135704877,0.09954058902515997,0.7111111111111111,0.20608041101101568,0.6733333333333335,0.15040685563571304,6.368786520291332e-05,0.0,1000.0,9.213055063333984,0.18615356159924706,1000.0,"[0.0021205144836685223, 0.0022049095204473993, 0.0020474623481845037, 0.0010312851284580483, 0.0015971945754336982, 0.0018293394079205326, 0.0009573905392854221, 0.0010339673807238906, 0.0015540124602613076, 0.002460892330204803, 0.002715552062644396, 0.002277010291205549, 0.0022712789683753724, 0.0006430092961419587, 0.0012412726298147024, 0.0013830997127352045, 0.002654795608806803, 0.001314996245697045, 0.0013152075995439803, 0.0007508096673073775, 0.001606707180892192, 0.0037202409474768237, 0.0016233640133680714, 0.0017198040022093264, 0.00045437875327102907, 0.0014816305351358142, 0.0010696886511834302, 0.0008859842926205064, 0.001480264734695927, 0.0010179660183894784]","[0.5948616600790514, 0.6037549407114625, 0.8369565217391305, 0.8507905138339922, 0.8814229249011858, 0.6442687747035574, 0.9328063241106721, 0.9090909090909092, 0.9120553359683794, 0.7420948616600791, 0.6739130434782609, 0.708498023715415, 0.7164031620553359, 0.8122529644268776, 0.7361660079051384, 0.7430830039525691, 0.7608695652173914, 0.6828063241106719, 0.6808300395256918, 0.8695652173913043, 0.8833992094861661, 0.58300395256917, 0.782608695652174, 0.7223320158102766, 0.8992094861660079, 0.8962450592885376, 0.8033596837944664, 0.8003952569169961, 0.8656126482213439, 0.7045454545454546]","[0.46245059288537554, 0.4861660079051383, 0.691699604743083, 0.6679841897233202, 0.7075098814229249, 0.5098814229249012, 0.7865612648221344, 0.7628458498023716, 0.7549407114624506, 0.5731225296442688, 0.4861660079051383, 0.549407114624506, 0.541501976284585, 0.6837944664031621, 0.5810276679841897, 0.6126482213438735, 0.6126482213438735, 0.4861660079051383, 0.5335968379446641, 0.6837944664031621, 0.7628458498023716, 0.47035573122529645, 0.6126482213438735, 0.541501976284585, 0.7312252964426879, 0.7628458498023716, 0.6442687747035574, 0.5889328063241107, 0.6996047430830039, 0.549407114624506]","[1.0, 0.6666666666666666, 1.0, 0.6666666666666666, 0.6666666666666666, 1.0, 0.6666666666666666, 0.6666666666666666, 1.0, 0.3333333333333333, 0.3333333333333333, 1.0, 0.3333333333333333, 1.0, 0.6666666666666666, 0.6666666666666666, 0.6666666666666666, 0.6666666666666666, 0.6666666666666666, 1.0, 0.6666666666666666, 0.6666666666666666, 0.6666666666666666, 0.6666666666666666, 0.6666666666666666, 0.6666666666666666, 0.6666666666666666, 0.6666666666666666, 0.3333333333333333, 1.0]","[0.6, 0.6, 1.0, 0.6, 0.8, 0.6, 0.8, 0.8, 0.6, 0.8, 0.4, 0.6, 0.6, 0.6, 0.8, 0.6, 0.6, 0.6, 0.8, 0.8, 0.8, 0.4, 0.6, 0.6, 1.0, 0.8, 0.6, 0.6, 0.4, 0.8]"
credit,rf,1000,9,23,b3_is,0.0004977702295283082,0.00021167202616567744,2.1642183892535138e-05,9.20313157242076e-06,0.0004280422625900981,0.000578961568751854,0.3081276376522515,0.8658102766798419,0.051865328901053,0.8473320158102768,0.8828409090909092,0.7164690382081687,0.06220271793940544,0.9222222222222223,0.14098419489388359,0.7733333333333335,0.14360439485692011,1.736807628901587e-05,0.0,1000.0,9.290339399993536,0.20883052195743704,1000.0,"[0.000556785268028231, 0.00028164758571377446, 0.0005278498236563258, 0.0003660763607114085, 0.00037747846728709004, 0.0005470895429191592, 0.0005196411752185435, 0.00042266887739125043, 0.0005855213913252095, 0.0005302542050828681, 0.00040410119217685703, 0.0004279994374766741, 0.0004244194457096104, 0.00015331440743097016, 0.0004265067368862795, 0.0010229237993290847, 0.0002616095490870382, 0.00034766086143592136, 0.0007895940827344929, 0.00029375197068596143, 0.0004629009718720561, 0.0009068172730888228, 0.00023817168703441248, 0.0003624228508460578, 0.0010202309477110082, 0.0005919585836319788, 0.0006277796447563821, 0.00027487198102388685, 0.0005758312633018973, 0.0006052275022959928]","[0.7737154150197629, 0.9071146245059288, 0.8310276679841897, 0.8557312252964427, 0.9298418972332017, 0.8656126482213439, 0.7934782608695652, 0.8221343873517787, 0.9051383399209486, 0.9298418972332017, 0.8626482213438734, 0.8399209486166009, 0.900197628458498, 0.9268774703557312, 0.790513833992095, 0.8023715415019764, 0.9199604743083004, 0.874505928853755, 0.8557312252964427, 0.9100790513833993, 0.8794466403162056, 0.9268774703557312, 0.9130434782608695, 0.9249011857707511, 0.7598814229249011, 0.8616600790513835, 0.892292490118577, 0.8972332015810277, 0.7697628458498025, 0.8527667984189724]","[0.6205533596837944, 0.7549407114624506, 0.6521739130434783, 0.6758893280632412, 0.8102766798418973, 0.6758893280632412, 0.6521739130434783, 0.6600790513833992, 0.7549407114624506, 0.8102766798418973, 0.7312252964426879, 0.6679841897233202, 0.7470355731225297, 0.8023715415019763, 0.6521739130434783, 0.5968379446640317, 0.7786561264822134, 0.7391304347826086, 0.7312252964426879, 0.7549407114624506, 0.7312252964426879, 0.8102766798418973, 0.7549407114624506, 0.8023715415019763, 0.6205533596837944, 0.691699604743083, 0.7470355731225297, 0.7391304347826086, 0.6363636363636365, 0.691699604743083]","[0.6666666666666666, 0.6666666666666666, 1.0, 1.0, 1.0, 1.0, 1.0, 1.0, 1.0, 1.0, 1.0, 1.0, 1.0, 0.6666666666666666, 1.0, 0.6666666666666666, 1.0, 1.0, 1.0, 1.0, 1.0, 1.0, 1.0, 0.6666666666666666, 0.6666666666666666, 1.0, 1.0, 1.0, 1.0, 0.6666666666666666]","[1.0, 0.8, 0.6, 0.6, 0.8, 0.6, 0.8, 0.8, 0.8, 0.8, 1.0, 0.8, 1.0, 1.0, 0.8, 0.6, 0.8, 0.8, 0.8, 0.8, 1.0, 0.8, 0.6, 0.8, 0.4, 0.6, 0.6, 0.8, 0.8, 0.8]"
credit,rf,1000,9,23,b4_antithetic,0.001130738981376153,9.650634972193782e-05,4.916256440765882e-05,4.1959282487799055e-06,0.0010974246689997409,0.0011662292092466935,0.6999452969754854,0.6829380764163372,0.05491009500700599,0.6623814229249011,0.7024448287220026,0.5011857707509881,0.04976052783428098,0.6666666666666667,0.08606629658238704,0.6733333333333336,0.09637888196533977,3.7873999039783198e-06,0.0,1000.0,8.975265016662888,0.1077082896621854,1000.0,"[0.0010952896174768138, 0.0011679343789377976, 0.001033239816750973, 0.0013245042585769296, 0.0011666574376558874, 0.0012734600080984728, 0.0011881855083643899, 0.0011492183463638944, 0.0012290650763230617, 0.0012062750919989594, 0.0011732859070892926, 0.0010206688047362826, 0.0010004767200596425, 0.0010831256775408083, 0.0011006250905414325, 0.001074710400894574, 0.001086412545600462, 0.0009815875401089369, 0.0013092119717601942, 0.00127642690033752, 0.001131712936032036, 0.0011505296662203683, 0.0011845038415113514, 0.0009983756851210716, 0.0011683250988504118, 0.0009626330031599551, 0.0010800881380195236, 0.0011049751776899713, 0.0010028935481272664, 0.0011977712473363088]","[0.7440711462450592, 0.6521739130434783, 0.7411067193675891, 0.7203557312252966, 0.6620553359683795, 0.6047430830039526, 0.6126482213438735, 0.6828063241106719, 0.632411067193676, 0.642292490118577, 0.7154150197628458, 0.757905138339921, 0.7104743083003953, 0.7351778656126482, 0.6551383399209486, 0.6847826086956521, 0.6916996047430831, 0.7677865612648223, 0.5553359683794467, 0.5938735177865613, 0.674901185770751, 0.6689723320158103, 0.7075098814229249, 0.758893280632411, 0.6521739130434783, 0.6185770750988142, 0.7786561264822135, 0.6778656126482214, 0.7233201581027668, 0.6650197628458498]","[0.549407114624506, 0.4782608695652174, 0.557312252964427, 0.5335968379446641, 0.4861660079051383, 0.40711462450592883, 0.43873517786561267, 0.5335968379446641, 0.4545454545454546, 0.4545454545454546, 0.5177865612648221, 0.5652173913043478, 0.5177865612648221, 0.549407114624506, 0.4861660079051383, 0.4861660079051383, 0.4940711462450593, 0.5889328063241107, 0.41501976284584985, 0.42292490118577075, 0.4940711462450593, 0.4861660079051383, 0.5019762845849802, 0.5889328063241107, 0.46245059288537554, 0.4545454545454546, 0.5652173913043478, 0.4861660079051383, 0.5652173913043478, 0.4940711462450593]","[0.6666666666666666, 0.6666666666666666, 0.6666666666666666, 0.6666666666666666, 0.6666666666666666, 0.6666666666666666, 0.6666666666666666, 0.6666666666666666, 0.6666666666666666, 0.6666666666666666, 0.6666666666666666, 0.6666666666666666, 0.6666666666666666, 0.6666666666666666, 0.6666666666666666, 0.6666666666666666, 0.6666666666666666, 0.6666666666666666, 0.6666666666666666, 0.6666666666666666, 0.6666666666666666, 0.6666666666666666, 0.6666666666666666, 0.6666666666666666, 0.6666666666666666, 1.0, 0.3333333333333333, 0.6666666666666666, 0.6666666666666666, 0.6666666666666666]","[0.8, 0.8, 0.6, 0.6, 0.6, 0.8, 0.8, 0.6, 0.6, 0.6, 0.6, 0.8, 0.6, 0.6, 0.8, 0.6, 0.6, 0.6, 0.6, 0.8, 0.6, 0.6, 0.6, 0.8, 0.8, 0.8, 0.6, 0.8, 0.6, 0.6]"
credit,mlp,1000,0,23,abc_shap,0.01966201281094202,0.010813471446371065,0.0008548701222148705,0.00047015093245091587,0.01601384366406635,0.023409310775567436,3.3252282902262396,0.5938405797101449,0.16303199610891309,0.5367654808959157,0.647168972332016,0.4753623188405796,0.1324117882242313,0.6555555555555556,0.23544022333796766,0.7066666666666669,0.1339983416149452,0.0007860692745883771,828.0,172.0,0.21752681999835963,0.01918753122235358,828.0,"[0.01862799329178661, 0.005407618435340717, 0.038519449721152496, 0.00873769861565037, 0.0029262961340910873, 0.022323228636073417, 0.03988340066108004, 0.028398786089621868, 0.031572710935793405, 0.022776205941868227, 0.019241699798111446, 0.03126593050049467, 0.025595446673692984, 0.006841087132998608, 0.030822791475762883, 0.006537652607587146, 0.015489266377299334, 0.008691288717742076, 0.011584670565704292, 0.007532575175453791, 0.0082515746055666, 0.027757903044670906, 0.010869172336345531, 0.03058331846758199, 0.018099641327764777, 0.013902580375203234, 0.009482943470117628, 0.020977260844349924, 0.034742210728263376, 0.032417981641091234]","[0.642292490118577, 0.717391304347826, 0.6630434782608696, 0.7974308300395258, 0.882411067193676, 0.4436758893280633, 0.3438735177865613, 0.5375494071146245, 0.7984189723320158, 0.4950592885375494, 0.4426877470355731, 0.5859683794466404, 0.4881422924901186, 0.9051383399209486, 0.19960474308300394, 0.7944664031620554, 0.5662055335968379, 0.7094861660079053, 0.599802371541502, 0.708498023715415, 0.6037549407114625, 0.42094861660079047, 0.6828063241106719, 0.5177865612648221, 0.4644268774703557, 0.698616600790514, 0.5474308300395258, 0.6294466403162056, 0.3092885375494071, 0.6195652173913044]","[0.525691699604743, 0.6126482213438735, 0.5098814229249012, 0.6284584980237155, 0.7312252964426879, 0.3280632411067194, 0.2885375494071147, 0.46245059288537554, 0.6284584980237155, 0.4545454545454546, 0.3438735177865613, 0.40711462450592883, 0.35177865612648224, 0.7628458498023716, 0.1857707509881423, 0.6600790513833992, 0.40711462450592883, 0.525691699604743, 0.4782608695652174, 0.5810276679841897, 0.5098814229249012, 0.35177865612648224, 0.5335968379446641, 0.391304347826087, 0.3438735177865613, 0.525691699604743, 0.3992094861660079, 0.5335968379446641, 0.3280632411067194, 0.47035573122529645]","[0.6666666666666666, 0.6666666666666666, 0.6666666666666666, 0.6666666666666666, 1.0, 0.6666666666666666, 0.3333333333333333, 1.0, 0.6666666666666666, 0.6666666666666666, 0.6666666666666666, 0.3333333333333333, 0.3333333333333333, 0.6666666666666666, 0.3333333333333333, 1.0, 0.6666666666666666, 1.0, 1.0, 1.0, 0.6666666666666666, 0.3333333333333333, 1.0, 0.3333333333333333, 0.6666666666666666, 0.6666666666666666, 0.6666666666666666, 0.6666666666666666, 0.3333333333333333, 0.3333333333333333]","[0.6, 0.8, 0.6, 0.8, 0.8, 0.8, 0.8, 0.6, 0.8, 0.6, 0.6, 0.4, 0.6, 0.6, 0.4, 1.0, 0.8, 0.8, 0.8, 0.8, 0.8, 0.6, 0.8, 0.8, 0.8, 0.8, 0.8, 0.6, 0.6, 0.6]"
credit,mlp,1000,0,23,b1_uniform,0.0077806674383747365,0.0014571599114073226,0.00033828988862498856,6.335477875684012e-05,0.0072411644838236274,0.008281376182589157,1.3158619990587948,0.8456521739130436,0.03783471113738617,0.832509881422925,0.8594227602108038,0.6790513833992095,0.04598589588062921,0.8888888888888891,0.15713484026367724,0.8866666666666668,0.09910712498212335,4.9376694557077254e-05,0.0,1000.0,0.19443745999791037,0.036412758461694054,1000.0,"[0.006768010384152737, 0.009513669498422602, 0.004851152051035923, 0.0059669963997465636, 0.007908518111006603, 0.006678374908460369, 0.010058921276470477, 0.009074537356355635, 0.007555072443552105, 0.007321757445153751, 0.008767567927557042, 0.008347745668755237, 0.006290608402083097, 0.00980100546056936, 0.0076595242836230105, 0.006853744842361154, 0.006554057683025557, 0.005910124633893493, 0.006291853621228788, 0.007174487104903097, 0.007376437246643959, 0.008386296820390854, 0.006556266498898206, 0.00853118536237614, 0.010346510010678166, 0.007219800828228801, 0.007042399888233318, 0.00804327613930033, 0.009679213710130152, 0.010890907144005587]","[0.8132411067193677, 0.75, 0.7964426877470356, 0.8656126482213439, 0.8675889328063242, 0.816205533596838, 0.8320158102766799, 0.8715415019762847, 0.8814229249011858, 0.8013833992094862, 0.8053359683794467, 0.8567193675889329, 0.8695652173913043, 0.8586956521739131, 0.8992094861660079, 0.7885375494071146, 0.8409090909090908, 0.8399209486166009, 0.8488142292490118, 0.9209486166007905, 0.8112648221343874, 0.892292490118577, 0.9179841897233202, 0.8458498023715416, 0.8211462450592886, 0.83399209486166, 0.8557312252964427, 0.8399209486166009, 0.8606719367588934, 0.8666007905138341]","[0.6837944664031621, 0.5810276679841897, 0.6363636363636365, 0.6996047430830039, 0.6996047430830039, 0.6442687747035574, 0.6205533596837944, 0.691699604743083, 0.7312252964426879, 0.6126482213438735, 0.6047430830039525, 0.6837944664031621, 0.7075098814229249, 0.6758893280632412, 0.7470355731225297, 0.6442687747035574, 0.6996047430830039, 0.691699604743083, 0.6758893280632412, 0.7786561264822134, 0.6284584980237155, 0.7391304347826086, 0.7707509881422926, 0.6837944664031621, 0.6442687747035574, 0.6600790513833992, 0.691699604743083, 0.6758893280632412, 0.6758893280632412, 0.691699604743083]","[1.0, 1.0, 1.0, 1.0, 0.6666666666666666, 1.0, 0.6666666666666666, 0.6666666666666666, 1.0, 0.6666666666666666, 1.0, 1.0, 1.0, 1.0, 1.0, 1.0, 1.0, 1.0, 1.0, 0.6666666666666666, 1.0, 1.0, 1.0, 0.6666666666666666, 0.6666666666666666, 1.0, 1.0, 0.6666666666666666, 0.6666666666666666, 0.6666666666666666]","[1.0, 0.8, 0.8, 0.8, 1.0, 0.8, 0.8, 0.8, 1.0, 1.0, 0.8, 0.8, 0.8, 0.8, 1.0, 1.0, 1.0, 1.0, 1.0, 1.0, 1.0, 1.0, 0.8, 0.8, 0.8, 0.8, 0.8, 1.0, 0.8, 0.8]"
credit,mlp,1000,0,23,b2_stratified,0.005912981333863327,0.005272864546729906,0.00025708614495057944,0.0002292549802926046,0.004259382318577482,0.007831266215768757,1.0,0.8632081686429515,0.09277727686965334,0.8310886034255602,0.8917490118577076,0.7359683794466404,0.10231175224336116,0.8333333333333334,0.20637972912229677,0.9333333333333333,0.09428090415820631,0.00016342282728474302,0.0,1000.0,0.1908698266663123,0.019533763996513936,1000.0,"[0.0025762120357363597, 0.014969196813317915, 0.0014292741789713563, 0.001952906829259312, 0.0038152464619812484, 0.003630402415070037, 0.0058003806837240626, 0.0018570656289652859, 0.019145668318106327, 0.0006131022324538004, 0.001904347609347476, 0.006433363922482568, 0.00214750578890846, 0.002704190541889775, 0.020423085164823534, 0.002520366187353926, 0.007597491486383635, 0.0015850437279497857, 0.0044411799610542336, 0.00582248304218442, 0.003635180500678038, 0.009931770321669978, 0.016618006800932852, 0.007865142772326564, 0.004649248975499375, 0.005067749171282968, 0.009201190431579985, 0.005750712230872068, 0.0018142637875600877, 0.00148766199353439]","[0.8666007905138341, 0.7677865612648223, 0.9634387351778656, 0.9545454545454547, 0.91600790513834, 0.8646245059288538, 0.8379446640316206, 0.933794466403162, 0.5899209486166007, 0.9604743083003953, 0.9031620553359685, 0.9377470355731227, 0.9031620553359685, 0.9249011857707511, 0.6096837944664032, 0.9496047430830039, 0.8310276679841897, 0.933794466403162, 0.8260869565217392, 0.9347826086956521, 0.766798418972332, 0.8438735177865613, 0.7638339920948617, 0.808300395256917, 0.8003952569169961, 0.9150197628458498, 0.8666007905138341, 0.884387351778656, 0.8666007905138341, 0.9713438735177865]","[0.7707509881422926, 0.6363636363636365, 0.841897233201581, 0.83399209486166, 0.8181818181818182, 0.7628458498023716, 0.7312252964426879, 0.8102766798418973, 0.42292490118577075, 0.8498023715415021, 0.7865612648221344, 0.7865612648221344, 0.7707509881422926, 0.8260869565217391, 0.4782608695652174, 0.8181818181818182, 0.6521739130434783, 0.7944664031620553, 0.7233201581027668, 0.7865612648221344, 0.6047430830039525, 0.7075098814229249, 0.6205533596837944, 0.6837944664031621, 0.7233201581027668, 0.7865612648221344, 0.7075098814229249, 0.7154150197628459, 0.7549407114624506, 0.8735177865612648]","[1.0, 0.6666666666666666, 1.0, 1.0, 1.0, 0.6666666666666666, 1.0, 1.0, 0.3333333333333333, 1.0, 1.0, 0.6666666666666666, 1.0, 0.6666666666666666, 0.3333333333333333, 1.0, 1.0, 0.6666666666666666, 0.6666666666666666, 0.6666666666666666, 1.0, 0.6666666666666666, 0.6666666666666666, 1.0, 1.0, 1.0, 0.6666666666666666, 0.6666666666666666, 1.0, 1.0]","[1.0, 0.8, 0.8, 1.0, 1.0, 0.8, 0.8, 1.0, 0.8, 1.0, 0.8, 1.0, 1.0, 1.0, 0.8, 1.0, 1.0, 0.8, 1.0, 1.0, 1.0, 1.0, 0.8, 1.0, 0.8, 1.0, 1.0, 1.0, 1.0, 1.0]"
credit,mlp,1000,0,23,b3_is,0.002275879628643972,0.0019935342557884446,9.895128820191183e-05,8.667540242558455e-05,0.001607113087431439,0.003083623495607465,0.38489545292661953,0.9490447957839262,0.02980706652214501,0.9370874505928853,0.9584321475625823,0.8508563899868249,0.04733117917115722,0.9555555555555555,0.11331154474650634,0.9733333333333333,0.06798692684790378,5.449066207376579e-05,0.0,1000.0,0.21135819333139808,0.01626010806175397,1000.0,"[0.00042780506477835056, 0.0019332346612777837, 0.0014589466756822918, 0.0006443646397524029, 0.0003772394188011477, 0.0014749084369203248, 0.0013611440833830111, 0.000978440975743297, 0.0010855952568317483, 0.0023530154622000894, 0.00028942373482840746, 0.0008517301598307501, 0.0007287956414968341, 0.005579701447416083, 0.0065414600028140275, 0.0003827029580203481, 0.0011106504938509733, 0.003160374499655028, 0.005853369339563441, 0.00553153943195225, 0.0032487922524824073, 0.003212424385221734, 0.0012654210415127785, 0.0013200238604570277, 0.004531246983111511, 0.005281550260438974, 0.0007269315518560378, 0.0005836031723496932, 0.005580304058386122, 0.0004016489087042924]","[0.9614624505928853, 0.9693675889328063, 0.9525691699604744, 0.9673913043478262, 0.9772727272727272, 0.9624505928853755, 0.9762845849802372, 0.9278656126482213, 0.9268774703557312, 0.9486166007905139, 0.9693675889328063, 0.9318181818181819, 0.9169960474308301, 0.9061264822134387, 0.9308300395256918, 0.9762845849802372, 0.950592885375494, 0.9604743083003953, 0.9130434782608695, 0.9476284584980237, 0.8586956521739131, 0.9446640316205533, 0.9535573122529646, 0.9733201581027668, 0.9822134387351777, 0.884387351778656, 0.9782608695652174, 0.9841897233201581, 0.9673913043478262, 0.9713438735177865]","[0.8498023715415021, 0.8656126482213439, 0.8498023715415021, 0.8814229249011858, 0.9051383399209486, 0.857707509881423, 0.8893280632411068, 0.841897233201581, 0.857707509881423, 0.8656126482213439, 0.8972332015810277, 0.8181818181818182, 0.8260869565217391, 0.7865612648221344, 0.8260869565217391, 0.9051383399209486, 0.857707509881423, 0.8498023715415021, 0.7628458498023716, 0.8260869565217391, 0.7312252964426879, 0.8181818181818182, 0.857707509881423, 0.8735177865612648, 0.8972332015810277, 0.7391304347826086, 0.9051383399209486, 0.9288537549407115, 0.8656126482213439, 0.8893280632411068]","[1.0, 1.0, 1.0, 1.0, 1.0, 1.0, 1.0, 1.0, 1.0, 1.0, 1.0, 1.0, 1.0, 0.6666666666666666, 0.6666666666666666, 1.0, 1.0, 1.0, 0.6666666666666666, 0.6666666666666666, 1.0, 1.0, 1.0, 1.0, 1.0, 1.0, 1.0, 1.0, 1.0, 1.0]","[1.0, 1.0, 1.0, 1.0, 1.0, 0.8, 1.0, 1.0, 0.8, 1.0, 1.0, 0.8, 1.0, 1.0, 1.0, 1.0, 1.0, 1.0, 1.0, 1.0, 1.0, 1.0, 1.0, 1.0, 1.0, 0.8, 1.0, 1.0, 1.0, 1.0]"
credit,mlp,1000,0,23,b4_antithetic,0.0067050548419697415,0.0009605996940400618,0.0002915241235639018,4.176520408869834e-05,0.006402715310163215,0.007103736792564239,1.1339550158175289,0.8804018445322793,0.017805734310708397,0.8740110342555996,0.8865612648221344,0.721475625823452,0.02446622933637113,0.9777777777777777,0.08314794192830981,0.9800000000000001,0.05999999999999999,1.156979363002581e-05,0.0,1000.0,0.18170026333342928,0.008194861158467952,1000.0,"[0.005771742417972676, 0.006780421567019252, 0.006405575887877767, 0.006754384964596302, 0.007267154333427569, 0.006045356659087814, 0.005668451880340232, 0.006389812667958341, 0.006864676732134403, 0.006593242464094108, 0.00550528228103398, 0.007460186763695115, 0.0067145109274075465, 0.00537959929326803, 0.0075433634473927366, 0.006551922354717709, 0.007191802932435955, 0.006522922549868482, 0.006796640532765155, 0.006054671519020487, 0.005454542663785908, 0.00710508744270524, 0.007615984158984601, 0.005672162812058393, 0.0061572175861486726, 0.006976271392390806, 0.010542578021141415, 0.007372428084518764, 0.00666520519348198, 0.00732844572776279]","[0.9189723320158102, 0.8853754940711462, 0.8893280632411068, 0.8626482213438734, 0.8438735177865613, 0.8903162055335968, 0.9071146245059288, 0.8952569169960475, 0.8715415019762847, 0.8833992094861661, 0.8952569169960475, 0.892292490118577, 0.8893280632411068, 0.8903162055335968, 0.8833992094861661, 0.8942687747035574, 0.8774703557312253, 0.8695652173913043, 0.882411067193676, 0.8903162055335968, 0.8725296442687748, 0.8913043478260869, 0.8774703557312253, 0.8754940711462451, 0.8715415019762847, 0.8596837944664032, 0.849802371541502, 0.8764822134387351, 0.8932806324110673, 0.8320158102766799]","[0.7786561264822134, 0.7312252964426879, 0.7312252964426879, 0.6996047430830039, 0.6758893280632412, 0.7391304347826086, 0.7628458498023716, 0.7470355731225297, 0.7075098814229249, 0.7075098814229249, 0.7470355731225297, 0.7233201581027668, 0.7312252964426879, 0.7233201581027668, 0.7312252964426879, 0.7470355731225297, 0.7075098814229249, 0.7075098814229249, 0.7233201581027668, 0.7470355731225297, 0.7154150197628459, 0.7312252964426879, 0.6996047430830039, 0.7075098814229249, 0.6996047430830039, 0.6996047430830039, 0.6758893280632412, 0.7312252964426879, 0.7391304347826086, 0.6758893280632412]","[1.0, 1.0, 1.0, 1.0, 1.0, 1.0, 1.0, 1.0, 1.0, 1.0, 1.0, 0.6666666666666666, 1.0, 1.0, 1.0, 1.0, 1.0, 1.0, 1.0, 1.0, 1.0, 1.0, 1.0, 1.0, 1.0, 1.0, 0.6666666666666666, 1.0, 1.0, 1.0]","[1.0, 1.0, 1.0, 1.0, 0.8, 0.8, 1.0, 1.0, 1.0, 1.0, 1.0, 1.0, 1.0, 1.0, 1.0, 1.0, 1.0, 1.0, 1.0, 1.0, 1.0, 1.0, 1.0, 1.0, 1.0, 1.0, 1.0, 1.0, 1.0, 0.8]"
credit,mlp,1000,1,23,abc_shap,0.01589002417546605,0.01005256945506427,0.0006908706163246109,0.0004370682371767074,0.012704205377517241,0.019993278952038708,6.1251753365172865,0.3407444005270092,0.15751870116906258,0.2824044795783926,0.39765316205533596,0.2458498023715415,0.12027939235878005,0.5111111111111111,0.1872477727372524,0.52,0.16812693617224655,0.000642010919141079,828.0,172.0,0.21483646999889364,0.0024082471582556305,828.0,"[0.005407645495436862, 0.025475172418389563, 0.020571665756419524, 0.00604982518244092, 0.009363588812941335, 0.016245166806566735, 0.011716750978641707, 0.005350407198077269, 0.01373842677187137, 0.017753756560978547, 0.016728214759306092, 0.011699465407274076, 0.011385510128313214, 0.01892676591505866, 0.016997908632549966, 0.026969889495590826, 0.012877449686365106, 0.005265277675964192, 0.014055836703861789, 0.007424313661588326, 0.010588989497302068, 0.02021929511941734, 0.056784120652786034, 0.012305710778864165, 0.0058562520446931035, 0.02573124607961884, 0.012589060316761266, 0.016927217994936076, 0.030131257600000044, 0.01156453713196654]","[0.4594861660079051, 0.366600790513834, 0.5059288537549407, 0.1590909090909091, 0.3132411067193676, 0.41699604743083, 0.2618577075098814, 0.5652173913043479, 0.26383399209486164, 0.567193675889328, 0.2816205533596838, 0.3745059288537549, 0.2855731225296443, 0.5701581027667983, 0.4841897233201581, 0.25790513833992096, 0.3982213438735178, 0.5088932806324111, -0.021739130434782608, 0.17687747035573123, 0.5909090909090909, 0.2628458498023716, 0.1847826086956522, 0.3270750988142293, 0.4505928853754941, 0.45652173913043476, 0.13636363636363635, 0.3992094861660079, 0.09683794466403163, 0.12154150197628459]","[0.3201581027667984, 0.2648221343873518, 0.383399209486166, 0.1067193675889328, 0.2173913043478261, 0.25691699604743085, 0.17786561264822134, 0.3992094861660079, 0.16996047430830039, 0.40711462450592883, 0.2015810276679842, 0.30434782608695654, 0.2173913043478261, 0.40711462450592883, 0.35968379446640314, 0.17786561264822134, 0.28063241106719367, 0.36758893280632415, -0.03557312252964427, 0.1383399209486166, 0.4545454545454546, 0.2015810276679842, 0.14624505928853754, 0.23320158102766797, 0.3359683794466403, 0.36758893280632415, 0.09881422924901187, 0.2964426877470356, 0.05138339920948617, 0.06719367588932808]","[0.6666666666666666, 0.6666666666666666, 0.3333333333333333, 0.6666666666666666, 0.6666666666666666, 0.3333333333333333, 0.3333333333333333, 0.6666666666666666, 0.6666666666666666, 0.6666666666666666, 0.3333333333333333, 0.3333333333333333, 0.3333333333333333, 0.3333333333333333, 0.6666666666666666, 0.3333333333333333, 0.3333333333333333, 0.6666666666666666, 0.6666666666666666, 0.6666666666666666, 1.0, 0.3333333333333333, 0.3333333333333333, 0.3333333333333333, 0.3333333333333333, 0.6666666666666666, 0.3333333333333333, 0.6666666666666666, 0.3333333333333333, 0.6666666666666666]","[0.6, 0.8, 0.6, 0.4, 0.4, 0.6, 0.4, 0.6, 0.6, 0.8, 0.6, 0.6, 0.4, 0.8, 0.6, 0.4, 0.6, 0.4, 0.6, 0.4, 0.6, 0.6, 0.8, 0.2, 0.4, 0.4, 0.2, 0.6, 0.2, 0.4]"
credit,mlp,1000,1,23,b1_uniform,0.00305958621035403,0.0008522619355977993,0.00013302548740669697,3.705486676512171e-05,0.002758850104080196,0.0033575200347708838,1.1793878844151753,0.4658761528326746,0.1418096618491049,0.4167893610013176,0.517590579710145,0.34361001317523054,0.10861025910672911,0.7333333333333335,0.13333333333333336,0.6800000000000002,0.1423610433604175,5.8076384816441046e-05,0.0,1000.0,0.18529857999722785,0.002471891356874072,1000.0,"[0.0037670910772003075, 0.0032243124815592157, 0.0038995811917903935, 0.002427343486584428, 0.0027344594634812537, 0.0021438764445326935, 0.0032088706972275252, 0.002609619555649201, 0.002701303399946013, 0.00443808631085405, 0.0031544041110541598, 0.0023028187698986347, 0.005302362747146243, 0.0037669020236106377, 0.002632602440767915, 0.002698477176795616, 0.0033404381476473412, 0.0046679387803995115, 0.0021838836185961263, 0.0023661538447697084, 0.004074592986290207, 0.0024962780264260595, 0.0035323533188912786, 0.001998032807928305, 0.003774026932237872, 0.00185508697954518, 0.0018909707449368581, 0.0025839966536245085, 0.0025787030638560094, 0.0034330190273736544]","[0.3112648221343874, 0.2845849802371542, 0.44169960474308306, 0.7391304347826088, 0.4031620553359684, 0.4031620553359684, 0.41996047430830047, 0.6047430830039526, 0.4258893280632411, 0.24604743083003952, 0.48517786561264825, 0.7193675889328064, 0.3992094861660079, 0.32411067193675897, 0.7203557312252966, 0.5543478260869565, 0.4041501976284585, 0.4140316205533597, 0.6403162055335968, 0.6373517786561265, 0.4150197628458498, 0.3764822134387352, 0.19861660079051385, 0.42094861660079047, 0.3992094861660079, 0.3942687747035573, 0.6304347826086957, 0.4505928853754941, 0.6719367588932806, 0.4407114624505929]","[0.25691699604743085, 0.19367588932806323, 0.3438735177865613, 0.541501976284585, 0.2727272727272727, 0.25691699604743085, 0.3122529644268775, 0.4545454545454546, 0.2964426877470356, 0.19367588932806323, 0.383399209486166, 0.5098814229249012, 0.2727272727272727, 0.2727272727272727, 0.549407114624506, 0.42292490118577075, 0.30434782608695654, 0.3122529644268775, 0.47035573122529645, 0.4861660079051383, 0.3359683794466403, 0.2648221343873518, 0.1225296442687747, 0.2964426877470356, 0.2648221343873518, 0.2727272727272727, 0.47035573122529645, 0.3359683794466403, 0.4940711462450593, 0.3438735177865613]","[0.6666666666666666, 0.6666666666666666, 0.6666666666666666, 0.6666666666666666, 0.6666666666666666, 0.6666666666666666, 0.6666666666666666, 1.0, 0.6666666666666666, 0.6666666666666666, 0.6666666666666666, 0.6666666666666666, 1.0, 0.6666666666666666, 0.6666666666666666, 0.6666666666666666, 0.6666666666666666, 0.6666666666666666, 0.6666666666666666, 0.6666666666666666, 0.6666666666666666, 1.0, 0.6666666666666666, 0.6666666666666666, 0.6666666666666666, 1.0, 1.0, 1.0, 0.6666666666666666, 0.6666666666666666]","[0.6, 0.6, 0.8, 0.4, 0.8, 0.8, 0.6, 0.8, 0.6, 0.4, 0.4, 0.8, 0.6, 0.6, 0.6, 0.8, 0.8, 0.6, 0.8, 0.8, 0.6, 0.8, 0.8, 0.8, 0.4, 0.8, 0.6, 0.8, 0.8, 0.8]"
credit,mlp,1000,1,23,b2_stratified,0.0025942153983302884,0.001094303975518499,0.00011279197384044733,4.7578433718195606e-05,0.002191536265342574,0.003001360155871377,1.0,0.6793148880105401,0.12188131565214606,0.6383679183135705,0.7222735507246377,0.5343873517786562,0.1088758836343064,0.7222222222222222,0.24469683939494716,0.7666666666666668,0.13743685418725535,9.738484693718368e-05,0.0,1000.0,0.18801746999961325,0.002338132591831487,1000.0,"[0.0012023237344613723, 0.0011159495607573372, 0.0021391086081769973, 0.001184762013798457, 0.002220991642426512, 0.0035955540257818198, 0.0015471060173439662, 0.0029190933012147916, 0.0036857251126623846, 0.0030932287268370623, 0.002707540428573461, 0.0035927064312826886, 0.0017312072024599212, 0.001651693125629459, 0.0018470387637322305, 0.0006902799886058622, 0.00221585977087476, 0.0018380259846122358, 0.0012081472215013996, 0.0028161383503079534, 0.003886145066275007, 0.004258805699984571, 0.0022416268859029274, 0.0028470186269586185, 0.005465987339115928, 0.002646979488263543, 0.0036064211576205206, 0.004079289021913554, 0.0027892269087511057, 0.0030024817440822043]","[0.7776679841897233, 0.849802371541502, 0.8982213438735178, 0.7401185770750989, 0.5800395256916997, 0.6067193675889329, 0.8092885375494071, 0.7025691699604744, 0.5039525691699606, 0.5592885375494071, 0.5563241106719368, 0.5523715415019763, 0.7282608695652173, 0.790513833992095, 0.6857707509881423, 0.8913043478260869, 0.6926877470355731, 0.8418972332015809, 0.7924901185770751, 0.5108695652173914, 0.592885375494071, 0.4990118577075099, 0.6541501976284586, 0.6758893280632412, 0.516798418972332, 0.8122529644268776, 0.7816205533596838, 0.5948616600790514, 0.5701581027667983, 0.6116600790513834]","[0.6205533596837944, 0.6600790513833992, 0.7549407114624506, 0.6126482213438735, 0.40711462450592883, 0.4545454545454546, 0.6363636363636365, 0.541501976284585, 0.35177865612648224, 0.4308300395256917, 0.4308300395256917, 0.46245059288537554, 0.5968379446640317, 0.6205533596837944, 0.549407114624506, 0.7312252964426879, 0.5731225296442688, 0.6758893280632412, 0.6363636363636365, 0.4545454545454546, 0.40711462450592883, 0.383399209486166, 0.5098814229249012, 0.47035573122529645, 0.41501976284584985, 0.6284584980237155, 0.6284584980237155, 0.42292490118577075, 0.44664031620553357, 0.5177865612648221]","[1.0, 0.6666666666666666, 0.6666666666666666, 1.0, 0.6666666666666666, 0.3333333333333333, 1.0, 0.6666666666666666, 0.3333333333333333, 1.0, 1.0, 0.3333333333333333, 0.6666666666666666, 0.6666666666666666, 0.6666666666666666, 1.0, 0.6666666666666666, 1.0, 1.0, 0.6666666666666666, 0.3333333333333333, 0.6666666666666666, 1.0, 0.3333333333333333, 0.3333333333333333, 0.6666666666666666, 0.6666666666666666, 0.6666666666666666, 1.0, 1.0]","[0.8, 0.8, 1.0, 0.8, 0.6, 0.8, 1.0, 0.8, 0.4, 0.6, 0.8, 0.8, 0.8, 0.8, 0.8, 0.8, 0.8, 0.8, 0.8, 0.8, 0.6, 0.6, 0.8, 0.8, 0.8, 1.0, 0.6, 1.0, 0.6, 0.6]"
credit,mlp,1000,1,23,b3_is,0.0012398684277742796,0.0006222226268206956,5.390732294670781e-05,2.705315768785633e-05,0.001023321433001183,0.001466646810713206,0.47793580616794373,0.8254940711462451,0.07142685475946553,0.8008440382081687,0.8525107048748352,0.690909090909091,0.07343273587735262,0.9,0.1527525231651947,0.8866666666666666,0.09910712498212333,3.1422592674124084e-05,0.0,1000.0,0.20940427000071699,0.002246685321577676,1000.0,"[0.0019539299209783046, 0.0005969936480458218, 0.0012702353131551912, 0.0015108989355522907, 0.0015764493458486652, 0.001378191431582012, 0.0025280068456822505, 0.001304240830103547, 0.0007470945735080454, 0.0024060237783295594, 0.0015403462283402412, 0.00036501078857260476, 0.0015686596420848554, 0.0015959502704241575, 0.00216261294076898, 0.00029934301064682726, 0.0020437602068267037, 0.0009468044592313141, 0.0014071652843917885, 0.0005787180945592313, 0.0009041821200839562, 0.0007245157569482075, 0.0017407790303247122, 0.0013493874483664343, 0.0005297261676463556, 0.0005839854562669823, 0.00029917083273463296, 0.001402272199974752, 0.0014550904606629531, 0.0004265078115870089]","[0.8043478260869565, 0.900197628458498, 0.8537549407114625, 0.7292490118577075, 0.7707509881422924, 0.8448616600790515, 0.733201581027668, 0.766798418972332, 0.824110671936759, 0.7766798418972332, 0.7964426877470356, 0.8033596837944664, 0.8547430830039526, 0.6946640316205535, 0.6610671936758893, 0.9377470355731227, 0.8833992094861661, 0.8300395256916996, 0.7796442687747036, 0.874505928853755, 0.8221343873517787, 0.8231225296442688, 0.7964426877470356, 0.782608695652174, 0.9545454545454547, 0.9407114624505929, 0.9426877470355731, 0.824110671936759, 0.8903162055335968, 0.8685770750988143]","[0.6837944664031621, 0.7628458498023716, 0.7391304347826086, 0.5810276679841897, 0.6284584980237155, 0.6758893280632412, 0.6047430830039525, 0.6363636363636365, 0.691699604743083, 0.6600790513833992, 0.691699604743083, 0.6758893280632412, 0.691699604743083, 0.5889328063241107, 0.557312252964427, 0.8181818181818182, 0.7549407114624506, 0.6679841897233202, 0.6126482213438735, 0.7391304347826086, 0.6758893280632412, 0.6363636363636365, 0.6837944664031621, 0.6363636363636365, 0.83399209486166, 0.8260869565217391, 0.8260869565217391, 0.6758893280632412, 0.7628458498023716, 0.7075098814229249]","[0.6666666666666666, 1.0, 1.0, 1.0, 1.0, 0.6666666666666666, 0.6666666666666666, 1.0, 1.0, 0.6666666666666666, 1.0, 1.0, 0.6666666666666666, 0.6666666666666666, 1.0, 1.0, 0.6666666666666666, 0.6666666666666666, 1.0, 1.0, 1.0, 0.6666666666666666, 1.0, 1.0, 1.0, 1.0, 1.0, 1.0, 1.0, 1.0]","[0.8, 0.8, 0.8, 0.8, 1.0, 1.0, 0.8, 0.8, 1.0, 0.8, 0.8, 0.8, 1.0, 0.8, 0.8, 1.0, 0.8, 1.0, 0.8, 1.0, 0.8, 1.0, 0.8, 0.8, 1.0, 1.0, 1.0, 0.8, 1.0, 1.0]"
credit,mlp,1000,1,23,b4_antithetic,0.0018342012364932182,0.00020882607547484665,7.974787984753122e-05,9.079394585862898e-06,0.001762647081660857,0.0019080219448710145,0.7070350587209384,0.6075428194993414,0.0661598387788781,0.5847455533596837,0.6292160737812912,0.44584980237154154,0.05777965782468454,0.7444444444444446,0.14098419489388359,0.7933333333333336,0.03590109871423004,7.29342369441363e-06,0.0,1000.0,0.1812030066648731,0.0023347580023293686,1000.0,"[0.001945315968074909, 0.0018474868278992467, 0.0019631879356189394, 0.0019511146116536076, 0.0014531447450543528, 0.0017689584841903327, 0.0019218026646888268, 0.0020205955900532277, 0.0017843882591962704, 0.0017659996238913356, 0.002207567257143368, 0.0019422444784759057, 0.001361881628827904, 0.0017902420681535165, 0.00157265096352053, 0.002211918222551834, 0.0021026503158490593, 0.0021762791487907923, 0.0018620351835938393, 0.0018447067650350908, 0.0018220165532629245, 0.0017298281038419972, 0.0020057512427788886, 0.0015966632841312844, 0.001588587472432698, 0.0016947958544221312, 0.0015555262355858301, 0.0017046360575946988, 0.0018698803829161638, 0.00196418116556704]","[0.5909090909090909, 0.607707509881423, 0.6294466403162056, 0.6007905138339922, 0.6353754940711461, 0.5810276679841897, 0.5899209486166007, 0.4298418972332016, 0.5909090909090909, 0.6590909090909092, 0.5760869565217391, 0.6472332015810277, 0.6343873517786561, 0.6907114624505929, 0.5909090909090909, 0.6916996047430831, 0.6116600790513834, 0.6808300395256918, 0.6788537549407114, 0.43873517786561267, 0.6511857707509883, 0.674901185770751, 0.4891304347826087, 0.5444664031620554, 0.7094861660079053, 0.5731225296442688, 0.6166007905138341, 0.6304347826086957, 0.6057312252964426, 0.575098814229249]","[0.46245059288537554, 0.44664031620553357, 0.47035573122529645, 0.4545454545454546, 0.43873517786561267, 0.41501976284584985, 0.3992094861660079, 0.28063241106719367, 0.4308300395256917, 0.5098814229249012, 0.41501976284584985, 0.4545454545454546, 0.4545454545454546, 0.541501976284585, 0.41501976284584985, 0.5177865612648221, 0.4308300395256917, 0.5098814229249012, 0.5177865612648221, 0.3201581027667984, 0.4861660079051383, 0.5098814229249012, 0.3754940711462451, 0.3754940711462451, 0.5177865612648221, 0.41501976284584985, 0.46245059288537554, 0.47035573122529645, 0.43873517786561267, 0.43873517786561267]","[0.6666666666666666, 0.6666666666666666, 0.6666666666666666, 0.6666666666666666, 1.0, 0.6666666666666666, 0.6666666666666666, 0.6666666666666666, 0.6666666666666666, 1.0, 0.6666666666666666, 0.6666666666666666, 1.0, 0.6666666666666666, 1.0, 0.6666666666666666, 0.6666666666666666, 0.6666666666666666, 0.6666666666666666, 0.6666666666666666, 0.6666666666666666, 0.6666666666666666, 0.6666666666666666, 1.0, 0.6666666666666666, 0.6666666666666666, 1.0, 1.0, 0.6666666666666666, 0.6666666666666666]","[0.8, 0.8, 0.8, 0.6, 0.8, 0.8, 0.8, 0.8, 0.8, 0.8, 0.8, 0.8, 0.8, 0.8, 0.8, 0.8, 0.8, 0.8, 0.8, 0.8, 0.8, 0.8, 0.8, 0.8, 0.8, 0.8, 0.8, 0.8, 0.8, 0.8]"
credit,mlp,1000,2,23,abc_shap,0.004069436655376854,0.0018242796745980196,0.00017693202849464583,7.931650759121824e-05,0.003498039490134083,0.004795256958317854,4.38402169137585,0.5107048748353097,0.176631290863406,0.4473188405797102,0.5754899538866929,0.3786561264822134,0.14590067345529584,0.4666666666666667,0.1632993161855452,0.5466666666666666,0.17838784213679537,0.00016916790345145564,828.0,172.0,0.21987901333389648,0.008920873493011577,828.0,"[0.004446523922641888, 0.0031661916910914593, 0.0036869991351650587, 0.004043536927498328, 0.0030270821609098405, 0.005299833934237829, 0.005007993232030308, 0.00842784297021197, 0.0026368500206009502, 0.004945752564264341, 0.0031888244425050164, 0.007059470175162243, 0.0029533741138977904, 0.0029941576886795655, 0.010521925138981446, 0.004105730837139473, 0.0045368229069071425, 0.0028462695953172423, 0.004447511465784465, 0.0026476093807076637, 0.002611577427381848, 0.005377191502548856, 0.0038857583908372905, 0.0024839541157545926, 0.0027955036986860938, 0.0022785217477863115, 0.0031360071442812568, 0.003037262990784399, 0.004046855947923701, 0.0024401643915872516]","[0.5, 0.7154150197628458, 0.6403162055335968, 0.34189723320158105, 0.3764822134387352, 0.3636363636363636, 0.6699604743083005, 0.6027667984189723, 0.6857707509881423, 0.6630434782608696, 0.4407114624505929, 0.4930830039525692, 0.391304347826087, 0.7440711462450592, 0.3656126482213439, 0.3023715415019763, 0.2223320158102767, 0.4535573122529644, 0.7974308300395258, 0.5118577075098815, 0.8003952569169961, 0.3942687747035573, 0.9031620553359685, 0.291501976284585, 0.3132411067193676, 0.6729249011857709, 0.3735177865612649, 0.4337944664031621, 0.35375494071146246, 0.5029644268774703]","[0.35968379446640314, 0.5335968379446641, 0.5177865612648221, 0.28063241106719367, 0.2727272727272727, 0.30434782608695654, 0.4940711462450593, 0.41501976284584985, 0.5177865612648221, 0.4940711462450593, 0.3359683794466403, 0.41501976284584985, 0.25691699604743085, 0.525691699604743, 0.2648221343873518, 0.1857707509881423, 0.15415019762845852, 0.3280632411067194, 0.5968379446640317, 0.3754940711462451, 0.6284584980237155, 0.2648221343873518, 0.7391304347826086, 0.1857707509881423, 0.19367588932806323, 0.5098814229249012, 0.2490118577075099, 0.3438735177865613, 0.24110671936758896, 0.3754940711462451]","[0.6666666666666666, 0.6666666666666666, 0.6666666666666666, 0.3333333333333333, 0.3333333333333333, 0.3333333333333333, 0.6666666666666666, 0.3333333333333333, 0.6666666666666666, 0.6666666666666666, 0.3333333333333333, 0.3333333333333333, 0.3333333333333333, 0.3333333333333333, 0.3333333333333333, 0.3333333333333333, 0.3333333333333333, 0.3333333333333333, 0.6666666666666666, 0.6666666666666666, 0.6666666666666666, 0.6666666666666666, 0.3333333333333333, 0.3333333333333333, 0.3333333333333333, 0.6666666666666666, 0.3333333333333333, 0.3333333333333333, 0.6666666666666666, 0.3333333333333333]","[0.6, 0.6, 0.8, 0.6, 0.4, 0.6, 0.6, 0.4, 0.6, 0.6, 0.4, 0.4, 0.4, 0.6, 0.4, 0.4, 0.2, 0.6, 0.8, 0.6, 0.8, 0.8, 0.6, 0.6, 0.2, 1.0, 0.4, 0.4, 0.4, 0.6]"
credit,mlp,1000,2,23,b1_uniform,0.0013100478773253456,0.00039162190507723813,5.695860336197155e-05,1.7027039351184266e-05,0.0011676497265055087,0.0014497019370586887,1.4113202384774168,0.6530961791831355,0.11137637344503648,0.6144902832674572,0.6924250658761529,0.47878787878787876,0.10235924727318914,0.4000000000000001,0.13333333333333336,0.6400000000000002,0.09521904571390469,1.899184159085964e-05,0.0,1000.0,0.19006525333291696,0.0090611626209236,1000.0,"[0.0012219265192317272, 0.0008619119015583285, 0.0014555819567858997, 0.00155729585698187, 0.0020673153418754114, 0.0012910690191243921, 0.0015563896264900786, 0.0014293858925091682, 0.0015951398417555405, 0.0018230424822221513, 0.0007947951954497265, 0.0012018991423555646, 0.001128719425240367, 0.0008314812672029714, 0.0012899008985971564, 0.0010528241085458751, 0.0008844491026154197, 0.0010103240669205212, 0.0020889202462306303, 0.0008007692777940393, 0.001743501460279555, 0.0010321736966909737, 0.002051719985500282, 0.0009440685419907728, 0.0010252137816522413, 0.0012537023815807624, 0.0015947647080710714, 0.0017782794723355674, 0.0009134726483151079, 0.0010213984738571898]","[0.8092885375494071, 0.7944664031620554, 0.8201581027667983, 0.6798418972332015, 0.5049407114624506, 0.6284584980237155, 0.6106719367588932, 0.4644268774703557, 0.5444664031620554, 0.45652173913043476, 0.7964426877470356, 0.7964426877470356, 0.7361660079051384, 0.6590909090909092, 0.5958498023715416, 0.6225296442687748, 0.7697628458498025, 0.7648221343873517, 0.5039525691699606, 0.8507905138339922, 0.6314229249011858, 0.5820158102766798, 0.608695652173913, 0.6679841897233202, 0.6679841897233202, 0.5681818181818182, 0.49703557312252966, 0.5849802371541503, 0.7233201581027668, 0.6521739130434783]","[0.6284584980237155, 0.6205533596837944, 0.6284584980237155, 0.525691699604743, 0.3438735177865613, 0.44664031620553357, 0.41501976284584985, 0.3122529644268775, 0.391304347826087, 0.3438735177865613, 0.6126482213438735, 0.6126482213438735, 0.541501976284585, 0.5098814229249012, 0.40711462450592883, 0.4308300395256917, 0.5889328063241107, 0.5731225296442688, 0.3359683794466403, 0.6837944664031621, 0.43873517786561267, 0.41501976284584985, 0.43873517786561267, 0.4545454545454546, 0.4861660079051383, 0.41501976284584985, 0.3359683794466403, 0.41501976284584985, 0.525691699604743, 0.4861660079051383]","[0.3333333333333333, 0.3333333333333333, 0.3333333333333333, 0.3333333333333333, 0.3333333333333333, 0.3333333333333333, 0.3333333333333333, 0.3333333333333333, 0.3333333333333333, 0.6666666666666666, 0.3333333333333333, 0.3333333333333333, 0.3333333333333333, 0.6666666666666666, 0.3333333333333333, 0.3333333333333333, 0.6666666666666666, 0.3333333333333333, 0.6666666666666666, 0.3333333333333333, 0.3333333333333333, 0.3333333333333333, 0.3333333333333333, 0.6666666666666666, 0.3333333333333333, 0.6666666666666666, 0.3333333333333333, 0.3333333333333333, 0.3333333333333333, 0.3333333333333333]","[0.6, 0.8, 0.6, 0.8, 0.4, 0.6, 0.6, 0.6, 0.6, 0.8, 0.6, 0.6, 0.6, 0.8, 0.6, 0.6, 0.6, 0.6, 0.6, 0.8, 0.6, 0.6, 0.6, 0.6, 0.8, 0.6, 0.6, 0.6, 0.8, 0.6]"
credit,mlp,1000,2,23,b2_stratified,0.000928242819460077,0.0005201354337300844,4.035838345478595e-05,2.261458407522106e-05,0.0007472768652755927,0.0011184574503491891,1.0,0.8251646903820818,0.09413075266021163,0.7909461462450594,0.8572480237154149,0.6764163372859027,0.09052294304541296,0.5888888888888888,0.2224998266055643,0.7266666666666668,0.15902480589168755,3.8501431311208296e-05,0.0,1000.0,0.19355339333512045,0.008814212384592611,1000.0,"[0.0010111295964963666, 0.00043488357389830025, 0.000474610936855205, 0.0013869436921988003, 0.0017267415747773693, 0.0003295974193407563, 0.0006106341236475115, 0.00042501477073501615, 0.0012806019853610082, 0.0011438745114605233, 0.001736647061270288, 0.0013198718746000166, 0.0004616288786117795, 0.000922508186530155, 0.0019122313162620464, 0.0005905159418468577, 0.0004070961261756042, 0.0010209058817180067, 0.0010295776289845995, 0.0021903576316906277, 0.00020431710731418814, 0.0010774797152661264, 0.0006175022200873829, 0.00047125433488468915, 0.000627209500469197, 0.0003613930425617059, 0.0014135719139146343, 0.0013179552884072295, 0.0009488669264834423, 0.00039236182195287505]","[0.7924901185770751, 0.884387351778656, 0.8893280632411068, 0.7984189723320158, 0.6976284584980238, 0.8754940711462451, 0.8784584980237155, 0.9397233201581027, 0.8873517786561266, 0.8132411067193677, 0.7391304347826088, 0.5049407114624506, 0.8735177865612648, 0.6719367588932806, 0.8013833992094862, 0.9051383399209486, 0.892292490118577, 0.6679841897233202, 0.8754940711462451, 0.8349802371541503, 0.8774703557312253, 0.7183794466403163, 0.8853754940711462, 0.8942687747035574, 0.9219367588932808, 0.8359683794466403, 0.8577075098814229, 0.9199604743083004, 0.7934782608695652, 0.8270750988142292]","[0.6521739130434783, 0.7075098814229249, 0.7628458498023716, 0.6837944664031621, 0.549407114624506, 0.7233201581027668, 0.6996047430830039, 0.7944664031620553, 0.7391304347826086, 0.6442687747035574, 0.5731225296442688, 0.391304347826087, 0.7470355731225297, 0.549407114624506, 0.6284584980237155, 0.7391304347826086, 0.7628458498023716, 0.525691699604743, 0.6996047430830039, 0.6679841897233202, 0.7470355731225297, 0.5652173913043478, 0.7391304347826086, 0.7470355731225297, 0.7786561264822134, 0.6837944664031621, 0.6996047430830039, 0.7786561264822134, 0.6442687747035574, 0.6679841897233202]","[0.3333333333333333, 0.6666666666666666, 0.6666666666666666, 0.3333333333333333, 0.3333333333333333, 1.0, 0.3333333333333333, 0.3333333333333333, 0.6666666666666666, 0.6666666666666666, 0.6666666666666666, 0.3333333333333333, 0.6666666666666666, 0.3333333333333333, 0.6666666666666666, 0.3333333333333333, 1.0, 0.6666666666666666, 0.6666666666666666, 0.6666666666666666, 1.0, 0.6666666666666666, 0.6666666666666666, 0.3333333333333333, 0.6666666666666666, 1.0, 0.6666666666666666, 0.3333333333333333, 0.3333333333333333, 0.6666666666666666]","[0.6, 0.8, 0.8, 0.6, 0.4, 1.0, 0.6, 0.6, 0.8, 0.8, 0.4, 0.6, 0.8, 0.8, 0.8, 0.6, 1.0, 0.8, 0.6, 0.6, 0.8, 0.8, 1.0, 0.6, 0.6, 1.0, 0.8, 0.6, 0.8, 0.8]"
credit,mlp,1000,2,23,b3_is,0.00031964528139033575,0.0002158947752153402,1.3897620930014597e-05,9.386729357188704e-06,0.0002574581877646834,0.00041272590013274695,0.3443552427114503,0.929776021080369,0.04150349245405866,0.9146170948616602,0.943544137022398,0.8166007905138338,0.050510473062472666,0.6888888888888889,0.17069212773041353,0.8400000000000001,0.11999999999999998,1.2945161971416198e-05,0.0,1000.0,0.21449463999985408,0.008023071787954606,1000.0,"[0.00044629863276186604, 0.0003412661635964179, 0.0001956455366568863, 0.00044162503567064614, 0.00025091722442414314, 0.00015476729679806276, 0.00016142520662326855, 0.00013664151135678424, 0.000319446127848619, 0.0003730057188299594, 0.0002675766440116638, 0.00018537513539081338, 0.00013576973258230032, 0.00023837743132749993, 0.0004125450749538541, 0.0006184037358053054, 0.0002492319451736502, 0.0004601022978775967, 0.0002903223684189077, 0.0001699392680550068, 0.0012623657083048237, 0.00032498681514621597, 0.0005302887977972448, 0.0001982141199660775, 0.0002801865014968486, 0.0002391555049305209, 0.00023787950849620874, 0.00011853137713779882, 0.00042314352733279636, 0.000125924492938286]","[0.941699604743083, 0.9229249011857708, 0.9288537549407114, 0.9179841897233202, 0.8231225296442688, 0.9634387351778656, 0.9575098814229249, 0.9515810276679842, 0.9654150197628459, 0.8142292490118577, 0.9011857707509882, 0.8942687747035574, 0.8982213438735178, 0.884387351778656, 0.8468379446640316, 0.9347826086956521, 0.9644268774703558, 0.9456521739130436, 0.9486166007905139, 0.9733201581027668, 0.9229249011857708, 0.974308300395257, 0.9466403162055337, 0.9456521739130436, 0.9555335968379446, 0.9397233201581027, 0.9683794466403162, 0.9654150197628459, 0.9634387351778656, 0.9328063241106721]","[0.8181818181818182, 0.7944664031620553, 0.8260869565217391, 0.7865612648221344, 0.691699604743083, 0.8735177865612648, 0.841897233201581, 0.841897233201581, 0.857707509881423, 0.7154150197628459, 0.7707509881422926, 0.7944664031620553, 0.7391304347826086, 0.7865612648221344, 0.7233201581027668, 0.7865612648221344, 0.8656126482213439, 0.8023715415019763, 0.83399209486166, 0.8893280632411068, 0.7944664031620553, 0.8972332015810277, 0.83399209486166, 0.83399209486166, 0.841897233201581, 0.857707509881423, 0.8656126482213439, 0.857707509881423, 0.857707509881423, 0.8181818181818182]","[0.6666666666666666, 0.6666666666666666, 1.0, 0.6666666666666666, 0.6666666666666666, 0.6666666666666666, 0.3333333333333333, 0.6666666666666666, 0.6666666666666666, 1.0, 0.6666666666666666, 0.6666666666666666, 0.6666666666666666, 1.0, 0.6666666666666666, 0.3333333333333333, 0.6666666666666666, 0.6666666666666666, 1.0, 0.6666666666666666, 0.6666666666666666, 0.6666666666666666, 0.6666666666666666, 0.6666666666666666, 0.6666666666666666, 0.6666666666666666, 0.3333333333333333, 1.0, 0.6666666666666666, 0.6666666666666666]","[0.8, 0.6, 0.8, 0.8, 1.0, 0.8, 0.8, 1.0, 0.8, 1.0, 0.8, 1.0, 1.0, 1.0, 0.8, 0.8, 0.8, 0.6, 1.0, 1.0, 0.8, 0.6, 0.8, 0.8, 0.8, 0.8, 0.8, 0.8, 0.8, 1.0]"
credit,mlp,1000,2,23,b4_antithetic,0.0009729615446845394,0.00013236880334803797,4.230267585584954e-05,5.755165362958173e-06,0.0009292336174387938,0.001025033297178015,1.04817567589747,0.7436429512516469,0.052301070824980686,0.7247966073781291,0.7630113636363635,0.5507246376811594,0.05338488970207676,0.3333333333333334,1.1102230246251565e-16,0.6400000000000001,0.08000000000000003,4.021699415322644e-06,0.0,1000.0,0.18320457000033155,0.004593249090841584,1000.0,"[0.0009221771813755589, 0.0008903699339214083, 0.0010228195662307443, 0.0009470637221102239, 0.0007282017015325285, 0.000834460049542914, 0.000975778643202305, 0.0011014964108537078, 0.0009910978385323957, 0.0009685426880061358, 0.0008090031968637305, 0.0009657230056228148, 0.0009416020365368163, 0.001182069012837547, 0.0011268724386692098, 0.0008977260146335528, 0.0011305829841614162, 0.0008516391249831574, 0.0009060610113439404, 0.0008722138370573722, 0.0008106134345780139, 0.0010985948137843564, 0.000962032273069281, 0.0011958012733878302, 0.0009653869507723927, 0.0008714433744993458, 0.0013475657229140925, 0.0009789991343990099, 0.0010410246194097411, 0.0008518843457046392]","[0.825098814229249, 0.8122529644268776, 0.7233201581027668, 0.7766798418972332, 0.7924901185770751, 0.7944664031620554, 0.6966403162055337, 0.6976284584980238, 0.7658102766798419, 0.7450592885375494, 0.7865612648221343, 0.7855731225296443, 0.808300395256917, 0.6828063241106719, 0.6768774703557312, 0.7055335968379446, 0.7835968379446642, 0.6531620553359684, 0.6907114624505929, 0.6679841897233202, 0.8270750988142292, 0.6867588932806324, 0.7272727272727272, 0.7035573122529645, 0.775691699604743, 0.7361660079051384, 0.7124505928853756, 0.7994071146245059, 0.6788537549407114, 0.7915019762845852]","[0.6284584980237155, 0.6126482213438735, 0.5098814229249012, 0.5652173913043478, 0.6205533596837944, 0.5968379446640317, 0.4861660079051383, 0.4940711462450593, 0.5731225296442688, 0.549407114624506, 0.6047430830039525, 0.5889328063241107, 0.6205533596837944, 0.4782608695652174, 0.4861660079051383, 0.525691699604743, 0.5968379446640317, 0.4782608695652174, 0.5177865612648221, 0.4861660079051383, 0.6363636363636365, 0.5098814229249012, 0.5335968379446641, 0.4861660079051383, 0.5889328063241107, 0.557312252964427, 0.5098814229249012, 0.5968379446640317, 0.4782608695652174, 0.6047430830039525]","[0.3333333333333333, 0.3333333333333333, 0.3333333333333333, 0.3333333333333333, 0.3333333333333333, 0.3333333333333333, 0.3333333333333333, 0.3333333333333333, 0.3333333333333333, 0.3333333333333333, 0.3333333333333333, 0.3333333333333333, 0.3333333333333333, 0.3333333333333333, 0.3333333333333333, 0.3333333333333333, 0.3333333333333333, 0.3333333333333333, 0.3333333333333333, 0.3333333333333333, 0.3333333333333333, 0.3333333333333333, 0.3333333333333333, 0.3333333333333333, 0.3333333333333333, 0.3333333333333333, 0.3333333333333333, 0.3333333333333333, 0.3333333333333333, 0.3333333333333333]","[0.8, 0.8, 0.6, 0.6, 0.8, 0.6, 0.6, 0.6, 0.6, 0.6, 0.8, 0.6, 0.6, 0.6, 0.6, 0.6, 0.6, 0.8, 0.6, 0.6, 0.6, 0.6, 0.6, 0.6, 0.6, 0.8, 0.6, 0.6, 0.6, 0.6]"
credit,mlp,1000,3,23,abc_shap,0.019482661747331143,0.020690497339673153,0.0008470722498839627,0.0008995868408553545,0.013339080022483773,0.027981815138424317,7.498347027337219,0.5148221343873518,0.1883357042746323,0.4461470685111989,0.5762854084321477,0.3915678524374177,0.1437849317301688,0.5888888888888888,0.20517983680688212,0.6666666666666669,0.13984117975602023,0.0008238367096196442,828.0,172.0,0.21597792666677076,0.009941836347385508,828.0,"[0.010489657669806895, 0.018348858591431944, 0.007111594954028116, 0.04030578498492281, 0.0054844187677708205, 0.014858772398863617, 0.015785257183339597, 0.02117548773815299, 0.026263986954192006, 0.011520822830485099, 0.00465506622674776, 0.012867997804206194, 0.012924450252726885, 0.008121378705770984, 0.008489974533959155, 0.007139803958747072, 0.07980240797737619, 0.011535153834519038, 0.014383030865514389, 0.027630556154060456, 0.007002962485037139, 0.015972516930004024, 0.009785413373704676, 0.10173974698552123, 0.007876168299325284, 0.018765146201152258, 0.008516022065702289, 0.01707410861395438, 0.023803105339364677, 0.015050199739546336]","[0.48517786561264825, 0.48122529644268774, 0.39328063241106714, 0.5187747035573123, 0.6403162055335968, 0.3557312252964427, 0.36462450592885376, 0.5968379446640316, 0.6946640316205535, 0.5049407114624506, 0.8122529644268776, 0.6847826086956521, 0.15612648221343872, 0.6442687747035574, 0.6828063241106719, 0.6897233201581028, 0.29249011857707513, 0.26679841897233203, 0.7964426877470356, -0.016798418972332016, 0.4258893280632411, 0.6106719367588932, 0.6205533596837945, 0.35079051383399207, 0.5286561264822135, 0.5662055335968379, 0.7025691699604744, 0.5, 0.7124505928853756, 0.38241106719367585]","[0.40711462450592883, 0.3438735177865613, 0.3280632411067194, 0.391304347826087, 0.5177865612648221, 0.2727272727272727, 0.24110671936758896, 0.4545454545454546, 0.5177865612648221, 0.35968379446640314, 0.6126482213438735, 0.5098814229249012, 0.11462450592885376, 0.4545454545454546, 0.5098814229249012, 0.5177865612648221, 0.24110671936758896, 0.19367588932806323, 0.6284584980237155, 0.003952569169960474, 0.2885375494071147, 0.4308300395256917, 0.5098814229249012, 0.2490118577075099, 0.43873517786561267, 0.4545454545454546, 0.525691699604743, 0.391304347826087, 0.5335968379446641, 0.30434782608695654]","[0.3333333333333333, 0.6666666666666666, 1.0, 0.6666666666666666, 0.6666666666666666, 0.6666666666666666, 0.6666666666666666, 0.6666666666666666, 0.6666666666666666, 0.6666666666666666, 0.3333333333333333, 1.0, 0.3333333333333333, 0.3333333333333333, 0.3333333333333333, 0.6666666666666666, 0.3333333333333333, 1.0, 0.6666666666666666, 0.6666666666666666, 0.3333333333333333, 0.6666666666666666, 0.6666666666666666, 0.3333333333333333, 0.6666666666666666, 0.6666666666666666, 0.6666666666666666, 0.3333333333333333, 0.6666666666666666, 0.3333333333333333]","[0.6, 0.4, 0.6, 0.8, 0.8, 0.6, 0.6, 0.8, 0.6, 0.8, 0.8, 0.8, 0.6, 0.8, 0.6, 0.8, 0.4, 0.8, 0.8, 0.4, 0.6, 0.6, 0.8, 0.4, 0.8, 0.6, 0.6, 0.8, 0.8, 0.6]"
credit,mlp,1000,3,23,b1_uniform,0.0024962926830966034,0.0009195223860739986,0.00010853446448246101,3.9979234177130376e-05,0.002165540403983377,0.0028094561635850666,0.9607552121170088,0.5980895915678525,0.13951597167370527,0.5499563570487483,0.6473353096179183,0.45981554677206854,0.12151534507931935,0.8777777777777779,0.1822357718539636,0.7400000000000002,0.128062484748657,8.22399021280443e-05,0.0,1000.0,0.18625229666649828,0.009724120126613358,1000.0,"[0.003799577985370203, 0.002872690960532871, 0.004765005771378658, 0.0019126513136964566, 0.0023520050858934394, 0.003080492191099258, 0.0028256144367942693, 0.0014398221044614667, 0.004654894387042469, 0.0014438089963065579, 0.0026376222741967153, 0.0022769384489020523, 0.0034590220521667527, 0.0023384463511118754, 0.0023718966862805607, 0.0019785174601363474, 0.0019398114210851043, 0.0025217653309239623, 0.0027466399996461505, 0.002302339395347975, 0.0021455003846122113, 0.0011949210335424915, 0.001990153190819113, 0.001158465154891736, 0.0012595308062426822, 0.00402652889768185, 0.002237792533433059, 0.002635689720057474, 0.0029808404350068454, 0.0015397956842374816]","[0.43577075098814233, 0.8586956521739131, 0.34189723320158105, 0.6482213438735179, 0.700592885375494, 0.424901185770751, 0.4407114624505929, 0.790513833992095, 0.5286561264822135, 0.7796442687747036, 0.48517786561264825, 0.5148221343873518, 0.6254940711462451, 0.5148221343873518, 0.5405138339920948, 0.5721343873517787, 0.5592885375494071, 0.6650197628458498, 0.3725296442687747, 0.7075098814229249, 0.774703557312253, 0.6857707509881423, 0.6996047430830039, 0.7519762845849803, 0.4881422924901186, 0.3843873517786562, 0.5059288537549407, 0.7154150197628458, 0.6916996047430831, 0.7381422924901185]","[0.3359683794466403, 0.6758893280632412, 0.24110671936758896, 0.5177865612648221, 0.5731225296442688, 0.2964426877470356, 0.3280632411067194, 0.6047430830039525, 0.40711462450592883, 0.5968379446640317, 0.35177865612648224, 0.3754940711462451, 0.47035573122529645, 0.35177865612648224, 0.42292490118577075, 0.44664031620553357, 0.41501976284584985, 0.5098814229249012, 0.24110671936758896, 0.549407114624506, 0.6126482213438735, 0.5652173913043478, 0.5731225296442688, 0.5968379446640317, 0.36758893280632415, 0.30434782608695654, 0.3754940711462451, 0.5652173913043478, 0.549407114624506, 0.5731225296442688]","[1.0, 0.6666666666666666, 0.6666666666666666, 0.6666666666666666, 1.0, 1.0, 1.0, 1.0, 0.3333333333333333, 1.0, 1.0, 1.0, 1.0, 0.6666666666666666, 1.0, 1.0, 1.0, 0.6666666666666666, 1.0, 0.6666666666666666, 1.0, 1.0, 1.0, 1.0, 1.0, 0.6666666666666666, 1.0, 0.6666666666666666, 0.6666666666666666, 1.0]","[0.8, 0.8, 0.8, 0.8, 0.6, 0.6, 0.8, 0.6, 0.6, 0.8, 0.6, 0.8, 0.8, 0.6, 0.6, 1.0, 0.8, 0.6, 0.6, 0.6, 0.6, 1.0, 0.8, 1.0, 0.8, 0.6, 0.8, 0.8, 0.8, 0.8]"
credit,mlp,1000,3,23,b2_stratified,0.0025982608802049196,0.002236870047892782,0.00011296786435673563,9.725521947359921e-05,0.0018430675377614986,0.00344318252827544,1.0,0.7978919631093546,0.09457567416483617,0.7614237483530963,0.8309370882740448,0.661133069828722,0.10526473295385631,0.9666666666666667,0.10000000000000002,0.8800000000000001,0.0979795897113271,0.00010883843572999363,0.0,1000.0,0.18705067000216027,0.003401909101377654,1000.0,"[0.0025508165219807165, 0.00017526185389074675, 0.009495321744012896, 0.0009904650421937167, 0.00032644019776749015, 0.0013192384313611871, 0.004253125753891835, 0.004609554077998467, 0.0005014673058777733, 0.002205336693042687, 0.0021923176180361236, 0.005406622174995368, 0.0022330921959489726, 0.0019211109979999825, 0.0051281784807279225, 0.0007202941208505222, 0.002386577660678048, 0.0008316029281471299, 0.0013249188895014385, 0.0014882264008821491, 0.0014804524899850035, 0.001346159576448809, 0.0017226763167715092, 0.002391671107693942, 0.0014237297086996787, 0.0009628139137036093, 0.004119837244679506, 0.007253557120486289, 0.006569144210703864, 0.0006178156271901787]","[0.7371541501976284, 0.9733201581027668, 0.700592885375494, 0.908102766798419, 0.8972332015810277, 0.7420948616600791, 0.8666007905138341, 0.8507905138339922, 0.7845849802371542, 0.8063241106719368, 0.8181818181818183, 0.6837944664031621, 0.8300395256916996, 0.7954545454545455, 0.6047430830039526, 0.9397233201581027, 0.6205533596837945, 0.8636363636363636, 0.8636363636363636, 0.7440711462450592, 0.733201581027668, 0.8221343873517787, 0.816205533596838, 0.8685770750988143, 0.8290513833992096, 0.8626482213438734, 0.757905138339921, 0.7915019762845852, 0.5622529644268774, 0.8626482213438734]","[0.5810276679841897, 0.8893280632411068, 0.5652173913043478, 0.7944664031620553, 0.7707509881422926, 0.6047430830039525, 0.7391304347826086, 0.7233201581027668, 0.6521739130434783, 0.6679841897233202, 0.6679841897233202, 0.525691699604743, 0.6996047430830039, 0.6442687747035574, 0.4861660079051383, 0.8260869565217391, 0.4861660079051383, 0.7075098814229249, 0.7312252964426879, 0.5968379446640317, 0.5968379446640317, 0.7549407114624506, 0.691699604743083, 0.7233201581027668, 0.6442687747035574, 0.7154150197628459, 0.6047430830039525, 0.6284584980237155, 0.391304347826087, 0.7233201581027668]","[1.0, 1.0, 1.0, 1.0, 1.0, 1.0, 1.0, 1.0, 1.0, 0.6666666666666666, 1.0, 1.0, 1.0, 1.0, 1.0, 1.0, 0.6666666666666666, 1.0, 1.0, 1.0, 1.0, 1.0, 1.0, 1.0, 1.0, 1.0, 1.0, 1.0, 0.6666666666666666, 1.0]","[1.0, 0.8, 0.8, 0.8, 1.0, 0.8, 1.0, 0.8, 0.8, 0.8, 0.8, 1.0, 1.0, 1.0, 0.8, 0.8, 1.0, 0.8, 0.8, 1.0, 1.0, 1.0, 1.0, 0.8, 0.8, 0.8, 1.0, 0.8, 0.8, 0.8]"
credit,mlp,1000,3,23,b3_is,0.0010005557653914702,0.0009729514074302046,4.3502424582237835e-05,4.230223510566107e-05,0.0006908953142915763,0.0014025332434799572,0.3850867220510045,0.9003623188405797,0.044281627020236594,0.8852050395256919,0.9153870223978919,0.7744400527009224,0.06562481698460003,0.9888888888888888,0.059835164523716726,0.9,0.09999999999999999,3.767801357531546e-05,0.0,1000.0,0.2091371400010151,0.005413994463899672,1000.0,"[0.0001769997307218592, 0.0002151144991026263, 0.0010900099182988695, 0.0003898707220418664, 0.0008413964378646704, 0.00016945213381329443, 0.0014047581729793633, 0.005134860117254152, 0.001043127340549572, 0.0007139311927835504, 0.000763856537194407, 0.0013280897506463454, 0.0006964089788875542, 0.0008621557917557935, 0.0020980464701129513, 0.0001944193840935685, 0.00020943179262926146, 0.000569068430644047, 0.001787365994017798, 0.0003602177910148381, 0.001969630752072058, 0.0011436333893055887, 0.00045978879747818216, 0.0018202725961192284, 0.00024076462792655816, 0.002061286611925431, 0.0009255514872112895, 0.0005004093345635713, 0.0006955573594919408, 0.00015119681924387058]","[0.9802371541501977, 0.8567193675889329, 0.8290513833992096, 0.9545454545454547, 0.9229249011857708, 0.9219367588932808, 0.8656126482213439, 0.8754940711462451, 0.8932806324110673, 0.8784584980237155, 0.9673913043478262, 0.8596837944664032, 0.8231225296442688, 0.9298418972332017, 0.9387351778656127, 0.9604743083003953, 0.9308300395256918, 0.8666007905138341, 0.8873517786561266, 0.9407114624505929, 0.8557312252964427, 0.8646245059288538, 0.9565217391304348, 0.8735177865612648, 0.8873517786561266, 0.8359683794466403, 0.9041501976284586, 0.9328063241106721, 0.8606719367588934, 0.9565217391304348]","[0.9130434782608695, 0.6996047430830039, 0.7075098814229249, 0.8498023715415021, 0.8102766798418973, 0.7865612648221344, 0.7549407114624506, 0.7312252964426879, 0.7786561264822134, 0.7470355731225297, 0.8814229249011858, 0.7075098814229249, 0.6679841897233202, 0.8102766798418973, 0.8260869565217391, 0.857707509881423, 0.8023715415019763, 0.7391304347826086, 0.7154150197628459, 0.8260869565217391, 0.7075098814229249, 0.7233201581027668, 0.8735177865612648, 0.7154150197628459, 0.7391304347826086, 0.7075098814229249, 0.7707509881422926, 0.83399209486166, 0.691699604743083, 0.857707509881423]","[1.0, 1.0, 1.0, 0.6666666666666666, 1.0, 1.0, 1.0, 1.0, 1.0, 1.0, 1.0, 1.0, 1.0, 1.0, 1.0, 1.0, 1.0, 1.0, 1.0, 1.0, 1.0, 1.0, 1.0, 1.0, 1.0, 1.0, 1.0, 1.0, 1.0, 1.0]","[0.8, 0.8, 0.8, 1.0, 0.8, 0.8, 0.8, 0.8, 1.0, 0.8, 1.0, 1.0, 1.0, 1.0, 1.0, 0.8, 0.8, 0.8, 1.0, 0.8, 1.0, 1.0, 1.0, 0.8, 1.0, 0.8, 1.0, 1.0, 0.8, 1.0]"
credit,mlp,1000,3,23,b4_antithetic,0.0007874454196113546,9.149758198242764e-05,3.423675737440672e-05,3.978155738366419e-06,0.0007550974102839868,0.0008214272120326787,0.3030663416482067,0.7917325428194993,0.047131164788297666,0.7746220355731227,0.8083366271409753,0.6368906455862978,0.05036730562095542,1.0,0.0,0.8266666666666668,0.06798692684790376,2.600200684518389e-06,0.0,1000.0,0.18681918666601025,0.021777274940777715,1000.0,"[0.0007649275484963085, 0.0007424795368364689, 0.0007925316900154488, 0.0006371055116639865, 0.0007511657623971589, 0.0006846742844455315, 0.0006364542816421056, 0.0008717275637743845, 0.0007015550778016315, 0.0007698559321371629, 0.0008330228148570355, 0.0008457898979643828, 0.0009154529854271311, 0.0007138173709428546, 0.000822802942881106, 0.000729881640916995, 0.0008689517302027927, 0.0009221587159880595, 0.0006069713134916742, 0.000801018697901368, 0.0008188543995049887, 0.0007309320837483048, 0.0006820734918431609, 0.0007576894082086606, 0.0009965196708572681, 0.0009187190007280358, 0.0008114512319324954, 0.0007927477751099628, 0.0008252058379286503, 0.0008768243886955332]","[0.8982213438735178, 0.8181818181818183, 0.8142292490118577, 0.7104743083003953, 0.816205533596838, 0.808300395256917, 0.7984189723320158, 0.7075098814229249, 0.8507905138339922, 0.8092885375494071, 0.766798418972332, 0.8171936758893281, 0.824110671936759, 0.8586956521739131, 0.8290513833992096, 0.7796442687747036, 0.7381422924901185, 0.7559288537549407, 0.766798418972332, 0.7223320158102766, 0.7252964426877472, 0.7865612648221343, 0.8626482213438734, 0.7618577075098815, 0.8280632411067194, 0.7262845849802372, 0.8221343873517787, 0.7628458498023717, 0.7895256916996048, 0.7964426877470356]","[0.7549407114624506, 0.6600790513833992, 0.6600790513833992, 0.557312252964427, 0.6679841897233202, 0.6521739130434783, 0.6284584980237155, 0.557312252964427, 0.691699604743083, 0.6363636363636365, 0.5968379446640317, 0.6837944664031621, 0.6679841897233202, 0.7154150197628459, 0.6996047430830039, 0.6047430830039525, 0.6205533596837944, 0.6205533596837944, 0.6047430830039525, 0.557312252964427, 0.5652173913043478, 0.6284584980237155, 0.7154150197628459, 0.5968379446640317, 0.6442687747035574, 0.5731225296442688, 0.6758893280632412, 0.5968379446640317, 0.6442687747035574, 0.6284584980237155]","[1.0, 1.0, 1.0, 1.0, 1.0, 1.0, 1.0, 1.0, 1.0, 1.0, 1.0, 1.0, 1.0, 1.0, 1.0, 1.0, 1.0, 1.0, 1.0, 1.0, 1.0, 1.0, 1.0, 1.0, 1.0, 1.0, 1.0, 1.0, 1.0, 1.0]","[1.0, 0.8, 0.8, 0.8, 0.8, 0.8, 0.8, 0.8, 1.0, 0.8, 0.8, 0.8, 0.8, 0.8, 0.8, 0.8, 0.8, 0.8, 1.0, 0.8, 0.8, 1.0, 0.8, 0.8, 0.8, 0.8, 0.8, 0.8, 0.8, 0.8]"
credit,mlp,1000,4,23,abc_shap,0.0028572167556224198,0.0014636101491524688,0.00012422681546184433,6.36352238761943e-05,0.002360990386336953,0.003411961228353972,5.896202589452427,0.5742424242424242,0.17711206451552886,0.5087598814229249,0.6369367588932807,0.4513833992094863,0.14963628547170735,0.5777777777777778,0.1911627837120584,0.6600000000000001,0.14742229591663988,0.00012036576448592212,828.0,172.0,0.215443263334843,0.007069630017090173,828.0,"[0.0025849569911330964, 0.0010429347627547928, 0.003201171641963658, 0.003886947309243432, 0.002662833327097007, 0.0007518275585651232, 0.002634963094450886, 0.0018419397312958267, 0.002220565096302816, 0.0028637280714528023, 0.0027184918042487817, 0.0011151883724850368, 0.0019026087920386988, 0.0032629717727381755, 0.002312066370363572, 0.0038643929861850467, 0.0009118041150716757, 0.0021112795110230145, 0.00108551300675173, 0.0040672696848566585, 0.006946586173275995, 0.0022979497064296553, 0.0018186658483575655, 0.0022320340752641213, 0.004033606919911433, 0.006468187695412514, 0.004833813524069335, 0.003913522730431624, 0.0022452164517849553, 0.003883465543713561]","[0.3290513833992095, 0.7875494071146245, 0.5424901185770752, 0.6709486166007905, 0.4041501976284585, 0.6946640316205535, 0.757905138339921, 0.3675889328063241, 0.3804347826086957, 0.5187747035573123, 0.5770750988142292, 0.83300395256917, 0.43577075098814233, 0.5158102766798419, 0.6106719367588932, 0.2756916996047431, 0.8152173913043478, 0.6966403162055337, 0.6907114624505929, 0.7094861660079053, 0.4762845849802372, 0.42687747035573126, 0.892292490118577, 0.7855731225296443, 0.2114624505928854, 0.5187747035573123, 0.3952569169960475, 0.5899209486166007, 0.7618577075098815, 0.5553359683794467]","[0.24110671936758896, 0.6126482213438735, 0.4545454545454546, 0.541501976284585, 0.3359683794466403, 0.5335968379446641, 0.5731225296442688, 0.24110671936758896, 0.3122529644268775, 0.42292490118577075, 0.4545454545454546, 0.7154150197628459, 0.36758893280632415, 0.391304347826087, 0.5098814229249012, 0.2173913043478261, 0.6600790513833992, 0.5177865612648221, 0.541501976284585, 0.5335968379446641, 0.3754940711462451, 0.30434782608695654, 0.7470355731225297, 0.6363636363636365, 0.16205533596837945, 0.3754940711462451, 0.2964426877470356, 0.42292490118577075, 0.6205533596837944, 0.42292490118577075]","[0.3333333333333333, 0.6666666666666666, 0.6666666666666666, 0.6666666666666666, 0.6666666666666666, 0.6666666666666666, 0.6666666666666666, 0.6666666666666666, 0.6666666666666666, 0.3333333333333333, 0.0, 0.6666666666666666, 0.3333333333333333, 0.6666666666666666, 0.3333333333333333, 0.6666666666666666, 0.6666666666666666, 0.6666666666666666, 0.6666666666666666, 0.6666666666666666, 0.6666666666666666, 0.3333333333333333, 1.0, 0.6666666666666666, 0.3333333333333333, 0.3333333333333333, 0.6666666666666666, 0.6666666666666666, 0.6666666666666666, 0.6666666666666666]","[0.6, 0.6, 0.6, 0.8, 0.4, 0.8, 0.6, 0.6, 0.6, 0.6, 0.8, 1.0, 0.6, 0.4, 0.8, 0.4, 0.6, 0.6, 0.8, 0.8, 0.8, 0.6, 0.8, 0.8, 0.6, 0.6, 0.4, 0.8, 0.8, 0.6]"
credit,mlp,1000,4,23,b1_uniform,0.00042754776031731325,0.00011754328534441095,1.858903305727449e-05,5.110577623670042e-06,0.0003876475622499301,0.00047090049077243913,0.882295053932081,0.8266798418972334,0.05133688479437251,0.8082007575757574,0.8437088274044796,0.6555994729907774,0.05479438845544063,0.8666666666666667,0.16329931618554525,0.7133333333333335,0.11175369742826811,7.612818313207447e-06,0.0,1000.0,0.19034932333646187,0.018172047304136664,1000.0,"[0.0003868824158694073, 0.0005304309790401383, 0.0004432225920560309, 0.0003867435738144176, 0.00035593700410074184, 0.0002869660109704011, 0.00022501859714792554, 0.0005429371868895396, 0.00028877977401261124, 0.00027805515436233604, 0.0007398603378796848, 0.00043724813773928054, 0.0006017176472380715, 0.00040301386709924345, 0.0003222738336237963, 0.0003437355840986074, 0.00027043240887839097, 0.00047417705461077987, 0.000449451463025169, 0.00048683328560055443, 0.0003595764444276409, 0.0004205229161379149, 0.000665318530835163, 0.00038188351762738715, 0.0005429500432134447, 0.00044783252453115647, 0.0003982485135924728, 0.0004074306712275201, 0.00037625023173623644, 0.0005727025081333333]","[0.8112648221343874, 0.757905138339921, 0.8507905138339922, 0.83399209486166, 0.8557312252964427, 0.8488142292490118, 0.8784584980237155, 0.8349802371541503, 0.8794466403162056, 0.9179841897233202, 0.7065217391304347, 0.908102766798419, 0.7035573122529645, 0.7875494071146245, 0.8705533596837944, 0.8833992094861661, 0.8675889328063242, 0.7480237154150197, 0.8596837944664032, 0.8280632411067194, 0.8418972332015809, 0.7737154150197629, 0.8053359683794467, 0.8428853754940712, 0.7954545454545455, 0.7875494071146245, 0.8231225296442688, 0.8359683794466403, 0.83300395256917, 0.8290513833992096]","[0.6600790513833992, 0.6126482213438735, 0.6996047430830039, 0.6679841897233202, 0.691699604743083, 0.6679841897233202, 0.691699604743083, 0.6600790513833992, 0.7075098814229249, 0.7312252964426879, 0.5335968379446641, 0.7549407114624506, 0.525691699604743, 0.6047430830039525, 0.7154150197628459, 0.7233201581027668, 0.7075098814229249, 0.541501976284585, 0.6837944664031621, 0.6679841897233202, 0.6679841897233202, 0.6205533596837944, 0.6363636363636365, 0.6363636363636365, 0.6126482213438735, 0.6126482213438735, 0.6600790513833992, 0.6521739130434783, 0.6600790513833992, 0.6600790513833992]","[1.0, 1.0, 0.6666666666666666, 1.0, 1.0, 1.0, 1.0, 0.6666666666666666, 1.0, 1.0, 0.6666666666666666, 0.6666666666666666, 1.0, 1.0, 1.0, 0.6666666666666666, 1.0, 0.6666666666666666, 0.6666666666666666, 0.6666666666666666, 1.0, 1.0, 0.6666666666666666, 0.6666666666666666, 1.0, 0.6666666666666666, 1.0, 1.0, 1.0, 0.6666666666666666]","[0.8, 0.8, 1.0, 0.6, 0.6, 0.6, 0.6, 0.6, 0.8, 0.6, 0.8, 0.6, 0.6, 0.6, 0.8, 0.8, 0.8, 0.6, 0.8, 0.8, 0.8, 0.8, 0.8, 0.6, 0.6, 0.8, 0.6, 0.6, 0.8, 0.8]"
credit,mlp,1000,4,23,b2_stratified,0.00048458591988233664,0.0002540867245145072,2.1068953038362464e-05,1.1047248891935095e-05,0.0003993586946421948,0.0005779202749051538,1.0,0.8966073781291173,0.06650938245300984,0.8720643939393941,0.9186503623188405,0.7844532279314891,0.06845847773852293,0.8555555555555556,0.16517854163687232,0.8266666666666668,0.11234866364235145,2.0510471045730913e-05,0.0,1000.0,0.19517738333282372,0.023924167880382534,1000.0,"[0.0004140475334079566, 0.0001627601934192879, 0.0002786646186569141, 0.0002696698371457423, 0.0005040661403948229, 0.00012284511824019125, 0.00020013046180118296, 0.00011114647761060483, 0.0006498137281979921, 0.0005517714476572062, 0.0006531845883782607, 0.0005812892073697428, 0.001116325514896745, 0.0008967735477173945, 0.00020279543393688968, 0.0008496728771335675, 0.0004861757087101684, 0.0004113864794885702, 0.0008385261808173017, 0.0003451147443405693, 0.0008200896069080316, 0.00047202928334742625, 0.0005630596853524475, 0.00025555335652998305, 0.0005195460689649629, 0.0008418716588077929, 0.00045234972351188566, 0.00038716518252722773, 0.00029779111415369897, 0.00028196207704553106]","[0.8863636363636364, 0.9219367588932808, 0.9229249011857708, 0.8982213438735178, 0.91600790513834, 0.9693675889328063, 0.9703557312252965, 0.9693675889328063, 0.9209486166007905, 0.9209486166007905, 0.884387351778656, 0.892292490118577, 0.7974308300395258, 0.7094861660079053, 0.9545454545454547, 0.8201581027667983, 0.9841897233201581, 0.9041501976284586, 0.8507905138339922, 0.9387351778656127, 0.7262845849802372, 0.9456521739130436, 0.9703557312252965, 0.8932806324110673, 0.9130434782608695, 0.9357707509881423, 0.8369565217391305, 0.8626482213438734, 0.9377470355731227, 0.8438735177865613]","[0.7628458498023716, 0.8023715415019763, 0.8181818181818182, 0.7707509881422926, 0.7707509881422926, 0.8972332015810277, 0.8893280632411068, 0.8735177865612648, 0.7944664031620553, 0.8023715415019763, 0.7391304347826086, 0.7865612648221344, 0.6996047430830039, 0.6600790513833992, 0.841897233201581, 0.6758893280632412, 0.9130434782608695, 0.7628458498023716, 0.7075098814229249, 0.8181818181818182, 0.6442687747035574, 0.8260869565217391, 0.8656126482213439, 0.7865612648221344, 0.8023715415019763, 0.8102766798418973, 0.7154150197628459, 0.7470355731225297, 0.83399209486166, 0.7154150197628459]","[1.0, 1.0, 0.6666666666666666, 0.6666666666666666, 1.0, 1.0, 0.6666666666666666, 0.6666666666666666, 1.0, 0.6666666666666666, 1.0, 0.6666666666666666, 0.6666666666666666, 0.6666666666666666, 0.6666666666666666, 1.0, 1.0, 0.6666666666666666, 0.6666666666666666, 1.0, 0.6666666666666666, 1.0, 1.0, 1.0, 1.0, 1.0, 1.0, 0.6666666666666666, 1.0, 1.0]","[0.8, 0.8, 0.8, 0.8, 0.8, 1.0, 0.8, 1.0, 0.6, 0.8, 0.8, 1.0, 0.8, 0.8, 1.0, 0.8, 1.0, 0.8, 0.8, 0.8, 0.8, 0.8, 0.6, 0.8, 0.8, 1.0, 0.6, 1.0, 0.8, 0.8]"
credit,mlp,1000,4,23,b3_is,0.00018302426825477956,0.00014240733720748299,7.957576880642589e-06,6.191623356847086e-06,0.00013537342883247468,0.00023538555631600114,0.3776920887408781,0.9604413702239789,0.03589689733946552,0.9467061923583663,0.9729603096179185,0.8845849802371543,0.060431667521316665,0.8555555555555556,0.16517854163687232,0.9333333333333333,0.11925695879998877,7.244656925615333e-06,0.0,1000.0,0.21522100000001956,0.016701886629628314,1000.0,"[0.0001285721347854759, 0.00012496705869119163, 0.0003328696093221608, 0.00016207462717513751, 0.0002045583092434281, 0.0005085941617020193, 0.00011346941678432318, 0.00023172474182205086, 0.00010099043498436696, 0.00018584828154360688, 0.0004908621311576861, 6.550114411478797e-05, 9.06295968060709e-05, 0.0004853264169671841, 7.017255858214895e-05, 3.407763605659443e-05, 0.000503221814344689, 0.00010777299856713489, 4.706018569977265e-05, 2.125838675093285e-05, 0.00018913769913818214, 0.00030104977348934843, 6.846078407421527e-05, 0.00010727963907150049, 0.00022205490830876188, 0.00014160357658316136, 0.00014050955456146953, 4.7325813644393964e-05, 0.00010979630551373697, 0.00015395834815785472]","[0.9812252964426879, 0.9723320158102767, 0.9100790513833993, 0.9792490118577075, 0.9535573122529646, 0.900197628458498, 0.9496047430830039, 0.8675889328063242, 0.9901185770750988, 0.9308300395256918, 0.9515810276679842, 0.9703557312252965, 0.9881422924901186, 0.8517786561264822, 0.9891304347826088, 0.991106719367589, 0.9535573122529646, 0.983201581027668, 0.9891304347826088, 0.9782608695652174, 0.9851778656126482, 0.9367588932806324, 0.9792490118577075, 0.9673913043478262, 0.9881422924901186, 0.9733201581027668, 0.958498023715415, 0.9930830039525691, 0.9555335968379446, 0.9950592885375494]","[0.9051383399209486, 0.8814229249011858, 0.7786561264822134, 0.8972332015810277, 0.857707509881423, 0.7944664031620553, 0.8260869565217391, 0.7628458498023716, 0.9446640316205535, 0.857707509881423, 0.8656126482213439, 0.8893280632411068, 0.9367588932806324, 0.7233201581027668, 0.9446640316205535, 0.9604743083003953, 0.8656126482213439, 0.9209486166007905, 0.9446640316205535, 0.9130434782608695, 0.9367588932806324, 0.83399209486166, 0.9051383399209486, 0.8735177865612648, 0.9288537549407115, 0.9130434782608695, 0.8656126482213439, 0.9604743083003953, 0.8814229249011858, 0.9683794466403163]","[0.6666666666666666, 0.6666666666666666, 1.0, 1.0, 1.0, 0.6666666666666666, 0.6666666666666666, 1.0, 1.0, 0.6666666666666666, 1.0, 0.6666666666666666, 1.0, 0.6666666666666666, 0.6666666666666666, 1.0, 0.6666666666666666, 1.0, 1.0, 1.0, 1.0, 1.0, 0.6666666666666666, 0.6666666666666666, 0.6666666666666666, 0.6666666666666666, 1.0, 1.0, 1.0, 1.0]","[1.0, 1.0, 1.0, 0.8, 1.0, 0.6, 0.8, 1.0, 0.8, 1.0, 1.0, 1.0, 1.0, 0.6, 1.0, 1.0, 1.0, 1.0, 1.0, 1.0, 1.0, 0.8, 1.0, 1.0, 0.8, 1.0, 1.0, 1.0, 0.8, 1.0]"
credit,mlp,1000,4,23,b4_antithetic,0.00026444910523898527,2.2931381778244436e-05,1.1497787184303707e-05,9.970165990541058e-07,0.00025709783902592325,0.000272765178991259,0.5457218098767639,0.8888339920948617,0.014689237328149998,0.8837277667984188,0.8936141304347825,0.7404479578392622,0.019479746591068447,0.888888888888889,0.15713484026367722,0.686666666666667,0.09910712498212342,5.550842694851972e-07,0.0,1000.0,0.18280300000236213,0.007132464163982134,1000.0,"[0.00022828304527305803, 0.0002556153583022921, 0.00027958155534301527, 0.0002904480368546393, 0.0002665390643001343, 0.00022627062539976126, 0.000285949085226559, 0.00029346131908754297, 0.00023228059645386887, 0.0002463899498029575, 0.0002395437535264865, 0.00026421649496902834, 0.0002825588574223602, 0.00022507466708209382, 0.0002838702513324107, 0.0002848080863054288, 0.0003175485010827683, 0.00025211575122820185, 0.0002667298612688749, 0.00025808439421316434, 0.00028475810263974894, 0.0002636136867097297, 0.0002776773930413622, 0.0002701269522484926, 0.00026052512865742516, 0.00025927866604299126, 0.0002249466847913552, 0.0002732759400221948, 0.00028850530941557345, 0.00025139603912604017]","[0.9239130434782609, 0.892292490118577, 0.884387351778656, 0.8883399209486167, 0.8913043478260869, 0.884387351778656, 0.8853754940711462, 0.8992094861660079, 0.9199604743083004, 0.8725296442687748, 0.9011857707509882, 0.8863636363636364, 0.8596837944664032, 0.9041501976284586, 0.8735177865612648, 0.8883399209486167, 0.8774703557312253, 0.9189723320158102, 0.8853754940711462, 0.900197628458498, 0.8695652173913043, 0.8863636363636364, 0.8764822134387351, 0.8833992094861661, 0.8754940711462451, 0.8903162055335968, 0.892292490118577, 0.900197628458498, 0.874505928853755, 0.8794466403162056]","[0.7786561264822134, 0.7470355731225297, 0.7391304347826086, 0.7312252964426879, 0.7549407114624506, 0.7391304347826086, 0.7312252964426879, 0.7549407114624506, 0.7628458498023716, 0.7233201581027668, 0.7549407114624506, 0.7391304347826086, 0.7075098814229249, 0.7549407114624506, 0.7154150197628459, 0.7312252964426879, 0.7154150197628459, 0.7865612648221344, 0.7312252964426879, 0.7628458498023716, 0.7075098814229249, 0.7233201581027668, 0.7312252964426879, 0.7312252964426879, 0.7312252964426879, 0.7470355731225297, 0.7549407114624506, 0.7549407114624506, 0.7154150197628459, 0.7549407114624506]","[1.0, 1.0, 0.6666666666666666, 1.0, 1.0, 0.6666666666666666, 1.0, 1.0, 1.0, 1.0, 0.6666666666666666, 1.0, 1.0, 1.0, 0.6666666666666666, 1.0, 1.0, 1.0, 0.6666666666666666, 0.6666666666666666, 0.6666666666666666, 0.6666666666666666, 0.6666666666666666, 1.0, 0.6666666666666666, 1.0, 1.0, 1.0, 1.0, 1.0]","[0.8, 0.6, 0.8, 0.6, 0.8, 0.8, 0.6, 0.6, 0.8, 0.6, 0.6, 0.8, 0.8, 0.6, 0.6, 0.6, 0.6, 0.8, 0.6, 0.6, 0.8, 0.6, 0.8, 0.8, 0.8, 0.6, 0.6, 0.6, 0.6, 0.8]"
credit,mlp,1000,5,23,abc_shap,0.005925985955137161,0.003469023458410877,0.0002576515632668331,0.00015082710688742943,0.004725345332770925,0.007206344786536423,5.349154802917537,0.7073781291172595,0.12023265981978935,0.6638274044795784,0.7482304018445324,0.5491436100131752,0.11128165067817668,0.7444444444444446,0.1651785416368723,0.8066666666666668,0.09637888196533975,0.0002496884266812243,828.0,172.0,0.21616696666363472,0.012429683180785179,828.0,"[0.009066383935383263, 0.008298373075049149, 0.006851313035334181, 0.003780016558578483, 0.0016848001228723746, 0.006609600581329864, 0.00232147713872122, 0.004221971299028447, 0.0009830498793838385, 0.009084072391284191, 0.006348741297667876, 0.004613755346362554, 0.004491403415852724, 0.006461212391222703, 0.010292385934231027, 0.003564233063470406, 0.01172302504997231, 0.014387837452030266, 0.003967746654928649, 0.00374244941165755, 0.003972978271741383, 0.006662791674853193, 0.004697499039472737, 0.006643901006007297, 0.01540297183989306, 0.0038607238308582172, 0.0035733541913644533, 0.0040236304621415735, 0.0017408877327984994, 0.0047069925706233135]","[0.8764822134387351, 0.4871541501976285, 0.825098814229249, 0.8962450592885376, 0.8122529644268776, 0.6571146245059288, 0.8013833992094862, 0.6936758893280633, 0.892292490118577, 0.3853754940711462, 0.7490118577075098, 0.8290513833992096, 0.7065217391304347, 0.5247035573122529, 0.6926877470355731, 0.8053359683794467, 0.7124505928853756, 0.7371541501976284, 0.6393280632411067, 0.7796442687747036, 0.6205533596837945, 0.7075098814229249, 0.6482213438735179, 0.7104743083003953, 0.6017786561264823, 0.8310276679841897, 0.7065217391304347, 0.6729249011857709, 0.7055335968379446, 0.5138339920948617]","[0.7154150197628459, 0.35177865612648224, 0.6442687747035574, 0.7154150197628459, 0.6521739130434783, 0.5098814229249012, 0.6442687747035574, 0.4940711462450593, 0.7549407114624506, 0.2964426877470356, 0.6205533596837944, 0.6600790513833992, 0.541501976284585, 0.41501976284584985, 0.5098814229249012, 0.6600790513833992, 0.541501976284585, 0.5652173913043478, 0.46245059288537554, 0.6047430830039525, 0.4545454545454546, 0.541501976284585, 0.4940711462450593, 0.5810276679841897, 0.42292490118577075, 0.6758893280632412, 0.5177865612648221, 0.4861660079051383, 0.557312252964427, 0.383399209486166]","[1.0, 0.6666666666666666, 1.0, 0.3333333333333333, 0.6666666666666666, 0.6666666666666666, 0.6666666666666666, 0.6666666666666666, 1.0, 1.0, 1.0, 0.6666666666666666, 0.6666666666666666, 0.6666666666666666, 0.6666666666666666, 0.6666666666666666, 0.6666666666666666, 0.6666666666666666, 0.6666666666666666, 1.0, 0.6666666666666666, 0.6666666666666666, 0.6666666666666666, 0.6666666666666666, 0.6666666666666666, 1.0, 0.6666666666666666, 0.6666666666666666, 1.0, 0.6666666666666666]","[0.8, 0.8, 0.8, 0.8, 0.8, 0.8, 0.8, 0.8, 1.0, 0.6, 0.8, 0.8, 0.8, 0.8, 0.8, 1.0, 0.8, 0.6, 0.8, 0.8, 1.0, 0.8, 0.8, 0.8, 0.6, 0.8, 1.0, 0.8, 0.8, 0.8]"
credit,mlp,1000,5,23,b1_uniform,0.0010620996186549477,0.0005090331897169074,4.617824428934555e-05,2.2131877813778584e-05,0.0008877549623806394,0.0012477353703102241,0.958715616154966,0.7346179183135706,0.07333706170335001,0.7090555006587616,0.7616996047430828,0.5828722002635047,0.07993402720993072,0.9444444444444445,0.12422599874998834,0.94,0.09165151389911678,3.411053821115811e-05,0.0,1000.0,0.1892837766664646,0.020770079769660426,1000.0,"[0.0010254921428289867, 0.0007699739248422238, 0.0022219491597981382, 0.0008935760067151121, 0.0006534186605044309, 0.0011743217940179452, 0.0015715801209763367, 0.0014290228876124942, 0.002151804750887163, 0.0010963834215456097, 0.0006211832695858282, 0.0005526229596553413, 0.0005030879165823647, 0.0007728201659021959, 0.0004092711430997526, 0.0004899775454327309, 0.001586879618813498, 0.0008394037234124984, 0.002317468525685781, 0.0009178050039607016, 0.0005716131822089337, 0.0013613304813286137, 0.0006646386723899382, 0.001415086235876325, 0.0011548515366527703, 0.0007926314154875364, 0.000741570891691943, 0.0014289317865354085, 0.0009620704250701828, 0.0007722211905476538]","[0.6551383399209486, 0.7430830039525691, 0.6511857707509883, 0.7549407114624507, 0.782608695652174, 0.758893280632411, 0.7835968379446642, 0.5652173913043479, 0.5503952569169961, 0.632411067193676, 0.7618577075098815, 0.874505928853755, 0.7835968379446642, 0.7104743083003953, 0.7835968379446642, 0.7687747035573124, 0.6877470355731226, 0.7045454545454546, 0.7203557312252966, 0.6916996047430831, 0.8418972332015809, 0.7569169960474308, 0.7420948616600791, 0.7697628458498025, 0.7223320158102766, 0.8280632411067194, 0.6758893280632412, 0.7223320158102766, 0.8280632411067194, 0.7865612648221343]","[0.4940711462450593, 0.5889328063241107, 0.4940711462450593, 0.5968379446640317, 0.6205533596837944, 0.5968379446640317, 0.6600790513833992, 0.3992094861660079, 0.383399209486166, 0.46245059288537554, 0.6126482213438735, 0.7470355731225297, 0.6363636363636365, 0.5652173913043478, 0.6363636363636365, 0.6047430830039525, 0.525691699604743, 0.549407114624506, 0.5810276679841897, 0.5335968379446641, 0.7075098814229249, 0.5968379446640317, 0.5968379446640317, 0.6047430830039525, 0.5968379446640317, 0.6837944664031621, 0.541501976284585, 0.5652173913043478, 0.6679841897233202, 0.6363636363636365]","[1.0, 1.0, 0.6666666666666666, 1.0, 1.0, 0.6666666666666666, 1.0, 1.0, 1.0, 1.0, 1.0, 1.0, 1.0, 1.0, 1.0, 1.0, 1.0, 1.0, 0.6666666666666666, 1.0, 1.0, 1.0, 1.0, 1.0, 1.0, 0.6666666666666666, 1.0, 1.0, 0.6666666666666666, 1.0]","[1.0, 1.0, 0.8, 1.0, 0.8, 0.8, 1.0, 1.0, 0.8, 0.8, 1.0, 1.0, 1.0, 1.0, 1.0, 1.0, 0.8, 1.0, 1.0, 1.0, 0.8, 1.0, 1.0, 0.8, 0.8, 1.0, 1.0, 1.0, 1.0, 1.0]"
credit,mlp,1000,5,23,b2_stratified,0.0011078359429614953,0.000806536180483325,4.816678012876066e-05,3.506679045579674e-05,0.0008404514136112763,0.0013854483721894226,1.0,0.8891963109354414,0.054639731907365666,0.8702231554677206,0.905961791831357,0.7591567852437419,0.06728609728074984,0.9,0.1527525231651947,0.9533333333333334,0.08459051693633012,4.4517310173418804e-05,0.0,1000.0,0.18754604666901287,0.003511328251299497,1000.0,"[0.0005622641601941131, 0.0011319758750020683, 0.0007467408598491077, 0.0011864167796059484, 0.0006204573132226086, 0.00048618963970902223, 0.0007598049036584789, 0.0003815767338486985, 0.0006665027960569723, 0.0013745067139362065, 0.0037929602210836594, 0.00044958671746699204, 0.0009207593091332832, 0.0014257819571909802, 0.001482548944533808, 0.0004912225493529247, 0.001168587932346281, 0.0012433961009786667, 0.0005029900634022755, 0.0034651075913096105, 0.0009679377385653698, 0.0018489640543436516, 0.0011937498215358556, 0.0005723172344022594, 0.0005953007176890036, 0.0007282900205924089, 0.0021886324858438385, 0.0012569711286277805, 0.000260234310451746, 0.0007633036149112412]","[0.9051383399209486, 0.8893280632411068, 0.8992094861660079, 0.8092885375494071, 0.9328063241106721, 0.950592885375494, 0.8685770750988143, 0.9278656126482213, 0.8685770750988143, 0.9545454545454547, 0.8705533596837944, 0.8913043478260869, 0.8547430830039526, 0.9466403162055337, 0.8932806324110673, 0.9476284584980237, 0.8557312252964427, 0.9239130434782609, 0.8903162055335968, 0.6837944664031621, 0.9377470355731227, 0.8300395256916996, 0.8972332015810277, 0.9594861660079053, 0.8903162055335968, 0.908102766798419, 0.8883399209486167, 0.8903162055335968, 0.9011857707509882, 0.8092885375494071]","[0.7707509881422926, 0.7549407114624506, 0.7470355731225297, 0.6600790513833992, 0.8102766798418973, 0.83399209486166, 0.7154150197628459, 0.8260869565217391, 0.7312252964426879, 0.83399209486166, 0.7154150197628459, 0.7786561264822134, 0.6996047430830039, 0.83399209486166, 0.7391304347826086, 0.8735177865612648, 0.7233201581027668, 0.8023715415019763, 0.7549407114624506, 0.5335968379446641, 0.7944664031620553, 0.6837944664031621, 0.7549407114624506, 0.857707509881423, 0.7707509881422926, 0.7786561264822134, 0.7470355731225297, 0.7865612648221344, 0.7865612648221344, 0.6758893280632412]","[1.0, 0.6666666666666666, 1.0, 1.0, 0.6666666666666666, 1.0, 1.0, 1.0, 1.0, 0.6666666666666666, 1.0, 1.0, 1.0, 0.6666666666666666, 0.6666666666666666, 1.0, 1.0, 0.6666666666666666, 1.0, 1.0, 1.0, 1.0, 1.0, 0.6666666666666666, 1.0, 0.6666666666666666, 0.6666666666666666, 1.0, 1.0, 1.0]","[1.0, 1.0, 1.0, 1.0, 1.0, 1.0, 1.0, 0.8, 1.0, 0.8, 1.0, 0.8, 1.0, 1.0, 1.0, 1.0, 0.8, 1.0, 1.0, 1.0, 1.0, 1.0, 1.0, 0.8, 1.0, 0.8, 0.8, 1.0, 1.0, 1.0]"
credit,mlp,1000,5,23,b3_is,0.00040463862133171353,0.00044607861264998877,1.7592983536161457e-05,1.9394722289129946e-05,0.0002686288517218253,0.0005869685364358814,0.36525139295446873,0.9458827404479578,0.025611361333611343,0.9363282279314888,0.9542160737812911,0.8487483530961792,0.041012018884519046,0.9777777777777777,0.08314794192830981,1.0,0.0,1.1634387991649379e-05,0.0,1000.0,0.2084959099990859,0.0035127435179610005,1000.0,"[0.00018715688219515033, 0.0006624213162025883, 0.0002887379674198418, 0.0002915362479476894, 0.0002617887896668219, 0.00010322777731746054, 0.00040311128178175705, 0.0004150087555129712, 0.00022108385075091596, 6.40550710786243e-05, 0.00040584350498915224, 0.000207758346858296, 9.326563671900072e-05, 0.0007762279734218638, 0.00039444878495918493, 0.0012938809564762722, 0.00018714224357279264, 0.0023154203812629733, 0.0002188228866776742, 0.00017983948662491527, 0.000894559103183236, 0.0002496855536935706, 0.00019326442850377973, 0.00045000001708489355, 0.0002833189255304626, 0.00014914862365252097, 0.00011013593754330149, 8.98288452645505e-05, 0.00010776177221144956, 0.0006406772918476957]","[0.950592885375494, 0.9021739130434783, 0.9654150197628459, 0.9456521739130436, 0.9496047430830039, 0.9456521739130436, 0.9041501976284586, 0.9387351778656127, 0.9752964426877472, 0.9802371541501977, 0.9614624505928853, 0.9693675889328063, 0.9733201581027668, 0.9120553359683794, 0.9308300395256918, 0.9565217391304348, 0.9812252964426879, 0.8725296442687748, 0.9239130434782609, 0.9594861660079053, 0.9426877470355731, 0.9476284584980237, 0.9496047430830039, 0.950592885375494, 0.9446640316205533, 0.9881422924901186, 0.9456521739130436, 0.9367588932806324, 0.9594861660079053, 0.9130434782608695]","[0.857707509881423, 0.8023715415019763, 0.8814229249011858, 0.8498023715415021, 0.857707509881423, 0.841897233201581, 0.7786561264822134, 0.8260869565217391, 0.8972332015810277, 0.9051383399209486, 0.8735177865612648, 0.8893280632411068, 0.9051383399209486, 0.7944664031620553, 0.8102766798418973, 0.857707509881423, 0.9051383399209486, 0.7391304347826086, 0.8102766798418973, 0.8656126482213439, 0.83399209486166, 0.83399209486166, 0.857707509881423, 0.8498023715415021, 0.8498023715415021, 0.9288537549407115, 0.8498023715415021, 0.8498023715415021, 0.857707509881423, 0.8023715415019763]","[1.0, 1.0, 1.0, 1.0, 1.0, 1.0, 1.0, 1.0, 1.0, 1.0, 1.0, 0.6666666666666666, 1.0, 1.0, 1.0, 0.6666666666666666, 1.0, 1.0, 1.0, 1.0, 1.0, 1.0, 1.0, 1.0, 1.0, 1.0, 1.0, 1.0, 1.0, 1.0]","[1.0, 1.0, 1.0, 1.0, 1.0, 1.0, 1.0, 1.0, 1.0, 1.0, 1.0, 1.0, 1.0, 1.0, 1.0, 1.0, 1.0, 1.0, 1.0, 1.0, 1.0, 1.0, 1.0, 1.0, 1.0, 1.0, 1.0, 1.0, 1.0, 1.0]"
credit,mlp,1000,5,23,b4_antithetic,0.00026428286675446666,3.836262736678603e-05,1.1490559424107246e-05,1.6679403202950445e-06,0.00024973498868127746,0.000277309799734633,0.2385577651939862,0.8513504611330699,0.030926047401729644,0.8412648221343875,0.8620232213438735,0.7193675889328064,0.03740002182457607,1.0,0.0,1.0,0.0,1.3713090098755463e-06,0.0,1000.0,0.18040885666268877,0.002850156072873952,1000.0,"[0.0003575192796788271, 0.00027421713280276243, 0.0003149085659412863, 0.0002584517710821526, 0.00030399665034128425, 0.00032441541632411883, 0.00031398022628325467, 0.00023307056517687691, 0.00021279635719428382, 0.00019288940524354303, 0.00028257881599956915, 0.00031655577378566515, 0.00023580769786094773, 0.0003128163748340693, 0.00027892383076567575, 0.000263727931304131, 0.00022590246317960778, 0.0002575690067833177, 0.0002128849572196458, 0.000239318582114157, 0.00026913772523820664, 0.00022541120834189318, 0.00027830996931353354, 0.00022076230109599983, 0.0002435515688293116, 0.000245569611963622, 0.0002788991320106532, 0.0002551740932220215, 0.0002467806342858487, 0.00025255895441773284]","[0.775691699604743, 0.8379446640316206, 0.8152173913043478, 0.8596837944664032, 0.8053359683794467, 0.8260869565217392, 0.8231225296442688, 0.8399209486166009, 0.9199604743083004, 0.8853754940711462, 0.8527667984189724, 0.8478260869565217, 0.8191699604743082, 0.8537549407114625, 0.8280632411067194, 0.8507905138339922, 0.874505928853755, 0.8636363636363636, 0.8517786561264822, 0.8695652173913043, 0.8112648221343874, 0.8764822134387351, 0.8438735177865613, 0.8794466403162056, 0.8507905138339922, 0.8893280632411068, 0.884387351778656, 0.9031620553359685, 0.8725296442687748, 0.8290513833992096]","[0.6521739130434783, 0.7154150197628459, 0.6758893280632412, 0.7154150197628459, 0.6600790513833992, 0.6837944664031621, 0.6679841897233202, 0.691699604743083, 0.7944664031620553, 0.7549407114624506, 0.7312252964426879, 0.7312252964426879, 0.6837944664031621, 0.6996047430830039, 0.6996047430830039, 0.7312252964426879, 0.7707509881422926, 0.7233201581027668, 0.7233201581027668, 0.7391304347826086, 0.6600790513833992, 0.7391304347826086, 0.7154150197628459, 0.7391304347826086, 0.7233201581027668, 0.7628458498023716, 0.7707509881422926, 0.7865612648221344, 0.7470355731225297, 0.691699604743083]","[1.0, 1.0, 1.0, 1.0, 1.0, 1.0, 1.0, 1.0, 1.0, 1.0, 1.0, 1.0, 1.0, 1.0, 1.0, 1.0, 1.0, 1.0, 1.0, 1.0, 1.0, 1.0, 1.0, 1.0, 1.0, 1.0, 1.0, 1.0, 1.0, 1.0]","[1.0, 1.0, 1.0, 1.0, 1.0, 1.0, 1.0, 1.0, 1.0, 1.0, 1.0, 1.0, 1.0, 1.0, 1.0, 1.0, 1.0, 1.0, 1.0, 1.0, 1.0, 1.0, 1.0, 1.0, 1.0, 1.0, 1.0, 1.0, 1.0, 1.0]"
credit,mlp,1000,6,23,abc_shap,0.002477273852265622,0.0013289874325747926,0.00010770755879415749,5.778206228586055e-05,0.0020130973496353213,0.0029478675387264526,4.665030946496168,0.681324110671937,0.11126697215679081,0.6417621870882741,0.7206258234519104,0.513570487483531,0.09845485815133595,0.7555555555555556,0.1911627837120584,0.7333333333333335,0.13984117975602023,0.00010069453543805763,828.0,172.0,0.22177475666685495,0.02450113522503232,828.0,"[0.0024004155717526295, 0.001020418207882766, 0.006698894176288496, 0.0013237722466991483, 0.003066725684680971, 0.0016200831553421675, 0.002226433577880033, 0.0034564861340718126, 0.001733141459392524, 0.004876276015208439, 0.0015411761938413835, 0.0013013335335453878, 0.0014580822888950276, 0.00295581537121061, 0.0016639730967339672, 0.0011649718790279825, 0.0012859781369700628, 0.003215189257191879, 0.002302325185269838, 0.0014513086293945843, 0.002561260094228264, 0.0021516222471876286, 0.0019072904055905445, 0.004248910522198689, 0.0016222458349810153, 0.0019706351461875886, 0.00339192837550079, 0.004074386517722599, 0.004568124164650993, 0.001059012458440839]","[0.6877470355731226, 0.7055335968379446, 0.5741106719367589, 0.7519762845849803, 0.6343873517786561, 0.48616600790513836, 0.5849802371541503, 0.5721343873517787, 0.7015810276679841, 0.8171936758893281, 0.8112648221343874, 0.7094861660079053, 0.7203557312252966, 0.7677865612648223, 0.7272727272727272, 0.8349802371541503, 0.7855731225296443, 0.5049407114624506, 0.7045454545454546, 0.7944664031620554, 0.7984189723320158, 0.6808300395256918, 0.4634387351778656, 0.7618577075098815, 0.7252964426877472, 0.7915019762845852, 0.4940711462450593, 0.5563241106719368, 0.5207509881422925, 0.7707509881422924]","[0.5098814229249012, 0.541501976284585, 0.41501976284584985, 0.6047430830039525, 0.4861660079051383, 0.3359683794466403, 0.41501976284584985, 0.3992094861660079, 0.4940711462450593, 0.6284584980237155, 0.6047430830039525, 0.549407114624506, 0.549407114624506, 0.5810276679841897, 0.549407114624506, 0.6837944664031621, 0.6047430830039525, 0.383399209486166, 0.525691699604743, 0.6047430830039525, 0.5889328063241107, 0.4782608695652174, 0.3438735177865613, 0.5968379446640317, 0.5652173913043478, 0.6284584980237155, 0.35968379446640314, 0.41501976284584985, 0.35968379446640314, 0.6047430830039525]","[1.0, 0.6666666666666666, 0.6666666666666666, 0.6666666666666666, 0.6666666666666666, 0.6666666666666666, 0.3333333333333333, 0.6666666666666666, 0.6666666666666666, 0.6666666666666666, 0.6666666666666666, 1.0, 0.6666666666666666, 0.3333333333333333, 0.6666666666666666, 1.0, 1.0, 0.6666666666666666, 0.6666666666666666, 0.6666666666666666, 0.6666666666666666, 1.0, 1.0, 1.0, 0.6666666666666666, 1.0, 1.0, 0.6666666666666666, 0.6666666666666666, 1.0]","[0.8, 1.0, 0.6, 0.8, 0.8, 0.8, 0.8, 0.8, 0.8, 0.8, 0.6, 0.8, 0.8, 0.6, 0.6, 1.0, 0.8, 0.8, 0.4, 0.8, 0.6, 0.8, 0.8, 0.6, 0.6, 0.8, 0.8, 0.4, 0.8, 0.6]"
credit,mlp,1000,6,23,b1_uniform,0.0005973538118689408,0.00020843108615625476,2.597190486386699e-05,9.062221137228469e-06,0.0005269725515853424,0.0006787853500013034,1.1248954231795856,0.8191370223978922,0.05954571108219364,0.7959799077733859,0.8403524374176548,0.6648221343873519,0.0637855353552999,0.9888888888888888,0.059835164523716726,0.8400000000000001,0.07999999999999997,1.0189211196151649e-05,0.0,1000.0,0.1908161699975608,0.023454366317184838,1000.0,"[0.0007448180928751358, 0.0005746303378342957, 0.0003383904042708489, 0.00042716192741637136, 0.0005184612765362005, 0.0007405869739533723, 0.0003875205390158636, 0.000612246511353971, 0.0006001401880579767, 0.0006830388991688683, 0.0004983383713957614, 0.0004902032192903017, 0.000645682387497542, 0.000660280324928975, 0.00041084648917936653, 0.0012318598849857354, 0.0008218286894893731, 0.0006121108504834831, 0.0006887684926379962, 0.0006469206612255647, 0.0006218450858041788, 0.0011773930507883211, 0.00037613054890207767, 0.0005367914598782376, 0.00040643458453000345, 0.0003621931624201906, 0.0006549965810764243, 0.0005092652451296464, 0.0006379074537267372, 0.00030382266221540396]","[0.8626482213438734, 0.7964426877470356, 0.8952569169960475, 0.8705533596837944, 0.83300395256917, 0.7430830039525691, 0.884387351778656, 0.8606719367588934, 0.7786561264822135, 0.8003952569169961, 0.758893280632411, 0.9041501976284586, 0.7727272727272727, 0.7628458498023717, 0.8656126482213439, 0.7598814229249011, 0.7134387351778656, 0.8814229249011858, 0.7707509881422924, 0.766798418972332, 0.7391304347826088, 0.6956521739130435, 0.8280632411067194, 0.9011857707509882, 0.8883399209486167, 0.884387351778656, 0.8231225296442688, 0.8547430830039526, 0.8359683794466403, 0.8418972332015809]","[0.691699604743083, 0.6442687747035574, 0.7865612648221344, 0.7233201581027668, 0.6758893280632412, 0.5889328063241107, 0.6996047430830039, 0.7154150197628459, 0.6047430830039525, 0.6284584980237155, 0.6047430830039525, 0.7786561264822134, 0.6363636363636365, 0.6047430830039525, 0.7312252964426879, 0.6284584980237155, 0.5810276679841897, 0.7312252964426879, 0.6126482213438735, 0.5968379446640317, 0.5810276679841897, 0.5335968379446641, 0.6521739130434783, 0.7391304347826086, 0.7470355731225297, 0.7391304347826086, 0.6600790513833992, 0.6758893280632412, 0.6758893280632412, 0.6758893280632412]","[1.0, 1.0, 1.0, 1.0, 1.0, 1.0, 1.0, 1.0, 1.0, 1.0, 1.0, 1.0, 1.0, 1.0, 1.0, 1.0, 1.0, 1.0, 1.0, 1.0, 1.0, 0.6666666666666666, 1.0, 1.0, 1.0, 1.0, 1.0, 1.0, 1.0, 1.0]","[0.8, 0.8, 1.0, 0.8, 0.8, 0.8, 0.8, 0.8, 0.8, 0.8, 0.8, 0.8, 0.8, 0.8, 1.0, 1.0, 1.0, 0.8, 0.8, 0.8, 0.8, 0.8, 0.8, 0.8, 0.8, 0.8, 0.8, 1.0, 0.8, 1.0]"
credit,mlp,1000,6,23,b2_stratified,0.0005310305292028692,0.0002522415424805128,2.3088283878385615e-05,1.0967023586109254e-05,0.000446526045965197,0.0006227062452397483,1.0,0.8782938076416339,0.057106921339406695,0.857635046113307,0.8984568511198945,0.7428194993412384,0.07281696174809343,0.8777777777777778,0.18223577185396367,0.8666666666666667,0.10749676997731397,2.2008486711774033e-05,0.0,1000.0,0.19468316333174396,0.01995620651978359,1000.0,"[0.0002787196911853249, 0.0007383449357644028, 0.0004670150154027964, 0.0006708598394716932, 0.001183578900037774, 0.0011346584212975272, 0.0003565680706575983, 0.0006503991789456777, 0.0003591075781470401, 0.00041829521261763054, 0.0001907938319940781, 0.0004342179621846465, 0.0004990947931588221, 0.000604483611606482, 0.0005841328492340776, 0.00026631045609808873, 0.00038412942240752983, 0.00024718620448451064, 0.00036455452064609986, 0.0003015669804764013, 0.0007341301116343805, 0.0008349770337143312, 0.0005010997564600205, 0.0006789004354160684, 0.0003717828301882265, 0.0004214880350527736, 0.00023295648792828297, 0.0009176301440710506, 0.0007537665683921829, 0.00035016699741055417]","[0.9120553359683794, 0.8982213438735178, 0.8735177865612648, 0.8092885375494071, 0.7094861660079053, 0.7885375494071146, 0.9120553359683794, 0.8616600790513835, 0.9268774703557312, 0.9328063241106721, 0.8784584980237155, 0.8537549407114625, 0.8666007905138341, 0.8211462450592886, 0.8478260869565217, 0.8695652173913043, 0.8893280632411068, 0.9575098814229249, 0.9673913043478262, 0.9673913043478262, 0.8122529644268776, 0.8092885375494071, 0.8577075098814229, 0.8468379446640316, 0.8873517786561266, 0.9407114624505929, 0.9387351778656127, 0.9258893280632412, 0.8883399209486167, 0.8982213438735178]","[0.8023715415019763, 0.7549407114624506, 0.7549407114624506, 0.6363636363636365, 0.557312252964427, 0.6363636363636365, 0.7707509881422926, 0.6996047430830039, 0.7865612648221344, 0.8023715415019763, 0.7391304347826086, 0.7312252964426879, 0.7312252964426879, 0.6679841897233202, 0.6758893280632412, 0.7707509881422926, 0.7391304347826086, 0.857707509881423, 0.8735177865612648, 0.8735177865612648, 0.6837944664031621, 0.6284584980237155, 0.7154150197628459, 0.7391304347826086, 0.7154150197628459, 0.8181818181818182, 0.8102766798418973, 0.7944664031620553, 0.7628458498023716, 0.7549407114624506]","[0.6666666666666666, 1.0, 0.6666666666666666, 1.0, 0.6666666666666666, 0.3333333333333333, 1.0, 0.6666666666666666, 1.0, 1.0, 1.0, 1.0, 1.0, 1.0, 1.0, 1.0, 1.0, 1.0, 0.6666666666666666, 0.6666666666666666, 0.6666666666666666, 0.6666666666666666, 1.0, 1.0, 1.0, 1.0, 1.0, 1.0, 1.0, 0.6666666666666666]","[0.8, 1.0, 0.8, 0.8, 0.6, 0.8, 0.8, 0.8, 0.8, 1.0, 0.8, 0.8, 0.8, 0.8, 1.0, 1.0, 0.8, 1.0, 0.8, 1.0, 0.8, 0.8, 1.0, 0.8, 0.8, 0.8, 1.0, 1.0, 1.0, 1.0]"
credit,mlp,1000,6,23,b3_is,0.0002046077910492508,8.302581027726465e-05,8.895990915184817e-06,3.6098178381419414e-06,0.00017579908584413156,0.00023478715314097245,0.38530325432774626,0.9251317523056654,0.0348098125192737,0.9132402832674571,0.9375502305665351,0.8065876152832677,0.04807352593193658,0.9777777777777777,0.08314794192830981,0.8933333333333334,0.09977753031397174,7.229726827691237e-06,0.0,1000.0,0.2137833166673469,0.013479565975997724,1000.0,"[0.0001317128481180049, 0.0002409679453443009, 0.00020107976111284585, 0.00014431958874177596, 0.0001890707626922652, 0.00042501465184248004, 4.423188722427635e-05, 8.531274964044496e-05, 0.0003055495405976575, 0.00019760863070332626, 0.0002348884269192296, 0.0002514692740972168, 0.00031376624295875516, 0.00022861381548868674, 0.00017180572325046673, 0.00010046348888950766, 0.00014538296622768795, 0.00021171800044610217, 0.0003322777710372289, 0.00017732476812726722, 0.00016007364204181335, 0.0001412152622679926, 0.00014632931473287632, 0.0001465672488993392, 0.00035094246825575365, 0.00015740271777202198, 0.00014576578063134113, 0.0002469739188536273, 0.0002911940793241677, 0.00021919045523906505]","[0.9407114624505929, 0.9446640316205533, 0.9782608695652174, 0.908102766798419, 0.9664031620553359, 0.8666007905138341, 0.9575098814229249, 0.950592885375494, 0.9733201581027668, 0.9011857707509882, 0.9377470355731227, 0.9011857707509882, 0.9624505928853755, 0.9486166007905139, 0.9031620553359685, 0.9446640316205533, 0.9446640316205533, 0.9268774703557312, 0.9249011857707511, 0.8626482213438734, 0.9041501976284586, 0.9288537549407114, 0.9515810276679842, 0.9436758893280633, 0.8903162055335968, 0.8932806324110673, 0.9189723320158102, 0.8409090909090908, 0.8735177865612648, 0.9644268774703558]","[0.841897233201581, 0.8102766798418973, 0.9051383399209486, 0.7865612648221344, 0.8656126482213439, 0.7470355731225297, 0.8498023715415021, 0.83399209486166, 0.9051383399209486, 0.7628458498023716, 0.8023715415019763, 0.7707509881422926, 0.857707509881423, 0.841897233201581, 0.7707509881422926, 0.8181818181818182, 0.8102766798418973, 0.8102766798418973, 0.8102766798418973, 0.7154150197628459, 0.7865612648221344, 0.8102766798418973, 0.841897233201581, 0.8181818181818182, 0.7628458498023716, 0.7470355731225297, 0.7786561264822134, 0.7391304347826086, 0.7312252964426879, 0.8656126482213439]","[1.0, 0.6666666666666666, 1.0, 1.0, 1.0, 0.6666666666666666, 1.0, 1.0, 1.0, 1.0, 1.0, 1.0, 1.0, 1.0, 1.0, 1.0, 1.0, 1.0, 1.0, 1.0, 1.0, 1.0, 1.0, 1.0, 1.0, 1.0, 1.0, 1.0, 1.0, 1.0]","[1.0, 0.8, 0.8, 0.8, 1.0, 1.0, 1.0, 0.8, 0.8, 0.8, 1.0, 0.8, 1.0, 0.8, 0.8, 0.8, 1.0, 1.0, 1.0, 0.8, 0.8, 1.0, 1.0, 0.8, 0.8, 1.0, 0.8, 1.0, 1.0, 0.8]"
credit,mlp,1000,6,23,b4_antithetic,0.00038622454396507335,3.596148084605119e-05,1.679237147674232e-05,1.5635426454804866e-06,0.00037411845282572657,0.00039810305976277136,0.7273113742534457,0.9049077733860343,0.018888227843849834,0.8984840250329381,0.9115950263504611,0.7620553359683796,0.0325521528384589,1.0,0.0,0.8133333333333336,0.04988876515698586,9.159830595115229e-07,0.0,1000.0,0.1825778166647069,0.006509157237793755,1000.0,"[0.0004010368541298684, 0.00039553101588703823, 0.0004027062243986386, 0.0004088110361126294, 0.0003498217339815669, 0.00047008260143388433, 0.0003811753318739825, 0.00037777255574420485, 0.00037151441731957097, 0.0004424864464042789, 0.00037238232754805567, 0.0004200766542736283, 0.0003993928888019837, 0.0003024237738269941, 0.00042815580538296534, 0.00038364809586687227, 0.000317818289203915, 0.0003691355643224863, 0.00035026097044216263, 0.0003550282943724349, 0.0004177626157148629, 0.0003607013556338742, 0.0004268419892939836, 0.00040627534829311207, 0.000385199925225285, 0.00039518760735913496, 0.0003640826713214323, 0.00032974558602879704, 0.00041583807606964713, 0.00038584026268490825]","[0.9061264822134387, 0.91600790513834, 0.8794466403162056, 0.8883399209486167, 0.950592885375494, 0.8794466403162056, 0.8982213438735178, 0.900197628458498, 0.9179841897233202, 0.8982213438735178, 0.8992094861660079, 0.8814229249011858, 0.9150197628458498, 0.950592885375494, 0.9071146245059288, 0.9061264822134387, 0.8725296442687748, 0.9130434782608695, 0.9140316205533597, 0.9258893280632412, 0.8774703557312253, 0.8952569169960475, 0.8952569169960475, 0.9120553359683794, 0.91600790513834, 0.9051383399209486, 0.9120553359683794, 0.9308300395256918, 0.8962450592885376, 0.8873517786561266]","[0.7628458498023716, 0.7865612648221344, 0.7154150197628459, 0.7312252964426879, 0.841897233201581, 0.7075098814229249, 0.7391304347826086, 0.7628458498023716, 0.7944664031620553, 0.7470355731225297, 0.7628458498023716, 0.7154150197628459, 0.7865612648221344, 0.8260869565217391, 0.7707509881422926, 0.7549407114624506, 0.7233201581027668, 0.7786561264822134, 0.7865612648221344, 0.8023715415019763, 0.7075098814229249, 0.7628458498023716, 0.7470355731225297, 0.7470355731225297, 0.7786561264822134, 0.7786561264822134, 0.7786561264822134, 0.7865612648221344, 0.7391304347826086, 0.7391304347826086]","[1.0, 1.0, 1.0, 1.0, 1.0, 1.0, 1.0, 1.0, 1.0, 1.0, 1.0, 1.0, 1.0, 1.0, 1.0, 1.0, 1.0, 1.0, 1.0, 1.0, 1.0, 1.0, 1.0, 1.0, 1.0, 1.0, 1.0, 1.0, 1.0, 1.0]","[0.8, 0.8, 0.8, 0.8, 0.8, 0.8, 0.8, 0.8, 0.8, 0.8, 0.8, 0.8, 0.8, 0.8, 0.8, 0.8, 0.8, 1.0, 0.8, 0.8, 0.8, 1.0, 0.8, 0.8, 0.8, 0.8, 0.8, 0.8, 0.8, 0.8]"
credit,mlp,1000,7,23,abc_shap,0.0014458067689958377,0.0007128512449144162,6.286116386938424e-05,3.099353238758332e-05,0.0011921960506761319,0.0017113430594365984,5.814554535819873,0.6169301712779973,0.11333417267297705,0.5776144598155468,0.6553820816864295,0.457707509881423,0.0910887838555771,0.6555555555555554,0.18223577185396364,0.68,0.14236104336041747,5.9210982453339945e-05,828.0,172.0,0.21642189333894446,0.004457977828778922,828.0,"[0.0027623061972074973, 0.00203842138884697, 0.0008511606677312225, 0.0009625921299309938, 0.0007035834874929074, 0.002355551120399351, 0.0016163701666179872, 0.0007009550445014806, 0.0021217473333656656, 0.0017220098992575981, 0.003003602113983143, 0.0012961579781408568, 0.0011217910824345343, 0.0008713716150462934, 0.001809017525063576, 0.0005726878358222271, 0.0010480448816645703, 0.001729739361781278, 0.0018934904772835632, 0.001111872114499316, 0.001573571740322992, 0.0006674408115301357, 0.0010194485385381917, 0.001112836988834641, 0.0008298669633968743, 0.0011358999241527562, 0.0009679400254422464, 0.0032524760353639186, 0.0006295990200844362, 0.0018926506011379077]","[0.608695652173913, 0.5316205533596838, 0.6689723320158103, 0.6383399209486166, 0.7144268774703557, 0.591897233201581, 0.6897233201581028, 0.6442687747035574, 0.4367588932806324, 0.7638339920948617, 0.8122529644268776, 0.5237154150197628, 0.6452569169960475, 0.5721343873517787, 0.7341897233201582, 0.8260869565217392, 0.5365612648221344, 0.674901185770751, 0.49802371541501983, 0.6946640316205535, 0.5276679841897233, 0.6709486166007905, 0.5059288537549407, 0.6857707509881423, 0.7381422924901185, 0.6067193675889329, 0.4535573122529644, 0.3409090909090909, 0.6857707509881423, 0.48616600790513836]","[0.4545454545454546, 0.391304347826087, 0.4940711462450593, 0.4782608695652174, 0.541501976284585, 0.42292490118577075, 0.5177865612648221, 0.47035573122529645, 0.3280632411067194, 0.5731225296442688, 0.6363636363636365, 0.36758893280632415, 0.4782608695652174, 0.42292490118577075, 0.541501976284585, 0.6363636363636365, 0.42292490118577075, 0.525691699604743, 0.35968379446640314, 0.5019762845849802, 0.383399209486166, 0.4782608695652174, 0.383399209486166, 0.5177865612648221, 0.541501976284585, 0.42292490118577075, 0.30434782608695654, 0.23320158102766797, 0.5019762845849802, 0.3992094861660079]","[0.6666666666666666, 0.6666666666666666, 0.6666666666666666, 0.6666666666666666, 1.0, 0.6666666666666666, 1.0, 0.6666666666666666, 0.6666666666666666, 0.3333333333333333, 0.6666666666666666, 1.0, 0.6666666666666666, 0.6666666666666666, 0.6666666666666666, 0.6666666666666666, 1.0, 0.6666666666666666, 0.3333333333333333, 0.6666666666666666, 0.6666666666666666, 0.6666666666666666, 0.6666666666666666, 0.6666666666666666, 0.3333333333333333, 0.3333333333333333, 0.6666666666666666, 0.3333333333333333, 0.6666666666666666, 0.6666666666666666]","[0.6, 0.6, 0.6, 0.6, 1.0, 0.8, 0.8, 0.8, 0.8, 0.6, 0.6, 0.6, 0.8, 0.8, 0.6, 0.8, 0.8, 0.6, 0.4, 0.8, 0.8, 0.8, 0.8, 0.6, 0.6, 0.4, 0.6, 0.4, 0.8, 0.6]"
credit,mlp,1000,7,23,b1_uniform,0.0002050022908439381,8.191845563875391e-05,8.913143080171222e-06,3.5616719842936483e-06,0.0001780524951933924,0.00023622457252966755,0.8244511131373163,0.8418642951251646,0.055655301148936194,0.8220429841897232,0.8614995059288537,0.6779973649538866,0.06483284507204465,0.8111111111111112,0.1651785416368723,0.7000000000000003,0.11254628677422758,5.5058498375230455e-06,0.0,1000.0,0.18649601666935875,0.0029606535762914457,1000.0,"[0.00016049356086578786, 0.0003136323763256977, 0.00035707461901389085, 0.0001505823491995514, 0.00015689274677607913, 0.00022082136205565323, 0.00015109115453393793, 0.00011780324220032022, 0.00019724846295447317, 0.00018505921769127753, 0.00014983272923611697, 0.00016267865231082979, 0.00020665045489293515, 0.0003794608020115829, 0.00013284421865213691, 0.0002721598746492393, 0.00020052833797992226, 0.00013516759146594605, 0.00018278844599523315, 0.0004004372774413012, 0.00019034208397113853, 0.00013367587548178137, 0.00011138792716056906, 0.00011187692640479576, 0.0003039887002598643, 0.00012048903133851772, 0.00016294085695291944, 0.0003315466864502874, 0.000248275254363492, 0.00020229790668286363]","[0.8379446640316206, 0.700592885375494, 0.7786561264822135, 0.8606719367588934, 0.8774703557312253, 0.7835968379446642, 0.8646245059288538, 0.8537549407114625, 0.8132411067193677, 0.8527667984189724, 0.8646245059288538, 0.8685770750988143, 0.7984189723320158, 0.758893280632411, 0.8992094861660079, 0.8211462450592886, 0.8033596837944664, 0.9169960474308301, 0.8903162055335968, 0.6966403162055337, 0.8527667984189724, 0.9209486166007905, 0.9090909090909092, 0.8527667984189724, 0.8705533596837944, 0.8893280632411068, 0.8586956521739131, 0.8389328063241107, 0.8221343873517787, 0.8992094861660079]","[0.6600790513833992, 0.5098814229249012, 0.6126482213438735, 0.7075098814229249, 0.7154150197628459, 0.5968379446640317, 0.6837944664031621, 0.6758893280632412, 0.6600790513833992, 0.7154150197628459, 0.6679841897233202, 0.7154150197628459, 0.6284584980237155, 0.5968379446640317, 0.7391304347826086, 0.6363636363636365, 0.6284584980237155, 0.7707509881422926, 0.6996047430830039, 0.525691699604743, 0.6996047430830039, 0.8023715415019763, 0.7391304347826086, 0.691699604743083, 0.7233201581027668, 0.7391304347826086, 0.691699604743083, 0.6837944664031621, 0.6679841897233202, 0.7549407114624506]","[0.6666666666666666, 0.6666666666666666, 0.6666666666666666, 0.6666666666666666, 0.6666666666666666, 1.0, 0.6666666666666666, 0.6666666666666666, 0.6666666666666666, 1.0, 1.0, 1.0, 0.6666666666666666, 0.6666666666666666, 1.0, 1.0, 0.6666666666666666, 1.0, 0.6666666666666666, 1.0, 0.6666666666666666, 1.0, 0.6666666666666666, 0.6666666666666666, 1.0, 1.0, 0.6666666666666666, 0.6666666666666666, 1.0, 1.0]","[0.6, 0.8, 0.8, 0.8, 0.8, 0.6, 0.6, 0.8, 0.6, 0.6, 0.8, 0.8, 0.8, 0.8, 0.6, 0.6, 0.8, 0.6, 0.4, 0.6, 0.8, 0.8, 0.6, 0.8, 0.6, 0.8, 0.8, 0.8, 0.6, 0.6]"
credit,mlp,1000,7,23,b2_stratified,0.00024865305847406136,0.000141888041963955,1.0811002542350494e-05,6.169045302780652e-06,0.0001987231479556306,0.0002999582351418185,1.0,0.8809947299077734,0.050895680771431584,0.8632032279314891,0.8992094861660079,0.7422924901185771,0.06279818545320903,0.8111111111111112,0.1651785416368723,0.8533333333333335,0.11469767022723502,1.033119053276178e-05,0.0,1000.0,0.18873492666850022,0.002808668853748171,1000.0,"[0.0002665558054519378, 0.00014300054625475837, 0.00023817449449427996, 0.00042105842796015297, 0.0004535294355810568, 0.0005681506831008947, 0.00013458492415724968, 0.00012398641680961411, 0.0001989966730740074, 0.00010098482479580358, 0.00032480985365014375, 0.00018828711933151332, 0.00017240307650910158, 0.0001231208083486008, 0.00037776733353135725, 0.00018706978533730405, 0.00018449436861974177, 0.0003315805431126109, 0.000469376727496745, 0.00020747741319043507, 0.0005820061642285963, 0.00012326966292948777, 0.00018561703596055136, 0.00027857342710840735, 0.00014006010915221915, 0.0003768571405262508, 0.00010854646252778976, 6.328450540790184e-05, 6.501352760354963e-05, 0.0003209544579697789]","[0.9278656126482213, 0.9021739130434783, 0.766798418972332, 0.8063241106719368, 0.8003952569169961, 0.8458498023715416, 0.8814229249011858, 0.9792490118577075, 0.9041501976284586, 0.9100790513833993, 0.782608695652174, 0.8567193675889329, 0.8903162055335968, 0.933794466403162, 0.8863636363636364, 0.8181818181818183, 0.892292490118577, 0.9011857707509882, 0.8646245059288538, 0.8231225296442688, 0.908102766798419, 0.9426877470355731, 0.9199604743083004, 0.8903162055335968, 0.908102766798419, 0.8972332015810277, 0.824110671936759, 0.9426877470355731, 0.8982213438735178, 0.9249011857707511]","[0.8102766798418973, 0.7312252964426879, 0.6758893280632412, 0.6442687747035574, 0.6205533596837944, 0.6837944664031621, 0.7154150197628459, 0.9051383399209486, 0.7865612648221344, 0.7786561264822134, 0.6442687747035574, 0.7233201581027668, 0.7233201581027668, 0.8102766798418973, 0.7233201581027668, 0.6996047430830039, 0.7391304347826086, 0.7391304347826086, 0.7312252964426879, 0.6837944664031621, 0.7470355731225297, 0.8498023715415021, 0.8023715415019763, 0.7391304347826086, 0.8023715415019763, 0.7470355731225297, 0.6679841897233202, 0.8023715415019763, 0.7549407114624506, 0.7865612648221344]","[1.0, 0.6666666666666666, 1.0, 0.6666666666666666, 0.6666666666666666, 0.6666666666666666, 0.6666666666666666, 1.0, 1.0, 1.0, 0.6666666666666666, 1.0, 0.6666666666666666, 0.6666666666666666, 0.6666666666666666, 1.0, 0.6666666666666666, 0.6666666666666666, 0.6666666666666666, 0.6666666666666666, 0.6666666666666666, 0.6666666666666666, 1.0, 1.0, 1.0, 1.0, 0.6666666666666666, 1.0, 1.0, 0.6666666666666666]","[1.0, 0.8, 0.8, 0.8, 1.0, 0.8, 1.0, 1.0, 1.0, 0.8, 0.8, 1.0, 1.0, 0.8, 0.8, 1.0, 0.8, 0.8, 0.8, 0.8, 0.8, 0.8, 1.0, 0.6, 1.0, 0.6, 0.8, 0.8, 0.8, 0.8]"
credit,mlp,1000,7,23,b3_is,9.208057039014305e-05,4.751495180345685e-05,4.003503060441002e-06,2.065867469715515e-06,7.580783490052197e-05,0.00010929738211272569,0.37031746544854416,0.9407444005270093,0.020014021974921248,0.9332666337285904,0.9474662384716733,0.8274044795783927,0.039687853559594574,0.8666666666666667,0.16329931618554525,0.8266666666666668,0.09977753031397177,3.276534092777242e-06,0.0,1000.0,0.20956709333598458,0.0020415539727655233,1000.0,"[4.499874008880621e-05, 0.00014484758529082688, 0.00012543519136677556, 3.917397730765758e-05, 5.943033001091457e-05, 0.0002115660662084854, 0.00017220294029683694, 0.0001497082078126521, 4.815689553189413e-05, 7.367027208595189e-05, 0.0001673948479702842, 2.772530641864125e-05, 0.0001224020246109943, 6.0008068102589423e-05, 9.541134968143967e-05, 7.053025222641111e-05, 0.0001831206565104895, 7.652893897215655e-05, 7.198766443272232e-05, 5.522700288456097e-05, 6.623232012393264e-05, 7.460534194242329e-05, 6.993334010361428e-05, 4.724834836461144e-05, 5.3940335591054744e-05, 9.056783880263688e-05, 9.389184436619292e-05, 7.778382867621942e-05, 5.082623526763602e-05, 0.0001378613606548791]","[0.9347826086956521, 0.9535573122529646, 0.9219367588932808, 0.9555335968379446, 0.9762845849802372, 0.9693675889328063, 0.9575098814229249, 0.9357707509881423, 0.9387351778656127, 0.9535573122529646, 0.9268774703557312, 0.9575098814229249, 0.9318181818181819, 0.941699604743083, 0.9466403162055337, 0.9249011857707511, 0.9120553359683794, 0.9673913043478262, 0.9258893280632412, 0.9258893280632412, 0.8873517786561266, 0.9100790513833993, 0.950592885375494, 0.9318181818181819, 0.9723320158102767, 0.9397233201581027, 0.9239130434782609, 0.9624505928853755, 0.9515810276679842, 0.9347826086956521]","[0.8023715415019763, 0.8498023715415021, 0.7865612648221344, 0.8893280632411068, 0.9051383399209486, 0.8814229249011858, 0.841897233201581, 0.8023715415019763, 0.83399209486166, 0.857707509881423, 0.7865612648221344, 0.857707509881423, 0.8102766798418973, 0.83399209486166, 0.8260869565217391, 0.7944664031620553, 0.7628458498023716, 0.8656126482213439, 0.7944664031620553, 0.7944664031620553, 0.7628458498023716, 0.7707509881422926, 0.841897233201581, 0.8102766798418973, 0.8972332015810277, 0.8181818181818182, 0.7944664031620553, 0.8814229249011858, 0.857707509881423, 0.8102766798418973]","[1.0, 1.0, 1.0, 1.0, 1.0, 0.6666666666666666, 0.6666666666666666, 0.6666666666666666, 1.0, 1.0, 0.6666666666666666, 1.0, 0.6666666666666666, 1.0, 1.0, 0.6666666666666666, 0.6666666666666666, 1.0, 1.0, 0.6666666666666666, 1.0, 0.6666666666666666, 0.6666666666666666, 1.0, 1.0, 1.0, 0.6666666666666666, 1.0, 1.0, 0.6666666666666666]","[1.0, 1.0, 0.8, 0.8, 0.8, 0.8, 0.8, 1.0, 0.8, 0.8, 0.8, 0.8, 0.8, 1.0, 1.0, 0.6, 0.8, 0.8, 0.8, 0.8, 0.8, 0.8, 0.8, 0.6, 0.8, 0.8, 0.8, 1.0, 0.8, 0.8]"
credit,mlp,1000,7,23,b4_antithetic,0.00010961585789054113,1.945373142431462e-05,4.765906864806136e-06,8.458144097528096e-07,0.00010254573602320396,0.00011677578537635197,0.44083856664878257,0.9018115942028986,0.025852697301833774,0.8929487812911728,0.9106414690382083,0.7459815546772071,0.03649705337165909,0.8111111111111112,0.1651785416368723,0.6600000000000003,0.09165151389911681,5.471841501177607e-07,0.0,1000.0,0.18240634999820032,0.002141505359177895,1000.0,"[9.161966334534707e-05, 7.120291478079189e-05, 0.00010752248654623892, 0.00010832231349709605, 0.00011467693443227616, 0.00010389178386023315, 0.00010993881760312292, 0.00012106495662101235, 0.00010637242942121318, 0.0001310567227486904, 8.007779809544397e-05, 0.00012022534168711126, 0.0001471405964372498, 0.00015460716423402812, 0.00010966694559392357, 0.00013758571619124953, 9.718481650688247e-05, 9.009776332867012e-05, 0.0001014982839384432, 0.00010582037871488382, 0.00011605167342612491, 9.661876808127031e-05, 0.00011669931467066127, 9.090704639419685e-05, 0.0001390457491551401, 0.00010510424315530496, 8.892413576886283e-05, 8.121386676354346e-05, 0.00012575346504642982, 0.00011858364667079132]","[0.9031620553359685, 0.9466403162055337, 0.8982213438735178, 0.9258893280632412, 0.9041501976284586, 0.9150197628458498, 0.8903162055335968, 0.8932806324110673, 0.8883399209486167, 0.8833992094861661, 0.9229249011857708, 0.884387351778656, 0.8715415019762847, 0.8735177865612648, 0.8853754940711462, 0.8754940711462451, 0.9041501976284586, 0.9268774703557312, 0.9357707509881423, 0.9090909090909092, 0.892292490118577, 0.933794466403162, 0.91600790513834, 0.900197628458498, 0.8280632411067194, 0.9179841897233202, 0.9377470355731227, 0.9407114624505929, 0.8774703557312253, 0.8725296442687748]","[0.7391304347826086, 0.8260869565217391, 0.7233201581027668, 0.7865612648221344, 0.7470355731225297, 0.7707509881422926, 0.7233201581027668, 0.7391304347826086, 0.7391304347826086, 0.7312252964426879, 0.7628458498023716, 0.7154150197628459, 0.6996047430830039, 0.7075098814229249, 0.7154150197628459, 0.7075098814229249, 0.7391304347826086, 0.7865612648221344, 0.7786561264822134, 0.7470355731225297, 0.7233201581027668, 0.8023715415019763, 0.7786561264822134, 0.7233201581027668, 0.6679841897233202, 0.7628458498023716, 0.8023715415019763, 0.8023715415019763, 0.7154150197628459, 0.7154150197628459]","[0.6666666666666666, 0.6666666666666666, 0.6666666666666666, 0.6666666666666666, 0.6666666666666666, 1.0, 1.0, 0.6666666666666666, 0.6666666666666666, 1.0, 1.0, 0.6666666666666666, 0.6666666666666666, 1.0, 0.6666666666666666, 0.6666666666666666, 1.0, 1.0, 1.0, 0.6666666666666666, 0.6666666666666666, 1.0, 1.0, 0.6666666666666666, 0.6666666666666666, 1.0, 0.6666666666666666, 1.0, 0.6666666666666666, 1.0]","[0.6, 0.8, 0.6, 0.8, 0.6, 0.6, 0.6, 0.8, 0.8, 0.6, 0.8, 0.6, 0.6, 0.6, 0.6, 0.8, 0.6, 0.6, 0.6, 0.6, 0.6, 0.8, 0.8, 0.6, 0.6, 0.6, 0.6, 0.8, 0.6, 0.6]"
credit,mlp,1000,8,23,abc_shap,0.00545975749570046,0.0032055236770548792,0.00023738076068262868,0.00013937059465455996,0.004407148263500731,0.006666401162811595,6.356029952519983,0.47878787878787876,0.14344675602720142,0.42790925559947296,0.5300082345191041,0.340711462450593,0.10842054057177844,0.5,0.16666666666666669,0.5,0.1770122406313567,0.00022884670291833508,828.0,172.0,0.2154871366675555,0.0031577349914490224,828.0,"[0.003157180788904581, 0.0036516458124715716, 0.011193096852364972, 0.0022888776006544744, 0.006451650450715951, 0.005858706262804982, 0.00602495591040232, 0.004457427044355643, 0.006617452299812169, 0.002241260840242587, 0.00429310982235576, 0.004410410848639811, 0.0052873556228468736, 0.0031019529448645233, 0.006296941133330224, 0.004629686255767963, 0.007276049456069669, 0.0043595461093063675, 0.004120025464928909, 0.003003115295436725, 0.004408348592261302, 0.007374400138371063, 0.003093009239902725, 0.005809341149868873, 0.0033257487987800264, 0.012876633082472697, 0.003587161227947116, 0.0011818052635509924, 0.01675135938833067, 0.006664471173252243]","[0.40217391304347827, 0.7351778656126482, 0.5978260869565217, 0.5543478260869565, 0.44762845849802374, 0.358695652173913, 0.3982213438735178, 0.6689723320158103, 0.5859683794466404, 0.32608695652173914, 0.06422924901185771, 0.5, 0.6225296442687748, 0.4594861660079051, 0.25, 0.42885375494071143, 0.4990118577075099, 0.5375494071146245, 0.641304347826087, 0.5800395256916997, 0.5652173913043479, 0.47035573122529645, 0.2756916996047431, 0.34683794466403167, 0.4634387351778656, 0.45553359683794475, 0.4782608695652174, 0.7312252964426879, 0.3794466403162055, 0.5395256916996047]","[0.2648221343873518, 0.541501976284585, 0.42292490118577075, 0.3992094861660079, 0.28063241106719367, 0.28063241106719367, 0.28063241106719367, 0.4861660079051383, 0.3992094861660079, 0.2015810276679842, 0.06719367588932808, 0.3438735177865613, 0.46245059288537554, 0.3280632411067194, 0.16205533596837945, 0.3359683794466403, 0.391304347826087, 0.391304347826087, 0.4545454545454546, 0.40711462450592883, 0.391304347826087, 0.30434782608695654, 0.2015810276679842, 0.2490118577075099, 0.2885375494071147, 0.3438735177865613, 0.3280632411067194, 0.5731225296442688, 0.25691699604743085, 0.383399209486166]","[0.6666666666666666, 0.6666666666666666, 0.6666666666666666, 0.6666666666666666, 0.6666666666666666, 0.3333333333333333, 0.6666666666666666, 0.6666666666666666, 0.3333333333333333, 0.6666666666666666, 0.3333333333333333, 0.3333333333333333, 0.3333333333333333, 0.6666666666666666, 0.3333333333333333, 0.3333333333333333, 0.3333333333333333, 0.6666666666666666, 0.3333333333333333, 0.3333333333333333, 0.3333333333333333, 0.3333333333333333, 0.6666666666666666, 0.6666666666666666, 0.6666666666666666, 0.3333333333333333, 0.6666666666666666, 0.6666666666666666, 0.3333333333333333, 0.3333333333333333]","[0.4, 0.4, 0.8, 0.4, 0.4, 0.4, 0.4, 0.6, 0.6, 0.4, 0.4, 0.4, 0.6, 0.6, 0.4, 0.6, 0.4, 0.4, 0.8, 0.4, 0.6, 0.4, 0.4, 0.6, 1.0, 0.4, 0.6, 0.8, 0.2, 0.2]"
credit,mlp,1000,8,23,b1_uniform,0.0009568530063688788,0.00035231116080148314,4.160230462473386e-05,1.5317876556586223e-05,0.0008333010772667658,0.0010806420298768151,1.1139297621604574,0.6217720685111989,0.11221215651354713,0.5830360671936758,0.6598871870882741,0.46824769433465097,0.09741690997971512,0.7222222222222224,0.12422599874998833,0.6733333333333335,0.14126413400278062,3.1455052107397495e-05,0.0,1000.0,0.1873733166673143,0.007959629287822404,1000.0,"[0.0005338344806268128, 0.0010218680097434376, 0.0008581490360885527, 0.000827172183770634, 0.0007501076553774208, 0.0006192240008189331, 0.0005522904129255754, 0.0009341490173425413, 0.0006150501896050656, 0.0013097888362272763, 0.002096772485845863, 0.0005861133051651316, 0.0007810677541689589, 0.000987342919188531, 0.001364527254377079, 0.0006769120106966998, 0.0006388941173360312, 0.0015211719045373317, 0.001196772291420745, 0.0011375092357966015, 0.0012081686307501857, 0.0007821167519754659, 0.0012038796639649183, 0.0009944801234700214, 0.0008787338948576537, 0.0012575100282987126, 0.0007518771602069311, 0.000531473918076865, 0.0013890962474487156, 0.0006995366709576638]","[0.6452569169960475, 0.5958498023715416, 0.5464426877470356, 0.6126482213438735, 0.592885375494071, 0.8804347826086957, 0.7371541501976284, 0.6027667984189723, 0.6976284584980238, 0.5247035573122529, 0.4318181818181818, 0.641304347826087, 0.5869565217391304, 0.7075098814229249, 0.808300395256917, 0.6393280632411067, 0.7302371541501976, 0.3043478260869565, 0.5553359683794467, 0.5573122529644269, 0.5128458498023715, 0.5533596837944664, 0.7549407114624507, 0.5345849802371541, 0.66600790513834, 0.6452569169960475, 0.7312252964426879, 0.7213438735177865, 0.5879446640316206, 0.5474308300395258]","[0.47035573122529645, 0.42292490118577075, 0.41501976284584985, 0.44664031620553357, 0.44664031620553357, 0.6996047430830039, 0.5968379446640317, 0.4545454545454546, 0.525691699604743, 0.3754940711462451, 0.30434782608695654, 0.4782608695652174, 0.44664031620553357, 0.5731225296442688, 0.6126482213438735, 0.4545454545454546, 0.549407114624506, 0.22529644268774704, 0.3992094861660079, 0.383399209486166, 0.3754940711462451, 0.40711462450592883, 0.6126482213438735, 0.42292490118577075, 0.5019762845849802, 0.5019762845849802, 0.541501976284585, 0.5731225296442688, 0.42292490118577075, 0.40711462450592883]","[0.6666666666666666, 0.6666666666666666, 1.0, 0.6666666666666666, 0.6666666666666666, 0.6666666666666666, 0.6666666666666666, 0.6666666666666666, 1.0, 0.6666666666666666, 0.6666666666666666, 0.6666666666666666, 1.0, 1.0, 0.6666666666666666, 0.6666666666666666, 0.6666666666666666, 0.6666666666666666, 0.6666666666666666, 0.6666666666666666, 0.6666666666666666, 1.0, 0.6666666666666666, 0.6666666666666666, 0.6666666666666666, 0.6666666666666666, 0.6666666666666666, 0.6666666666666666, 0.6666666666666666, 0.6666666666666666]","[0.6, 0.4, 0.6, 0.6, 0.8, 0.8, 0.8, 0.6, 0.8, 0.6, 0.4, 0.6, 0.8, 0.6, 0.6, 0.8, 0.6, 0.6, 0.8, 0.6, 0.6, 0.8, 0.8, 0.6, 0.8, 0.8, 0.4, 0.6, 1.0, 0.8]"
credit,mlp,1000,8,23,b2_stratified,0.0008589886354352095,0.00044083458562159205,3.734733197544389e-05,1.9166721113982264e-05,0.0007151765464567136,0.0010261027350347241,1.0,0.7442687747035575,0.09440057298000899,0.7089542160737815,0.7766839591567853,0.5789196310935442,0.08333414050758141,0.7444444444444447,0.14098419489388353,0.7066666666666669,0.11234866364235147,3.5655247082422715e-05,0.0,1000.0,0.1898350466663639,0.0026697848880449454,1000.0,"[0.0006237284575543343, 0.0024534801024317697, 0.0006624213870631462, 0.0006391121687088777, 0.0010381083111552832, 0.0009661381968465984, 0.001177170736629599, 0.0004666842987591538, 0.000346245594503695, 0.0008611163253683224, 0.0005211276698675458, 0.0007801272462297392, 0.0005408883379655402, 0.0010355188066798384, 0.0014458202607044637, 0.0011235899859271643, 0.0011815939474783706, 0.0004955182481815454, 0.0004548048045807968, 0.0005582808666560301, 0.00029171860923301365, 0.001077101513439967, 0.0006809878902125964, 0.0016806926314436282, 0.0005136098035216879, 0.001093569121767659, 0.0008817728195483554, 0.0007061550588323729, 0.0009833397431855218, 0.0004892361185796668]","[0.8073122529644269, 0.4940711462450593, 0.7164031620553359, 0.8191699604743082, 0.6907114624505929, 0.7430830039525691, 0.5316205533596838, 0.8290513833992096, 0.8132411067193677, 0.5691699604743083, 0.7559288537549407, 0.758893280632411, 0.658102766798419, 0.642292490118577, 0.6719367588932806, 0.8191699604743082, 0.8063241106719368, 0.7677865612648223, 0.8320158102766799, 0.8725296442687748, 0.8942687747035574, 0.7015810276679841, 0.7430830039525691, 0.816205533596838, 0.8310276679841897, 0.7470355731225298, 0.7055335968379446, 0.7598814229249011, 0.708498023715415, 0.8221343873517787]","[0.6363636363636365, 0.383399209486166, 0.5652173913043478, 0.6758893280632412, 0.5335968379446641, 0.5968379446640317, 0.44664031620553357, 0.6442687747035574, 0.6442687747035574, 0.41501976284584985, 0.557312252964427, 0.6047430830039525, 0.4940711462450593, 0.4861660079051383, 0.4782608695652174, 0.6363636363636365, 0.6442687747035574, 0.5889328063241107, 0.6363636363636365, 0.6996047430830039, 0.7312252964426879, 0.5019762845849802, 0.5652173913043478, 0.6442687747035574, 0.6521739130434783, 0.557312252964427, 0.5652173913043478, 0.5968379446640317, 0.525691699604743, 0.6600790513833992]","[1.0, 0.6666666666666666, 1.0, 0.6666666666666666, 0.6666666666666666, 0.6666666666666666, 0.6666666666666666, 0.6666666666666666, 1.0, 1.0, 0.6666666666666666, 1.0, 0.6666666666666666, 0.6666666666666666, 0.6666666666666666, 0.6666666666666666, 1.0, 0.6666666666666666, 0.6666666666666666, 0.6666666666666666, 0.6666666666666666, 0.6666666666666666, 0.6666666666666666, 0.6666666666666666, 1.0, 0.6666666666666666, 0.6666666666666666, 0.6666666666666666, 0.6666666666666666, 0.6666666666666666]","[0.8, 0.6, 0.8, 0.8, 0.8, 0.8, 0.6, 0.8, 0.8, 0.6, 0.6, 0.6, 0.8, 0.6, 0.6, 0.8, 0.8, 0.6, 0.6, 1.0, 0.8, 0.6, 0.6, 0.6, 0.8, 0.6, 0.6, 0.8, 0.6, 0.8]"
credit,mlp,1000,8,23,b3_is,0.00038256227473287336,0.0002539342001807162,1.6633142379690145e-05,1.1040617399161575e-05,0.00029982623156075413,0.00048383828159913626,0.4453636043031546,0.8620223978919633,0.05009890085133433,0.8458465085639,0.8804100790513835,0.706719367588933,0.06358110187382732,0.688888888888889,0.08314794192830982,0.7866666666666668,0.14544949486180953,1.2445448440480803e-05,0.0,1000.0,0.21031238666910212,0.0017423052689035413,1000.0,"[0.0003390548554649274, 0.00030581842228554054, 0.0006191556607406986, 0.0003760661606648545, 0.00016131109683117928, 0.0005643944719706308, 0.0010467116915251866, 0.0001324677057567642, 0.000293946058434201, 0.00040927928913059796, 0.0002821147461806819, 0.00012672903239345073, 0.00020709884847124968, 0.0013175406781769166, 0.00021071306059997937, 0.0003956680590886012, 0.0002880007316716385, 0.00023060962474312244, 0.00032128474681977163, 0.00047586762752789736, 0.0003844633191975687, 0.0005534963654226008, 0.000501609944622214, 0.0003091521459384227, 0.0003322341924727486, 0.0004933339151316216, 0.00016134194563147586, 0.0003007068475820811, 9.505592157077576e-05, 0.00024164107593880026]","[0.8181818181818183, 0.882411067193676, 0.8705533596837944, 0.8942687747035574, 0.9308300395256918, 0.900197628458498, 0.8606719367588934, 0.9426877470355731, 0.8053359683794467, 0.8972332015810277, 0.775691699604743, 0.9110671936758895, 0.8794466403162056, 0.7638339920948617, 0.9041501976284586, 0.9110671936758895, 0.7875494071146245, 0.7954545454545455, 0.8547430830039526, 0.7835968379446642, 0.8260869565217392, 0.8636363636363636, 0.8201581027667983, 0.8903162055335968, 0.8735177865612648, 0.8379446640316206, 0.9496047430830039, 0.8774703557312253, 0.8478260869565217, 0.9051383399209486]","[0.6442687747035574, 0.7391304347826086, 0.691699604743083, 0.7075098814229249, 0.8102766798418973, 0.7391304347826086, 0.7233201581027668, 0.8260869565217391, 0.6679841897233202, 0.7233201581027668, 0.5810276679841897, 0.7944664031620553, 0.7391304347826086, 0.6126482213438735, 0.7707509881422926, 0.7549407114624506, 0.6521739130434783, 0.6363636363636365, 0.6837944664031621, 0.6205533596837944, 0.6363636363636365, 0.691699604743083, 0.6363636363636365, 0.7312252964426879, 0.7391304347826086, 0.6442687747035574, 0.8260869565217391, 0.7154150197628459, 0.7075098814229249, 0.7549407114624506]","[0.6666666666666666, 1.0, 0.6666666666666666, 0.6666666666666666, 0.6666666666666666, 0.6666666666666666, 0.6666666666666666, 0.6666666666666666, 0.6666666666666666, 0.6666666666666666, 0.6666666666666666, 0.6666666666666666, 0.6666666666666666, 1.0, 0.6666666666666666, 0.6666666666666666, 0.6666666666666666, 0.6666666666666666, 0.6666666666666666, 0.6666666666666666, 0.6666666666666666, 0.6666666666666666, 0.6666666666666666, 0.6666666666666666, 0.6666666666666666, 0.6666666666666666, 0.6666666666666666, 0.6666666666666666, 0.6666666666666666, 0.6666666666666666]","[0.6, 0.6, 0.6, 0.6, 0.8, 0.8, 1.0, 1.0, 1.0, 0.6, 0.6, 0.8, 0.8, 0.8, 1.0, 0.8, 0.8, 0.6, 0.8, 0.8, 0.6, 0.6, 0.8, 0.8, 1.0, 0.8, 1.0, 0.8, 1.0, 0.8]"
credit,mlp,1000,8,23,b4_antithetic,0.0002604496143120714,3.688809676182433e-05,1.1323896274437888e-05,1.6038302939923623e-06,0.00024724930526748756,0.0002740435815099182,0.303204959376574,0.8623188405797102,0.027115860055766303,0.8527972661396576,0.871904644268775,0.6974967061923584,0.034271811305168084,0.6666666666666669,2.220446049250313e-16,0.8133333333333336,0.07180219742846003,2.261143251673636e-06,0.0,1000.0,0.18187633666966577,0.0013814310711464143,1000.0,"[0.0003429201997183886, 0.0002592643388947881, 0.00023702625941806268, 0.00022446884979499682, 0.00028117439745569707, 0.0002642306418694221, 0.00026243866259872706, 0.0003020156862383764, 0.0002024310310150364, 0.00024251773611333485, 0.0002759679723024595, 0.00026548058860138276, 0.00034193225989362613, 0.00023115829751531628, 0.00027991304670575646, 0.00024560788028815173, 0.00021522275207384433, 0.0003112023559964441, 0.0002492932091908197, 0.0002676797826535911, 0.00025321026232317075, 0.00022835070266451042, 0.0001878299786825229, 0.00027689799344269883, 0.00020473234637146545, 0.0002948136744938809, 0.0002951388676950456, 0.00026488305357419894, 0.0002740682482430006, 0.00023161735353342794]","[0.8606719367588934, 0.8863636363636364, 0.8853754940711462, 0.8557312252964427, 0.9140316205533597, 0.8666007905138341, 0.884387351778656, 0.8270750988142292, 0.8666007905138341, 0.8478260869565217, 0.8260869565217392, 0.8685770750988143, 0.8191699604743082, 0.8666007905138341, 0.8567193675889329, 0.8774703557312253, 0.8735177865612648, 0.8171936758893281, 0.8290513833992096, 0.8577075098814229, 0.8774703557312253, 0.8656126482213439, 0.8774703557312253, 0.8646245059288538, 0.8616600790513835, 0.892292490118577, 0.8023715415019764, 0.9051383399209486, 0.8320158102766799, 0.9041501976284586]","[0.7154150197628459, 0.7233201581027668, 0.7154150197628459, 0.691699604743083, 0.7470355731225297, 0.691699604743083, 0.7312252964426879, 0.6442687747035574, 0.6996047430830039, 0.6837944664031621, 0.6205533596837944, 0.6996047430830039, 0.7075098814229249, 0.7154150197628459, 0.6758893280632412, 0.6996047430830039, 0.6996047430830039, 0.6284584980237155, 0.6679841897233202, 0.6758893280632412, 0.7075098814229249, 0.6996047430830039, 0.7391304347826086, 0.7312252964426879, 0.691699604743083, 0.7233201581027668, 0.6284584980237155, 0.7628458498023716, 0.6758893280632412, 0.7312252964426879]","[0.6666666666666666, 0.6666666666666666, 0.6666666666666666, 0.6666666666666666, 0.6666666666666666, 0.6666666666666666, 0.6666666666666666, 0.6666666666666666, 0.6666666666666666, 0.6666666666666666, 0.6666666666666666, 0.6666666666666666, 0.6666666666666666, 0.6666666666666666, 0.6666666666666666, 0.6666666666666666, 0.6666666666666666, 0.6666666666666666, 0.6666666666666666, 0.6666666666666666, 0.6666666666666666, 0.6666666666666666, 0.6666666666666666, 0.6666666666666666, 0.6666666666666666, 0.6666666666666666, 0.6666666666666666, 0.6666666666666666, 0.6666666666666666, 0.6666666666666666]","[0.8, 0.8, 0.8, 0.8, 0.8, 0.8, 0.8, 0.6, 0.8, 0.8, 0.8, 0.8, 0.8, 1.0, 0.8, 1.0, 0.8, 0.8, 0.8, 0.8, 0.8, 0.8, 1.0, 0.8, 0.8, 0.8, 0.8, 0.8, 0.8, 0.8]"
credit,mlp,1000,9,23,abc_shap,0.002110333834415269,0.0009474181728928096,9.175364497457691e-05,4.119209447360041e-05,0.0017676314953004877,0.0024515502270316103,5.57081400674796,0.5935770750988143,0.18647411034229733,0.5235638998682476,0.6555195981554678,0.45191040843214764,0.15000797031091093,0.5555555555555555,0.15713484026367724,0.5666666666666667,0.17950549357115014,8.433892244708412e-05,828.0,172.0,0.21516929000014595,0.002373193698156641,828.0,"[0.0017245974712237365, 0.002326516431228969, 0.004078406650970294, 0.0018225240522122856, 0.0025626923256671184, 0.002029398460345886, 0.0013746923133637415, 0.0038452997993583364, 0.0023499866052830317, 0.0015542099371562885, 0.0024492006396574025, 0.002337684221782599, 0.001866448647984035, 0.0014770366030685972, 0.0007317392566827711, 0.001566242733865705, 0.000803647659145235, 0.00303066741171589, 0.002477577737667493, 0.001955923539191745, 0.004780406139082057, 0.003284463282619141, 0.001061409603891933, 0.0015760531952972202, 0.002358174194237487, 0.0012124777559394473, 0.0008316728978285808, 0.0015449125675698295, 0.0025905727909066134, 0.0017053801075146001]","[0.6996047430830039, 0.28260869565217395, 0.567193675889328, 0.7638339920948617, 0.46640316205533605, 0.7035573122529645, 0.66600790513834, 0.2648221343873518, 0.6719367588932806, 0.8320158102766799, 0.7272727272727272, 0.8073122529644269, 0.5721343873517787, 0.6976284584980238, 0.6057312252964426, 0.7114624505928854, 0.816205533596838, 0.4100790513833992, 0.015810276679841896, 0.6976284584980238, 0.7292490118577075, 0.5009881422924901, 0.6373517786561265, 0.58399209486166, 0.7816205533596838, 0.6798418972332015, 0.6808300395256918, 0.47035573122529645, 0.3843873517786562, 0.3794466403162055]","[0.5335968379446641, 0.17786561264822134, 0.4308300395256917, 0.6047430830039525, 0.3754940711462451, 0.5177865612648221, 0.5019762845849802, 0.22529644268774704, 0.4861660079051383, 0.6521739130434783, 0.5335968379446641, 0.6363636363636365, 0.4545454545454546, 0.5335968379446641, 0.42292490118577075, 0.5652173913043478, 0.6679841897233202, 0.30434782608695654, 0.019762845849802372, 0.549407114624506, 0.5810276679841897, 0.36758893280632415, 0.47035573122529645, 0.4308300395256917, 0.6047430830039525, 0.5177865612648221, 0.5177865612648221, 0.3438735177865613, 0.25691699604743085, 0.2727272727272727]","[0.6666666666666666, 0.3333333333333333, 0.3333333333333333, 0.6666666666666666, 0.6666666666666666, 0.6666666666666666, 0.6666666666666666, 0.3333333333333333, 0.3333333333333333, 0.6666666666666666, 0.3333333333333333, 0.6666666666666666, 0.6666666666666666, 0.6666666666666666, 0.3333333333333333, 0.6666666666666666, 0.6666666666666666, 0.3333333333333333, 0.3333333333333333, 0.6666666666666666, 0.6666666666666666, 0.6666666666666666, 0.3333333333333333, 0.6666666666666666, 0.6666666666666666, 0.6666666666666666, 0.6666666666666666, 0.6666666666666666, 0.6666666666666666, 0.3333333333333333]","[0.8, 0.2, 0.4, 0.8, 0.6, 0.6, 0.6, 0.6, 0.4, 0.6, 0.4, 0.8, 0.6, 0.8, 0.4, 0.4, 0.8, 0.4, 0.4, 0.6, 0.8, 0.4, 0.8, 0.8, 0.4, 0.4, 0.6, 0.4, 0.8, 0.4]"
credit,mlp,1000,9,23,b1_uniform,0.0003732661281457156,0.00011122948471230365,1.622896209329198e-05,4.836064552708854e-06,0.00033464527160505627,0.00041403156194678867,0.985339921583966,0.7662055335968382,0.06843416288151784,0.7414673913043477,0.7893074769433465,0.5976284584980237,0.07599767189260383,0.8666666666666667,0.16329931618554525,0.7200000000000001,0.1107549848389077,6.5109563232113e-06,0.0,1000.0,0.18526609333251448,0.002103548078664228,1000.0,"[0.0003182670770371843, 0.00038043992277040777, 0.00033964697455264673, 0.00019113601140939733, 0.0003881304471574197, 0.0005847873146826984, 0.0004747217454200788, 0.0005936618042475777, 0.00030187093594029134, 0.000497442510411198, 0.00021314383069621684, 0.0004632549680792325, 0.00021812200860777702, 0.00038006982010629713, 0.0005365594275827611, 0.0003717476216138546, 0.00033143239129288285, 0.0003525048092954601, 0.0004801181279276141, 0.00026072661367899583, 0.0002695323255809485, 0.0002588803858481958, 0.0003756741814706083, 0.00022699883468026643, 0.0003828683888942908, 0.0005194733851843498, 0.00031069463591474087, 0.00027760969414304627, 0.0005097752283631089, 0.00038869242178191706]","[0.8547430830039526, 0.8003952569169961, 0.7322134387351779, 0.9021739130434783, 0.7035573122529645, 0.592885375494071, 0.6857707509881423, 0.6996047430830039, 0.7697628458498025, 0.6877470355731226, 0.8112648221343874, 0.8507905138339922, 0.8112648221343874, 0.8132411067193677, 0.7509881422924901, 0.8725296442687748, 0.7460474308300395, 0.7164031620553359, 0.6600790513833992, 0.7924901185770751, 0.7618577075098815, 0.8507905138339922, 0.7816205533596838, 0.8409090909090908, 0.7391304347826088, 0.7055335968379446, 0.7806324110671937, 0.7816205533596838, 0.7786561264822135, 0.7114624505928854]","[0.6996047430830039, 0.6521739130434783, 0.5177865612648221, 0.7549407114624506, 0.549407114624506, 0.42292490118577075, 0.5335968379446641, 0.5177865612648221, 0.6047430830039525, 0.525691699604743, 0.6758893280632412, 0.6758893280632412, 0.6679841897233202, 0.6205533596837944, 0.5731225296442688, 0.7233201581027668, 0.549407114624506, 0.5652173913043478, 0.46245059288537554, 0.6047430830039525, 0.6047430830039525, 0.6837944664031621, 0.5810276679841897, 0.6521739130434783, 0.5810276679841897, 0.5177865612648221, 0.6442687747035574, 0.6205533596837944, 0.6126482213438735, 0.5335968379446641]","[1.0, 0.6666666666666666, 1.0, 1.0, 1.0, 1.0, 1.0, 0.6666666666666666, 0.6666666666666666, 0.6666666666666666, 1.0, 1.0, 1.0, 1.0, 0.6666666666666666, 1.0, 0.6666666666666666, 0.6666666666666666, 0.6666666666666666, 0.6666666666666666, 1.0, 0.6666666666666666, 1.0, 1.0, 1.0, 1.0, 1.0, 1.0, 0.6666666666666666, 0.6666666666666666]","[0.8, 0.8, 0.6, 0.8, 0.6, 0.8, 0.8, 0.6, 0.8, 0.6, 0.6, 0.8, 0.8, 0.6, 0.6, 0.8, 0.8, 0.8, 0.8, 0.8, 0.8, 0.8, 0.6, 0.6, 0.6, 0.8, 0.8, 0.8, 0.8, 0.4]"
credit,mlp,1000,9,23,b2_stratified,0.0003788196539785764,0.00013834815180624026,1.6470419738198974e-05,6.015137035053925e-06,0.00032891466044654785,0.0004232552298066252,1.0,0.8666666666666667,0.05249440762725542,0.8487738801054018,0.8859387351778656,0.7291172595520421,0.06300791438136007,0.8333333333333334,0.18757714462371258,0.6866666666666669,0.1765093639316497,1.4843166636216292e-05,0.0,1000.0,0.18803788666652205,0.0017958060525688593,1000.0,"[0.00034081077439438747, 9.577077122562924e-05, 0.0003766697301841755, 0.00017386453132700824, 0.00037000858990178303, 0.0006139055975315959, 0.0006582464637854495, 0.0003953063165275227, 0.00037492848902062544, 0.0003315672801597213, 0.00023510922993401714, 0.0004921823659840257, 0.000389862460529172, 0.000538350579669316, 0.000278286426874457, 0.00016428193695084138, 0.0004979411521455101, 0.00010571083403010033, 0.00034551666484468655, 0.0005156634348984785, 0.000351590297421811, 0.00038909352262697536, 0.0005147763543344095, 0.00042310462155816783, 0.00039880299564338086, 0.0003411776172890869, 0.0005166519166161421, 0.00028966875084001487, 0.0005587626777615778, 0.0002869772353472218]","[0.8320158102766799, 0.9624505928853755, 0.8409090909090908, 0.8962450592885376, 0.8458498023715416, 0.8112648221343874, 0.8043478260869565, 0.8300395256916996, 0.9446640316205533, 0.8972332015810277, 0.9308300395256918, 0.8932806324110673, 0.8626482213438734, 0.8685770750988143, 0.9239130434782609, 0.9041501976284586, 0.8468379446640316, 0.8992094861660079, 0.8320158102766799, 0.7717391304347826, 0.9071146245059288, 0.9011857707509882, 0.7786561264822135, 0.9239130434782609, 0.8310276679841897, 0.9624505928853755, 0.7984189723320158, 0.8428853754940712, 0.8023715415019764, 0.8537549407114625]","[0.6996047430830039, 0.857707509881423, 0.7075098814229249, 0.7707509881422926, 0.7075098814229249, 0.6363636363636365, 0.6284584980237155, 0.7154150197628459, 0.8181818181818182, 0.7549407114624506, 0.7944664031620553, 0.7312252964426879, 0.7154150197628459, 0.7233201581027668, 0.7944664031620553, 0.7865612648221344, 0.691699604743083, 0.7707509881422926, 0.6442687747035574, 0.6442687747035574, 0.7628458498023716, 0.7628458498023716, 0.6363636363636365, 0.7944664031620553, 0.7233201581027668, 0.857707509881423, 0.6521739130434783, 0.6758893280632412, 0.691699604743083, 0.7233201581027668]","[1.0, 1.0, 0.6666666666666666, 0.6666666666666666, 0.6666666666666666, 0.6666666666666666, 0.6666666666666666, 1.0, 0.6666666666666666, 1.0, 0.6666666666666666, 1.0, 1.0, 1.0, 0.6666666666666666, 1.0, 0.3333333333333333, 1.0, 0.6666666666666666, 1.0, 0.6666666666666666, 0.6666666666666666, 1.0, 0.6666666666666666, 1.0, 1.0, 1.0, 0.6666666666666666, 1.0, 1.0]","[0.8, 0.6, 0.6, 0.6, 1.0, 0.4, 0.4, 0.6, 0.6, 0.8, 0.6, 1.0, 0.6, 0.8, 0.4, 1.0, 0.8, 0.6, 0.6, 0.6, 0.8, 0.6, 0.6, 0.6, 1.0, 0.8, 1.0, 0.6, 0.6, 0.6]"
credit,mlp,1000,9,23,b3_is,0.00013628944754952218,6.579926787040431e-05,5.925628154327051e-06,2.8608377334958397e-06,0.00011380147017587282,0.00016037977400235523,0.35977396135109146,0.9093214756258233,0.061669729222999084,0.8870503952569169,0.9297472002635047,0.8021080368906455,0.06407498111669513,1.0,0.0,0.7733333333333335,0.11234866364235147,4.662270211873018e-06,0.0,1000.0,0.21035102999885566,0.001924117908278519,1000.0,"[0.0002839148882797652, 0.00014153565571287235, 0.00010176324900146653, 9.830977895723153e-05, 0.00015523408336144977, 8.018460664680308e-05, 0.00012270636748670644, 0.00012344816311003618, 0.00022710560726802793, 4.423490547589176e-05, 0.00011093286591368222, 8.885685684963004e-05, 0.00022990664066517425, 0.00016255324949064384, 0.00029624356791686356, 8.396002575676551e-05, 0.0002197863771864186, 0.00014539686252278315, 4.884664716330632e-05, 0.00014815705301367274, 0.00014404485732430266, 8.071518465594475e-05, 0.00017574276098140343, 4.025553506040504e-05, 7.96485995362801e-05, 9.726060427168162e-05, 7.679575621440193e-05, 0.00011217545265442729, 0.00021543206510472393, 0.00015353515890290274]","[0.7885375494071146, 0.9683794466403162, 0.9634387351778656, 0.9288537549407114, 0.9169960474308301, 0.9347826086956521, 0.8932806324110673, 0.9229249011857708, 0.766798418972332, 0.9624505928853755, 0.9476284584980237, 0.9604743083003953, 0.7460474308300395, 0.9723320158102767, 0.775691699604743, 0.9169960474308301, 0.9249011857707511, 0.8577075098814229, 0.9634387351778656, 0.9258893280632412, 0.9130434782608695, 0.9673913043478262, 0.9535573122529646, 0.9545454545454547, 0.9288537549407114, 0.9021739130434783, 0.9407114624505929, 0.8913043478260869, 0.9041501976284586, 0.8863636363636364]","[0.6996047430830039, 0.8656126482213439, 0.8735177865612648, 0.8260869565217391, 0.7944664031620553, 0.8102766798418973, 0.7786561264822134, 0.8023715415019763, 0.691699604743083, 0.8972332015810277, 0.83399209486166, 0.857707509881423, 0.6521739130434783, 0.8735177865612648, 0.6442687747035574, 0.83399209486166, 0.7944664031620553, 0.7470355731225297, 0.8814229249011858, 0.7865612648221344, 0.7865612648221344, 0.8735177865612648, 0.841897233201581, 0.8498023715415021, 0.8023715415019763, 0.8260869565217391, 0.8260869565217391, 0.7549407114624506, 0.7707509881422926, 0.7865612648221344]","[1.0, 1.0, 1.0, 1.0, 1.0, 1.0, 1.0, 1.0, 1.0, 1.0, 1.0, 1.0, 1.0, 1.0, 1.0, 1.0, 1.0, 1.0, 1.0, 1.0, 1.0, 1.0, 1.0, 1.0, 1.0, 1.0, 1.0, 1.0, 1.0, 1.0]","[0.6, 0.8, 0.6, 0.8, 0.8, 0.8, 0.8, 0.8, 0.8, 1.0, 0.6, 0.8, 0.8, 0.8, 0.6, 1.0, 0.8, 1.0, 0.8, 0.8, 0.8, 0.8, 0.6, 0.8, 0.8, 0.6, 0.8, 0.8, 0.8, 0.6]"
credit,mlp,1000,9,23,b4_antithetic,0.00024729351970968565,1.7412136632660273e-05,1.075189216129068e-05,7.570494188113162e-07,0.00024100543416427913,0.0002532205383401949,0.6528001309131416,0.8317193675889327,0.023213493473002954,0.8233193346508564,0.8399637681159421,0.6706192358366271,0.025925425826084515,1.0,0.0,0.8000000000000003,2.220446049250313e-16,5.145474620675584e-07,0.0,1000.0,0.1818831000001713,0.0021235912435034763,1000.0,"[0.0002239309997204893, 0.00027781667149329127, 0.00023046419653947257, 0.0002348036368267734, 0.0002080278080275524, 0.00025480426467285413, 0.00025401554707462764, 0.0002441721683243603, 0.0002435268264509525, 0.000258909257167911, 0.00027729052900164086, 0.0002510953413321733, 0.0002459411286063293, 0.00024549860215547725, 0.00026493837038624326, 0.00024321279366021134, 0.00023188526515673363, 0.00026106479691761423, 0.00021224478991046868, 0.0002662712828328267, 0.00024469678138559856, 0.0002762479482849854, 0.00023909272286897976, 0.0002596637243929992, 0.0002464505969883023, 0.0002261053781945813, 0.00025535194760314684, 0.00026174002182723777, 0.00022948166933422188, 0.00025006052415251303]","[0.825098814229249, 0.8280632411067194, 0.8656126482213439, 0.8132411067193677, 0.7875494071146245, 0.8557312252964427, 0.8181818181818183, 0.83300395256917, 0.8596837944664032, 0.8191699604743082, 0.825098814229249, 0.8359683794466403, 0.808300395256917, 0.8102766798418973, 0.8409090909090908, 0.874505928853755, 0.8270750988142292, 0.8359683794466403, 0.7677865612648223, 0.8468379446640316, 0.8567193675889329, 0.8290513833992096, 0.8517786561264822, 0.8458498023715416, 0.8201581027667983, 0.8221343873517787, 0.8695652173913043, 0.8280632411067194, 0.8073122529644269, 0.8428853754940712]","[0.6758893280632412, 0.6521739130434783, 0.7233201581027668, 0.6442687747035574, 0.6442687747035574, 0.6996047430830039, 0.6679841897233202, 0.6679841897233202, 0.6758893280632412, 0.6442687747035574, 0.6600790513833992, 0.6600790513833992, 0.6679841897233202, 0.6600790513833992, 0.6837944664031621, 0.7075098814229249, 0.6758893280632412, 0.6758893280632412, 0.5889328063241107, 0.6837944664031621, 0.6996047430830039, 0.6600790513833992, 0.691699604743083, 0.6758893280632412, 0.6600790513833992, 0.6837944664031621, 0.7154150197628459, 0.6442687747035574, 0.6442687747035574, 0.6837944664031621]","[1.0, 1.0, 1.0, 1.0, 1.0, 1.0, 1.0, 1.0, 1.0, 1.0, 1.0, 1.0, 1.0, 1.0, 1.0, 1.0, 1.0, 1.0, 1.0, 1.0, 1.0, 1.0, 1.0, 1.0, 1.0, 1.0, 1.0, 1.0, 1.0, 1.0]","[0.8, 0.8, 0.8, 0.8, 0.8, 0.8, 0.8, 0.8, 0.8, 0.8, 0.8, 0.8, 0.8, 0.8, 0.8, 0.8, 0.8, 0.8, 0.8, 0.8, 0.8, 0.8, 0.8, 0.8, 0.8, 0.8, 0.8, 0.8, 0.8, 0.8]"
